{
"type": "FeatureCollection",
"name": "強震計（地下）",
"crs": { "type": "name", "properties": { "name": "urn:ogc:def:crs:OGC:1.3:CRS84" } },
"features": [
{ "type": "Feature", "properties": { "観測の種類": "強震計（地下）", "name": "相良", "観測点名ローマ字": "Sagara", "観測点コード": "SGR", "緯度（度）": 34.6777, "経度（度）": 138.1829, "高さ（ｍ）": 107, "測器の深度（ｍ）": 250.0, "維持管理機関名": "東京大学地震研究所", "維持管理機関名（英語）": null, "観測開始年（西暦）": 1995, "同月": 4, "観測機器名または観測項目": "SMAC-MDU" }, "geometry": { "type": "Point", "coordinates": [ 138.1829, 34.6777 ] } },
{ "type": "Feature", "properties": { "観測の種類": "強震計（地下）", "name": "新井", "観測点名ローマ字": "Arai", "観測点コード": "IAR", "緯度（度）": 34.9724, "経度（度）": 139.12, "高さ（ｍ）": 7, "測器の深度（ｍ）": 150.0, "維持管理機関名": "東京大学地震研究所", "維持管理機関名（英語）": null, "観測開始年（西暦）": 1994, "同月": 6, "観測機器名または観測項目": "SMAC-MDU" }, "geometry": { "type": "Point", "coordinates": [ 139.12, 34.9724 ] } },
{ "type": "Feature", "properties": { "観測の種類": "強震計（地下）", "name": "久野農協", "観測点名ローマ字": "Kuno-Nokyo", "観測点コード": "KNS", "緯度（度）": 35.2697, "経度（度）": 139.1484, "高さ（ｍ）": 15, "測器の深度（ｍ）": 30.0, "維持管理機関名": "東京大学地震研究所", "維持管理機関名（英語）": null, "観測開始年（西暦）": 1990, "同月": 2, "観測機器名または観測項目": "SMAC-MDU" }, "geometry": { "type": "Point", "coordinates": [ 139.1484, 35.2697 ] } },
{ "type": "Feature", "properties": { "観測の種類": "強震計（地下）", "name": "久野農協", "観測点名ローマ字": "Kuno-Nokyo", "観測点コード": "KNS", "緯度（度）": 35.2697, "経度（度）": 139.1484, "高さ（ｍ）": 15, "測器の深度（ｍ）": 100.0, "維持管理機関名": "東京大学地震研究所", "維持管理機関名（英語）": null, "観測開始年（西暦）": 1990, "同月": 2, "観測機器名または観測項目": "SMAC-MDU" }, "geometry": { "type": "Point", "coordinates": [ 139.1484, 35.2697 ] } },
{ "type": "Feature", "properties": { "観測の種類": "強震計（地下）", "name": "国府津", "観測点名ローマ字": "Kouzu", "観測点コード": "KHZ", "緯度（度）": 35.29, "経度（度）": 139.2079, "高さ（ｍ）": 61, "測器の深度（ｍ）": 150.0, "維持管理機関名": "東京大学地震研究所", "維持管理機関名（英語）": null, "観測開始年（西暦）": 1997, "同月": 2, "観測機器名または観測項目": "SMAC-MDU" }, "geometry": { "type": "Point", "coordinates": [ 139.2079, 35.29 ] } },
{ "type": "Feature", "properties": { "観測の種類": "強震計（地下）", "name": "成田", "観測点名ローマ字": "Naruda", "観測点コード": "NRD", "緯度（度）": 35.2871, "経度（度）": 139.1668, "高さ（ｍ）": 16, "測器の深度（ｍ）": 49.0, "維持管理機関名": "東京大学地震研究所", "維持管理機関名（英語）": null, "観測開始年（西暦）": 1987, "同月": 3, "観測機器名または観測項目": "SMAC-MDU" }, "geometry": { "type": "Point", "coordinates": [ 139.1668, 35.2871 ] } },
{ "type": "Feature", "properties": { "観測の種類": "強震計（地下）", "name": "酒匂", "観測点名ローマ字": "Sakawa", "観測点コード": "SKW", "緯度（度）": 35.2695, "経度（度）": 139.1937, "高さ（ｍ）": 8, "測器の深度（ｍ）": 58.0, "維持管理機関名": "東京大学地震研究所", "維持管理機関名（英語）": null, "観測開始年（西暦）": 1982, "同月": 12, "観測機器名または観測項目": "SMAC-MDU" }, "geometry": { "type": "Point", "coordinates": [ 139.1937, 35.2695 ] } },
{ "type": "Feature", "properties": { "観測の種類": "強震計（地下）", "name": "集中局", "観測点名ローマ字": "Shuchukyoku", "観測点コード": "CTS", "緯度（度）": 35.2779, "経度（度）": 139.1883, "高さ（ｍ）": 11, "測器の深度（ｍ）": 30.0, "維持管理機関名": "東京大学地震研究所", "維持管理機関名（英語）": null, "観測開始年（西暦）": 1987, "同月": 3, "観測機器名または観測項目": "AJE-8200" }, "geometry": { "type": "Point", "coordinates": [ 139.1883, 35.2779 ] } },
{ "type": "Feature", "properties": { "観測の種類": "強震計（地下）", "name": "集中局", "観測点名ローマ字": "Shuchukyoku", "観測点コード": "CTS", "緯度（度）": 35.2779, "経度（度）": 139.1883, "高さ（ｍ）": 11, "測器の深度（ｍ）": 100.0, "維持管理機関名": "東京大学地震研究所", "維持管理機関名（英語）": null, "観測開始年（西暦）": 1987, "同月": 3, "観測機器名または観測項目": "AJE-8200" }, "geometry": { "type": "Point", "coordinates": [ 139.1883, 35.2779 ] } },
{ "type": "Feature", "properties": { "観測の種類": "強震計（地下）", "name": "集中局", "観測点名ローマ字": "Shuchukyoku", "観測点コード": "CTS", "緯度（度）": 35.2779, "経度（度）": 139.1883, "高さ（ｍ）": 11, "測器の深度（ｍ）": 467.0, "維持管理機関名": "東京大学地震研究所", "維持管理機関名（英語）": null, "観測開始年（西暦）": 1987, "同月": 3, "観測機器名または観測項目": "AJE-8200" }, "geometry": { "type": "Point", "coordinates": [ 139.1883, 35.2779 ] } },
{ "type": "Feature", "properties": { "観測の種類": "強震計（地下）", "name": "西湘高総合", "観測点名ローマ字": "Seishoko-Sogo", "観測点コード": "SH2", "緯度（度）": 35.2743, "経度（度）": 139.1862, "高さ（ｍ）": 10, "測器の深度（ｍ）": 35.0, "維持管理機関名": "東京大学地震研究所", "維持管理機関名（英語）": null, "観測開始年（西暦）": 1999, "同月": 9, "観測機器名または観測項目": "AJE-8200" }, "geometry": { "type": "Point", "coordinates": [ 139.1862, 35.2743 ] } },
{ "type": "Feature", "properties": { "観測の種類": "強震計（地下）", "name": "西湘高総合", "観測点名ローマ字": "Seishoko-Sogo", "観測点コード": "SH2", "緯度（度）": 35.2743, "経度（度）": 139.1862, "高さ（ｍ）": 10, "測器の深度（ｍ）": 70.0, "維持管理機関名": "東京大学地震研究所", "維持管理機関名（英語）": null, "観測開始年（西暦）": 1999, "同月": 9, "観測機器名または観測項目": "AJE-8200" }, "geometry": { "type": "Point", "coordinates": [ 139.1862, 35.2743 ] } },
{ "type": "Feature", "properties": { "観測の種類": "強震計（地下）", "name": "浮島1", "観測点名ローマ字": "Ukishima1", "観測点コード": "UK1", "緯度（度）": 35.5214, "経度（度）": 139.7871, "高さ（ｍ）": 2, "測器の深度（ｍ）": 69.0, "維持管理機関名": "東京大学地震研究所", "維持管理機関名（英語）": null, "観測開始年（西暦）": 2008, "同月": 6, "観測機器名または観測項目": "SMAC-MDU" }, "geometry": { "type": "Point", "coordinates": [ 139.7871, 35.5214 ] } },
{ "type": "Feature", "properties": { "観測の種類": "強震計（地下）", "name": "浮島1", "観測点名ローマ字": "Ukishima1", "観測点コード": "UK1", "緯度（度）": 35.5214, "経度（度）": 139.7871, "高さ（ｍ）": 2, "測器の深度（ｍ）": 129.0, "維持管理機関名": "東京大学地震研究所", "維持管理機関名（英語）": null, "観測開始年（西暦）": 2008, "同月": 6, "観測機器名または観測項目": "SMAC-MDU" }, "geometry": { "type": "Point", "coordinates": [ 139.7871, 35.5214 ] } },
{ "type": "Feature", "properties": { "観測の種類": "強震計（地下）", "name": "油壺地殻変動観測所", "観測点名ローマ字": "Aburatsubo-Chikakuhendokansokujo", "観測点コード": "ABR", "緯度（度）": 35.1606, "経度（度）": 139.614, "高さ（ｍ）": 27, "測器の深度（ｍ）": 150.0, "維持管理機関名": "東京大学地震研究所", "維持管理機関名（英語）": null, "観測開始年（西暦）": 1997, "同月": 1, "観測機器名または観測項目": "SMAC-MDU" }, "geometry": { "type": "Point", "coordinates": [ 139.614, 35.1606 ] } },
{ "type": "Feature", "properties": { "観測の種類": "強震計（地下）", "name": "松本神田", "観測点名ローマ字": "Matsumoto-Kanda", "観測点コード": "KND", "緯度（度）": 36.2155, "経度（度）": 137.9881, "高さ（ｍ）": 599, "測器の深度（ｍ）": 100.0, "維持管理機関名": "東京大学地震研究所", "維持管理機関名（英語）": null, "観測開始年（西暦）": 2005, "同月": 12, "観測機器名または観測項目": "SMAC-MDU" }, "geometry": { "type": "Point", "coordinates": [ 137.9881, 36.2155 ] } },
{ "type": "Feature", "properties": { "観測の種類": "強震計（地下）", "name": "松本島立", "観測点名ローマ字": "Matsumoto-Shimadachi", "観測点コード": "SMD", "緯度（度）": 36.2205, "経度（度）": 137.9414, "高さ（ｍ）": 593, "測器の深度（ｍ）": 200.0, "維持管理機関名": "東京大学地震研究所", "維持管理機関名（英語）": null, "観測開始年（西暦）": 2005, "同月": 12, "観測機器名または観測項目": "SMAC-MDU" }, "geometry": { "type": "Point", "coordinates": [ 137.9414, 36.2205 ] } },
{ "type": "Feature", "properties": { "観測の種類": "強震計（地下）", "name": "雄武", "観測点名ローマ字": "OUMU", "観測点コード": "ABSH01", "緯度（度）": 44.5276, "経度（度）": 142.8444, "高さ（ｍ）": 105, "測器の深度（ｍ）": 100.0, "維持管理機関名": "防災科学技術研究所", "維持管理機関名（英語）": "NIED", "観測開始年（西暦）": 2000, "同月": 8, "観測機器名または観測項目": "強震計" }, "geometry": { "type": "Point", "coordinates": [ 142.8444, 44.5276 ] } },
{ "type": "Feature", "properties": { "観測の種類": "強震計（地下）", "name": "興部西", "観測点名ローマ字": "OKOPPE-W", "観測点コード": "ABSH02", "緯度（度）": 44.4234, "経度（度）": 143.0264, "高さ（ｍ）": 38, "測器の深度（ｍ）": 113.0, "維持管理機関名": "防災科学技術研究所", "維持管理機関名（英語）": "NIED", "観測開始年（西暦）": 2000, "同月": 8, "観測機器名または観測項目": "強震計" }, "geometry": { "type": "Point", "coordinates": [ 143.0264, 44.4234 ] } },
{ "type": "Feature", "properties": { "観測の種類": "強震計（地下）", "name": "興部東", "観測点名ローマ字": "OKOPPE-E", "観測点コード": "ABSH03", "緯度（度）": 44.3843, "経度（度）": 143.2407, "高さ（ｍ）": 30, "測器の深度（ｍ）": 100.0, "維持管理機関名": "防災科学技術研究所", "維持管理機関名（英語）": "NIED", "観測開始年（西暦）": 2000, "同月": 8, "観測機器名または観測項目": "強震計" }, "geometry": { "type": "Point", "coordinates": [ 143.2407, 44.3843 ] } },
{ "type": "Feature", "properties": { "観測の種類": "強震計（地下）", "name": "滝上北", "観測点名ローマ字": "TAKINOUE-N", "観測点コード": "ABSH04", "緯度（度）": 44.192, "経度（度）": 143.0767, "高さ（ｍ）": 134, "測器の深度（ｍ）": 200.0, "維持管理機関名": "防災科学技術研究所", "維持管理機関名（英語）": "NIED", "観測開始年（西暦）": 2000, "同月": 8, "観測機器名または観測項目": "強震計" }, "geometry": { "type": "Point", "coordinates": [ 143.0767, 44.192 ] } },
{ "type": "Feature", "properties": { "観測の種類": "強震計（地下）", "name": "滝上南", "観測点名ローマ字": "TAKINOUE-S", "観測点コード": "ABSH05", "緯度（度）": 44.1146, "経度（度）": 143.0111, "高さ（ｍ）": 255, "測器の深度（ｍ）": 106.0, "維持管理機関名": "防災科学技術研究所", "維持管理機関名（英語）": "NIED", "観測開始年（西暦）": 2000, "同月": 8, "観測機器名または観測項目": "強震計" }, "geometry": { "type": "Point", "coordinates": [ 143.0111, 44.1146 ] } },
{ "type": "Feature", "properties": { "観測の種類": "強震計（地下）", "name": "湧別北", "観測点名ローマ字": "YUUBETSU-N", "観測点コード": "ABSH06", "緯度（度）": 44.2146, "経度（度）": 143.6202, "高さ（ｍ）": 7, "測器の深度（ｍ）": 100.0, "維持管理機関名": "防災科学技術研究所", "維持管理機関名（英語）": "NIED", "観測開始年（西暦）": 2000, "同月": 9, "観測機器名または観測項目": "強震計" }, "geometry": { "type": "Point", "coordinates": [ 143.6202, 44.2146 ] } },
{ "type": "Feature", "properties": { "観測の種類": "強震計（地下）", "name": "白滝", "観測点名ローマ字": "SHIRATAKI", "観測点コード": "ABSH07", "緯度（度）": 43.8494, "経度（度）": 143.0861, "高さ（ｍ）": 699, "測器の深度（ｍ）": 127.0, "維持管理機関名": "防災科学技術研究所", "維持管理機関名（英語）": "NIED", "観測開始年（西暦）": 2000, "同月": 8, "観測機器名または観測項目": "強震計" }, "geometry": { "type": "Point", "coordinates": [ 143.0861, 43.8494 ] } },
{ "type": "Feature", "properties": { "観測の種類": "強震計（地下）", "name": "斜里北", "観測点名ローマ字": "SYARI-N", "観測点コード": "ABSH08", "緯度（度）": 44.064, "経度（度）": 144.9935, "高さ（ｍ）": 65, "測器の深度（ｍ）": 105.0, "維持管理機関名": "防災科学技術研究所", "維持管理機関名（英語）": "NIED", "観測開始年（西暦）": 2000, "同月": 8, "観測機器名または観測項目": "強震計" }, "geometry": { "type": "Point", "coordinates": [ 144.9935, 44.064 ] } },
{ "type": "Feature", "properties": { "観測の種類": "強震計（地下）", "name": "斜里南", "観測点名ローマ字": "SYARI-S", "観測点コード": "ABSH09", "緯度（度）": 43.9269, "経度（度）": 144.8071, "高さ（ｍ）": 40, "測器の深度（ｍ）": 157.0, "維持管理機関名": "防災科学技術研究所", "維持管理機関名（英語）": "NIED", "観測開始年（西暦）": 2000, "同月": 8, "観測機器名または観測項目": "強震計" }, "geometry": { "type": "Point", "coordinates": [ 144.8071, 43.9269 ] } },
{ "type": "Feature", "properties": { "観測の種類": "強震計（地下）", "name": "佐呂間", "観測点名ローマ字": "SAROMA", "観測点コード": "ABSH10", "緯度（度）": 44.0813, "経度（度）": 143.9455, "高さ（ｍ）": 5, "測器の深度（ｍ）": 300.0, "維持管理機関名": "防災科学技術研究所", "維持管理機関名（英語）": "NIED", "観測開始年（西暦）": 2000, "同月": 8, "観測機器名または観測項目": "強震計" }, "geometry": { "type": "Point", "coordinates": [ 143.9455, 44.0813 ] } },
{ "type": "Feature", "properties": { "観測の種類": "強震計（地下）", "name": "女満別", "観測点名ローマ字": "MEMANBETSU", "観測点コード": "ABSH11", "緯度（度）": 43.9144, "経度（度）": 144.1913, "高さ（ｍ）": 40, "測器の深度（ｍ）": 122.0, "維持管理機関名": "防災科学技術研究所", "維持管理機関名（英語）": "NIED", "観測開始年（西暦）": 2000, "同月": 8, "観測機器名または観測項目": "強震計" }, "geometry": { "type": "Point", "coordinates": [ 144.1913, 43.9144 ] } },
{ "type": "Feature", "properties": { "観測の種類": "強震計（地下）", "name": "小清水", "観測点名ローマ字": "KOSHIMIZU", "観測点コード": "ABSH12", "緯度（度）": 43.8566, "経度（度）": 144.4574, "高さ（ｍ）": 25, "測器の深度（ｍ）": 120.0, "維持管理機関名": "防災科学技術研究所", "維持管理機関名（英語）": "NIED", "観測開始年（西暦）": 2000, "同月": 8, "観測機器名または観測項目": "強震計" }, "geometry": { "type": "Point", "coordinates": [ 144.4574, 43.8566 ] } },
{ "type": "Feature", "properties": { "観測の種類": "強震計（地下）", "name": "留辺蘂", "観測点名ローマ字": "RUBESHIBE", "観測点コード": "ABSH13", "緯度（度）": 43.7419, "経度（度）": 143.4514, "高さ（ｍ）": 321, "測器の深度（ｍ）": 105.0, "維持管理機関名": "防災科学技術研究所", "維持管理機関名（英語）": "NIED", "観測開始年（西暦）": 2000, "同月": 8, "観測機器名または観測項目": "強震計" }, "geometry": { "type": "Point", "coordinates": [ 143.4514, 43.7419 ] } },
{ "type": "Feature", "properties": { "観測の種類": "強震計（地下）", "name": "美幌", "観測点名ローマ字": "BIHORO", "観測点コード": "ABSH14", "緯度（度）": 43.7228, "経度（度）": 144.1835, "高さ（ｍ）": 87, "測器の深度（ｍ）": 103.0, "維持管理機関名": "防災科学技術研究所", "維持管理機関名（英語）": "NIED", "観測開始年（西暦）": 2000, "同月": 8, "観測機器名または観測項目": "強震計" }, "geometry": { "type": "Point", "coordinates": [ 144.1835, 43.7228 ] } },
{ "type": "Feature", "properties": { "観測の種類": "強震計（地下）", "name": "置戸東", "観測点名ローマ字": "OKETO-E", "観測点コード": "ABSH15", "緯度（度）": 43.6352, "経度（度）": 143.51, "高さ（ｍ）": 292, "測器の深度（ｍ）": 100.0, "維持管理機関名": "防災科学技術研究所", "維持管理機関名（英語）": "NIED", "観測開始年（西暦）": 2000, "同月": 8, "観測機器名または観測項目": "強震計" }, "geometry": { "type": "Point", "coordinates": [ 143.51, 43.6352 ] } },
{ "type": "Feature", "properties": { "観測の種類": "強震計（地下）", "name": "平取西", "観測点名ローマ字": "BIRATORI-W", "観測点コード": "HDKH01", "緯度（度）": 42.7031, "経度（度）": 142.2296, "高さ（ｍ）": 82, "測器の深度（ｍ）": 100.0, "維持管理機関名": "防災科学技術研究所", "維持管理機関名（英語）": "NIED", "観測開始年（西暦）": 2000, "同月": 8, "観測機器名または観測項目": "強震計" }, "geometry": { "type": "Point", "coordinates": [ 142.2296, 42.7031 ] } },
{ "type": "Feature", "properties": { "観測の種類": "強震計（地下）", "name": "平取東", "観測点名ローマ字": "BIRATORI-E", "観測点コード": "HDKH02", "緯度（度）": 42.7061, "経度（度）": 142.4054, "高さ（ｍ）": 230, "測器の深度（ｍ）": 110.0, "維持管理機関名": "防災科学技術研究所", "維持管理機関名（英語）": "NIED", "観測開始年（西暦）": 2000, "同月": 8, "観測機器名または観測項目": "強震計" }, "geometry": { "type": "Point", "coordinates": [ 142.4054, 42.7061 ] } },
{ "type": "Feature", "properties": { "観測の種類": "強震計（地下）", "name": "門別東", "観測点名ローマ字": "MONBETSU", "観測点コード": "HDKH03", "緯度（度）": 42.5934, "経度（度）": 142.3521, "高さ（ｍ）": 160, "測器の深度（ｍ）": 106.0, "維持管理機関名": "防災科学技術研究所", "維持管理機関名（英語）": "NIED", "観測開始年（西暦）": 2000, "同月": 8, "観測機器名または観測項目": "強震計" }, "geometry": { "type": "Point", "coordinates": [ 142.3521, 42.5934 ] } },
{ "type": "Feature", "properties": { "観測の種類": "強震計（地下）", "name": "門別西", "観測点名ローマ字": "MONBETSU-W", "観測点コード": "HDKH04", "緯度（度）": 42.5126, "経度（度）": 142.0381, "高さ（ｍ）": 10, "測器の深度（ｍ）": 220.0, "維持管理機関名": "防災科学技術研究所", "維持管理機関名（英語）": "NIED", "観測開始年（西暦）": 2001, "同月": 3, "観測機器名または観測項目": "強震計" }, "geometry": { "type": "Point", "coordinates": [ 142.0381, 42.5126 ] } },
{ "type": "Feature", "properties": { "観測の種類": "強震計（地下）", "name": "新冠", "観測点名ローマ字": "NIIKAPPU", "観測点コード": "HDKH05", "緯度（度）": 42.5977, "経度（度）": 142.5446, "高さ（ｍ）": 305, "測器の深度（ｍ）": 100.0, "維持管理機関名": "防災科学技術研究所", "維持管理機関名（英語）": "NIED", "観測開始年（西暦）": 2002, "同月": 12, "観測機器名または観測項目": "強震計" }, "geometry": { "type": "Point", "coordinates": [ 142.5446, 42.5977 ] } },
{ "type": "Feature", "properties": { "観測の種類": "強震計（地下）", "name": "静内", "観測点名ローマ字": "SHIZUNAI", "観測点コード": "HDKH06", "緯度（度）": 42.3498, "経度（度）": 142.3572, "高さ（ｍ）": 10, "測器の深度（ｍ）": 115.0, "維持管理機関名": "防災科学技術研究所", "維持管理機関名（英語）": "NIED", "観測開始年（西暦）": 2000, "同月": 12, "観測機器名または観測項目": "強震計" }, "geometry": { "type": "Point", "coordinates": [ 142.3572, 42.3498 ] } },
{ "type": "Feature", "properties": { "観測の種類": "強震計（地下）", "name": "様似", "観測点名ローマ字": "SAMANI", "観測点コード": "HDKH07", "緯度（度）": 42.133, "経度（度）": 142.9164, "高さ（ｍ）": 40, "測器の深度（ｍ）": 101.0, "維持管理機関名": "防災科学技術研究所", "維持管理機関名（英語）": "NIED", "観測開始年（西暦）": 2001, "同月": 1, "観測機器名または観測項目": "強震計" }, "geometry": { "type": "Point", "coordinates": [ 142.9164, 42.133 ] } },
{ "type": "Feature", "properties": { "観測の種類": "強震計（地下）", "name": "北檜山", "観測点名ローマ字": "KITAHIYAMA", "観測点コード": "HYMH01", "緯度（度）": 42.4851, "経度（度）": 139.9678, "高さ（ｍ）": 167, "測器の深度（ｍ）": 112.0, "維持管理機関名": "防災科学技術研究所", "維持管理機関名（英語）": "NIED", "観測開始年（西暦）": 2000, "同月": 12, "観測機器名または観測項目": "強震計" }, "geometry": { "type": "Point", "coordinates": [ 139.9678, 42.4851 ] } },
{ "type": "Feature", "properties": { "観測の種類": "強震計（地下）", "name": "厚沢部", "観測点名ローマ字": "ASSABU", "観測点コード": "HYMH02", "緯度（度）": 41.9856, "経度（度）": 140.3087, "高さ（ｍ）": 85, "測器の深度（ｍ）": 101.0, "維持管理機関名": "防災科学技術研究所", "維持管理機関名（英語）": "NIED", "観測開始年（西暦）": 2000, "同月": 12, "観測機器名または観測項目": "強震計" }, "geometry": { "type": "Point", "coordinates": [ 140.3087, 41.9856 ] } },
{ "type": "Feature", "properties": { "観測の種類": "強震計（地下）", "name": "熊石", "観測点名ローマ字": "KUMAISHI", "観測点コード": "HYMH03", "緯度（度）": 42.1344, "経度（度）": 140.004, "高さ（ｍ）": 70, "測器の深度（ｍ）": 100.0, "維持管理機関名": "防災科学技術研究所", "維持管理機関名（英語）": "NIED", "観測開始年（西暦）": 2000, "同月": 12, "観測機器名または観測項目": "強震計" }, "geometry": { "type": "Point", "coordinates": [ 140.004, 42.1344 ] } },
{ "type": "Feature", "properties": { "観測の種類": "強震計（地下）", "name": "追分", "観測点名ローマ字": "OIWAKE", "観測点コード": "IBUH01", "緯度（度）": 42.8739, "経度（度）": 141.8191, "高さ（ｍ）": 60, "測器の深度（ｍ）": 101.0, "維持管理機関名": "防災科学技術研究所", "維持管理機関名（英語）": "NIED", "観測開始年（西暦）": 2000, "同月": 12, "観測機器名または観測項目": "強震計" }, "geometry": { "type": "Point", "coordinates": [ 141.8191, 42.8739 ] } },
{ "type": "Feature", "properties": { "観測の種類": "強震計（地下）", "name": "穂別", "観測点名ローマ字": "HOBETSU", "観測点コード": "IBUH02", "緯度（度）": 42.8714, "経度（度）": 142.1285, "高さ（ｍ）": 175, "測器の深度（ｍ）": 102.0, "維持管理機関名": "防災科学技術研究所", "維持管理機関名（英語）": "NIED", "観測開始年（西暦）": 2001, "同月": 3, "観測機器名または観測項目": "強震計" }, "geometry": { "type": "Point", "coordinates": [ 142.1285, 42.8714 ] } },
{ "type": "Feature", "properties": { "観測の種類": "強震計（地下）", "name": "厚真", "観測点名ローマ字": "ATSUMA", "観測点コード": "IBUH03", "緯度（度）": 42.6486, "経度（度）": 141.8641, "高さ（ｍ）": 10, "測器の深度（ｍ）": 153.0, "維持管理機関名": "防災科学技術研究所", "維持管理機関名（英語）": "NIED", "観測開始年（西暦）": 2000, "同月": 12, "観測機器名または観測項目": "強震計" }, "geometry": { "type": "Point", "coordinates": [ 141.8641, 42.6486 ] } },
{ "type": "Feature", "properties": { "観測の種類": "強震計（地下）", "name": "豊浦", "観測点名ローマ字": "TOYOURA", "観測点コード": "IBUH04", "緯度（度）": 42.6415, "経度（度）": 140.665, "高さ（ｍ）": 214, "測器の深度（ｍ）": 102.0, "維持管理機関名": "防災科学技術研究所", "維持管理機関名（英語）": "NIED", "観測開始年（西暦）": 2000, "同月": 12, "観測機器名または観測項目": "強震計" }, "geometry": { "type": "Point", "coordinates": [ 140.665, 42.6415 ] } },
{ "type": "Feature", "properties": { "観測の種類": "強震計（地下）", "name": "白老", "観測点名ローマ字": "SHIRAOI", "観測点コード": "IBUH05", "緯度（度）": 42.5629, "経度（度）": 141.3497, "高さ（ｍ）": 20, "測器の深度（ｍ）": 177.0, "維持管理機関名": "防災科学技術研究所", "維持管理機関名（英語）": "NIED", "観測開始年（西暦）": 2000, "同月": 12, "観測機器名または観測項目": "強震計" }, "geometry": { "type": "Point", "coordinates": [ 141.3497, 42.5629 ] } },
{ "type": "Feature", "properties": { "観測の種類": "強震計（地下）", "name": "室蘭", "観測点名ローマ字": "MURORAN", "観測点コード": "IBUH06", "緯度（度）": 42.4116, "経度（度）": 141.0017, "高さ（ｍ）": 400, "測器の深度（ｍ）": 562.0, "維持管理機関名": "防災科学技術研究所", "維持管理機関名（英語）": "NIED", "観測開始年（西暦）": 2000, "同月": 12, "観測機器名または観測項目": "強震計" }, "geometry": { "type": "Point", "coordinates": [ 141.0017, 42.4116 ] } },
{ "type": "Feature", "properties": { "観測の種類": "強震計（地下）", "name": "大滝", "観測点名ローマ字": "OOTAKI", "観測点コード": "IBUH07", "緯度（度）": 42.6476, "経度（度）": 141.0643, "高さ（ｍ）": 350, "測器の深度（ｍ）": 200.0, "維持管理機関名": "防災科学技術研究所", "維持管理機関名（英語）": "NIED", "観測開始年（西暦）": 2000, "同月": 12, "観測機器名または観測項目": "強震計" }, "geometry": { "type": "Point", "coordinates": [ 141.0643, 42.6476 ] } },
{ "type": "Feature", "properties": { "観測の種類": "強震計（地下）", "name": "当別", "観測点名ローマ字": "TOUBETSU", "観測点コード": "IKRH01", "緯度（度）": 43.4087, "経度（度）": 141.5836, "高さ（ｍ）": 80, "測器の深度（ｍ）": 200.0, "維持管理機関名": "防災科学技術研究所", "維持管理機関名（英語）": "NIED", "観測開始年（西暦）": 2000, "同月": 8, "観測機器名または観測項目": "強震計" }, "geometry": { "type": "Point", "coordinates": [ 141.5836, 43.4087 ] } },
{ "type": "Feature", "properties": { "観測の種類": "強震計（地下）", "name": "新篠津", "観測点名ローマ字": "SHINSHINOTSU", "観測点コード": "IKRH02", "緯度（度）": 43.2204, "経度（度）": 141.6523, "高さ（ｍ）": 10, "測器の深度（ｍ）": 127.0, "維持管理機関名": "防災科学技術研究所", "維持管理機関名（英語）": "NIED", "観測開始年（西暦）": 2000, "同月": 8, "観測機器名または観測項目": "強震計" }, "geometry": { "type": "Point", "coordinates": [ 141.6523, 43.2204 ] } },
{ "type": "Feature", "properties": { "観測の種類": "強震計（地下）", "name": "千歳", "観測点名ローマ字": "CHITOSE", "観測点コード": "IKRH03", "緯度（度）": 42.888, "経度（度）": 141.6399, "高さ（ｍ）": 10, "測器の深度（ｍ）": 252.0, "維持管理機関名": "防災科学技術研究所", "維持管理機関名（英語）": "NIED", "観測開始年（西暦）": 2000, "同月": 12, "観測機器名または観測項目": "強震計" }, "geometry": { "type": "Point", "coordinates": [ 141.6399, 42.888 ] } },
{ "type": "Feature", "properties": { "観測の種類": "強震計（地下）", "name": "美深北", "観測点名ローマ字": "BIFUKA-N", "観測点コード": "KKWH01", "緯度（度）": 44.5973, "経度（度）": 142.3036, "高さ（ｍ）": 61, "測器の深度（ｍ）": 111.0, "維持管理機関名": "防災科学技術研究所", "維持管理機関名（英語）": "NIED", "観測開始年（西暦）": 2000, "同月": 8, "観測機器名または観測項目": "強震計" }, "geometry": { "type": "Point", "coordinates": [ 142.3036, 44.5973 ] } },
{ "type": "Feature", "properties": { "観測の種類": "強震計（地下）", "name": "美深東", "観測点名ローマ字": "BIFUKA-E", "観測点コード": "KKWH02", "緯度（度）": 44.5509, "経度（度）": 142.5736, "高さ（ｍ）": 283, "測器の深度（ｍ）": 112.0, "維持管理機関名": "防災科学技術研究所", "維持管理機関名（英語）": "NIED", "観測開始年（西暦）": 2000, "同月": 8, "観測機器名または観測項目": "強震計" }, "geometry": { "type": "Point", "coordinates": [ 142.5736, 44.5509 ] } },
{ "type": "Feature", "properties": { "観測の種類": "強震計（地下）", "name": "美深西", "観測点名ローマ字": "BIFUKA-W", "観測点コード": "KKWH03", "緯度（度）": 44.4732, "経度（度）": 142.2725, "高さ（ｍ）": 100, "測器の深度（ｍ）": 100.0, "維持管理機関名": "防災科学技術研究所", "維持管理機関名（英語）": "NIED", "観測開始年（西暦）": 2000, "同月": 8, "観測機器名または観測項目": "強震計" }, "geometry": { "type": "Point", "coordinates": [ 142.2725, 44.4732 ] } },
{ "type": "Feature", "properties": { "観測の種類": "強震計（地下）", "name": "名寄", "観測点名ローマ字": "NAYORO", "観測点コード": "KKWH04", "緯度（度）": 44.4376, "経度（度）": 142.4056, "高さ（ｍ）": 84, "測器の深度（ｍ）": 100.0, "維持管理機関名": "防災科学技術研究所", "維持管理機関名（英語）": "NIED", "観測開始年（西暦）": 2000, "同月": 8, "観測機器名または観測項目": "強震計" }, "geometry": { "type": "Point", "coordinates": [ 142.4056, 44.4376 ] } },
{ "type": "Feature", "properties": { "観測の種類": "強震計（地下）", "name": "下川西", "観測点名ローマ字": "SHIMOKAWA-W", "観測点コード": "KKWH05", "緯度（度）": 44.2921, "経度（度）": 142.6303, "高さ（ｍ）": 160, "測器の深度（ｍ）": 300.0, "維持管理機関名": "防災科学技術研究所", "維持管理機関名（英語）": "NIED", "観測開始年（西暦）": 2000, "同月": 8, "観測機器名または観測項目": "強震計" }, "geometry": { "type": "Point", "coordinates": [ 142.6303, 44.2921 ] } },
{ "type": "Feature", "properties": { "観測の種類": "強震計（地下）", "name": "下川東", "観測点名ローマ字": "SHIMOKAWA-E", "観測点コード": "KKWH06", "緯度（度）": 44.3207, "経度（度）": 142.7656, "高さ（ｍ）": 200, "測器の深度（ｍ）": 100.0, "維持管理機関名": "防災科学技術研究所", "維持管理機関名（英語）": "NIED", "観測開始年（西暦）": 2000, "同月": 8, "観測機器名または観測項目": "強震計" }, "geometry": { "type": "Point", "coordinates": [ 142.7656, 44.3207 ] } },
{ "type": "Feature", "properties": { "観測の種類": "強震計（地下）", "name": "富良野", "観測点名ローマ字": "FURANO", "観測点コード": "KKWH07", "緯度（度）": 43.3697, "経度（度）": 142.3409, "高さ（ｍ）": 205, "測器の深度（ｍ）": 109.0, "維持管理機関名": "防災科学技術研究所", "維持管理機関名（英語）": "NIED", "観測開始年（西暦）": 2000, "同月": 8, "観測機器名または観測項目": "強震計" }, "geometry": { "type": "Point", "coordinates": [ 142.3409, 43.3697 ] } },
{ "type": "Feature", "properties": { "観測の種類": "強震計（地下）", "name": "占冠", "観測点名ローマ字": "SHIMUKAPPU", "観測点コード": "KKWH08", "緯度（度）": 43.0406, "経度（度）": 142.6562, "高さ（ｍ）": 569, "測器の深度（ｍ）": 100.0, "維持管理機関名": "防災科学技術研究所", "維持管理機関名（英語）": "NIED", "観測開始年（西暦）": 2000, "同月": 8, "観測機器名または観測項目": "強震計" }, "geometry": { "type": "Point", "coordinates": [ 142.6562, 43.0406 ] } },
{ "type": "Feature", "properties": { "観測の種類": "強震計（地下）", "name": "音威子府", "観測点名ローマ字": "OTOINEPPU", "観測点コード": "KKWH09", "緯度（度）": 44.7745, "経度（度）": 142.2542, "高さ（ｍ）": 70, "測器の深度（ｍ）": 106.0, "維持管理機関名": "防災科学技術研究所", "維持管理機関名（英語）": "NIED", "観測開始年（西暦）": 2000, "同月": 12, "観測機器名または観測項目": "強震計" }, "geometry": { "type": "Point", "coordinates": [ 142.2542, 44.7745 ] } },
{ "type": "Feature", "properties": { "観測の種類": "強震計（地下）", "name": "中川", "観測点名ローマ字": "NAKAGAWA", "観測点コード": "KKWH10", "緯度（度）": 44.6617, "経度（度）": 142.0528, "高さ（ｍ）": 65, "測器の深度（ｍ）": 105.0, "維持管理機関名": "防災科学技術研究所", "維持管理機関名（英語）": "NIED", "観測開始年（西暦）": 2000, "同月": 12, "観測機器名または観測項目": "強震計" }, "geometry": { "type": "Point", "coordinates": [ 142.0528, 44.6617 ] } },
{ "type": "Feature", "properties": { "観測の種類": "強震計（地下）", "name": "和寒", "観測点名ローマ字": "WASSAMU", "観測点コード": "KKWH11", "緯度（度）": 43.9754, "経度（度）": 142.2834, "高さ（ｍ）": 195, "測器の深度（ｍ）": 105.0, "維持管理機関名": "防災科学技術研究所", "維持管理機関名（英語）": "NIED", "観測開始年（西暦）": 2000, "同月": 12, "観測機器名または観測項目": "強震計" }, "geometry": { "type": "Point", "coordinates": [ 142.2834, 43.9754 ] } },
{ "type": "Feature", "properties": { "観測の種類": "強震計（地下）", "name": "美瑛東", "観測点名ローマ字": "BIEI-E", "観測点コード": "KKWH12", "緯度（度）": 43.5038, "経度（度）": 142.6006, "高さ（ｍ）": 450, "測器の深度（ｍ）": 207.0, "維持管理機関名": "防災科学技術研究所", "維持管理機関名（英語）": "NIED", "観測開始年（西暦）": 2001, "同月": 1, "観測機器名または観測項目": "強震計" }, "geometry": { "type": "Point", "coordinates": [ 142.6006, 43.5038 ] } },
{ "type": "Feature", "properties": { "観測の種類": "強震計（地下）", "name": "美瑛西", "観測点名ローマ字": "BIEI-W", "観測点コード": "KKWH13", "緯度（度）": 43.5113, "経度（度）": 142.3906, "高さ（ｍ）": 315, "測器の深度（ｍ）": 168.0, "維持管理機関名": "防災科学技術研究所", "維持管理機関名（英語）": "NIED", "観測開始年（西暦）": 2000, "同月": 12, "観測機器名または観測項目": "強震計" }, "geometry": { "type": "Point", "coordinates": [ 142.3906, 43.5113 ] } },
{ "type": "Feature", "properties": { "観測の種類": "強震計（地下）", "name": "中富良野", "観測点名ローマ字": "NAKAFURANO", "観測点コード": "KKWH14", "緯度（度）": 43.3841, "経度（度）": 142.5245, "高さ（ｍ）": 389, "測器の深度（ｍ）": 150.0, "維持管理機関名": "防災科学技術研究所", "維持管理機関名（英語）": "NIED", "観測開始年（西暦）": 2000, "同月": 12, "観測機器名または観測項目": "強震計" }, "geometry": { "type": "Point", "coordinates": [ 142.5245, 43.3841 ] } },
{ "type": "Feature", "properties": { "観測の種類": "強震計（地下）", "name": "上川", "観測点名ローマ字": "KAMIKAWA", "観測点コード": "KKWH15", "緯度（度）": 43.8546, "経度（度）": 142.7656, "高さ（ｍ）": 340, "測器の深度（ｍ）": 148.0, "維持管理機関名": "防災科学技術研究所", "維持管理機関名（英語）": "NIED", "観測開始年（西暦）": 2001, "同月": 1, "観測機器名または観測項目": "強震計" }, "geometry": { "type": "Point", "coordinates": [ 142.7656, 43.8546 ] } },
{ "type": "Feature", "properties": { "観測の種類": "強震計（地下）", "name": "阿寒北", "観測点名ローマ字": "AKAN-N", "観測点コード": "KSRH01", "緯度（度）": 43.4361, "経度（度）": 144.0844, "高さ（ｍ）": 431, "測器の深度（ｍ）": 106.0, "維持管理機関名": "防災科学技術研究所", "維持管理機関名（英語）": "NIED", "観測開始年（西暦）": 2000, "同月": 8, "観測機器名または観測項目": "強震計" }, "geometry": { "type": "Point", "coordinates": [ 144.0844, 43.4361 ] } },
{ "type": "Feature", "properties": { "観測の種類": "強震計（地下）", "name": "阿寒南", "観測点名ローマ字": "AKAN-S", "観測点コード": "KSRH02", "緯度（度）": 43.1142, "経度（度）": 144.123, "高さ（ｍ）": 30, "測器の深度（ｍ）": 105.0, "維持管理機関名": "防災科学技術研究所", "維持管理機関名（英語）": "NIED", "観測開始年（西暦）": 2000, "同月": 8, "観測機器名または観測項目": "強震計" }, "geometry": { "type": "Point", "coordinates": [ 144.123, 43.1142 ] } },
{ "type": "Feature", "properties": { "観測の種類": "強震計（地下）", "name": "標茶北", "観測点名ローマ字": "SHIBECHA-N", "観測点コード": "KSRH03", "緯度（度）": 43.3848, "経度（度）": 144.6279, "高さ（ｍ）": 83, "測器の深度（ｍ）": 107.0, "維持管理機関名": "防災科学技術研究所", "維持管理機関名（英語）": "NIED", "観測開始年（西暦）": 2000, "同月": 8, "観測機器名または観測項目": "強震計" }, "geometry": { "type": "Point", "coordinates": [ 144.6279, 43.3848 ] } },
{ "type": "Feature", "properties": { "観測の種類": "強震計（地下）", "name": "標茶南", "観測点名ローマ字": "SHIBECHA-S", "観測点コード": "KSRH04", "緯度（度）": 43.2139, "経度（度）": 144.6804, "高さ（ｍ）": 30, "測器の深度（ｍ）": 240.0, "維持管理機関名": "防災科学技術研究所", "維持管理機関名（英語）": "NIED", "観測開始年（西暦）": 2000, "同月": 8, "観測機器名または観測項目": "強震計" }, "geometry": { "type": "Point", "coordinates": [ 144.6804, 43.2139 ] } },
{ "type": "Feature", "properties": { "観測の種類": "強震計（地下）", "name": "鶴居西", "観測点名ローマ字": "TSURUI-W", "観測点コード": "KSRH05", "緯度（度）": 43.2556, "経度（度）": 144.2338, "高さ（ｍ）": 114, "測器の深度（ｍ）": 330.0, "維持管理機関名": "防災科学技術研究所", "維持管理機関名（英語）": "NIED", "観測開始年（西暦）": 2000, "同月": 8, "観測機器名または観測項目": "強震計" }, "geometry": { "type": "Point", "coordinates": [ 144.2338, 43.2556 ] } },
{ "type": "Feature", "properties": { "観測の種類": "強震計（地下）", "name": "鶴居東", "観測点名ローマ字": "TSURUI-E", "観測点コード": "KSRH06", "緯度（度）": 43.22, "経度（度）": 144.4285, "高さ（ｍ）": 30, "測器の深度（ｍ）": 237.0, "維持管理機関名": "防災科学技術研究所", "維持管理機関名（英語）": "NIED", "観測開始年（西暦）": 2000, "同月": 8, "観測機器名または観測項目": "強震計" }, "geometry": { "type": "Point", "coordinates": [ 144.4285, 43.22 ] } },
{ "type": "Feature", "properties": { "観測の種類": "強震計（地下）", "name": "鶴居南", "観測点名ローマ字": "TSURUI-S", "観測点コード": "KSRH07", "緯度（度）": 43.1359, "経度（度）": 144.3274, "高さ（ｍ）": 38, "測器の深度（ｍ）": 222.0, "維持管理機関名": "防災科学技術研究所", "維持管理機関名（英語）": "NIED", "観測開始年（西暦）": 2000, "同月": 8, "観測機器名または観測項目": "強震計" }, "geometry": { "type": "Point", "coordinates": [ 144.3274, 43.1359 ] } },
{ "type": "Feature", "properties": { "観測の種類": "強震計（地下）", "name": "白糠北", "観測点名ローマ字": "SHIRANUKA-N", "観測点コード": "KSRH08", "緯度（度）": 43.1603, "経度（度）": 143.8936, "高さ（ｍ）": 174, "測器の深度（ｍ）": 100.0, "維持管理機関名": "防災科学技術研究所", "維持管理機関名（英語）": "NIED", "観測開始年（西暦）": 2000, "同月": 8, "観測機器名または観測項目": "強震計" }, "geometry": { "type": "Point", "coordinates": [ 143.8936, 43.1603 ] } },
{ "type": "Feature", "properties": { "観測の種類": "強震計（地下）", "name": "白糠南", "観測点名ローマ字": "SHIRANUKA-S", "観測点コード": "KSRH09", "緯度（度）": 42.9856, "経度（度）": 143.9841, "高さ（ｍ）": 27, "測器の深度（ｍ）": 100.0, "維持管理機関名": "防災科学技術研究所", "維持管理機関名（英語）": "NIED", "観測開始年（西暦）": 2000, "同月": 8, "観測機器名または観測項目": "強震計" }, "geometry": { "type": "Point", "coordinates": [ 143.9841, 42.9856 ] } },
{ "type": "Feature", "properties": { "観測の種類": "強震計（地下）", "name": "浜中", "観測点名ローマ字": "HAMANAKA", "観測点コード": "KSRH10", "緯度（度）": 43.2084, "経度（度）": 145.1168, "高さ（ｍ）": 31, "測器の深度（ｍ）": 255.0, "維持管理機関名": "防災科学技術研究所", "維持管理機関名（英語）": "NIED", "観測開始年（西暦）": 2001, "同月": 5, "観測機器名または観測項目": "強震計" }, "geometry": { "type": "Point", "coordinates": [ 145.1168, 43.2084 ] } },
{ "type": "Feature", "properties": { "観測の種類": "強震計（地下）", "name": "標津北", "観測点名ローマ字": "SHIBETSU-N", "観測点コード": "NMRH01", "緯度（度）": 43.785, "経度（度）": 145.0246, "高さ（ｍ）": 80, "測器の深度（ｍ）": 110.0, "維持管理機関名": "防災科学技術研究所", "維持管理機関名（英語）": "NIED", "観測開始年（西暦）": 2000, "同月": 8, "観測機器名または観測項目": "強震計" }, "geometry": { "type": "Point", "coordinates": [ 145.0246, 43.785 ] } },
{ "type": "Feature", "properties": { "観測の種類": "強震計（地下）", "name": "標津南", "観測点名ローマ字": "SHIBETSU-S", "観測点コード": "NMRH02", "緯度（度）": 43.6772, "経度（度）": 144.9618, "高さ（ｍ）": 165, "測器の深度（ｍ）": 103.0, "維持管理機関名": "防災科学技術研究所", "維持管理機関名（英語）": "NIED", "観測開始年（西暦）": 2000, "同月": 8, "観測機器名または観測項目": "強震計" }, "geometry": { "type": "Point", "coordinates": [ 144.9618, 43.6772 ] } },
{ "type": "Feature", "properties": { "観測の種類": "強震計（地下）", "name": "中標津", "観測点名ローマ字": "NAKASHIBETSU", "観測点コード": "NMRH03", "緯度（度）": 43.5508, "経度（度）": 144.9665, "高さ（ｍ）": 30, "測器の深度（ｍ）": 228.0, "維持管理機関名": "防災科学技術研究所", "維持管理機関名（英語）": "NIED", "観測開始年（西暦）": 2000, "同月": 8, "観測機器名または観測項目": "強震計" }, "geometry": { "type": "Point", "coordinates": [ 144.9665, 43.5508 ] } },
{ "type": "Feature", "properties": { "観測の種類": "強震計（地下）", "name": "別海東", "観測点名ローマ字": "BEKKAI-E", "観測点コード": "NMRH04", "緯度（度）": 43.3978, "経度（度）": 145.1224, "高さ（ｍ）": 30, "測器の深度（ｍ）": 216.0, "維持管理機関名": "防災科学技術研究所", "維持管理機関名（英語）": "NIED", "観測開始年（西暦）": 2000, "同月": 8, "観測機器名または観測項目": "強震計" }, "geometry": { "type": "Point", "coordinates": [ 145.1224, 43.3978 ] } },
{ "type": "Feature", "properties": { "観測の種類": "強震計（地下）", "name": "別海西", "観測点名ローマ字": "BEKKAI-W", "観測点コード": "NMRH05", "緯度（度）": 43.39, "経度（度）": 144.8021, "高さ（ｍ）": 92, "測器の深度（ｍ）": 220.0, "維持管理機関名": "防災科学技術研究所", "維持管理機関名（英語）": "NIED", "観測開始年（西暦）": 2000, "同月": 8, "観測機器名または観測項目": "強震計" }, "geometry": { "type": "Point", "coordinates": [ 144.8021, 43.39 ] } },
{ "type": "Feature", "properties": { "観測の種類": "強震計（地下）", "name": "知内", "観測点名ローマ字": "SHIRIUCHI", "観測点コード": "OSMH01", "緯度（度）": 41.5977, "経度（度）": 140.4207, "高さ（ｍ）": 5, "測器の深度（ｍ）": 150.0, "維持管理機関名": "防災科学技術研究所", "維持管理機関名（英語）": "NIED", "観測開始年（西暦）": 2000, "同月": 12, "観測機器名または観測項目": "強震計" }, "geometry": { "type": "Point", "coordinates": [ 140.4207, 41.5977 ] } },
{ "type": "Feature", "properties": { "観測の種類": "強震計（地下）", "name": "上磯", "観測点名ローマ字": "KAMIISO", "観測点コード": "OSMH02", "緯度（度）": 41.8374, "経度（度）": 140.6331, "高さ（ｍ）": 10, "測器の深度（ｍ）": 360.0, "維持管理機関名": "防災科学技術研究所", "維持管理機関名（英語）": "NIED", "観測開始年（西暦）": 2000, "同月": 12, "観測機器名または観測項目": "強震計" }, "geometry": { "type": "Point", "coordinates": [ 140.6331, 41.8374 ] } },
{ "type": "Feature", "properties": { "観測の種類": "強震計（地下）", "name": "幌延", "観測点名ローマ字": "HORONOBE", "観測点コード": "RMIH01", "緯度（度）": 45.0167, "経度（度）": 142.0795, "高さ（ｍ）": 30, "測器の深度（ｍ）": 100.0, "維持管理機関名": "防災科学技術研究所", "維持管理機関名（英語）": "NIED", "観測開始年（西暦）": 2000, "同月": 8, "観測機器名または観測項目": "強震計" }, "geometry": { "type": "Point", "coordinates": [ 142.0795, 45.0167 ] } },
{ "type": "Feature", "properties": { "観測の種類": "強震計（地下）", "name": "天塩", "観測点名ローマ字": "TESHIO", "観測点コード": "RMIH02", "緯度（度）": 44.8948, "経度（度）": 141.9251, "高さ（ｍ）": 10, "測器の深度（ｍ）": 107.0, "維持管理機関名": "防災科学技術研究所", "維持管理機関名（英語）": "NIED", "観測開始年（西暦）": 2000, "同月": 8, "観測機器名または観測項目": "強震計" }, "geometry": { "type": "Point", "coordinates": [ 141.9251, 44.8948 ] } },
{ "type": "Feature", "properties": { "観測の種類": "強震計（地下）", "name": "遠別", "観測点名ローマ字": "ENBETSU", "観測点コード": "RMIH03", "緯度（度）": 44.6359, "経度（度）": 141.8187, "高さ（ｍ）": 20, "測器の深度（ｍ）": 209.0, "維持管理機関名": "防災科学技術研究所", "維持管理機関名（英語）": "NIED", "観測開始年（西暦）": 2000, "同月": 8, "観測機器名または観測項目": "強震計" }, "geometry": { "type": "Point", "coordinates": [ 141.8187, 44.6359 ] } },
{ "type": "Feature", "properties": { "観測の種類": "強震計（地下）", "name": "小平東", "観測点名ローマ字": "OBIRA-E", "観測点コード": "RMIH04", "緯度（度）": 44.0974, "経度（度）": 141.9621, "高さ（ｍ）": 102, "測器の深度（ｍ）": 100.0, "維持管理機関名": "防災科学技術研究所", "維持管理機関名（英語）": "NIED", "観測開始年（西暦）": 2000, "同月": 8, "観測機器名または観測項目": "強震計" }, "geometry": { "type": "Point", "coordinates": [ 141.9621, 44.0974 ] } },
{ "type": "Feature", "properties": { "観測の種類": "強震計（地下）", "name": "小平西", "観測点名ローマ字": "OBIRA-W", "観測点コード": "RMIH05", "緯度（度）": 44.0254, "経度（度）": 141.7876, "高さ（ｍ）": 21, "測器の深度（ｍ）": 105.0, "維持管理機関名": "防災科学技術研究所", "維持管理機関名（英語）": "NIED", "観測開始年（西暦）": 2000, "同月": 8, "観測機器名または観測項目": "強震計" }, "geometry": { "type": "Point", "coordinates": [ 141.7876, 44.0254 ] } },
{ "type": "Feature", "properties": { "観測の種類": "強震計（地下）", "name": "古平", "観測点名ローマ字": "FURUBIRA", "観測点コード": "SBSH01", "緯度（度）": 43.2341, "経度（度）": 140.6228, "高さ（ｍ）": 28, "測器の深度（ｍ）": 100.0, "維持管理機関名": "防災科学技術研究所", "維持管理機関名（英語）": "NIED", "観測開始年（西暦）": 2000, "同月": 12, "観測機器名または観測項目": "強震計" }, "geometry": { "type": "Point", "coordinates": [ 140.6228, 43.2341 ] } },
{ "type": "Feature", "properties": { "観測の種類": "強震計（地下）", "name": "泊", "観測点名ローマ字": "TOMARI", "観測点コード": "SBSH02", "緯度（度）": 43.0527, "経度（度）": 140.5017, "高さ（ｍ）": 25, "測器の深度（ｍ）": 100.0, "維持管理機関名": "防災科学技術研究所", "維持管理機関名（英語）": "NIED", "観測開始年（西暦）": 2000, "同月": 12, "観測機器名または観測項目": "強震計" }, "geometry": { "type": "Point", "coordinates": [ 140.5017, 43.0527 ] } },
{ "type": "Feature", "properties": { "観測の種類": "強震計（地下）", "name": "赤井川", "観測点名ローマ字": "AKAIGAWA", "観測点コード": "SBSH03", "緯度（度）": 43.0842, "経度（度）": 140.8199, "高さ（ｍ）": 145, "測器の深度（ｍ）": 220.0, "維持管理機関名": "防災科学技術研究所", "維持管理機関名（英語）": "NIED", "観測開始年（西暦）": 2000, "同月": 12, "観測機器名または観測項目": "強震計" }, "geometry": { "type": "Point", "coordinates": [ 140.8199, 43.0842 ] } },
{ "type": "Feature", "properties": { "観測の種類": "強震計（地下）", "name": "共和", "観測点名ローマ字": "KYOUWA", "観測点コード": "SBSH04", "緯度（度）": 42.9758, "経度（度）": 140.6219, "高さ（ｍ）": 20, "測器の深度（ｍ）": 200.0, "維持管理機関名": "防災科学技術研究所", "維持管理機関名（英語）": "NIED", "観測開始年（西暦）": 2000, "同月": 12, "観測機器名または観測項目": "強震計" }, "geometry": { "type": "Point", "coordinates": [ 140.6219, 42.9758 ] } },
{ "type": "Feature", "properties": { "観測の種類": "強震計（地下）", "name": "倶知安", "観測点名ローマ字": "KUCCHAN", "観測点コード": "SBSH05", "緯度（度）": 42.95, "経度（度）": 140.8223, "高さ（ｍ）": 240, "測器の深度（ｍ）": 100.0, "維持管理機関名": "防災科学技術研究所", "維持管理機関名（英語）": "NIED", "観測開始年（西暦）": 2001, "同月": 1, "観測機器名または観測項目": "強震計" }, "geometry": { "type": "Point", "coordinates": [ 140.8223, 42.95 ] } },
{ "type": "Feature", "properties": { "観測の種類": "強震計（地下）", "name": "蘭越", "観測点名ローマ字": "RANKOSHI", "観測点コード": "SBSH06", "緯度（度）": 42.8309, "経度（度）": 140.4831, "高さ（ｍ）": 39, "測器の深度（ｍ）": 130.0, "維持管理機関名": "防災科学技術研究所", "維持管理機関名（英語）": "NIED", "観測開始年（西暦）": 2001, "同月": 3, "観測機器名または観測項目": "強震計" }, "geometry": { "type": "Point", "coordinates": [ 140.4831, 42.8309 ] } },
{ "type": "Feature", "properties": { "観測の種類": "強震計（地下）", "name": "真狩", "観測点名ローマ字": "MAKKARI", "観測点コード": "SBSH07", "緯度（度）": 42.763, "経度（度）": 140.8084, "高さ（ｍ）": 228, "測器の深度（ｍ）": 100.0, "維持管理機関名": "防災科学技術研究所", "維持管理機関名（英語）": "NIED", "観測開始年（西暦）": 2000, "同月": 12, "観測機器名または観測項目": "強震計" }, "geometry": { "type": "Point", "coordinates": [ 140.8084, 42.763 ] } },
{ "type": "Feature", "properties": { "観測の種類": "強震計（地下）", "name": "喜茂別", "観測点名ローマ字": "KIMOBETSU", "観測点コード": "SBSH08", "緯度（度）": 42.768, "経度（度）": 140.9766, "高さ（ｍ）": 285, "測器の深度（ｍ）": 100.0, "維持管理機関名": "防災科学技術研究所", "維持管理機関名（英語）": "NIED", "観測開始年（西暦）": 2000, "同月": 12, "観測機器名または観測項目": "強震計" }, "geometry": { "type": "Point", "coordinates": [ 140.9766, 42.768 ] } },
{ "type": "Feature", "properties": { "観測の種類": "強震計（地下）", "name": "黒松内", "観測点名ローマ字": "KUROMATSUNAI", "観測点コード": "SBSH09", "緯度（度）": 42.6104, "経度（度）": 140.4841, "高さ（ｍ）": 140, "測器の深度（ｍ）": 100.0, "維持管理機関名": "防災科学技術研究所", "維持管理機関名（英語）": "NIED", "観測開始年（西暦）": 2001, "同月": 1, "観測機器名または観測項目": "強震計" }, "geometry": { "type": "Point", "coordinates": [ 140.4841, 42.6104 ] } },
{ "type": "Feature", "properties": { "観測の種類": "強震計（地下）", "name": "島牧", "観測点名ローマ字": "SHIMAMAKI", "観測点コード": "SBSH10", "緯度（度）": 42.7797, "経度（度）": 140.1557, "高さ（ｍ）": 32, "測器の深度（ｍ）": 100.0, "維持管理機関名": "防災科学技術研究所", "維持管理機関名（英語）": "NIED", "観測開始年（西暦）": 2000, "同月": 12, "観測機器名または観測項目": "強震計" }, "geometry": { "type": "Point", "coordinates": [ 140.1557, 42.7797 ] } },
{ "type": "Feature", "properties": { "観測の種類": "強震計（地下）", "name": "猿払北", "観測点名ローマ字": "SARUFUTSU-N", "観測点コード": "SOYH01", "緯度（度）": 45.3346, "経度（度）": 142.1185, "高さ（ｍ）": 20, "測器の深度（ｍ）": 100.0, "維持管理機関名": "防災科学技術研究所", "維持管理機関名（英語）": "NIED", "観測開始年（西暦）": 2000, "同月": 8, "観測機器名または観測項目": "強震計" }, "geometry": { "type": "Point", "coordinates": [ 142.1185, 45.3346 ] } },
{ "type": "Feature", "properties": { "観測の種類": "強震計（地下）", "name": "猿払南", "観測点名ローマ字": "SARUFUTSU-S", "観測点コード": "SOYH02", "緯度（度）": 45.2163, "経度（度）": 142.2254, "高さ（ｍ）": 5, "測器の深度（ｍ）": 100.0, "維持管理機関名": "防災科学技術研究所", "維持管理機関名（英語）": "NIED", "観測開始年（西暦）": 2000, "同月": 8, "観測機器名または観測項目": "強震計" }, "geometry": { "type": "Point", "coordinates": [ 142.2254, 45.2163 ] } },
{ "type": "Feature", "properties": { "観測の種類": "強震計（地下）", "name": "稚内西", "観測点名ローマ字": "WAKKANAI-W", "観測点コード": "SOYH03", "緯度（度）": 45.2531, "経度（度）": 141.6334, "高さ（ｍ）": 8, "測器の深度（ｍ）": 137.0, "維持管理機関名": "防災科学技術研究所", "維持管理機関名（英語）": "NIED", "観測開始年（西暦）": 2000, "同月": 8, "観測機器名または観測項目": "強震計" }, "geometry": { "type": "Point", "coordinates": [ 141.6334, 45.2531 ] } },
{ "type": "Feature", "properties": { "観測の種類": "強震計（地下）", "name": "稚内東", "観測点名ローマ字": "WAKKANAI-E", "観測点コード": "SOYH04", "緯度（度）": 45.2303, "経度（度）": 141.8806, "高さ（ｍ）": 30, "測器の深度（ｍ）": 203.0, "維持管理機関名": "防災科学技術研究所", "維持管理機関名（英語）": "NIED", "観測開始年（西暦）": 2000, "同月": 8, "観測機器名または観測項目": "強震計" }, "geometry": { "type": "Point", "coordinates": [ 141.8806, 45.2303 ] } },
{ "type": "Feature", "properties": { "観測の種類": "強震計（地下）", "name": "稚内北", "観測点名ローマ字": "WAKKANAI-N", "観測点コード": "SOYH05", "緯度（度）": 45.4883, "経度（度）": 141.885, "高さ（ｍ）": 45, "測器の深度（ｍ）": 202.0, "維持管理機関名": "防災科学技術研究所", "維持管理機関名（英語）": "NIED", "観測開始年（西暦）": 2000, "同月": 12, "観測機器名または観測項目": "強震計" }, "geometry": { "type": "Point", "coordinates": [ 141.885, 45.4883 ] } },
{ "type": "Feature", "properties": { "観測の種類": "強震計（地下）", "name": "豊富", "観測点名ローマ字": "TOYOTOMI", "観測点コード": "SOYH06", "緯度（度）": 45.1019, "経度（度）": 141.7834, "高さ（ｍ）": 15, "測器の深度（ｍ）": 135.0, "維持管理機関名": "防災科学技術研究所", "維持管理機関名（英語）": "NIED", "観測開始年（西暦）": 2000, "同月": 12, "観測機器名または観測項目": "強震計" }, "geometry": { "type": "Point", "coordinates": [ 141.7834, 45.1019 ] } },
{ "type": "Feature", "properties": { "観測の種類": "強震計（地下）", "name": "浜頓別", "観測点名ローマ字": "HAMATONBETSU", "観測点コード": "SOYH07", "緯度（度）": 45.1001, "経度（度）": 142.4307, "高さ（ｍ）": 7, "測器の深度（ｍ）": 150.0, "維持管理機関名": "防災科学技術研究所", "維持管理機関名（英語）": "NIED", "観測開始年（西暦）": 2000, "同月": 12, "観測機器名または観測項目": "強震計" }, "geometry": { "type": "Point", "coordinates": [ 142.4307, 45.1001 ] } },
{ "type": "Feature", "properties": { "観測の種類": "強震計（地下）", "name": "中頓別", "観測点名ローマ字": "NAKATONBETSU", "観測点コード": "SOYH08", "緯度（度）": 44.9387, "経度（度）": 142.2247, "高さ（ｍ）": 40, "測器の深度（ｍ）": 100.0, "維持管理機関名": "防災科学技術研究所", "維持管理機関名（英語）": "NIED", "観測開始年（西暦）": 2001, "同月": 5, "観測機器名または観測項目": "強震計" }, "geometry": { "type": "Point", "coordinates": [ 142.2247, 44.9387 ] } },
{ "type": "Feature", "properties": { "観測の種類": "強震計（地下）", "name": "歌登北", "観測点名ローマ字": "UTANOBORI-N", "観測点コード": "SOYH09", "緯度（度）": 44.857, "経度（度）": 142.4868, "高さ（ｍ）": 20, "測器の深度（ｍ）": 100.0, "維持管理機関名": "防災科学技術研究所", "維持管理機関名（英語）": "NIED", "観測開始年（西暦）": 2000, "同月": 12, "観測機器名または観測項目": "強震計" }, "geometry": { "type": "Point", "coordinates": [ 142.4868, 44.857 ] } },
{ "type": "Feature", "properties": { "観測の種類": "強震計（地下）", "name": "歌登南", "観測点名ローマ字": "UTANOBORI-S", "観測点コード": "SOYH10", "緯度（度）": 44.7433, "経度（度）": 142.6039, "高さ（ｍ）": 73, "測器の深度（ｍ）": 100.0, "維持管理機関名": "防災科学技術研究所", "維持管理機関名（英語）": "NIED", "観測開始年（西暦）": 2001, "同月": 5, "観測機器名または観測項目": "強震計" }, "geometry": { "type": "Point", "coordinates": [ 142.6039, 44.7433 ] } },
{ "type": "Feature", "properties": { "観測の種類": "強震計（地下）", "name": "幌加内北", "観測点名ローマ字": "HOROKANAI-N", "観測点コード": "SRCH01", "緯度（度）": 44.2803, "経度（度）": 142.1594, "高さ（ｍ）": 260, "測器の深度（ｍ）": 100.0, "維持管理機関名": "防災科学技術研究所", "維持管理機関名（英語）": "NIED", "観測開始年（西暦）": 2000, "同月": 8, "観測機器名または観測項目": "強震計" }, "geometry": { "type": "Point", "coordinates": [ 142.1594, 44.2803 ] } },
{ "type": "Feature", "properties": { "観測の種類": "強震計（地下）", "name": "幌加内中", "観測点名ローマ字": "HOROKANAI-C", "観測点コード": "SRCH02", "緯度（度）": 44.116, "経度（度）": 142.1414, "高さ（ｍ）": 200, "測器の深度（ｍ）": 100.0, "維持管理機関名": "防災科学技術研究所", "維持管理機関名（英語）": "NIED", "観測開始年（西暦）": 2000, "同月": 8, "観測機器名または観測項目": "強震計" }, "geometry": { "type": "Point", "coordinates": [ 142.1414, 44.116 ] } },
{ "type": "Feature", "properties": { "観測の種類": "強震計（地下）", "name": "幌加内南", "観測点名ローマ字": "HOROKANAI-S", "観測点コード": "SRCH03", "緯度（度）": 43.9994, "経度（度）": 142.1258, "高さ（ｍ）": 155, "測器の深度（ｍ）": 100.0, "維持管理機関名": "防災科学技術研究所", "維持管理機関名（英語）": "NIED", "観測開始年（西暦）": 2000, "同月": 8, "観測機器名または観測項目": "強震計" }, "geometry": { "type": "Point", "coordinates": [ 142.1258, 43.9994 ] } },
{ "type": "Feature", "properties": { "観測の種類": "強震計（地下）", "name": "沼田", "観測点名ローマ字": "NUMATA", "観測点コード": "SRCH04", "緯度（度）": 43.8203, "経度（度）": 141.9397, "高さ（ｍ）": 100, "測器の深度（ｍ）": 105.0, "維持管理機関名": "防災科学技術研究所", "維持管理機関名（英語）": "NIED", "観測開始年（西暦）": 2000, "同月": 8, "観測機器名または観測項目": "強震計" }, "geometry": { "type": "Point", "coordinates": [ 141.9397, 43.8203 ] } },
{ "type": "Feature", "properties": { "観測の種類": "強震計（地下）", "name": "深川北", "観測点名ローマ字": "FUKAGAWA-N", "観測点コード": "SRCH05", "緯度（度）": 43.8243, "経度（度）": 142.1594, "高さ（ｍ）": 200, "測器の深度（ｍ）": 102.0, "維持管理機関名": "防災科学技術研究所", "維持管理機関名（英語）": "NIED", "観測開始年（西暦）": 2000, "同月": 9, "観測機器名または観測項目": "強震計" }, "geometry": { "type": "Point", "coordinates": [ 142.1594, 43.8243 ] } },
{ "type": "Feature", "properties": { "観測の種類": "強震計（地下）", "name": "深川南", "観測点名ローマ字": "FUKAGAWA-S", "観測点コード": "SRCH06", "緯度（度）": 43.6948, "経度（度）": 142.0776, "高さ（ｍ）": 80, "測器の深度（ｍ）": 147.0, "維持管理機関名": "防災科学技術研究所", "維持管理機関名（英語）": "NIED", "観測開始年（西暦）": 2000, "同月": 8, "観測機器名または観測項目": "強震計" }, "geometry": { "type": "Point", "coordinates": [ 142.0776, 43.6948 ] } },
{ "type": "Feature", "properties": { "観測の種類": "強震計（地下）", "name": "三笠", "観測点名ローマ字": "MIKASA", "観測点コード": "SRCH07", "緯度（度）": 43.23, "経度（度）": 141.8978, "高さ（ｍ）": 75, "測器の深度（ｍ）": 200.0, "維持管理機関名": "防災科学技術研究所", "維持管理機関名（英語）": "NIED", "観測開始年（西暦）": 2000, "同月": 8, "観測機器名または観測項目": "強震計" }, "geometry": { "type": "Point", "coordinates": [ 141.8978, 43.23 ] } },
{ "type": "Feature", "properties": { "観測の種類": "強震計（地下）", "name": "砂川", "観測点名ローマ字": "SUNAGAWA", "観測点コード": "SRCH08", "緯度（度）": 43.5138, "経度（度）": 141.909, "高さ（ｍ）": 30, "測器の深度（ｍ）": 122.0, "維持管理機関名": "防災科学技術研究所", "維持管理機関名（英語）": "NIED", "観測開始年（西暦）": 2001, "同月": 1, "観測機器名または観測項目": "強震計" }, "geometry": { "type": "Point", "coordinates": [ 141.909, 43.5138 ] } },
{ "type": "Feature", "properties": { "観測の種類": "強震計（地下）", "name": "栗山", "観測点名ローマ字": "KURIYAMA", "観測点コード": "SRCH09", "緯度（度）": 43.0587, "経度（度）": 141.8063, "高さ（ｍ）": 30, "測器の深度（ｍ）": 122.0, "維持管理機関名": "防災科学技術研究所", "維持管理機関名（英語）": "NIED", "観測開始年（西暦）": 2001, "同月": 1, "観測機器名または観測項目": "強震計" }, "geometry": { "type": "Point", "coordinates": [ 141.8063, 43.0587 ] } },
{ "type": "Feature", "properties": { "観測の種類": "強震計（地下）", "name": "夕張", "観測点名ローマ字": "YUUBARI", "観測点コード": "SRCH10", "緯度（度）": 42.993, "経度（度）": 142.0085, "高さ（ｍ）": 195, "測器の深度（ｍ）": 200.0, "維持管理機関名": "防災科学技術研究所", "維持管理機関名（英語）": "NIED", "観測開始年（西暦）": 2001, "同月": 1, "観測機器名または観測項目": "強震計" }, "geometry": { "type": "Point", "coordinates": [ 142.0085, 42.993 ] } },
{ "type": "Feature", "properties": { "観測の種類": "強震計（地下）", "name": "陸別", "観測点名ローマ字": "RIKUBETSU", "観測点コード": "TKCH01", "緯度（度）": 43.4683, "経度（度）": 143.683, "高さ（ｍ）": 251, "測器の深度（ｍ）": 122.0, "維持管理機関名": "防災科学技術研究所", "維持管理機関名（英語）": "NIED", "観測開始年（西暦）": 2000, "同月": 8, "観測機器名または観測項目": "強震計" }, "geometry": { "type": "Point", "coordinates": [ 143.683, 43.4683 ] } },
{ "type": "Feature", "properties": { "観測の種類": "強震計（地下）", "name": "足寄東", "観測点名ローマ字": "ASYORO-E", "観測点コード": "TKCH02", "緯度（度）": 43.3822, "経度（度）": 143.8983, "高さ（ｍ）": 328, "測器の深度（ｍ）": 103.0, "維持管理機関名": "防災科学技術研究所", "維持管理機関名（英語）": "NIED", "観測開始年（西暦）": 2000, "同月": 8, "観測機器名または観測項目": "強震計" }, "geometry": { "type": "Point", "coordinates": [ 143.8983, 43.3822 ] } },
{ "type": "Feature", "properties": { "観測の種類": "強震計（地下）", "name": "足寄西", "観測点名ローマ字": "ASYORO-W", "観測点コード": "TKCH03", "緯度（度）": 43.2708, "経度（度）": 143.4317, "高さ（ｍ）": 199, "測器の深度（ｍ）": 200.0, "維持管理機関名": "防災科学技術研究所", "維持管理機関名（英語）": "NIED", "観測開始年（西暦）": 2000, "同月": 8, "観測機器名または観測項目": "強震計" }, "geometry": { "type": "Point", "coordinates": [ 143.4317, 43.2708 ] } },
{ "type": "Feature", "properties": { "観測の種類": "強震計（地下）", "name": "新得南", "観測点名ローマ字": "SHINTOKU-S", "観測点コード": "TKCH04", "緯度（度）": 43.1739, "経度（度）": 142.9176, "高さ（ｍ）": 220, "測器の深度（ｍ）": 172.0, "維持管理機関名": "防災科学技術研究所", "維持管理機関名（英語）": "NIED", "観測開始年（西暦）": 2000, "同月": 9, "観測機器名または観測項目": "強震計" }, "geometry": { "type": "Point", "coordinates": [ 142.9176, 43.1739 ] } },
{ "type": "Feature", "properties": { "観測の種類": "強震計（地下）", "name": "本別", "観測点名ローマ字": "HONBETSU", "観測点コード": "TKCH05", "緯度（度）": 43.1211, "経度（度）": 143.6181, "高さ（ｍ）": 65, "測器の深度（ｍ）": 100.0, "維持管理機関名": "防災科学技術研究所", "維持管理機関名（英語）": "NIED", "観測開始年（西暦）": 2000, "同月": 8, "観測機器名または観測項目": "強震計" }, "geometry": { "type": "Point", "coordinates": [ 143.6181, 43.1211 ] } },
{ "type": "Feature", "properties": { "観測の種類": "強震計（地下）", "name": "芽室", "観測点名ローマ字": "MEMURO", "観測点コード": "TKCH06", "緯度（度）": 42.892, "経度（度）": 143.0603, "高さ（ｍ）": 97, "測器の深度（ｍ）": 227.0, "維持管理機関名": "防災科学技術研究所", "維持管理機関名（英語）": "NIED", "観測開始年（西暦）": 2000, "同月": 8, "観測機器名または観測項目": "強震計" }, "geometry": { "type": "Point", "coordinates": [ 143.0603, 42.892 ] } },
{ "type": "Feature", "properties": { "観測の種類": "強震計（地下）", "name": "豊頃", "観測点名ローマ字": "TOYOKORO", "観測点コード": "TKCH07", "緯度（度）": 42.8114, "経度（度）": 143.5203, "高さ（ｍ）": 9, "測器の深度（ｍ）": 100.0, "維持管理機関名": "防災科学技術研究所", "維持管理機関名（英語）": "NIED", "観測開始年（西暦）": 2000, "同月": 8, "観測機器名または観測項目": "強震計" }, "geometry": { "type": "Point", "coordinates": [ 143.5203, 42.8114 ] } },
{ "type": "Feature", "properties": { "観測の種類": "強震計（地下）", "name": "大樹", "観測点名ローマ字": "TAIKI", "観測点コード": "TKCH08", "緯度（度）": 42.4865, "経度（度）": 143.152, "高さ（ｍ）": 360, "測器の深度（ｍ）": 100.0, "維持管理機関名": "防災科学技術研究所", "維持管理機関名（英語）": "NIED", "観測開始年（西暦）": 2000, "同月": 9, "観測機器名または観測項目": "強震計" }, "geometry": { "type": "Point", "coordinates": [ 143.152, 42.4865 ] } },
{ "type": "Feature", "properties": { "観測の種類": "強震計（地下）", "name": "新得北", "観測点名ローマ字": "SHINTOKU-N", "観測点コード": "TKCH10", "緯度（度）": 43.3337, "経度（度）": 142.9448, "高さ（ｍ）": 365, "測器の深度（ｍ）": 100.0, "維持管理機関名": "防災科学技術研究所", "維持管理機関名（英語）": "NIED", "観測開始年（西暦）": 2001, "同月": 5, "観測機器名または観測項目": "強震計" }, "geometry": { "type": "Point", "coordinates": [ 142.9448, 43.3337 ] } },
{ "type": "Feature", "properties": { "観測の種類": "強震計（地下）", "name": "清水", "観測点名ローマ字": "SHIMIZU", "観測点コード": "TKCH11", "緯度（度）": 42.8742, "経度（度）": 142.883, "高さ（ｍ）": 419, "測器の深度（ｍ）": 100.0, "維持管理機関名": "防災科学技術研究所", "維持管理機関名（英語）": "NIED", "観測開始年（西暦）": 2001, "同月": 1, "観測機器名または観測項目": "強震計" }, "geometry": { "type": "Point", "coordinates": [ 142.883, 42.8742 ] } },
{ "type": "Feature", "properties": { "観測の種類": "強震計（地下）", "name": "大間", "観測点名ローマ字": "OOMA", "観測点コード": "AOMH01", "緯度（度）": 41.5273, "経度（度）": 140.9127, "高さ（ｍ）": 10, "測器の深度（ｍ）": 100.0, "維持管理機関名": "防災科学技術研究所", "維持管理機関名（英語）": "NIED", "観測開始年（西暦）": 2000, "同月": 8, "観測機器名または観測項目": "強震計" }, "geometry": { "type": "Point", "coordinates": [ 140.9127, 41.5273 ] } },
{ "type": "Feature", "properties": { "観測の種類": "強震計（地下）", "name": "佐井", "観測点名ローマ字": "SAI", "観測点コード": "AOMH02", "緯度（度）": 41.4049, "経度（度）": 140.8567, "高さ（ｍ）": 30, "測器の深度（ｍ）": 200.0, "維持管理機関名": "防災科学技術研究所", "維持管理機関名（英語）": "NIED", "観測開始年（西暦）": 2000, "同月": 8, "観測機器名または観測項目": "強震計" }, "geometry": { "type": "Point", "coordinates": [ 140.8567, 41.4049 ] } },
{ "type": "Feature", "properties": { "観測の種類": "強震計（地下）", "name": "川内", "観測点名ローマ字": "KAWAUCHI", "観測点コード": "AOMH03", "緯度（度）": 41.234, "経度（度）": 140.9896, "高さ（ｍ）": 20, "測器の深度（ｍ）": 100.0, "維持管理機関名": "防災科学技術研究所", "維持管理機関名（英語）": "NIED", "観測開始年（西暦）": 2000, "同月": 8, "観測機器名または観測項目": "強震計" }, "geometry": { "type": "Point", "coordinates": [ 140.9896, 41.234 ] } },
{ "type": "Feature", "properties": { "観測の種類": "強震計（地下）", "name": "青森", "観測点名ローマ字": "AOMORI", "観測点コード": "AOMH04", "緯度（度）": 40.8524, "経度（度）": 140.6759, "高さ（ｍ）": 10, "測器の深度（ｍ）": 307.0, "維持管理機関名": "防災科学技術研究所", "維持管理機関名（英語）": "NIED", "観測開始年（西暦）": 2000, "同月": 8, "観測機器名または観測項目": "強震計" }, "geometry": { "type": "Point", "coordinates": [ 140.6759, 40.8524 ] } },
{ "type": "Feature", "properties": { "観測の種類": "強震計（地下）", "name": "野辺地", "観測点名ローマ字": "NOHEJI", "観測点コード": "AOMH05", "緯度（度）": 40.8564, "経度（度）": 141.1033, "高さ（ｍ）": 45, "測器の深度（ｍ）": 312.0, "維持管理機関名": "防災科学技術研究所", "維持管理機関名（英語）": "NIED", "観測開始年（西暦）": 2000, "同月": 8, "観測機器名または観測項目": "強震計" }, "geometry": { "type": "Point", "coordinates": [ 141.1033, 40.8564 ] } },
{ "type": "Feature", "properties": { "観測の種類": "強震計（地下）", "name": "六ヶ所", "観測点名ローマ字": "ROKKASYO", "観測点コード": "AOMH06", "緯度（度）": 40.9664, "経度（度）": 141.3738, "高さ（ｍ）": 5, "測器の深度（ｍ）": 100.0, "維持管理機関名": "防災科学技術研究所", "維持管理機関名（英語）": "NIED", "観測開始年（西暦）": 2000, "同月": 8, "観測機器名または観測項目": "強震計" }, "geometry": { "type": "Point", "coordinates": [ 141.3738, 40.9664 ] } },
{ "type": "Feature", "properties": { "観測の種類": "強震計（地下）", "name": "深浦", "観測点名ローマ字": "FUKAURA", "観測点コード": "AOMH07", "緯度（度）": 40.7451, "経度（度）": 140.0233, "高さ（ｍ）": 35, "測器の深度（ｍ）": 109.0, "維持管理機関名": "防災科学技術研究所", "維持管理機関名（英語）": "NIED", "観測開始年（西暦）": 2000, "同月": 8, "観測機器名または観測項目": "強震計" }, "geometry": { "type": "Point", "coordinates": [ 140.0233, 40.7451 ] } },
{ "type": "Feature", "properties": { "観測の種類": "強震計（地下）", "name": "鰺ヶ沢", "観測点名ローマ字": "AJIGASAWA", "観測点コード": "AOMH08", "緯度（度）": 40.7618, "経度（度）": 140.3121, "高さ（ｍ）": 50, "測器の深度（ｍ）": 160.0, "維持管理機関名": "防災科学技術研究所", "維持管理機関名（英語）": "NIED", "観測開始年（西暦）": 2000, "同月": 8, "観測機器名または観測項目": "強震計" }, "geometry": { "type": "Point", "coordinates": [ 140.3121, 40.7618 ] } },
{ "type": "Feature", "properties": { "観測の種類": "強震計（地下）", "name": "岩木", "観測点名ローマ字": "IWAKI", "観測点コード": "AOMH09", "緯度（度）": 40.6199, "経度（度）": 140.3499, "高さ（ｍ）": 160, "測器の深度（ｍ）": 162.0, "維持管理機関名": "防災科学技術研究所", "維持管理機関名（英語）": "NIED", "観測開始年（西暦）": 2000, "同月": 8, "観測機器名または観測項目": "強震計" }, "geometry": { "type": "Point", "coordinates": [ 140.3499, 40.6199 ] } },
{ "type": "Feature", "properties": { "観測の種類": "強震計（地下）", "name": "黒石", "観測点名ローマ字": "KUROISHI", "観測点コード": "AOMH10", "緯度（度）": 40.6091, "経度（度）": 140.6646, "高さ（ｍ）": 102, "測器の深度（ｍ）": 106.0, "維持管理機関名": "防災科学技術研究所", "維持管理機関名（英語）": "NIED", "観測開始年（西暦）": 2000, "同月": 8, "観測機器名または観測項目": "強震計" }, "geometry": { "type": "Point", "coordinates": [ 140.6646, 40.6091 ] } },
{ "type": "Feature", "properties": { "観測の種類": "強震計（地下）", "name": "十和田湖西", "観測点名ローマ字": "TOWADAKO-W", "観測点コード": "AOMH11", "緯度（度）": 40.58, "経度（度）": 140.995, "高さ（ｍ）": 240, "測器の深度（ｍ）": 100.0, "維持管理機関名": "防災科学技術研究所", "維持管理機関名（英語）": "NIED", "観測開始年（西暦）": 2000, "同月": 8, "観測機器名または観測項目": "強震計" }, "geometry": { "type": "Point", "coordinates": [ 140.995, 40.58 ] } },
{ "type": "Feature", "properties": { "観測の種類": "強震計（地下）", "name": "十和田湖東", "観測点名ローマ字": "TOWADAKO-E", "観測点コード": "AOMH12", "緯度（度）": 40.5846, "経度（度）": 141.1547, "高さ（ｍ）": 85, "測器の深度（ｍ）": 100.0, "維持管理機関名": "防災科学技術研究所", "維持管理機関名（英語）": "NIED", "観測開始年（西暦）": 2000, "同月": 8, "観測機器名または観測項目": "強震計" }, "geometry": { "type": "Point", "coordinates": [ 141.1547, 40.5846 ] } },
{ "type": "Feature", "properties": { "観測の種類": "強震計（地下）", "name": "八戸", "観測点名ローマ字": "HACHINOHE", "観測点コード": "AOMH13", "緯度（度）": 40.5794, "経度（度）": 141.4451, "高さ（ｍ）": 10, "測器の深度（ｍ）": 150.0, "維持管理機関名": "防災科学技術研究所", "維持管理機関名（英語）": "NIED", "観測開始年（西暦）": 2000, "同月": 8, "観測機器名または観測項目": "強震計" }, "geometry": { "type": "Point", "coordinates": [ 141.4451, 40.5794 ] } },
{ "type": "Feature", "properties": { "観測の種類": "強震計（地下）", "name": "西目屋", "観測点名ローマ字": "NISHIMEYA", "観測点コード": "AOMH14", "緯度（度）": 40.5488, "経度（度）": 140.2726, "高さ（ｍ）": 158, "測器の深度（ｍ）": 100.0, "維持管理機関名": "防災科学技術研究所", "維持管理機関名（英語）": "NIED", "観測開始年（西暦）": 2000, "同月": 8, "観測機器名または観測項目": "強震計" }, "geometry": { "type": "Point", "coordinates": [ 140.2726, 40.5488 ] } },
{ "type": "Feature", "properties": { "観測の種類": "強震計（地下）", "name": "大鰐", "観測点名ローマ字": "OOWANI", "観測点コード": "AOMH15", "緯度（度）": 40.4841, "経度（度）": 140.5565, "高さ（ｍ）": 130, "測器の深度（ｍ）": 100.0, "維持管理機関名": "防災科学技術研究所", "維持管理機関名（英語）": "NIED", "観測開始年（西暦）": 2000, "同月": 8, "観測機器名または観測項目": "強震計" }, "geometry": { "type": "Point", "coordinates": [ 140.5565, 40.4841 ] } },
{ "type": "Feature", "properties": { "観測の種類": "強震計（地下）", "name": "新郷", "観測点名ローマ字": "SHINGOU", "観測点コード": "AOMH16", "緯度（度）": 40.4624, "経度（度）": 141.0923, "高さ（ｍ）": 315, "測器の深度（ｍ）": 150.0, "維持管理機関名": "防災科学技術研究所", "維持管理機関名（英語）": "NIED", "観測開始年（西暦）": 2000, "同月": 8, "観測機器名または観測項目": "強震計" }, "geometry": { "type": "Point", "coordinates": [ 141.0923, 40.4624 ] } },
{ "type": "Feature", "properties": { "観測の種類": "強震計（地下）", "name": "名川", "観測点名ローマ字": "NAGAWA", "観測点コード": "AOMH17", "緯度（度）": 40.4492, "経度（度）": 141.3374, "高さ（ｍ）": 65, "測器の深度（ｍ）": 114.0, "維持管理機関名": "防災科学技術研究所", "維持管理機関名（英語）": "NIED", "観測開始年（西暦）": 2000, "同月": 8, "観測機器名または観測項目": "強震計" }, "geometry": { "type": "Point", "coordinates": [ 141.3374, 40.4492 ] } },
{ "type": "Feature", "properties": { "観測の種類": "強震計（地下）", "name": "田子", "観測点名ローマ字": "TATSUKO", "観測点コード": "AOMH18", "緯度（度）": 40.2962, "経度（度）": 141.0145, "高さ（ｍ）": 235, "測器の深度（ｍ）": 100.0, "維持管理機関名": "防災科学技術研究所", "維持管理機関名（英語）": "NIED", "観測開始年（西暦）": 2000, "同月": 8, "観測機器名または観測項目": "強震計" }, "geometry": { "type": "Point", "coordinates": [ 141.0145, 40.2962 ] } },
{ "type": "Feature", "properties": { "観測の種類": "強震計（地下）", "name": "二戸東", "観測点名ローマ字": "NINOHE-E", "観測点コード": "IWTH01", "緯度（度）": 40.2383, "経度（度）": 141.3423, "高さ（ｍ）": 230, "測器の深度（ｍ）": 200.0, "維持管理機関名": "防災科学技術研究所", "維持管理機関名（英語）": "NIED", "観測開始年（西暦）": 2000, "同月": 8, "観測機器名または観測項目": "強震計" }, "geometry": { "type": "Point", "coordinates": [ 141.3423, 40.2383 ] } },
{ "type": "Feature", "properties": { "観測の種類": "強震計（地下）", "name": "玉山", "観測点名ローマ字": "TAMAYAMA", "観測点コード": "IWTH02", "緯度（度）": 39.825, "経度（度）": 141.3826, "高さ（ｍ）": 675, "測器の深度（ｍ）": 102.0, "維持管理機関名": "防災科学技術研究所", "維持管理機関名（英語）": "NIED", "観測開始年（西暦）": 2000, "同月": 8, "観測機器名または観測項目": "強震計" }, "geometry": { "type": "Point", "coordinates": [ 141.3826, 39.825 ] } },
{ "type": "Feature", "properties": { "観測の種類": "強震計（地下）", "name": "岩泉", "観測点名ローマ字": "IWAIZUMI", "観測点コード": "IWTH03", "緯度（度）": 39.802, "経度（度）": 141.652, "高さ（ｍ）": 310, "測器の深度（ｍ）": 100.0, "維持管理機関名": "防災科学技術研究所", "維持管理機関名（英語）": "NIED", "観測開始年（西暦）": 2000, "同月": 8, "観測機器名または観測項目": "強震計" }, "geometry": { "type": "Point", "coordinates": [ 141.652, 39.802 ] } },
{ "type": "Feature", "properties": { "観測の種類": "強震計（地下）", "name": "住田", "観測点名ローマ字": "SUMITA", "観測点コード": "IWTH04", "緯度（度）": 39.1809, "経度（度）": 141.3909, "高さ（ｍ）": 620, "測器の深度（ｍ）": 106.0, "維持管理機関名": "防災科学技術研究所", "維持管理機関名（英語）": "NIED", "観測開始年（西暦）": 2000, "同月": 8, "観測機器名または観測項目": "強震計" }, "geometry": { "type": "Point", "coordinates": [ 141.3909, 39.1809 ] } },
{ "type": "Feature", "properties": { "観測の種類": "強震計（地下）", "name": "藤沢", "観測点名ローマ字": "FUJISAWA", "観測点コード": "IWTH05", "緯度（度）": 38.8654, "経度（度）": 141.3512, "高さ（ｍ）": 120, "測器の深度（ｍ）": 100.0, "維持管理機関名": "防災科学技術研究所", "維持管理機関名（英語）": "NIED", "観測開始年（西暦）": 2000, "同月": 8, "観測機器名または観測項目": "強震計" }, "geometry": { "type": "Point", "coordinates": [ 141.3512, 38.8654 ] } },
{ "type": "Feature", "properties": { "観測の種類": "強震計（地下）", "name": "二戸西", "観測点名ローマ字": "NINOHE-W", "観測点コード": "IWTH06", "緯度（度）": 40.2611, "経度（度）": 141.1709, "高さ（ｍ）": 225, "測器の深度（ｍ）": 100.0, "維持管理機関名": "防災科学技術研究所", "維持管理機関名（英語）": "NIED", "観測開始年（西暦）": 2000, "同月": 8, "観測機器名または観測項目": "強震計" }, "geometry": { "type": "Point", "coordinates": [ 141.1709, 40.2611 ] } },
{ "type": "Feature", "properties": { "観測の種類": "強震計（地下）", "name": "軽米", "観測点名ローマ字": "KARUMAI", "観測点コード": "IWTH07", "緯度（度）": 40.2705, "経度（度）": 141.5709, "高さ（ｍ）": 260, "測器の深度（ｍ）": 120.0, "維持管理機関名": "防災科学技術研究所", "維持管理機関名（英語）": "NIED", "観測開始年（西暦）": 2000, "同月": 8, "観測機器名または観測項目": "強震計" }, "geometry": { "type": "Point", "coordinates": [ 141.5709, 40.2705 ] } },
{ "type": "Feature", "properties": { "観測の種類": "強震計（地下）", "name": "久慈北", "観測点名ローマ字": "KUJI-N", "観測点コード": "IWTH08", "緯度（度）": 40.2686, "経度（度）": 141.7831, "高さ（ｍ）": 175, "測器の深度（ｍ）": 100.0, "維持管理機関名": "防災科学技術研究所", "維持管理機関名（英語）": "NIED", "観測開始年（西暦）": 2000, "同月": 8, "観測機器名または観測項目": "強震計" }, "geometry": { "type": "Point", "coordinates": [ 141.7831, 40.2686 ] } },
{ "type": "Feature", "properties": { "観測の種類": "強震計（地下）", "name": "久慈南", "観測点名ローマ字": "KUJI-S", "観測点コード": "IWTH09", "緯度（度）": 40.0861, "経度（度）": 141.712, "高さ（ｍ）": 240, "測器の深度（ｍ）": 100.0, "維持管理機関名": "防災科学技術研究所", "維持管理機関名（英語）": "NIED", "観測開始年（西暦）": 2000, "同月": 8, "観測機器名または観測項目": "強震計" }, "geometry": { "type": "Point", "coordinates": [ 141.712, 40.0861 ] } },
{ "type": "Feature", "properties": { "観測の種類": "強震計（地下）", "name": "安代", "観測点名ローマ字": "ASHIRO", "観測点コード": "IWTH10", "緯度（度）": 40.1391, "経度（度）": 140.9529, "高さ（ｍ）": 308, "測器の深度（ｍ）": 100.0, "維持管理機関名": "防災科学技術研究所", "維持管理機関名（英語）": "NIED", "観測開始年（西暦）": 2000, "同月": 8, "観測機器名または観測項目": "強震計" }, "geometry": { "type": "Point", "coordinates": [ 140.9529, 40.1391 ] } },
{ "type": "Feature", "properties": { "観測の種類": "強震計（地下）", "name": "一戸", "観測点名ローマ字": "ICHINOHE", "観測点コード": "IWTH11", "緯度（度）": 40.0811, "経度（度）": 141.1915, "高さ（ｍ）": 629, "測器の深度（ｍ）": 300.0, "維持管理機関名": "防災科学技術研究所", "維持管理機関名（英語）": "NIED", "観測開始年（西暦）": 2000, "同月": 8, "観測機器名または観測項目": "強震計" }, "geometry": { "type": "Point", "coordinates": [ 141.1915, 40.0811 ] } },
{ "type": "Feature", "properties": { "観測の種類": "強震計（地下）", "name": "九戸", "観測点名ローマ字": "KUNOHE", "観測点コード": "IWTH12", "緯度（度）": 40.1533, "経度（度）": 141.4245, "高さ（ｍ）": 365, "測器の深度（ｍ）": 100.0, "維持管理機関名": "防災科学技術研究所", "維持管理機関名（英語）": "NIED", "観測開始年（西暦）": 2000, "同月": 8, "観測機器名または観測項目": "強震計" }, "geometry": { "type": "Point", "coordinates": [ 141.4245, 40.1533 ] } },
{ "type": "Feature", "properties": { "観測の種類": "強震計（地下）", "name": "葛巻", "観測点名ローマ字": "KUZUMAKI", "観測点コード": "IWTH13", "緯度（度）": 39.9398, "経度（度）": 141.5492, "高さ（ｍ）": 570, "測器の深度（ｍ）": 117.0, "維持管理機関名": "防災科学技術研究所", "維持管理機関名（英語）": "NIED", "観測開始年（西暦）": 2000, "同月": 8, "観測機器名または観測項目": "強震計" }, "geometry": { "type": "Point", "coordinates": [ 141.5492, 39.9398 ] } },
{ "type": "Feature", "properties": { "観測の種類": "強震計（地下）", "name": "田老", "観測点名ローマ字": "TAROU", "観測点コード": "IWTH14", "緯度（度）": 39.7435, "経度（度）": 141.9087, "高さ（ｍ）": 200, "測器の深度（ｍ）": 100.0, "維持管理機関名": "防災科学技術研究所", "維持管理機関名（英語）": "NIED", "観測開始年（西暦）": 2000, "同月": 8, "観測機器名または観測項目": "強震計" }, "geometry": { "type": "Point", "coordinates": [ 141.9087, 39.7435 ] } },
{ "type": "Feature", "properties": { "観測の種類": "強震計（地下）", "name": "矢巾", "観測点名ローマ字": "YAHABA", "観測点コード": "IWTH15", "緯度（度）": 39.6148, "経度（度）": 141.0929, "高さ（ｍ）": 195, "測器の深度（ｍ）": 122.0, "維持管理機関名": "防災科学技術研究所", "維持管理機関名（英語）": "NIED", "観測開始年（西暦）": 2000, "同月": 8, "観測機器名または観測項目": "強震計" }, "geometry": { "type": "Point", "coordinates": [ 141.0929, 39.6148 ] } },
{ "type": "Feature", "properties": { "観測の種類": "強震計（地下）", "name": "雫石", "観測点名ローマ字": "SHIZUKUISHI", "観測点コード": "IWTH16", "緯度（度）": 39.6436, "経度（度）": 140.9465, "高さ（ｍ）": 212, "測器の深度（ｍ）": 150.0, "維持管理機関名": "防災科学技術研究所", "維持管理機関名（英語）": "NIED", "観測開始年（西暦）": 2000, "同月": 8, "観測機器名または観測項目": "強震計" }, "geometry": { "type": "Point", "coordinates": [ 140.9465, 39.6436 ] } },
{ "type": "Feature", "properties": { "観測の種類": "強震計（地下）", "name": "川井北", "観測点名ローマ字": "KAWAI-N", "観測点コード": "IWTH17", "緯度（度）": 39.6442, "経度（度）": 141.5977, "高さ（ｍ）": 305, "測器の深度（ｍ）": 103.0, "維持管理機関名": "防災科学技術研究所", "維持管理機関名（英語）": "NIED", "観測開始年（西暦）": 2000, "同月": 8, "観測機器名または観測項目": "強震計" }, "geometry": { "type": "Point", "coordinates": [ 141.5977, 39.6442 ] } },
{ "type": "Feature", "properties": { "観測の種類": "強震計（地下）", "name": "川井南", "観測点名ローマ字": "KAWAI-S", "観測点コード": "IWTH18", "緯度（度）": 39.463, "経度（度）": 141.6775, "高さ（ｍ）": 552, "測器の深度（ｍ）": 100.0, "維持管理機関名": "防災科学技術研究所", "維持管理機関名（英語）": "NIED", "観測開始年（西暦）": 2000, "同月": 8, "観測機器名または観測項目": "強震計" }, "geometry": { "type": "Point", "coordinates": [ 141.6775, 39.463 ] } },
{ "type": "Feature", "properties": { "観測の種類": "強震計（地下）", "name": "花巻北", "観測点名ローマ字": "HANAMAKI-N", "観測点コード": "IWTH19", "緯度（度）": 39.4559, "経度（度）": 141.0001, "高さ（ｍ）": 220, "測器の深度（ｍ）": 101.0, "維持管理機関名": "防災科学技術研究所", "維持管理機関名（英語）": "NIED", "観測開始年（西暦）": 2000, "同月": 8, "観測機器名または観測項目": "強震計" }, "geometry": { "type": "Point", "coordinates": [ 141.0001, 39.4559 ] } },
{ "type": "Feature", "properties": { "観測の種類": "強震計（地下）", "name": "花巻南", "観測点名ローマ字": "HANAMAKI-S", "観測点コード": "IWTH20", "緯度（度）": 39.3434, "経度（度）": 141.0473, "高さ（ｍ）": 106, "測器の深度（ｍ）": 156.0, "維持管理機関名": "防災科学技術研究所", "維持管理機関名（英語）": "NIED", "観測開始年（西暦）": 2000, "同月": 8, "観測機器名または観測項目": "強震計" }, "geometry": { "type": "Point", "coordinates": [ 141.0473, 39.3434 ] } },
{ "type": "Feature", "properties": { "観測の種類": "強震計（地下）", "name": "山田", "観測点名ローマ字": "YAMADA", "観測点コード": "IWTH21", "緯度（度）": 39.4734, "経度（度）": 141.9336, "高さ（ｍ）": 13, "測器の深度（ｍ）": 100.0, "維持管理機関名": "防災科学技術研究所", "維持管理機関名（英語）": "NIED", "観測開始年（西暦）": 2000, "同月": 8, "観測機器名または観測項目": "強震計" }, "geometry": { "type": "Point", "coordinates": [ 141.9336, 39.4734 ] } },
{ "type": "Feature", "properties": { "観測の種類": "強震計（地下）", "name": "東和", "観測点名ローマ字": "TOUWA", "観測点コード": "IWTH22", "緯度（度）": 39.334, "経度（度）": 141.3015, "高さ（ｍ）": 260, "測器の深度（ｍ）": 100.0, "維持管理機関名": "防災科学技術研究所", "維持管理機関名（英語）": "NIED", "観測開始年（西暦）": 2000, "同月": 8, "観測機器名または観測項目": "強震計" }, "geometry": { "type": "Point", "coordinates": [ 141.3015, 39.334 ] } },
{ "type": "Feature", "properties": { "観測の種類": "強震計（地下）", "name": "釜石", "観測点名ローマ字": "KAMAISHI", "観測点コード": "IWTH23", "緯度（度）": 39.2741, "経度（度）": 141.8233, "高さ（ｍ）": 44, "測器の深度（ｍ）": 103.0, "維持管理機関名": "防災科学技術研究所", "維持管理機関名（英語）": "NIED", "観測開始年（西暦）": 2000, "同月": 8, "観測機器名または観測項目": "強震計" }, "geometry": { "type": "Point", "coordinates": [ 141.8233, 39.2741 ] } },
{ "type": "Feature", "properties": { "観測の種類": "強震計（地下）", "name": "金ヶ崎", "観測点名ローマ字": "KANEGASAKI", "観測点コード": "IWTH24", "緯度（度）": 39.1979, "経度（度）": 141.0118, "高さ（ｍ）": 200, "測器の深度（ｍ）": 150.0, "維持管理機関名": "防災科学技術研究所", "維持管理機関名（英語）": "NIED", "観測開始年（西暦）": 2000, "同月": 8, "観測機器名または観測項目": "強震計" }, "geometry": { "type": "Point", "coordinates": [ 141.0118, 39.1979 ] } },
{ "type": "Feature", "properties": { "観測の種類": "強震計（地下）", "name": "一関東", "観測点名ローマ字": "ICHINOSEKI-E", "観測点コード": "IWTH26", "緯度（度）": 38.969, "経度（度）": 141.0013, "高さ（ｍ）": 125, "測器の深度（ｍ）": 108.0, "維持管理機関名": "防災科学技術研究所", "維持管理機関名（英語）": "NIED", "観測開始年（西暦）": 2000, "同月": 8, "観測機器名または観測項目": "強震計" }, "geometry": { "type": "Point", "coordinates": [ 141.0013, 38.969 ] } },
{ "type": "Feature", "properties": { "観測の種類": "強震計（地下）", "name": "陸前高田", "観測点名ローマ字": "RIKUZENTAKATA", "観測点コード": "IWTH27", "緯度（度）": 39.0307, "経度（度）": 141.532, "高さ（ｍ）": 80, "測器の深度（ｍ）": 100.0, "維持管理機関名": "防災科学技術研究所", "維持管理機関名（英語）": "NIED", "観測開始年（西暦）": 2000, "同月": 8, "観測機器名または観測項目": "強震計" }, "geometry": { "type": "Point", "coordinates": [ 141.532, 39.0307 ] } },
{ "type": "Feature", "properties": { "観測の種類": "強震計（地下）", "name": "一関西2", "観測点名ローマ字": "ICHINOSEKI-W2", "観測点コード": "IWTH28", "緯度（度）": 39.0094, "経度（度）": 140.864, "高さ（ｍ）": 380, "測器の深度（ｍ）": 263.0, "維持管理機関名": "防災科学技術研究所", "維持管理機関名（英語）": "NIED", "観測開始年（西暦）": 2011, "同月": 3, "観測機器名または観測項目": "強震計" }, "geometry": { "type": "Point", "coordinates": [ 140.864, 39.0094 ] } },
{ "type": "Feature", "properties": { "観測の種類": "強震計（地下）", "name": "鳴子", "観測点名ローマ字": "NARUKO", "観測点コード": "MYGH02", "緯度（度）": 38.8587, "経度（度）": 140.6513, "高さ（ｍ）": 345, "測器の深度（ｍ）": 203.0, "維持管理機関名": "防災科学技術研究所", "維持管理機関名（英語）": "NIED", "観測開始年（西暦）": 2000, "同月": 8, "観測機器名または観測項目": "強震計" }, "geometry": { "type": "Point", "coordinates": [ 140.6513, 38.8587 ] } },
{ "type": "Feature", "properties": { "観測の種類": "強震計（地下）", "name": "唐桑", "観測点名ローマ字": "KARAKUWA", "観測点コード": "MYGH03", "緯度（度）": 38.9207, "経度（度）": 141.6377, "高さ（ｍ）": 80, "測器の深度（ｍ）": 117.0, "維持管理機関名": "防災科学技術研究所", "維持管理機関名（英語）": "NIED", "観測開始年（西暦）": 2000, "同月": 8, "観測機器名または観測項目": "強震計" }, "geometry": { "type": "Point", "coordinates": [ 141.6377, 38.9207 ] } },
{ "type": "Feature", "properties": { "観測の種類": "強震計（地下）", "name": "東和", "観測点名ローマ字": "TOUWA", "観測点コード": "MYGH04", "緯度（度）": 38.786, "経度（度）": 141.3254, "高さ（ｍ）": 35, "測器の深度（ｍ）": 100.0, "維持管理機関名": "防災科学技術研究所", "維持管理機関名（英語）": "NIED", "観測開始年（西暦）": 2000, "同月": 8, "観測機器名または観測項目": "強震計" }, "geometry": { "type": "Point", "coordinates": [ 141.3254, 38.786 ] } },
{ "type": "Feature", "properties": { "観測の種類": "強震計（地下）", "name": "小野田", "観測点名ローマ字": "ONODA", "観測点コード": "MYGH05", "緯度（度）": 38.5793, "経度（度）": 140.7804, "高さ（ｍ）": 59, "測器の深度（ｍ）": 337.0, "維持管理機関名": "防災科学技術研究所", "維持管理機関名（英語）": "NIED", "観測開始年（西暦）": 2000, "同月": 8, "観測機器名または観測項目": "強震計" }, "geometry": { "type": "Point", "coordinates": [ 140.7804, 38.5793 ] } },
{ "type": "Feature", "properties": { "観測の種類": "強震計（地下）", "name": "田尻", "観測点名ローマ字": "TAJIRI", "観測点コード": "MYGH06", "緯度（度）": 38.5907, "経度（度）": 141.071, "高さ（ｍ）": 20, "測器の深度（ｍ）": 100.0, "維持管理機関名": "防災科学技術研究所", "維持管理機関名（英語）": "NIED", "観測開始年（西暦）": 2000, "同月": 8, "観測機器名または観測項目": "強震計" }, "geometry": { "type": "Point", "coordinates": [ 141.071, 38.5907 ] } },
{ "type": "Feature", "properties": { "観測の種類": "強震計（地下）", "name": "川崎", "観測点名ローマ字": "KAWASAKI", "観測点コード": "MYGH07", "緯度（度）": 38.1802, "経度（度）": 140.6405, "高さ（ｍ）": 186, "測器の深度（ｍ）": 142.0, "維持管理機関名": "防災科学技術研究所", "維持管理機関名（英語）": "NIED", "観測開始年（西暦）": 2000, "同月": 8, "観測機器名または観測項目": "強震計" }, "geometry": { "type": "Point", "coordinates": [ 140.6405, 38.1802 ] } },
{ "type": "Feature", "properties": { "観測の種類": "強震計（地下）", "name": "岩沼", "観測点名ローマ字": "IWANUMA", "観測点コード": "MYGH08", "緯度（度）": 38.1133, "経度（度）": 140.8441, "高さ（ｍ）": 10, "測器の深度（ｍ）": 100.0, "維持管理機関名": "防災科学技術研究所", "維持管理機関名（英語）": "NIED", "観測開始年（西暦）": 2000, "同月": 8, "観測機器名または観測項目": "強震計" }, "geometry": { "type": "Point", "coordinates": [ 140.8441, 38.1133 ] } },
{ "type": "Feature", "properties": { "観測の種類": "強震計（地下）", "name": "白石", "観測点名ローマ字": "SHIROISHI", "観測点コード": "MYGH09", "緯度（度）": 38.0091, "経度（度）": 140.6027, "高さ（ｍ）": 130, "測器の深度（ｍ）": 100.0, "維持管理機関名": "防災科学技術研究所", "維持管理機関名（英語）": "NIED", "観測開始年（西暦）": 2000, "同月": 8, "観測機器名または観測項目": "強震計" }, "geometry": { "type": "Point", "coordinates": [ 140.6027, 38.0091 ] } },
{ "type": "Feature", "properties": { "観測の種類": "強震計（地下）", "name": "山元", "観測点名ローマ字": "YAMAMOTO", "観測点コード": "MYGH10", "緯度（度）": 37.9411, "経度（度）": 140.8924, "高さ（ｍ）": 18, "測器の深度（ｍ）": 205.0, "維持管理機関名": "防災科学技術研究所", "維持管理機関名（英語）": "NIED", "観測開始年（西暦）": 2000, "同月": 8, "観測機器名または観測項目": "強震計" }, "geometry": { "type": "Point", "coordinates": [ 140.8924, 37.9411 ] } },
{ "type": "Feature", "properties": { "観測の種類": "強震計（地下）", "name": "河北", "観測点名ローマ字": "KAHOKU", "観測点コード": "MYGH11", "緯度（度）": 38.5158, "経度（度）": 141.3421, "高さ（ｍ）": 5, "測器の深度（ｍ）": 207.0, "維持管理機関名": "防災科学技術研究所", "維持管理機関名（英語）": "NIED", "観測開始年（西暦）": 2001, "同月": 3, "観測機器名または観測項目": "強震計" }, "geometry": { "type": "Point", "coordinates": [ 141.3421, 38.5158 ] } },
{ "type": "Feature", "properties": { "観測の種類": "強震計（地下）", "name": "南三陸", "観測点名ローマ字": "MINAMISANRIKU", "観測点コード": "MYGH13", "緯度（度）": 38.6993, "経度（度）": 141.4176, "高さ（ｍ）": 90, "測器の深度（ｍ）": 100.0, "維持管理機関名": "防災科学技術研究所", "維持管理機関名（英語）": "NIED", "観測開始年（西暦）": 2013, "同月": 2, "観測機器名または観測項目": "強震計" }, "geometry": { "type": "Point", "coordinates": [ 141.4176, 38.6993 ] } },
{ "type": "Feature", "properties": { "観測の種類": "強震計（地下）", "name": "利府", "観測点名ローマ字": "RIFU", "観測点コード": "MYGH14", "緯度（度）": 38.34, "経度（度）": 140.9551, "高さ（ｍ）": 48, "測器の深度（ｍ）": 1034.0, "維持管理機関名": "防災科学技術研究所", "維持管理機関名（英語）": "NIED", "観測開始年（西暦）": 2013, "同月": 4, "観測機器名または観測項目": "強震計" }, "geometry": { "type": "Point", "coordinates": [ 140.9551, 38.34 ] } },
{ "type": "Feature", "properties": { "観測の種類": "強震計（地下）", "name": "西木北", "観測点名ローマ字": "NISHIKI-N", "観測点コード": "AKTH01", "緯度（度）": 39.8147, "経度（度）": 140.579, "高さ（ｍ）": 318, "測器の深度（ｍ）": 100.0, "維持管理機関名": "防災科学技術研究所", "維持管理機関名（英語）": "NIED", "観測開始年（西暦）": 2000, "同月": 8, "観測機器名または観測項目": "強震計" }, "geometry": { "type": "Point", "coordinates": [ 140.579, 39.8147 ] } },
{ "type": "Feature", "properties": { "観測の種類": "強震計（地下）", "name": "西木南", "観測点名ローマ字": "NISHIKI-S", "観測点コード": "AKTH02", "緯度（度）": 39.6634, "経度（度）": 140.5721, "高さ（ｍ）": 95, "測器の深度（ｍ）": 100.0, "維持管理機関名": "防災科学技術研究所", "維持管理機関名（英語）": "NIED", "観測開始年（西暦）": 2000, "同月": 8, "観測機器名または観測項目": "強震計" }, "geometry": { "type": "Point", "coordinates": [ 140.5721, 39.6634 ] } },
{ "type": "Feature", "properties": { "観測の種類": "強震計（地下）", "name": "矢島", "観測点名ローマ字": "YAJIMA", "観測点コード": "AKTH03", "緯度（度）": 39.2223, "経度（度）": 140.1283, "高さ（ｍ）": 145, "測器の深度（ｍ）": 103.0, "維持管理機関名": "防災科学技術研究所", "維持管理機関名（英語）": "NIED", "観測開始年（西暦）": 2000, "同月": 8, "観測機器名または観測項目": "強震計" }, "geometry": { "type": "Point", "coordinates": [ 140.1283, 39.2223 ] } },
{ "type": "Feature", "properties": { "観測の種類": "強震計（地下）", "name": "東成瀬", "観測点名ローマ字": "HIGASHINARUSE", "観測点コード": "AKTH04", "緯度（度）": 39.174, "経度（度）": 140.7129, "高さ（ｍ）": 280, "測器の深度（ｍ）": 100.0, "維持管理機関名": "防災科学技術研究所", "維持管理機関名（英語）": "NIED", "観測開始年（西暦）": 2000, "同月": 8, "観測機器名または観測項目": "強震計" }, "geometry": { "type": "Point", "coordinates": [ 140.7129, 39.174 ] } },
{ "type": "Feature", "properties": { "観測の種類": "強震計（地下）", "name": "鳥海", "観測点名ローマ字": "CHOUKAI", "観測点コード": "AKTH05", "緯度（度）": 39.0718, "経度（度）": 140.3185, "高さ（ｍ）": 275, "測器の深度（ｍ）": 200.0, "維持管理機関名": "防災科学技術研究所", "維持管理機関名（英語）": "NIED", "観測開始年（西暦）": 2000, "同月": 8, "観測機器名または観測項目": "強震計" }, "geometry": { "type": "Point", "coordinates": [ 140.3185, 39.0718 ] } },
{ "type": "Feature", "properties": { "観測の種類": "強震計（地下）", "name": "雄勝", "観測点名ローマ字": "OGACHI", "観測点コード": "AKTH06", "緯度（度）": 38.9801, "経度（度）": 140.4952, "高さ（ｍ）": 285, "測器の深度（ｍ）": 100.0, "維持管理機関名": "防災科学技術研究所", "維持管理機関名（英語）": "NIED", "観測開始年（西暦）": 2000, "同月": 8, "観測機器名または観測項目": "強震計" }, "geometry": { "type": "Point", "coordinates": [ 140.4952, 38.9801 ] } },
{ "type": "Feature", "properties": { "観測の種類": "強震計（地下）", "name": "小坂", "観測点名ローマ字": "KOSAKA", "観測点コード": "AKTH07", "緯度（度）": 40.4563, "経度（度）": 140.8395, "高さ（ｍ）": 405, "測器の深度（ｍ）": 105.0, "維持管理機関名": "防災科学技術研究所", "維持管理機関名（英語）": "NIED", "観測開始年（西暦）": 2000, "同月": 8, "観測機器名または観測項目": "強震計" }, "geometry": { "type": "Point", "coordinates": [ 140.8395, 40.4563 ] } },
{ "type": "Feature", "properties": { "観測の種類": "強震計（地下）", "name": "藤里", "観測点名ローマ字": "FUJISATO", "観測点コード": "AKTH08", "緯度（度）": 40.3188, "経度（度）": 140.2341, "高さ（ｍ）": 125, "測器の深度（ｍ）": 200.0, "維持管理機関名": "防災科学技術研究所", "維持管理機関名（英語）": "NIED", "観測開始年（西暦）": 2000, "同月": 8, "観測機器名または観測項目": "強震計" }, "geometry": { "type": "Point", "coordinates": [ 140.2341, 40.3188 ] } },
{ "type": "Feature", "properties": { "観測の種類": "強震計（地下）", "name": "田代", "観測点名ローマ字": "TASHIRO", "観測点コード": "AKTH09", "緯度（度）": 40.2755, "経度（度）": 140.4596, "高さ（ｍ）": 45, "測器の深度（ｍ）": 101.0, "維持管理機関名": "防災科学技術研究所", "維持管理機関名（英語）": "NIED", "観測開始年（西暦）": 2000, "同月": 8, "観測機器名または観測項目": "強震計" }, "geometry": { "type": "Point", "coordinates": [ 140.4596, 40.2755 ] } },
{ "type": "Feature", "properties": { "観測の種類": "強震計（地下）", "name": "大館", "観測点名ローマ字": "OODATE", "観測点コード": "AKTH10", "緯度（度）": 40.3002, "経度（度）": 140.5812, "高さ（ｍ）": 85, "測器の深度（ｍ）": 100.0, "維持管理機関名": "防災科学技術研究所", "維持管理機関名（英語）": "NIED", "観測開始年（西暦）": 2000, "同月": 8, "観測機器名または観測項目": "強震計" }, "geometry": { "type": "Point", "coordinates": [ 140.5812, 40.3002 ] } },
{ "type": "Feature", "properties": { "観測の種類": "強震計（地下）", "name": "男鹿", "観測点名ローマ字": "OGA", "観測点コード": "AKTH11", "緯度（度）": 39.9554, "経度（度）": 139.7623, "高さ（ｍ）": 56, "測器の深度（ｍ）": 350.0, "維持管理機関名": "防災科学技術研究所", "維持管理機関名（英語）": "NIED", "観測開始年（西暦）": 2000, "同月": 8, "観測機器名または観測項目": "強震計" }, "geometry": { "type": "Point", "coordinates": [ 139.7623, 39.9554 ] } },
{ "type": "Feature", "properties": { "観測の種類": "強震計（地下）", "name": "五城目", "観測点名ローマ字": "GOJONOME", "観測点コード": "AKTH12", "緯度（度）": 39.9155, "経度（度）": 140.2221, "高さ（ｍ）": 90, "測器の深度（ｍ）": 100.0, "維持管理機関名": "防災科学技術研究所", "維持管理機関名（英語）": "NIED", "観測開始年（西暦）": 2000, "同月": 8, "観測機器名または観測項目": "強震計" }, "geometry": { "type": "Point", "coordinates": [ 140.2221, 39.9155 ] } },
{ "type": "Feature", "properties": { "観測の種類": "強震計（地下）", "name": "阿仁", "観測点名ローマ字": "ANI", "観測点コード": "AKTH13", "緯度（度）": 39.9819, "経度（度）": 140.4072, "高さ（ｍ）": 145, "測器の深度（ｍ）": 100.0, "維持管理機関名": "防災科学技術研究所", "維持管理機関名（英語）": "NIED", "観測開始年（西暦）": 2000, "同月": 8, "観測機器名または観測項目": "強震計" }, "geometry": { "type": "Point", "coordinates": [ 140.4072, 39.9819 ] } },
{ "type": "Feature", "properties": { "観測の種類": "強震計（地下）", "name": "鹿角", "観測点名ローマ字": "KAZUNO", "観測点コード": "AKTH14", "緯度（度）": 40.0622, "経度（度）": 140.8084, "高さ（ｍ）": 320, "測器の深度（ｍ）": 108.0, "維持管理機関名": "防災科学技術研究所", "維持管理機関名（英語）": "NIED", "観測開始年（西暦）": 2000, "同月": 8, "観測機器名または観測項目": "強震計" }, "geometry": { "type": "Point", "coordinates": [ 140.8084, 40.0622 ] } },
{ "type": "Feature", "properties": { "観測の種類": "強震計（地下）", "name": "協和", "観測点名ローマ字": "KYOUWA", "観測点コード": "AKTH15", "緯度（度）": 39.6884, "経度（度）": 140.4075, "高さ（ｍ）": 165, "測器の深度（ｍ）": 100.0, "維持管理機関名": "防災科学技術研究所", "維持管理機関名（英語）": "NIED", "観測開始年（西暦）": 2000, "同月": 8, "観測機器名または観測項目": "強震計" }, "geometry": { "type": "Point", "coordinates": [ 140.4075, 39.6884 ] } },
{ "type": "Feature", "properties": { "観測の種類": "強震計（地下）", "name": "西仙北", "観測点名ローマ字": "NISHISENBOKU", "観測点コード": "AKTH16", "緯度（度）": 39.545, "経度（度）": 140.3481, "高さ（ｍ）": 20, "測器の深度（ｍ）": 154.0, "維持管理機関名": "防災科学技術研究所", "維持管理機関名（英語）": "NIED", "観測開始年（西暦）": 2000, "同月": 8, "観測機器名または観測項目": "強震計" }, "geometry": { "type": "Point", "coordinates": [ 140.3481, 39.545 ] } },
{ "type": "Feature", "properties": { "観測の種類": "強震計（地下）", "name": "中仙", "観測点名ローマ字": "NAKASEN", "観測点コード": "AKTH17", "緯度（度）": 39.5575, "経度（度）": 140.6116, "高さ（ｍ）": 95, "測器の深度（ｍ）": 177.0, "維持管理機関名": "防災科学技術研究所", "維持管理機関名（英語）": "NIED", "観測開始年（西暦）": 2000, "同月": 8, "観測機器名または観測項目": "強震計" }, "geometry": { "type": "Point", "coordinates": [ 140.6116, 39.5575 ] } },
{ "type": "Feature", "properties": { "観測の種類": "強震計（地下）", "name": "大森", "観測点名ローマ字": "OOMORI", "観測点コード": "AKTH18", "緯度（度）": 39.3548, "経度（度）": 140.3869, "高さ（ｍ）": 65, "測器の深度（ｍ）": 100.0, "維持管理機関名": "防災科学技術研究所", "維持管理機関名（英語）": "NIED", "観測開始年（西暦）": 2000, "同月": 8, "観測機器名または観測項目": "強震計" }, "geometry": { "type": "Point", "coordinates": [ 140.3869, 39.3548 ] } },
{ "type": "Feature", "properties": { "観測の種類": "強震計（地下）", "name": "湯沢", "観測点名ローマ字": "YUZAWA", "観測点コード": "AKTH19", "緯度（度）": 39.1913, "経度（度）": 140.471, "高さ（ｍ）": 74, "測器の深度（ｍ）": 180.0, "維持管理機関名": "防災科学技術研究所", "維持管理機関名（英語）": "NIED", "観測開始年（西暦）": 2000, "同月": 8, "観測機器名または観測項目": "強震計" }, "geometry": { "type": "Point", "coordinates": [ 140.471, 39.1913 ] } },
{ "type": "Feature", "properties": { "観測の種類": "強震計（地下）", "name": "天童", "観測点名ローマ字": "TENDOU", "観測点コード": "YMTH01", "緯度（度）": 38.3841, "経度（度）": 140.3805, "高さ（ｍ）": 113, "測器の深度（ｍ）": 207.0, "維持管理機関名": "防災科学技術研究所", "維持管理機関名（英語）": "NIED", "観測開始年（西暦）": 2000, "同月": 8, "観測機器名または観測項目": "強震計" }, "geometry": { "type": "Point", "coordinates": [ 140.3805, 38.3841 ] } },
{ "type": "Feature", "properties": { "観測の種類": "強震計（地下）", "name": "山形", "観測点名ローマ字": "YAMAGATA", "観測点コード": "YMTH02", "緯度（度）": 38.2693, "経度（度）": 140.2583, "高さ（ｍ）": 130, "測器の深度（ｍ）": 150.0, "維持管理機関名": "防災科学技術研究所", "維持管理機関名（英語）": "NIED", "観測開始年（西暦）": 2000, "同月": 8, "観測機器名または観測項目": "強震計" }, "geometry": { "type": "Point", "coordinates": [ 140.2583, 38.2693 ] } },
{ "type": "Feature", "properties": { "観測の種類": "強震計（地下）", "name": "南陽", "観測点名ローマ字": "NANYOU", "観測点コード": "YMTH03", "緯度（度）": 38.1035, "経度（度）": 140.1553, "高さ（ｍ）": 278, "測器の深度（ｍ）": 114.0, "維持管理機関名": "防災科学技術研究所", "維持管理機関名（英語）": "NIED", "観測開始年（西暦）": 2000, "同月": 8, "観測機器名または観測項目": "強震計" }, "geometry": { "type": "Point", "coordinates": [ 140.1553, 38.1035 ] } },
{ "type": "Feature", "properties": { "観測の種類": "強震計（地下）", "name": "上山", "観測点名ローマ字": "KAMINOYAMA", "観測点コード": "YMTH04", "緯度（度）": 38.0813, "経度（度）": 140.2978, "高さ（ｍ）": 315, "測器の深度（ｍ）": 100.0, "維持管理機関名": "防災科学技術研究所", "維持管理機関名（英語）": "NIED", "観測開始年（西暦）": 2000, "同月": 8, "観測機器名または観測項目": "強震計" }, "geometry": { "type": "Point", "coordinates": [ 140.2978, 38.0813 ] } },
{ "type": "Feature", "properties": { "観測の種類": "強震計（地下）", "name": "小国", "観測点名ローマ字": "OGUNI", "観測点コード": "YMTH05", "緯度（度）": 37.9883, "経度（度）": 139.8017, "高さ（ｍ）": 280, "測器の深度（ｍ）": 107.0, "維持管理機関名": "防災科学技術研究所", "維持管理機関名（英語）": "NIED", "観測開始年（西暦）": 2000, "同月": 8, "観測機器名または観測項目": "強震計" }, "geometry": { "type": "Point", "coordinates": [ 139.8017, 37.9883 ] } },
{ "type": "Feature", "properties": { "観測の種類": "強震計（地下）", "name": "高畠", "観測点名ローマ字": "TAKAHATA", "観測点コード": "YMTH06", "緯度（度）": 37.9633, "経度（度）": 140.1836, "高さ（ｍ）": 233, "測器の深度（ｍ）": 145.0, "維持管理機関名": "防災科学技術研究所", "維持管理機関名（英語）": "NIED", "観測開始年（西暦）": 2000, "同月": 8, "観測機器名または観測項目": "強震計" }, "geometry": { "type": "Point", "coordinates": [ 140.1836, 37.9633 ] } },
{ "type": "Feature", "properties": { "観測の種類": "強震計（地下）", "name": "米沢", "観測点名ローマ字": "YONEZAWA", "観測点コード": "YMTH07", "緯度（度）": 37.896, "経度（度）": 140.0278, "高さ（ｍ）": 352, "測器の深度（ｍ）": 200.0, "維持管理機関名": "防災科学技術研究所", "維持管理機関名（英語）": "NIED", "観測開始年（西暦）": 2000, "同月": 8, "観測機器名または観測項目": "強震計" }, "geometry": { "type": "Point", "coordinates": [ 140.0278, 37.896 ] } },
{ "type": "Feature", "properties": { "観測の種類": "強震計（地下）", "name": "八幡", "観測点名ローマ字": "YAWATA", "観測点コード": "YMTH08", "緯度（度）": 38.9701, "経度（度）": 140.0333, "高さ（ｍ）": 115, "測器の深度（ｍ）": 106.0, "維持管理機関名": "防災科学技術研究所", "維持管理機関名（英語）": "NIED", "観測開始年（西暦）": 2000, "同月": 8, "観測機器名または観測項目": "強震計" }, "geometry": { "type": "Point", "coordinates": [ 140.0333, 38.9701 ] } },
{ "type": "Feature", "properties": { "観測の種類": "強震計（地下）", "name": "戸沢", "観測点名ローマ字": "TOZAWA", "観測点コード": "YMTH09", "緯度（度）": 38.7498, "経度（度）": 140.178, "高さ（ｍ）": 65, "測器の深度（ｍ）": 200.0, "維持管理機関名": "防災科学技術研究所", "維持管理機関名（英語）": "NIED", "観測開始年（西暦）": 2000, "同月": 8, "観測機器名または観測項目": "強震計" }, "geometry": { "type": "Point", "coordinates": [ 140.178, 38.7498 ] } },
{ "type": "Feature", "properties": { "観測の種類": "強震計（地下）", "name": "舟形", "観測点名ローマ字": "FUNAGATA", "観測点コード": "YMTH10", "緯度（度）": 38.7107, "経度（度）": 140.3744, "高さ（ｍ）": 105, "測器の深度（ｍ）": 204.0, "維持管理機関名": "防災科学技術研究所", "維持管理機関名（英語）": "NIED", "観測開始年（西暦）": 2000, "同月": 8, "観測機器名または観測項目": "強震計" }, "geometry": { "type": "Point", "coordinates": [ 140.3744, 38.7107 ] } },
{ "type": "Feature", "properties": { "観測の種類": "強震計（地下）", "name": "最上", "観測点名ローマ字": "MOGAMI", "観測点コード": "YMTH11", "緯度（度）": 38.7132, "経度（度）": 140.5544, "高さ（ｍ）": 253, "測器の深度（ｍ）": 109.0, "維持管理機関名": "防災科学技術研究所", "維持管理機関名（英語）": "NIED", "観測開始年（西暦）": 2000, "同月": 8, "観測機器名または観測項目": "強震計" }, "geometry": { "type": "Point", "coordinates": [ 140.5544, 38.7132 ] } },
{ "type": "Feature", "properties": { "観測の種類": "強震計（地下）", "name": "立川", "観測点名ローマ字": "TACHIKAWA", "観測点コード": "YMTH12", "緯度（度）": 38.6357, "経度（度）": 140.0055, "高さ（ｍ）": 320, "測器の深度（ｍ）": 203.0, "維持管理機関名": "防災科学技術研究所", "維持管理機関名（英語）": "NIED", "観測開始年（西暦）": 2000, "同月": 8, "観測機器名または観測項目": "強震計" }, "geometry": { "type": "Point", "coordinates": [ 140.0055, 38.6357 ] } },
{ "type": "Feature", "properties": { "観測の種類": "強震計（地下）", "name": "朝日", "観測点名ローマ字": "ASAHI", "観測点コード": "YMTH13", "緯度（度）": 38.4704, "経度（度）": 139.7606, "高さ（ｍ）": 265, "測器の深度（ｍ）": 104.0, "維持管理機関名": "防災科学技術研究所", "維持管理機関名（英語）": "NIED", "観測開始年（西暦）": 2000, "同月": 8, "観測機器名または観測項目": "強震計" }, "geometry": { "type": "Point", "coordinates": [ 139.7606, 38.4704 ] } },
{ "type": "Feature", "properties": { "観測の種類": "強震計（地下）", "name": "西川西", "観測点名ローマ字": "NISHIKAWA-W", "観測点コード": "YMTH14", "緯度（度）": 38.386, "経度（度）": 139.9916, "高さ（ｍ）": 465, "測器の深度（ｍ）": 103.0, "維持管理機関名": "防災科学技術研究所", "維持管理機関名（英語）": "NIED", "観測開始年（西暦）": 2000, "同月": 8, "観測機器名または観測項目": "強震計" }, "geometry": { "type": "Point", "coordinates": [ 139.9916, 38.386 ] } },
{ "type": "Feature", "properties": { "観測の種類": "強震計（地下）", "name": "西川東", "観測点名ローマ字": "NISHIKAWA-E", "観測点コード": "YMTH15", "緯度（度）": 38.4257, "経度（度）": 140.1249, "高さ（ｍ）": 305, "測器の深度（ｍ）": 100.0, "維持管理機関名": "防災科学技術研究所", "維持管理機関名（英語）": "NIED", "観測開始年（西暦）": 2000, "同月": 8, "観測機器名または観測項目": "強震計" }, "geometry": { "type": "Point", "coordinates": [ 140.1249, 38.4257 ] } },
{ "type": "Feature", "properties": { "観測の種類": "強震計（地下）", "name": "西会津", "観測点名ローマ字": "NISHIAIZU", "観測点コード": "FKSH01", "緯度（度）": 37.7565, "経度（度）": 139.715, "高さ（ｍ）": 438, "測器の深度（ｍ）": 100.0, "維持管理機関名": "防災科学技術研究所", "維持管理機関名（英語）": "NIED", "観測開始年（西暦）": 2000, "同月": 8, "観測機器名または観測項目": "強震計" }, "geometry": { "type": "Point", "coordinates": [ 139.715, 37.7565 ] } },
{ "type": "Feature", "properties": { "観測の種類": "強震計（地下）", "name": "熱塩加納", "観測点名ローマ字": "ATSUSHIOKANOU", "観測点コード": "FKSH02", "緯度（度）": 37.7317, "経度（度）": 139.8821, "高さ（ｍ）": 330, "測器の深度（ｍ）": 100.0, "維持管理機関名": "防災科学技術研究所", "維持管理機関名（英語）": "NIED", "観測開始年（西暦）": 2000, "同月": 8, "観測機器名または観測項目": "強震計" }, "geometry": { "type": "Point", "coordinates": [ 139.8821, 37.7317 ] } },
{ "type": "Feature", "properties": { "観測の種類": "強震計（地下）", "name": "高郷", "観測点名ローマ字": "TAKASATO", "観測点コード": "FKSH03", "緯度（度）": 37.6078, "経度（度）": 139.7533, "高さ（ｍ）": 225, "測器の深度（ｍ）": 127.0, "維持管理機関名": "防災科学技術研究所", "維持管理機関名（英語）": "NIED", "観測開始年（西暦）": 2000, "同月": 8, "観測機器名または観測項目": "強震計" }, "geometry": { "type": "Point", "coordinates": [ 139.7533, 37.6078 ] } },
{ "type": "Feature", "properties": { "観測の種類": "強震計（地下）", "name": "会津高田", "観測点名ローマ字": "AIZUTAKADA", "観測点コード": "FKSH04", "緯度（度）": 37.4508, "経度（度）": 139.8126, "高さ（ｍ）": 278, "測器の深度（ｍ）": 268.0, "維持管理機関名": "防災科学技術研究所", "維持管理機関名（英語）": "NIED", "観測開始年（西暦）": 2000, "同月": 8, "観測機器名または観測項目": "強震計" }, "geometry": { "type": "Point", "coordinates": [ 139.8126, 37.4508 ] } },
{ "type": "Feature", "properties": { "観測の種類": "強震計（地下）", "name": "下郷", "観測点名ローマ字": "SHIMOGOU", "観測点コード": "FKSH05", "緯度（度）": 37.2544, "経度（度）": 139.8725, "高さ（ｍ）": 496, "測器の深度（ｍ）": 105.0, "維持管理機関名": "防災科学技術研究所", "維持管理機関名（英語）": "NIED", "観測開始年（西暦）": 2000, "同月": 8, "観測機器名または観測項目": "強震計" }, "geometry": { "type": "Point", "coordinates": [ 139.8725, 37.2544 ] } },
{ "type": "Feature", "properties": { "観測の種類": "強震計（地下）", "name": "伊南", "観測点名ローマ字": "INA", "観測点コード": "FKSH06", "緯度（度）": 37.1723, "経度（度）": 139.5199, "高さ（ｍ）": 572, "測器の深度（ｍ）": 100.0, "維持管理機関名": "防災科学技術研究所", "維持管理機関名（英語）": "NIED", "観測開始年（西暦）": 2000, "同月": 8, "観測機器名または観測項目": "強震計" }, "geometry": { "type": "Point", "coordinates": [ 139.5199, 37.1723 ] } },
{ "type": "Feature", "properties": { "観測の種類": "強震計（地下）", "name": "檜枝岐", "観測点名ローマ字": "HINOEMATA", "観測点コード": "FKSH07", "緯度（度）": 37.0103, "経度（度）": 139.3755, "高さ（ｍ）": 974, "測器の深度（ｍ）": 200.0, "維持管理機関名": "防災科学技術研究所", "維持管理機関名（英語）": "NIED", "観測開始年（西暦）": 2000, "同月": 8, "観測機器名または観測項目": "強震計" }, "geometry": { "type": "Point", "coordinates": [ 139.3755, 37.0103 ] } },
{ "type": "Feature", "properties": { "観測の種類": "強震計（地下）", "name": "長沼", "観測点名ローマ字": "NAGANUMA", "観測点コード": "FKSH08", "緯度（度）": 37.2822, "経度（度）": 140.2144, "高さ（ｍ）": 343, "測器の深度（ｍ）": 105.0, "維持管理機関名": "防災科学技術研究所", "維持管理機関名（英語）": "NIED", "観測開始年（西暦）": 2000, "同月": 8, "観測機器名または観測項目": "強震計" }, "geometry": { "type": "Point", "coordinates": [ 140.2144, 37.2822 ] } },
{ "type": "Feature", "properties": { "観測の種類": "強震計（地下）", "name": "郡山", "観測点名ローマ字": "KOORIYAMA", "観測点コード": "FKSH09", "緯度（度）": 37.353, "経度（度）": 140.4264, "高さ（ｍ）": 260, "測器の深度（ｍ）": 200.0, "維持管理機関名": "防災科学技術研究所", "維持管理機関名（英語）": "NIED", "観測開始年（西暦）": 2000, "同月": 8, "観測機器名または観測項目": "強震計" }, "geometry": { "type": "Point", "coordinates": [ 140.4264, 37.353 ] } },
{ "type": "Feature", "properties": { "観測の種類": "強震計（地下）", "name": "西郷", "観測点名ローマ字": "NISHIGOU", "観測点コード": "FKSH10", "緯度（度）": 37.1616, "経度（度）": 140.093, "高さ（ｍ）": 565, "測器の深度（ｍ）": 200.0, "維持管理機関名": "防災科学技術研究所", "維持管理機関名（英語）": "NIED", "観測開始年（西暦）": 2000, "同月": 8, "観測機器名または観測項目": "強震計" }, "geometry": { "type": "Point", "coordinates": [ 140.093, 37.1616 ] } },
{ "type": "Feature", "properties": { "観測の種類": "強震計（地下）", "name": "矢吹", "観測点名ローマ字": "YABUKI", "観測点コード": "FKSH11", "緯度（度）": 37.2006, "経度（度）": 140.3386, "高さ（ｍ）": 286, "測器の深度（ｍ）": 115.0, "維持管理機関名": "防災科学技術研究所", "維持管理機関名（英語）": "NIED", "観測開始年（西暦）": 2000, "同月": 8, "観測機器名または観測項目": "強震計" }, "geometry": { "type": "Point", "coordinates": [ 140.3386, 37.2006 ] } },
{ "type": "Feature", "properties": { "観測の種類": "強震計（地下）", "name": "平田", "観測点名ローマ字": "HIRATA", "観測点コード": "FKSH12", "緯度（度）": 37.2169, "経度（度）": 140.5703, "高さ（ｍ）": 470, "測器の深度（ｍ）": 105.0, "維持管理機関名": "防災科学技術研究所", "維持管理機関名（英語）": "NIED", "観測開始年（西暦）": 2000, "同月": 8, "観測機器名または観測項目": "強震計" }, "geometry": { "type": "Point", "coordinates": [ 140.5703, 37.2169 ] } },
{ "type": "Feature", "properties": { "観測の種類": "強震計（地下）", "name": "いわき西", "観測点名ローマ字": "IWAKI-W", "観測点コード": "FKSH13", "緯度（度）": 36.9951, "経度（度）": 140.5853, "高さ（ｍ）": 580, "測器の深度（ｍ）": 105.0, "維持管理機関名": "防災科学技術研究所", "維持管理機関名（英語）": "NIED", "観測開始年（西暦）": 2000, "同月": 8, "観測機器名または観測項目": "強震計" }, "geometry": { "type": "Point", "coordinates": [ 140.5853, 36.9951 ] } },
{ "type": "Feature", "properties": { "観測の種類": "強震計（地下）", "name": "いわき東", "観測点名ローマ字": "IWAKI-E", "観測点コード": "FKSH14", "緯度（度）": 37.0264, "経度（度）": 140.9702, "高さ（ｍ）": 3, "測器の深度（ｍ）": 147.0, "維持管理機関名": "防災科学技術研究所", "維持管理機関名（英語）": "NIED", "観測開始年（西暦）": 2000, "同月": 8, "観測機器名または観測項目": "強震計" }, "geometry": { "type": "Point", "coordinates": [ 140.9702, 37.0264 ] } },
{ "type": "Feature", "properties": { "観測の種類": "強震計（地下）", "name": "猪苗代", "観測点名ローマ字": "INAWASHIRO", "観測点コード": "FKSH15", "緯度（度）": 37.6461, "経度（度）": 140.1735, "高さ（ｍ）": 757, "測器の深度（ｍ）": 100.0, "維持管理機関名": "防災科学技術研究所", "維持管理機関名（英語）": "NIED", "観測開始年（西暦）": 2000, "同月": 8, "観測機器名または観測項目": "強震計" }, "geometry": { "type": "Point", "coordinates": [ 140.1735, 37.6461 ] } },
{ "type": "Feature", "properties": { "観測の種類": "強震計（地下）", "name": "福島", "観測点名ローマ字": "FUKUSHIMA", "観測点コード": "FKSH16", "緯度（度）": 37.7643, "経度（度）": 140.3766, "高さ（ｍ）": 135, "測器の深度（ｍ）": 300.0, "維持管理機関名": "防災科学技術研究所", "維持管理機関名（英語）": "NIED", "観測開始年（西暦）": 2000, "同月": 8, "観測機器名または観測項目": "強震計" }, "geometry": { "type": "Point", "coordinates": [ 140.3766, 37.7643 ] } },
{ "type": "Feature", "properties": { "観測の種類": "強震計（地下）", "name": "川俣", "観測点名ローマ字": "KAWAMATA", "観測点コード": "FKSH17", "緯度（度）": 37.6636, "経度（度）": 140.5974, "高さ（ｍ）": 205, "測器の深度（ｍ）": 100.0, "維持管理機関名": "防災科学技術研究所", "維持管理機関名（英語）": "NIED", "観測開始年（西暦）": 2000, "同月": 8, "観測機器名または観測項目": "強震計" }, "geometry": { "type": "Point", "coordinates": [ 140.5974, 37.6636 ] } },
{ "type": "Feature", "properties": { "観測の種類": "強震計（地下）", "name": "三春", "観測点名ローマ字": "MIHARU", "観測点コード": "FKSH18", "緯度（度）": 37.4894, "経度（度）": 140.538, "高さ（ｍ）": 410, "測器の深度（ｍ）": 100.0, "維持管理機関名": "防災科学技術研究所", "維持管理機関名（英語）": "NIED", "観測開始年（西暦）": 2000, "同月": 8, "観測機器名または観測項目": "強震計" }, "geometry": { "type": "Point", "coordinates": [ 140.538, 37.4894 ] } },
{ "type": "Feature", "properties": { "観測の種類": "強震計（地下）", "name": "都路", "観測点名ローマ字": "MIYAKOJI", "観測点コード": "FKSH19", "緯度（度）": 37.4703, "経度（度）": 140.7227, "高さ（ｍ）": 510, "測器の深度（ｍ）": 100.0, "維持管理機関名": "防災科学技術研究所", "維持管理機関名（英語）": "NIED", "観測開始年（西暦）": 2000, "同月": 8, "観測機器名または観測項目": "強震計" }, "geometry": { "type": "Point", "coordinates": [ 140.7227, 37.4703 ] } },
{ "type": "Feature", "properties": { "観測の種類": "強震計（地下）", "name": "浪江", "観測点名ローマ字": "NAMIE", "観測点コード": "FKSH20", "緯度（度）": 37.4911, "経度（度）": 140.9871, "高さ（ｍ）": 12, "測器の深度（ｍ）": 109.0, "維持管理機関名": "防災科学技術研究所", "維持管理機関名（英語）": "NIED", "観測開始年（西暦）": 2000, "同月": 8, "観測機器名または観測項目": "強震計" }, "geometry": { "type": "Point", "coordinates": [ 140.9871, 37.4911 ] } },
{ "type": "Feature", "properties": { "観測の種類": "強震計（地下）", "name": "只見", "観測点名ローマ字": "TADAMI", "観測点コード": "FKSH21", "緯度（度）": 37.3421, "経度（度）": 139.3147, "高さ（ｍ）": 375, "測器の深度（ｍ）": 200.0, "維持管理機関名": "防災科学技術研究所", "維持管理機関名（英語）": "NIED", "観測開始年（西暦）": 2000, "同月": 8, "観測機器名または観測項目": "強震計" }, "geometry": { "type": "Point", "coordinates": [ 139.3147, 37.3421 ] } },
{ "type": "Feature", "properties": { "観測の種類": "強震計（地下）", "name": "北茨城2", "観測点名ローマ字": "KITAIBARAKI2", "観測点コード": "IBRH06", "緯度（度）": 36.8809, "経度（度）": 140.6545, "高さ（ｍ）": 395, "測器の深度（ｍ）": 100.0, "維持管理機関名": "防災科学技術研究所", "維持管理機関名（英語）": "NIED", "観測開始年（西暦）": 2013, "同月": 3, "観測機器名または観測項目": "強震計" }, "geometry": { "type": "Point", "coordinates": [ 140.6545, 36.8809 ] } },
{ "type": "Feature", "properties": { "観測の種類": "強震計（地下）", "name": "江戸崎", "観測点名ローマ字": "EDOSAKI", "観測点コード": "IBRH07", "緯度（度）": 35.9509, "経度（度）": 140.3302, "高さ（ｍ）": 0, "測器の深度（ｍ）": 1200.0, "維持管理機関名": "防災科学技術研究所", "維持管理機関名（英語）": "NIED", "観測開始年（西暦）": 2003, "同月": 3, "観測機器名または観測項目": "強震計" }, "geometry": { "type": "Point", "coordinates": [ 140.3302, 35.9509 ] } },
{ "type": "Feature", "properties": { "観測の種類": "強震計（地下）", "name": "大洋", "観測点名ローマ字": "TAIYO", "観測点コード": "IBRH08", "緯度（度）": 36.1188, "経度（度）": 140.5621, "高さ（ｍ）": 40, "測器の深度（ｍ）": 1200.0, "維持管理機関名": "防災科学技術研究所", "維持管理機関名（英語）": "NIED", "観測開始年（西暦）": 2000, "同月": 8, "観測機器名または観測項目": "強震計" }, "geometry": { "type": "Point", "coordinates": [ 140.5621, 36.1188 ] } },
{ "type": "Feature", "properties": { "観測の種類": "強震計（地下）", "name": "常北", "観測点名ローマ字": "JOUHOKU", "観測点コード": "IBRH09", "緯度（度）": 36.439, "経度（度）": 140.3559, "高さ（ｍ）": 50, "測器の深度（ｍ）": 106.0, "維持管理機関名": "防災科学技術研究所", "維持管理機関名（英語）": "NIED", "観測開始年（西暦）": 2000, "同月": 8, "観測機器名または観測項目": "強震計" }, "geometry": { "type": "Point", "coordinates": [ 140.3559, 36.439 ] } },
{ "type": "Feature", "properties": { "観測の種類": "強震計（地下）", "name": "石下", "観測点名ローマ字": "ISHIGE", "観測点コード": "IBRH10", "緯度（度）": 36.1112, "経度（度）": 139.9889, "高さ（ｍ）": 15, "測器の深度（ｍ）": 900.0, "維持管理機関名": "防災科学技術研究所", "維持管理機関名（英語）": "NIED", "観測開始年（西暦）": 2000, "同月": 9, "観測機器名または観測項目": "強震計" }, "geometry": { "type": "Point", "coordinates": [ 139.9889, 36.1112 ] } },
{ "type": "Feature", "properties": { "観測の種類": "強震計（地下）", "name": "岩瀬", "観測点名ローマ字": "IWASE", "観測点コード": "IBRH11", "緯度（度）": 36.3701, "経度（度）": 140.1401, "高さ（ｍ）": 67, "測器の深度（ｍ）": 103.0, "維持管理機関名": "防災科学技術研究所", "維持管理機関名（英語）": "NIED", "観測開始年（西暦）": 2000, "同月": 8, "観測機器名または観測項目": "強震計" }, "geometry": { "type": "Point", "coordinates": [ 140.1401, 36.3701 ] } },
{ "type": "Feature", "properties": { "観測の種類": "強震計（地下）", "name": "大子", "観測点名ローマ字": "DAIGO", "観測点コード": "IBRH12", "緯度（度）": 36.8369, "経度（度）": 140.3181, "高さ（ｍ）": 210, "測器の深度（ｍ）": 200.0, "維持管理機関名": "防災科学技術研究所", "維持管理機関名（英語）": "NIED", "観測開始年（西暦）": 2003, "同月": 2, "観測機器名または観測項目": "強震計" }, "geometry": { "type": "Point", "coordinates": [ 140.3181, 36.8369 ] } },
{ "type": "Feature", "properties": { "観測の種類": "強震計（地下）", "name": "高萩", "観測点名ローマ字": "TAKAHAGI", "観測点コード": "IBRH13", "緯度（度）": 36.7955, "経度（度）": 140.575, "高さ（ｍ）": 505, "測器の深度（ｍ）": 100.0, "維持管理機関名": "防災科学技術研究所", "維持管理機関名（英語）": "NIED", "観測開始年（西暦）": 2003, "同月": 2, "観測機器名または観測項目": "強震計" }, "geometry": { "type": "Point", "coordinates": [ 140.575, 36.7955 ] } },
{ "type": "Feature", "properties": { "観測の種類": "強震計（地下）", "name": "十王", "観測点名ローマ字": "JYUUOH", "観測点コード": "IBRH14", "緯度（度）": 36.6922, "経度（度）": 140.5484, "高さ（ｍ）": 330, "測器の深度（ｍ）": 100.0, "維持管理機関名": "防災科学技術研究所", "維持管理機関名（英語）": "NIED", "観測開始年（西暦）": 2003, "同月": 1, "観測機器名または観測項目": "強震計" }, "geometry": { "type": "Point", "coordinates": [ 140.5484, 36.6922 ] } },
{ "type": "Feature", "properties": { "観測の種類": "強震計（地下）", "name": "御前山", "観測点名ローマ字": "GOZENYAMA", "観測点コード": "IBRH15", "緯度（度）": 36.5566, "経度（度）": 140.3013, "高さ（ｍ）": 45, "測器の深度（ｍ）": 107.0, "維持管理機関名": "防災科学技術研究所", "維持管理機関名（英語）": "NIED", "観測開始年（西暦）": 2003, "同月": 1, "観測機器名または観測項目": "強震計" }, "geometry": { "type": "Point", "coordinates": [ 140.3013, 36.5566 ] } },
{ "type": "Feature", "properties": { "観測の種類": "強震計（地下）", "name": "山方", "観測点名ローマ字": "YAMAGATA", "観測点コード": "IBRH16", "緯度（度）": 36.6405, "経度（度）": 140.3976, "高さ（ｍ）": 90, "測器の深度（ｍ）": 300.0, "維持管理機関名": "防災科学技術研究所", "維持管理機関名（英語）": "NIED", "観測開始年（西暦）": 2003, "同月": 3, "観測機器名または観測項目": "強震計" }, "geometry": { "type": "Point", "coordinates": [ 140.3976, 36.6405 ] } },
{ "type": "Feature", "properties": { "観測の種類": "強震計（地下）", "name": "霞ヶ浦", "観測点名ローマ字": "KASUMIGAURA", "観測点コード": "IBRH17", "緯度（度）": 36.0864, "経度（度）": 140.314, "高さ（ｍ）": 20, "測器の深度（ｍ）": 510.0, "維持管理機関名": "防災科学技術研究所", "維持管理機関名（英語）": "NIED", "観測開始年（西暦）": 2003, "同月": 5, "観測機器名または観測項目": "強震計" }, "geometry": { "type": "Point", "coordinates": [ 140.314, 36.0864 ] } },
{ "type": "Feature", "properties": { "観測の種類": "強震計（地下）", "name": "ひたちなか", "観測点名ローマ字": "HITACHINAKA", "観測点コード": "IBRH18", "緯度（度）": 36.3631, "経度（度）": 140.6198, "高さ（ｍ）": 20, "測器の深度（ｍ）": 504.0, "維持管理機関名": "防災科学技術研究所", "維持管理機関名（英語）": "NIED", "観測開始年（西暦）": 2003, "同月": 5, "観測機器名または観測項目": "強震計" }, "geometry": { "type": "Point", "coordinates": [ 140.6198, 36.3631 ] } },
{ "type": "Feature", "properties": { "観測の種類": "強震計（地下）", "name": "つくば", "観測点名ローマ字": "TSUKUBA", "観測点コード": "IBRH19", "緯度（度）": 36.2137, "経度（度）": 140.0893, "高さ（ｍ）": 175, "測器の深度（ｍ）": 210.0, "維持管理機関名": "防災科学技術研究所", "維持管理機関名（英語）": "NIED", "観測開始年（西暦）": 2004, "同月": 3, "観測機器名または観測項目": "強震計" }, "geometry": { "type": "Point", "coordinates": [ 140.0893, 36.2137 ] } },
{ "type": "Feature", "properties": { "観測の種類": "強震計（地下）", "name": "波崎2", "観測点名ローマ字": "HASAKI2", "観測点コード": "IBRH20", "緯度（度）": 35.8284, "経度（度）": 140.7323, "高さ（ｍ）": 6, "測器の深度（ｍ）": 923.0, "維持管理機関名": "防災科学技術研究所", "維持管理機関名（英語）": "NIED", "観測開始年（西暦）": 2006, "同月": 9, "観測機器名または観測項目": "強震計" }, "geometry": { "type": "Point", "coordinates": [ 140.7323, 35.8284 ] } },
{ "type": "Feature", "properties": { "観測の種類": "強震計（地下）", "name": "つくば南", "観測点名ローマ字": "TSUKUBA-S", "観測点コード": "IBRH21", "緯度（度）": 35.9814, "経度（度）": 140.105, "高さ（ｍ）": 22, "測器の深度（ｍ）": 929.0, "維持管理機関名": "防災科学技術研究所", "維持管理機関名（英語）": "NIED", "観測開始年（西暦）": 2007, "同月": 7, "観測機器名または観測項目": "強震計" }, "geometry": { "type": "Point", "coordinates": [ 140.105, 35.9814 ] } },
{ "type": "Feature", "properties": { "観測の種類": "強震計（地下）", "name": "真岡", "観測点名ローマ字": "MOUKA", "観測点コード": "TCGH06", "緯度（度）": 36.4458, "経度（度）": 139.9509, "高さ（ｍ）": 70, "測器の深度（ｍ）": 1648.0, "維持管理機関名": "防災科学技術研究所", "維持管理機関名（英語）": "NIED", "観測開始年（西暦）": 2003, "同月": 3, "観測機器名または観測項目": "強震計" }, "geometry": { "type": "Point", "coordinates": [ 139.9509, 36.4458 ] } },
{ "type": "Feature", "properties": { "観測の種類": "強震計（地下）", "name": "栗山西", "観測点名ローマ字": "KURIYAMA-W", "観測点コード": "TCGH07", "緯度（度）": 36.8817, "経度（度）": 139.4534, "高さ（ｍ）": 1085, "測器の深度（ｍ）": 100.0, "維持管理機関名": "防災科学技術研究所", "維持管理機関名（英語）": "NIED", "観測開始年（西暦）": 2000, "同月": 8, "観測機器名または観測項目": "強震計" }, "geometry": { "type": "Point", "coordinates": [ 139.4534, 36.8817 ] } },
{ "type": "Feature", "properties": { "観測の種類": "強震計（地下）", "name": "栗山東", "観測点名ローマ字": "KURIYAMA-E", "観測点コード": "TCGH08", "緯度（度）": 36.8828, "経度（度）": 139.6459, "高さ（ｍ）": 702, "測器の深度（ｍ）": 203.0, "維持管理機関名": "防災科学技術研究所", "維持管理機関名（英語）": "NIED", "観測開始年（西暦）": 2000, "同月": 8, "観測機器名または観測項目": "強震計" }, "geometry": { "type": "Point", "coordinates": [ 139.6459, 36.8828 ] } },
{ "type": "Feature", "properties": { "観測の種類": "強震計（地下）", "name": "矢板", "観測点名ローマ字": "YAITA", "観測点コード": "TCGH09", "緯度（度）": 36.8625, "経度（度）": 139.8364, "高さ（ｍ）": 564, "測器の深度（ｍ）": 103.0, "維持管理機関名": "防災科学技術研究所", "維持管理機関名（英語）": "NIED", "観測開始年（西暦）": 2000, "同月": 8, "観測機器名または観測項目": "強震計" }, "geometry": { "type": "Point", "coordinates": [ 139.8364, 36.8625 ] } },
{ "type": "Feature", "properties": { "観測の種類": "強震計（地下）", "name": "今市", "観測点名ローマ字": "IMAICHI", "観測点コード": "TCGH11", "緯度（度）": 36.7084, "経度（度）": 139.7694, "高さ（ｍ）": 290, "測器の深度（ｍ）": 200.0, "維持管理機関名": "防災科学技術研究所", "維持管理機関名（英語）": "NIED", "観測開始年（西暦）": 2000, "同月": 8, "観測機器名または観測項目": "強震計" }, "geometry": { "type": "Point", "coordinates": [ 139.7694, 36.7084 ] } },
{ "type": "Feature", "properties": { "観測の種類": "強震計（地下）", "name": "氏家", "観測点名ローマ字": "UJIIE", "観測点コード": "TCGH12", "緯度（度）": 36.6959, "経度（度）": 139.9842, "高さ（ｍ）": 162, "測器の深度（ｍ）": 120.0, "維持管理機関名": "防災科学技術研究所", "維持管理機関名（英語）": "NIED", "観測開始年（西暦）": 2000, "同月": 8, "観測機器名または観測項目": "強震計" }, "geometry": { "type": "Point", "coordinates": [ 139.9842, 36.6959 ] } },
{ "type": "Feature", "properties": { "観測の種類": "強震計（地下）", "name": "馬頭", "観測点名ローマ字": "BATOU", "観測点コード": "TCGH13", "緯度（度）": 36.7342, "経度（度）": 140.1781, "高さ（ｍ）": 135, "測器の深度（ｍ）": 140.0, "維持管理機関名": "防災科学技術研究所", "維持管理機関名（英語）": "NIED", "観測開始年（西暦）": 2000, "同月": 8, "観測機器名または観測項目": "強震計" }, "geometry": { "type": "Point", "coordinates": [ 140.1781, 36.7342 ] } },
{ "type": "Feature", "properties": { "観測の種類": "強震計（地下）", "name": "粟野", "観測点名ローマ字": "AWANO", "観測点コード": "TCGH14", "緯度（度）": 36.5509, "経度（度）": 139.6154, "高さ（ｍ）": 180, "測器の深度（ｍ）": 100.0, "維持管理機関名": "防災科学技術研究所", "維持管理機関名（英語）": "NIED", "観測開始年（西暦）": 2000, "同月": 8, "観測機器名または観測項目": "強震計" }, "geometry": { "type": "Point", "coordinates": [ 139.6154, 36.5509 ] } },
{ "type": "Feature", "properties": { "観測の種類": "強震計（地下）", "name": "宇都宮", "観測点名ローマ字": "UTSUNOMIYA", "観測点コード": "TCGH15", "緯度（度）": 36.5595, "経度（度）": 139.8637, "高さ（ｍ）": 125, "測器の深度（ｍ）": 300.0, "維持管理機関名": "防災科学技術研究所", "維持管理機関名（英語）": "NIED", "観測開始年（西暦）": 2000, "同月": 8, "観測機器名または観測項目": "強震計" }, "geometry": { "type": "Point", "coordinates": [ 139.8637, 36.5595 ] } },
{ "type": "Feature", "properties": { "観測の種類": "強震計（地下）", "name": "芳賀", "観測点名ローマ字": "HAGA", "観測点コード": "TCGH16", "緯度（度）": 36.548, "経度（度）": 140.0751, "高さ（ｍ）": 105, "測器の深度（ｍ）": 112.0, "維持管理機関名": "防災科学技術研究所", "維持管理機関名（英語）": "NIED", "観測開始年（西暦）": 2000, "同月": 8, "観測機器名または観測項目": "強震計" }, "geometry": { "type": "Point", "coordinates": [ 140.0751, 36.548 ] } },
{ "type": "Feature", "properties": { "観測の種類": "強震計（地下）", "name": "藤原2", "観測点名ローマ字": "FUJIHARA2", "観測点コード": "TCGH17", "緯度（度）": 36.9853, "経度（度）": 139.6922, "高さ（ｍ）": 635, "測器の深度（ｍ）": 104.0, "維持管理機関名": "防災科学技術研究所", "維持管理機関名（英語）": "NIED", "観測開始年（西暦）": 2004, "同月": 6, "観測機器名または観測項目": "強震計" }, "geometry": { "type": "Point", "coordinates": [ 139.6922, 36.9853 ] } },
{ "type": "Feature", "properties": { "観測の種類": "強震計（地下）", "name": "大田原2", "観測点名ローマ字": "OHTAWARA2", "観測点コード": "TCGH19", "緯度（度）": 36.906, "経度（度）": 140.1119, "高さ（ｍ）": 204, "測器の深度（ｍ）": 100.0, "維持管理機関名": "防災科学技術研究所", "維持管理機関名（英語）": "NIED", "観測開始年（西暦）": 2024, "同月": 3, "観測機器名または観測項目": "強震計" }, "geometry": { "type": "Point", "coordinates": [ 140.1119, 36.906 ] } },
{ "type": "Feature", "properties": { "観測の種類": "強震計（地下）", "name": "伊勢崎", "観測点名ローマ字": "ISESAKI", "観測点コード": "GNMH05", "緯度（度）": 36.3143, "経度（度）": 139.1847, "高さ（ｍ）": 57, "測器の深度（ｍ）": 2000.0, "維持管理機関名": "防災科学技術研究所", "維持管理機関名（英語）": "NIED", "観測開始年（西暦）": 2003, "同月": 3, "観測機器名または観測項目": "強震計" }, "geometry": { "type": "Point", "coordinates": [ 139.1847, 36.3143 ] } },
{ "type": "Feature", "properties": { "観測の種類": "強震計（地下）", "name": "館林", "観測点名ローマ字": "TATEBAYASHI", "観測点コード": "GNMH06", "緯度（度）": 36.2441, "経度（度）": 139.5443, "高さ（ｍ）": 20, "測器の深度（ｍ）": 1203.0, "維持管理機関名": "防災科学技術研究所", "維持管理機関名（英語）": "NIED", "観測開始年（西暦）": 2000, "同月": 8, "観測機器名または観測項目": "強震計" }, "geometry": { "type": "Point", "coordinates": [ 139.5443, 36.2441 ] } },
{ "type": "Feature", "properties": { "観測の種類": "強震計（地下）", "name": "利根", "観測点名ローマ字": "TONE", "観測点コード": "GNMH07", "緯度（度）": 36.6998, "経度（度）": 139.2104, "高さ（ｍ）": 646, "測器の深度（ｍ）": 200.0, "維持管理機関名": "防災科学技術研究所", "維持管理機関名（英語）": "NIED", "観測開始年（西暦）": 2000, "同月": 8, "観測機器名または観測項目": "強震計" }, "geometry": { "type": "Point", "coordinates": [ 139.2104, 36.6998 ] } },
{ "type": "Feature", "properties": { "観測の種類": "強震計（地下）", "name": "嬬恋", "観測点名ローマ字": "TSUMAGOI", "観測点コード": "GNMH08", "緯度（度）": 36.4917, "経度（度）": 138.5244, "高さ（ｍ）": 1040, "測器の深度（ｍ）": 150.0, "維持管理機関名": "防災科学技術研究所", "維持管理機関名（英語）": "NIED", "観測開始年（西暦）": 2000, "同月": 8, "観測機器名または観測項目": "強震計" }, "geometry": { "type": "Point", "coordinates": [ 138.5244, 36.4917 ] } },
{ "type": "Feature", "properties": { "観測の種類": "強震計（地下）", "name": "高山", "観測点名ローマ字": "TAKAYAMA", "観測点コード": "GNMH09", "緯度（度）": 36.6212, "経度（度）": 138.9068, "高さ（ｍ）": 455, "測器の深度（ｍ）": 110.0, "維持管理機関名": "防災科学技術研究所", "維持管理機関名（英語）": "NIED", "観測開始年（西暦）": 2000, "同月": 8, "観測機器名または観測項目": "強震計" }, "geometry": { "type": "Point", "coordinates": [ 138.9068, 36.6212 ] } },
{ "type": "Feature", "properties": { "観測の種類": "強震計（地下）", "name": "下仁田", "観測点名ローマ字": "SHIMONITA", "観測点コード": "GNMH10", "緯度（度）": 36.2356, "経度（度）": 138.7291, "高さ（ｍ）": 340, "測器の深度（ｍ）": 100.0, "維持管理機関名": "防災科学技術研究所", "維持管理機関名（英語）": "NIED", "観測開始年（西暦）": 2000, "同月": 8, "観測機器名または観測項目": "強震計" }, "geometry": { "type": "Point", "coordinates": [ 138.7291, 36.2356 ] } },
{ "type": "Feature", "properties": { "観測の種類": "強震計（地下）", "name": "富岡", "観測点名ローマ字": "TOMIOKA", "観測点コード": "GNMH11", "緯度（度）": 36.2862, "経度（度）": 138.921, "高さ（ｍ）": 151, "測器の深度（ｍ）": 200.0, "維持管理機関名": "防災科学技術研究所", "維持管理機関名（英語）": "NIED", "観測開始年（西暦）": 2000, "同月": 8, "観測機器名または観測項目": "強震計" }, "geometry": { "type": "Point", "coordinates": [ 138.921, 36.2862 ] } },
{ "type": "Feature", "properties": { "観測の種類": "強震計（地下）", "name": "神流", "観測点名ローマ字": "KANNA", "観測点コード": "GNMH12", "緯度（度）": 36.144, "経度（度）": 138.9129, "高さ（ｍ）": 930, "測器の深度（ｍ）": 102.0, "維持管理機関名": "防災科学技術研究所", "維持管理機関名（英語）": "NIED", "観測開始年（西暦）": 2004, "同月": 9, "観測機器名または観測項目": "強震計" }, "geometry": { "type": "Point", "coordinates": [ 138.9129, 36.144 ] } },
{ "type": "Feature", "properties": { "観測の種類": "強震計（地下）", "name": "水上2", "観測点名ローマ字": "MINAKAMI2", "観測点コード": "GNMH13", "緯度（度）": 36.862, "経度（度）": 139.0627, "高さ（ｍ）": 760, "測器の深度（ｍ）": 204.0, "維持管理機関名": "防災科学技術研究所", "維持管理機関名（英語）": "NIED", "観測開始年（西暦）": 2004, "同月": 11, "観測機器名または観測項目": "強震計" }, "geometry": { "type": "Point", "coordinates": [ 139.0627, 36.862 ] } },
{ "type": "Feature", "properties": { "観測の種類": "強震計（地下）", "name": "みどり", "観測点名ローマ字": "MIDORI", "観測点コード": "GNMH14", "緯度（度）": 36.4931, "経度（度）": 139.3219, "高さ（ｍ）": 360, "測器の深度（ｍ）": 200.0, "維持管理機関名": "防災科学技術研究所", "維持管理機関名（英語）": "NIED", "観測開始年（西暦）": 2006, "同月": 11, "観測機器名または観測項目": "強震計" }, "geometry": { "type": "Point", "coordinates": [ 139.3219, 36.4931 ] } },
{ "type": "Feature", "properties": { "観測の種類": "強震計（地下）", "name": "岩槻", "観測点名ローマ字": "IWATSUKI", "観測点コード": "SITH01", "緯度（度）": 35.929, "経度（度）": 139.7349, "高さ（ｍ）": 8, "測器の深度（ｍ）": 3510.0, "維持管理機関名": "防災科学技術研究所", "維持管理機関名（英語）": "NIED", "観測開始年（西暦）": 1979, "同月": 7, "観測機器名または観測項目": "強震計" }, "geometry": { "type": "Point", "coordinates": [ 139.7349, 35.929 ] } },
{ "type": "Feature", "properties": { "観測の種類": "強震計（地下）", "name": "日高", "観測点名ローマ字": "HIDAKA", "観測点コード": "SITH03", "緯度（度）": 35.899, "経度（度）": 139.3843, "高さ（ｍ）": 51, "測器の深度（ｍ）": 1800.0, "維持管理機関名": "防災科学技術研究所", "維持管理機関名（英語）": "NIED", "観測開始年（西暦）": 2003, "同月": 3, "観測機器名または観測項目": "強震計" }, "geometry": { "type": "Point", "coordinates": [ 139.3843, 35.899 ] } },
{ "type": "Feature", "properties": { "観測の種類": "強震計（地下）", "name": "所沢", "観測点名ローマ字": "TOKOROZAWA", "観測点コード": "SITH04", "緯度（度）": 35.8028, "経度（度）": 139.5353, "高さ（ｍ）": 30, "測器の深度（ｍ）": 2000.0, "維持管理機関名": "防災科学技術研究所", "維持管理機関名（英語）": "NIED", "観測開始年（西暦）": 2003, "同月": 3, "観測機器名または観測項目": "強震計" }, "geometry": { "type": "Point", "coordinates": [ 139.5353, 35.8028 ] } },
{ "type": "Feature", "properties": { "観測の種類": "強震計（地下）", "name": "神泉", "観測点名ローマ字": "KAMIIZUMI", "観測点コード": "SITH05", "緯度（度）": 36.1509, "経度（度）": 139.0504, "高さ（ｍ）": 150, "測器の深度（ｍ）": 100.0, "維持管理機関名": "防災科学技術研究所", "維持管理機関名（英語）": "NIED", "観測開始年（西暦）": 2000, "同月": 8, "観測機器名または観測項目": "強震計" }, "geometry": { "type": "Point", "coordinates": [ 139.0504, 36.1509 ] } },
{ "type": "Feature", "properties": { "観測の種類": "強震計（地下）", "name": "川本", "観測点名ローマ字": "KAWAMOTO", "観測点コード": "SITH06", "緯度（度）": 36.1131, "経度（度）": 139.2894, "高さ（ｍ）": 80, "測器の深度（ｍ）": 200.0, "維持管理機関名": "防災科学技術研究所", "維持管理機関名（英語）": "NIED", "観測開始年（西暦）": 2000, "同月": 9, "観測機器名または観測項目": "強震計" }, "geometry": { "type": "Point", "coordinates": [ 139.2894, 36.1131 ] } },
{ "type": "Feature", "properties": { "観測の種類": "強震計（地下）", "name": "名栗", "観測点名ローマ字": "NAGURI", "観測点コード": "SITH07", "緯度（度）": 35.9118, "経度（度）": 139.1485, "高さ（ｍ）": 340, "測器の深度（ｍ）": 102.0, "維持管理機関名": "防災科学技術研究所", "維持管理機関名（英語）": "NIED", "観測開始年（西暦）": 2001, "同月": 3, "観測機器名または観測項目": "強震計" }, "geometry": { "type": "Point", "coordinates": [ 139.1485, 35.9118 ] } },
{ "type": "Feature", "properties": { "観測の種類": "強震計（地下）", "name": "小鹿野", "観測点名ローマ字": "OGANO", "観測点コード": "SITH08", "緯度（度）": 36.0274, "経度（度）": 138.9691, "高さ（ｍ）": 295, "測器の深度（ｍ）": 100.0, "維持管理機関名": "防災科学技術研究所", "維持管理機関名（英語）": "NIED", "観測開始年（西暦）": 2002, "同月": 12, "観測機器名または観測項目": "強震計" }, "geometry": { "type": "Point", "coordinates": [ 138.9691, 36.0274 ] } },
{ "type": "Feature", "properties": { "観測の種類": "強震計（地下）", "name": "皆野", "観測点名ローマ字": "MINANO", "観測点コード": "SITH09", "緯度（度）": 36.0715, "経度（度）": 139.0993, "高さ（ｍ）": 165, "測器の深度（ｍ）": 122.0, "維持管理機関名": "防災科学技術研究所", "維持管理機関名（英語）": "NIED", "観測開始年（西暦）": 2002, "同月": 12, "観測機器名または観測項目": "強震計" }, "geometry": { "type": "Point", "coordinates": [ 139.0993, 36.0715 ] } },
{ "type": "Feature", "properties": { "観測の種類": "強震計（地下）", "name": "飯能", "観測点名ローマ字": "HANNOH", "観測点コード": "SITH11", "緯度（度）": 35.8637, "経度（度）": 139.2726, "高さ（ｍ）": 155, "測器の深度（ｍ）": 102.0, "維持管理機関名": "防災科学技術研究所", "維持管理機関名（英語）": "NIED", "観測開始年（西暦）": 2002, "同月": 12, "観測機器名または観測項目": "強震計" }, "geometry": { "type": "Point", "coordinates": [ 139.2726, 35.8637 ] } },
{ "type": "Feature", "properties": { "観測の種類": "強震計（地下）", "name": "都幾川2", "観測点名ローマ字": "TOKIGAWA2", "観測点コード": "SITH12", "緯度（度）": 35.9969, "経度（度）": 139.2194, "高さ（ｍ）": 182, "測器の深度（ｍ）": 100.0, "維持管理機関名": "防災科学技術研究所", "維持管理機関名（英語）": "NIED", "観測開始年（西暦）": 2021, "同月": 3, "観測機器名または観測項目": "強震計" }, "geometry": { "type": "Point", "coordinates": [ 139.2194, 35.9969 ] } },
{ "type": "Feature", "properties": { "観測の種類": "強震計（地下）", "name": "下総", "観測点名ローマ字": "SHIMOHSA", "観測点コード": "CHBH04", "緯度（度）": 35.7966, "経度（度）": 140.0206, "高さ（ｍ）": 23, "測器の深度（ｍ）": 2300.0, "維持管理機関名": "防災科学技術研究所", "維持管理機関名（英語）": "NIED", "観測開始年（西暦）": 2003, "同月": 4, "観測機器名または観測項目": "強震計" }, "geometry": { "type": "Point", "coordinates": [ 140.0206, 35.7966 ] } },
{ "type": "Feature", "properties": { "観測の種類": "強震計（地下）", "name": "匝瑳", "観測点名ローマ字": "SOUSA", "観測点コード": "CHBH06", "緯度（度）": 35.7215, "経度（度）": 140.5046, "高さ（ｍ）": 35, "測器の深度（ｍ）": 180.0, "維持管理機関名": "防災科学技術研究所", "維持管理機関名（英語）": "NIED", "観測開始年（西暦）": 2013, "同月": 3, "観測機器名または観測項目": "強震計" }, "geometry": { "type": "Point", "coordinates": [ 140.5046, 35.7215 ] } },
{ "type": "Feature", "properties": { "観測の種類": "強震計（地下）", "name": "千葉", "観測点名ローマ字": "CHIBA", "観測点コード": "CHBH10", "緯度（度）": 35.5458, "経度（度）": 140.2417, "高さ（ｍ）": 65, "測器の深度（ｍ）": 2000.0, "維持管理機関名": "防災科学技術研究所", "維持管理機関名（英語）": "NIED", "観測開始年（西暦）": 2003, "同月": 3, "観測機器名または観測項目": "強震計" }, "geometry": { "type": "Point", "coordinates": [ 140.2417, 35.5458 ] } },
{ "type": "Feature", "properties": { "観測の種類": "強震計（地下）", "name": "養老", "観測点名ローマ字": "YOUROU", "観測点コード": "CHBH11", "緯度（度）": 35.2867, "経度（度）": 140.1529, "高さ（ｍ）": 80, "測器の深度（ｍ）": 2000.0, "維持管理機関名": "防災科学技術研究所", "維持管理機関名（英語）": "NIED", "観測開始年（西暦）": 2003, "同月": 3, "観測機器名または観測項目": "強震計" }, "geometry": { "type": "Point", "coordinates": [ 140.1529, 35.2867 ] } },
{ "type": "Feature", "properties": { "観測の種類": "強震計（地下）", "name": "富津", "観測点名ローマ字": "FUTTSU", "観測点コード": "CHBH12", "緯度（度）": 35.3445, "経度（度）": 139.8554, "高さ（ｍ）": 3, "測器の深度（ｍ）": 2000.0, "維持管理機関名": "防災科学技術研究所", "維持管理機関名（英語）": "NIED", "観測開始年（西暦）": 2003, "同月": 3, "観測機器名または観測項目": "強震計" }, "geometry": { "type": "Point", "coordinates": [ 139.8554, 35.3445 ] } },
{ "type": "Feature", "properties": { "観測の種類": "強震計（地下）", "name": "成田", "観測点名ローマ字": "NARITA", "観測点コード": "CHBH13", "緯度（度）": 35.8307, "経度（度）": 140.298, "高さ（ｍ）": 12, "測器の深度（ｍ）": 1300.0, "維持管理機関名": "防災科学技術研究所", "維持管理機関名（英語）": "NIED", "観測開始年（西暦）": 2003, "同月": 3, "観測機器名または観測項目": "強震計" }, "geometry": { "type": "Point", "coordinates": [ 140.298, 35.8307 ] } },
{ "type": "Feature", "properties": { "観測の種類": "強震計（地下）", "name": "銚子中", "観測点名ローマ字": "CHOUSHI-C", "観測点コード": "CHBH14", "緯度（度）": 35.7342, "経度（度）": 140.823, "高さ（ｍ）": 2, "測器の深度（ｍ）": 525.0, "維持管理機関名": "防災科学技術研究所", "維持管理機関名（英語）": "NIED", "観測開始年（西暦）": 2003, "同月": 3, "観測機器名または観測項目": "強震計" }, "geometry": { "type": "Point", "coordinates": [ 140.823, 35.7342 ] } },
{ "type": "Feature", "properties": { "観測の種類": "強震計（地下）", "name": "館山西", "観測点名ローマ字": "TATEYAMA-W", "観測点コード": "CHBH15", "緯度（度）": 34.9591, "経度（度）": 139.7885, "高さ（ｍ）": 30, "測器の深度（ｍ）": 500.0, "維持管理機関名": "防災科学技術研究所", "維持管理機関名（英語）": "NIED", "観測開始年（西暦）": 2003, "同月": 3, "観測機器名または観測項目": "強震計" }, "geometry": { "type": "Point", "coordinates": [ 139.7885, 34.9591 ] } },
{ "type": "Feature", "properties": { "観測の種類": "強震計（地下）", "name": "鴨川", "観測点名ローマ字": "KAMOGAWA", "観測点コード": "CHBH16", "緯度（度）": 35.1384, "経度（度）": 139.9649, "高さ（ｍ）": 160, "測器の深度（ｍ）": 2003.0, "維持管理機関名": "防災科学技術研究所", "維持管理機関名（英語）": "NIED", "観測開始年（西暦）": 2003, "同月": 9, "観測機器名または観測項目": "強震計" }, "geometry": { "type": "Point", "coordinates": [ 139.9649, 35.1384 ] } },
{ "type": "Feature", "properties": { "観測の種類": "強震計（地下）", "name": "勝浦東", "観測点名ローマ字": "KATSUURAHIGASHI", "観測点コード": "CHBH17", "緯度（度）": 35.1714, "経度（度）": 140.3398, "高さ（ｍ）": 10, "測器の深度（ｍ）": 822.0, "維持管理機関名": "防災科学技術研究所", "維持管理機関名（英語）": "NIED", "観測開始年（西暦）": 2004, "同月": 3, "観測機器名または観測項目": "強震計" }, "geometry": { "type": "Point", "coordinates": [ 140.3398, 35.1714 ] } },
{ "type": "Feature", "properties": { "観測の種類": "強震計（地下）", "name": "蓮沼", "観測点名ローマ字": "HASUNUMA", "観測点コード": "CHBH19", "緯度（度）": 35.5943, "経度（度）": 140.5107, "高さ（ｍ）": 1, "測器の深度（ｍ）": 1630.0, "維持管理機関名": "防災科学技術研究所", "維持管理機関名（英語）": "NIED", "観測開始年（西暦）": 2006, "同月": 9, "観測機器名または観測項目": "強震計" }, "geometry": { "type": "Point", "coordinates": [ 140.5107, 35.5943 ] } },
{ "type": "Feature", "properties": { "観測の種類": "強震計（地下）", "name": "鴨川南", "観測点名ローマ字": "KAMOGAWA-S", "観測点コード": "CHBH20", "緯度（度）": 35.0882, "経度（度）": 140.0997, "高さ（ｍ）": 28, "測器の深度（ｍ）": 306.0, "維持管理機関名": "防災科学技術研究所", "維持管理機関名（英語）": "NIED", "観測開始年（西暦）": 2008, "同月": 7, "観測機器名または観測項目": "強震計" }, "geometry": { "type": "Point", "coordinates": [ 140.0997, 35.0882 ] } },
{ "type": "Feature", "properties": { "観測の種類": "強震計（地下）", "name": "府中", "観測点名ローマ字": "FUCHU", "観測点コード": "TKYH02", "緯度（度）": 35.6539, "経度（度）": 139.4704, "高さ（ｍ）": 45, "測器の深度（ｍ）": 2753.0, "維持管理機関名": "防災科学技術研究所", "維持管理機関名（英語）": "NIED", "観測開始年（西暦）": 1981, "同月": 10, "観測機器名または観測項目": "強震計" }, "geometry": { "type": "Point", "coordinates": [ 139.4704, 35.6539 ] } },
{ "type": "Feature", "properties": { "観測の種類": "強震計（地下）", "name": "江東", "観測点名ローマ字": "KOTO", "観測点コード": "TKYH11", "緯度（度）": 35.6114, "経度（度）": 139.8125, "高さ（ｍ）": 6, "測器の深度（ｍ）": 3000.0, "維持管理機関名": "防災科学技術研究所", "維持管理機関名（英語）": "NIED", "観測開始年（西暦）": 2005, "同月": 4, "観測機器名または観測項目": "強震計" }, "geometry": { "type": "Point", "coordinates": [ 139.8125, 35.6114 ] } },
{ "type": "Feature", "properties": { "観測の種類": "強震計（地下）", "name": "八王子", "観測点名ローマ字": "HACHIOHJI", "観測点コード": "TKYH12", "緯度（度）": 35.6701, "経度（度）": 139.265, "高さ（ｍ）": 210, "測器の深度（ｍ）": 147.0, "維持管理機関名": "防災科学技術研究所", "維持管理機関名（英語）": "NIED", "観測開始年（西暦）": 2003, "同月": 1, "観測機器名または観測項目": "強震計" }, "geometry": { "type": "Point", "coordinates": [ 139.265, 35.6701 ] } },
{ "type": "Feature", "properties": { "観測の種類": "強震計（地下）", "name": "檜原南", "観測点名ローマ字": "HINOHARA-S", "観測点コード": "TKYH13", "緯度（度）": 35.7017, "経度（度）": 139.1275, "高さ（ｍ）": 360, "測器の深度（ｍ）": 100.0, "維持管理機関名": "防災科学技術研究所", "維持管理機関名（英語）": "NIED", "観測開始年（西暦）": 2003, "同月": 1, "観測機器名または観測項目": "強震計" }, "geometry": { "type": "Point", "coordinates": [ 139.1275, 35.7017 ] } },
{ "type": "Feature", "properties": { "観測の種類": "強震計（地下）", "name": "横浜", "観測点名ローマ字": "YOKOHAMA", "観測点コード": "KNGH10", "緯度（度）": 35.4991, "経度（度）": 139.5195, "高さ（ｍ）": 62, "測器の深度（ｍ）": 2000.0, "維持管理機関名": "防災科学技術研究所", "維持管理機関名（英語）": "NIED", "観測開始年（西暦）": 2003, "同月": 3, "観測機器名または観測項目": "強震計" }, "geometry": { "type": "Point", "coordinates": [ 139.5195, 35.4991 ] } },
{ "type": "Feature", "properties": { "観測の種類": "強震計（地下）", "name": "厚木", "観測点名ローマ字": "ATSUGI", "観測点コード": "KNGH11", "緯度（度）": 35.404, "経度（度）": 139.3539, "高さ（ｍ）": 12, "測器の深度（ｍ）": 1800.0, "維持管理機関名": "防災科学技術研究所", "維持管理機関名（英語）": "NIED", "観測開始年（西暦）": 2003, "同月": 3, "観測機器名または観測項目": "強震計" }, "geometry": { "type": "Point", "coordinates": [ 139.3539, 35.404 ] } },
{ "type": "Feature", "properties": { "観測の種類": "強震計（地下）", "name": "藤野", "観測点名ローマ字": "FUJINO", "観測点コード": "KNGH18", "緯度（度）": 35.6437, "経度（度）": 139.1283, "高さ（ｍ）": 320, "測器の深度（ｍ）": 100.0, "維持管理機関名": "防災科学技術研究所", "維持管理機関名（英語）": "NIED", "観測開始年（西暦）": 2003, "同月": 1, "観測機器名または観測項目": "強震計" }, "geometry": { "type": "Point", "coordinates": [ 139.1283, 35.6437 ] } },
{ "type": "Feature", "properties": { "観測の種類": "強震計（地下）", "name": "山北中", "観測点名ローマ字": "YAMAKITA-C", "観測点コード": "KNGH19", "緯度（度）": 35.4173, "経度（度）": 139.0436, "高さ（ｍ）": 330, "測器の深度（ｍ）": 100.0, "維持管理機関名": "防災科学技術研究所", "維持管理機関名（英語）": "NIED", "観測開始年（西暦）": 2003, "同月": 1, "観測機器名または観測項目": "強震計" }, "geometry": { "type": "Point", "coordinates": [ 139.0436, 35.4173 ] } },
{ "type": "Feature", "properties": { "観測の種類": "強震計（地下）", "name": "松田", "観測点名ローマ字": "MATSUDA", "観測点コード": "KNGH20", "緯度（度）": 35.3663, "経度（度）": 139.126, "高さ（ｍ）": 465, "測器の深度（ｍ）": 106.0, "維持管理機関名": "防災科学技術研究所", "維持管理機関名（英語）": "NIED", "観測開始年（西暦）": 2003, "同月": 1, "観測機器名または観測項目": "強震計" }, "geometry": { "type": "Point", "coordinates": [ 139.126, 35.3663 ] } },
{ "type": "Feature", "properties": { "観測の種類": "強震計（地下）", "name": "清川", "観測点名ローマ字": "KIYOKAWA", "観測点コード": "KNGH21", "緯度（度）": 35.4628, "経度（度）": 139.2146, "高さ（ｍ）": 455, "測器の深度（ｍ）": 210.0, "維持管理機関名": "防災科学技術研究所", "維持管理機関名（英語）": "NIED", "観測開始年（西暦）": 2003, "同月": 1, "観測機器名または観測項目": "強震計" }, "geometry": { "type": "Point", "coordinates": [ 139.2146, 35.4628 ] } },
{ "type": "Feature", "properties": { "観測の種類": "強震計（地下）", "name": "山北南", "観測点名ローマ字": "YAMAKITA-S", "観測点コード": "KNGH22", "緯度（度）": 35.3583, "経度（度）": 139.091, "高さ（ｍ）": 157, "測器の深度（ｍ）": 2000.0, "維持管理機関名": "防災科学技術研究所", "維持管理機関名（英語）": "NIED", "観測開始年（西暦）": 2005, "同月": 3, "観測機器名または観測項目": "強震計" }, "geometry": { "type": "Point", "coordinates": [ 139.091, 35.3583 ] } },
{ "type": "Feature", "properties": { "観測の種類": "強震計（地下）", "name": "葉山", "観測点名ローマ字": "HAYAMA", "観測点コード": "KNGH23", "緯度（度）": 35.2624, "経度（度）": 139.611, "高さ（ｍ）": 102, "測器の深度（ｍ）": 100.0, "維持管理機関名": "防災科学技術研究所", "維持管理機関名（英語）": "NIED", "観測開始年（西暦）": 2010, "同月": 3, "観測機器名または観測項目": "強震計" }, "geometry": { "type": "Point", "coordinates": [ 139.611, 35.2624 ] } },
{ "type": "Feature", "properties": { "観測の種類": "強震計（地下）", "name": "長岡", "観測点名ローマ字": "NAGAOKA", "観測点コード": "NIGH01", "緯度（度）": 37.4254, "経度（度）": 138.8856, "高さ（ｍ）": 85, "測器の深度（ｍ）": 100.0, "維持管理機関名": "防災科学技術研究所", "維持管理機関名（英語）": "NIED", "観測開始年（西暦）": 2000, "同月": 8, "観測機器名または観測項目": "強震計" }, "geometry": { "type": "Point", "coordinates": [ 138.8856, 37.4254 ] } },
{ "type": "Feature", "properties": { "観測の種類": "強震計（地下）", "name": "朝日", "観測点名ローマ字": "ASAHI", "観測点コード": "NIGH02", "緯度（度）": 38.2799, "経度（度）": 139.5486, "高さ（ｍ）": 34, "測器の深度（ｍ）": 104.0, "維持管理機関名": "防災科学技術研究所", "維持管理機関名（英語）": "NIED", "観測開始年（西暦）": 2000, "同月": 8, "観測機器名または観測項目": "強震計" }, "geometry": { "type": "Point", "coordinates": [ 139.5486, 38.2799 ] } },
{ "type": "Feature", "properties": { "観測の種類": "強震計（地下）", "name": "荒川", "観測点名ローマ字": "ARAKAWA", "観測点コード": "NIGH03", "緯度（度）": 38.1327, "経度（度）": 139.4289, "高さ（ｍ）": 6, "測器の深度（ｍ）": 221.0, "維持管理機関名": "防災科学技術研究所", "維持管理機関名（英語）": "NIED", "観測開始年（西暦）": 2000, "同月": 8, "観測機器名または観測項目": "強震計" }, "geometry": { "type": "Point", "coordinates": [ 139.4289, 38.1327 ] } },
{ "type": "Feature", "properties": { "観測の種類": "強震計（地下）", "name": "関川", "観測点名ローマ字": "SEKIKAWA", "観測点コード": "NIGH04", "緯度（度）": 38.1313, "経度（度）": 139.5428, "高さ（ｍ）": 78, "測器の深度（ｍ）": 100.0, "維持管理機関名": "防災科学技術研究所", "維持管理機関名（英語）": "NIED", "観測開始年（西暦）": 2000, "同月": 8, "観測機器名または観測項目": "強震計" }, "geometry": { "type": "Point", "coordinates": [ 139.5428, 38.1313 ] } },
{ "type": "Feature", "properties": { "観測の種類": "強震計（地下）", "name": "聖籠", "観測点名ローマ字": "SEIROU", "観測点コード": "NIGH05", "緯度（度）": 37.9759, "経度（度）": 139.2788, "高さ（ｍ）": 7, "測器の深度（ｍ）": 147.0, "維持管理機関名": "防災科学技術研究所", "維持管理機関名（英語）": "NIED", "観測開始年（西暦）": 2000, "同月": 8, "観測機器名または観測項目": "強震計" }, "geometry": { "type": "Point", "coordinates": [ 139.2788, 37.9759 ] } },
{ "type": "Feature", "properties": { "観測の種類": "強震計（地下）", "name": "加茂", "観測点名ローマ字": "KAMO", "観測点コード": "NIGH06", "緯度（度）": 37.6527, "経度（度）": 139.0676, "高さ（ｍ）": 30, "測器の深度（ｍ）": 100.0, "維持管理機関名": "防災科学技術研究所", "維持管理機関名（英語）": "NIED", "観測開始年（西暦）": 2000, "同月": 8, "観測機器名または観測項目": "強震計" }, "geometry": { "type": "Point", "coordinates": [ 139.0676, 37.6527 ] } },
{ "type": "Feature", "properties": { "観測の種類": "強震計（地下）", "name": "村松", "観測点名ローマ字": "MURAMATSU", "観測点コード": "NIGH07", "緯度（度）": 37.6658, "経度（度）": 139.261, "高さ（ｍ）": 75, "測器の深度（ｍ）": 106.0, "維持管理機関名": "防災科学技術研究所", "維持管理機関名（英語）": "NIED", "観測開始年（西暦）": 2000, "同月": 8, "観測機器名または観測項目": "強震計" }, "geometry": { "type": "Point", "coordinates": [ 139.261, 37.6658 ] } },
{ "type": "Feature", "properties": { "観測の種類": "強震計（地下）", "name": "津川", "観測点名ローマ字": "TSUGAWA", "観測点コード": "NIGH08", "緯度（度）": 37.6708, "経度（度）": 139.4648, "高さ（ｍ）": 68, "測器の深度（ｍ）": 300.0, "維持管理機関名": "防災科学技術研究所", "維持管理機関名（英語）": "NIED", "観測開始年（西暦）": 2000, "同月": 8, "観測機器名または観測項目": "強震計" }, "geometry": { "type": "Point", "coordinates": [ 139.4648, 37.6708 ] } },
{ "type": "Feature", "properties": { "観測の種類": "強震計（地下）", "name": "下田", "観測点名ローマ字": "SHITADA", "観測点コード": "NIGH09", "緯度（度）": 37.5386, "経度（度）": 139.1279, "高さ（ｍ）": 93, "測器の深度（ｍ）": 100.0, "維持管理機関名": "防災科学技術研究所", "維持管理機関名（英語）": "NIED", "観測開始年（西暦）": 2000, "同月": 8, "観測機器名または観測項目": "強震計" }, "geometry": { "type": "Point", "coordinates": [ 139.1279, 37.5386 ] } },
{ "type": "Feature", "properties": { "観測の種類": "強震計（地下）", "name": "上川", "観測点名ローマ字": "KAMIKAWA", "観測点コード": "NIGH10", "緯度（度）": 37.5438, "経度（度）": 139.3648, "高さ（ｍ）": 218, "測器の深度（ｍ）": 100.0, "維持管理機関名": "防災科学技術研究所", "維持管理機関名（英語）": "NIED", "観測開始年（西暦）": 2000, "同月": 11, "観測機器名または観測項目": "強震計" }, "geometry": { "type": "Point", "coordinates": [ 139.3648, 37.5438 ] } },
{ "type": "Feature", "properties": { "観測の種類": "強震計（地下）", "name": "川西", "観測点名ローマ字": "KAWANISHI", "観測点コード": "NIGH11", "緯度（度）": 37.1728, "経度（度）": 138.744, "高さ（ｍ）": 165, "測器の深度（ｍ）": 205.0, "維持管理機関名": "防災科学技術研究所", "維持管理機関名（英語）": "NIED", "観測開始年（西暦）": 2000, "同月": 8, "観測機器名または観測項目": "強震計" }, "geometry": { "type": "Point", "coordinates": [ 138.744, 37.1728 ] } },
{ "type": "Feature", "properties": { "観測の種類": "強震計（地下）", "name": "湯之谷", "観測点名ローマ字": "YUNOTANI", "観測点コード": "NIGH12", "緯度（度）": 37.2239, "経度（度）": 138.9821, "高さ（ｍ）": 110, "測器の深度（ｍ）": 110.0, "維持管理機関名": "防災科学技術研究所", "維持管理機関名（英語）": "NIED", "観測開始年（西暦）": 2000, "同月": 8, "観測機器名または観測項目": "強震計" }, "geometry": { "type": "Point", "coordinates": [ 138.9821, 37.2239 ] } },
{ "type": "Feature", "properties": { "観測の種類": "強震計（地下）", "name": "牧", "観測点名ローマ字": "MAKI", "観測点コード": "NIGH13", "緯度（度）": 37.0544, "経度（度）": 138.3966, "高さ（ｍ）": 230, "測器の深度（ｍ）": 100.0, "維持管理機関名": "防災科学技術研究所", "維持管理機関名（英語）": "NIED", "観測開始年（西暦）": 2000, "同月": 8, "観測機器名または観測項目": "強震計" }, "geometry": { "type": "Point", "coordinates": [ 138.3966, 37.0544 ] } },
{ "type": "Feature", "properties": { "観測の種類": "強震計（地下）", "name": "塩沢", "観測点名ローマ字": "SHIOZAWA", "観測点コード": "NIGH14", "緯度（度）": 37.0303, "経度（度）": 138.8521, "高さ（ｍ）": 185, "測器の深度（ｍ）": 387.0, "維持管理機関名": "防災科学技術研究所", "維持管理機関名（英語）": "NIED", "観測開始年（西暦）": 2000, "同月": 8, "観測機器名または観測項目": "強震計" }, "geometry": { "type": "Point", "coordinates": [ 138.8521, 37.0303 ] } },
{ "type": "Feature", "properties": { "観測の種類": "強震計（地下）", "name": "六日", "観測点名ローマ字": "MUIKA", "観測点コード": "NIGH15", "緯度（度）": 37.0533, "経度（度）": 138.9951, "高さ（ｍ）": 358, "測器の深度（ｍ）": 100.0, "維持管理機関名": "防災科学技術研究所", "維持管理機関名（英語）": "NIED", "観測開始年（西暦）": 2000, "同月": 8, "観測機器名または観測項目": "強震計" }, "geometry": { "type": "Point", "coordinates": [ 138.9951, 37.0533 ] } },
{ "type": "Feature", "properties": { "観測の種類": "強震計（地下）", "name": "糸魚川", "観測点名ローマ字": "ITOIGAWA", "観測点コード": "NIGH16", "緯度（度）": 36.9378, "経度（度）": 137.848, "高さ（ｍ）": 149, "測器の深度（ｍ）": 100.0, "維持管理機関名": "防災科学技術研究所", "維持管理機関名（英語）": "NIED", "観測開始年（西暦）": 2000, "同月": 8, "観測機器名または観測項目": "強震計" }, "geometry": { "type": "Point", "coordinates": [ 137.848, 36.9378 ] } },
{ "type": "Feature", "properties": { "観測の種類": "強震計（地下）", "name": "妙高高原", "観測点名ローマ字": "MYOKO-KOGEN", "観測点コード": "NIGH17", "緯度（度）": 36.8569, "経度（度）": 138.0966, "高さ（ｍ）": 1305, "測器の深度（ｍ）": 150.0, "維持管理機関名": "防災科学技術研究所", "維持管理機関名（英語）": "NIED", "観測開始年（西暦）": 2000, "同月": 12, "観測機器名または観測項目": "強震計" }, "geometry": { "type": "Point", "coordinates": [ 138.0966, 36.8569 ] } },
{ "type": "Feature", "properties": { "観測の種類": "強震計（地下）", "name": "妙高", "観測点名ローマ字": "MYOUKOU", "観測点コード": "NIGH18", "緯度（度）": 36.9425, "経度（度）": 138.2594, "高さ（ｍ）": 240, "測器の深度（ｍ）": 110.0, "維持管理機関名": "防災科学技術研究所", "維持管理機関名（英語）": "NIED", "観測開始年（西暦）": 2000, "同月": 8, "観測機器名または観測項目": "強震計" }, "geometry": { "type": "Point", "coordinates": [ 138.2594, 36.9425 ] } },
{ "type": "Feature", "properties": { "観測の種類": "強震計（地下）", "name": "湯沢", "観測点名ローマ字": "YUZAWA", "観測点コード": "NIGH19", "緯度（度）": 36.8114, "経度（度）": 138.7849, "高さ（ｍ）": 985, "測器の深度（ｍ）": 100.0, "維持管理機関名": "防災科学技術研究所", "維持管理機関名（英語）": "NIED", "観測開始年（西暦）": 2000, "同月": 8, "観測機器名または観測項目": "強震計" }, "geometry": { "type": "Point", "coordinates": [ 138.7849, 36.8114 ] } },
{ "type": "Feature", "properties": { "観測の種類": "強震計（地下）", "name": "氷見", "観測点名ローマ字": "HIMI", "観測点コード": "TYMH01", "緯度（度）": 36.8866, "経度（度）": 136.9276, "高さ（ｍ）": 30, "測器の深度（ｍ）": 200.0, "維持管理機関名": "防災科学技術研究所", "維持管理機関名（英語）": "NIED", "観測開始年（西暦）": 2000, "同月": 8, "観測機器名または観測項目": "強震計" }, "geometry": { "type": "Point", "coordinates": [ 136.9276, 36.8866 ] } },
{ "type": "Feature", "properties": { "観測の種類": "強震計（地下）", "name": "大門", "観測点名ローマ字": "DAIMON", "観測点コード": "TYMH02", "緯度（度）": 36.7142, "経度（度）": 137.0378, "高さ（ｍ）": 5, "測器の深度（ｍ）": 212.0, "維持管理機関名": "防災科学技術研究所", "維持管理機関名（英語）": "NIED", "観測開始年（西暦）": 2000, "同月": 8, "観測機器名または観測項目": "強震計" }, "geometry": { "type": "Point", "coordinates": [ 137.0378, 36.7142 ] } },
{ "type": "Feature", "properties": { "観測の種類": "強震計（地下）", "name": "富山", "観測点名ローマ字": "TOYAMA", "観測点コード": "TYMH03", "緯度（度）": 36.7294, "経度（度）": 137.2627, "高さ（ｍ）": 8, "測器の深度（ｍ）": 580.0, "維持管理機関名": "防災科学技術研究所", "維持管理機関名（英語）": "NIED", "観測開始年（西暦）": 2000, "同月": 8, "観測機器名または観測項目": "強震計" }, "geometry": { "type": "Point", "coordinates": [ 137.2627, 36.7294 ] } },
{ "type": "Feature", "properties": { "観測の種類": "強震計（地下）", "name": "魚津", "観測点名ローマ字": "UOZU", "観測点コード": "TYMH04", "緯度（度）": 36.7914, "経度（度）": 137.4689, "高さ（ｍ）": 154, "測器の深度（ｍ）": 100.0, "維持管理機関名": "防災科学技術研究所", "維持管理機関名（英語）": "NIED", "観測開始年（西暦）": 2000, "同月": 8, "観測機器名または観測項目": "強震計" }, "geometry": { "type": "Point", "coordinates": [ 137.4689, 36.7914 ] } },
{ "type": "Feature", "properties": { "観測の種類": "強震計（地下）", "name": "井波", "観測点名ローマ字": "INAMI", "観測点コード": "TYMH05", "緯度（度）": 36.5736, "経度（度）": 136.9584, "高さ（ｍ）": 89, "測器の深度（ｍ）": 144.0, "維持管理機関名": "防災科学技術研究所", "維持管理機関名（英語）": "NIED", "観測開始年（西暦）": 2000, "同月": 8, "観測機器名または観測項目": "強震計" }, "geometry": { "type": "Point", "coordinates": [ 136.9584, 36.5736 ] } },
{ "type": "Feature", "properties": { "観測の種類": "強震計（地下）", "name": "八尾", "観測点名ローマ字": "YATSUO", "観測点コード": "TYMH06", "緯度（度）": 36.5711, "経度（度）": 137.1595, "高さ（ｍ）": 110, "測器の深度（ｍ）": 200.0, "維持管理機関名": "防災科学技術研究所", "維持管理機関名（英語）": "NIED", "観測開始年（西暦）": 2000, "同月": 8, "観測機器名または観測項目": "強震計" }, "geometry": { "type": "Point", "coordinates": [ 137.1595, 36.5711 ] } },
{ "type": "Feature", "properties": { "観測の種類": "強震計（地下）", "name": "利賀", "観測点名ローマ字": "TAGA", "観測点コード": "TYMH07", "緯度（度）": 36.4406, "経度（度）": 137.0392, "高さ（ｍ）": 670, "測器の深度（ｍ）": 100.0, "維持管理機関名": "防災科学技術研究所", "維持管理機関名（英語）": "NIED", "観測開始年（西暦）": 2000, "同月": 8, "観測機器名または観測項目": "強震計" }, "geometry": { "type": "Point", "coordinates": [ 137.0392, 36.4406 ] } },
{ "type": "Feature", "properties": { "観測の種類": "強震計（地下）", "name": "珠洲", "観測点名ローマ字": "SUZU", "観測点コード": "ISKH01", "緯度（度）": 37.5266, "経度（度）": 137.2844, "高さ（ｍ）": 48, "測器の深度（ｍ）": 200.0, "維持管理機関名": "防災科学技術研究所", "維持管理機関名（英語）": "NIED", "観測開始年（西暦）": 2000, "同月": 8, "観測機器名または観測項目": "強震計" }, "geometry": { "type": "Point", "coordinates": [ 137.2844, 37.5266 ] } },
{ "type": "Feature", "properties": { "観測の種類": "強震計（地下）", "name": "柳田", "観測点名ローマ字": "YANAGIDA", "観測点コード": "ISKH02", "緯度（度）": 37.3644, "経度（度）": 137.0413, "高さ（ｍ）": 121, "測器の深度（ｍ）": 102.0, "維持管理機関名": "防災科学技術研究所", "維持管理機関名（英語）": "NIED", "観測開始年（西暦）": 2000, "同月": 8, "観測機器名または観測項目": "強震計" }, "geometry": { "type": "Point", "coordinates": [ 137.0413, 37.3644 ] } },
{ "type": "Feature", "properties": { "観測の種類": "強震計（地下）", "name": "内浦", "観測点名ローマ字": "UCHIURA", "観測点コード": "ISKH03", "緯度（度）": 37.3458, "経度（度）": 137.2436, "高さ（ｍ）": 19, "測器の深度（ｍ）": 207.0, "維持管理機関名": "防災科学技術研究所", "維持管理機関名（英語）": "NIED", "観測開始年（西暦）": 2000, "同月": 8, "観測機器名または観測項目": "強震計" }, "geometry": { "type": "Point", "coordinates": [ 137.2436, 37.3458 ] } },
{ "type": "Feature", "properties": { "観測の種類": "強震計（地下）", "name": "富来", "観測点名ローマ字": "TOGI", "観測点コード": "ISKH04", "緯度（度）": 37.1902, "経度（度）": 136.7176, "高さ（ｍ）": 56, "測器の深度（ｍ）": 116.0, "維持管理機関名": "防災科学技術研究所", "維持管理機関名（英語）": "NIED", "観測開始年（西暦）": 2000, "同月": 8, "観測機器名または観測項目": "強震計" }, "geometry": { "type": "Point", "coordinates": [ 136.7176, 37.1902 ] } },
{ "type": "Feature", "properties": { "観測の種類": "強震計（地下）", "name": "穴水", "観測点名ローマ字": "ANAMIZU", "観測点コード": "ISKH05", "緯度（度）": 37.2224, "経度（度）": 136.9689, "高さ（ｍ）": 56, "測器の深度（ｍ）": 105.0, "維持管理機関名": "防災科学技術研究所", "維持管理機関名（英語）": "NIED", "観測開始年（西暦）": 2000, "同月": 8, "観測機器名または観測項目": "強震計" }, "geometry": { "type": "Point", "coordinates": [ 136.9689, 37.2224 ] } },
{ "type": "Feature", "properties": { "観測の種類": "強震計（地下）", "name": "志賀", "観測点名ローマ字": "SHIKA", "観測点コード": "ISKH06", "緯度（度）": 37.0533, "経度（度）": 136.8206, "高さ（ｍ）": 20, "測器の深度（ｍ）": 200.0, "維持管理機関名": "防災科学技術研究所", "維持管理機関名（英語）": "NIED", "観測開始年（西暦）": 2000, "同月": 8, "観測機器名または観測項目": "強震計" }, "geometry": { "type": "Point", "coordinates": [ 136.8206, 37.0533 ] } },
{ "type": "Feature", "properties": { "観測の種類": "強震計（地下）", "name": "金沢", "観測点名ローマ字": "KANAZAWA", "観測点コード": "ISKH07", "緯度（度）": 36.515, "経度（度）": 136.6357, "高さ（ｍ）": 103, "測器の深度（ｍ）": 802.0, "維持管理機関名": "防災科学技術研究所", "維持管理機関名（英語）": "NIED", "観測開始年（西暦）": 2000, "同月": 8, "観測機器名または観測項目": "強震計" }, "geometry": { "type": "Point", "coordinates": [ 136.6357, 36.515 ] } },
{ "type": "Feature", "properties": { "観測の種類": "強震計（地下）", "name": "津幡", "観測点名ローマ字": "TSUBATA", "観測点コード": "ISKH08", "緯度（度）": 36.738, "経度（度）": 136.7906, "高さ（ｍ）": 119, "測器の深度（ｍ）": 100.0, "維持管理機関名": "防災科学技術研究所", "維持管理機関名（英語）": "NIED", "観測開始年（西暦）": 2000, "同月": 8, "観測機器名または観測項目": "強震計" }, "geometry": { "type": "Point", "coordinates": [ 136.7906, 36.738 ] } },
{ "type": "Feature", "properties": { "観測の種類": "強震計（地下）", "name": "尾口", "観測点名ローマ字": "OKUTI", "観測点コード": "ISKH09", "緯度（度）": 36.2667, "経度（度）": 136.7168, "高さ（ｍ）": 560, "測器の深度（ｍ）": 106.0, "維持管理機関名": "防災科学技術研究所", "維持管理機関名（英語）": "NIED", "観測開始年（西暦）": 2000, "同月": 8, "観測機器名または観測項目": "強震計" }, "geometry": { "type": "Point", "coordinates": [ 136.7168, 36.2667 ] } },
{ "type": "Feature", "properties": { "観測の種類": "強震計（地下）", "name": "永平寺", "観測点名ローマ字": "EIHEIJI", "観測点コード": "FKIH01", "緯度（度）": 36.0955, "経度（度）": 136.3617, "高さ（ｍ）": 65, "測器の深度（ｍ）": 100.0, "維持管理機関名": "防災科学技術研究所", "維持管理機関名（英語）": "NIED", "観測開始年（西暦）": 2000, "同月": 8, "観測機器名または観測項目": "強震計" }, "geometry": { "type": "Point", "coordinates": [ 136.3617, 36.0955 ] } },
{ "type": "Feature", "properties": { "観測の種類": "強震計（地下）", "name": "織田", "観測点名ローマ字": "OTA", "観測点コード": "FKIH02", "緯度（度）": 35.9483, "経度（度）": 136.0556, "高さ（ｍ）": 120, "測器の深度（ｍ）": 100.0, "維持管理機関名": "防災科学技術研究所", "維持管理機関名（英語）": "NIED", "観測開始年（西暦）": 2000, "同月": 8, "観測機器名または観測項目": "強震計" }, "geometry": { "type": "Point", "coordinates": [ 136.0556, 35.9483 ] } },
{ "type": "Feature", "properties": { "観測の種類": "強震計（地下）", "name": "和泉", "観測点名ローマ字": "IZUMI", "観測点コード": "FKIH03", "緯度（度）": 35.9415, "経度（度）": 136.699, "高さ（ｍ）": 510, "測器の深度（ｍ）": 200.0, "維持管理機関名": "防災科学技術研究所", "維持管理機関名（英語）": "NIED", "観測開始年（西暦）": 2000, "同月": 8, "観測機器名または観測項目": "強震計" }, "geometry": { "type": "Point", "coordinates": [ 136.699, 35.9415 ] } },
{ "type": "Feature", "properties": { "観測の種類": "強震計（地下）", "name": "三方", "観測点名ローマ字": "MIKATA", "観測点コード": "FKIH04", "緯度（度）": 35.5587, "経度（度）": 135.8694, "高さ（ｍ）": 3, "測器の深度（ｍ）": 200.0, "維持管理機関名": "防災科学技術研究所", "維持管理機関名（英語）": "NIED", "観測開始年（西暦）": 2000, "同月": 8, "観測機器名または観測項目": "強震計" }, "geometry": { "type": "Point", "coordinates": [ 135.8694, 35.5587 ] } },
{ "type": "Feature", "properties": { "観測の種類": "強震計（地下）", "name": "敦賀", "観測点名ローマ字": "TSURUGA", "観測点コード": "FKIH05", "緯度（度）": 35.639, "経度（度）": 136.0303, "高さ（ｍ）": 10, "測器の深度（ｍ）": 122.0, "維持管理機関名": "防災科学技術研究所", "維持管理機関名（英語）": "NIED", "観測開始年（西暦）": 2000, "同月": 8, "観測機器名または観測項目": "強震計" }, "geometry": { "type": "Point", "coordinates": [ 136.0303, 35.639 ] } },
{ "type": "Feature", "properties": { "観測の種類": "強震計（地下）", "name": "高浜", "観測点名ローマ字": "TAKAHAMA", "観測点コード": "FKIH06", "緯度（度）": 35.4907, "経度（度）": 135.4841, "高さ（ｍ）": 160, "測器の深度（ｍ）": 100.0, "維持管理機関名": "防災科学技術研究所", "維持管理機関名（英語）": "NIED", "観測開始年（西暦）": 2000, "同月": 8, "観測機器名または観測項目": "強震計" }, "geometry": { "type": "Point", "coordinates": [ 135.4841, 35.4907 ] } },
{ "type": "Feature", "properties": { "観測の種類": "強震計（地下）", "name": "小浜", "観測点名ローマ字": "OBAMA", "観測点コード": "FKIH07", "緯度（度）": 35.4573, "経度（度）": 135.7266, "高さ（ｍ）": 43, "測器の深度（ｍ）": 104.0, "維持管理機関名": "防災科学技術研究所", "維持管理機関名（英語）": "NIED", "観測開始年（西暦）": 2000, "同月": 8, "観測機器名または観測項目": "強震計" }, "geometry": { "type": "Point", "coordinates": [ 135.7266, 35.4573 ] } },
{ "type": "Feature", "properties": { "観測の種類": "強震計（地下）", "name": "西野原", "観測点名ローマ字": "NISHINOHARA", "観測点コード": "YMNH08", "緯度（度）": 35.6895, "経度（度）": 138.734, "高さ（ｍ）": 375, "測器の深度（ｍ）": 1206.0, "維持管理機関名": "防災科学技術研究所", "維持管理機関名（英語）": "NIED", "観測開始年（西暦）": 2003, "同月": 3, "観測機器名または観測項目": "強震計" }, "geometry": { "type": "Point", "coordinates": [ 138.734, 35.6895 ] } },
{ "type": "Feature", "properties": { "観測の種類": "強震計（地下）", "name": "早川", "観測点名ローマ字": "HAYAKAWA", "観測点コード": "YMNH09", "緯度（度）": 35.4327, "経度（度）": 138.3325, "高さ（ｍ）": 393, "測器の深度（ｍ）": 158.0, "維持管理機関名": "防災科学技術研究所", "維持管理機関名（英語）": "NIED", "観測開始年（西暦）": 2001, "同月": 3, "観測機器名または観測項目": "強震計" }, "geometry": { "type": "Point", "coordinates": [ 138.3325, 35.4327 ] } },
{ "type": "Feature", "properties": { "観測の種類": "強震計（地下）", "name": "早川北", "観測点名ローマ字": "HAYAKAWAKITA", "観測点コード": "YMNH10", "緯度（度）": 35.5351, "経度（度）": 138.3087, "高さ（ｍ）": 695, "測器の深度（ｍ）": 107.0, "維持管理機関名": "防災科学技術研究所", "維持管理機関名（英語）": "NIED", "観測開始年（西暦）": 2003, "同月": 2, "観測機器名または観測項目": "強震計" }, "geometry": { "type": "Point", "coordinates": [ 138.3087, 35.5351 ] } },
{ "type": "Feature", "properties": { "観測の種類": "強震計（地下）", "name": "大月", "観測点名ローマ字": "OHTSUKI", "観測点コード": "YMNH11", "緯度（度）": 35.6247, "経度（度）": 138.9777, "高さ（ｍ）": 465, "測器の深度（ｍ）": 200.0, "維持管理機関名": "防災科学技術研究所", "維持管理機関名（英語）": "NIED", "観測開始年（西暦）": 2003, "同月": 2, "観測機器名または観測項目": "強震計" }, "geometry": { "type": "Point", "coordinates": [ 138.9777, 35.6247 ] } },
{ "type": "Feature", "properties": { "観測の種類": "強震計（地下）", "name": "増穂", "観測点名ローマ字": "MASUHO", "観測点コード": "YMNH12", "緯度（度）": 35.5623, "経度（度）": 138.449, "高さ（ｍ）": 295, "測器の深度（ｍ）": 148.0, "維持管理機関名": "防災科学技術研究所", "維持管理機関名（英語）": "NIED", "観測開始年（西暦）": 2003, "同月": 2, "観測機器名または観測項目": "強震計" }, "geometry": { "type": "Point", "coordinates": [ 138.449, 35.5623 ] } },
{ "type": "Feature", "properties": { "観測の種類": "強震計（地下）", "name": "身延", "観測点名ローマ字": "MINOBU", "観測点コード": "YMNH13", "緯度（度）": 35.3509, "経度（度）": 138.4203, "高さ（ｍ）": 255, "測器の深度（ｍ）": 204.0, "維持管理機関名": "防災科学技術研究所", "維持管理機関名（英語）": "NIED", "観測開始年（西暦）": 2003, "同月": 2, "観測機器名または観測項目": "強震計" }, "geometry": { "type": "Point", "coordinates": [ 138.4203, 35.3509 ] } },
{ "type": "Feature", "properties": { "観測の種類": "強震計（地下）", "name": "都留南", "観測点名ローマ字": "TSURU-S", "観測点コード": "YMNH14", "緯度（度）": 35.5115, "経度（度）": 138.9675, "高さ（ｍ）": 1010, "測器の深度（ｍ）": 250.0, "維持管理機関名": "防災科学技術研究所", "維持管理機関名（英語）": "NIED", "観測開始年（西暦）": 2003, "同月": 7, "観測機器名または観測項目": "強震計" }, "geometry": { "type": "Point", "coordinates": [ 138.9675, 35.5115 ] } },
{ "type": "Feature", "properties": { "観測の種類": "強震計（地下）", "name": "上九一色", "観測点名ローマ字": "KAMIKUISHIKI", "観測点コード": "YMNH15", "緯度（度）": 35.5323, "経度（度）": 138.6045, "高さ（ｍ）": 525, "測器の深度（ｍ）": 116.0, "維持管理機関名": "防災科学技術研究所", "維持管理機関名（英語）": "NIED", "観測開始年（西暦）": 2004, "同月": 6, "観測機器名または観測項目": "強震計" }, "geometry": { "type": "Point", "coordinates": [ 138.6045, 35.5323 ] } },
{ "type": "Feature", "properties": { "観測の種類": "強震計（地下）", "name": "甲府2", "観測点名ローマ字": "KOFU2", "観測点コード": "YMNH16", "緯度（度）": 35.7421, "経度（度）": 138.5653, "高さ（ｍ）": 595, "測器の深度（ｍ）": 256.0, "維持管理機関名": "防災科学技術研究所", "維持管理機関名（英語）": "NIED", "観測開始年（西暦）": 2006, "同月": 11, "観測機器名または観測項目": "強震計" }, "geometry": { "type": "Point", "coordinates": [ 138.5653, 35.7421 ] } },
{ "type": "Feature", "properties": { "観測の種類": "強震計（地下）", "name": "阿智2", "観測点名ローマ字": "ACHI", "観測点コード": "NGNH03", "緯度（度）": 35.4786, "経度（度）": 137.7346, "高さ（ｍ）": 870, "測器の深度（ｍ）": 165.0, "維持管理機関名": "防災科学技術研究所", "維持管理機関名（英語）": "NIED", "観測開始年（西暦）": 2008, "同月": 3, "観測機器名または観測項目": "強震計" }, "geometry": { "type": "Point", "coordinates": [ 137.7346, 35.4786 ] } },
{ "type": "Feature", "properties": { "観測の種類": "強震計（地下）", "name": "中野", "観測点名ローマ字": "NAKANO", "観測点コード": "NGNH07", "緯度（度）": 36.7434, "経度（度）": 138.376, "高さ（ｍ）": 378, "測器の深度（ｍ）": 200.0, "維持管理機関名": "防災科学技術研究所", "維持管理機関名（英語）": "NIED", "観測開始年（西暦）": 2000, "同月": 8, "観測機器名または観測項目": "強震計" }, "geometry": { "type": "Point", "coordinates": [ 138.376, 36.7434 ] } },
{ "type": "Feature", "properties": { "観測の種類": "強震計（地下）", "name": "三郷", "観測点名ローマ字": "MISATO", "観測点コード": "NGNH08", "緯度（度）": 36.2541, "経度（度）": 137.8591, "高さ（ｍ）": 668, "測器の深度（ｍ）": 250.0, "維持管理機関名": "防災科学技術研究所", "維持管理機関名（英語）": "NIED", "観測開始年（西暦）": 2000, "同月": 8, "観測機器名または観測項目": "強震計" }, "geometry": { "type": "Point", "coordinates": [ 137.8591, 36.2541 ] } },
{ "type": "Feature", "properties": { "観測の種類": "強震計（地下）", "name": "武石", "観測点名ローマ字": "TAKESHI", "観測点コード": "NGNH09", "緯度（度）": 36.2859, "経度（度）": 138.2491, "高さ（ｍ）": 605, "測器の深度（ｍ）": 100.0, "維持管理機関名": "防災科学技術研究所", "維持管理機関名（英語）": "NIED", "観測開始年（西暦）": 2000, "同月": 8, "観測機器名または観測項目": "強震計" }, "geometry": { "type": "Point", "coordinates": [ 138.2491, 36.2859 ] } },
{ "type": "Feature", "properties": { "観測の種類": "強震計（地下）", "name": "木祖", "観測点名ローマ字": "KISO", "観測点コード": "NGNH10", "緯度（度）": 35.9632, "経度（度）": 137.7669, "高さ（ｍ）": 960, "測器の深度（ｍ）": 104.0, "維持管理機関名": "防災科学技術研究所", "維持管理機関名（英語）": "NIED", "観測開始年（西暦）": 2000, "同月": 8, "観測機器名または観測項目": "強震計" }, "geometry": { "type": "Point", "coordinates": [ 137.7669, 35.9632 ] } },
{ "type": "Feature", "properties": { "観測の種類": "強震計（地下）", "name": "富士見", "観測点名ローマ字": "FUJIMI", "観測点コード": "NGNH11", "緯度（度）": 35.9157, "経度（度）": 138.3052, "高さ（ｍ）": 1238, "測器の深度（ｍ）": 206.0, "維持管理機関名": "防災科学技術研究所", "維持管理機関名（英語）": "NIED", "観測開始年（西暦）": 2000, "同月": 8, "観測機器名または観測項目": "強震計" }, "geometry": { "type": "Point", "coordinates": [ 138.3052, 35.9157 ] } },
{ "type": "Feature", "properties": { "観測の種類": "強震計（地下）", "name": "南牧", "観測点名ローマ字": "MINAMIMAKI", "観測点コード": "NGNH12", "緯度（度）": 35.9696, "経度（度）": 138.4797, "高さ（ｍ）": 1320, "測器の深度（ｍ）": 206.0, "維持管理機関名": "防災科学技術研究所", "維持管理機関名（英語）": "NIED", "観測開始年（西暦）": 2000, "同月": 8, "観測機器名または観測項目": "強震計" }, "geometry": { "type": "Point", "coordinates": [ 138.4797, 35.9696 ] } },
{ "type": "Feature", "properties": { "観測の種類": "強震計（地下）", "name": "喬木", "観測点名ローマ字": "TAKAGI", "観測点コード": "NGNH13", "緯度（度）": 35.5143, "経度（度）": 137.8767, "高さ（ｍ）": 423, "測器の深度（ｍ）": 124.0, "維持管理機関名": "防災科学技術研究所", "維持管理機関名（英語）": "NIED", "観測開始年（西暦）": 2000, "同月": 8, "観測機器名または観測項目": "強震計" }, "geometry": { "type": "Point", "coordinates": [ 137.8767, 35.5143 ] } },
{ "type": "Feature", "properties": { "観測の種類": "強震計（地下）", "name": "平谷", "観測点名ローマ字": "HIRAYA", "観測点コード": "NGNH14", "緯度（度）": 35.3095, "経度（度）": 137.6261, "高さ（ｍ）": 960, "測器の深度（ｍ）": 101.0, "維持管理機関名": "防災科学技術研究所", "維持管理機関名（英語）": "NIED", "観測開始年（西暦）": 2000, "同月": 8, "観測機器名または観測項目": "強震計" }, "geometry": { "type": "Point", "coordinates": [ 137.6261, 35.3095 ] } },
{ "type": "Feature", "properties": { "観測の種類": "強震計（地下）", "name": "辰野", "観測点名ローマ字": "TATSUNO", "観測点コード": "NGNH15", "緯度（度）": 36.0088, "経度（度）": 137.9305, "高さ（ｍ）": 820, "測器の深度（ｍ）": 100.0, "維持管理機関名": "防災科学技術研究所", "維持管理機関名（英語）": "NIED", "観測開始年（西暦）": 2001, "同月": 3, "観測機器名または観測項目": "強震計" }, "geometry": { "type": "Point", "coordinates": [ 137.9305, 36.0088 ] } },
{ "type": "Feature", "properties": { "観測の種類": "強震計（地下）", "name": "茅野", "観測点名ローマ字": "CHINO", "観測点コード": "NGNH16", "緯度（度）": 35.9465, "経度（度）": 138.1848, "高さ（ｍ）": 870, "測器の深度（ｍ）": 247.0, "維持管理機関名": "防災科学技術研究所", "維持管理機関名（英語）": "NIED", "観測開始年（西暦）": 2001, "同月": 3, "観測機器名または観測項目": "強震計" }, "geometry": { "type": "Point", "coordinates": [ 138.1848, 35.9465 ] } },
{ "type": "Feature", "properties": { "観測の種類": "強震計（地下）", "name": "佐久", "観測点名ローマ字": "SAKU", "観測点コード": "NGNH17", "緯度（度）": 36.1425, "経度（度）": 138.5504, "高さ（ｍ）": 860, "測器の深度（ｍ）": 100.0, "維持管理機関名": "防災科学技術研究所", "維持管理機関名（英語）": "NIED", "観測開始年（西暦）": 2003, "同月": 1, "観測機器名または観測項目": "強震計" }, "geometry": { "type": "Point", "coordinates": [ 138.5504, 36.1425 ] } },
{ "type": "Feature", "properties": { "観測の種類": "強震計（地下）", "name": "開田", "観測点名ローマ字": "KAIDA", "観測点コード": "NGNH18", "緯度（度）": 35.9324, "経度（度）": 137.595, "高さ（ｍ）": 1150, "測器の深度（ｍ）": 100.0, "維持管理機関名": "防災科学技術研究所", "維持管理機関名（英語）": "NIED", "観測開始年（西暦）": 2003, "同月": 3, "観測機器名または観測項目": "強震計" }, "geometry": { "type": "Point", "coordinates": [ 137.595, 35.9324 ] } },
{ "type": "Feature", "properties": { "観測の種類": "強震計（地下）", "name": "川上", "観測点名ローマ字": "KAWAKAMI", "観測点コード": "NGNH19", "緯度（度）": 35.9735, "経度（度）": 138.5845, "高さ（ｍ）": 1190, "測器の深度（ｍ）": 115.0, "維持管理機関名": "防災科学技術研究所", "維持管理機関名（英語）": "NIED", "観測開始年（西暦）": 2003, "同月": 1, "観測機器名または観測項目": "強震計" }, "geometry": { "type": "Point", "coordinates": [ 138.5845, 35.9735 ] } },
{ "type": "Feature", "properties": { "観測の種類": "強震計（地下）", "name": "上松", "観測点名ローマ字": "AGEMATU", "観測点コード": "NGNH20", "緯度（度）": 35.787, "経度（度）": 137.7173, "高さ（ｍ）": 895, "測器の深度（ｍ）": 100.0, "維持管理機関名": "防災科学技術研究所", "維持管理機関名（英語）": "NIED", "観測開始年（西暦）": 2002, "同月": 12, "観測機器名または観測項目": "強震計" }, "geometry": { "type": "Point", "coordinates": [ 137.7173, 35.787 ] } },
{ "type": "Feature", "properties": { "観測の種類": "強震計（地下）", "name": "伊那", "観測点名ローマ字": "INA", "観測点コード": "NGNH21", "緯度（度）": 35.8315, "経度（度）": 137.9236, "高さ（ｍ）": 770, "測器の深度（ｍ）": 180.0, "維持管理機関名": "防災科学技術研究所", "維持管理機関名（英語）": "NIED", "観測開始年（西暦）": 2003, "同月": 1, "観測機器名または観測項目": "強震計" }, "geometry": { "type": "Point", "coordinates": [ 137.9236, 35.8315 ] } },
{ "type": "Feature", "properties": { "観測の種類": "強震計（地下）", "name": "長谷", "観測点名ローマ字": "HASE", "観測点コード": "NGNH22", "緯度（度）": 35.7946, "経度（度）": 138.0824, "高さ（ｍ）": 820, "測器の深度（ｍ）": 100.0, "維持管理機関名": "防災科学技術研究所", "維持管理機関名（英語）": "NIED", "観測開始年（西暦）": 2003, "同月": 1, "観測機器名または観測項目": "強震計" }, "geometry": { "type": "Point", "coordinates": [ 138.0824, 35.7946 ] } },
{ "type": "Feature", "properties": { "観測の種類": "強震計（地下）", "name": "南木曽", "観測点名ローマ字": "NAGISO", "観測点コード": "NGNH23", "緯度（度）": 35.6056, "経度（度）": 137.6105, "高さ（ｍ）": 430, "測器の深度（ｍ）": 102.0, "維持管理機関名": "防災科学技術研究所", "維持管理機関名（英語）": "NIED", "観測開始年（西暦）": 2002, "同月": 12, "観測機器名または観測項目": "強震計" }, "geometry": { "type": "Point", "coordinates": [ 137.6105, 35.6056 ] } },
{ "type": "Feature", "properties": { "観測の種類": "強震計（地下）", "name": "松川", "観測点名ローマ字": "MATSUKAWA", "観測点コード": "NGNH24", "緯度（度）": 35.6152, "経度（度）": 137.8797, "高さ（ｍ）": 715, "測器の深度（ｍ）": 107.0, "維持管理機関名": "防災科学技術研究所", "維持管理機関名（英語）": "NIED", "観測開始年（西暦）": 2003, "同月": 2, "観測機器名または観測項目": "強震計" }, "geometry": { "type": "Point", "coordinates": [ 137.8797, 35.6152 ] } },
{ "type": "Feature", "properties": { "観測の種類": "強震計（地下）", "name": "南信濃", "観測点名ローマ字": "MINAMISHINANO", "観測点コード": "NGNH25", "緯度（度）": 35.2986, "経度（度）": 137.9268, "高さ（ｍ）": 430, "測器の深度（ｍ）": 102.0, "維持管理機関名": "防災科学技術研究所", "維持管理機関名（英語）": "NIED", "観測開始年（西暦）": 2003, "同月": 2, "観測機器名または観測項目": "強震計" }, "geometry": { "type": "Point", "coordinates": [ 137.9268, 35.2986 ] } },
{ "type": "Feature", "properties": { "観測の種類": "強震計（地下）", "name": "上山田", "観測点名ローマ字": "KAMIYAMADA", "観測点コード": "NGNH26", "緯度（度）": 36.4663, "経度（度）": 138.1474, "高さ（ｍ）": 395, "測器の深度（ｍ）": 103.0, "維持管理機関名": "防災科学技術研究所", "維持管理機関名（英語）": "NIED", "観測開始年（西暦）": 2003, "同月": 3, "観測機器名または観測項目": "強震計" }, "geometry": { "type": "Point", "coordinates": [ 138.1474, 36.4663 ] } },
{ "type": "Feature", "properties": { "観測の種類": "強震計（地下）", "name": "信州新", "観測点名ローマ字": "SHINSHUUSHIN", "観測点コード": "NGNH27", "緯度（度）": 36.577, "経度（度）": 138.0479, "高さ（ｍ）": 505, "測器の深度（ｍ）": 102.0, "維持管理機関名": "防災科学技術研究所", "維持管理機関名（英語）": "NIED", "観測開始年（西暦）": 2003, "同月": 3, "観測機器名または観測項目": "強震計" }, "geometry": { "type": "Point", "coordinates": [ 138.0479, 36.577 ] } },
{ "type": "Feature", "properties": { "観測の種類": "強震計（地下）", "name": "戸隠", "観測点名ローマ字": "TOGAKUSHI", "観測点コード": "NGNH28", "緯度（度）": 36.7075, "経度（度）": 138.0964, "高さ（ｍ）": 935, "測器の深度（ｍ）": 120.0, "維持管理機関名": "防災科学技術研究所", "維持管理機関名（英語）": "NIED", "観測開始年（西暦）": 2003, "同月": 4, "観測機器名または観測項目": "強震計" }, "geometry": { "type": "Point", "coordinates": [ 138.0964, 36.7075 ] } },
{ "type": "Feature", "properties": { "観測の種類": "強震計（地下）", "name": "野沢温泉", "観測点名ローマ字": "NOZAWAONSEN", "観測点コード": "NGNH29", "緯度（度）": 36.9102, "経度（度）": 138.4408, "高さ（ｍ）": 570, "測器の深度（ｍ）": 110.0, "維持管理機関名": "防災科学技術研究所", "維持管理機関名（英語）": "NIED", "観測開始年（西暦）": 2003, "同月": 4, "観測機器名または観測項目": "強震計" }, "geometry": { "type": "Point", "coordinates": [ 138.4408, 36.9102 ] } },
{ "type": "Feature", "properties": { "観測の種類": "強震計（地下）", "name": "奈川", "観測点名ローマ字": "NAGAWA", "観測点コード": "NGNH30", "緯度（度）": 36.064, "経度（度）": 137.6849, "高さ（ｍ）": 1095, "測器の深度（ｍ）": 101.0, "維持管理機関名": "防災科学技術研究所", "維持管理機関名（英語）": "NIED", "観測開始年（西暦）": 2003, "同月": 5, "観測機器名または観測項目": "強震計" }, "geometry": { "type": "Point", "coordinates": [ 137.6849, 36.064 ] } },
{ "type": "Feature", "properties": { "観測の種類": "強震計（地下）", "name": "塩尻", "観測点名ローマ字": "SHIOJIRI", "観測点コード": "NGNH31", "緯度（度）": 36.1184, "経度（度）": 137.9389, "高さ（ｍ）": 720, "測器の深度（ｍ）": 218.0, "維持管理機関名": "防災科学技術研究所", "維持管理機関名（英語）": "NIED", "観測開始年（西暦）": 2003, "同月": 5, "観測機器名または観測項目": "強震計" }, "geometry": { "type": "Point", "coordinates": [ 137.9389, 36.1184 ] } },
{ "type": "Feature", "properties": { "観測の種類": "強震計（地下）", "name": "松本", "観測点名ローマ字": "MATSUMOTO", "観測点コード": "NGNH32", "緯度（度）": 36.2578, "経度（度）": 137.9898, "高さ（ｍ）": 640, "測器の深度（ｍ）": 100.0, "維持管理機関名": "防災科学技術研究所", "維持管理機関名（英語）": "NIED", "観測開始年（西暦）": 2003, "同月": 5, "観測機器名または観測項目": "強震計" }, "geometry": { "type": "Point", "coordinates": [ 137.9898, 36.2578 ] } },
{ "type": "Feature", "properties": { "観測の種類": "強震計（地下）", "name": "生坂", "観測点名ローマ字": "IKUSAKA", "観測点コード": "NGNH33", "緯度（度）": 36.4598, "経度（度）": 137.9637, "高さ（ｍ）": 490, "測器の深度（ｍ）": 106.0, "維持管理機関名": "防災科学技術研究所", "維持管理機関名（英語）": "NIED", "観測開始年（西暦）": 2003, "同月": 5, "観測機器名または観測項目": "強震計" }, "geometry": { "type": "Point", "coordinates": [ 137.9637, 36.4598 ] } },
{ "type": "Feature", "properties": { "観測の種類": "強震計（地下）", "name": "大町中", "観測点名ローマ字": "OHMACHI-C", "観測点コード": "NGNH34", "緯度（度）": 36.5327, "経度（度）": 137.8201, "高さ（ｍ）": 825, "測器の深度（ｍ）": 106.0, "維持管理機関名": "防災科学技術研究所", "維持管理機関名（英語）": "NIED", "観測開始年（西暦）": 2003, "同月": 5, "観測機器名または観測項目": "強震計" }, "geometry": { "type": "Point", "coordinates": [ 137.8201, 36.5327 ] } },
{ "type": "Feature", "properties": { "観測の種類": "強震計（地下）", "name": "穂高", "観測点名ローマ字": "HOTAKA", "観測点コード": "NGNH35", "緯度（度）": 36.3824, "経度（度）": 137.8201, "高さ（ｍ）": 720, "測器の深度（ｍ）": 105.0, "維持管理機関名": "防災科学技術研究所", "維持管理機関名（英語）": "NIED", "観測開始年（西暦）": 2003, "同月": 5, "観測機器名または観測項目": "強震計" }, "geometry": { "type": "Point", "coordinates": [ 137.8201, 36.3824 ] } },
{ "type": "Feature", "properties": { "観測の種類": "強震計（地下）", "name": "白馬", "観測点名ローマ字": "HAKUBA", "観測点コード": "NGNH36", "緯度（度）": 36.6984, "経度（度）": 137.8482, "高さ（ｍ）": 725, "測器の深度（ｍ）": 629.0, "維持管理機関名": "防災科学技術研究所", "維持管理機関名（英語）": "NIED", "観測開始年（西暦）": 2004, "同月": 3, "観測機器名または観測項目": "強震計" }, "geometry": { "type": "Point", "coordinates": [ 137.8482, 36.6984 ] } },
{ "type": "Feature", "properties": { "観測の種類": "強震計（地下）", "name": "御代田", "観測点名ローマ字": "MIYOTA", "観測点コード": "NGNH37", "緯度（度）": 36.3308, "経度（度）": 138.4967, "高さ（ｍ）": 845, "測器の深度（ｍ）": 709.0, "維持管理機関名": "防災科学技術研究所", "維持管理機関名（英語）": "NIED", "観測開始年（西暦）": 2004, "同月": 9, "観測機器名または観測項目": "強震計" }, "geometry": { "type": "Point", "coordinates": [ 138.4967, 36.3308 ] } },
{ "type": "Feature", "properties": { "観測の種類": "強震計（地下）", "name": "飯田", "観測点名ローマ字": "IIDA", "観測点コード": "NGNH54", "緯度（度）": 35.4489, "経度（度）": 138.0058, "高さ（ｍ）": 1168, "測器の深度（ｍ）": 104.0, "維持管理機関名": "防災科学技術研究所", "維持管理機関名（英語）": "NIED", "観測開始年（西暦）": 2009, "同月": 7, "観測機器名または観測項目": "強震計" }, "geometry": { "type": "Point", "coordinates": [ 138.0058, 35.4489 ] } },
{ "type": "Feature", "properties": { "観測の種類": "強震計（地下）", "name": "根尾", "観測点名ローマ字": "NEO", "観測点コード": "GIFH03", "緯度（度）": 35.6325, "経度（度）": 136.6134, "高さ（ｍ）": 170, "測器の深度（ｍ）": 100.0, "維持管理機関名": "防災科学技術研究所", "維持管理機関名（英語）": "NIED", "観測開始年（西暦）": 2000, "同月": 8, "観測機器名または観測項目": "強震計" }, "geometry": { "type": "Point", "coordinates": [ 136.6134, 35.6325 ] } },
{ "type": "Feature", "properties": { "観測の種類": "強震計（地下）", "name": "古川", "観測点名ローマ字": "FURUKAWA", "観測点コード": "GIFH04", "緯度（度）": 36.2448, "経度（度）": 137.1983, "高さ（ｍ）": 572, "測器の深度（ｍ）": 100.0, "維持管理機関名": "防災科学技術研究所", "維持管理機関名（英語）": "NIED", "観測開始年（西暦）": 2000, "同月": 8, "観測機器名または観測項目": "強震計" }, "geometry": { "type": "Point", "coordinates": [ 137.1983, 36.2448 ] } },
{ "type": "Feature", "properties": { "観測の種類": "強震計（地下）", "name": "荘川", "観測点名ローマ字": "SHOUKAWA", "観測点コード": "GIFH05", "緯度（度）": 36.0654, "経度（度）": 136.9479, "高さ（ｍ）": 839, "測器の深度（ｍ）": 100.0, "維持管理機関名": "防災科学技術研究所", "維持管理機関名（英語）": "NIED", "観測開始年（西暦）": 2000, "同月": 8, "観測機器名または観測項目": "強震計" }, "geometry": { "type": "Point", "coordinates": [ 136.9479, 36.0654 ] } },
{ "type": "Feature", "properties": { "観測の種類": "強震計（地下）", "name": "高富", "観測点名ローマ字": "TAKATOMI", "観測点コード": "GIFH06", "緯度（度）": 35.5038, "経度（度）": 136.7939, "高さ（ｍ）": 39, "測器の深度（ｍ）": 202.0, "維持管理機関名": "防災科学技術研究所", "維持管理機関名（英語）": "NIED", "観測開始年（西暦）": 2000, "同月": 8, "観測機器名または観測項目": "強震計" }, "geometry": { "type": "Point", "coordinates": [ 136.7939, 35.5038 ] } },
{ "type": "Feature", "properties": { "観測の種類": "強震計（地下）", "name": "春日", "観測点名ローマ字": "KASUGA", "観測点コード": "GIFH07", "緯度（度）": 35.4179, "経度（度）": 136.4347, "高さ（ｍ）": 410, "測器の深度（ｍ）": 100.0, "維持管理機関名": "防災科学技術研究所", "維持管理機関名（英語）": "NIED", "観測開始年（西暦）": 2000, "同月": 8, "観測機器名または観測項目": "強震計" }, "geometry": { "type": "Point", "coordinates": [ 136.4347, 35.4179 ] } },
{ "type": "Feature", "properties": { "観測の種類": "強震計（地下）", "name": "大和", "観測点名ローマ字": "YAMATO", "観測点コード": "GIFH08", "緯度（度）": 35.8323, "経度（度）": 136.9621, "高さ（ｍ）": 515, "測器の深度（ｍ）": 100.0, "維持管理機関名": "防災科学技術研究所", "維持管理機関名（英語）": "NIED", "観測開始年（西暦）": 2000, "同月": 8, "観測機器名または観測項目": "強震計" }, "geometry": { "type": "Point", "coordinates": [ 136.9621, 35.8323 ] } },
{ "type": "Feature", "properties": { "観測の種類": "強震計（地下）", "name": "羽島", "観測点名ローマ字": "HASHIMA", "観測点コード": "GIFH09", "緯度（度）": 35.2768, "経度（度）": 136.7002, "高さ（ｍ）": 5, "測器の深度（ｍ）": 1508.0, "維持管理機関名": "防災科学技術研究所", "維持管理機関名（英語）": "NIED", "観測開始年（西暦）": 2000, "同月": 8, "観測機器名または観測項目": "強震計" }, "geometry": { "type": "Point", "coordinates": [ 136.7002, 35.2768 ] } },
{ "type": "Feature", "properties": { "観測の種類": "強震計（地下）", "name": "神岡", "観測点名ローマ字": "KAMIOKA", "観測点コード": "GIFH10", "緯度（度）": 36.3779, "経度（度）": 137.3716, "高さ（ｍ）": 910, "測器の深度（ｍ）": 100.0, "維持管理機関名": "防災科学技術研究所", "維持管理機関名（英語）": "NIED", "観測開始年（西暦）": 2001, "同月": 5, "観測機器名または観測項目": "強震計" }, "geometry": { "type": "Point", "coordinates": [ 137.3716, 36.3779 ] } },
{ "type": "Feature", "properties": { "観測の種類": "強震計（地下）", "name": "八百津", "観測点名ローマ字": "YAUTSU", "観測点コード": "GIFH11", "緯度（度）": 35.4865, "経度（度）": 137.2464, "高さ（ｍ）": 563, "測器の深度（ｍ）": 100.0, "維持管理機関名": "防災科学技術研究所", "維持管理機関名（英語）": "NIED", "観測開始年（西暦）": 2001, "同月": 3, "観測機器名または観測項目": "強震計" }, "geometry": { "type": "Point", "coordinates": [ 137.2464, 35.4865 ] } },
{ "type": "Feature", "properties": { "観測の種類": "強震計（地下）", "name": "坂内", "観測点名ローマ字": "SAKAUTI", "観測点コード": "GIFH12", "緯度（度）": 35.6033, "経度（度）": 136.4134, "高さ（ｍ）": 260, "測器の深度（ｍ）": 106.0, "維持管理機関名": "防災科学技術研究所", "維持管理機関名（英語）": "NIED", "観測開始年（西暦）": 2002, "同月": 4, "観測機器名または観測項目": "強震計" }, "geometry": { "type": "Point", "coordinates": [ 136.4134, 35.6033 ] } },
{ "type": "Feature", "properties": { "観測の種類": "強震計（地下）", "name": "白川", "観測点名ローマ字": "SIRAKAWA", "観測点コード": "GIFH13", "緯度（度）": 36.2743, "経度（度）": 136.8979, "高さ（ｍ）": 480, "測器の深度（ｍ）": 153.0, "維持管理機関名": "防災科学技術研究所", "維持管理機関名（英語）": "NIED", "観測開始年（西暦）": 2002, "同月": 12, "観測機器名または観測項目": "強震計" }, "geometry": { "type": "Point", "coordinates": [ 136.8979, 36.2743 ] } },
{ "type": "Feature", "properties": { "観測の種類": "強震計（地下）", "name": "上宝", "観測点名ローマ字": "KAMITAKARA", "観測点コード": "GIFH14", "緯度（度）": 36.2493, "経度（度）": 137.5174, "高さ（ｍ）": 810, "測器の深度（ｍ）": 100.0, "維持管理機関名": "防災科学技術研究所", "維持管理機関名（英語）": "NIED", "観測開始年（西暦）": 2002, "同月": 12, "観測機器名または観測項目": "強震計" }, "geometry": { "type": "Point", "coordinates": [ 137.5174, 36.2493 ] } },
{ "type": "Feature", "properties": { "観測の種類": "強震計（地下）", "name": "高山", "観測点名ローマ字": "TAKAYAMA", "観測点コード": "GIFH15", "緯度（度）": 36.1338, "経度（度）": 137.2208, "高さ（ｍ）": 625, "測器の深度（ｍ）": 104.0, "維持管理機関名": "防災科学技術研究所", "維持管理機関名（英語）": "NIED", "観測開始年（西暦）": 2002, "同月": 12, "観測機器名または観測項目": "強震計" }, "geometry": { "type": "Point", "coordinates": [ 137.2208, 36.1338 ] } },
{ "type": "Feature", "properties": { "観測の種類": "強震計（地下）", "name": "朝日北", "観測点名ローマ字": "ASAHI-KITA", "観測点コード": "GIFH16", "緯度（度）": 36.094, "経度（度）": 137.3438, "高さ（ｍ）": 790, "測器の深度（ｍ）": 100.0, "維持管理機関名": "防災科学技術研究所", "維持管理機関名（英語）": "NIED", "観測開始年（西暦）": 2002, "同月": 12, "観測機器名または観測項目": "強震計" }, "geometry": { "type": "Point", "coordinates": [ 137.3438, 36.094 ] } },
{ "type": "Feature", "properties": { "観測の種類": "強震計（地下）", "name": "高鷲", "観測点名ローマ字": "TAKASU", "観測点コード": "GIFH17", "緯度（度）": 35.9514, "経度（度）": 136.8732, "高さ（ｍ）": 610, "測器の深度（ｍ）": 100.0, "維持管理機関名": "防災科学技術研究所", "維持管理機関名（英語）": "NIED", "観測開始年（西暦）": 2002, "同月": 12, "観測機器名または観測項目": "強震計" }, "geometry": { "type": "Point", "coordinates": [ 136.8732, 35.9514 ] } },
{ "type": "Feature", "properties": { "観測の種類": "強震計（地下）", "name": "馬瀬", "観測点名ローマ字": "MAZE", "観測点コード": "GIFH18", "緯度（度）": 35.8991, "経度（度）": 137.1495, "高さ（ｍ）": 570, "測器の深度（ｍ）": 107.0, "維持管理機関名": "防災科学技術研究所", "維持管理機関名（英語）": "NIED", "観測開始年（西暦）": 2002, "同月": 12, "観測機器名または観測項目": "強震計" }, "geometry": { "type": "Point", "coordinates": [ 137.1495, 35.8991 ] } },
{ "type": "Feature", "properties": { "観測の種類": "強震計（地下）", "name": "朝日南", "観測点名ローマ字": "ASAHIMINAMI", "観測点コード": "GIFH19", "緯度（度）": 36.0216, "経度（度）": 137.3906, "高さ（ｍ）": 910, "測器の深度（ｍ）": 100.0, "維持管理機関名": "防災科学技術研究所", "維持管理機関名（英語）": "NIED", "観測開始年（西暦）": 2002, "同月": 12, "観測機器名または観測項目": "強震計" }, "geometry": { "type": "Point", "coordinates": [ 137.3906, 36.0216 ] } },
{ "type": "Feature", "properties": { "観測の種類": "強震計（地下）", "name": "下呂北", "観測点名ローマ字": "GERO-N", "観測点コード": "GIFH20", "緯度（度）": 35.7991, "経度（度）": 137.2531, "高さ（ｍ）": 355, "測器の深度（ｍ）": 128.0, "維持管理機関名": "防災科学技術研究所", "維持管理機関名（英語）": "NIED", "観測開始年（西暦）": 2002, "同月": 12, "観測機器名または観測項目": "強震計" }, "geometry": { "type": "Point", "coordinates": [ 137.2531, 35.7991 ] } },
{ "type": "Feature", "properties": { "観測の種類": "強震計（地下）", "name": "美並", "観測点名ローマ字": "MINAMI", "観測点コード": "GIFH21", "緯度（度）": 35.6665, "経度（度）": 136.9618, "高さ（ｍ）": 170, "測器の深度（ｍ）": 200.0, "維持管理機関名": "防災科学技術研究所", "維持管理機関名（英語）": "NIED", "観測開始年（西暦）": 2002, "同月": 12, "観測機器名または観測項目": "強震計" }, "geometry": { "type": "Point", "coordinates": [ 136.9618, 35.6665 ] } },
{ "type": "Feature", "properties": { "観測の種類": "強震計（地下）", "name": "金山", "観測点名ローマ字": "KANAYAMA", "観測点コード": "GIFH22", "緯度（度）": 35.6682, "経度（度）": 137.1054, "高さ（ｍ）": 435, "測器の深度（ｍ）": 100.0, "維持管理機関名": "防災科学技術研究所", "維持管理機関名（英語）": "NIED", "観測開始年（西暦）": 2002, "同月": 12, "観測機器名または観測項目": "強震計" }, "geometry": { "type": "Point", "coordinates": [ 137.1054, 35.6682 ] } },
{ "type": "Feature", "properties": { "観測の種類": "強震計（地下）", "name": "板取", "観測点名ローマ字": "ITADORI", "観測点コード": "GIFH23", "緯度（度）": 35.7235, "経度（度）": 136.7847, "高さ（ｍ）": 350, "測器の深度（ｍ）": 100.0, "維持管理機関名": "防災科学技術研究所", "維持管理機関名（英語）": "NIED", "観測開始年（西暦）": 2003, "同月": 1, "観測機器名または観測項目": "強震計" }, "geometry": { "type": "Point", "coordinates": [ 136.7847, 35.7235 ] } },
{ "type": "Feature", "properties": { "観測の種類": "強震計（地下）", "name": "東白川", "観測点名ローマ字": "HIGASHISHIRAKAWA", "観測点コード": "GIFH24", "緯度（度）": 35.6401, "経度（度）": 137.3187, "高さ（ｍ）": 330, "測器の深度（ｍ）": 106.0, "維持管理機関名": "防災科学技術研究所", "維持管理機関名（英語）": "NIED", "観測開始年（西暦）": 2002, "同月": 12, "観測機器名または観測項目": "強震計" }, "geometry": { "type": "Point", "coordinates": [ 137.3187, 35.6401 ] } },
{ "type": "Feature", "properties": { "観測の種類": "強震計（地下）", "name": "谷汲", "観測点名ローマ字": "TANIGUMI", "観測点コード": "GIFH25", "緯度（度）": 35.5214, "経度（度）": 136.6127, "高さ（ｍ）": 75, "測器の深度（ｍ）": 102.0, "維持管理機関名": "防災科学技術研究所", "維持管理機関名（英語）": "NIED", "観測開始年（西暦）": 2003, "同月": 1, "観測機器名または観測項目": "強震計" }, "geometry": { "type": "Point", "coordinates": [ 136.6127, 35.5214 ] } },
{ "type": "Feature", "properties": { "観測の種類": "強震計（地下）", "name": "各務原", "観測点名ローマ字": "KAKAMIGAHARA", "観測点コード": "GIFH26", "緯度（度）": 35.4121, "経度（度）": 136.8764, "高さ（ｍ）": 35, "測器の深度（ｍ）": 100.0, "維持管理機関名": "防災科学技術研究所", "維持管理機関名（英語）": "NIED", "観測開始年（西暦）": 2003, "同月": 1, "観測機器名または観測項目": "強震計" }, "geometry": { "type": "Point", "coordinates": [ 136.8764, 35.4121 ] } },
{ "type": "Feature", "properties": { "観測の種類": "強震計（地下）", "name": "美濃加茂", "観測点名ローマ字": "MINOKAMO", "観測点コード": "GIFH27", "緯度（度）": 35.4527, "経度（度）": 137.004, "高さ（ｍ）": 85, "測器の深度（ｍ）": 200.0, "維持管理機関名": "防災科学技術研究所", "維持管理機関名（英語）": "NIED", "観測開始年（西暦）": 2003, "同月": 3, "観測機器名または観測項目": "強震計" }, "geometry": { "type": "Point", "coordinates": [ 137.004, 35.4527 ] } },
{ "type": "Feature", "properties": { "観測の種類": "強震計（地下）", "name": "中津川", "観測点名ローマ字": "NAKATSUGAWA", "観測点コード": "GIFH28", "緯度（度）": 35.4571, "経度（度）": 137.4706, "高さ（ｍ）": 440, "測器の深度（ｍ）": 400.0, "維持管理機関名": "防災科学技術研究所", "維持管理機関名（英語）": "NIED", "観測開始年（西暦）": 2003, "同月": 3, "観測機器名または観測項目": "強震計" }, "geometry": { "type": "Point", "coordinates": [ 137.4706, 35.4571 ] } },
{ "type": "Feature", "properties": { "観測の種類": "強震計（地下）", "name": "上石津", "観測点名ローマ字": "KAMIISHIZU", "観測点コード": "GIFH29", "緯度（度）": 35.2953, "経度（度）": 136.4732, "高さ（ｍ）": 90, "測器の深度（ｍ）": 136.0, "維持管理機関名": "防災科学技術研究所", "維持管理機関名（英語）": "NIED", "観測開始年（西暦）": 2003, "同月": 1, "観測機器名または観測項目": "強震計" }, "geometry": { "type": "Point", "coordinates": [ 136.4732, 35.2953 ] } },
{ "type": "Feature", "properties": { "観測の種類": "強震計（地下）", "name": "森", "観測点名ローマ字": "MORI", "観測点コード": "SZOH21", "緯度（度）": 34.8601, "経度（度）": 137.9426, "高さ（ｍ）": 58, "測器の深度（ｍ）": 197.0, "維持管理機関名": "防災科学技術研究所", "維持管理機関名（英語）": "NIED", "観測開始年（西暦）": 2008, "同月": 3, "観測機器名または観測項目": "強震計" }, "geometry": { "type": "Point", "coordinates": [ 137.9426, 34.8601 ] } },
{ "type": "Feature", "properties": { "観測の種類": "強震計（地下）", "name": "黒俣", "観測点名ローマ字": "KUROMATA", "観測点コード": "SZOH22", "緯度（度）": 35.0331, "経度（度）": 138.2146, "高さ（ｍ）": 223, "測器の深度（ｍ）": 178.0, "維持管理機関名": "防災科学技術研究所", "維持管理機関名（英語）": "NIED", "観測開始年（西暦）": 2008, "同月": 3, "観測機器名または観測項目": "強震計" }, "geometry": { "type": "Point", "coordinates": [ 138.2146, 35.0331 ] } },
{ "type": "Feature", "properties": { "観測の種類": "強震計（地下）", "name": "引佐", "観測点名ローマ字": "INASA", "観測点コード": "SZOH24", "緯度（度）": 34.8343, "経度（度）": 137.6616, "高さ（ｍ）": 19, "測器の深度（ｍ）": 300.0, "維持管理機関名": "防災科学技術研究所", "維持管理機関名（英語）": "NIED", "観測開始年（西暦）": 2002, "同月": 5, "観測機器名または観測項目": "強震計" }, "geometry": { "type": "Point", "coordinates": [ 137.6616, 34.8343 ] } },
{ "type": "Feature", "properties": { "観測の種類": "強震計（地下）", "name": "新居", "観測点名ローマ字": "ARAI", "観測点コード": "SZOH25", "緯度（度）": 34.6913, "経度（度）": 137.5604, "高さ（ｍ）": 6, "測器の深度（ｍ）": 450.0, "維持管理機関名": "防災科学技術研究所", "維持管理機関名（英語）": "NIED", "観測開始年（西暦）": 2002, "同月": 5, "観測機器名または観測項目": "強震計" }, "geometry": { "type": "Point", "coordinates": [ 137.5604, 34.6913 ] } },
{ "type": "Feature", "properties": { "観測の種類": "強震計（地下）", "name": "袋井", "観測点名ローマ字": "FUKUROI", "観測点コード": "SZOH26", "緯度（度）": 34.7948, "経度（度）": 137.9034, "高さ（ｍ）": 23, "測器の深度（ｍ）": 450.0, "維持管理機関名": "防災科学技術研究所", "維持管理機関名（英語）": "NIED", "観測開始年（西暦）": 2002, "同月": 5, "観測機器名または観測項目": "強震計" }, "geometry": { "type": "Point", "coordinates": [ 137.9034, 34.7948 ] } },
{ "type": "Feature", "properties": { "観測の種類": "強震計（地下）", "name": "浜松", "観測点名ローマ字": "HAMAMATSU", "観測点コード": "SZOH28", "緯度（度）": 34.6683, "経度（度）": 137.7441, "高さ（ｍ）": 5, "測器の深度（ｍ）": 996.0, "維持管理機関名": "防災科学技術研究所", "維持管理機関名（英語）": "NIED", "観測開始年（西暦）": 2003, "同月": 4, "観測機器名または観測項目": "強震計" }, "geometry": { "type": "Point", "coordinates": [ 137.7441, 34.6683 ] } },
{ "type": "Feature", "properties": { "観測の種類": "強震計（地下）", "name": "静岡北", "観測点名ローマ字": "SHIZUOKAKITA", "観測点コード": "SZOH29", "緯度（度）": 35.307, "経度（度）": 138.1973, "高さ（ｍ）": 880, "測器の深度（ｍ）": 102.0, "維持管理機関名": "防災科学技術研究所", "維持管理機関名（英語）": "NIED", "観測開始年（西暦）": 2003, "同月": 2, "観測機器名または観測項目": "強震計" }, "geometry": { "type": "Point", "coordinates": [ 138.1973, 35.307 ] } },
{ "type": "Feature", "properties": { "観測の種類": "強震計（地下）", "name": "水窪北", "観測点名ローマ字": "MISAKUBO-N", "観測点コード": "SZOH30", "緯度（度）": 35.2233, "経度（度）": 137.9181, "高さ（ｍ）": 540, "測器の深度（ｍ）": 102.0, "維持管理機関名": "防災科学技術研究所", "維持管理機関名（英語）": "NIED", "観測開始年（西暦）": 2003, "同月": 2, "観測機器名または観測項目": "強震計" }, "geometry": { "type": "Point", "coordinates": [ 137.9181, 35.2233 ] } },
{ "type": "Feature", "properties": { "観測の種類": "強震計（地下）", "name": "川根", "観測点名ローマ字": "KAWANE", "観測点コード": "SZOH31", "緯度（度）": 34.9398, "経度（度）": 138.0767, "高さ（ｍ）": 145, "測器の深度（ｍ）": 102.0, "維持管理機関名": "防災科学技術研究所", "維持管理機関名（英語）": "NIED", "観測開始年（西暦）": 2003, "同月": 2, "観測機器名または観測項目": "強震計" }, "geometry": { "type": "Point", "coordinates": [ 138.0767, 34.9398 ] } },
{ "type": "Feature", "properties": { "観測の種類": "強震計（地下）", "name": "龍山東", "観測点名ローマ字": "TATSUYAMA-E", "観測点コード": "SZOH32", "緯度（度）": 35.0086, "経度（度）": 137.8409, "高さ（ｍ）": 325, "測器の深度（ｍ）": 103.0, "維持管理機関名": "防災科学技術研究所", "維持管理機関名（英語）": "NIED", "観測開始年（西暦）": 2003, "同月": 2, "観測機器名または観測項目": "強震計" }, "geometry": { "type": "Point", "coordinates": [ 137.8409, 35.0086 ] } },
{ "type": "Feature", "properties": { "観測の種類": "強震計（地下）", "name": "静岡南", "観測点名ローマ字": "SHIZUOKAMINAMI", "観測点コード": "SZOH33", "緯度（度）": 35.0146, "経度（度）": 138.3526, "高さ（ｍ）": 50, "測器の深度（ｍ）": 102.0, "維持管理機関名": "防災科学技術研究所", "維持管理機関名（英語）": "NIED", "観測開始年（西暦）": 2003, "同月": 2, "観測機器名または観測項目": "強震計" }, "geometry": { "type": "Point", "coordinates": [ 138.3526, 35.0146 ] } },
{ "type": "Feature", "properties": { "観測の種類": "強震計（地下）", "name": "清水北", "観測点名ローマ字": "SHIMIZU-N", "観測点コード": "SZOH34", "緯度（度）": 35.1304, "経度（度）": 138.4243, "高さ（ｍ）": 540, "測器の深度（ｍ）": 118.0, "維持管理機関名": "防災科学技術研究所", "維持管理機関名（英語）": "NIED", "観測開始年（西暦）": 2003, "同月": 2, "観測機器名または観測項目": "強震計" }, "geometry": { "type": "Point", "coordinates": [ 138.4243, 35.1304 ] } },
{ "type": "Feature", "properties": { "観測の種類": "強震計（地下）", "name": "伊東中", "観測点名ローマ字": "ITOH-C", "観測点コード": "SZOH35", "緯度（度）": 34.9467, "経度（度）": 139.0855, "高さ（ｍ）": 140, "測器の深度（ｍ）": 300.0, "維持管理機関名": "防災科学技術研究所", "維持管理機関名（英語）": "NIED", "観測開始年（西暦）": 2003, "同月": 2, "観測機器名または観測項目": "強震計" }, "geometry": { "type": "Point", "coordinates": [ 139.0855, 34.9467 ] } },
{ "type": "Feature", "properties": { "観測の種類": "強震計（地下）", "name": "藤枝", "観測点名ローマ字": "FUJIEDA", "観測点コード": "SZOH36", "緯度（度）": 34.9142, "経度（度）": 138.2008, "高さ（ｍ）": 90, "測器の深度（ｍ）": 100.0, "維持管理機関名": "防災科学技術研究所", "維持管理機関名（英語）": "NIED", "観測開始年（西暦）": 2003, "同月": 2, "観測機器名または観測項目": "強震計" }, "geometry": { "type": "Point", "coordinates": [ 138.2008, 34.9142 ] } },
{ "type": "Feature", "properties": { "観測の種類": "強震計（地下）", "name": "芝川", "観測点名ローマ字": "SHIBAKAWA", "観測点コード": "SZOH37", "緯度（度）": 35.2028, "経度（度）": 138.5659, "高さ（ｍ）": 80, "測器の深度（ｍ）": 304.0, "維持管理機関名": "防災科学技術研究所", "維持管理機関名（英語）": "NIED", "観測開始年（西暦）": 2003, "同月": 2, "観測機器名または観測項目": "強震計" }, "geometry": { "type": "Point", "coordinates": [ 138.5659, 35.2028 ] } },
{ "type": "Feature", "properties": { "観測の種類": "強震計（地下）", "name": "函南", "観測点名ローマ字": "KANNAMI", "観測点コード": "SZOH38", "緯度（度）": 35.0854, "経度（度）": 138.9779, "高さ（ｍ）": 100, "測器の深度（ｍ）": 200.0, "維持管理機関名": "防災科学技術研究所", "維持管理機関名（英語）": "NIED", "観測開始年（西暦）": 2003, "同月": 2, "観測機器名または観測項目": "強震計" }, "geometry": { "type": "Point", "coordinates": [ 138.9779, 35.0854 ] } },
{ "type": "Feature", "properties": { "観測の種類": "強震計（地下）", "name": "西伊豆西", "観測点名ローマ字": "NISHIIZU-W", "観測点コード": "SZOH39", "緯度（度）": 34.7988, "経度（度）": 138.7724, "高さ（ｍ）": 130, "測器の深度（ｍ）": 103.0, "維持管理機関名": "防災科学技術研究所", "維持管理機関名（英語）": "NIED", "観測開始年（西暦）": 2003, "同月": 1, "観測機器名または観測項目": "強震計" }, "geometry": { "type": "Point", "coordinates": [ 138.7724, 34.7988 ] } },
{ "type": "Feature", "properties": { "観測の種類": "強震計（地下）", "name": "河津", "観測点名ローマ字": "KAWAZU", "観測点コード": "SZOH40", "緯度（度）": 34.7832, "経度（度）": 138.97, "高さ（ｍ）": 235, "測器の深度（ｍ）": 207.0, "維持管理機関名": "防災科学技術研究所", "維持管理機関名（英語）": "NIED", "観測開始年（西暦）": 2003, "同月": 3, "観測機器名または観測項目": "強震計" }, "geometry": { "type": "Point", "coordinates": [ 138.97, 34.7832 ] } },
{ "type": "Feature", "properties": { "観測の種類": "強震計（地下）", "name": "南伊豆", "観測点名ローマ字": "MINAMIIZU", "観測点コード": "SZOH41", "緯度（度）": 34.6749, "経度（度）": 138.834, "高さ（ｍ）": 60, "測器の深度（ｍ）": 109.0, "維持管理機関名": "防災科学技術研究所", "維持管理機関名（英語）": "NIED", "観測開始年（西暦）": 2003, "同月": 1, "観測機器名または観測項目": "強震計" }, "geometry": { "type": "Point", "coordinates": [ 138.834, 34.6749 ] } },
{ "type": "Feature", "properties": { "観測の種類": "強震計（地下）", "name": "修善寺", "観測点名ローマ字": "SHUZENJI", "観測点コード": "SZOH42", "緯度（度）": 34.9756, "経度（度）": 138.9128, "高さ（ｍ）": 250, "測器の深度（ｍ）": 203.0, "維持管理機関名": "防災科学技術研究所", "維持管理機関名（英語）": "NIED", "観測開始年（西暦）": 2003, "同月": 5, "観測機器名または観測項目": "強震計" }, "geometry": { "type": "Point", "coordinates": [ 138.9128, 34.9756 ] } },
{ "type": "Feature", "properties": { "観測の種類": "強震計（地下）", "name": "清水南", "観測点名ローマ字": "SHIMIZU-S", "観測点コード": "SZOH43", "緯度（度）": 34.9739, "経度（度）": 138.4924, "高さ（ｍ）": 20, "測器の深度（ｍ）": 239.0, "維持管理機関名": "防災科学技術研究所", "維持管理機関名（英語）": "NIED", "観測開始年（西暦）": 2003, "同月": 5, "観測機器名または観測項目": "強震計" }, "geometry": { "type": "Point", "coordinates": [ 138.4924, 34.9739 ] } },
{ "type": "Feature", "properties": { "観測の種類": "強震計（地下）", "name": "掛川3", "観測点名ローマ字": "KAKEGAWA3", "観測点コード": "SZOH53", "緯度（度）": 34.8768, "経度（度）": 138.0174, "高さ（ｍ）": 182, "測器の深度（ｍ）": 100.0, "維持管理機関名": "防災科学技術研究所", "維持管理機関名（英語）": "NIED", "観測開始年（西暦）": 2011, "同月": 2, "観測機器名または観測項目": "強震計" }, "geometry": { "type": "Point", "coordinates": [ 138.0174, 34.8768 ] } },
{ "type": "Feature", "properties": { "観測の種類": "強震計（地下）", "name": "初島2", "観測点名ローマ字": "HATSUSHIMA2", "観測点コード": "SZOH54", "緯度（度）": 35.0417, "経度（度）": 139.1685, "高さ（ｍ）": 20, "測器の深度（ｍ）": 110.0, "維持管理機関名": "防災科学技術研究所", "維持管理機関名（英語）": "NIED", "観測開始年（西暦）": 2011, "同月": 3, "観測機器名または観測項目": "強震計" }, "geometry": { "type": "Point", "coordinates": [ 139.1685, 35.0417 ] } },
{ "type": "Feature", "properties": { "観測の種類": "強震計（地下）", "name": "安城", "観測点名ローマ字": "ANJOU", "観測点コード": "AICH04", "緯度（度）": 34.9319, "経度（度）": 137.0568, "高さ（ｍ）": 5, "測器の深度（ｍ）": 1055.0, "維持管理機関名": "防災科学技術研究所", "維持管理機関名（英語）": "NIED", "観測開始年（西暦）": 2000, "同月": 8, "観測機器名または観測項目": "強震計" }, "geometry": { "type": "Point", "coordinates": [ 137.0568, 34.9319 ] } },
{ "type": "Feature", "properties": { "観測の種類": "強震計（地下）", "name": "渥美", "観測点名ローマ字": "ATSUMI", "観測点コード": "AICH06", "緯度（度）": 34.6158, "経度（度）": 137.0419, "高さ（ｍ）": 5, "測器の深度（ｍ）": 300.0, "維持管理機関名": "防災科学技術研究所", "維持管理機関名（英語）": "NIED", "観測開始年（西暦）": 2000, "同月": 8, "観測機器名または観測項目": "強震計" }, "geometry": { "type": "Point", "coordinates": [ 137.0419, 34.6158 ] } },
{ "type": "Feature", "properties": { "観測の種類": "強震計（地下）", "name": "旭", "観測点名ローマ字": "ASAHI", "観測点コード": "AICH07", "緯度（度）": 35.2194, "経度（度）": 137.4039, "高さ（ｍ）": 621, "測器の深度（ｍ）": 201.0, "維持管理機関名": "防災科学技術研究所", "維持管理機関名（英語）": "NIED", "観測開始年（西暦）": 2000, "同月": 8, "観測機器名または観測項目": "強震計" }, "geometry": { "type": "Point", "coordinates": [ 137.4039, 35.2194 ] } },
{ "type": "Feature", "properties": { "観測の種類": "強震計（地下）", "name": "額田", "観測点名ローマ字": "NUKATA", "観測点コード": "AICH08", "緯度（度）": 34.9189, "経度（度）": 137.2993, "高さ（ｍ）": 90, "測器の深度（ｍ）": 100.0, "維持管理機関名": "防災科学技術研究所", "維持管理機関名（英語）": "NIED", "観測開始年（西暦）": 2000, "同月": 8, "観測機器名または観測項目": "強震計" }, "geometry": { "type": "Point", "coordinates": [ 137.2993, 34.9189 ] } },
{ "type": "Feature", "properties": { "観測の種類": "強震計（地下）", "name": "豊橋", "観測点名ローマ字": "TOYOHASHI", "観測点コード": "AICH09", "緯度（度）": 34.6643, "経度（度）": 137.3902, "高さ（ｍ）": 60, "測器の深度（ｍ）": 360.0, "維持管理機関名": "防災科学技術研究所", "維持管理機関名（英語）": "NIED", "観測開始年（西暦）": 2000, "同月": 8, "観測機器名または観測項目": "強震計" }, "geometry": { "type": "Point", "coordinates": [ 137.3902, 34.6643 ] } },
{ "type": "Feature", "properties": { "観測の種類": "強震計（地下）", "name": "鳳来", "観測点名ローマ字": "HOURAI", "観測点コード": "AICH10", "緯度（度）": 35.0002, "経度（度）": 137.6243, "高さ（ｍ）": 160, "測器の深度（ｍ）": 100.0, "維持管理機関名": "防災科学技術研究所", "維持管理機関名（英語）": "NIED", "観測開始年（西暦）": 2000, "同月": 8, "観測機器名または観測項目": "強震計" }, "geometry": { "type": "Point", "coordinates": [ 137.6243, 35.0002 ] } },
{ "type": "Feature", "properties": { "観測の種類": "強震計（地下）", "name": "春日井", "観測点名ローマ字": "KASUGAI", "観測点コード": "AICH11", "緯度（度）": 35.3059, "経度（度）": 137.057, "高さ（ｍ）": 162, "測器の深度（ｍ）": 100.0, "維持管理機関名": "防災科学技術研究所", "維持管理機関名（英語）": "NIED", "観測開始年（西暦）": 2000, "同月": 8, "観測機器名または観測項目": "強震計" }, "geometry": { "type": "Point", "coordinates": [ 137.057, 35.3059 ] } },
{ "type": "Feature", "properties": { "観測の種類": "強震計（地下）", "name": "幡豆", "観測点名ローマ字": "HAZU", "観測点コード": "AICH12", "緯度（度）": 34.7884, "経度（度）": 137.1057, "高さ（ｍ）": 10, "測器の深度（ｍ）": 401.0, "維持管理機関名": "防災科学技術研究所", "維持管理機関名（英語）": "NIED", "観測開始年（西暦）": 2000, "同月": 8, "観測機器名または観測項目": "強震計" }, "geometry": { "type": "Point", "coordinates": [ 137.1057, 34.7884 ] } },
{ "type": "Feature", "properties": { "観測の種類": "強震計（地下）", "name": "清洲", "観測点名ローマ字": "KIYOSU", "観測点コード": "AICH13", "緯度（度）": 35.2177, "経度（度）": 136.8509, "高さ（ｍ）": 5, "測器の深度（ｍ）": 741.0, "維持管理機関名": "防災科学技術研究所", "維持管理機関名（英語）": "NIED", "観測開始年（西暦）": 2001, "同月": 5, "観測機器名または観測項目": "強震計" }, "geometry": { "type": "Point", "coordinates": [ 136.8509, 35.2177 ] } },
{ "type": "Feature", "properties": { "観測の種類": "強震計（地下）", "name": "長久手", "観測点名ローマ字": "NAGAKUTE", "観測点コード": "AICH14", "緯度（度）": 35.1842, "経度（度）": 137.0474, "高さ（ｍ）": 60, "測器の深度（ｍ）": 207.0, "維持管理機関名": "防災科学技術研究所", "維持管理機関名（英語）": "NIED", "観測開始年（西暦）": 2003, "同月": 2, "観測機器名または観測項目": "強震計" }, "geometry": { "type": "Point", "coordinates": [ 137.0474, 35.1842 ] } },
{ "type": "Feature", "properties": { "観測の種類": "強震計（地下）", "name": "足助", "観測点名ローマ字": "ASUKE", "観測点コード": "AICH15", "緯度（度）": 35.1392, "経度（度）": 137.3359, "高さ（ｍ）": 150, "測器の深度（ｍ）": 120.0, "維持管理機関名": "防災科学技術研究所", "維持管理機関名（英語）": "NIED", "観測開始年（西暦）": 2003, "同月": 3, "観測機器名または観測項目": "強震計" }, "geometry": { "type": "Point", "coordinates": [ 137.3359, 35.1392 ] } },
{ "type": "Feature", "properties": { "観測の種類": "強震計（地下）", "name": "設楽", "観測点名ローマ字": "SHITARA", "観測点コード": "AICH16", "緯度（度）": 35.1543, "経度（度）": 137.535, "高さ（ｍ）": 655, "測器の深度（ｍ）": 101.0, "維持管理機関名": "防災科学技術研究所", "維持管理機関名（英語）": "NIED", "観測開始年（西暦）": 2003, "同月": 2, "観測機器名または観測項目": "強震計" }, "geometry": { "type": "Point", "coordinates": [ 137.535, 35.1543 ] } },
{ "type": "Feature", "properties": { "観測の種類": "強震計（地下）", "name": "豊根", "観測点名ローマ字": "TOYONE", "観測点コード": "AICH17", "緯度（度）": 35.184, "経度（度）": 137.7268, "高さ（ｍ）": 755, "測器の深度（ｍ）": 101.0, "維持管理機関名": "防災科学技術研究所", "維持管理機関名（英語）": "NIED", "観測開始年（西暦）": 2003, "同月": 2, "観測機器名または観測項目": "強震計" }, "geometry": { "type": "Point", "coordinates": [ 137.7268, 35.184 ] } },
{ "type": "Feature", "properties": { "観測の種類": "強震計（地下）", "name": "岡崎", "観測点名ローマ字": "OKAZAKI", "観測点コード": "AICH18", "緯度（度）": 34.9635, "経度（度）": 137.2377, "高さ（ｍ）": 200, "測器の深度（ｍ）": 100.0, "維持管理機関名": "防災科学技術研究所", "維持管理機関名（英語）": "NIED", "観測開始年（西暦）": 2003, "同月": 2, "観測機器名または観測項目": "強震計" }, "geometry": { "type": "Point", "coordinates": [ 137.2377, 34.9635 ] } },
{ "type": "Feature", "properties": { "観測の種類": "強震計（地下）", "name": "作手", "観測点名ローマ字": "TSUKUDE", "観測点コード": "AICH19", "緯度（度）": 34.9512, "経度（度）": 137.4114, "高さ（ｍ）": 545, "測器の深度（ｍ）": 100.0, "維持管理機関名": "防災科学技術研究所", "維持管理機関名（英語）": "NIED", "観測開始年（西暦）": 2003, "同月": 1, "観測機器名または観測項目": "強震計" }, "geometry": { "type": "Point", "coordinates": [ 137.4114, 34.9512 ] } },
{ "type": "Feature", "properties": { "観測の種類": "強震計（地下）", "name": "新城", "観測点名ローマ字": "SHINSHIRO", "観測点コード": "AICH20", "緯度（度）": 34.8976, "経度（度）": 137.4876, "高さ（ｍ）": 55, "測器の深度（ｍ）": 100.0, "維持管理機関名": "防災科学技術研究所", "維持管理機関名（英語）": "NIED", "観測開始年（西暦）": 2003, "同月": 2, "観測機器名または観測項目": "強震計" }, "geometry": { "type": "Point", "coordinates": [ 137.4876, 34.8976 ] } },
{ "type": "Feature", "properties": { "観測の種類": "強震計（地下）", "name": "南知多", "観測点名ローマ字": "MINAMICHITA", "観測点コード": "AICH21", "緯度（度）": 34.7401, "経度（度）": 136.9385, "高さ（ｍ）": 20, "測器の深度（ｍ）": 100.0, "維持管理機関名": "防災科学技術研究所", "維持管理機関名（英語）": "NIED", "観測開始年（西暦）": 2003, "同月": 1, "観測機器名または観測項目": "強震計" }, "geometry": { "type": "Point", "coordinates": [ 136.9385, 34.7401 ] } },
{ "type": "Feature", "properties": { "観測の種類": "強震計（地下）", "name": "豊橋北", "観測点名ローマ字": "TOYOHASHIKITA", "観測点コード": "AICH22", "緯度（度）": 34.7853, "経度（度）": 137.4393, "高さ（ｍ）": 30, "測器の深度（ｍ）": 200.0, "維持管理機関名": "防災科学技術研究所", "維持管理機関名（英語）": "NIED", "観測開始年（西暦）": 2003, "同月": 2, "観測機器名または観測項目": "強震計" }, "geometry": { "type": "Point", "coordinates": [ 137.4393, 34.7853 ] } },
{ "type": "Feature", "properties": { "観測の種類": "強震計（地下）", "name": "常滑2", "観測点名ローマ字": "TOKONAME2", "観測点コード": "AICH23", "緯度（度）": 34.8806, "経度（度）": 136.8316, "高さ（ｍ）": 3, "測器の深度（ｍ）": 1000.0, "維持管理機関名": "防災科学技術研究所", "維持管理機関名（英語）": "NIED", "観測開始年（西暦）": 2015, "同月": 6, "観測機器名または観測項目": "強震計" }, "geometry": { "type": "Point", "coordinates": [ 136.8316, 34.8806 ] } },
{ "type": "Feature", "properties": { "観測の種類": "強震計（地下）", "name": "四日市", "観測点名ローマ字": "YOKKAICHI", "観測点コード": "MIEH01", "緯度（度）": 34.9849, "経度（度）": 136.4563, "高さ（ｍ）": 290, "測器の深度（ｍ）": 140.0, "維持管理機関名": "防災科学技術研究所", "維持管理機関名（英語）": "NIED", "観測開始年（西暦）": 2000, "同月": 8, "観測機器名または観測項目": "強震計" }, "geometry": { "type": "Point", "coordinates": [ 136.4563, 34.9849 ] } },
{ "type": "Feature", "properties": { "観測の種類": "強震計（地下）", "name": "大山田", "観測点名ローマ字": "OOYAMADA", "観測点コード": "MIEH02", "緯度（度）": 34.7662, "経度（度）": 136.2835, "高さ（ｍ）": 280, "測器の深度（ｍ）": 200.0, "維持管理機関名": "防災科学技術研究所", "維持管理機関名（英語）": "NIED", "観測開始年（西暦）": 2000, "同月": 8, "観測機器名または観測項目": "強震計" }, "geometry": { "type": "Point", "coordinates": [ 136.2835, 34.7662 ] } },
{ "type": "Feature", "properties": { "観測の種類": "強震計（地下）", "name": "嬉野", "観測点名ローマ字": "URESINO", "観測点コード": "MIEH03", "緯度（度）": 34.547, "経度（度）": 136.3692, "高さ（ｍ）": 280, "測器の深度（ｍ）": 100.0, "維持管理機関名": "防災科学技術研究所", "維持管理機関名（英語）": "NIED", "観測開始年（西暦）": 2000, "同月": 8, "観測機器名または観測項目": "強震計" }, "geometry": { "type": "Point", "coordinates": [ 136.3692, 34.547 ] } },
{ "type": "Feature", "properties": { "観測の種類": "強震計（地下）", "name": "度会", "観測点名ローマ字": "WATARAI", "観測点コード": "MIEH04", "緯度（度）": 34.3532, "経度（度）": 136.5866, "高さ（ｍ）": 90, "測器の深度（ｍ）": 112.0, "維持管理機関名": "防災科学技術研究所", "維持管理機関名（英語）": "NIED", "観測開始年（西暦）": 2000, "同月": 8, "観測機器名または観測項目": "強震計" }, "geometry": { "type": "Point", "coordinates": [ 136.5866, 34.3532 ] } },
{ "type": "Feature", "properties": { "観測の種類": "強震計（地下）", "name": "尾鷲", "観測点名ローマ字": "OWASE", "観測点コード": "MIEH05", "緯度（度）": 34.0637, "経度（度）": 136.1689, "高さ（ｍ）": 85, "測器の深度（ｍ）": 100.0, "維持管理機関名": "防災科学技術研究所", "維持管理機関名（英語）": "NIED", "観測開始年（西暦）": 2000, "同月": 8, "観測機器名または観測項目": "強震計" }, "geometry": { "type": "Point", "coordinates": [ 136.1689, 34.0637 ] } },
{ "type": "Feature", "properties": { "観測の種類": "強震計（地下）", "name": "宮川", "観測点名ローマ字": "MIYAGAWA", "観測点コード": "MIEH06", "緯度（度）": 34.358, "経度（度）": 136.3293, "高さ（ｍ）": 129, "測器の深度（ｍ）": 100.0, "維持管理機関名": "防災科学技術研究所", "維持管理機関名（英語）": "NIED", "観測開始年（西暦）": 2000, "同月": 8, "観測機器名または観測項目": "強震計" }, "geometry": { "type": "Point", "coordinates": [ 136.3293, 34.358 ] } },
{ "type": "Feature", "properties": { "観測の種類": "強震計（地下）", "name": "志摩", "観測点名ローマ字": "SHIMA", "観測点コード": "MIEH07", "緯度（度）": 34.2544, "経度（度）": 136.8216, "高さ（ｍ）": 10, "測器の深度（ｍ）": 207.0, "維持管理機関名": "防災科学技術研究所", "維持管理機関名（英語）": "NIED", "観測開始年（西暦）": 2000, "同月": 8, "観測機器名または観測項目": "強震計" }, "geometry": { "type": "Point", "coordinates": [ 136.8216, 34.2544 ] } },
{ "type": "Feature", "properties": { "観測の種類": "強震計（地下）", "name": "松阪", "観測点名ローマ字": "MATSUSAKA", "観測点コード": "MIEH08", "緯度（度）": 34.5424, "経度（度）": 136.5033, "高さ（ｍ）": 35, "測器の深度（ｍ）": 150.0, "維持管理機関名": "防災科学技術研究所", "維持管理機関名（英語）": "NIED", "観測開始年（西暦）": 2000, "同月": 8, "観測機器名または観測項目": "強震計" }, "geometry": { "type": "Point", "coordinates": [ 136.5033, 34.5424 ] } },
{ "type": "Feature", "properties": { "観測の種類": "強震計（地下）", "name": "紀宝", "観測点名ローマ字": "KIHOU", "観測点コード": "MIEH09", "緯度（度）": 33.7644, "経度（度）": 135.9969, "高さ（ｍ）": 90, "測器の深度（ｍ）": 100.0, "維持管理機関名": "防災科学技術研究所", "維持管理機関名（英語）": "NIED", "観測開始年（西暦）": 2000, "同月": 8, "観測機器名または観測項目": "強震計" }, "geometry": { "type": "Point", "coordinates": [ 135.9969, 33.7644 ] } },
{ "type": "Feature", "properties": { "観測の種類": "強震計（地下）", "name": "芸濃", "観測点名ローマ字": "GEINOU", "観測点コード": "MIEH10", "緯度（度）": 34.8224, "経度（度）": 136.4245, "高さ（ｍ）": 75, "測器の深度（ｍ）": 197.0, "維持管理機関名": "防災科学技術研究所", "維持管理機関名（英語）": "NIED", "観測開始年（西暦）": 2000, "同月": 8, "観測機器名または観測項目": "強震計" }, "geometry": { "type": "Point", "coordinates": [ 136.4245, 34.8224 ] } },
{ "type": "Feature", "properties": { "観測の種類": "強震計（地下）", "name": "多賀", "観測点名ローマ字": "TAGA", "観測点コード": "SIGH01", "緯度（度）": 35.2383, "経度（度）": 136.3599, "高さ（ｍ）": 610, "測器の深度（ｍ）": 100.0, "維持管理機関名": "防災科学技術研究所", "維持管理機関名（英語）": "NIED", "観測開始年（西暦）": 2000, "同月": 8, "観測機器名または観測項目": "強震計" }, "geometry": { "type": "Point", "coordinates": [ 136.3599, 35.2383 ] } },
{ "type": "Feature", "properties": { "観測の種類": "強震計（地下）", "name": "大津", "観測点名ローマ字": "OHTSU", "観測点コード": "SIGH02", "緯度（度）": 35.2482, "経度（度）": 135.8671, "高さ（ｍ）": 305, "測器の深度（ｍ）": 100.0, "維持管理機関名": "防災科学技術研究所", "維持管理機関名（英語）": "NIED", "観測開始年（西暦）": 2000, "同月": 8, "観測機器名または観測項目": "強震計" }, "geometry": { "type": "Point", "coordinates": [ 135.8671, 35.2482 ] } },
{ "type": "Feature", "properties": { "観測の種類": "強震計（地下）", "name": "信楽", "観測点名ローマ字": "SHIGARAKI", "観測点コード": "SIGH03", "緯度（度）": 34.853, "経度（度）": 136.0316, "高さ（ｍ）": 360, "測器の深度（ｍ）": 200.0, "維持管理機関名": "防災科学技術研究所", "維持管理機関名（英語）": "NIED", "観測開始年（西暦）": 2000, "同月": 8, "観測機器名または観測項目": "強震計" }, "geometry": { "type": "Point", "coordinates": [ 136.0316, 34.853 ] } },
{ "type": "Feature", "properties": { "観測の種類": "強震計（地下）", "name": "日野", "観測点名ローマ字": "HINO", "観測点コード": "SIGH04", "緯度（度）": 34.9638, "経度（度）": 136.261, "高さ（ｍ）": 320, "測器の深度（ｍ）": 200.0, "維持管理機関名": "防災科学技術研究所", "維持管理機関名（英語）": "NIED", "観測開始年（西暦）": 2000, "同月": 8, "観測機器名または観測項目": "強震計" }, "geometry": { "type": "Point", "coordinates": [ 136.261, 34.9638 ] } },
{ "type": "Feature", "properties": { "観測の種類": "強震計（地下）", "name": "野田川", "観測点名ローマ字": "NODAGAWA", "観測点コード": "KYTH01", "緯度（度）": 35.5243, "経度（度）": 135.1243, "高さ（ｍ）": 15, "測器の深度（ｍ）": 155.0, "維持管理機関名": "防災科学技術研究所", "維持管理機関名（英語）": "NIED", "観測開始年（西暦）": 2000, "同月": 8, "観測機器名または観測項目": "強震計" }, "geometry": { "type": "Point", "coordinates": [ 135.1243, 35.5243 ] } },
{ "type": "Feature", "properties": { "観測の種類": "強震計（地下）", "name": "伊根", "観測点名ローマ字": "INE", "観測点コード": "KYTH02", "緯度（度）": 35.7101, "経度（度）": 135.2496, "高さ（ｍ）": 28, "測器の深度（ｍ）": 200.0, "維持管理機関名": "防災科学技術研究所", "維持管理機関名（英語）": "NIED", "観測開始年（西暦）": 2000, "同月": 8, "観測機器名または観測項目": "強震計" }, "geometry": { "type": "Point", "coordinates": [ 135.2496, 35.7101 ] } },
{ "type": "Feature", "properties": { "観測の種類": "強震計（地下）", "name": "福知山", "観測点名ローマ字": "FUKUCHIYAMA", "観測点コード": "KYTH03", "緯度（度）": 35.313, "経度（度）": 135.1334, "高さ（ｍ）": 40, "測器の深度（ｍ）": 300.0, "維持管理機関名": "防災科学技術研究所", "維持管理機関名（英語）": "NIED", "観測開始年（西暦）": 2000, "同月": 8, "観測機器名または観測項目": "強震計" }, "geometry": { "type": "Point", "coordinates": [ 135.1334, 35.313 ] } },
{ "type": "Feature", "properties": { "観測の種類": "強震計（地下）", "name": "美山", "観測点名ローマ字": "MIYAMA", "観測点コード": "KYTH04", "緯度（度）": 35.2685, "経度（度）": 135.5508, "高さ（ｍ）": 190, "測器の深度（ｍ）": 100.0, "維持管理機関名": "防災科学技術研究所", "維持管理機関名（英語）": "NIED", "観測開始年（西暦）": 2000, "同月": 8, "観測機器名または観測項目": "強震計" }, "geometry": { "type": "Point", "coordinates": [ 135.5508, 35.2685 ] } },
{ "type": "Feature", "properties": { "観測の種類": "強震計（地下）", "name": "網野", "観測点名ローマ字": "AMINO", "観測点コード": "KYTH05", "緯度（度）": 35.6814, "経度（度）": 135.0268, "高さ（ｍ）": 5, "測器の深度（ｍ）": 150.0, "維持管理機関名": "防災科学技術研究所", "維持管理機関名（英語）": "NIED", "観測開始年（西暦）": 2002, "同月": 4, "観測機器名または観測項目": "強震計" }, "geometry": { "type": "Point", "coordinates": [ 135.0268, 35.6814 ] } },
{ "type": "Feature", "properties": { "観測の種類": "強震計（地下）", "name": "亀岡", "観測点名ローマ字": "KAMEOKA", "観測点コード": "KYTH06", "緯度（度）": 35.0469, "経度（度）": 135.4846, "高さ（ｍ）": 175, "測器の深度（ｍ）": 100.0, "維持管理機関名": "防災科学技術研究所", "維持管理機関名（英語）": "NIED", "観測開始年（西暦）": 2002, "同月": 4, "観測機器名または観測項目": "強震計" }, "geometry": { "type": "Point", "coordinates": [ 135.4846, 35.0469 ] } },
{ "type": "Feature", "properties": { "観測の種類": "強震計（地下）", "name": "久御山", "観測点名ローマ字": "KUMIYAMA", "観測点コード": "KYTH07", "緯度（度）": 34.8983, "経度（度）": 135.7461, "高さ（ｍ）": 11, "測器の深度（ｍ）": 800.0, "維持管理機関名": "防災科学技術研究所", "維持管理機関名（英語）": "NIED", "観測開始年（西暦）": 2004, "同月": 3, "観測機器名または観測項目": "強震計" }, "geometry": { "type": "Point", "coordinates": [ 135.7461, 34.8983 ] } },
{ "type": "Feature", "properties": { "観測の種類": "強震計（地下）", "name": "京都", "観測点名ローマ字": "KYOTO", "観測点コード": "KYTH08", "緯度（度）": 35.0094, "経度（度）": 135.7304, "高さ（ｍ）": 32, "測器の深度（ｍ）": 704.0, "維持管理機関名": "防災科学技術研究所", "維持管理機関名（英語）": "NIED", "観測開始年（西暦）": 2005, "同月": 3, "観測機器名または観測項目": "強震計" }, "geometry": { "type": "Point", "coordinates": [ 135.7304, 35.0094 ] } },
{ "type": "Feature", "properties": { "観測の種類": "強震計（地下）", "name": "田尻", "観測点名ローマ字": "TAJIRI", "観測点コード": "OSKH01", "緯度（度）": 34.3977, "経度（度）": 135.2836, "高さ（ｍ）": 5, "測器の深度（ｍ）": 1505.0, "維持管理機関名": "防災科学技術研究所", "維持管理機関名（英語）": "NIED", "観測開始年（西暦）": 2000, "同月": 8, "観測機器名または観測項目": "強震計" }, "geometry": { "type": "Point", "coordinates": [ 135.2836, 34.3977 ] } },
{ "type": "Feature", "properties": { "観測の種類": "強震計（地下）", "name": "此花", "観測点名ローマ字": "KONOHANA", "観測点コード": "OSKH02", "緯度（度）": 34.6628, "経度（度）": 135.3896, "高さ（ｍ）": 7, "測器の深度（ｍ）": 2008.0, "維持管理機関名": "防災科学技術研究所", "維持管理機関名（英語）": "NIED", "観測開始年（西暦）": 2000, "同月": 8, "観測機器名または観測項目": "強震計" }, "geometry": { "type": "Point", "coordinates": [ 135.3896, 34.6628 ] } },
{ "type": "Feature", "properties": { "観測の種類": "強震計（地下）", "name": "太子", "観測点名ローマ字": "TAISHI", "観測点コード": "OSKH03", "緯度（度）": 34.5248, "経度（度）": 135.6608, "高さ（ｍ）": 129, "測器の深度（ｍ）": 100.0, "維持管理機関名": "防災科学技術研究所", "維持管理機関名（英語）": "NIED", "観測開始年（西暦）": 2000, "同月": 8, "観測機器名または観測項目": "強震計" }, "geometry": { "type": "Point", "coordinates": [ 135.6608, 34.5248 ] } },
{ "type": "Feature", "properties": { "観測の種類": "強震計（地下）", "name": "交野", "観測点名ローマ字": "KATANO", "観測点コード": "OSKH04", "緯度（度）": 34.763, "経度（度）": 135.7052, "高さ（ｍ）": 240, "測器の深度（ｍ）": 200.0, "維持管理機関名": "防災科学技術研究所", "維持管理機関名（英語）": "NIED", "観測開始年（西暦）": 2000, "同月": 8, "観測機器名または観測項目": "強震計" }, "geometry": { "type": "Point", "coordinates": [ 135.7052, 34.763 ] } },
{ "type": "Feature", "properties": { "観測の種類": "強震計（地下）", "name": "大阪", "観測点名ローマ字": "OSAKA", "観測点コード": "OSKH05", "緯度（度）": 34.7159, "経度（度）": 135.5199, "高さ（ｍ）": 1, "測器の深度（ｍ）": 982.0, "維持管理機関名": "防災科学技術研究所", "維持管理機関名（英語）": "NIED", "観測開始年（西暦）": 2005, "同月": 3, "観測機器名または観測項目": "強震計" }, "geometry": { "type": "Point", "coordinates": [ 135.5199, 34.7159 ] } },
{ "type": "Feature", "properties": { "観測の種類": "強震計（地下）", "name": "三原", "観測点名ローマ字": "MIHARA", "観測点コード": "HYGH01", "緯度（度）": 34.2937, "経度（度）": 134.7941, "高さ（ｍ）": 65, "測器の深度（ｍ）": 102.0, "維持管理機関名": "防災科学技術研究所", "維持管理機関名（英語）": "NIED", "観測開始年（西暦）": 2000, "同月": 8, "観測機器名または観測項目": "強震計" }, "geometry": { "type": "Point", "coordinates": [ 134.7941, 34.2937 ] } },
{ "type": "Feature", "properties": { "観測の種類": "強震計（地下）", "name": "南光", "観測点名ローマ字": "NANKOU", "観測点コード": "HYGH02", "緯度（度）": 35.0671, "経度（度）": 134.4234, "高さ（ｍ）": 205, "測器の深度（ｍ）": 103.0, "維持管理機関名": "防災科学技術研究所", "維持管理機関名（英語）": "NIED", "観測開始年（西暦）": 2000, "同月": 8, "観測機器名または観測項目": "強震計" }, "geometry": { "type": "Point", "coordinates": [ 134.4234, 35.0671 ] } },
{ "type": "Feature", "properties": { "観測の種類": "強震計（地下）", "name": "波賀", "観測点名ローマ字": "HAGA", "観測点コード": "HYGH03", "緯度（度）": 35.2193, "経度（度）": 134.5237, "高さ（ｍ）": 365, "測器の深度（ｍ）": 100.0, "維持管理機関名": "防災科学技術研究所", "維持管理機関名（英語）": "NIED", "観測開始年（西暦）": 2000, "同月": 8, "観測機器名または観測項目": "強震計" }, "geometry": { "type": "Point", "coordinates": [ 134.5237, 35.2193 ] } },
{ "type": "Feature", "properties": { "観測の種類": "強震計（地下）", "name": "篠山", "観測点名ローマ字": "SASAYAMA", "観測点コード": "HYGH04", "緯度（度）": 35.0708, "経度（度）": 135.2811, "高さ（ｍ）": 218, "測器の深度（ｍ）": 100.0, "維持管理機関名": "防災科学技術研究所", "維持管理機関名（英語）": "NIED", "観測開始年（西暦）": 2000, "同月": 8, "観測機器名または観測項目": "強震計" }, "geometry": { "type": "Point", "coordinates": [ 135.2811, 35.0708 ] } },
{ "type": "Feature", "properties": { "観測の種類": "強震計（地下）", "name": "上郡", "観測点名ローマ字": "KAMIGOORI", "観測点コード": "HYGH05", "緯度（度）": 34.8995, "経度（度）": 134.3284, "高さ（ｍ）": 80, "測器の深度（ｍ）": 100.0, "維持管理機関名": "防災科学技術研究所", "維持管理機関名（英語）": "NIED", "観測開始年（西暦）": 2000, "同月": 8, "観測機器名または観測項目": "強震計" }, "geometry": { "type": "Point", "coordinates": [ 134.3284, 34.8995 ] } },
{ "type": "Feature", "properties": { "観測の種類": "強震計（地下）", "name": "相生", "観測点名ローマ字": "AIOI", "観測点コード": "HYGH06", "緯度（度）": 34.7935, "経度（度）": 134.4792, "高さ（ｍ）": 65, "測器の深度（ｍ）": 200.0, "維持管理機関名": "防災科学技術研究所", "維持管理機関名（英語）": "NIED", "観測開始年（西暦）": 2000, "同月": 8, "観測機器名または観測項目": "強震計" }, "geometry": { "type": "Point", "coordinates": [ 134.4792, 34.7935 ] } },
{ "type": "Feature", "properties": { "観測の種類": "強震計（地下）", "name": "夢前", "観測点名ローマ字": "YUMESAKI", "観測点コード": "HYGH07", "緯度（度）": 35.0322, "経度（度）": 134.6701, "高さ（ｍ）": 160, "測器の深度（ｍ）": 100.0, "維持管理機関名": "防災科学技術研究所", "維持管理機関名（英語）": "NIED", "観測開始年（西暦）": 2000, "同月": 8, "観測機器名または観測項目": "強震計" }, "geometry": { "type": "Point", "coordinates": [ 134.6701, 35.0322 ] } },
{ "type": "Feature", "properties": { "観測の種類": "強震計（地下）", "name": "加美", "観測点名ローマ字": "KAMI", "観測点コード": "HYGH08", "緯度（度）": 35.101, "経度（度）": 134.9036, "高さ（ｍ）": 160, "測器の深度（ｍ）": 110.0, "維持管理機関名": "防災科学技術研究所", "維持管理機関名（英語）": "NIED", "観測開始年（西暦）": 2000, "同月": 8, "観測機器名または観測項目": "強震計" }, "geometry": { "type": "Point", "coordinates": [ 134.9036, 35.101 ] } },
{ "type": "Feature", "properties": { "観測の種類": "強震計（地下）", "name": "東条", "観測点名ローマ字": "TOUJOU", "観測点コード": "HYGH09", "緯度（度）": 34.9082, "経度（度）": 135.0844, "高さ（ｍ）": 140, "測器の深度（ｍ）": 100.0, "維持管理機関名": "防災科学技術研究所", "維持管理機関名（英語）": "NIED", "観測開始年（西暦）": 2000, "同月": 8, "観測機器名または観測項目": "強震計" }, "geometry": { "type": "Point", "coordinates": [ 135.0844, 34.9082 ] } },
{ "type": "Feature", "properties": { "観測の種類": "強震計（地下）", "name": "加古川", "観測点名ローマ字": "KAKOGAWA", "観測点コード": "HYGH10", "緯度（度）": 34.8164, "経度（度）": 134.8078, "高さ（ｍ）": 18, "測器の深度（ｍ）": 100.0, "維持管理機関名": "防災科学技術研究所", "維持管理機関名（英語）": "NIED", "観測開始年（西暦）": 2000, "同月": 8, "観測機器名または観測項目": "強震計" }, "geometry": { "type": "Point", "coordinates": [ 134.8078, 34.8164 ] } },
{ "type": "Feature", "properties": { "観測の種類": "強震計（地下）", "name": "山東", "観測点名ローマ字": "SANTO", "観測点コード": "HYGH11", "緯度（度）": 35.2925, "経度（度）": 134.9071, "高さ（ｍ）": 180, "測器の深度（ｍ）": 200.0, "維持管理機関名": "防災科学技術研究所", "維持管理機関名（英語）": "NIED", "観測開始年（西暦）": 2000, "同月": 8, "観測機器名または観測項目": "強震計" }, "geometry": { "type": "Point", "coordinates": [ 134.9071, 35.2925 ] } },
{ "type": "Feature", "properties": { "観測の種類": "強震計（地下）", "name": "新宮", "観測点名ローマ字": "SHINGUU", "観測点コード": "HYGH12", "緯度（度）": 34.9313, "経度（度）": 134.5423, "高さ（ｍ）": 70, "測器の深度（ｍ）": 100.0, "維持管理機関名": "防災科学技術研究所", "維持管理機関名（英語）": "NIED", "観測開始年（西暦）": 2000, "同月": 8, "観測機器名または観測項目": "強震計" }, "geometry": { "type": "Point", "coordinates": [ 134.5423, 34.9313 ] } },
{ "type": "Feature", "properties": { "観測の種類": "強震計（地下）", "name": "香住", "観測点名ローマ字": "KASUMI", "観測点コード": "HYGH13", "緯度（度）": 35.6208, "経度（度）": 134.6566, "高さ（ｍ）": 230, "測器の深度（ｍ）": 100.0, "維持管理機関名": "防災科学技術研究所", "維持管理機関名（英語）": "NIED", "観測開始年（西暦）": 2000, "同月": 12, "観測機器名または観測項目": "強震計" }, "geometry": { "type": "Point", "coordinates": [ 134.6566, 35.6208 ] } },
{ "type": "Feature", "properties": { "観測の種類": "強震計（地下）", "name": "出石", "観測点名ローマ字": "IZUSHI", "観測点コード": "HYGH14", "緯度（度）": 35.4574, "経度（度）": 134.8621, "高さ（ｍ）": 15, "測器の深度（ｍ）": 102.0, "維持管理機関名": "防災科学技術研究所", "維持管理機関名（英語）": "NIED", "観測開始年（西暦）": 2000, "同月": 12, "観測機器名または観測項目": "強震計" }, "geometry": { "type": "Point", "coordinates": [ 134.8621, 35.4574 ] } },
{ "type": "Feature", "properties": { "観測の種類": "強震計（地下）", "name": "村岡", "観測点名ローマ字": "MURAOKA", "観測点コード": "HYGH15", "緯度（度）": 35.4697, "経度（度）": 134.5953, "高さ（ｍ）": 225, "測器の深度（ｍ）": 100.0, "維持管理機関名": "防災科学技術研究所", "維持管理機関名（英語）": "NIED", "観測開始年（西暦）": 2002, "同月": 4, "観測機器名または観測項目": "強震計" }, "geometry": { "type": "Point", "coordinates": [ 134.5953, 35.4697 ] } },
{ "type": "Feature", "properties": { "観測の種類": "強震計（地下）", "name": "十津川西", "観測点名ローマ字": "TOTSUKAWA-W", "観測点コード": "NARH01", "緯度（度）": 33.9666, "経度（度）": 135.6489, "高さ（ｍ）": 780, "測器の深度（ｍ）": 99.0, "維持管理機関名": "防災科学技術研究所", "維持管理機関名（英語）": "NIED", "観測開始年（西暦）": 2000, "同月": 8, "観測機器名または観測項目": "強震計" }, "geometry": { "type": "Point", "coordinates": [ 135.6489, 33.9666 ] } },
{ "type": "Feature", "properties": { "観測の種類": "強震計（地下）", "name": "十津川東", "観測点名ローマ字": "TOTSUKAWA-E", "観測点コード": "NARH02", "緯度（度）": 33.9692, "経度（度）": 135.8574, "高さ（ｍ）": 480, "測器の深度（ｍ）": 100.0, "維持管理機関名": "防災科学技術研究所", "維持管理機関名（英語）": "NIED", "観測開始年（西暦）": 2000, "同月": 8, "観測機器名または観測項目": "強震計" }, "geometry": { "type": "Point", "coordinates": [ 135.8574, 33.9692 ] } },
{ "type": "Feature", "properties": { "観測の種類": "強震計（地下）", "name": "川上", "観測点名ローマ字": "KAWAKAMI", "観測点コード": "NARH03", "緯度（度）": 34.2925, "経度（度）": 136.0022, "高さ（ｍ）": 358, "測器の深度（ｍ）": 101.0, "維持管理機関名": "防災科学技術研究所", "維持管理機関名（英語）": "NIED", "観測開始年（西暦）": 2000, "同月": 8, "観測機器名または観測項目": "強震計" }, "geometry": { "type": "Point", "coordinates": [ 136.0022, 34.2925 ] } },
{ "type": "Feature", "properties": { "観測の種類": "強震計（地下）", "name": "黒滝", "観測点名ローマ字": "KUROTAKI", "観測点コード": "NARH04", "緯度（度）": 34.3061, "経度（度）": 135.8369, "高さ（ｍ）": 387, "測器の深度（ｍ）": 101.0, "維持管理機関名": "防災科学技術研究所", "維持管理機関名（英語）": "NIED", "観測開始年（西暦）": 2000, "同月": 8, "観測機器名または観測項目": "強震計" }, "geometry": { "type": "Point", "coordinates": [ 135.8369, 34.3061 ] } },
{ "type": "Feature", "properties": { "観測の種類": "強震計（地下）", "name": "東吉野", "観測点名ローマ字": "HIGASHIYOSHINO", "観測点コード": "NARH05", "緯度（度）": 34.4237, "経度（度）": 136.0294, "高さ（ｍ）": 390, "測器の深度（ｍ）": 101.0, "維持管理機関名": "防災科学技術研究所", "維持管理機関名（英語）": "NIED", "観測開始年（西暦）": 2000, "同月": 8, "観測機器名または観測項目": "強震計" }, "geometry": { "type": "Point", "coordinates": [ 136.0294, 34.4237 ] } },
{ "type": "Feature", "properties": { "観測の種類": "強震計（地下）", "name": "山添", "観測点名ローマ字": "YAMAZOE", "観測点コード": "NARH06", "緯度（度）": 34.6413, "経度（度）": 136.0512, "高さ（ｍ）": 277, "測器の深度（ｍ）": 101.0, "維持管理機関名": "防災科学技術研究所", "維持管理機関名（英語）": "NIED", "観測開始年（西暦）": 2000, "同月": 8, "観測機器名または観測項目": "強震計" }, "geometry": { "type": "Point", "coordinates": [ 136.0512, 34.6413 ] } },
{ "type": "Feature", "properties": { "観測の種類": "強震計（地下）", "name": "天理", "観測点名ローマ字": "TENRI", "観測点コード": "NARH07", "緯度（度）": 34.5843, "経度（度）": 135.8541, "高さ（ｍ）": 130, "測器の深度（ｍ）": 100.0, "維持管理機関名": "防災科学技術研究所", "維持管理機関名（英語）": "NIED", "観測開始年（西暦）": 2002, "同月": 4, "観測機器名または観測項目": "強震計" }, "geometry": { "type": "Point", "coordinates": [ 135.8541, 34.5843 ] } },
{ "type": "Feature", "properties": { "観測の種類": "強震計（地下）", "name": "広川", "観測点名ローマ字": "HIROGAWA", "観測点コード": "WKYH01", "緯度（度）": 33.9804, "経度（度）": 135.2122, "高さ（ｍ）": 60, "測器の深度（ｍ）": 101.0, "維持管理機関名": "防災科学技術研究所", "維持管理機関名（英語）": "NIED", "観測開始年（西暦）": 2000, "同月": 8, "観測機器名または観測項目": "強震計" }, "geometry": { "type": "Point", "coordinates": [ 135.2122, 33.9804 ] } },
{ "type": "Feature", "properties": { "観測の種類": "強震計（地下）", "name": "花園", "観測点名ローマ字": "HANAZONO", "観測点コード": "WKYH02", "緯度（度）": 34.1373, "経度（度）": 135.5369, "高さ（ｍ）": 400, "測器の深度（ｍ）": 100.0, "維持管理機関名": "防災科学技術研究所", "維持管理機関名（英語）": "NIED", "観測開始年（西暦）": 2000, "同月": 8, "観測機器名または観測項目": "強震計" }, "geometry": { "type": "Point", "coordinates": [ 135.5369, 34.1373 ] } },
{ "type": "Feature", "properties": { "観測の種類": "強震計（地下）", "name": "野上", "観測点名ローマ字": "NOKAMI", "観測点コード": "WKYH03", "緯度（度）": 34.1314, "経度（度）": 135.3244, "高さ（ｍ）": 120, "測器の深度（ｍ）": 100.0, "維持管理機関名": "防災科学技術研究所", "維持管理機関名（英語）": "NIED", "観測開始年（西暦）": 2000, "同月": 8, "観測機器名または観測項目": "強震計" }, "geometry": { "type": "Point", "coordinates": [ 135.3244, 34.1314 ] } },
{ "type": "Feature", "properties": { "観測の種類": "強震計（地下）", "name": "すさみ", "観測点名ローマ字": "SUSAMI", "観測点コード": "WKYH04", "緯度（度）": 33.5559, "経度（度）": 135.5454, "高さ（ｍ）": 130, "測器の深度（ｍ）": 100.0, "維持管理機関名": "防災科学技術研究所", "維持管理機関名（英語）": "NIED", "観測開始年（西暦）": 2000, "同月": 8, "観測機器名または観測項目": "強震計" }, "geometry": { "type": "Point", "coordinates": [ 135.5454, 33.5559 ] } },
{ "type": "Feature", "properties": { "観測の種類": "強震計（地下）", "name": "那智勝浦", "観測点名ローマ字": "NACHIKATSUURA", "観測点コード": "WKYH05", "緯度（度）": 33.6072, "経度（度）": 135.8619, "高さ（ｍ）": 30, "測器の深度（ｍ）": 100.0, "維持管理機関名": "防災科学技術研究所", "維持管理機関名（英語）": "NIED", "観測開始年（西暦）": 2000, "同月": 8, "観測機器名または観測項目": "強震計" }, "geometry": { "type": "Point", "coordinates": [ 135.8619, 33.6072 ] } },
{ "type": "Feature", "properties": { "観測の種類": "強震計（地下）", "name": "大塔", "観測点名ローマ字": "OOTOU", "観測点コード": "WKYH06", "緯度（度）": 33.6948, "経度（度）": 135.5953, "高さ（ｍ）": 218, "測器の深度（ｍ）": 100.0, "維持管理機関名": "防災科学技術研究所", "維持管理機関名（英語）": "NIED", "観測開始年（西暦）": 2000, "同月": 8, "観測機器名または観測項目": "強震計" }, "geometry": { "type": "Point", "coordinates": [ 135.5953, 33.6948 ] } },
{ "type": "Feature", "properties": { "観測の種類": "強震計（地下）", "name": "上富田", "観測点名ローマ字": "KAMITONDA", "観測点コード": "WKYH07", "緯度（度）": 33.6894, "経度（度）": 135.4396, "高さ（ｍ）": 22, "測器の深度（ｍ）": 100.0, "維持管理機関名": "防災科学技術研究所", "維持管理機関名（英語）": "NIED", "観測開始年（西暦）": 2000, "同月": 8, "観測機器名または観測項目": "強震計" }, "geometry": { "type": "Point", "coordinates": [ 135.4396, 33.6894 ] } },
{ "type": "Feature", "properties": { "観測の種類": "強震計（地下）", "name": "那賀", "観測点名ローマ字": "NAGA", "観測点コード": "WKYH08", "緯度（度）": 34.3228, "経度（度）": 135.4483, "高さ（ｍ）": 560, "測器の深度（ｍ）": 112.0, "維持管理機関名": "防災科学技術研究所", "維持管理機関名（英語）": "NIED", "観測開始年（西暦）": 2000, "同月": 8, "観測機器名または観測項目": "強震計" }, "geometry": { "type": "Point", "coordinates": [ 135.4483, 34.3228 ] } },
{ "type": "Feature", "properties": { "観測の種類": "強震計（地下）", "name": "和歌山", "観測点名ローマ字": "WAKAYAMA", "観測点コード": "WKYH09", "緯度（度）": 34.2868, "経度（度）": 135.0714, "高さ（ｍ）": 5, "測器の深度（ｍ）": 200.0, "維持管理機関名": "防災科学技術研究所", "維持管理機関名（英語）": "NIED", "観測開始年（西暦）": 2000, "同月": 8, "観測機器名または観測項目": "強震計" }, "geometry": { "type": "Point", "coordinates": [ 135.0714, 34.2868 ] } },
{ "type": "Feature", "properties": { "観測の種類": "強震計（地下）", "name": "印南", "観測点名ローマ字": "INAMI", "観測点コード": "WKYH10", "緯度（度）": 33.8248, "経度（度）": 135.2172, "高さ（ｍ）": 40, "測器の深度（ｍ）": 100.0, "維持管理機関名": "防災科学技術研究所", "維持管理機関名（英語）": "NIED", "観測開始年（西暦）": 2000, "同月": 8, "観測機器名または観測項目": "強震計" }, "geometry": { "type": "Point", "coordinates": [ 135.2172, 33.8248 ] } },
{ "type": "Feature", "properties": { "観測の種類": "強震計（地下）", "name": "智頭", "観測点名ローマ字": "CHIZU", "観測点コード": "TTRH01", "緯度（度）": 35.2604, "経度（度）": 134.2173, "高さ（ｍ）": 230, "測器の深度（ｍ）": 200.0, "維持管理機関名": "防災科学技術研究所", "維持管理機関名（英語）": "NIED", "観測開始年（西暦）": 2000, "同月": 8, "観測機器名または観測項目": "強震計" }, "geometry": { "type": "Point", "coordinates": [ 134.2173, 35.2604 ] } },
{ "type": "Feature", "properties": { "観測の種類": "強震計（地下）", "name": "日野", "観測点名ローマ字": "HINO", "観測点コード": "TTRH02", "緯度（度）": 35.2313, "経度（度）": 133.3909, "高さ（ｍ）": 410, "測器の深度（ｍ）": 100.0, "維持管理機関名": "防災科学技術研究所", "維持管理機関名（英語）": "NIED", "観測開始年（西暦）": 2000, "同月": 8, "観測機器名または観測項目": "強震計" }, "geometry": { "type": "Point", "coordinates": [ 133.3909, 35.2313 ] } },
{ "type": "Feature", "properties": { "観測の種類": "強震計（地下）", "name": "溝口", "観測点名ローマ字": "MIZOKUCHI", "観測点コード": "TTRH03", "緯度（度）": 35.3553, "経度（度）": 133.4918, "高さ（ｍ）": 420, "測器の深度（ｍ）": 200.0, "維持管理機関名": "防災科学技術研究所", "維持管理機関名（英語）": "NIED", "観測開始年（西暦）": 2000, "同月": 8, "観測機器名または観測項目": "強震計" }, "geometry": { "type": "Point", "coordinates": [ 133.4918, 35.3553 ] } },
{ "type": "Feature", "properties": { "観測の種類": "強震計（地下）", "name": "赤碕", "観測点名ローマ字": "AKASAKI", "観測点コード": "TTRH04", "緯度（度）": 35.4668, "経度（度）": 133.6307, "高さ（ｍ）": 114, "測器の深度（ｍ）": 207.0, "維持管理機関名": "防災科学技術研究所", "維持管理機関名（英語）": "NIED", "観測開始年（西暦）": 2000, "同月": 8, "観測機器名または観測項目": "強震計" }, "geometry": { "type": "Point", "coordinates": [ 133.6307, 35.4668 ] } },
{ "type": "Feature", "properties": { "観測の種類": "強震計（地下）", "name": "岩美", "観測点名ローマ字": "IWAMI", "観測点コード": "TTRH05", "緯度（度）": 35.5729, "経度（度）": 134.3426, "高さ（ｍ）": 15, "測器の深度（ｍ）": 152.0, "維持管理機関名": "防災科学技術研究所", "維持管理機関名（英語）": "NIED", "観測開始年（西暦）": 2000, "同月": 12, "観測機器名または観測項目": "強震計" }, "geometry": { "type": "Point", "coordinates": [ 134.3426, 35.5729 ] } },
{ "type": "Feature", "properties": { "観測の種類": "強震計（地下）", "name": "河原", "観測点名ローマ字": "KAWAHARA", "観測点コード": "TTRH06", "緯度（度）": 35.3946, "経度（度）": 134.1988, "高さ（ｍ）": 30, "測器の深度（ｍ）": 100.0, "維持管理機関名": "防災科学技術研究所", "維持管理機関名（英語）": "NIED", "観測開始年（西暦）": 2002, "同月": 3, "観測機器名または観測項目": "強震計" }, "geometry": { "type": "Point", "coordinates": [ 134.1988, 35.3946 ] } },
{ "type": "Feature", "properties": { "観測の種類": "強震計（地下）", "name": "関金", "観測点名ローマ字": "SEKIGANE", "観測点コード": "TTRH07", "緯度（度）": 35.3649, "経度（度）": 133.7486, "高さ（ｍ）": 135, "測器の深度（ｍ）": 100.0, "維持管理機関名": "防災科学技術研究所", "維持管理機関名（英語）": "NIED", "観測開始年（西暦）": 2002, "同月": 3, "観測機器名または観測項目": "強震計" }, "geometry": { "type": "Point", "coordinates": [ 133.7486, 35.3649 ] } },
{ "type": "Feature", "properties": { "観測の種類": "強震計（地下）", "name": "伯太", "観測点名ローマ字": "HAKUTA", "観測点コード": "SMNH01", "緯度（度）": 35.2963, "経度（度）": 133.2604, "高さ（ｍ）": 170, "測器の深度（ｍ）": 101.0, "維持管理機関名": "防災科学技術研究所", "維持管理機関名（英語）": "NIED", "観測開始年（西暦）": 2000, "同月": 8, "観測機器名または観測項目": "強震計" }, "geometry": { "type": "Point", "coordinates": [ 133.2604, 35.2963 ] } },
{ "type": "Feature", "properties": { "観測の種類": "強震計（地下）", "name": "仁多", "観測点名ローマ字": "NITA", "観測点コード": "SMNH02", "緯度（度）": 35.2235, "経度（度）": 133.0856, "高さ（ｍ）": 340, "測器の深度（ｍ）": 101.0, "維持管理機関名": "防災科学技術研究所", "維持管理機関名（英語）": "NIED", "観測開始年（西暦）": 2000, "同月": 8, "観測機器名または観測項目": "強震計" }, "geometry": { "type": "Point", "coordinates": [ 133.0856, 35.2235 ] } },
{ "type": "Feature", "properties": { "観測の種類": "強震計（地下）", "name": "佐田", "観測点名ローマ字": "SADA", "観測点コード": "SMNH03", "緯度（度）": 35.2243, "経度（度）": 132.7223, "高さ（ｍ）": 110, "測器の深度（ｍ）": 101.0, "維持管理機関名": "防災科学技術研究所", "維持管理機関名（英語）": "NIED", "観測開始年（西暦）": 2000, "同月": 8, "観測機器名または観測項目": "強震計" }, "geometry": { "type": "Point", "coordinates": [ 132.7223, 35.2243 ] } },
{ "type": "Feature", "properties": { "観測の種類": "強震計（地下）", "name": "邑智", "観測点名ローマ字": "OOCHI", "観測点コード": "SMNH04", "緯度（度）": 35.0918, "経度（度）": 132.5308, "高さ（ｍ）": 240, "測器の深度（ｍ）": 101.0, "維持管理機関名": "防災科学技術研究所", "維持管理機関名（英語）": "NIED", "観測開始年（西暦）": 2000, "同月": 8, "観測機器名または観測項目": "強震計" }, "geometry": { "type": "Point", "coordinates": [ 132.5308, 35.0918 ] } },
{ "type": "Feature", "properties": { "観測の種類": "強震計（地下）", "name": "羽須美", "観測点名ローマ字": "HASUMI", "観測点コード": "SMNH05", "緯度（度）": 34.8697, "経度（度）": 132.6396, "高さ（ｍ）": 165, "測器の深度（ｍ）": 101.0, "維持管理機関名": "防災科学技術研究所", "維持管理機関名（英語）": "NIED", "観測開始年（西暦）": 2000, "同月": 8, "観測機器名または観測項目": "強震計" }, "geometry": { "type": "Point", "coordinates": [ 132.6396, 34.8697 ] } },
{ "type": "Feature", "properties": { "観測の種類": "強震計（地下）", "name": "金城", "観測点名ローマ字": "KANAGI", "観測点コード": "SMNH06", "緯度（度）": 34.8839, "経度（度）": 132.2026, "高さ（ｍ）": 260, "測器の深度（ｍ）": 201.0, "維持管理機関名": "防災科学技術研究所", "維持管理機関名（英語）": "NIED", "観測開始年（西暦）": 2000, "同月": 8, "観測機器名または観測項目": "強震計" }, "geometry": { "type": "Point", "coordinates": [ 132.2026, 34.8839 ] } },
{ "type": "Feature", "properties": { "観測の種類": "強震計（地下）", "name": "美都", "観測点名ローマ字": "MITO", "観測点コード": "SMNH07", "緯度（度）": 34.694, "経度（度）": 132.0402, "高さ（ｍ）": 290, "測器の深度（ｍ）": 209.0, "維持管理機関名": "防災科学技術研究所", "維持管理機関名（英語）": "NIED", "観測開始年（西暦）": 2000, "同月": 8, "観測機器名または観測項目": "強震計" }, "geometry": { "type": "Point", "coordinates": [ 132.0402, 34.694 ] } },
{ "type": "Feature", "properties": { "観測の種類": "強震計（地下）", "name": "石見", "観測点名ローマ字": "IWAMI", "観測点コード": "SMNH08", "緯度（度）": 34.8801, "経度（度）": 132.4208, "高さ（ｍ）": 300, "測器の深度（ｍ）": 100.0, "維持管理機関名": "防災科学技術研究所", "維持管理機関名（英語）": "NIED", "観測開始年（西暦）": 2000, "同月": 8, "観測機器名または観測項目": "強震計" }, "geometry": { "type": "Point", "coordinates": [ 132.4208, 34.8801 ] } },
{ "type": "Feature", "properties": { "観測の種類": "強震計（地下）", "name": "匹見", "観測点名ローマ字": "HIKIMI", "観測点コード": "SMNH09", "緯度（度）": 34.5725, "経度（度）": 132.0122, "高さ（ｍ）": 260, "測器の深度（ｍ）": 200.0, "維持管理機関名": "防災科学技術研究所", "維持管理機関名（英語）": "NIED", "観測開始年（西暦）": 2000, "同月": 8, "観測機器名または観測項目": "強震計" }, "geometry": { "type": "Point", "coordinates": [ 132.0122, 34.5725 ] } },
{ "type": "Feature", "properties": { "観測の種類": "強震計（地下）", "name": "美保関", "観測点名ローマ字": "MIHONOSEKI", "観測点コード": "SMNH10", "緯度（度）": 35.5579, "経度（度）": 133.3004, "高さ（ｍ）": 9, "測器の深度（ｍ）": 200.0, "維持管理機関名": "防災科学技術研究所", "維持管理機関名（英語）": "NIED", "観測開始年（西暦）": 2000, "同月": 8, "観測機器名または観測項目": "強震計" }, "geometry": { "type": "Point", "coordinates": [ 133.3004, 35.5579 ] } },
{ "type": "Feature", "properties": { "観測の種類": "強震計（地下）", "name": "平田", "観測点名ローマ字": "HIRATA", "観測点コード": "SMNH11", "緯度（度）": 35.4259, "経度（度）": 132.8008, "高さ（ｍ）": 30, "測器の深度（ｍ）": 200.0, "維持管理機関名": "防災科学技術研究所", "維持管理機関名（英語）": "NIED", "観測開始年（西暦）": 2000, "同月": 8, "観測機器名または観測項目": "強震計" }, "geometry": { "type": "Point", "coordinates": [ 132.8008, 35.4259 ] } },
{ "type": "Feature", "properties": { "観測の種類": "強震計（地下）", "name": "吉田", "観測点名ローマ字": "YOSHIDA", "観測点コード": "SMNH12", "緯度（度）": 35.1634, "経度（度）": 132.8558, "高さ（ｍ）": 380, "測器の深度（ｍ）": 101.0, "維持管理機関名": "防災科学技術研究所", "維持管理機関名（英語）": "NIED", "観測開始年（西暦）": 2000, "同月": 8, "観測機器名または観測項目": "強震計" }, "geometry": { "type": "Point", "coordinates": [ 132.8558, 35.1634 ] } },
{ "type": "Feature", "properties": { "観測の種類": "強震計（地下）", "name": "江津", "観測点名ローマ字": "GOHTSU", "観測点コード": "SMNH13", "緯度（度）": 35.0087, "経度（度）": 132.3069, "高さ（ｍ）": 100, "測器の深度（ｍ）": 100.0, "維持管理機関名": "防災科学技術研究所", "維持管理機関名（英語）": "NIED", "観測開始年（西暦）": 2000, "同月": 8, "観測機器名または観測項目": "強震計" }, "geometry": { "type": "Point", "coordinates": [ 132.3069, 35.0087 ] } },
{ "type": "Feature", "properties": { "観測の種類": "強震計（地下）", "name": "六日市", "観測点名ローマ字": "MUIKAITI", "観測点コード": "SMNH14", "緯度（度）": 34.3904, "経度（度）": 131.8925, "高さ（ｍ）": 249, "測器の深度（ｍ）": 100.0, "維持管理機関名": "防災科学技術研究所", "維持管理機関名（英語）": "NIED", "観測開始年（西暦）": 2000, "同月": 8, "観測機器名または観測項目": "強震計" }, "geometry": { "type": "Point", "coordinates": [ 131.8925, 34.3904 ] } },
{ "type": "Feature", "properties": { "観測の種類": "強震計（地下）", "name": "鹿島", "観測点名ローマ字": "KASIMA", "観測点コード": "SMNH15", "緯度（度）": 35.5232, "経度（度）": 133.0226, "高さ（ｍ）": 20, "測器の深度（ｍ）": 102.0, "維持管理機関名": "防災科学技術研究所", "維持管理機関名（英語）": "NIED", "観測開始年（西暦）": 2002, "同月": 3, "観測機器名または観測項目": "強震計" }, "geometry": { "type": "Point", "coordinates": [ 133.0226, 35.5232 ] } },
{ "type": "Feature", "properties": { "観測の種類": "強震計（地下）", "name": "加茂", "観測点名ローマ字": "KAMO", "観測点コード": "SMNH16", "緯度（度）": 35.3422, "経度（度）": 132.8989, "高さ（ｍ）": 46, "測器の深度（ｍ）": 100.0, "維持管理機関名": "防災科学技術研究所", "維持管理機関名（英語）": "NIED", "観測開始年（西暦）": 2002, "同月": 3, "観測機器名または観測項目": "強震計" }, "geometry": { "type": "Point", "coordinates": [ 132.8989, 35.3422 ] } },
{ "type": "Feature", "properties": { "観測の種類": "強震計（地下）", "name": "玉野", "観測点名ローマ字": "TAMANO", "観測点コード": "OKYH01", "緯度（度）": 34.507, "経度（度）": 133.8905, "高さ（ｍ）": 10, "測器の深度（ｍ）": 201.0, "維持管理機関名": "防災科学技術研究所", "維持管理機関名（英語）": "NIED", "観測開始年（西暦）": 2000, "同月": 8, "観測機器名または観測項目": "強震計" }, "geometry": { "type": "Point", "coordinates": [ 133.8905, 34.507 ] } },
{ "type": "Feature", "properties": { "観測の種類": "強震計（地下）", "name": "瀬戸", "観測点名ローマ字": "SETO", "観測点コード": "OKYH02", "緯度（度）": 34.7501, "経度（度）": 134.0702, "高さ（ｍ）": 30, "測器の深度（ｍ）": 200.0, "維持管理機関名": "防災科学技術研究所", "維持管理機関名（英語）": "NIED", "観測開始年（西暦）": 2000, "同月": 8, "観測機器名または観測項目": "強震計" }, "geometry": { "type": "Point", "coordinates": [ 134.0702, 34.7501 ] } },
{ "type": "Feature", "properties": { "観測の種類": "強震計（地下）", "name": "岡山", "観測点名ローマ字": "OKAYAMA", "観測点コード": "OKYH03", "緯度（度）": 34.7783, "経度（度）": 133.789, "高さ（ｍ）": 100, "測器の深度（ｍ）": 201.0, "維持管理機関名": "防災科学技術研究所", "維持管理機関名（英語）": "NIED", "観測開始年（西暦）": 2000, "同月": 8, "観測機器名または観測項目": "強震計" }, "geometry": { "type": "Point", "coordinates": [ 133.789, 34.7783 ] } },
{ "type": "Feature", "properties": { "観測の種類": "強震計（地下）", "name": "真備", "観測点名ローマ字": "MABI", "観測点コード": "OKYH04", "緯度（度）": 34.6429, "経度（度）": 133.6861, "高さ（ｍ）": 50, "測器の深度（ｍ）": 100.0, "維持管理機関名": "防災科学技術研究所", "維持管理機関名（英語）": "NIED", "観測開始年（西暦）": 2000, "同月": 8, "観測機器名または観測項目": "強震計" }, "geometry": { "type": "Point", "coordinates": [ 133.6861, 34.6429 ] } },
{ "type": "Feature", "properties": { "観測の種類": "強震計（地下）", "name": "建部", "観測点名ローマ字": "TAKEBE", "観測点コード": "OKYH05", "緯度（度）": 34.8684, "経度（度）": 133.8527, "高さ（ｍ）": 320, "測器の深度（ｍ）": 100.0, "維持管理機関名": "防災科学技術研究所", "維持管理機関名（英語）": "NIED", "観測開始年（西暦）": 2000, "同月": 8, "観測機器名または観測項目": "強震計" }, "geometry": { "type": "Point", "coordinates": [ 133.8527, 34.8684 ] } },
{ "type": "Feature", "properties": { "観測の種類": "強震計（地下）", "name": "美星", "観測点名ローマ字": "BISEI", "観測点コード": "OKYH06", "緯度（度）": 34.6756, "経度（度）": 133.5283, "高さ（ｍ）": 385, "測器の深度（ｍ）": 100.0, "維持管理機関名": "防災科学技術研究所", "維持管理機関名（英語）": "NIED", "観測開始年（西暦）": 2000, "同月": 8, "観測機器名または観測項目": "強震計" }, "geometry": { "type": "Point", "coordinates": [ 133.5283, 34.6756 ] } },
{ "type": "Feature", "properties": { "観測の種類": "強震計（地下）", "name": "神郷", "観測点名ローマ字": "SHINGOU", "観測点コード": "OKYH07", "緯度（度）": 35.0493, "経度（度）": 133.3169, "高さ（ｍ）": 564, "測器の深度（ｍ）": 100.0, "維持管理機関名": "防災科学技術研究所", "維持管理機関名（英語）": "NIED", "観測開始年（西暦）": 2000, "同月": 8, "観測機器名または観測項目": "強震計" }, "geometry": { "type": "Point", "coordinates": [ 133.3169, 35.0493 ] } },
{ "type": "Feature", "properties": { "観測の種類": "強震計（地下）", "name": "哲多", "観測点名ローマ字": "TETSUTA", "観測点コード": "OKYH08", "緯度（度）": 34.9103, "経度（度）": 133.4055, "高さ（ｍ）": 430, "測器の深度（ｍ）": 100.0, "維持管理機関名": "防災科学技術研究所", "維持管理機関名（英語）": "NIED", "観測開始年（西暦）": 2000, "同月": 8, "観測機器名または観測項目": "強震計" }, "geometry": { "type": "Point", "coordinates": [ 133.4055, 34.9103 ] } },
{ "type": "Feature", "properties": { "観測の種類": "強震計（地下）", "name": "湯原", "観測点名ローマ字": "YUBARA", "観測点コード": "OKYH09", "緯度（度）": 35.1809, "経度（度）": 133.6765, "高さ（ｍ）": 405, "測器の深度（ｍ）": 100.0, "維持管理機関名": "防災科学技術研究所", "維持管理機関名（英語）": "NIED", "観測開始年（西暦）": 2000, "同月": 8, "観測機器名または観測項目": "強震計" }, "geometry": { "type": "Point", "coordinates": [ 133.6765, 35.1809 ] } },
{ "type": "Feature", "properties": { "観測の種類": "強震計（地下）", "name": "上斎原", "観測点名ローマ字": "KAMISAIBARA", "観測点コード": "OKYH10", "緯度（度）": 35.2826, "経度（度）": 133.9263, "高さ（ｍ）": 495, "測器の深度（ｍ）": 200.0, "維持管理機関名": "防災科学技術研究所", "維持管理機関名（英語）": "NIED", "観測開始年（西暦）": 2000, "同月": 8, "観測機器名または観測項目": "強震計" }, "geometry": { "type": "Point", "coordinates": [ 133.9263, 35.2826 ] } },
{ "type": "Feature", "properties": { "観測の種類": "強震計（地下）", "name": "勝央", "観測点名ローマ字": "SYOUOU", "観測点コード": "OKYH11", "緯度（度）": 35.0732, "経度（度）": 134.1162, "高さ（ｍ）": 129, "測器の深度（ｍ）": 200.0, "維持管理機関名": "防災科学技術研究所", "維持管理機関名（英語）": "NIED", "観測開始年（西暦）": 2000, "同月": 8, "観測機器名または観測項目": "強震計" }, "geometry": { "type": "Point", "coordinates": [ 134.1162, 35.0732 ] } },
{ "type": "Feature", "properties": { "観測の種類": "強震計（地下）", "name": "大原", "観測点名ローマ字": "OOHARA", "観測点コード": "OKYH12", "緯度（度）": 35.0999, "経度（度）": 134.319, "高さ（ｍ）": 280, "測器の深度（ｍ）": 200.0, "維持管理機関名": "防災科学技術研究所", "維持管理機関名（英語）": "NIED", "観測開始年（西暦）": 2000, "同月": 8, "観測機器名または観測項目": "強震計" }, "geometry": { "type": "Point", "coordinates": [ 134.319, 35.0999 ] } },
{ "type": "Feature", "properties": { "観測の種類": "強震計（地下）", "name": "日生", "観測点名ローマ字": "HINASE", "観測点コード": "OKYH13", "緯度（度）": 34.7283, "経度（度）": 134.2744, "高さ（ｍ）": 3, "測器の深度（ｍ）": 103.0, "維持管理機関名": "防災科学技術研究所", "維持管理機関名（英語）": "NIED", "観測開始年（西暦）": 2000, "同月": 8, "観測機器名または観測項目": "強震計" }, "geometry": { "type": "Point", "coordinates": [ 134.2744, 34.7283 ] } },
{ "type": "Feature", "properties": { "観測の種類": "強震計（地下）", "name": "北房", "観測点名ローマ字": "HOKUBOU", "観測点コード": "OKYH14", "緯度（度）": 34.9363, "経度（度）": 133.6205, "高さ（ｍ）": 218, "測器の深度（ｍ）": 100.0, "維持管理機関名": "防災科学技術研究所", "維持管理機関名（英語）": "NIED", "観測開始年（西暦）": 2000, "同月": 8, "観測機器名または観測項目": "強震計" }, "geometry": { "type": "Point", "coordinates": [ 133.6205, 34.9363 ] } },
{ "type": "Feature", "properties": { "観測の種類": "強震計（地下）", "name": "三原", "観測点名ローマ字": "MIHARA", "観測点コード": "HRSH01", "緯度（度）": 34.3736, "経度（度）": 133.0236, "高さ（ｍ）": 35, "測器の深度（ｍ）": 205.0, "維持管理機関名": "防災科学技術研究所", "維持管理機関名（英語）": "NIED", "観測開始年（西暦）": 2000, "同月": 8, "観測機器名または観測項目": "強震計" }, "geometry": { "type": "Point", "coordinates": [ 133.0236, 34.3736 ] } },
{ "type": "Feature", "properties": { "観測の種類": "強震計（地下）", "name": "大和", "観測点名ローマ字": "DAIWA", "観測点コード": "HRSH02", "緯度（度）": 34.5482, "経度（度）": 132.948, "高さ（ｍ）": 360, "測器の深度（ｍ）": 100.0, "維持管理機関名": "防災科学技術研究所", "維持管理機関名（英語）": "NIED", "観測開始年（西暦）": 2000, "同月": 8, "観測機器名または観測項目": "強震計" }, "geometry": { "type": "Point", "coordinates": [ 132.948, 34.5482 ] } },
{ "type": "Feature", "properties": { "観測の種類": "強震計（地下）", "name": "御調", "観測点名ローマ字": "MITSUGI", "観測点コード": "HRSH03", "緯度（度）": 34.5183, "経度（度）": 133.1375, "高さ（ｍ）": 160, "測器の深度（ｍ）": 200.0, "維持管理機関名": "防災科学技術研究所", "維持管理機関名（英語）": "NIED", "観測開始年（西暦）": 2000, "同月": 8, "観測機器名または観測項目": "強震計" }, "geometry": { "type": "Point", "coordinates": [ 133.1375, 34.5183 ] } },
{ "type": "Feature", "properties": { "観測の種類": "強震計（地下）", "name": "沼隈", "観測点名ローマ字": "NUMAKUMA", "観測点コード": "HRSH04", "緯度（度）": 34.3785, "経度（度）": 133.3493, "高さ（ｍ）": 25, "測器の深度（ｍ）": 200.0, "維持管理機関名": "防災科学技術研究所", "維持管理機関名（英語）": "NIED", "観測開始年（西暦）": 2000, "同月": 8, "観測機器名または観測項目": "強震計" }, "geometry": { "type": "Point", "coordinates": [ 133.3493, 34.3785 ] } },
{ "type": "Feature", "properties": { "観測の種類": "強震計（地下）", "name": "神辺", "観測点名ローマ字": "KANNABE", "観測点コード": "HRSH05", "緯度（度）": 34.5566, "経度（度）": 133.4179, "高さ（ｍ）": 20, "測器の深度（ｍ）": 200.0, "維持管理機関名": "防災科学技術研究所", "維持管理機関名（英語）": "NIED", "観測開始年（西暦）": 2000, "同月": 8, "観測機器名または観測項目": "強震計" }, "geometry": { "type": "Point", "coordinates": [ 133.4179, 34.5566 ] } },
{ "type": "Feature", "properties": { "観測の種類": "強震計（地下）", "name": "口和", "観測点名ローマ字": "KUCHIWA", "観測点コード": "HRSH06", "緯度（度）": 34.9137, "経度（度）": 132.9123, "高さ（ｍ）": 340, "測器の深度（ｍ）": 100.0, "維持管理機関名": "防災科学技術研究所", "維持管理機関名（英語）": "NIED", "観測開始年（西暦）": 2000, "同月": 8, "観測機器名または観測項目": "強震計" }, "geometry": { "type": "Point", "coordinates": [ 132.9123, 34.9137 ] } },
{ "type": "Feature", "properties": { "観測の種類": "強震計（地下）", "name": "呉", "観測点名ローマ字": "KURE", "観測点コード": "HRSH07", "緯度（度）": 34.2883, "経度（度）": 132.6411, "高さ（ｍ）": 230, "測器の深度（ｍ）": 102.0, "維持管理機関名": "防災科学技術研究所", "維持管理機関名（英語）": "NIED", "観測開始年（西暦）": 2000, "同月": 8, "観測機器名または観測項目": "強震計" }, "geometry": { "type": "Point", "coordinates": [ 132.6411, 34.2883 ] } },
{ "type": "Feature", "properties": { "観測の種類": "強震計（地下）", "name": "佐伯", "観測点名ローマ字": "SAIKI", "観測点コード": "HRSH08", "緯度（度）": 34.3935, "経度（度）": 132.1611, "高さ（ｍ）": 350, "測器の深度（ｍ）": 100.0, "維持管理機関名": "防災科学技術研究所", "維持管理機関名（英語）": "NIED", "観測開始年（西暦）": 2000, "同月": 8, "観測機器名または観測項目": "強震計" }, "geometry": { "type": "Point", "coordinates": [ 132.1611, 34.3935 ] } },
{ "type": "Feature", "properties": { "観測の種類": "強震計（地下）", "name": "吉舎", "観測点名ローマ字": "KISA", "観測点コード": "HRSH09", "緯度（度）": 34.7016, "経度（度）": 132.9524, "高さ（ｍ）": 350, "測器の深度（ｍ）": 115.0, "維持管理機関名": "防災科学技術研究所", "維持管理機関名（英語）": "NIED", "観測開始年（西暦）": 2000, "同月": 8, "観測機器名または観測項目": "強震計" }, "geometry": { "type": "Point", "coordinates": [ 132.9524, 34.7016 ] } },
{ "type": "Feature", "properties": { "観測の種類": "強震計（地下）", "name": "芸北", "観測点名ローマ字": "GEIHOKU", "観測点コード": "HRSH10", "緯度（度）": 34.7471, "経度（度）": 132.3794, "高さ（ｍ）": 712, "測器の深度（ｍ）": 100.0, "維持管理機関名": "防災科学技術研究所", "維持管理機関名（英語）": "NIED", "観測開始年（西暦）": 2000, "同月": 8, "観測機器名または観測項目": "強震計" }, "geometry": { "type": "Point", "coordinates": [ 132.3794, 34.7471 ] } },
{ "type": "Feature", "properties": { "観測の種類": "強震計（地下）", "name": "神石", "観測点名ローマ字": "JINSEKI", "観測点コード": "HRSH11", "緯度（度）": 34.8225, "経度（度）": 133.1674, "高さ（ｍ）": 590, "測器の深度（ｍ）": 100.0, "維持管理機関名": "防災科学技術研究所", "維持管理機関名（英語）": "NIED", "観測開始年（西暦）": 2000, "同月": 12, "観測機器名または観測項目": "強震計" }, "geometry": { "type": "Point", "coordinates": [ 133.1674, 34.8225 ] } },
{ "type": "Feature", "properties": { "観測の種類": "強震計（地下）", "name": "広島", "観測点名ローマ字": "HIROSHIMA", "観測点コード": "HRSH12", "緯度（度）": 34.581, "経度（度）": 132.4295, "高さ（ｍ）": 360, "測器の深度（ｍ）": 150.0, "維持管理機関名": "防災科学技術研究所", "維持管理機関名（英語）": "NIED", "観測開始年（西暦）": 2000, "同月": 12, "観測機器名または観測項目": "強震計" }, "geometry": { "type": "Point", "coordinates": [ 132.4295, 34.581 ] } },
{ "type": "Feature", "properties": { "観測の種類": "強震計（地下）", "name": "広島南", "観測点名ローマ字": "HIROSHIMAMINAMI", "観測点コード": "HRSH13", "緯度（度）": 34.4122, "経度（度）": 132.3907, "高さ（ｍ）": 150, "測器の深度（ｍ）": 200.0, "維持管理機関名": "防災科学技術研究所", "維持管理機関名（英語）": "NIED", "観測開始年（西暦）": 2002, "同月": 3, "観測機器名または観測項目": "強震計" }, "geometry": { "type": "Point", "coordinates": [ 132.3907, 34.4122 ] } },
{ "type": "Feature", "properties": { "観測の種類": "強震計（地下）", "name": "沖美", "観測点名ローマ字": "OKIMI", "観測点コード": "HRSH14", "緯度（度）": 34.209, "経度（度）": 132.4063, "高さ（ｍ）": 40, "測器の深度（ｍ）": 100.0, "維持管理機関名": "防災科学技術研究所", "維持管理機関名（英語）": "NIED", "観測開始年（西暦）": 2002, "同月": 3, "観測機器名または観測項目": "強震計" }, "geometry": { "type": "Point", "coordinates": [ 132.4063, 34.209 ] } },
{ "type": "Feature", "properties": { "観測の種類": "強震計（地下）", "name": "倉橋", "観測点名ローマ字": "KURAHASHI", "観測点コード": "HRSH15", "緯度（度）": 34.1161, "経度（度）": 132.5053, "高さ（ｍ）": 180, "測器の深度（ｍ）": 100.0, "維持管理機関名": "防災科学技術研究所", "維持管理機関名（英語）": "NIED", "観測開始年（西暦）": 2002, "同月": 4, "観測機器名または観測項目": "強震計" }, "geometry": { "type": "Point", "coordinates": [ 132.5053, 34.1161 ] } },
{ "type": "Feature", "properties": { "観測の種類": "強震計（地下）", "name": "吉田", "観測点名ローマ字": "YOSHIDA", "観測点コード": "HRSH16", "緯度（度）": 34.6629, "経度（度）": 132.6689, "高さ（ｍ）": 280, "測器の深度（ｍ）": 100.0, "維持管理機関名": "防災科学技術研究所", "維持管理機関名（英語）": "NIED", "観測開始年（西暦）": 2002, "同月": 3, "観測機器名または観測項目": "強震計" }, "geometry": { "type": "Point", "coordinates": [ 132.6689, 34.6629 ] } },
{ "type": "Feature", "properties": { "観測の種類": "強震計（地下）", "name": "戸河内", "観測点名ローマ字": "TOGOUTI", "観測点コード": "HRSH17", "緯度（度）": 34.5716, "経度（度）": 132.2326, "高さ（ｍ）": 265, "測器の深度（ｍ）": 102.0, "維持管理機関名": "防災科学技術研究所", "維持管理機関名（英語）": "NIED", "観測開始年（西暦）": 2002, "同月": 4, "観測機器名または観測項目": "強震計" }, "geometry": { "type": "Point", "coordinates": [ 132.2326, 34.5716 ] } },
{ "type": "Feature", "properties": { "観測の種類": "強震計（地下）", "name": "東広島", "観測点名ローマ字": "HIGASHI-HIROSHIMA", "観測点コード": "HRSH18", "緯度（度）": 34.4572, "経度（度）": 132.7923, "高さ（ｍ）": 235, "測器の深度（ｍ）": 100.0, "維持管理機関名": "防災科学技術研究所", "維持管理機関名（英語）": "NIED", "観測開始年（西暦）": 2002, "同月": 3, "観測機器名または観測項目": "強震計" }, "geometry": { "type": "Point", "coordinates": [ 132.7923, 34.4572 ] } },
{ "type": "Feature", "properties": { "観測の種類": "強震計（地下）", "name": "防府", "観測点名ローマ字": "HOUFU", "観測点コード": "YMGH01", "緯度（度）": 34.0494, "経度（度）": 131.5618, "高さ（ｍ）": 35, "測器の深度（ｍ）": 200.0, "維持管理機関名": "防災科学技術研究所", "維持管理機関名（英語）": "NIED", "観測開始年（西暦）": 2000, "同月": 8, "観測機器名または観測項目": "強震計" }, "geometry": { "type": "Point", "coordinates": [ 131.5618, 34.0494 ] } },
{ "type": "Feature", "properties": { "観測の種類": "強震計（地下）", "name": "美祢", "観測点名ローマ字": "MINE", "観測点コード": "YMGH02", "緯度（度）": 34.1111, "経度（度）": 131.1434, "高さ（ｍ）": 70, "測器の深度（ｍ）": 200.0, "維持管理機関名": "防災科学技術研究所", "維持管理機関名（英語）": "NIED", "観測開始年（西暦）": 2000, "同月": 8, "観測機器名または観測項目": "強震計" }, "geometry": { "type": "Point", "coordinates": [ 131.1434, 34.1111 ] } },
{ "type": "Feature", "properties": { "観測の種類": "強震計（地下）", "name": "岩国", "観測点名ローマ字": "IWAKUNI", "観測点コード": "YMGH03", "緯度（度）": 34.1891, "経度（度）": 132.126, "高さ（ｍ）": 85, "測器の深度（ｍ）": 200.0, "維持管理機関名": "防災科学技術研究所", "維持管理機関名（英語）": "NIED", "観測開始年（西暦）": 2000, "同月": 8, "観測機器名または観測項目": "強震計" }, "geometry": { "type": "Point", "coordinates": [ 132.126, 34.1891 ] } },
{ "type": "Feature", "properties": { "観測の種類": "強震計（地下）", "name": "周東", "観測点名ローマ字": "SYUUTOU", "観測点コード": "YMGH04", "緯度（度）": 34.027, "経度（度）": 132.0626, "高さ（ｍ）": 175, "測器の深度（ｍ）": 100.0, "維持管理機関名": "防災科学技術研究所", "維持管理機関名（英語）": "NIED", "観測開始年（西暦）": 2000, "同月": 8, "観測機器名または観測項目": "強震計" }, "geometry": { "type": "Point", "coordinates": [ 132.0626, 34.027 ] } },
{ "type": "Feature", "properties": { "観測の種類": "強震計（地下）", "name": "美川", "観測点名ローマ字": "MIKAWA", "観測点コード": "YMGH05", "緯度（度）": 34.1974, "経度（度）": 131.9943, "高さ（ｍ）": 68, "測器の深度（ｍ）": 200.0, "維持管理機関名": "防災科学技術研究所", "維持管理機関名（英語）": "NIED", "観測開始年（西暦）": 2000, "同月": 8, "観測機器名または観測項目": "強震計" }, "geometry": { "type": "Point", "coordinates": [ 131.9943, 34.1974 ] } },
{ "type": "Feature", "properties": { "観測の種類": "強震計（地下）", "name": "宇部", "観測点名ローマ字": "UBE", "観測点コード": "YMGH06", "緯度（度）": 33.9893, "経度（度）": 131.3012, "高さ（ｍ）": 80, "測器の深度（ｍ）": 200.0, "維持管理機関名": "防災科学技術研究所", "維持管理機関名（英語）": "NIED", "観測開始年（西暦）": 2000, "同月": 8, "観測機器名または観測項目": "強震計" }, "geometry": { "type": "Point", "coordinates": [ 131.3012, 33.9893 ] } },
{ "type": "Feature", "properties": { "観測の種類": "強震計（地下）", "name": "菊川", "観測点名ローマ字": "KIKUGAWA", "観測点コード": "YMGH07", "緯度（度）": 34.1149, "経度（度）": 131.0506, "高さ（ｍ）": 30, "測器の深度（ｍ）": 200.0, "維持管理機関名": "防災科学技術研究所", "維持管理機関名（英語）": "NIED", "観測開始年（西暦）": 2000, "同月": 8, "観測機器名または観測項目": "強震計" }, "geometry": { "type": "Point", "coordinates": [ 131.0506, 34.1149 ] } },
{ "type": "Feature", "properties": { "観測の種類": "強震計（地下）", "name": "豊浦", "観測点名ローマ字": "TOYOURA", "観測点コード": "YMGH08", "緯度（度）": 34.1349, "経度（度）": 130.9323, "高さ（ｍ）": 45, "測器の深度（ｍ）": 201.0, "維持管理機関名": "防災科学技術研究所", "維持管理機関名（英語）": "NIED", "観測開始年（西暦）": 2000, "同月": 8, "観測機器名または観測項目": "強震計" }, "geometry": { "type": "Point", "coordinates": [ 130.9323, 34.1349 ] } },
{ "type": "Feature", "properties": { "観測の種類": "強震計（地下）", "name": "田万川", "観測点名ローマ字": "TAMAGAWA", "観測点コード": "YMGH09", "緯度（度）": 34.6257, "経度（度）": 131.6681, "高さ（ｍ）": 10, "測器の深度（ｍ）": 100.0, "維持管理機関名": "防災科学技術研究所", "維持管理機関名（英語）": "NIED", "観測開始年（西暦）": 2000, "同月": 8, "観測機器名または観測項目": "強震計" }, "geometry": { "type": "Point", "coordinates": [ 131.6681, 34.6257 ] } },
{ "type": "Feature", "properties": { "観測の種類": "強震計（地下）", "name": "むつみ", "観測点名ローマ字": "MUTSUMI", "観測点コード": "YMGH10", "緯度（度）": 34.4837, "経度（度）": 131.6329, "高さ（ｍ）": 365, "測器の深度（ｍ）": 200.0, "維持管理機関名": "防災科学技術研究所", "維持管理機関名（英語）": "NIED", "観測開始年（西暦）": 2000, "同月": 8, "観測機器名または観測項目": "強震計" }, "geometry": { "type": "Point", "coordinates": [ 131.6329, 34.4837 ] } },
{ "type": "Feature", "properties": { "観測の種類": "強震計（地下）", "name": "徳地", "観測点名ローマ字": "TOKUJI", "観測点コード": "YMGH11", "緯度（度）": 34.2091, "経度（度）": 131.6859, "高さ（ｍ）": 120, "測器の深度（ｍ）": 200.0, "維持管理機関名": "防災科学技術研究所", "維持管理機関名（英語）": "NIED", "観測開始年（西暦）": 2000, "同月": 8, "観測機器名または観測項目": "強震計" }, "geometry": { "type": "Point", "coordinates": [ 131.6859, 34.2091 ] } },
{ "type": "Feature", "properties": { "観測の種類": "強震計（地下）", "name": "美東", "観測点名ローマ字": "MITOU", "観測点コード": "YMGH12", "緯度（度）": 34.2176, "経度（度）": 131.3597, "高さ（ｍ）": 150, "測器の深度（ｍ）": 102.0, "維持管理機関名": "防災科学技術研究所", "維持管理機関名（英語）": "NIED", "観測開始年（西暦）": 2000, "同月": 8, "観測機器名または観測項目": "強震計" }, "geometry": { "type": "Point", "coordinates": [ 131.3597, 34.2176 ] } },
{ "type": "Feature", "properties": { "観測の種類": "強震計（地下）", "name": "長門", "観測点名ローマ字": "NAGATO", "観測点コード": "YMGH13", "緯度（度）": 34.3408, "経度（度）": 131.177, "高さ（ｍ）": 42, "測器の深度（ｍ）": 200.0, "維持管理機関名": "防災科学技術研究所", "維持管理機関名（英語）": "NIED", "観測開始年（西暦）": 2000, "同月": 8, "観測機器名または観測項目": "強震計" }, "geometry": { "type": "Point", "coordinates": [ 131.177, 34.3408 ] } },
{ "type": "Feature", "properties": { "観測の種類": "強震計（地下）", "name": "萩", "観測点名ローマ字": "HAGI", "観測点コード": "YMGH14", "緯度（度）": 34.3979, "経度（度）": 131.3774, "高さ（ｍ）": 5, "測器の深度（ｍ）": 100.0, "維持管理機関名": "防災科学技術研究所", "維持管理機関名（英語）": "NIED", "観測開始年（西暦）": 2002, "同月": 3, "観測機器名または観測項目": "強震計" }, "geometry": { "type": "Point", "coordinates": [ 131.3774, 34.3979 ] } },
{ "type": "Feature", "properties": { "観測の種類": "強震計（地下）", "name": "徳山", "観測点名ローマ字": "TOKUYAMA", "観測点コード": "YMGH15", "緯度（度）": 33.9725, "経度（度）": 131.8149, "高さ（ｍ）": 100, "測器の深度（ｍ）": 110.0, "維持管理機関名": "防災科学技術研究所", "維持管理機関名（英語）": "NIED", "観測開始年（西暦）": 2002, "同月": 4, "観測機器名または観測項目": "強震計" }, "geometry": { "type": "Point", "coordinates": [ 131.8149, 33.9725 ] } },
{ "type": "Feature", "properties": { "観測の種類": "強震計（地下）", "name": "上関", "観測点名ローマ字": "KAMINOSEKI", "観測点コード": "YMGH16", "緯度（度）": 33.826, "経度（度）": 132.104, "高さ（ｍ）": 65, "測器の深度（ｍ）": 106.0, "維持管理機関名": "防災科学技術研究所", "維持管理機関名（英語）": "NIED", "観測開始年（西暦）": 2002, "同月": 7, "観測機器名または観測項目": "強震計" }, "geometry": { "type": "Point", "coordinates": [ 132.104, 33.826 ] } },
{ "type": "Feature", "properties": { "観測の種類": "強震計（地下）", "name": "東和", "観測点名ローマ字": "TOUWA", "観測点コード": "YMGH17", "緯度（度）": 33.9291, "経度（度）": 132.4046, "高さ（ｍ）": 5, "測器の深度（ｍ）": 100.0, "維持管理機関名": "防災科学技術研究所", "維持管理機関名（英語）": "NIED", "観測開始年（西暦）": 2002, "同月": 3, "観測機器名または観測項目": "強震計" }, "geometry": { "type": "Point", "coordinates": [ 132.4046, 33.9291 ] } },
{ "type": "Feature", "properties": { "観測の種類": "強震計（地下）", "name": "日和佐", "観測点名ローマ字": "HIWASA", "観測点コード": "TKSH01", "緯度（度）": 33.7751, "経度（度）": 134.4994, "高さ（ｍ）": 155, "測器の深度（ｍ）": 100.0, "維持管理機関名": "防災科学技術研究所", "維持管理機関名（英語）": "NIED", "観測開始年（西暦）": 2000, "同月": 8, "観測機器名または観測項目": "強震計" }, "geometry": { "type": "Point", "coordinates": [ 134.4994, 33.7751 ] } },
{ "type": "Feature", "properties": { "観測の種類": "強震計（地下）", "name": "貞光", "観測点名ローマ字": "SADAMITSU", "観測点コード": "TKSH02", "緯度（度）": 34.0112, "経度（度）": 134.0918, "高さ（ｍ）": 190, "測器の深度（ｍ）": 100.0, "維持管理機関名": "防災科学技術研究所", "維持管理機関名（英語）": "NIED", "観測開始年（西暦）": 2000, "同月": 8, "観測機器名または観測項目": "強震計" }, "geometry": { "type": "Point", "coordinates": [ 134.0918, 34.0112 ] } },
{ "type": "Feature", "properties": { "観測の種類": "強震計（地下）", "name": "木屋平", "観測点名ローマ字": "KOYADAIRA", "観測点コード": "TKSH03", "緯度（度）": 33.8778, "経度（度）": 134.1294, "高さ（ｍ）": 640, "測器の深度（ｍ）": 201.0, "維持管理機関名": "防災科学技術研究所", "維持管理機関名（英語）": "NIED", "観測開始年（西暦）": 2000, "同月": 8, "観測機器名または観測項目": "強震計" }, "geometry": { "type": "Point", "coordinates": [ 134.1294, 33.8778 ] } },
{ "type": "Feature", "properties": { "観測の種類": "強震計（地下）", "name": "徳島", "観測点名ローマ字": "TOKUSIMA", "観測点コード": "TKSH04", "緯度（度）": 33.9902, "経度（度）": 134.5337, "高さ（ｍ）": 10, "測器の深度（ｍ）": 100.0, "維持管理機関名": "防災科学技術研究所", "維持管理機関名（英語）": "NIED", "観測開始年（西暦）": 2002, "同月": 3, "観測機器名または観測項目": "強震計" }, "geometry": { "type": "Point", "coordinates": [ 134.5337, 33.9902 ] } },
{ "type": "Feature", "properties": { "観測の種類": "強震計（地下）", "name": "海南", "観測点名ローマ字": "KAINAN", "観測点コード": "TKSH05", "緯度（度）": 33.6628, "経度（度）": 134.3156, "高さ（ｍ）": 40, "測器の深度（ｍ）": 143.0, "維持管理機関名": "防災科学技術研究所", "維持管理機関名（英語）": "NIED", "観測開始年（西暦）": 2002, "同月": 3, "観測機器名または観測項目": "強震計" }, "geometry": { "type": "Point", "coordinates": [ 134.3156, 33.6628 ] } },
{ "type": "Feature", "properties": { "観測の種類": "強震計（地下）", "name": "井川", "観測点名ローマ字": "IKAWA", "観測点コード": "TKSH06", "緯度（度）": 33.9997, "経度（度）": 133.8933, "高さ（ｍ）": 605, "測器の深度（ｍ）": 157.0, "維持管理機関名": "防災科学技術研究所", "維持管理機関名（英語）": "NIED", "観測開始年（西暦）": 2004, "同月": 3, "観測機器名または観測項目": "強震計" }, "geometry": { "type": "Point", "coordinates": [ 133.8933, 33.9997 ] } },
{ "type": "Feature", "properties": { "観測の種類": "強震計（地下）", "name": "綾上", "観測点名ローマ字": "AYAKAMI", "観測点コード": "KGWH01", "緯度（度）": 34.2186, "経度（度）": 133.9493, "高さ（ｍ）": 90, "測器の深度（ｍ）": 117.0, "維持管理機関名": "防災科学技術研究所", "維持管理機関名（英語）": "NIED", "観測開始年（西暦）": 2000, "同月": 8, "観測機器名または観測項目": "強震計" }, "geometry": { "type": "Point", "coordinates": [ 133.9493, 34.2186 ] } },
{ "type": "Feature", "properties": { "観測の種類": "強震計（地下）", "name": "三野", "観測点名ローマ字": "MINO", "観測点コード": "KGWH02", "緯度（度）": 34.198, "経度（度）": 133.7081, "高さ（ｍ）": 5, "測器の深度（ｍ）": 200.0, "維持管理機関名": "防災科学技術研究所", "維持管理機関名（英語）": "NIED", "観測開始年（西暦）": 2000, "同月": 8, "観測機器名または観測項目": "強震計" }, "geometry": { "type": "Point", "coordinates": [ 133.7081, 34.198 ] } },
{ "type": "Feature", "properties": { "観測の種類": "強震計（地下）", "name": "三木", "観測点名ローマ字": "MIKI", "観測点コード": "KGWH03", "緯度（度）": 34.27, "経度（度）": 134.1482, "高さ（ｍ）": 50, "測器の深度（ｍ）": 100.0, "維持管理機関名": "防災科学技術研究所", "維持管理機関名（英語）": "NIED", "観測開始年（西暦）": 2002, "同月": 3, "観測機器名または観測項目": "強震計" }, "geometry": { "type": "Point", "coordinates": [ 134.1482, 34.27 ] } },
{ "type": "Feature", "properties": { "観測の種類": "強震計（地下）", "name": "大内", "観測点名ローマ字": "OHCHI", "観測点コード": "KGWH04", "緯度（度）": 34.2264, "経度（度）": 134.3043, "高さ（ｍ）": 35, "測器の深度（ｍ）": 105.0, "維持管理機関名": "防災科学技術研究所", "維持管理機関名（英語）": "NIED", "観測開始年（西暦）": 2002, "同月": 3, "観測機器名または観測項目": "強震計" }, "geometry": { "type": "Point", "coordinates": [ 134.3043, 34.2264 ] } },
{ "type": "Feature", "properties": { "観測の種類": "強震計（地下）", "name": "内海", "観測点名ローマ字": "UCHINOMI", "観測点コード": "KGWH05", "緯度（度）": 34.4572, "経度（度）": 134.3241, "高さ（ｍ）": 20, "測器の深度（ｍ）": 433.0, "維持管理機関名": "防災科学技術研究所", "維持管理機関名（英語）": "NIED", "観測開始年（西暦）": 2004, "同月": 3, "観測機器名または観測項目": "強震計" }, "geometry": { "type": "Point", "coordinates": [ 134.3241, 34.4572 ] } },
{ "type": "Feature", "properties": { "観測の種類": "強震計（地下）", "name": "津島", "観測点名ローマ字": "TSUSHIMA", "観測点コード": "EHMH01", "緯度（度）": 33.0556, "経度（度）": 132.5552, "高さ（ｍ）": 375, "測器の深度（ｍ）": 100.0, "維持管理機関名": "防災科学技術研究所", "維持管理機関名（英語）": "NIED", "観測開始年（西暦）": 2000, "同月": 8, "観測機器名または観測項目": "強震計" }, "geometry": { "type": "Point", "coordinates": [ 132.5552, 33.0556 ] } },
{ "type": "Feature", "properties": { "観測の種類": "強震計（地下）", "name": "西条", "観測点名ローマ字": "SAIJOU", "観測点コード": "EHMH02", "緯度（度）": 33.865, "経度（度）": 133.184, "高さ（ｍ）": 75, "測器の深度（ｍ）": 110.0, "維持管理機関名": "防災科学技術研究所", "維持管理機関名（英語）": "NIED", "観測開始年（西暦）": 2000, "同月": 8, "観測機器名または観測項目": "強震計" }, "geometry": { "type": "Point", "coordinates": [ 133.184, 33.865 ] } },
{ "type": "Feature", "properties": { "観測の種類": "強震計（地下）", "name": "新宮", "観測点名ローマ字": "SHINGUU", "観測点コード": "EHMH03", "緯度（度）": 33.9154, "経度（度）": 133.6497, "高さ（ｍ）": 305, "測器の深度（ｍ）": 100.0, "維持管理機関名": "防災科学技術研究所", "維持管理機関名（英語）": "NIED", "観測開始年（西暦）": 2000, "同月": 8, "観測機器名または観測項目": "強震計" }, "geometry": { "type": "Point", "coordinates": [ 133.6497, 33.9154 ] } },
{ "type": "Feature", "properties": { "観測の種類": "強震計（地下）", "name": "丹原", "観測点名ローマ字": "TANBARA", "観測点コード": "EHMH04", "緯度（度）": 33.9023, "経度（度）": 133.0658, "高さ（ｍ）": 15, "測器の深度（ｍ）": 200.0, "維持管理機関名": "防災科学技術研究所", "維持管理機関名（英語）": "NIED", "観測開始年（西暦）": 2000, "同月": 8, "観測機器名または観測項目": "強震計" }, "geometry": { "type": "Point", "coordinates": [ 133.0658, 33.9023 ] } },
{ "type": "Feature", "properties": { "観測の種類": "強震計（地下）", "name": "砥部", "観測点名ローマ字": "TOBE", "観測点コード": "EHMH05", "緯度（度）": 33.7112, "経度（度）": 132.8032, "高さ（ｍ）": 140, "測器の深度（ｍ）": 134.0, "維持管理機関名": "防災科学技術研究所", "維持管理機関名（英語）": "NIED", "観測開始年（西暦）": 2000, "同月": 8, "観測機器名または観測項目": "強震計" }, "geometry": { "type": "Point", "coordinates": [ 132.8032, 33.7112 ] } },
{ "type": "Feature", "properties": { "観測の種類": "強震計（地下）", "name": "日吉", "観測点名ローマ字": "HIYOSHI", "観測点コード": "EHMH06", "緯度（度）": 33.3348, "経度（度）": 132.798, "高さ（ｍ）": 230, "測器の深度（ｍ）": 200.0, "維持管理機関名": "防災科学技術研究所", "維持管理機関名（英語）": "NIED", "観測開始年（西暦）": 2000, "同月": 8, "観測機器名または観測項目": "強震計" }, "geometry": { "type": "Point", "coordinates": [ 132.798, 33.3348 ] } },
{ "type": "Feature", "properties": { "観測の種類": "強震計（地下）", "name": "河辺", "観測点名ローマ字": "KAWABE", "観測点コード": "EHMH07", "緯度（度）": 33.5022, "経度（度）": 132.748, "高さ（ｍ）": 290, "測器の深度（ｍ）": 200.0, "維持管理機関名": "防災科学技術研究所", "維持管理機関名（英語）": "NIED", "観測開始年（西暦）": 2000, "同月": 8, "観測機器名または観測項目": "強震計" }, "geometry": { "type": "Point", "coordinates": [ 132.748, 33.5022 ] } },
{ "type": "Feature", "properties": { "観測の種類": "強震計（地下）", "name": "柳谷", "観測点名ローマ字": "YANADANI", "観測点コード": "EHMH08", "緯度（度）": 33.5388, "経度（度）": 133.0016, "高さ（ｍ）": 455, "測器の深度（ｍ）": 100.0, "維持管理機関名": "防災科学技術研究所", "維持管理機関名（英語）": "NIED", "観測開始年（西暦）": 2000, "同月": 9, "観測機器名または観測項目": "強震計" }, "geometry": { "type": "Point", "coordinates": [ 133.0016, 33.5388 ] } },
{ "type": "Feature", "properties": { "観測の種類": "強震計（地下）", "name": "伊方", "観測点名ローマ字": "IKATA", "観測点コード": "EHMH09", "緯度（度）": 33.4719, "経度（度）": 132.3072, "高さ（ｍ）": 5, "測器の深度（ｍ）": 150.0, "維持管理機関名": "防災科学技術研究所", "維持管理機関名（英語）": "NIED", "観測開始年（西暦）": 2000, "同月": 12, "観測機器名または観測項目": "強震計" }, "geometry": { "type": "Point", "coordinates": [ 132.3072, 33.4719 ] } },
{ "type": "Feature", "properties": { "観測の種類": "強震計（地下）", "name": "宮窪", "観測点名ローマ字": "MIYAKUBO", "観測点コード": "EHMH10", "緯度（度）": 34.1918, "経度（度）": 133.0581, "高さ（ｍ）": 5, "測器の深度（ｍ）": 100.0, "維持管理機関名": "防災科学技術研究所", "維持管理機関名（英語）": "NIED", "観測開始年（西暦）": 2002, "同月": 3, "観測機器名または観測項目": "強震計" }, "geometry": { "type": "Point", "coordinates": [ 133.0581, 34.1918 ] } },
{ "type": "Feature", "properties": { "観測の種類": "強震計（地下）", "name": "大洲", "観測点名ローマ字": "OHZU", "観測点コード": "EHMH11", "緯度（度）": 33.5807, "経度（度）": 132.6011, "高さ（ｍ）": 210, "測器の深度（ｍ）": 100.0, "維持管理機関名": "防災科学技術研究所", "維持管理機関名（英語）": "NIED", "観測開始年（西暦）": 2002, "同月": 3, "観測機器名または観測項目": "強震計" }, "geometry": { "type": "Point", "coordinates": [ 132.6011, 33.5807 ] } },
{ "type": "Feature", "properties": { "観測の種類": "強震計（地下）", "name": "宇和", "観測点名ローマ字": "UWA", "観測点コード": "EHMH12", "緯度（度）": 33.427, "経度（度）": 132.5055, "高さ（ｍ）": 250, "測器の深度（ｍ）": 150.0, "維持管理機関名": "防災科学技術研究所", "維持管理機関名（英語）": "NIED", "観測開始年（西暦）": 2002, "同月": 3, "観測機器名または観測項目": "強震計" }, "geometry": { "type": "Point", "coordinates": [ 132.5055, 33.427 ] } },
{ "type": "Feature", "properties": { "観測の種類": "強震計（地下）", "name": "三崎", "観測点名ローマ字": "MISAKI", "観測点コード": "EHMH13", "緯度（度）": 33.3719, "経度（度）": 132.1157, "高さ（ｍ）": 10, "測器の深度（ｍ）": 222.0, "維持管理機関名": "防災科学技術研究所", "維持管理機関名（英語）": "NIED", "観測開始年（西暦）": 2004, "同月": 2, "観測機器名または観測項目": "強震計" }, "geometry": { "type": "Point", "coordinates": [ 132.1157, 33.3719 ] } },
{ "type": "Feature", "properties": { "観測の種類": "強震計（地下）", "name": "北川", "観測点名ローマ字": "KITAGAWA", "観測点コード": "KOCH01", "緯度（度）": 33.5421, "経度（度）": 134.1197, "高さ（ｍ）": 235, "測器の深度（ｍ）": 200.0, "維持管理機関名": "防災科学技術研究所", "維持管理機関名（英語）": "NIED", "観測開始年（西暦）": 2000, "同月": 8, "観測機器名または観測項目": "強震計" }, "geometry": { "type": "Point", "coordinates": [ 134.1197, 33.5421 ] } },
{ "type": "Feature", "properties": { "観測の種類": "強震計（地下）", "name": "吾北", "観測点名ローマ字": "GOHOKU", "観測点コード": "KOCH02", "緯度（度）": 33.7079, "経度（度）": 133.3641, "高さ（ｍ）": 590, "測器の深度（ｍ）": 100.0, "維持管理機関名": "防災科学技術研究所", "維持管理機関名（英語）": "NIED", "観測開始年（西暦）": 2000, "同月": 8, "観測機器名または観測項目": "強震計" }, "geometry": { "type": "Point", "coordinates": [ 133.3641, 33.7079 ] } },
{ "type": "Feature", "properties": { "観測の種類": "強震計（地下）", "name": "大正", "観測点名ローマ字": "TAISYOU", "観測点コード": "KOCH03", "緯度（度）": 33.2683, "経度（度）": 132.9891, "高さ（ｍ）": 270, "測器の深度（ｍ）": 100.0, "維持管理機関名": "防災科学技術研究所", "維持管理機関名（英語）": "NIED", "観測開始年（西暦）": 2000, "同月": 8, "観測機器名または観測項目": "強震計" }, "geometry": { "type": "Point", "coordinates": [ 132.9891, 33.2683 ] } },
{ "type": "Feature", "properties": { "観測の種類": "強震計（地下）", "name": "大月", "観測点名ローマ字": "OOTSUKI", "観測点コード": "KOCH04", "緯度（度）": 32.8414, "経度（度）": 132.7066, "高さ（ｍ）": 55, "測器の深度（ｍ）": 100.0, "維持管理機関名": "防災科学技術研究所", "維持管理機関名（英語）": "NIED", "観測開始年（西暦）": 2000, "同月": 8, "観測機器名または観測項目": "強震計" }, "geometry": { "type": "Point", "coordinates": [ 132.7066, 32.8414 ] } },
{ "type": "Feature", "properties": { "観測の種類": "強震計（地下）", "name": "池川", "観測点名ローマ字": "IKEKAWA", "観測点コード": "KOCH05", "緯度（度）": 33.6472, "経度（度）": 133.1444, "高さ（ｍ）": 260, "測器の深度（ｍ）": 100.0, "維持管理機関名": "防災科学技術研究所", "維持管理機関名（英語）": "NIED", "観測開始年（西暦）": 2000, "同月": 8, "観測機器名または観測項目": "強震計" }, "geometry": { "type": "Point", "coordinates": [ 133.1444, 33.6472 ] } },
{ "type": "Feature", "properties": { "観測の種類": "強震計（地下）", "name": "中村", "観測点名ローマ字": "NAKAMURA", "観測点コード": "KOCH06", "緯度（度）": 33.0754, "経度（度）": 132.9524, "高さ（ｍ）": 31, "測器の深度（ｍ）": 100.0, "維持管理機関名": "防災科学技術研究所", "維持管理機関名（英語）": "NIED", "観測開始年（西暦）": 2000, "同月": 8, "観測機器名または観測項目": "強震計" }, "geometry": { "type": "Point", "coordinates": [ 132.9524, 33.0754 ] } },
{ "type": "Feature", "properties": { "観測の種類": "強震計（地下）", "name": "須崎", "観測点名ローマ字": "SUSAKI", "観測点コード": "KOCH07", "緯度（度）": 33.392, "経度（度）": 133.2866, "高さ（ｍ）": 5, "測器の深度（ｍ）": 104.0, "維持管理機関名": "防災科学技術研究所", "維持管理機関名（英語）": "NIED", "観測開始年（西暦）": 2000, "同月": 12, "観測機器名または観測項目": "強震計" }, "geometry": { "type": "Point", "coordinates": [ 133.2866, 33.392 ] } },
{ "type": "Feature", "properties": { "観測の種類": "強震計（地下）", "name": "土佐清水", "観測点名ローマ字": "TOSASHIMIZU", "観測点コード": "KOCH08", "緯度（度）": 32.7797, "経度（度）": 132.9718, "高さ（ｍ）": 5, "測器の深度（ｍ）": 100.0, "維持管理機関名": "防災科学技術研究所", "維持管理機関名（英語）": "NIED", "観測開始年（西暦）": 2002, "同月": 4, "観測機器名または観測項目": "強震計" }, "geometry": { "type": "Point", "coordinates": [ 132.9718, 32.7797 ] } },
{ "type": "Feature", "properties": { "観測の種類": "強震計（地下）", "name": "香北", "観測点名ローマ字": "KAHOKU", "観測点コード": "KOCH09", "緯度（度）": 33.6748, "経度（度）": 133.8243, "高さ（ｍ）": 190, "測器の深度（ｍ）": 100.0, "維持管理機関名": "防災科学技術研究所", "維持管理機関名（英語）": "NIED", "観測開始年（西暦）": 2002, "同月": 3, "観測機器名または観測項目": "強震計" }, "geometry": { "type": "Point", "coordinates": [ 133.8243, 33.6748 ] } },
{ "type": "Feature", "properties": { "観測の種類": "強震計（地下）", "name": "伊野", "観測点名ローマ字": "INO", "観測点コード": "KOCH10", "緯度（度）": 33.5313, "経度（度）": 133.4388, "高さ（ｍ）": 10, "測器の深度（ｍ）": 101.0, "維持管理機関名": "防災科学技術研究所", "維持管理機関名（英語）": "NIED", "観測開始年（西暦）": 2002, "同月": 4, "観測機器名または観測項目": "強震計" }, "geometry": { "type": "Point", "coordinates": [ 133.4388, 33.5313 ] } },
{ "type": "Feature", "properties": { "観測の種類": "強震計（地下）", "name": "室戸", "観測点名ローマ字": "MUROTO", "観測点コード": "KOCH11", "緯度（度）": 33.2866, "経度（度）": 134.1603, "高さ（ｍ）": 90, "測器の深度（ｍ）": 300.0, "維持管理機関名": "防災科学技術研究所", "維持管理機関名（英語）": "NIED", "観測開始年（西暦）": 2002, "同月": 3, "観測機器名または観測項目": "強震計" }, "geometry": { "type": "Point", "coordinates": [ 134.1603, 33.2866 ] } },
{ "type": "Feature", "properties": { "観測の種類": "強震計（地下）", "name": "芸西", "観測点名ローマ字": "GEISEI", "観測点コード": "KOCH12", "緯度（度）": 33.5294, "経度（度）": 133.8192, "高さ（ｍ）": 40, "測器の深度（ｍ）": 170.0, "維持管理機関名": "防災科学技術研究所", "維持管理機関名（英語）": "NIED", "観測開始年（西暦）": 2004, "同月": 3, "観測機器名または観測項目": "強震計" }, "geometry": { "type": "Point", "coordinates": [ 133.8192, 33.5294 ] } },
{ "type": "Feature", "properties": { "観測の種類": "強震計（地下）", "name": "本山", "観測点名ローマ字": "MOTOYAMA", "観測点コード": "KOCH13", "緯度（度）": 33.7543, "経度（度）": 133.576, "高さ（ｍ）": 250, "測器の深度（ｍ）": 152.0, "維持管理機関名": "防災科学技術研究所", "維持管理機関名（英語）": "NIED", "観測開始年（西暦）": 2004, "同月": 3, "観測機器名または観測項目": "強震計" }, "geometry": { "type": "Point", "coordinates": [ 133.576, 33.7543 ] } },
{ "type": "Feature", "properties": { "観測の種類": "強震計（地下）", "name": "北九州", "観測点名ローマ字": "KITAKYUSHU", "観測点コード": "FKOH01", "緯度（度）": 33.8849, "経度（度）": 130.9798, "高さ（ｍ）": 15, "測器の深度（ｍ）": 200.0, "維持管理機関名": "防災科学技術研究所", "維持管理機関名（英語）": "NIED", "観測開始年（西暦）": 2000, "同月": 8, "観測機器名または観測項目": "強震計" }, "geometry": { "type": "Point", "coordinates": [ 130.9798, 33.8849 ] } },
{ "type": "Feature", "properties": { "観測の種類": "強震計（地下）", "name": "若宮", "観測点名ローマ字": "WAKAMIYA", "観測点コード": "FKOH02", "緯度（度）": 33.6963, "経度（度）": 130.5963, "高さ（ｍ）": 74, "測器の深度（ｍ）": 100.0, "維持管理機関名": "防災科学技術研究所", "維持管理機関名（英語）": "NIED", "観測開始年（西暦）": 2000, "同月": 8, "観測機器名または観測項目": "強震計" }, "geometry": { "type": "Point", "coordinates": [ 130.5963, 33.6963 ] } },
{ "type": "Feature", "properties": { "観測の種類": "強震計（地下）", "name": "宇美", "観測点名ローマ字": "UMI", "観測点コード": "FKOH03", "緯度（度）": 33.5608, "経度（度）": 130.5499, "高さ（ｍ）": 185, "測器の深度（ｍ）": 100.0, "維持管理機関名": "防災科学技術研究所", "維持管理機関名（英語）": "NIED", "観測開始年（西暦）": 2000, "同月": 8, "観測機器名または観測項目": "強震計" }, "geometry": { "type": "Point", "coordinates": [ 130.5499, 33.5608 ] } },
{ "type": "Feature", "properties": { "観測の種類": "強震計（地下）", "name": "嘉穂", "観測点名ローマ字": "KAHO", "観測点コード": "FKOH04", "緯度（度）": 33.5512, "経度（度）": 130.7451, "高さ（ｍ）": 60, "測器の深度（ｍ）": 100.0, "維持管理機関名": "防災科学技術研究所", "維持管理機関名（英語）": "NIED", "観測開始年（西暦）": 2000, "同月": 8, "観測機器名または観測項目": "強震計" }, "geometry": { "type": "Point", "coordinates": [ 130.7451, 33.5512 ] } },
{ "type": "Feature", "properties": { "観測の種類": "強震計（地下）", "name": "犀川", "観測点名ローマ字": "SAIGAWA", "観測点コード": "FKOH05", "緯度（度）": 33.5293, "経度（度）": 130.9503, "高さ（ｍ）": 370, "測器の深度（ｍ）": 100.0, "維持管理機関名": "防災科学技術研究所", "維持管理機関名（英語）": "NIED", "観測開始年（西暦）": 2000, "同月": 8, "観測機器名または観測項目": "強震計" }, "geometry": { "type": "Point", "coordinates": [ 130.9503, 33.5293 ] } },
{ "type": "Feature", "properties": { "観測の種類": "強震計（地下）", "name": "豊前", "観測点名ローマ字": "BUZEN", "観測点コード": "FKOH06", "緯度（度）": 33.5925, "経度（度）": 131.1348, "高さ（ｍ）": 35, "測器の深度（ｍ）": 303.0, "維持管理機関名": "防災科学技術研究所", "維持管理機関名（英語）": "NIED", "観測開始年（西暦）": 2000, "同月": 8, "観測機器名または観測項目": "強震計" }, "geometry": { "type": "Point", "coordinates": [ 131.1348, 33.5925 ] } },
{ "type": "Feature", "properties": { "観測の種類": "強震計（地下）", "name": "大刀洗", "観測点名ローマ字": "TACHIARAI", "観測点コード": "FKOH07", "緯度（度）": 33.3678, "経度（度）": 130.6354, "高さ（ｍ）": 15, "測器の深度（ｍ）": 437.0, "維持管理機関名": "防災科学技術研究所", "維持管理機関名（英語）": "NIED", "観測開始年（西暦）": 2000, "同月": 8, "観測機器名または観測項目": "強震計" }, "geometry": { "type": "Point", "coordinates": [ 130.6354, 33.3678 ] } },
{ "type": "Feature", "properties": { "観測の種類": "強震計（地下）", "name": "小石原", "観測点名ローマ字": "KOISHIWARA", "観測点コード": "FKOH08", "緯度（度）": 33.4654, "経度（度）": 130.8285, "高さ（ｍ）": 480, "測器の深度（ｍ）": 100.0, "維持管理機関名": "防災科学技術研究所", "維持管理機関名（英語）": "NIED", "観測開始年（西暦）": 2000, "同月": 8, "観測機器名または観測項目": "強震計" }, "geometry": { "type": "Point", "coordinates": [ 130.8285, 33.4654 ] } },
{ "type": "Feature", "properties": { "観測の種類": "強震計（地下）", "name": "玄海", "観測点名ローマ字": "GENKAI", "観測点コード": "FKOH09", "緯度（度）": 33.8501, "経度（度）": 130.5432, "高さ（ｍ）": 25, "測器の深度（ｍ）": 200.0, "維持管理機関名": "防災科学技術研究所", "維持管理機関名（英語）": "NIED", "観測開始年（西暦）": 2000, "同月": 8, "観測機器名または観測項目": "強震計" }, "geometry": { "type": "Point", "coordinates": [ 130.5432, 33.8501 ] } },
{ "type": "Feature", "properties": { "観測の種類": "強震計（地下）", "name": "浮羽", "観測点名ローマ字": "UKIHA", "観測点コード": "FKOH10", "緯度（度）": 33.2891, "経度（度）": 130.817, "高さ（ｍ）": 190, "測器の深度（ｍ）": 200.0, "維持管理機関名": "防災科学技術研究所", "維持管理機関名（英語）": "NIED", "観測開始年（西暦）": 2002, "同月": 3, "観測機器名または観測項目": "強震計" }, "geometry": { "type": "Point", "coordinates": [ 130.817, 33.2891 ] } },
{ "type": "Feature", "properties": { "観測の種類": "強震計（地下）", "name": "鎮西", "観測点名ローマ字": "CHINZEI", "観測点コード": "SAGH01", "緯度（度）": 33.508, "経度（度）": 129.8877, "高さ（ｍ）": 118, "測器の深度（ｍ）": 200.0, "維持管理機関名": "防災科学技術研究所", "維持管理機関名（英語）": "NIED", "観測開始年（西暦）": 2000, "同月": 8, "観測機器名または観測項目": "強震計" }, "geometry": { "type": "Point", "coordinates": [ 129.8877, 33.508 ] } },
{ "type": "Feature", "properties": { "観測の種類": "強震計（地下）", "name": "伊万里", "観測点名ローマ字": "IMARI", "観測点コード": "SAGH02", "緯度（度）": 33.2656, "経度（度）": 129.8798, "高さ（ｍ）": 31, "測器の深度（ｍ）": 102.0, "維持管理機関名": "防災科学技術研究所", "維持管理機関名（英語）": "NIED", "観測開始年（西暦）": 2000, "同月": 8, "観測機器名または観測項目": "強震計" }, "geometry": { "type": "Point", "coordinates": [ 129.8798, 33.2656 ] } },
{ "type": "Feature", "properties": { "観測の種類": "強震計（地下）", "name": "富士", "観測点名ローマ字": "FUJI", "観測点コード": "SAGH03", "緯度（度）": 33.4098, "経度（度）": 130.2329, "高さ（ｍ）": 375, "測器の深度（ｍ）": 103.0, "維持管理機関名": "防災科学技術研究所", "維持管理機関名（英語）": "NIED", "観測開始年（西暦）": 2000, "同月": 8, "観測機器名または観測項目": "強震計" }, "geometry": { "type": "Point", "coordinates": [ 130.2329, 33.4098 ] } },
{ "type": "Feature", "properties": { "観測の種類": "強震計（地下）", "name": "東脊振", "観測点名ローマ字": "HIGASHISEFURI", "観測点コード": "SAGH04", "緯度（度）": 33.3654, "経度（度）": 130.4046, "高さ（ｍ）": 55, "測器の深度（ｍ）": 200.0, "維持管理機関名": "防災科学技術研究所", "維持管理機関名（英語）": "NIED", "観測開始年（西暦）": 2000, "同月": 8, "観測機器名または観測項目": "強震計" }, "geometry": { "type": "Point", "coordinates": [ 130.4046, 33.3654 ] } },
{ "type": "Feature", "properties": { "観測の種類": "強震計（地下）", "name": "白石", "観測点名ローマ字": "SHIROISHI", "観測点コード": "SAGH05", "緯度（度）": 33.1806, "経度（度）": 130.1046, "高さ（ｍ）": 18, "測器の深度（ｍ）": 203.0, "維持管理機関名": "防災科学技術研究所", "維持管理機関名（英語）": "NIED", "観測開始年（西暦）": 2000, "同月": 8, "観測機器名または観測項目": "強震計" }, "geometry": { "type": "Point", "coordinates": [ 130.1046, 33.1806 ] } },
{ "type": "Feature", "properties": { "観測の種類": "強震計（地下）", "name": "平戸", "観測点名ローマ字": "HIRADO", "観測点コード": "NGSH01", "緯度（度）": 33.2116, "経度（度）": 129.4353, "高さ（ｍ）": 30, "測器の深度（ｍ）": 207.0, "維持管理機関名": "防災科学技術研究所", "維持管理機関名（英語）": "NIED", "観測開始年（西暦）": 2000, "同月": 8, "観測機器名または観測項目": "強震計" }, "geometry": { "type": "Point", "coordinates": [ 129.4353, 33.2116 ] } },
{ "type": "Feature", "properties": { "観測の種類": "強震計（地下）", "name": "佐世保北", "観測点名ローマ字": "SASEBO-N", "観測点コード": "NGSH02", "緯度（度）": 33.2122, "経度（度）": 129.7652, "高さ（ｍ）": 140, "測器の深度（ｍ）": 112.0, "維持管理機関名": "防災科学技術研究所", "維持管理機関名（英語）": "NIED", "観測開始年（西暦）": 2000, "同月": 8, "観測機器名または観測項目": "強震計" }, "geometry": { "type": "Point", "coordinates": [ 129.7652, 33.2122 ] } },
{ "type": "Feature", "properties": { "観測の種類": "強震計（地下）", "name": "佐世保南", "観測点名ローマ字": "SASEBO-S", "観測点コード": "NGSH03", "緯度（度）": 33.1256, "経度（度）": 129.8102, "高さ（ｍ）": 10, "測器の深度（ｍ）": 200.0, "維持管理機関名": "防災科学技術研究所", "維持管理機関名（英語）": "NIED", "観測開始年（西暦）": 2000, "同月": 8, "観測機器名または観測項目": "強震計" }, "geometry": { "type": "Point", "coordinates": [ 129.8102, 33.1256 ] } },
{ "type": "Feature", "properties": { "観測の種類": "強震計（地下）", "name": "琴海", "観測点名ローマ字": "KINKAI", "観測点コード": "NGSH04", "緯度（度）": 32.9553, "経度（度）": 129.8026, "高さ（ｍ）": 3, "測器の深度（ｍ）": 100.0, "維持管理機関名": "防災科学技術研究所", "維持管理機関名（英語）": "NIED", "観測開始年（西暦）": 2000, "同月": 8, "観測機器名または観測項目": "強震計" }, "geometry": { "type": "Point", "coordinates": [ 129.8026, 32.9553 ] } },
{ "type": "Feature", "properties": { "観測の種類": "強震計（地下）", "name": "高来", "観測点名ローマ字": "TAKAKI", "観測点コード": "NGSH05", "緯度（度）": 32.9103, "経度（度）": 130.1408, "高さ（ｍ）": 29, "測器の深度（ｍ）": 200.0, "維持管理機関名": "防災科学技術研究所", "維持管理機関名（英語）": "NIED", "観測開始年（西暦）": 2000, "同月": 8, "観測機器名または観測項目": "強震計" }, "geometry": { "type": "Point", "coordinates": [ 130.1408, 32.9103 ] } },
{ "type": "Feature", "properties": { "観測の種類": "強震計（地下）", "name": "長崎", "観測点名ローマ字": "NAGASAKI", "観測点コード": "NGSH06", "緯度（度）": 32.6999, "経度（度）": 129.8625, "高さ（ｍ）": 155, "測器の深度（ｍ）": 200.0, "維持管理機関名": "防災科学技術研究所", "維持管理機関名（英語）": "NIED", "観測開始年（西暦）": 2000, "同月": 8, "観測機器名または観測項目": "強震計" }, "geometry": { "type": "Point", "coordinates": [ 129.8625, 32.6999 ] } },
{ "type": "Feature", "properties": { "観測の種類": "強震計（地下）", "name": "鹿北", "観測点名ローマ字": "KAHOKU", "観測点コード": "KMMH01", "緯度（度）": 33.1089, "経度（度）": 130.6949, "高さ（ｍ）": 75, "測器の深度（ｍ）": 100.0, "維持管理機関名": "防災科学技術研究所", "維持管理機関名（英語）": "NIED", "観測開始年（西暦）": 2000, "同月": 8, "観測機器名または観測項目": "強震計" }, "geometry": { "type": "Point", "coordinates": [ 130.6949, 33.1089 ] } },
{ "type": "Feature", "properties": { "観測の種類": "強震計（地下）", "name": "小国", "観測点名ローマ字": "OGUNI", "観測点コード": "KMMH02", "緯度（度）": 33.122, "経度（度）": 131.0629, "高さ（ｍ）": 430, "測器の深度（ｍ）": 124.0, "維持管理機関名": "防災科学技術研究所", "維持管理機関名（英語）": "NIED", "観測開始年（西暦）": 2000, "同月": 8, "観測機器名または観測項目": "強震計" }, "geometry": { "type": "Point", "coordinates": [ 131.0629, 33.122 ] } },
{ "type": "Feature", "properties": { "観測の種類": "強震計（地下）", "name": "菊池", "観測点名ローマ字": "KIKUCHI", "観測点コード": "KMMH03", "緯度（度）": 32.9984, "経度（度）": 130.8301, "高さ（ｍ）": 178, "測器の深度（ｍ）": 200.0, "維持管理機関名": "防災科学技術研究所", "維持管理機関名（英語）": "NIED", "観測開始年（西暦）": 2000, "同月": 8, "観測機器名または観測項目": "強震計" }, "geometry": { "type": "Point", "coordinates": [ 130.8301, 32.9984 ] } },
{ "type": "Feature", "properties": { "観測の種類": "強震計（地下）", "name": "波野", "観測点名ローマ字": "NAMINO", "観測点コード": "KMMH05", "緯度（度）": 32.9553, "経度（度）": 131.2207, "高さ（ｍ）": 693, "測器の深度（ｍ）": 100.0, "維持管理機関名": "防災科学技術研究所", "維持管理機関名（英語）": "NIED", "観測開始年（西暦）": 2000, "同月": 8, "観測機器名または観測項目": "強震計" }, "geometry": { "type": "Point", "coordinates": [ 131.2207, 32.9553 ] } },
{ "type": "Feature", "properties": { "観測の種類": "強震計（地下）", "name": "白水", "観測点名ローマ字": "HAKUSUI", "観測点コード": "KMMH06", "緯度（度）": 32.8114, "経度（度）": 131.101, "高さ（ｍ）": 492, "測器の深度（ｍ）": 111.0, "維持管理機関名": "防災科学技術研究所", "維持管理機関名（英語）": "NIED", "観測開始年（西暦）": 2000, "同月": 8, "観測機器名または観測項目": "強震計" }, "geometry": { "type": "Point", "coordinates": [ 131.101, 32.8114 ] } },
{ "type": "Feature", "properties": { "観測の種類": "強震計（地下）", "name": "三角", "観測点名ローマ字": "MITSUMI", "観測点コード": "KMMH07", "緯度（度）": 32.6234, "経度（度）": 130.5584, "高さ（ｍ）": 22, "測器の深度（ｍ）": 300.0, "維持管理機関名": "防災科学技術研究所", "維持管理機関名（英語）": "NIED", "観測開始年（西暦）": 2000, "同月": 8, "観測機器名または観測項目": "強震計" }, "geometry": { "type": "Point", "coordinates": [ 130.5584, 32.6234 ] } },
{ "type": "Feature", "properties": { "観測の種類": "強震計（地下）", "name": "矢部", "観測点名ローマ字": "YABE", "観測点コード": "KMMH08", "緯度（度）": 32.6501, "経度（度）": 131.0251, "高さ（ｍ）": 450, "測器の深度（ｍ）": 103.0, "維持管理機関名": "防災科学技術研究所", "維持管理機関名（英語）": "NIED", "観測開始年（西暦）": 2000, "同月": 8, "観測機器名または観測項目": "強震計" }, "geometry": { "type": "Point", "coordinates": [ 131.0251, 32.6501 ] } },
{ "type": "Feature", "properties": { "観測の種類": "強震計（地下）", "name": "泉", "観測点名ローマ字": "IZUMI", "観測点コード": "KMMH09", "緯度（度）": 32.4901, "経度（度）": 130.9046, "高さ（ｍ）": 520, "測器の深度（ｍ）": 100.0, "維持管理機関名": "防災科学技術研究所", "維持管理機関名（英語）": "NIED", "観測開始年（西暦）": 2000, "同月": 8, "観測機器名または観測項目": "強震計" }, "geometry": { "type": "Point", "coordinates": [ 130.9046, 32.4901 ] } },
{ "type": "Feature", "properties": { "観測の種類": "強震計（地下）", "name": "新和", "観測点名ローマ字": "SHINWA", "観測点コード": "KMMH10", "緯度（度）": 32.3151, "経度（度）": 130.1811, "高さ（ｍ）": 158, "測器の深度（ｍ）": 300.0, "維持管理機関名": "防災科学技術研究所", "維持管理機関名（英語）": "NIED", "観測開始年（西暦）": 2000, "同月": 8, "観測機器名または観測項目": "強震計" }, "geometry": { "type": "Point", "coordinates": [ 130.1811, 32.3151 ] } },
{ "type": "Feature", "properties": { "観測の種類": "強震計（地下）", "name": "芦北", "観測点名ローマ字": "ASHIKITA", "観測点コード": "KMMH11", "緯度（度）": 32.2918, "経度（度）": 130.5777, "高さ（ｍ）": 100, "測器の深度（ｍ）": 300.0, "維持管理機関名": "防災科学技術研究所", "維持管理機関名（英語）": "NIED", "観測開始年（西暦）": 2000, "同月": 8, "観測機器名または観測項目": "強震計" }, "geometry": { "type": "Point", "coordinates": [ 130.5777, 32.2918 ] } },
{ "type": "Feature", "properties": { "観測の種類": "強震計（地下）", "name": "人吉", "観測点名ローマ字": "HITOYOSHI", "観測点コード": "KMMH12", "緯度（度）": 32.2054, "経度（度）": 130.7371, "高さ（ｍ）": 105, "測器の深度（ｍ）": 123.0, "維持管理機関名": "防災科学技術研究所", "維持管理機関名（英語）": "NIED", "観測開始年（西暦）": 2000, "同月": 8, "観測機器名または観測項目": "強震計" }, "geometry": { "type": "Point", "coordinates": [ 130.7371, 32.2054 ] } },
{ "type": "Feature", "properties": { "観測の種類": "強震計（地下）", "name": "上", "観測点名ローマ字": "UE", "観測点コード": "KMMH13", "緯度（度）": 32.2209, "経度（度）": 130.9096, "高さ（ｍ）": 175, "測器の深度（ｍ）": 177.0, "維持管理機関名": "防災科学技術研究所", "維持管理機関名（英語）": "NIED", "観測開始年（西暦）": 2000, "同月": 8, "観測機器名または観測項目": "強震計" }, "geometry": { "type": "Point", "coordinates": [ 130.9096, 32.2209 ] } },
{ "type": "Feature", "properties": { "観測の種類": "強震計（地下）", "name": "豊野", "観測点名ローマ字": "TOYONO", "観測点コード": "KMMH14", "緯度（度）": 32.6345, "経度（度）": 130.7521, "高さ（ｍ）": 70, "測器の深度（ｍ）": 110.0, "維持管理機関名": "防災科学技術研究所", "維持管理機関名（英語）": "NIED", "観測開始年（西暦）": 2000, "同月": 12, "観測機器名または観測項目": "強震計" }, "geometry": { "type": "Point", "coordinates": [ 130.7521, 32.6345 ] } },
{ "type": "Feature", "properties": { "観測の種類": "強震計（地下）", "name": "水俣", "観測点名ローマ字": "MINAMATA", "観測点コード": "KMMH15", "緯度（度）": 32.1704, "経度（度）": 130.3647, "高さ（ｍ）": 15, "測器の深度（ｍ）": 110.0, "維持管理機関名": "防災科学技術研究所", "維持管理機関名（英語）": "NIED", "観測開始年（西暦）": 2000, "同月": 12, "観測機器名または観測項目": "強震計" }, "geometry": { "type": "Point", "coordinates": [ 130.3647, 32.1704 ] } },
{ "type": "Feature", "properties": { "観測の種類": "強震計（地下）", "name": "益城", "観測点名ローマ字": "MASHIKI", "観測点コード": "KMMH16", "緯度（度）": 32.7967, "経度（度）": 130.8199, "高さ（ｍ）": 55, "測器の深度（ｍ）": 252.0, "維持管理機関名": "防災科学技術研究所", "維持管理機関名（英語）": "NIED", "観測開始年（西暦）": 2002, "同月": 4, "観測機器名または観測項目": "強震計" }, "geometry": { "type": "Point", "coordinates": [ 130.8199, 32.7967 ] } },
{ "type": "Feature", "properties": { "観測の種類": "強震計（地下）", "name": "玉名", "観測点名ローマ字": "TAMANA", "観測点コード": "KMMH17", "緯度（度）": 32.9873, "経度（度）": 130.5608, "高さ（ｍ）": 55, "測器の深度（ｍ）": 100.0, "維持管理機関名": "防災科学技術研究所", "維持管理機関名（英語）": "NIED", "観測開始年（西暦）": 2002, "同月": 3, "観測機器名または観測項目": "強震計" }, "geometry": { "type": "Point", "coordinates": [ 130.5608, 32.9873 ] } },
{ "type": "Feature", "properties": { "観測の種類": "強震計（地下）", "name": "阿蘇2", "観測点名ローマ字": "ASO2", "観測点コード": "KMMH18", "緯度（度）": 33.0031, "経度（度）": 131.0071, "高さ（ｍ）": 932, "測器の深度（ｍ）": 80.0, "維持管理機関名": "防災科学技術研究所", "維持管理機関名（英語）": "NIED", "観測開始年（西暦）": 2019, "同月": 3, "観測機器名または観測項目": "強震計" }, "geometry": { "type": "Point", "coordinates": [ 131.0071, 33.0031 ] } },
{ "type": "Feature", "properties": { "観測の種類": "強震計（地下）", "name": "山国", "観測点名ローマ字": "YAMAGUNI", "観測点コード": "OITH01", "緯度（度）": 33.4122, "経度（度）": 131.0326, "高さ（ｍ）": 249, "測器の深度（ｍ）": 200.0, "維持管理機関名": "防災科学技術研究所", "維持管理機関名（英語）": "NIED", "観測開始年（西暦）": 2000, "同月": 8, "観測機器名または観測項目": "強震計" }, "geometry": { "type": "Point", "coordinates": [ 131.0326, 33.4122 ] } },
{ "type": "Feature", "properties": { "観測の種類": "強震計（地下）", "name": "山香", "観測点名ローマ字": "YAMAGA", "観測点コード": "OITH02", "緯度（度）": 33.4581, "経度（度）": 131.4429, "高さ（ｍ）": 165, "測器の深度（ｍ）": 100.0, "維持管理機関名": "防災科学技術研究所", "維持管理機関名（英語）": "NIED", "観測開始年（西暦）": 2000, "同月": 8, "観測機器名または観測項目": "強震計" }, "geometry": { "type": "Point", "coordinates": [ 131.4429, 33.4581 ] } },
{ "type": "Feature", "properties": { "観測の種類": "強震計（地下）", "name": "安岐", "観測点名ローマ字": "AKI", "観測点コード": "OITH03", "緯度（度）": 33.4736, "経度（度）": 131.6856, "高さ（ｍ）": 35, "測器の深度（ｍ）": 400.0, "維持管理機関名": "防災科学技術研究所", "維持管理機関名（英語）": "NIED", "観測開始年（西暦）": 2000, "同月": 8, "観測機器名または観測項目": "強震計" }, "geometry": { "type": "Point", "coordinates": [ 131.6856, 33.4736 ] } },
{ "type": "Feature", "properties": { "観測の種類": "強震計（地下）", "name": "庄内", "観測点名ローマ字": "SHOUNAI", "観測点コード": "OITH04", "緯度（度）": 33.1306, "経度（度）": 131.3473, "高さ（ｍ）": 500, "測器の深度（ｍ）": 230.0, "維持管理機関名": "防災科学技術研究所", "維持管理機関名（英語）": "NIED", "観測開始年（西暦）": 2000, "同月": 8, "観測機器名または観測項目": "強震計" }, "geometry": { "type": "Point", "coordinates": [ 131.3473, 33.1306 ] } },
{ "type": "Feature", "properties": { "観測の種類": "強震計（地下）", "name": "野津原", "観測点名ローマ字": "NOTSUHARA", "観測点コード": "OITH05", "緯度（度）": 33.1525, "経度（度）": 131.542, "高さ（ｍ）": 160, "測器の深度（ｍ）": 100.0, "維持管理機関名": "防災科学技術研究所", "維持管理機関名（英語）": "NIED", "観測開始年（西暦）": 2000, "同月": 8, "観測機器名または観測項目": "強震計" }, "geometry": { "type": "Point", "coordinates": [ 131.542, 33.1525 ] } },
{ "type": "Feature", "properties": { "観測の種類": "強震計（地下）", "name": "竹田", "観測点名ローマ字": "TAKETA", "観測点コード": "OITH06", "緯度（度）": 32.9726, "経度（度）": 131.3984, "高さ（ｍ）": 260, "測器の深度（ｍ）": 103.0, "維持管理機関名": "防災科学技術研究所", "維持管理機関名（英語）": "NIED", "観測開始年（西暦）": 2000, "同月": 8, "観測機器名または観測項目": "強震計" }, "geometry": { "type": "Point", "coordinates": [ 131.3984, 32.9726 ] } },
{ "type": "Feature", "properties": { "観測の種類": "強震計（地下）", "name": "三重", "観測点名ローマ字": "MIE", "観測点コード": "OITH07", "緯度（度）": 32.987, "経度（度）": 131.5881, "高さ（ｍ）": 160, "測器の深度（ｍ）": 101.0, "維持管理機関名": "防災科学技術研究所", "維持管理機関名（英語）": "NIED", "観測開始年（西暦）": 2000, "同月": 8, "観測機器名または観測項目": "強震計" }, "geometry": { "type": "Point", "coordinates": [ 131.5881, 32.987 ] } },
{ "type": "Feature", "properties": { "観測の種類": "強震計（地下）", "name": "宇目西", "観測点名ローマ字": "UME-W", "観測点コード": "OITH08", "緯度（度）": 32.8392, "経度（度）": 131.5357, "高さ（ｍ）": 260, "測器の深度（ｍ）": 101.0, "維持管理機関名": "防災科学技術研究所", "維持管理機関名（英語）": "NIED", "観測開始年（西暦）": 2000, "同月": 8, "観測機器名または観測項目": "強震計" }, "geometry": { "type": "Point", "coordinates": [ 131.5357, 32.8392 ] } },
{ "type": "Feature", "properties": { "観測の種類": "強震計（地下）", "name": "宇目東", "観測点名ローマ字": "UME-E", "観測点コード": "OITH09", "緯度（度）": 32.8486, "経度（度）": 131.6786, "高さ（ｍ）": 190, "測器の深度（ｍ）": 100.0, "維持管理機関名": "防災科学技術研究所", "維持管理機関名（英語）": "NIED", "観測開始年（西暦）": 2000, "同月": 8, "観測機器名または観測項目": "強震計" }, "geometry": { "type": "Point", "coordinates": [ 131.6786, 32.8486 ] } },
{ "type": "Feature", "properties": { "観測の種類": "強震計（地下）", "name": "佐伯", "観測点名ローマ字": "SAIKI", "観測点コード": "OITH10", "緯度（度）": 32.9278, "経度（度）": 131.8695, "高さ（ｍ）": 80, "測器の深度（ｍ）": 100.0, "維持管理機関名": "防災科学技術研究所", "維持管理機関名（英語）": "NIED", "観測開始年（西暦）": 2000, "同月": 8, "観測機器名または観測項目": "強震計" }, "geometry": { "type": "Point", "coordinates": [ 131.8695, 32.9278 ] } },
{ "type": "Feature", "properties": { "観測の種類": "強震計（地下）", "name": "九重", "観測点名ローマ字": "KOKONOE", "観測点コード": "OITH11", "緯度（度）": 33.2844, "経度（度）": 131.2118, "高さ（ｍ）": 460, "測器の深度（ｍ）": 160.0, "維持管理機関名": "防災科学技術研究所", "維持管理機関名（英語）": "NIED", "観測開始年（西暦）": 2002, "同月": 3, "観測機器名または観測項目": "強震計" }, "geometry": { "type": "Point", "coordinates": [ 131.2118, 33.2844 ] } },
{ "type": "Feature", "properties": { "観測の種類": "強震計（地下）", "name": "五ヶ瀬", "観測点名ローマ字": "GOKASE", "観測点コード": "MYZH01", "緯度（度）": 32.6536, "経度（度）": 131.2257, "高さ（ｍ）": 605, "測器の深度（ｍ）": 103.0, "維持管理機関名": "防災科学技術研究所", "維持管理機関名（英語）": "NIED", "観測開始年（西暦）": 2000, "同月": 8, "観測機器名または観測項目": "強震計" }, "geometry": { "type": "Point", "coordinates": [ 131.2257, 32.6536 ] } },
{ "type": "Feature", "properties": { "観測の種類": "強震計（地下）", "name": "北川", "観測点名ローマ字": "KITAGAWA", "観測点コード": "MYZH02", "緯度（度）": 32.6972, "経度（度）": 131.6829, "高さ（ｍ）": 20, "測器の深度（ｍ）": 210.0, "維持管理機関名": "防災科学技術研究所", "維持管理機関名（英語）": "NIED", "観測開始年（西暦）": 2000, "同月": 8, "観測機器名または観測項目": "強震計" }, "geometry": { "type": "Point", "coordinates": [ 131.6829, 32.6972 ] } },
{ "type": "Feature", "properties": { "観測の種類": "強震計（地下）", "name": "椎葉", "観測点名ローマ字": "SHIBA", "観測点コード": "MYZH03", "緯度（度）": 32.4754, "経度（度）": 131.1043, "高さ（ｍ）": 519, "測器の深度（ｍ）": 200.0, "維持管理機関名": "防災科学技術研究所", "維持管理機関名（英語）": "NIED", "観測開始年（西暦）": 2000, "同月": 8, "観測機器名または観測項目": "強震計" }, "geometry": { "type": "Point", "coordinates": [ 131.1043, 32.4754 ] } },
{ "type": "Feature", "properties": { "観測の種類": "強震計（地下）", "name": "諸塚", "観測点名ローマ字": "MOROTSUKA", "観測点コード": "MYZH04", "緯度（度）": 32.5181, "経度（度）": 131.3349, "高さ（ｍ）": 250, "測器の深度（ｍ）": 100.0, "維持管理機関名": "防災科学技術研究所", "維持管理機関名（英語）": "NIED", "観測開始年（西暦）": 2000, "同月": 8, "観測機器名または観測項目": "強震計" }, "geometry": { "type": "Point", "coordinates": [ 131.3349, 32.5181 ] } },
{ "type": "Feature", "properties": { "観測の種類": "強震計（地下）", "name": "南郷", "観測点名ローマ字": "NANGOU", "観測点コード": "MYZH05", "緯度（度）": 32.347, "経度（度）": 131.2668, "高さ（ｍ）": 353, "測器の深度（ｍ）": 100.0, "維持管理機関名": "防災科学技術研究所", "維持管理機関名（英語）": "NIED", "観測開始年（西暦）": 2000, "同月": 8, "観測機器名または観測項目": "強震計" }, "geometry": { "type": "Point", "coordinates": [ 131.2668, 32.347 ] } },
{ "type": "Feature", "properties": { "観測の種類": "強震計（地下）", "name": "東郷", "観測点名ローマ字": "TOUGOU", "観測点コード": "MYZH06", "緯度（度）": 32.3607, "経度（度）": 131.4643, "高さ（ｍ）": 100, "測器の深度（ｍ）": 100.0, "維持管理機関名": "防災科学技術研究所", "維持管理機関名（英語）": "NIED", "観測開始年（西暦）": 2000, "同月": 8, "観測機器名または観測項目": "強震計" }, "geometry": { "type": "Point", "coordinates": [ 131.4643, 32.3607 ] } },
{ "type": "Feature", "properties": { "観測の種類": "強震計（地下）", "name": "西米良", "観測点名ローマ字": "NISHIMERA", "観測点コード": "MYZH07", "緯度（度）": 32.1987, "経度（度）": 131.1946, "高さ（ｍ）": 235, "測器の深度（ｍ）": 100.0, "維持管理機関名": "防災科学技術研究所", "維持管理機関名（英語）": "NIED", "観測開始年（西暦）": 2000, "同月": 8, "観測機器名または観測項目": "強震計" }, "geometry": { "type": "Point", "coordinates": [ 131.1946, 32.1987 ] } },
{ "type": "Feature", "properties": { "観測の種類": "強震計（地下）", "name": "川南", "観測点名ローマ字": "KAWAMINAMI", "観測点コード": "MYZH08", "緯度（度）": 32.2132, "経度（度）": 131.5309, "高さ（ｍ）": 68, "測器の深度（ｍ）": 214.0, "維持管理機関名": "防災科学技術研究所", "維持管理機関名（英語）": "NIED", "観測開始年（西暦）": 2000, "同月": 8, "観測機器名または観測項目": "強震計" }, "geometry": { "type": "Point", "coordinates": [ 131.5309, 32.2132 ] } },
{ "type": "Feature", "properties": { "観測の種類": "強震計（地下）", "name": "須木", "観測点名ローマ字": "SUKI", "観測点コード": "MYZH09", "緯度（度）": 32.0421, "経度（度）": 131.0618, "高さ（ｍ）": 335, "測器の深度（ｍ）": 100.0, "維持管理機関名": "防災科学技術研究所", "維持管理機関名（英語）": "NIED", "観測開始年（西暦）": 2000, "同月": 8, "観測機器名または観測項目": "強震計" }, "geometry": { "type": "Point", "coordinates": [ 131.0618, 32.0421 ] } },
{ "type": "Feature", "properties": { "観測の種類": "強震計（地下）", "name": "国富", "観測点名ローマ字": "KUNITOMI", "観測点コード": "MYZH10", "緯度（度）": 32.0215, "経度（度）": 131.29, "高さ（ｍ）": 80, "測器の深度（ｍ）": 100.0, "維持管理機関名": "防災科学技術研究所", "維持管理機関名（英語）": "NIED", "観測開始年（西暦）": 2000, "同月": 8, "観測機器名または観測項目": "強震計" }, "geometry": { "type": "Point", "coordinates": [ 131.29, 32.0215 ] } },
{ "type": "Feature", "properties": { "観測の種類": "強震計（地下）", "name": "佐土原", "観測点名ローマ字": "SADOWARA", "観測点コード": "MYZH11", "緯度（度）": 32.0208, "経度（度）": 131.47, "高さ（ｍ）": 12, "測器の深度（ｍ）": 212.0, "維持管理機関名": "防災科学技術研究所", "維持管理機関名（英語）": "NIED", "観測開始年（西暦）": 2000, "同月": 8, "観測機器名または観測項目": "強震計" }, "geometry": { "type": "Point", "coordinates": [ 131.47, 32.0208 ] } },
{ "type": "Feature", "properties": { "観測の種類": "強震計（地下）", "name": "都城北", "観測点名ローマ字": "MIYAKONOJOU-N", "観測点コード": "MYZH12", "緯度（度）": 31.8643, "経度（度）": 130.9454, "高さ（ｍ）": 525, "測器の深度（ｍ）": 101.0, "維持管理機関名": "防災科学技術研究所", "維持管理機関名（英語）": "NIED", "観測開始年（西暦）": 2000, "同月": 8, "観測機器名または観測項目": "強震計" }, "geometry": { "type": "Point", "coordinates": [ 130.9454, 31.8643 ] } },
{ "type": "Feature", "properties": { "観測の種類": "強震計（地下）", "name": "都城南", "観測点名ローマ字": "MIYAKONOJOU-S", "観測点コード": "MYZH13", "緯度（度）": 31.7301, "経度（度）": 131.0791, "高さ（ｍ）": 152, "測器の深度（ｍ）": 117.0, "維持管理機関名": "防災科学技術研究所", "維持管理機関名（英語）": "NIED", "観測開始年（西暦）": 2000, "同月": 8, "観測機器名または観測項目": "強震計" }, "geometry": { "type": "Point", "coordinates": [ 131.0791, 31.7301 ] } },
{ "type": "Feature", "properties": { "観測の種類": "強震計（地下）", "name": "日南", "観測点名ローマ字": "NICHINAN", "観測点コード": "MYZH14", "緯度（度）": 31.5649, "経度（度）": 131.351, "高さ（ｍ）": 5, "測器の深度（ｍ）": 201.0, "維持管理機関名": "防災科学技術研究所", "維持管理機関名（英語）": "NIED", "観測開始年（西暦）": 2000, "同月": 8, "観測機器名または観測項目": "強震計" }, "geometry": { "type": "Point", "coordinates": [ 131.351, 31.5649 ] } },
{ "type": "Feature", "properties": { "観測の種類": "強震計（地下）", "name": "日向", "観測点名ローマ字": "HYUGA", "観測点コード": "MYZH15", "緯度（度）": 32.3654, "経度（度）": 131.5893, "高さ（ｍ）": 170, "測器の深度（ｍ）": 200.0, "維持管理機関名": "防災科学技術研究所", "維持管理機関名（英語）": "NIED", "観測開始年（西暦）": 2000, "同月": 12, "観測機器名または観測項目": "強震計" }, "geometry": { "type": "Point", "coordinates": [ 131.5893, 32.3654 ] } },
{ "type": "Feature", "properties": { "観測の種類": "強震計（地下）", "name": "延岡", "観測点名ローマ字": "NOBEOKA", "観測点コード": "MYZH16", "緯度（度）": 32.506, "経度（度）": 131.6958, "高さ（ｍ）": 2, "測器の深度（ｍ）": 100.0, "維持管理機関名": "防災科学技術研究所", "維持管理機関名（英語）": "NIED", "観測開始年（西暦）": 2002, "同月": 3, "観測機器名または観測項目": "強震計" }, "geometry": { "type": "Point", "coordinates": [ 131.6958, 32.506 ] } },
{ "type": "Feature", "properties": { "観測の種類": "強震計（地下）", "name": "長島", "観測点名ローマ字": "NAGASHIMA", "観測点コード": "KGSH01", "緯度（度）": 32.1554, "経度（度）": 130.1191, "高さ（ｍ）": 15, "測器の深度（ｍ）": 202.0, "維持管理機関名": "防災科学技術研究所", "維持管理機関名（英語）": "NIED", "観測開始年（西暦）": 2000, "同月": 8, "観測機器名または観測項目": "強震計" }, "geometry": { "type": "Point", "coordinates": [ 130.1191, 32.1554 ] } },
{ "type": "Feature", "properties": { "観測の種類": "強震計（地下）", "name": "阿久根", "観測点名ローマ字": "AKUNE", "観測点コード": "KGSH02", "緯度（度）": 31.994, "経度（度）": 130.2077, "高さ（ｍ）": 41, "測器の深度（ｍ）": 202.0, "維持管理機関名": "防災科学技術研究所", "維持管理機関名（英語）": "NIED", "観測開始年（西暦）": 2000, "同月": 8, "観測機器名または観測項目": "強震計" }, "geometry": { "type": "Point", "coordinates": [ 130.2077, 31.994 ] } },
{ "type": "Feature", "properties": { "観測の種類": "強震計（地下）", "name": "宮之城", "観測点名ローマ字": "MIYANOJOU", "観測点コード": "KGSH03", "緯度（度）": 31.9812, "経度（度）": 130.4438, "高さ（ｍ）": 110, "測器の深度（ｍ）": 100.0, "維持管理機関名": "防災科学技術研究所", "維持管理機関名（英語）": "NIED", "観測開始年（西暦）": 2000, "同月": 8, "観測機器名または観測項目": "強震計" }, "geometry": { "type": "Point", "coordinates": [ 130.4438, 31.9812 ] } },
{ "type": "Feature", "properties": { "観測の種類": "強震計（地下）", "name": "川内", "観測点名ローマ字": "SENDAI", "観測点コード": "KGSH04", "緯度（度）": 31.8374, "経度（度）": 130.3602, "高さ（ｍ）": 14, "測器の深度（ｍ）": 100.0, "維持管理機関名": "防災科学技術研究所", "維持管理機関名（英語）": "NIED", "観測開始年（西暦）": 2000, "同月": 8, "観測機器名または観測項目": "強震計" }, "geometry": { "type": "Point", "coordinates": [ 130.3602, 31.8374 ] } },
{ "type": "Feature", "properties": { "観測の種類": "強震計（地下）", "name": "祁答院", "観測点名ローマ字": "KEDOUIN", "観測点コード": "KGSH05", "緯度（度）": 31.8699, "経度（度）": 130.4958, "高さ（ｍ）": 73, "測器の深度（ｍ）": 107.0, "維持管理機関名": "防災科学技術研究所", "維持管理機関名（英語）": "NIED", "観測開始年（西暦）": 2000, "同月": 8, "観測機器名または観測項目": "強震計" }, "geometry": { "type": "Point", "coordinates": [ 130.4958, 31.8699 ] } },
{ "type": "Feature", "properties": { "観測の種類": "強震計（地下）", "name": "郡山", "観測点名ローマ字": "KOORIYAMA", "観測点コード": "KGSH06", "緯度（度）": 31.6988, "経度（度）": 130.4594, "高さ（ｍ）": 131, "測器の深度（ｍ）": 203.0, "維持管理機関名": "防災科学技術研究所", "維持管理機関名（英語）": "NIED", "観測開始年（西暦）": 2000, "同月": 8, "観測機器名または観測項目": "強震計" }, "geometry": { "type": "Point", "coordinates": [ 130.4594, 31.6988 ] } },
{ "type": "Feature", "properties": { "観測の種類": "強震計（地下）", "name": "姶良", "観測点名ローマ字": "AIRA", "観測点コード": "KGSH07", "緯度（度）": 31.714, "経度（度）": 130.6149, "高さ（ｍ）": 6, "測器の深度（ｍ）": 302.0, "維持管理機関名": "防災科学技術研究所", "維持管理機関名（英語）": "NIED", "観測開始年（西暦）": 2000, "同月": 8, "観測機器名または観測項目": "強震計" }, "geometry": { "type": "Point", "coordinates": [ 130.6149, 31.714 ] } },
{ "type": "Feature", "properties": { "観測の種類": "強震計（地下）", "name": "大隅", "観測点名ローマ字": "OHSUMI", "観測点コード": "KGSH08", "緯度（度）": 31.5618, "経度（度）": 130.9969, "高さ（ｍ）": 97, "測器の深度（ｍ）": 150.0, "維持管理機関名": "防災科学技術研究所", "維持管理機関名（英語）": "NIED", "観測開始年（西暦）": 2000, "同月": 8, "観測機器名または観測項目": "強震計" }, "geometry": { "type": "Point", "coordinates": [ 130.9969, 31.5618 ] } },
{ "type": "Feature", "properties": { "観測の種類": "強震計（地下）", "name": "知覧", "観測点名ローマ字": "CHIRAN", "観測点コード": "KGSH09", "緯度（度）": 31.3741, "経度（度）": 130.4333, "高さ（ｍ）": 119, "測器の深度（ｍ）": 100.0, "維持管理機関名": "防災科学技術研究所", "維持管理機関名（英語）": "NIED", "観測開始年（西暦）": 2000, "同月": 8, "観測機器名または観測項目": "強震計" }, "geometry": { "type": "Point", "coordinates": [ 130.4333, 31.3741 ] } },
{ "type": "Feature", "properties": { "観測の種類": "強震計（地下）", "name": "山川", "観測点名ローマ字": "YAMAKAWA", "観測点コード": "KGSH10", "緯度（度）": 31.2066, "経度（度）": 130.6183, "高さ（ｍ）": 81, "測器の深度（ｍ）": 203.0, "維持管理機関名": "防災科学技術研究所", "維持管理機関名（英語）": "NIED", "観測開始年（西暦）": 2000, "同月": 8, "観測機器名または観測項目": "強震計" }, "geometry": { "type": "Point", "coordinates": [ 130.6183, 31.2066 ] } },
{ "type": "Feature", "properties": { "観測の種類": "強震計（地下）", "name": "佐多", "観測点名ローマ字": "SATA", "観測点コード": "KGSH11", "緯度（度）": 31.0899, "経度（度）": 130.699, "高さ（ｍ）": 87, "測器の深度（ｍ）": 200.0, "維持管理機関名": "防災科学技術研究所", "維持管理機関名（英語）": "NIED", "観測開始年（西暦）": 2000, "同月": 8, "観測機器名または観測項目": "強震計" }, "geometry": { "type": "Point", "coordinates": [ 130.699, 31.0899 ] } },
{ "type": "Feature", "properties": { "観測の種類": "強震計（地下）", "name": "内之浦", "観測点名ローマ字": "UCHINOURA", "観測点コード": "KGSH12", "緯度（度）": 31.2583, "経度（度）": 131.0877, "高さ（ｍ）": 265, "測器の深度（ｍ）": 150.0, "維持管理機関名": "防災科学技術研究所", "維持管理機関名（英語）": "NIED", "観測開始年（西暦）": 2000, "同月": 12, "観測機器名または観測項目": "強震計" }, "geometry": { "type": "Point", "coordinates": [ 131.0877, 31.2583 ] } },
{ "type": "Feature", "properties": { "観測の種類": "強震計（地下）", "name": "鹿屋", "観測点名ローマ字": "KANOYA", "観測点コード": "KGSH13", "緯度（度）": 31.4005, "経度（度）": 130.8541, "高さ（ｍ）": 40, "測器の深度（ｍ）": 101.0, "維持管理機関名": "防災科学技術研究所", "維持管理機関名（英語）": "NIED", "観測開始年（西暦）": 2002, "同月": 3, "観測機器名または観測項目": "強震計" }, "geometry": { "type": "Point", "coordinates": [ 130.8541, 31.4005 ] } },
{ "type": "Feature", "properties": { "観測の種類": "強震計（海底地震）", "name": "C0002", "観測点名ローマ字": "C0002", "観測点コード": "C0002", "緯度（度）": 33.3002, "経度（度）": 136.6358, "高さ（ｍ）": -1938, "測器の深度（ｍ）": -900.0, "維持管理機関名": "海洋研究開発機構", "維持管理機関名（英語）": "JAMSTEC", "観測開始年（西暦）": 2013, "同月": 1, "観測機器名または観測項目": "JA-5H200 加速度計" }, "geometry": { "type": "Point", "coordinates": [ 136.6358, 33.3002 ] } },
{ "type": "Feature", "properties": { "観測の種類": "強震計（海底地震）", "name": "C0010", "観測点名ローマ字": "C0010", "観測点コード": "C0010", "緯度（度）": 33.21, "経度（度）": 136.6865, "高さ（ｍ）": -2523, "測器の深度（ｍ）": -570.0, "維持管理機関名": "海洋研究開発機構", "維持管理機関名（英語）": "JAMSTEC", "観測開始年（西暦）": 2016, "同月": 6, "観測機器名または観測項目": "JA-5H200 加速度計" }, "geometry": { "type": "Point", "coordinates": [ 136.6865, 33.21 ] } },
{ "type": "Feature", "properties": { "観測の種類": "強震計（海底地震）", "name": "C0006", "観測点名ローマ字": "C0006", "観測点コード": "C0006", "緯度（度）": 33.0273, "経度（度）": 136.7941, "高さ（ｍ）": -3874, "測器の深度（ｍ）": -415.0, "維持管理機関名": "海洋研究開発機構", "維持管理機関名（英語）": "JAMSTEC", "観測開始年（西暦）": 2018, "同月": 3, "観測機器名または観測項目": "JA-5H200 加速度計" }, "geometry": { "type": "Point", "coordinates": [ 136.7941, 33.0273 ] } },
{ "type": "Feature", "properties": { "観測の種類": "強震計（地下）", "name": "釧路-UB", "観測点名ローマ字": "Kushiro-UB", "観測点コード": null, "緯度（度）": 42.999, "経度（度）": 144.355, "高さ（ｍ）": null, "測器の深度（ｍ）": 77.45, "維持管理機関名": "国土交通省北海道開発局", "維持管理機関名（英語）": "Hokkaido Regional Development Bureau, Ministry of Land, Infrastructure, Transport and Tourism", "観測開始年（西暦）": 2012, "同月": 3, "観測機器名または観測項目": "SMAC-MDU" }, "geometry": { "type": "Point", "coordinates": [ 144.355, 42.999 ] } },
{ "type": "Feature", "properties": { "観測の種類": "強震計（地下）", "name": "函館-UB", "観測点名ローマ字": "Hakodate-UB", "観測点コード": null, "緯度（度）": 41.782, "経度（度）": 140.727, "高さ（ｍ）": null, "測器の深度（ｍ）": 207.6, "維持管理機関名": "国土交通省北海道開発局", "維持管理機関名（英語）": "Hokkaido Regional Development Bureau, Ministry of Land, Infrastructure, Transport and Tourism", "観測開始年（西暦）": 2006, "同月": 3, "観測機器名または観測項目": "SMAC-MDU" }, "geometry": { "type": "Point", "coordinates": [ 140.727, 41.782 ] } },
{ "type": "Feature", "properties": { "観測の種類": "強震計（地下）", "name": "宮古-OB", "観測点名ローマ字": "Miyako-OB", "観測点コード": null, "緯度（度）": 39.634, "経度（度）": 141.965, "高さ（ｍ）": null, "測器の深度（ｍ）": 47.31, "維持管理機関名": "国土交通省東北地方整備局", "維持管理機関名（英語）": "Tohoku Regional Development Bureau, Ministry of Land, Infrastructure, Transport and Tourism", "観測開始年（西暦）": 2013, "同月": 2, "観測機器名または観測項目": "Omni" }, "geometry": { "type": "Point", "coordinates": [ 141.965, 39.634 ] } },
{ "type": "Feature", "properties": { "観測の種類": "強震計（地下）", "name": "仙台-OB", "観測点名ローマ字": "Sendai-OB", "観測点コード": null, "緯度（度）": 38.273, "経度（度）": 141.003, "高さ（ｍ）": null, "測器の深度（ｍ）": 55.07, "維持管理機関名": "国土交通省東北地方整備局", "維持管理機関名（英語）": "Tohoku Regional Development Bureau, Ministry of Land, Infrastructure, Transport and Tourism", "観測開始年（西暦）": 2013, "同月": 3, "観測機器名または観測項目": "Omni" }, "geometry": { "type": "Point", "coordinates": [ 141.003, 38.273 ] } },
{ "type": "Feature", "properties": { "観測の種類": "強震計（地下）", "name": "常陸那珂-UB", "観測点名ローマ字": "Hitachinaka-UB", "観測点コード": null, "緯度（度）": 36.409, "経度（度）": 140.607, "高さ（ｍ）": null, "測器の深度（ｍ）": 35.0, "維持管理機関名": "国土交通省関東地方整備局", "維持管理機関名（英語）": "Kanto Regional Development Bureau, Ministry of Land, Infrastructure, Transport and Tourism", "観測開始年（西暦）": 2001, "同月": 3, "観測機器名または観測項目": "SMAC-MDU" }, "geometry": { "type": "Point", "coordinates": [ 140.607, 36.409 ] } },
{ "type": "Feature", "properties": { "観測の種類": "強震計（地下）", "name": "鹿島造函-UB", "観測点名ローマ字": "Kashima-zokan-UB", "観測点コード": null, "緯度（度）": 35.934, "経度（度）": 140.693, "高さ（ｍ）": null, "測器の深度（ｍ）": 66.89, "維持管理機関名": "国土交通省関東地方整備局", "維持管理機関名（英語）": "Kanto Regional Development Bureau, Ministry of Land, Infrastructure, Transport and Tourism", "観測開始年（西暦）": 2001, "同月": 3, "観測機器名または観測項目": "SMAC-MDU" }, "geometry": { "type": "Point", "coordinates": [ 140.693, 35.934 ] } },
{ "type": "Feature", "properties": { "観測の種類": "強震計（地下）", "name": "千葉-GB", "観測点名ローマ字": "Chiba-GB", "観測点コード": null, "緯度（度）": 35.602, "経度（度）": 140.103, "高さ（ｍ）": null, "測器の深度（ｍ）": 37.82, "維持管理機関名": "国土交通省関東地方整備局", "維持管理機関名（英語）": "Kanto Regional Development Bureau, Ministry of Land, Infrastructure, Transport and Tourism", "観測開始年（西暦）": 1997, "同月": 7, "観測機器名または観測項目": "ERS-GV" }, "geometry": { "type": "Point", "coordinates": [ 140.103, 35.602 ] } },
{ "type": "Feature", "properties": { "観測の種類": "強震計（地下）", "name": "品川-UB", "観測点名ローマ字": "Shinagawa-UB", "観測点コード": null, "緯度（度）": 35.626, "経度（度）": 139.758, "高さ（ｍ）": null, "測器の深度（ｍ）": 36.27, "維持管理機関名": "東京都港湾局", "維持管理機関名（英語）": "Harbour Bureau, Tokyo Metropolitan Government", "観測開始年（西暦）": 2007, "同月": 3, "観測機器名または観測項目": "SMAC-MDU" }, "geometry": { "type": "Point", "coordinates": [ 139.758, 35.626 ] } },
{ "type": "Feature", "properties": { "観測の種類": "強震計（地下）", "name": "東雲-UB33", "観測点名ローマ字": "Shinonome-UB33", "観測点コード": null, "緯度（度）": 35.648, "経度（度）": 139.799, "高さ（ｍ）": null, "測器の深度（ｍ）": 33.0, "維持管理機関名": "東京都港湾局", "維持管理機関名（英語）": "Harbour Bureau, Tokyo Metropolitan Government", "観測開始年（西暦）": 2015, "同月": 3, "観測機器名または観測項目": "SMAC-MDU" }, "geometry": { "type": "Point", "coordinates": [ 139.799, 35.648 ] } },
{ "type": "Feature", "properties": { "観測の種類": "強震計（地下）", "name": "東雲-UB83", "観測点名ローマ字": "Shinonome-UB83", "観測点コード": null, "緯度（度）": 35.648, "経度（度）": 139.799, "高さ（ｍ）": null, "測器の深度（ｍ）": 83.0, "維持管理機関名": "東京都港湾局", "維持管理機関名（英語）": "Harbour Bureau, Tokyo Metropolitan Government", "観測開始年（西暦）": 2015, "同月": 3, "観測機器名または観測項目": "SMAC-MDU" }, "geometry": { "type": "Point", "coordinates": [ 139.799, 35.648 ] } },
{ "type": "Feature", "properties": { "観測の種類": "強震計（地下）", "name": "新木場-UB65", "観測点名ローマ字": "Shinkiba-UB65", "観測点コード": null, "緯度（度）": 35.636, "経度（度）": 139.837, "高さ（ｍ）": null, "測器の深度（ｍ）": 65.0, "維持管理機関名": "東京都港湾局", "維持管理機関名（英語）": "Harbour Bureau, Tokyo Metropolitan Government", "観測開始年（西暦）": 2015, "同月": 3, "観測機器名または観測項目": "SMAC-MDU" }, "geometry": { "type": "Point", "coordinates": [ 139.837, 35.636 ] } },
{ "type": "Feature", "properties": { "観測の種類": "強震計（地下）", "name": "若洲-UB60", "観測点名ローマ字": "Wakasu-UB60", "観測点コード": null, "緯度（度）": 35.629, "経度（度）": 139.836, "高さ（ｍ）": null, "測器の深度（ｍ）": 60.0, "維持管理機関名": "東京都港湾局", "維持管理機関名（英語）": "Harbour Bureau, Tokyo Metropolitan Government", "観測開始年（西暦）": 2015, "同月": 3, "観測機器名または観測項目": "SMAC-MDU" }, "geometry": { "type": "Point", "coordinates": [ 139.836, 35.629 ] } },
{ "type": "Feature", "properties": { "観測の種類": "強震計（地下）", "name": "東京ｹﾞｰﾄﾌﾞﾘｯｼﾞ-UB", "観測点名ローマ字": "Tokyo-Gate-Bridge-UB", "観測点コード": null, "緯度（度）": 35.616, "経度（度）": 139.833, "高さ（ｍ）": null, "測器の深度（ｍ）": 84.0, "維持管理機関名": "東京都港湾局", "維持管理機関名（英語）": "Harbour Bureau, Tokyo Metropolitan Government", "観測開始年（西暦）": 2015, "同月": 3, "観測機器名または観測項目": "SMAC-MDU" }, "geometry": { "type": "Point", "coordinates": [ 139.833, 35.616 ] } },
{ "type": "Feature", "properties": { "観測の種類": "強震計（地下）", "name": "中央防波堤-UB", "観測点名ローマ字": "Chuou-Bouhatei-UB", "観測点コード": null, "緯度（度）": 35.609, "経度（度）": 139.815, "高さ（ｍ）": null, "測器の深度（ｍ）": 90.0, "維持管理機関名": "東京都港湾局", "維持管理機関名（英語）": "Harbour Bureau, Tokyo Metropolitan Government", "観測開始年（西暦）": 2015, "同月": 3, "観測機器名または観測項目": "SMAC-MDU" }, "geometry": { "type": "Point", "coordinates": [ 139.815, 35.609 ] } },
{ "type": "Feature", "properties": { "観測の種類": "強震計（地下）", "name": "八潮-UB51", "観測点名ローマ字": "Yashio-UB51", "観測点コード": null, "緯度（度）": 35.605, "経度（度）": 139.761, "高さ（ｍ）": null, "測器の深度（ｍ）": 51.0, "維持管理機関名": "東京都港湾局", "維持管理機関名（英語）": "Harbour Bureau, Tokyo Metropolitan Government", "観測開始年（西暦）": 2015, "同月": 3, "観測機器名または観測項目": "SMAC-MDU" }, "geometry": { "type": "Point", "coordinates": [ 139.761, 35.605 ] } },
{ "type": "Feature", "properties": { "観測の種類": "強震計（地下）", "name": "有明-VB36", "観測点名ローマ字": "Ariake-VB36", "観測点コード": null, "緯度（度）": 35.623, "経度（度）": 139.79, "高さ（ｍ）": null, "測器の深度（ｍ）": 36.0, "維持管理機関名": "東京都港湾局", "維持管理機関名（英語）": "Harbour Bureau, Tokyo Metropolitan Government", "観測開始年（西暦）": 2017, "同月": 4, "観測機器名または観測項目": "SAMTAC" }, "geometry": { "type": "Point", "coordinates": [ 139.79, 35.623 ] } },
{ "type": "Feature", "properties": { "観測の種類": "強震計（地下）", "name": "有明-VB75", "観測点名ローマ字": "Ariake-VB75", "観測点コード": null, "緯度（度）": 35.623, "経度（度）": 139.79, "高さ（ｍ）": null, "測器の深度（ｍ）": 75.0, "維持管理機関名": "東京都港湾局", "維持管理機関名（英語）": "Harbour Bureau, Tokyo Metropolitan Government", "観測開始年（西暦）": 2017, "同月": 4, "観測機器名または観測項目": "SAMTAC" }, "geometry": { "type": "Point", "coordinates": [ 139.79, 35.623 ] } },
{ "type": "Feature", "properties": { "観測の種類": "強震計（地下）", "name": "夢の島-AB89", "観測点名ローマ字": "Yumenoshima-AB89", "観測点コード": null, "緯度（度）": 35.649, "経度（度）": 139.837, "高さ（ｍ）": null, "測器の深度（ｍ）": 89.0, "維持管理機関名": "東京都港湾局", "維持管理機関名（英語）": "Harbour Bureau, Tokyo Metropolitan Government", "観測開始年（西暦）": 2017, "同月": 4, "観測機器名または観測項目": "SAMTAC" }, "geometry": { "type": "Point", "coordinates": [ 139.837, 35.649 ] } },
{ "type": "Feature", "properties": { "観測の種類": "強震計（地下）", "name": "興津-UB", "観測点名ローマ字": "Okitsu-UB", "観測点コード": null, "緯度（度）": 35.043, "経度（度）": 138.51, "高さ（ｍ）": null, "測器の深度（ｍ）": 31.1, "維持管理機関名": "国土交通省中部地方整備局", "維持管理機関名（英語）": "Chubu Regional Development Bureau, Ministry of Land, Infrastructure, Transport and Tourism", "観測開始年（西暦）": 2013, "同月": 6, "観測機器名または観測項目": "SMAC-MDU" }, "geometry": { "type": "Point", "coordinates": [ 138.51, 35.043 ] } },
{ "type": "Feature", "properties": { "観測の種類": "強震計（地下）", "name": "名古屋南浜-UB", "観測点名ローマ字": "Nagoya-minamihama-UB", "観測点コード": null, "緯度（度）": 34.986, "経度（度）": 136.837, "高さ（ｍ）": null, "測器の深度（ｍ）": 41.0, "維持管理機関名": "国土交通省中部地方整備局", "維持管理機関名（英語）": "Chubu Regional Development Bureau, Ministry of Land, Infrastructure, Transport and Tourism", "観測開始年（西暦）": 2013, "同月": 11, "観測機器名または観測項目": "SMAC-MDU" }, "geometry": { "type": "Point", "coordinates": [ 136.837, 34.986 ] } },
{ "type": "Feature", "properties": { "観測の種類": "強震計（地下）", "name": "名古屋飛島-UB", "観測点名ローマ字": "Nagoya-tobishima-UB", "観測点コード": null, "緯度（度）": 35.029, "経度（度）": 136.818, "高さ（ｍ）": null, "測器の深度（ｍ）": 70.0, "維持管理機関名": "国土交通省中部地方整備局", "維持管理機関名（英語）": "Chubu Regional Development Bureau, Ministry of Land, Infrastructure, Transport and Tourism", "観測開始年（西暦）": 2007, "同月": 2, "観測機器名または観測項目": "SMAC-MDU" }, "geometry": { "type": "Point", "coordinates": [ 136.818, 35.029 ] } },
{ "type": "Feature", "properties": { "観測の種類": "強震計（地下）", "name": "四日市-UB", "観測点名ローマ字": "Yokkaichi-UB", "観測点コード": null, "緯度（度）": 34.989, "経度（度）": 136.665, "高さ（ｍ）": null, "測器の深度（ｍ）": 43.0, "維持管理機関名": "国土交通省中部地方整備局", "維持管理機関名（英語）": "Chubu Regional Development Bureau, Ministry of Land, Infrastructure, Transport and Tourism", "観測開始年（西暦）": 2008, "同月": 1, "観測機器名または観測項目": "SMAC-MDU" }, "geometry": { "type": "Point", "coordinates": [ 136.665, 34.989 ] } },
{ "type": "Feature", "properties": { "観測の種類": "強震計（地下）", "name": "和歌山-KB", "観測点名ローマ字": "Wakayama-KB", "観測点コード": null, "緯度（度）": 34.217, "経度（度）": 135.145, "高さ（ｍ）": null, "測器の深度（ｍ）": 40.0, "維持管理機関名": "国土交通省近畿地方整備局", "維持管理機関名（英語）": "Kinki Regional Development Bureau, Ministry of Land, Infrastructure, Transport and Tourism", "観測開始年（西暦）": 2021, "同月": 12, "観測機器名または観測項目": "Obsidian" }, "geometry": { "type": "Point", "coordinates": [ 135.145, 34.217 ] } },
{ "type": "Feature", "properties": { "観測の種類": "強震計（地下）", "name": "神戸-GB80", "観測点名ローマ字": "Kobe-GB80", "観測点コード": null, "緯度（度）": 34.69, "経度（度）": 135.207, "高さ（ｍ）": null, "測器の深度（ｍ）": 80.0, "維持管理機関名": "国土交通省近畿地方整備局", "維持管理機関名（英語）": "Kinki Regional Development Bureau, Ministry of Land, Infrastructure, Transport and Tourism", "観測開始年（西暦）": 1996, "同月": 3, "観測機器名または観測項目": "ERS-GV" }, "geometry": { "type": "Point", "coordinates": [ 135.207, 34.69 ] } },
{ "type": "Feature", "properties": { "観測の種類": "強震計（地下）", "name": "神戸港島-OB32 ", "観測点名ローマ字": "Kobe-minatojima-OB32", "観測点コード": null, "緯度（度）": 34.673, "経度（度）": 135.205, "高さ（ｍ）": null, "測器の深度（ｍ）": 32.0, "維持管理機関名": "神戸市都市局", "維持管理機関名（英語）": "Urban Planning Bureau, City of Kobe", "観測開始年（西暦）": 1995, "同月": 1, "観測機器名または観測項目": "Omni" }, "geometry": { "type": "Point", "coordinates": [ 135.205, 34.673 ] } },
{ "type": "Feature", "properties": { "観測の種類": "強震計（地下）", "name": "神戸港島-OB83 ", "観測点名ローマ字": "Kobe-minatojima-OB83", "観測点コード": null, "緯度（度）": 34.673, "経度（度）": 135.205, "高さ（ｍ）": null, "測器の深度（ｍ）": 83.0, "維持管理機関名": "神戸市都市局", "維持管理機関名（英語）": "Urban Planning Bureau, City of Kobe", "観測開始年（西暦）": 1995, "同月": 1, "観測機器名または観測項目": "Omni" }, "geometry": { "type": "Point", "coordinates": [ 135.205, 34.673 ] } },
{ "type": "Feature", "properties": { "観測の種類": "強震計（地下）", "name": "神戸向洋-OB35 ", "観測点名ローマ字": "Kobe-koyo-OB35", "観測点コード": null, "緯度（度）": 34.691, "経度（度）": 135.263, "高さ（ｍ）": null, "測器の深度（ｍ）": 35.0, "維持管理機関名": "神戸市都市局", "維持管理機関名（英語）": "Urban Planning Bureau, City of Kobe", "観測開始年（西暦）": 1995, "同月": 1, "観測機器名または観測項目": "Omni" }, "geometry": { "type": "Point", "coordinates": [ 135.263, 34.691 ] } },
{ "type": "Feature", "properties": { "観測の種類": "強震計（地下）", "name": "神戸向洋-OB97 ", "観測点名ローマ字": "Kobe-koyo-OB97", "観測点コード": null, "緯度（度）": 34.691, "経度（度）": 135.263, "高さ（ｍ）": null, "測器の深度（ｍ）": 97.0, "維持管理機関名": "神戸市都市局", "維持管理機関名（英語）": "Urban Planning Bureau, City of Kobe", "観測開始年（西暦）": 1995, "同月": 1, "観測機器名または観測項目": "Omni" }, "geometry": { "type": "Point", "coordinates": [ 135.263, 34.691 ] } },
{ "type": "Feature", "properties": { "観測の種類": "強震計（地下）", "name": "神戸向洋-OB154 ", "観測点名ローマ字": "Kobe-koyo-OB154", "観測点コード": null, "緯度（度）": 34.691, "経度（度）": 135.263, "高さ（ｍ）": null, "測器の深度（ｍ）": 154.0, "維持管理機関名": "神戸市都市局", "維持管理機関名（英語）": "Urban Planning Bureau, City of Kobe", "観測開始年（西暦）": 1995, "同月": 1, "観測機器名または観測項目": "Omni" }, "geometry": { "type": "Point", "coordinates": [ 135.263, 34.691 ] } },
{ "type": "Feature", "properties": { "観測の種類": "強震計（地下）", "name": "神戸港島沖-OB128 ", "観測点名ローマ字": "Kobe-minatojimaoki-OB128", "観測点コード": null, "緯度（度）": 34.637, "経度（度）": 135.23, "高さ（ｍ）": null, "測器の深度（ｍ）": 128.0, "維持管理機関名": "神戸市港湾局", "維持管理機関名（英語）": "Port And Harbor Bureau, City of Kobe", "観測開始年（西暦）": 2006, "同月": 2, "観測機器名または観測項目": "Omni" }, "geometry": { "type": "Point", "coordinates": [ 135.23, 34.637 ] } },
{ "type": "Feature", "properties": { "観測の種類": "強震計（地下）", "name": "博多-UB", "観測点名ローマ字": "Hakata-UB", "観測点コード": null, "緯度（度）": 33.662, "経度（度）": 130.404, "高さ（ｍ）": null, "測器の深度（ｍ）": 35.4, "維持管理機関名": "国土交通省九州地方整備局", "維持管理機関名（英語）": "Kyushu Regional Development Bureau, Ministry of Land, Infrastructure, Transport and Tourism", "観測開始年（西暦）": 2006, "同月": 4, "観測機器名または観測項目": "SMAC-MDU" }, "geometry": { "type": "Point", "coordinates": [ 130.404, 33.662 ] } },
{ "type": "Feature", "properties": { "観測の種類": "強震計（地下）", "name": "八代-CB", "観測点名ローマ字": "Yatsushiro-CB", "観測点コード": null, "緯度（度）": 32.512, "経度（度）": 130.568, "高さ（ｍ）": null, "測器の深度（ｍ）": 34.43, "維持管理機関名": "国土交通省九州地方整備局", "維持管理機関名（英語）": "Kyushu Regional Development Bureau, Ministry of Land, Infrastructure, Transport and Tourism", "観測開始年（西暦）": 2023, "同月": 3, "観測機器名または観測項目": "CV-375AR" }, "geometry": { "type": "Point", "coordinates": [ 130.568, 32.512 ] } },
{ "type": "Feature", "properties": { "観測の種類": "強震計（地下）", "name": "富山-OB", "観測点名ローマ字": "Toyama-OB", "観測点コード": null, "緯度（度）": 36.775, "経度（度）": 137.111, "高さ（ｍ）": null, "測器の深度（ｍ）": 72.4, "維持管理機関名": "国土交通省北陸地方整備局", "維持管理機関名（英語）": "Hokuriku Regional Development Bureau, Ministry of Land, Infrastructure, Transport and Tourism", "観測開始年（西暦）": 2014, "同月": 10, "観測機器名または観測項目": "Omni" }, "geometry": { "type": "Point", "coordinates": [ 137.111, 36.775 ] } },
{ "type": "Feature", "properties": { "観測の種類": "強震計（地下）", "name": "那覇-OB", "観測点名ローマ字": "Naha-OB", "観測点コード": null, "緯度（度）": 26.243, "経度（度）": 127.68, "高さ（ｍ）": null, "測器の深度（ｍ）": 46.5, "維持管理機関名": "内閣府沖縄総合事務局", "維持管理機関名（英語）": "Okinawa General Bureau, Cabinet Office", "観測開始年（西暦）": 2016, "同月": 12, "観測機器名または観測項目": "Omni" }, "geometry": { "type": "Point", "coordinates": [ 127.68, 26.243 ] } }
]
}
