{
"type": "FeatureCollection",
"name": "検潮・津波観測施設",
"crs": { "type": "name", "properties": { "name": "urn:ogc:def:crs:OGC:1.3:CRS84" } },
"features": [
{ "type": "Feature", "properties": { "観測の種類": "験潮", "name": "えりも ERM", "観測点名ローマ字": null, "観測点コード": null, "緯度（度）": 42.0178, "経度（度）": 143.1417, "高さ（ｍ）": 0.0, "測器の深度（ｍ）": null, "維持管理機関名": "北海道大学大学院理学研究院", "維持管理機関名（英語）": null, "観測開始年（西暦）": 1998, "同月": 3, "観測機器名または観測項目": null }, "geometry": { "type": "Point", "coordinates": [ 143.1417, 42.0178 ] } },
{ "type": "Feature", "properties": { "観測の種類": "津波計", "name": "三陸沖１", "観測点名ローマ字": null, "観測点コード": "E.TM1", "緯度（度）": 39.2312, "経度（度）": 142.7684, "高さ（ｍ）": null, "測器の深度（ｍ）": "1618", "維持管理機関名": "東京大学地震研究所", "維持管理機関名（英語）": null, "観測開始年（西暦）": 1996, "同月": 6, "観測機器名または観測項目": null }, "geometry": { "type": "Point", "coordinates": [ 142.7684, 39.2312 ] } },
{ "type": "Feature", "properties": { "観測の種類": "津波計", "name": "三陸沖２", "観測点名ローマ字": null, "観測点コード": "E.TM2", "緯度（度）": 39.2489, "経度（度）": 142.4411, "高さ（ｍ）": null, "測器の深度（ｍ）": "1013", "維持管理機関名": "東京大学地震研究所", "維持管理機関名（英語）": null, "観測開始年（西暦）": 1996, "同月": 6, "観測機器名または観測項目": null }, "geometry": { "type": "Point", "coordinates": [ 142.4411, 39.2489 ] } },
{ "type": "Feature", "properties": { "観測の種類": "津波観測", "name": "相模１", "観測点名ローマ字": "SAGAMI-1", "観測点コード": "VCM1", "緯度（度）": 34.5954, "経度（度）": 139.9198, "高さ（ｍ）": -2125.0, "測器の深度（ｍ）": null, "維持管理機関名": "防災科学技術研究所", "維持管理機関名（英語）": "NIED", "観測開始年（西暦）": 1996, "同月": 6, "観測機器名または観測項目": "津波" }, "geometry": { "type": "Point", "coordinates": [ 139.9198, 34.5954 ] } },
{ "type": "Feature", "properties": { "観測の種類": "津波観測", "name": "相模２", "観測点名ローマ字": "SAGAMI-2", "観測点コード": "VCM2", "緯度（度）": 34.8112, "経度（度）": 139.6035, "高さ（ｍ）": -2165.0, "測器の深度（ｍ）": null, "維持管理機関名": "防災科学技術研究所", "維持管理機関名（英語）": "NIED", "観測開始年（西暦）": 1996, "同月": 6, "観測機器名または観測項目": "津波" }, "geometry": { "type": "Point", "coordinates": [ 139.6035, 34.8112 ] } },
{ "type": "Feature", "properties": { "観測の種類": "津波観測", "name": "相模３", "観測点名ローマ字": "SAGAMI-3", "観測点コード": "VCM3", "緯度（度）": 35.0713, "経度（度）": 139.3907, "高さ（ｍ）": -875.0, "測器の深度（ｍ）": null, "維持管理機関名": "防災科学技術研究所", "維持管理機関名（英語）": "NIED", "観測開始年（西暦）": 1996, "同月": 6, "観測機器名または観測項目": "津波" }, "geometry": { "type": "Point", "coordinates": [ 139.3907, 35.0713 ] } },
{ "type": "Feature", "properties": { "観測の種類": "津波計", "name": "ＤＯＮＥＴＡ3津波計", "観測点名ローマ字": "DONET A3PG", "観測点コード": "KMA03.HDF", "緯度（度）": 33.6484, "経度（度）": 136.6037, "高さ（ｍ）": -2063.0, "測器の深度（ｍ）": null, "維持管理機関名": "防災科学技術研究所", "維持管理機関名（英語）": "NIED", "観測開始年（西暦）": 2010, "同月": 3, "観測機器名または観測項目": "水晶水圧計" }, "geometry": { "type": "Point", "coordinates": [ 136.6037, 33.6484 ] } },
{ "type": "Feature", "properties": { "観測の種類": "津波計", "name": "ＤＯＮＥＴＡ2津波計", "観測点名ローマ字": "DONET A2PG", "観測点コード": "KMA02.HDF", "緯度（度）": 33.7524, "経度（度）": 136.6488, "高さ（ｍ）": -2011.0, "測器の深度（ｍ）": null, "維持管理機関名": "防災科学技術研究所", "維持管理機関名（英語）": "NIED", "観測開始年（西暦）": 2010, "同月": 10, "観測機器名または観測項目": "水晶水圧計" }, "geometry": { "type": "Point", "coordinates": [ 136.6488, 33.7524 ] } },
{ "type": "Feature", "properties": { "観測の種類": "津波計", "name": "ＤＯＮＥＴＡ4津波計", "観測点名ローマ字": "DONET A4PG", "観測点コード": "KMA04.HDF", "緯度（度）": 33.6781, "経度（度）": 136.4674, "高さ（ｍ）": -2054.0, "測器の深度（ｍ）": null, "維持管理機関名": "防災科学技術研究所", "維持管理機関名（英語）": "NIED", "観測開始年（西暦）": 2010, "同月": 10, "観測機器名または観測項目": "水晶水圧計" }, "geometry": { "type": "Point", "coordinates": [ 136.4674, 33.6781 ] } },
{ "type": "Feature", "properties": { "観測の種類": "津波計", "name": "ＤＯＮＥＴD16津波計", "観測点名ローマ字": "DONET D16PG", "観測点コード": "KMD16.HDF", "緯度（度）": 33.3045, "経度（度）": 136.5958, "高さ（ｍ）": -1970.0, "測器の深度（ｍ）": null, "維持管理機関名": "防災科学技術研究所", "維持管理機関名（英語）": "NIED", "観測開始年（西暦）": 2010, "同月": 10, "観測機器名または観測項目": "水晶水圧計" }, "geometry": { "type": "Point", "coordinates": [ 136.5958, 33.3045 ] } },
{ "type": "Feature", "properties": { "観測の種類": "津波計", "name": "ＤＯＮＥＴE17津波計", "観測点名ローマ字": "DONET E17PG", "観測点コード": "KME17.HDF", "緯度（度）": 33.485, "経度（度）": 136.4451, "高さ（ｍ）": -2054.0, "測器の深度（ｍ）": null, "維持管理機関名": "防災科学技術研究所", "維持管理機関名（英語）": "NIED", "観測開始年（西暦）": 2010, "同月": 10, "観測機器名または観測項目": "水晶水圧計" }, "geometry": { "type": "Point", "coordinates": [ 136.4451, 33.485 ] } },
{ "type": "Feature", "properties": { "観測の種類": "津波計", "name": "ＤＯＮＥＴB6津波計", "観測点名ローマ字": "DONET B6PG", "観測点コード": "KMB06.HDF", "緯度（度）": 33.3584, "経度（度）": 136.9216, "高さ（ｍ）": -2499.0, "測器の深度（ｍ）": null, "維持管理機関名": "防災科学技術研究所", "維持管理機関名（英語）": "NIED", "観測開始年（西暦）": 2011, "同月": 1, "観測機器名または観測項目": "水晶水圧計" }, "geometry": { "type": "Point", "coordinates": [ 136.9216, 33.3584 ] } },
{ "type": "Feature", "properties": { "観測の種類": "津波計", "name": "ＤＯＮＥＴB8津波計", "観測点名ローマ字": "DONET B8PG", "観測点コード": "KMB08.HDF", "緯度（度）": 33.4664, "経度（度）": 136.8039, "高さ（ｍ）": -1924.0, "測器の深度（ｍ）": null, "維持管理機関名": "防災科学技術研究所", "維持管理機関名（英語）": "NIED", "観測開始年（西暦）": 2011, "同月": 1, "観測機器名または観測項目": "水晶水圧計" }, "geometry": { "type": "Point", "coordinates": [ 136.8039, 33.4664 ] } },
{ "type": "Feature", "properties": { "観測の種類": "津波計", "name": "ＤＯＮＥＴE18津波計", "観測点名ローマ字": "DONET E18PG", "観測点コード": "KME18.HDF", "緯度（度）": 33.386, "経度（度）": 136.3828, "高さ（ｍ）": -2052.0, "測器の深度（ｍ）": null, "維持管理機関名": "防災科学技術研究所", "維持管理機関名（英語）": "NIED", "観測開始年（西暦）": 2011, "同月": 1, "観測機器名または観測項目": "水晶水圧計" }, "geometry": { "type": "Point", "coordinates": [ 136.3828, 33.386 ] } },
{ "type": "Feature", "properties": { "観測の種類": "津波計", "name": "ＤＯＮＥＴB5津波計", "観測点名ローマ字": "DONET B5PG", "観測点コード": "KMB05.HDF", "緯度（度）": 33.4772, "経度（度）": 136.9264, "高さ（ｍ）": -1998.0, "測器の深度（ｍ）": null, "維持管理機関名": "防災科学技術研究所", "維持管理機関名（英語）": "NIED", "観測開始年（西暦）": 2011, "同月": 3, "観測機器名または観測項目": "水晶水圧計" }, "geometry": { "type": "Point", "coordinates": [ 136.9264, 33.4772 ] } },
{ "type": "Feature", "properties": { "観測の種類": "津波計", "name": "ＤＯＮＥＴC9津波計", "観測点名ローマ字": "DONET C9PG", "観測点コード": "KMC09.HDF", "緯度（度）": 33.0584, "経度（度）": 136.8313, "高さ（ｍ）": -3511.0, "測器の深度（ｍ）": null, "維持管理機関名": "防災科学技術研究所", "維持管理機関名（英語）": "NIED", "観測開始年（西暦）": 2011, "同月": 3, "観測機器名または観測項目": "水晶水圧計" }, "geometry": { "type": "Point", "coordinates": [ 136.8313, 33.0584 ] } },
{ "type": "Feature", "properties": { "観測の種類": "津波計", "name": "ＤＯＮＥＴD14津波計", "観測点名ローマ字": "DONET D14PG", "観測点コード": "KMD14.HDF", "緯度（度）": 33.1727, "経度（度）": 136.577, "高さ（ｍ）": -2350.0, "測器の深度（ｍ）": null, "維持管理機関名": "防災科学技術研究所", "維持管理機関名（英語）": "NIED", "観測開始年（西暦）": 2011, "同月": 3, "観測機器名または観測項目": "水晶水圧計" }, "geometry": { "type": "Point", "coordinates": [ 136.577, 33.1727 ] } },
{ "type": "Feature", "properties": { "観測の種類": "津波計", "name": "ＤＯＮＥＴＡ1津波計", "観測点名ローマ字": "DONET A1PG", "観測点コード": "KMA01.HDF", "緯度（度）": 33.8048, "経度（度）": 136.557, "高さ（ｍ）": -2039.0, "測器の深度（ｍ）": null, "維持管理機関名": "防災科学技術研究所", "維持管理機関名（英語）": "NIED", "観測開始年（西暦）": 2011, "同月": 5, "観測機器名または観測項目": "水晶水圧計" }, "geometry": { "type": "Point", "coordinates": [ 136.557, 33.8048 ] } },
{ "type": "Feature", "properties": { "観測の種類": "津波計", "name": "ＤＯＮＥＴB7津波計", "観測点名ローマ字": "DONET B7PG", "観測点コード": "KMB07.HDF", "緯度（度）": 33.3613, "経度（度）": 136.8072, "高さ（ｍ）": -1980.0, "測器の深度（ｍ）": null, "維持管理機関名": "防災科学技術研究所", "維持管理機関名（英語）": "NIED", "観測開始年（西暦）": 2011, "同月": 5, "観測機器名または観測項目": "水晶水圧計" }, "geometry": { "type": "Point", "coordinates": [ 136.8072, 33.3613 ] } },
{ "type": "Feature", "properties": { "観測の種類": "津波計", "name": "ＤＯＮＥＴD13津波計", "観測点名ローマ字": "DONET D13PG", "観測点コード": "KMD13.HDF", "緯度（度）": 33.2201, "経度（度）": 136.6903, "高さ（ｍ）": -2441.0, "測器の深度（ｍ）": null, "維持管理機関名": "防災科学技術研究所", "維持管理機関名（英語）": "NIED", "観測開始年（西暦）": 2011, "同月": 5, "観測機器名または観測項目": "水晶水圧計" }, "geometry": { "type": "Point", "coordinates": [ 136.6903, 33.2201 ] } },
{ "type": "Feature", "properties": { "観測の種類": "津波計", "name": "ＤＯＮＥＴD15津波計", "観測点名ローマ字": "DONET D15PG", "観測点コード": "KMD15.HDF", "緯度（度）": 33.2331, "経度（度）": 136.5631, "高さ（ｍ）": -1909.0, "測器の深度（ｍ）": null, "維持管理機関名": "防災科学技術研究所", "維持管理機関名（英語）": "NIED", "観測開始年（西暦）": 2011, "同月": 5, "観測機器名または観測項目": "水晶水圧計" }, "geometry": { "type": "Point", "coordinates": [ 136.5631, 33.2331 ] } },
{ "type": "Feature", "properties": { "観測の種類": "津波計", "name": "ＤＯＮＥＴE19津波計", "観測点名ローマ字": "DONET E19PG", "観測点コード": "KME19.HDF", "緯度（度）": 33.4459, "経度（度）": 136.2564, "高さ（ｍ）": -1909.0, "測器の深度（ｍ）": null, "維持管理機関名": "防災科学技術研究所", "維持管理機関名（英語）": "NIED", "観測開始年（西暦）": 2011, "同月": 5, "観測機器名または観測項目": "水晶水圧計" }, "geometry": { "type": "Point", "coordinates": [ 136.2564, 33.4459 ] } },
{ "type": "Feature", "properties": { "観測の種類": "津波計", "name": "ＤＯＮＥＴE20津波計", "観測点名ローマ字": "DONET E20PG", "観測点コード": "KME20.HDF", "緯度（度）": 33.5444, "経度（度）": 136.3325, "高さ（ｍ）": -1977.0, "測器の深度（ｍ）": null, "維持管理機関名": "防災科学技術研究所", "維持管理機関名（英語）": "NIED", "観測開始年（西暦）": 2011, "同月": 5, "観測機器名または観測項目": "水晶水圧計" }, "geometry": { "type": "Point", "coordinates": [ 136.3325, 33.5444 ] } },
{ "type": "Feature", "properties": { "観測の種類": "津波計", "name": "ＤＯＮＥＴC10津波計", "観測点名ローマ字": "DONET C10PG", "観測点コード": "KMC10.HDF", "緯度（度）": 33.0533, "経度（度）": 136.9335, "高さ（ｍ）": -4247.0, "測器の深度（ｍ）": null, "維持管理機関名": "防災科学技術研究所", "維持管理機関名（英語）": "NIED", "観測開始年（西暦）": 2011, "同月": 7, "観測機器名または観測項目": "水晶水圧計" }, "geometry": { "type": "Point", "coordinates": [ 136.9335, 33.0533 ] } },
{ "type": "Feature", "properties": { "観測の種類": "津波計", "name": "ＤＯＮＥＴC11津波計", "観測点名ローマ字": "DONET C11PG", "観測点コード": "KMC11.HDF", "緯度（度）": 33.0033, "経度（度）": 136.779, "高さ（ｍ）": -4378.0, "測器の深度（ｍ）": null, "維持管理機関名": "防災科学技術研究所", "維持管理機関名（英語）": "NIED", "観測開始年（西暦）": 2011, "同月": 7, "観測機器名または観測項目": "水晶水圧計" }, "geometry": { "type": "Point", "coordinates": [ 136.779, 33.0033 ] } },
{ "type": "Feature", "properties": { "観測の種類": "津波計", "name": "ＤＯＮＥＴC12津波計", "観測点名ローマ字": "DONET C12PG", "観測点コード": "KMC12.HDF", "緯度（度）": 33.1279, "経度（度）": 136.8188, "高さ（ｍ）": -3784.0, "測器の深度（ｍ）": null, "維持管理機関名": "防災科学技術研究所", "維持管理機関名（英語）": "NIED", "観測開始年（西暦）": 2011, "同月": 7, "観測機器名または観測項目": "水晶水圧計" }, "geometry": { "type": "Point", "coordinates": [ 136.8188, 33.1279 ] } },
{ "type": "Feature", "properties": { "観測の種類": "津波計", "name": "ＤＯＮＥＴ2 A1津波計", "観測点名ローマ字": "DONET2 A1PG", "観測点コード": "MRA01.HDF", "緯度（度）": 33.4085, "経度（度）": 134.7449, "高さ（ｍ）": -1375.0, "測器の深度（ｍ）": null, "維持管理機関名": "防災科学技術研究所", "維持管理機関名（英語）": "NIED", "観測開始年（西暦）": 2014, "同月": 9, "観測機器名または観測項目": "水晶水圧計" }, "geometry": { "type": "Point", "coordinates": [ 134.7449, 33.4085 ] } },
{ "type": "Feature", "properties": { "観測の種類": "津波計", "name": "ＤＯＮＥＴ2 A2津波計", "観測点名ローマ字": "DONET2 A2PG", "観測点コード": "MRA02.HDF", "緯度（度）": 33.3393, "経度（度）": 134.8641, "高さ（ｍ）": -1360.0, "測器の深度（ｍ）": null, "維持管理機関名": "防災科学技術研究所", "維持管理機関名（英語）": "NIED", "観測開始年（西暦）": 2015, "同月": 4, "観測機器名または観測項目": "水晶水圧計" }, "geometry": { "type": "Point", "coordinates": [ 134.8641, 33.3393 ] } },
{ "type": "Feature", "properties": { "観測の種類": "津波計", "name": "ＤＯＮＥＴ2 A3津波計", "観測点名ローマ字": "DONET2 A3PG", "観測点コード": "MRA03.HDF", "緯度（度）": 33.249, "経度（度）": 134.7691, "高さ（ｍ）": -1352.0, "測器の深度（ｍ）": null, "維持管理機関名": "防災科学技術研究所", "維持管理機関名（英語）": "NIED", "観測開始年（西暦）": 2014, "同月": 3, "観測機器名または観測項目": "水晶水圧計" }, "geometry": { "type": "Point", "coordinates": [ 134.7691, 33.249 ] } },
{ "type": "Feature", "properties": { "観測の種類": "津波計", "name": "ＤＯＮＥＴ2 A4津波計", "観測点名ローマ字": "DONET2 A4PG", "観測点コード": "MRA04.HDF", "緯度（度）": 33.3205, "経度（度）": 134.6724, "高さ（ｍ）": -1372.0, "測器の深度（ｍ）": null, "維持管理機関名": "防災科学技術研究所", "維持管理機関名（英語）": "NIED", "観測開始年（西暦）": 2014, "同月": 9, "観測機器名または観測項目": "水晶水圧計" }, "geometry": { "type": "Point", "coordinates": [ 134.6724, 33.3205 ] } },
{ "type": "Feature", "properties": { "観測の種類": "津波計", "name": "ＤＯＮＥＴ2 B5津波計", "観測点名ローマ字": "DONET2 B5PG", "観測点コード": "MRB05.HDF", "緯度（度）": 33.3222, "経度（度）": 135.0667, "高さ（ｍ）": -1470.0, "測器の深度（ｍ）": null, "維持管理機関名": "防災科学技術研究所", "維持管理機関名（英語）": "NIED", "観測開始年（西暦）": 2014, "同月": 9, "観測機器名または観測項目": "水晶水圧計" }, "geometry": { "type": "Point", "coordinates": [ 135.0667, 33.3222 ] } },
{ "type": "Feature", "properties": { "観測の種類": "津波計", "name": "ＤＯＮＥＴ2 B6津波計", "観測点名ローマ字": "DONET2 B6PG", "観測点コード": "MRB06.HDF", "緯度（度）": 33.2252, "経度（度）": 135.1698, "高さ（ｍ）": -1388.0, "測器の深度（ｍ）": null, "維持管理機関名": "防災科学技術研究所", "維持管理機関名（英語）": "NIED", "観測開始年（西暦）": 2015, "同月": 4, "観測機器名または観測項目": "水晶水圧計" }, "geometry": { "type": "Point", "coordinates": [ 135.1698, 33.2252 ] } },
{ "type": "Feature", "properties": { "観測の種類": "津波計", "name": "ＤＯＮＥＴ2 B7津波計", "観測点名ローマ字": "DONET2 B7PG", "観測点コード": "MRB07.HDF", "緯度（度）": 33.1755, "経度（度）": 135.0964, "高さ（ｍ）": -1077.0, "測器の深度（ｍ）": null, "維持管理機関名": "防災科学技術研究所", "維持管理機関名（英語）": "NIED", "観測開始年（西暦）": 2015, "同月": 6, "観測機器名または観測項目": "水晶水圧計" }, "geometry": { "type": "Point", "coordinates": [ 135.0964, 33.1755 ] } },
{ "type": "Feature", "properties": { "観測の種類": "津波計", "name": "ＤＯＮＥＴ2 B8津波計", "観測点名ローマ字": "DONET2 B8PG", "観測点コード": "MRB08.HDF", "緯度（度）": 33.275, "経度（度）": 134.9869, "高さ（ｍ）": -1262.0, "測器の深度（ｍ）": null, "維持管理機関名": "防災科学技術研究所", "維持管理機関名（英語）": "NIED", "観測開始年（西暦）": 2014, "同月": 9, "観測機器名または観測項目": "水晶水圧計" }, "geometry": { "type": "Point", "coordinates": [ 134.9869, 33.275 ] } },
{ "type": "Feature", "properties": { "観測の種類": "津波計", "name": "ＤＯＮＥＴ2 C9津波計", "観測点名ローマ字": "DONET2 C9PG", "観測点コード": "MRC09.HDF", "緯度（度）": 33.228, "経度（度）": 135.4585, "高さ（ｍ）": -1555.0, "測器の深度（ｍ）": null, "維持管理機関名": "防災科学技術研究所", "維持管理機関名（英語）": "NIED", "観測開始年（西暦）": 2015, "同月": 6, "観測機器名または観測項目": "水晶水圧計" }, "geometry": { "type": "Point", "coordinates": [ 135.4585, 33.228 ] } },
{ "type": "Feature", "properties": { "観測の種類": "津波計", "name": "ＤＯＮＥＴ2 C10津波計", "観測点名ローマ字": "DONET2 C10PG", "観測点コード": "MRC10.HDF", "緯度（度）": 33.1251, "経度（度）": 135.5249, "高さ（ｍ）": -1720.0, "測器の深度（ｍ）": null, "維持管理機関名": "防災科学技術研究所", "維持管理機関名（英語）": "NIED", "観測開始年（西暦）": 2015, "同月": 7, "観測機器名または観測項目": "水晶水圧計" }, "geometry": { "type": "Point", "coordinates": [ 135.5249, 33.1251 ] } },
{ "type": "Feature", "properties": { "観測の種類": "津波計", "name": "ＤＯＮＥＴ2 C11津波計", "観測点名ローマ字": "DONET2 C11PG", "観測点コード": "MRC11.HDF", "緯度（度）": 33.0837, "経度（度）": 135.4121, "高さ（ｍ）": -2001.0, "測器の深度（ｍ）": null, "維持管理機関名": "防災科学技術研究所", "維持管理機関名（英語）": "NIED", "観測開始年（西暦）": 2014, "同月": 9, "観測機器名または観測項目": "水晶水圧計" }, "geometry": { "type": "Point", "coordinates": [ 135.4121, 33.0837 ] } },
{ "type": "Feature", "properties": { "観測の種類": "津波計", "name": "ＤＯＮＥＴ2 C12津波計", "観測点名ローマ字": "DONET2 C12PG", "観測点コード": "MRC12.HDF", "緯度（度）": 33.1752, "経度（度）": 135.3414, "高さ（ｍ）": -1317.0, "測器の深度（ｍ）": null, "維持管理機関名": "防災科学技術研究所", "維持管理機関名（英語）": "NIED", "観測開始年（西暦）": 2015, "同月": 6, "観測機器名または観測項目": "水晶水圧計" }, "geometry": { "type": "Point", "coordinates": [ 135.3414, 33.1752 ] } },
{ "type": "Feature", "properties": { "観測の種類": "津波計", "name": "ＤＯＮＥＴ2D13津波計", "観測点名ローマ字": "DONET2 D13PG", "観測点コード": "MRD13.HDF", "緯度（度）": 33.1594, "経度（度）": 135.7557, "高さ（ｍ）": -2353.0, "測器の深度（ｍ）": null, "維持管理機関名": "防災科学技術研究所", "維持管理機関名（英語）": "NIED", "観測開始年（西暦）": 2015, "同月": 11, "観測機器名または観測項目": "水晶水圧計" }, "geometry": { "type": "Point", "coordinates": [ 135.7557, 33.1594 ] } },
{ "type": "Feature", "properties": { "観測の種類": "津波計", "name": "ＤＯＮＥＴ2D14津波計", "観測点名ローマ字": "DONET2 D14PG", "観測点コード": "MRD14.HDF", "緯度（度）": 33.1359, "経度（度）": 135.8584, "高さ（ｍ）": -2398.0, "測器の深度（ｍ）": null, "維持管理機関名": "防災科学技術研究所", "維持管理機関名（英語）": "NIED", "観測開始年（西暦）": 2015, "同月": 11, "観測機器名または観測項目": "水晶水圧計" }, "geometry": { "type": "Point", "coordinates": [ 135.8584, 33.1359 ] } },
{ "type": "Feature", "properties": { "観測の種類": "津波計", "name": "ＤＯＮＥＴ2D15津波計", "観測点名ローマ字": "DONET2 D15PG", "観測点コード": "MRD15.HDF", "緯度（度）": 33.142, "経度（度）": 135.9586, "高さ（ｍ）": -2244.0, "測器の深度（ｍ）": null, "維持管理機関名": "防災科学技術研究所", "維持管理機関名（英語）": "NIED", "観測開始年（西暦）": 2015, "同月": 11, "観測機器名または観測項目": "水晶水圧計" }, "geometry": { "type": "Point", "coordinates": [ 135.9586, 33.142 ] } },
{ "type": "Feature", "properties": { "観測の種類": "津波計", "name": "ＤＯＮＥＴ2D16津波計", "観測点名ローマ字": "DONET2 D16PG", "観測点コード": "MRD16.HDF", "緯度（度）": 33.0299, "経度（度）": 135.8401, "高さ（ｍ）": -2415.0, "測器の深度（ｍ）": null, "維持管理機関名": "防災科学技術研究所", "維持管理機関名（英語）": "NIED", "観測開始年（西暦）": 2016, "同月": 2, "観測機器名または観測項目": "水晶水圧計" }, "geometry": { "type": "Point", "coordinates": [ 135.8401, 33.0299 ] } },
{ "type": "Feature", "properties": { "観測の種類": "津波計", "name": "ＤＯＮＥＴ2D17津波計", "観測点名ローマ字": "DONET2 D17PG", "観測点コード": "MRD17.HDF", "緯度（度）": 33.0915, "経度（度）": 135.7144, "高さ（ｍ）": -2700.0, "測器の深度（ｍ）": null, "維持管理機関名": "防災科学技術研究所", "維持管理機関名（英語）": "NIED", "観測開始年（西暦）": 2016, "同月": 2, "観測機器名または観測項目": "水晶水圧計" }, "geometry": { "type": "Point", "coordinates": [ 135.7144, 33.0915 ] } },
{ "type": "Feature", "properties": { "観測の種類": "津波計", "name": "ＤＯＮＥＴ2E18津波計", "観測点名ローマ字": "DONET2 E18PG", "観測点コード": "MRE18.HDF", "緯度（度）": 32.927, "経度（度）": 135.7747, "高さ（ｍ）": -3548.0, "測器の深度（ｍ）": null, "維持管理機関名": "防災科学技術研究所", "維持管理機関名（英語）": "NIED", "観測開始年（西暦）": 2015, "同月": 3, "観測機器名または観測項目": "水晶水圧計" }, "geometry": { "type": "Point", "coordinates": [ 135.7747, 32.927 ] } },
{ "type": "Feature", "properties": { "観測の種類": "津波計", "name": "ＤＯＮＥＴ2E19津波計", "観測点名ローマ字": "DONET2 E19PG", "観測点コード": "MRE19.HDF", "緯度（度）": 32.892, "経度（度）": 135.8336, "高さ（ｍ）": -3456.0, "測器の深度（ｍ）": null, "維持管理機関名": "防災科学技術研究所", "維持管理機関名（英語）": "NIED", "観測開始年（西暦）": 2015, "同月": 5, "観測機器名または観測項目": "水晶水圧計" }, "geometry": { "type": "Point", "coordinates": [ 135.8336, 32.892 ] } },
{ "type": "Feature", "properties": { "観測の種類": "津波計", "name": "ＤＯＮＥＴ2E20津波計", "観測点名ローマ字": "DONET2 E20PG", "観測点コード": "MRE20.HDF", "緯度（度）": 32.8017, "経度（度）": 135.7733, "高さ（ｍ）": -3603.0, "測器の深度（ｍ）": null, "維持管理機関名": "防災科学技術研究所", "維持管理機関名（英語）": "NIED", "観測開始年（西暦）": 2015, "同月": 11, "観測機器名または観測項目": "水晶水圧計" }, "geometry": { "type": "Point", "coordinates": [ 135.7733, 32.8017 ] } },
{ "type": "Feature", "properties": { "観測の種類": "津波計", "name": "ＤＯＮＥＴ2E21津波計", "観測点名ローマ字": "DONET2 E21PG", "観測点コード": "MRE21.HDF", "緯度（度）": 32.8603, "経度（度）": 135.667, "高さ（ｍ）": -3534.0, "測器の深度（ｍ）": null, "維持管理機関名": "防災科学技術研究所", "維持管理機関名（英語）": "NIED", "観測開始年（西暦）": 2015, "同月": 6, "観測機器名または観測項目": "水晶水圧計" }, "geometry": { "type": "Point", "coordinates": [ 135.667, 32.8603 ] } },
{ "type": "Feature", "properties": { "観測の種類": "津波計", "name": "ＤＯＮＥＴ2F22津波計", "観測点名ローマ字": "DONET2 F22PG", "観測点コード": "MRF22.HDF", "緯度（度）": 32.988, "経度（度）": 135.225, "高さ（ｍ）": -2104.0, "測器の深度（ｍ）": null, "維持管理機関名": "防災科学技術研究所", "維持管理機関名（英語）": "NIED", "観測開始年（西暦）": 2015, "同月": 5, "観測機器名または観測項目": "水晶水圧計" }, "geometry": { "type": "Point", "coordinates": [ 135.225, 32.988 ] } },
{ "type": "Feature", "properties": { "観測の種類": "津波計", "name": "ＤＯＮＥＴ2F23津波計", "観測点名ローマ字": "DONET2 F23PG", "観測点コード": "MRF23.HDF", "緯度（度）": 32.8827, "経度（度）": 135.3082, "高さ（ｍ）": -2646.0, "測器の深度（ｍ）": null, "維持管理機関名": "防災科学技術研究所", "維持管理機関名（英語）": "NIED", "観測開始年（西暦）": 2015, "同月": 6, "観測機器名または観測項目": "水晶水圧計" }, "geometry": { "type": "Point", "coordinates": [ 135.3082, 32.8827 ] } },
{ "type": "Feature", "properties": { "観測の種類": "津波計", "name": "ＤＯＮＥＴ2F24津波計", "観測点名ローマ字": "DONET2 F24PG", "観測点コード": "MRF24.HDF", "緯度（度）": 32.8545, "経度（度）": 135.1916, "高さ（ｍ）": -2393.0, "測器の深度（ｍ）": null, "維持管理機関名": "防災科学技術研究所", "維持管理機関名（英語）": "NIED", "観測開始年（西暦）": 2015, "同月": 11, "観測機器名または観測項目": "水晶水圧計" }, "geometry": { "type": "Point", "coordinates": [ 135.1916, 32.8545 ] } },
{ "type": "Feature", "properties": { "観測の種類": "津波計", "name": "ＤＯＮＥＴ2F25津波計", "観測点名ローマ字": "DONET2 F25PG", "観測点コード": "MRF25.HDF", "緯度（度）": 32.8919, "経度（度）": 135.1538, "高さ（ｍ）": -2278.0, "測器の深度（ｍ）": null, "維持管理機関名": "防災科学技術研究所", "維持管理機関名（英語）": "NIED", "観測開始年（西暦）": 2015, "同月": 3, "観測機器名または観測項目": "水晶水圧計" }, "geometry": { "type": "Point", "coordinates": [ 135.1538, 32.8919 ] } },
{ "type": "Feature", "properties": { "観測の種類": "津波計", "name": "ＤＯＮＥＴ2G26津波計", "観測点名ローマ字": "DONET2 G26PG", "観測点コード": "MRG26.HDF", "緯度（度）": 32.7615, "経度（度）": 134.5167, "高さ（ｍ）": -1855.0, "測器の深度（ｍ）": null, "維持管理機関名": "防災科学技術研究所", "維持管理機関名（英語）": "NIED", "観測開始年（西暦）": 2015, "同月": 5, "観測機器名または観測項目": "水晶水圧計" }, "geometry": { "type": "Point", "coordinates": [ 134.5167, 32.7615 ] } },
{ "type": "Feature", "properties": { "観測の種類": "津波計", "name": "ＤＯＮＥＴ2G27津波計", "観測点名ローマ字": "DONET2 G27PG", "観測点コード": "MRG27.HDF", "緯度（度）": 32.7089, "経度（度）": 134.5996, "高さ（ｍ）": -2494.0, "測器の深度（ｍ）": null, "維持管理機関名": "防災科学技術研究所", "維持管理機関名（英語）": "NIED", "観測開始年（西暦）": 2015, "同月": 10, "観測機器名または観測項目": "水晶水圧計" }, "geometry": { "type": "Point", "coordinates": [ 134.5996, 32.7089 ] } },
{ "type": "Feature", "properties": { "観測の種類": "津波計", "name": "ＤＯＮＥＴ2G28津波計", "観測点名ローマ字": "DONET2 G28PG", "観測点コード": "MRG28.HDF", "緯度（度）": 32.6251, "経度（度）": 134.5164, "高さ（ｍ）": -2499.0, "測器の深度（ｍ）": null, "維持管理機関名": "防災科学技術研究所", "維持管理機関名（英語）": "NIED", "観測開始年（西暦）": 2015, "同月": 11, "観測機器名または観測項目": "水晶水圧計" }, "geometry": { "type": "Point", "coordinates": [ 134.5164, 32.6251 ] } },
{ "type": "Feature", "properties": { "観測の種類": "津波計", "name": "ＤＯＮＥＴ2G29津波計", "観測点名ローマ字": "DONET2 G29PG", "観測点コード": "MRG29.HDF", "緯度（度）": 32.6752, "経度（度）": 134.4334, "高さ（ｍ）": -2141.0, "測器の深度（ｍ）": null, "維持管理機関名": "防災科学技術研究所", "維持管理機関名（英語）": "NIED", "観測開始年（西暦）": 2015, "同月": 6, "観測機器名または観測項目": "水晶水圧計" }, "geometry": { "type": "Point", "coordinates": [ 134.4334, 32.6752 ] } },
{ "type": "Feature", "properties": { "観測の種類": "津波計", "name": "ＤＯＮＥＴ1C21津波計", "観測点名ローマ字": "DONET C21PG", "観測点コード": "KMC21.HDF", "緯度（度）": 32.9506, "経度（度）": 136.7417, "高さ（ｍ）": -4449.0, "測器の深度（ｍ）": null, "維持管理機関名": "防災科学技術研究所", "維持管理機関名（英語）": "NIED", "観測開始年（西暦）": 2016, "同月": 6, "観測機器名または観測項目": "水晶水圧計" }, "geometry": { "type": "Point", "coordinates": [ 136.7417, 32.9506 ] } },
{ "type": "Feature", "properties": { "観測の種類": "津波計", "name": "ＤＯＮＥＴ1E22津波計", "観測点名ローマ字": "DONET E22PG", "観測点コード": "KME22.HDF", "緯度（度）": 33.3303, "経度（度）": 136.2702, "高さ（ｍ）": -1841.0, "測器の深度（ｍ）": null, "維持管理機関名": "防災科学技術研究所", "維持管理機関名（英語）": "NIED", "観測開始年（西暦）": 2015, "同月": 11, "観測機器名または観測項目": "水晶水圧計" }, "geometry": { "type": "Point", "coordinates": [ 136.2702, 33.3303 ] } },
{ "type": "Feature", "properties": { "観測の種類": "津波計", "name": "S-net S1N01地震計", "観測点名ローマ字": "S1N01", "観測点コード": "N.S1N01", "緯度（度）": 35.8968, "経度（度）": 141.0535, "高さ（ｍ）": -169.0, "測器の深度（ｍ）": "1", "維持管理機関名": "防災科学技術研究所", "維持管理機関名（英語）": "NIED", "観測開始年（西暦）": 2016, "同月": 4, "観測機器名または観測項目": "水晶水圧計" }, "geometry": { "type": "Point", "coordinates": [ 141.0535, 35.8968 ] } },
{ "type": "Feature", "properties": { "観測の種類": "津波計", "name": "S-net S1N02地震計", "観測点名ローマ字": "S1N02", "観測点コード": "N.S1N02", "緯度（度）": 35.8424, "経度（度）": 141.3772, "高さ（ｍ）": -1466.0, "測器の深度（ｍ）": "1", "維持管理機関名": "防災科学技術研究所", "維持管理機関名（英語）": "NIED", "観測開始年（西暦）": 2016, "同月": 4, "観測機器名または観測項目": "水晶水圧計" }, "geometry": { "type": "Point", "coordinates": [ 141.3772, 35.8424 ] } },
{ "type": "Feature", "properties": { "観測の種類": "津波計", "name": "S-net S1N03地震計", "観測点名ローマ字": "S1N03", "観測点コード": "N.S1N03", "緯度（度）": 35.7203, "経度（度）": 141.6451, "高さ（ｍ）": -2591.0, "測器の深度（ｍ）": null, "維持管理機関名": "防災科学技術研究所", "維持管理機関名（英語）": "NIED", "観測開始年（西暦）": 2016, "同月": 4, "観測機器名または観測項目": "水晶水圧計" }, "geometry": { "type": "Point", "coordinates": [ 141.6451, 35.7203 ] } },
{ "type": "Feature", "properties": { "観測の種類": "津波計", "name": "S-net S1N04地震計", "観測点名ローマ字": "S1N04", "観測点コード": "N.S1N04", "緯度（度）": 35.6036, "経度（度）": 141.9041, "高さ（ｍ）": -2612.0, "測器の深度（ｍ）": null, "維持管理機関名": "防災科学技術研究所", "維持管理機関名（英語）": "NIED", "観測開始年（西暦）": 2016, "同月": 4, "観測機器名または観測項目": "水晶水圧計" }, "geometry": { "type": "Point", "coordinates": [ 141.9041, 35.6036 ] } },
{ "type": "Feature", "properties": { "観測の種類": "津波計", "name": "S-net S1N05地震計", "観測点名ローマ字": "S1N05", "観測点コード": "N.S1N05", "緯度（度）": 35.4047, "経度（度）": 142.0531, "高さ（ｍ）": -5836.0, "測器の深度（ｍ）": null, "維持管理機関名": "防災科学技術研究所", "維持管理機関名（英語）": "NIED", "観測開始年（西暦）": 2016, "同月": 4, "観測機器名または観測項目": "水晶水圧計" }, "geometry": { "type": "Point", "coordinates": [ 142.0531, 35.4047 ] } },
{ "type": "Feature", "properties": { "観測の種類": "津波計", "name": "S-net S1N06地震計", "観測点名ローマ字": "S1N06", "観測点コード": "N.S1N06", "緯度（度）": 35.2277, "経度（度）": 141.8692, "高さ（ｍ）": -5567.0, "測器の深度（ｍ）": null, "維持管理機関名": "防災科学技術研究所", "維持管理機関名（英語）": "NIED", "観測開始年（西暦）": 2016, "同月": 4, "観測機器名または観測項目": "水晶水圧計" }, "geometry": { "type": "Point", "coordinates": [ 141.8692, 35.2277 ] } },
{ "type": "Feature", "properties": { "観測の種類": "津波計", "name": "S-net S1N07地震計", "観測点名ローマ字": "S1N07", "観測点コード": "N.S1N07", "緯度（度）": 35.2773, "経度（度）": 141.5902, "高さ（ｍ）": -3285.0, "測器の深度（ｍ）": null, "維持管理機関名": "防災科学技術研究所", "維持管理機関名（英語）": "NIED", "観測開始年（西暦）": 2016, "同月": 4, "観測機器名または観測項目": "水晶水圧計" }, "geometry": { "type": "Point", "coordinates": [ 141.5902, 35.2773 ] } },
{ "type": "Feature", "properties": { "観測の種類": "津波計", "name": "S-net S1N08地震計", "観測点名ローマ字": "S1N08", "観測点コード": "N.S1N08", "緯度（度）": 35.4536, "経度（度）": 141.3898, "高さ（ｍ）": -1387.0, "測器の深度（ｍ）": null, "維持管理機関名": "防災科学技術研究所", "維持管理機関名（英語）": "NIED", "観測開始年（西暦）": 2016, "同月": 4, "観測機器名または観測項目": "水晶水圧計" }, "geometry": { "type": "Point", "coordinates": [ 141.3898, 35.4536 ] } },
{ "type": "Feature", "properties": { "観測の種類": "津波計", "name": "S-net S1N09地震計", "観測点名ローマ字": "S1N09", "観測点コード": "N.S1N09", "緯度（度）": 35.227, "経度（度）": 141.3068, "高さ（ｍ）": -1583.0, "測器の深度（ｍ）": null, "維持管理機関名": "防災科学技術研究所", "維持管理機関名（英語）": "NIED", "観測開始年（西暦）": 2016, "同月": 4, "観測機器名または観測項目": "水晶水圧計" }, "geometry": { "type": "Point", "coordinates": [ 141.3068, 35.227 ] } },
{ "type": "Feature", "properties": { "観測の種類": "津波計", "name": "S-net S1N10地震計", "観測点名ローマ字": "S1N10", "観測点コード": "N.S1N10", "緯度（度）": 35.0925, "経度（度）": 141.2021, "高さ（ｍ）": -2554.0, "測器の深度（ｍ）": null, "維持管理機関名": "防災科学技術研究所", "維持管理機関名（英語）": "NIED", "観測開始年（西暦）": 2016, "同月": 4, "観測機器名または観測項目": "水晶水圧計" }, "geometry": { "type": "Point", "coordinates": [ 141.2021, 35.0925 ] } },
{ "type": "Feature", "properties": { "観測の種類": "津波計", "name": "S-net S1N11地震計", "観測点名ローマ字": "S1N11", "観測点コード": "N.S1N11", "緯度（度）": 35.1203, "経度（度）": 140.9682, "高さ（ｍ）": -1670.0, "測器の深度（ｍ）": null, "維持管理機関名": "防災科学技術研究所", "維持管理機関名（英語）": "NIED", "観測開始年（西暦）": 2016, "同月": 4, "観測機器名または観測項目": "水晶水圧計" }, "geometry": { "type": "Point", "coordinates": [ 140.9682, 35.1203 ] } },
{ "type": "Feature", "properties": { "観測の種類": "津波計", "name": "S-net S1N12地震計", "観測点名ローマ字": "S1N12", "観測点コード": "N.S1N12", "緯度（度）": 35.0228, "経度（度）": 140.8091, "高さ（ｍ）": -1239.0, "測器の深度（ｍ）": null, "維持管理機関名": "防災科学技術研究所", "維持管理機関名（英語）": "NIED", "観測開始年（西暦）": 2016, "同月": 4, "観測機器名または観測項目": "水晶水圧計" }, "geometry": { "type": "Point", "coordinates": [ 140.8091, 35.0228 ] } },
{ "type": "Feature", "properties": { "観測の種類": "津波計", "name": "S-net S1N13地震計", "観測点名ローマ字": "S1N13", "観測点コード": "N.S1N13", "緯度（度）": 34.8788, "経度（度）": 140.9627, "高さ（ｍ）": -2210.0, "測器の深度（ｍ）": null, "維持管理機関名": "防災科学技術研究所", "維持管理機関名（英語）": "NIED", "観測開始年（西暦）": 2016, "同月": 4, "観測機器名または観測項目": "水晶水圧計" }, "geometry": { "type": "Point", "coordinates": [ 140.9627, 34.8788 ] } },
{ "type": "Feature", "properties": { "観測の種類": "津波計", "name": "S-net S1N14地震計", "観測点名ローマ字": "S1N14", "観測点コード": "N.S1N14", "緯度（度）": 34.6407, "経度（度）": 141.0907, "高さ（ｍ）": -4861.0, "測器の深度（ｍ）": null, "維持管理機関名": "防災科学技術研究所", "維持管理機関名（英語）": "NIED", "観測開始年（西暦）": 2016, "同月": 4, "観測機器名または観測項目": "水晶水圧計" }, "geometry": { "type": "Point", "coordinates": [ 141.0907, 34.6407 ] } },
{ "type": "Feature", "properties": { "観測の種類": "津波計", "name": "S-net S1N15地震計", "観測点名ローマ字": "S1N15", "観測点コード": "N.S1N15", "緯度（度）": 34.5256, "経度（度）": 141.3512, "高さ（ｍ）": -6569.0, "測器の深度（ｍ）": null, "維持管理機関名": "防災科学技術研究所", "維持管理機関名（英語）": "NIED", "観測開始年（西暦）": 2016, "同月": 4, "観測機器名または観測項目": "水晶水圧計" }, "geometry": { "type": "Point", "coordinates": [ 141.3512, 34.5256 ] } },
{ "type": "Feature", "properties": { "観測の種類": "津波計", "name": "S-net S1N16地震計", "観測点名ローマ字": "S1N16", "観測点コード": "N.S1N16", "緯度（度）": 34.3686, "経度（度）": 141.5402, "高さ（ｍ）": -6978.0, "測器の深度（ｍ）": null, "維持管理機関名": "防災科学技術研究所", "維持管理機関名（英語）": "NIED", "観測開始年（西暦）": 2016, "同月": 4, "観測機器名または観測項目": "水晶水圧計" }, "geometry": { "type": "Point", "coordinates": [ 141.5402, 34.3686 ] } },
{ "type": "Feature", "properties": { "観測の種類": "津波計", "name": "S-net S1N17地震計", "観測点名ローマ字": "S1N17", "観測点コード": "N.S1N17", "緯度（度）": 34.1956, "経度（度）": 141.3341, "高さ（ｍ）": -6805.0, "測器の深度（ｍ）": null, "維持管理機関名": "防災科学技術研究所", "維持管理機関名（英語）": "NIED", "観測開始年（西暦）": 2016, "同月": 4, "観測機器名または観測項目": "水晶水圧計" }, "geometry": { "type": "Point", "coordinates": [ 141.3341, 34.1956 ] } },
{ "type": "Feature", "properties": { "観測の種類": "津波計", "name": "S-net S1N18地震計", "観測点名ローマ字": "S1N18", "観測点コード": "N.S1N18", "緯度（度）": 34.262, "経度（度）": 141.0316, "高さ（ｍ）": -5111.0, "測器の深度（ｍ）": null, "維持管理機関名": "防災科学技術研究所", "維持管理機関名（英語）": "NIED", "観測開始年（西暦）": 2016, "同月": 4, "観測機器名または観測項目": "水晶水圧計" }, "geometry": { "type": "Point", "coordinates": [ 141.0316, 34.262 ] } },
{ "type": "Feature", "properties": { "観測の種類": "津波計", "name": "S-net S1N19地震計", "観測点名ローマ字": "S1N19", "観測点コード": "N.S1N19", "緯度（度）": 34.2269, "経度（度）": 140.7311, "高さ（ｍ）": -3274.0, "測器の深度（ｍ）": null, "維持管理機関名": "防災科学技術研究所", "維持管理機関名（英語）": "NIED", "観測開始年（西暦）": 2016, "同月": 4, "観測機器名または観測項目": "水晶水圧計" }, "geometry": { "type": "Point", "coordinates": [ 140.7311, 34.2269 ] } },
{ "type": "Feature", "properties": { "観測の種類": "津波計", "name": "S-net S1N20地震計", "観測点名ローマ字": "S1N20", "観測点コード": "N.S1N20", "緯度（度）": 34.2592, "経度（度）": 140.4159, "高さ（ｍ）": -2513.0, "測器の深度（ｍ）": null, "維持管理機関名": "防災科学技術研究所", "維持管理機関名（英語）": "NIED", "観測開始年（西暦）": 2016, "同月": 4, "観測機器名または観測項目": "水晶水圧計" }, "geometry": { "type": "Point", "coordinates": [ 140.4159, 34.2592 ] } },
{ "type": "Feature", "properties": { "観測の種類": "津波計", "name": "S-net S1N21地震計", "観測点名ローマ字": "S1N21", "観測点コード": "N.S1N21", "緯度（度）": 34.4231, "経度（度）": 140.203, "高さ（ｍ）": -2869.0, "測器の深度（ｍ）": null, "維持管理機関名": "防災科学技術研究所", "維持管理機関名（英語）": "NIED", "観測開始年（西暦）": 2016, "同月": 4, "観測機器名または観測項目": "水晶水圧計" }, "geometry": { "type": "Point", "coordinates": [ 140.203, 34.4231 ] } },
{ "type": "Feature", "properties": { "観測の種類": "津波計", "name": "S-net S1N22地震計", "観測点名ローマ字": "S1N22", "観測点コード": "N.S1N22", "緯度（度）": 34.6443, "経度（度）": 140.0906, "高さ（ｍ）": -2512.0, "測器の深度（ｍ）": null, "維持管理機関名": "防災科学技術研究所", "維持管理機関名（英語）": "NIED", "観測開始年（西暦）": 2016, "同月": 4, "観測機器名または観測項目": "水晶水圧計" }, "geometry": { "type": "Point", "coordinates": [ 140.0906, 34.6443 ] } },
{ "type": "Feature", "properties": { "観測の種類": "津波計", "name": "S-net S2N01地震計", "観測点名ローマ字": "S2N01", "観測点コード": "N.S2N01", "緯度（度）": 37.8428, "経度（度）": 141.3845, "高さ（ｍ）": -102.0, "測器の深度（ｍ）": "1", "維持管理機関名": "防災科学技術研究所", "維持管理機関名（英語）": "NIED", "観測開始年（西暦）": 2016, "同月": 4, "観測機器名または観測項目": "水晶水圧計" }, "geometry": { "type": "Point", "coordinates": [ 141.3845, 37.8428 ] } },
{ "type": "Feature", "properties": { "観測の種類": "津波計", "name": "S-net S2N02地震計", "観測点名ローマ字": "S2N02", "観測点コード": "N.S2N02", "緯度（度）": 37.6922, "経度（度）": 141.6387, "高さ（ｍ）": -239.0, "測器の深度（ｍ）": "1", "維持管理機関名": "防災科学技術研究所", "維持管理機関名（英語）": "NIED", "観測開始年（西暦）": 2016, "同月": 4, "観測機器名または観測項目": "水晶水圧計" }, "geometry": { "type": "Point", "coordinates": [ 141.6387, 37.6922 ] } },
{ "type": "Feature", "properties": { "観測の種類": "津波計", "name": "S-net S2N03地震計", "観測点名ローマ字": "S2N03", "観測点コード": "N.S2N03", "緯度（度）": 37.7073, "経度（度）": 141.965, "高さ（ｍ）": -462.0, "測器の深度（ｍ）": "1", "維持管理機関名": "防災科学技術研究所", "維持管理機関名（英語）": "NIED", "観測開始年（西暦）": 2016, "同月": 4, "観測機器名または観測項目": "水晶水圧計" }, "geometry": { "type": "Point", "coordinates": [ 141.965, 37.7073 ] } },
{ "type": "Feature", "properties": { "観測の種類": "津波計", "name": "S-net S2N04地震計", "観測点名ローマ字": "S2N04", "観測点コード": "N.S2N04", "緯度（度）": 37.6739, "経度（度）": 142.2975, "高さ（ｍ）": -786.0, "測器の深度（ｍ）": "1", "維持管理機関名": "防災科学技術研究所", "維持管理機関名（英語）": "NIED", "観測開始年（西暦）": 2016, "同月": 4, "観測機器名または観測項目": "水晶水圧計" }, "geometry": { "type": "Point", "coordinates": [ 142.2975, 37.6739 ] } },
{ "type": "Feature", "properties": { "観測の種類": "津波計", "name": "S-net S2N05地震計", "観測点名ローマ字": "S2N05", "観測点コード": "N.S2N05", "緯度（度）": 37.6016, "経度（度）": 142.6236, "高さ（ｍ）": -1781.0, "測器の深度（ｍ）": null, "維持管理機関名": "防災科学技術研究所", "維持管理機関名（英語）": "NIED", "観測開始年（西暦）": 2016, "同月": 4, "観測機器名または観測項目": "水晶水圧計" }, "geometry": { "type": "Point", "coordinates": [ 142.6236, 37.6016 ] } },
{ "type": "Feature", "properties": { "観測の種類": "津波計", "name": "S-net S2N06地震計", "観測点名ローマ字": "S2N06", "観測点コード": "N.S2N06", "緯度（度）": 37.5259, "経度（度）": 142.935, "高さ（ｍ）": -2945.0, "測器の深度（ｍ）": null, "維持管理機関名": "防災科学技術研究所", "維持管理機関名（英語）": "NIED", "観測開始年（西暦）": 2016, "同月": 4, "観測機器名または観測項目": "水晶水圧計" }, "geometry": { "type": "Point", "coordinates": [ 142.935, 37.5259 ] } },
{ "type": "Feature", "properties": { "観測の種類": "津波計", "name": "S-net S2N07地震計", "観測点名ローマ字": "S2N07", "観測点コード": "N.S2N07", "緯度（度）": 37.429, "経度（度）": 143.2266, "高さ（ｍ）": -4767.0, "測器の深度（ｍ）": null, "維持管理機関名": "防災科学技術研究所", "維持管理機関名（英語）": "NIED", "観測開始年（西暦）": 2016, "同月": 4, "観測機器名または観測項目": "水晶水圧計" }, "geometry": { "type": "Point", "coordinates": [ 143.2266, 37.429 ] } },
{ "type": "Feature", "properties": { "観測の種類": "津波計", "name": "S-net S2N08地震計", "観測点名ローマ字": "S2N08", "観測点コード": "N.S2N08", "緯度（度）": 37.222, "経度（度）": 143.07, "高さ（ｍ）": -4353.0, "測器の深度（ｍ）": null, "維持管理機関名": "防災科学技術研究所", "維持管理機関名（英語）": "NIED", "観測開始年（西暦）": 2016, "同月": 4, "観測機器名または観測項目": "水晶水圧計" }, "geometry": { "type": "Point", "coordinates": [ 143.07, 37.222 ] } },
{ "type": "Feature", "properties": { "観測の種類": "津波計", "name": "S-net S2N09地震計", "観測点名ローマ字": "S2N09", "観測点コード": "N.S2N09", "緯度（度）": 37.0741, "経度（度）": 142.8188, "高さ（ｍ）": -4226.0, "測器の深度（ｍ）": null, "維持管理機関名": "防災科学技術研究所", "維持管理機関名（英語）": "NIED", "観測開始年（西暦）": 2016, "同月": 4, "観測機器名または観測項目": "水晶水圧計" }, "geometry": { "type": "Point", "coordinates": [ 142.8188, 37.0741 ] } },
{ "type": "Feature", "properties": { "観測の種類": "津波計", "name": "S-net S2N10地震計", "観測点名ローマ字": "S2N10", "観測点コード": "N.S2N10", "緯度（度）": 37.0948, "経度（度）": 142.4979, "高さ（ｍ）": -2417.0, "測器の深度（ｍ）": null, "維持管理機関名": "防災科学技術研究所", "維持管理機関名（英語）": "NIED", "観測開始年（西暦）": 2016, "同月": 4, "観測機器名または観測項目": "水晶水圧計" }, "geometry": { "type": "Point", "coordinates": [ 142.4979, 37.0948 ] } },
{ "type": "Feature", "properties": { "観測の種類": "津波計", "name": "S-net S2N11地震計", "観測点名ローマ字": "S2N11", "観測点コード": "N.S2N11", "緯度（度）": 37.1931, "経度（度）": 142.1998, "高さ（ｍ）": -1447.0, "測器の深度（ｍ）": "1", "維持管理機関名": "防災科学技術研究所", "維持管理機関名（英語）": "NIED", "観測開始年（西暦）": 2016, "同月": 4, "観測機器名または観測項目": "水晶水圧計" }, "geometry": { "type": "Point", "coordinates": [ 142.1998, 37.1931 ] } },
{ "type": "Feature", "properties": { "観測の種類": "津波計", "name": "S-net S2N12地震計", "観測点名ローマ字": "S2N12", "観測点コード": "N.S2N12", "緯度（度）": 37.2772, "経度（度）": 141.879, "高さ（ｍ）": -591.0, "測器の深度（ｍ）": "1", "維持管理機関名": "防災科学技術研究所", "維持管理機関名（英語）": "NIED", "観測開始年（西暦）": 2016, "同月": 4, "観測機器名または観測項目": "水晶水圧計" }, "geometry": { "type": "Point", "coordinates": [ 141.879, 37.2772 ] } },
{ "type": "Feature", "properties": { "観測の種類": "津波計", "name": "S-net S2N13A津波計", "観測点名ローマ字": "S2N13A", "観測点コード": "N.S2N13A", "緯度（度）": 37.3003, "経度（度）": 141.5709, "高さ（ｍ）": -212.0, "測器の深度（ｍ）": "1", "維持管理機関名": "防災科学技術研究所", "維持管理機関名（英語）": "NIED", "観測開始年（西暦）": 2020, "同月": 4, "観測機器名または観測項目": "水晶水圧計" }, "geometry": { "type": "Point", "coordinates": [ 141.5709, 37.3003 ] } },
{ "type": "Feature", "properties": { "観測の種類": "津波計", "name": "S-net S2N14地震計", "観測点名ローマ字": "S2N14", "観測点コード": "N.S2N14", "緯度（度）": 37.0952, "経度（度）": 141.3703, "高さ（ｍ）": -162.0, "測器の深度（ｍ）": "1", "維持管理機関名": "防災科学技術研究所", "維持管理機関名（英語）": "NIED", "観測開始年（西暦）": 2016, "同月": 4, "観測機器名または観測項目": "水晶水圧計" }, "geometry": { "type": "Point", "coordinates": [ 141.3703, 37.0952 ] } },
{ "type": "Feature", "properties": { "観測の種類": "津波計", "name": "S-net S2N15地震計", "観測点名ローマ字": "S2N15", "観測点コード": "N.S2N15", "緯度（度）": 36.8344, "経度（度）": 141.3307, "高さ（ｍ）": -264.0, "測器の深度（ｍ）": "1", "維持管理機関名": "防災科学技術研究所", "維持管理機関名（英語）": "NIED", "観測開始年（西暦）": 2016, "同月": 4, "観測機器名または観測項目": "水晶水圧計" }, "geometry": { "type": "Point", "coordinates": [ 141.3307, 36.8344 ] } },
{ "type": "Feature", "properties": { "観測の種類": "津波計", "name": "S-net S2N16地震計", "観測点名ローマ字": "S2N16", "観測点コード": "N.S2N16", "緯度（度）": 36.662, "経度（度）": 141.5207, "高さ（ｍ）": -874.0, "測器の深度（ｍ）": "1", "維持管理機関名": "防災科学技術研究所", "維持管理機関名（英語）": "NIED", "観測開始年（西暦）": 2016, "同月": 4, "観測機器名または観測項目": "水晶水圧計" }, "geometry": { "type": "Point", "coordinates": [ 141.5207, 36.662 ] } },
{ "type": "Feature", "properties": { "観測の種類": "津波計", "name": "S-net S2N17地震計", "観測点名ローマ字": "S2N17", "観測点コード": "N.S2N17", "緯度（度）": 36.6337, "経度（度）": 141.8389, "高さ（ｍ）": -2247.0, "測器の深度（ｍ）": null, "維持管理機関名": "防災科学技術研究所", "維持管理機関名（英語）": "NIED", "観測開始年（西暦）": 2016, "同月": 4, "観測機器名または観測項目": "水晶水圧計" }, "geometry": { "type": "Point", "coordinates": [ 141.8389, 36.6337 ] } },
{ "type": "Feature", "properties": { "観測の種類": "津波計", "name": "S-net S2N18地震計", "観測点名ローマ字": "S2N18", "観測点コード": "N.S2N18", "緯度（度）": 36.6824, "経度（度）": 142.1445, "高さ（ｍ）": -2460.0, "測器の深度（ｍ）": null, "維持管理機関名": "防災科学技術研究所", "維持管理機関名（英語）": "NIED", "観測開始年（西暦）": 2016, "同月": 4, "観測機器名または観測項目": "水晶水圧計" }, "geometry": { "type": "Point", "coordinates": [ 142.1445, 36.6824 ] } },
{ "type": "Feature", "properties": { "観測の種類": "津波計", "name": "S-net S2N19地震計", "観測点名ローマ字": "S2N19", "観測点コード": "N.S2N19", "緯度（度）": 36.5986, "経度（度）": 142.4389, "高さ（ｍ）": -3425.0, "測器の深度（ｍ）": null, "維持管理機関名": "防災科学技術研究所", "維持管理機関名（英語）": "NIED", "観測開始年（西暦）": 2016, "同月": 4, "観測機器名または観測項目": "水晶水圧計" }, "geometry": { "type": "Point", "coordinates": [ 142.4389, 36.5986 ] } },
{ "type": "Feature", "properties": { "観測の種類": "津波計", "name": "S-net S2N20地震計", "観測点名ローマ字": "S2N20", "観測点コード": "N.S2N20", "緯度（度）": 36.3885, "経度（度）": 142.6164, "高さ（ｍ）": -5770.0, "測器の深度（ｍ）": null, "維持管理機関名": "防災科学技術研究所", "維持管理機関名（英語）": "NIED", "観測開始年（西暦）": 2016, "同月": 4, "観測機器名または観測項目": "水晶水圧計" }, "geometry": { "type": "Point", "coordinates": [ 142.6164, 36.3885 ] } },
{ "type": "Feature", "properties": { "観測の種類": "津波計", "name": "S-net S2N21地震計", "観測点名ローマ字": "S2N21", "観測点コード": "N.S2N21", "緯度（度）": 36.1577, "経度（度）": 142.5553, "高さ（ｍ）": -6230.0, "測器の深度（ｍ）": null, "維持管理機関名": "防災科学技術研究所", "維持管理機関名（英語）": "NIED", "観測開始年（西暦）": 2016, "同月": 4, "観測機器名または観測項目": "水晶水圧計" }, "geometry": { "type": "Point", "coordinates": [ 142.5553, 36.1577 ] } },
{ "type": "Feature", "properties": { "観測の種類": "津波計", "name": "S-net S2N22地震計", "観測点名ローマ字": "S2N22", "観測点コード": "N.S2N22", "緯度（度）": 35.9463, "経度（度）": 142.4014, "高さ（ｍ）": -4492.0, "測器の深度（ｍ）": null, "維持管理機関名": "防災科学技術研究所", "維持管理機関名（英語）": "NIED", "観測開始年（西暦）": 2016, "同月": 4, "観測機器名または観測項目": "水晶水圧計" }, "geometry": { "type": "Point", "coordinates": [ 142.4014, 35.9463 ] } },
{ "type": "Feature", "properties": { "観測の種類": "津波計", "name": "S-net S2N23地震計", "観測点名ローマ字": "S2N23", "観測点コード": "N.S2N23", "緯度（度）": 35.9677, "経度（度）": 142.1138, "高さ（ｍ）": -3881.0, "測器の深度（ｍ）": null, "維持管理機関名": "防災科学技術研究所", "維持管理機関名（英語）": "NIED", "観測開始年（西暦）": 2016, "同月": 4, "観測機器名または観測項目": "水晶水圧計" }, "geometry": { "type": "Point", "coordinates": [ 142.1138, 35.9677 ] } },
{ "type": "Feature", "properties": { "観測の種類": "津波計", "name": "S-net S2N24地震計", "観測点名ローマ字": "S2N24", "観測点コード": "N.S2N24", "緯度（度）": 35.9976, "経度（度）": 141.7944, "高さ（ｍ）": -2310.0, "測器の深度（ｍ）": null, "維持管理機関名": "防災科学技術研究所", "維持管理機関名（英語）": "NIED", "観測開始年（西暦）": 2016, "同月": 4, "観測機器名または観測項目": "水晶水圧計" }, "geometry": { "type": "Point", "coordinates": [ 141.7944, 35.9976 ] } },
{ "type": "Feature", "properties": { "観測の種類": "津波計", "name": "S-net S2N25地震計", "観測点名ローマ字": "S2N25", "観測点コード": "N.S2N25", "緯度（度）": 36.0729, "経度（度）": 141.5095, "高さ（ｍ）": -1887.0, "測器の深度（ｍ）": null, "維持管理機関名": "防災科学技術研究所", "維持管理機関名（英語）": "NIED", "観測開始年（西暦）": 2016, "同月": 4, "観測機器名または観測項目": "水晶水圧計" }, "geometry": { "type": "Point", "coordinates": [ 141.5095, 36.0729 ] } },
{ "type": "Feature", "properties": { "観測の種類": "津波計", "name": "S-net S2N26地震計", "観測点名ローマ字": "S2N26", "観測点コード": "N.S2N26", "緯度（度）": 36.1442, "経度（度）": 141.2021, "高さ（ｍ）": -730.0, "測器の深度（ｍ）": "1", "維持管理機関名": "防災科学技術研究所", "維持管理機関名（英語）": "NIED", "観測開始年（西暦）": 2016, "同月": 4, "観測機器名または観測項目": "水晶水圧計" }, "geometry": { "type": "Point", "coordinates": [ 141.2021, 36.1442 ] } },
{ "type": "Feature", "properties": { "観測の種類": "津波計", "name": "S-net S3N01地震計", "観測点名ローマ字": "S3N01", "観測点コード": "N.S3N01", "緯度（度）": 39.4497, "経度（度）": 142.4578, "高さ（ｍ）": -940.0, "測器の深度（ｍ）": "1", "維持管理機関名": "防災科学技術研究所", "維持管理機関名（英語）": "NIED", "観測開始年（西暦）": 2016, "同月": 4, "観測機器名または観測項目": "水晶水圧計" }, "geometry": { "type": "Point", "coordinates": [ 142.4578, 39.4497 ] } },
{ "type": "Feature", "properties": { "観測の種類": "津波計", "name": "S-net S3N02地震計", "観測点名ローマ字": "S3N02", "観測点コード": "N.S3N02", "緯度（度）": 39.3746, "経度（度）": 142.7918, "高さ（ｍ）": -1622.0, "測器の深度（ｍ）": null, "維持管理機関名": "防災科学技術研究所", "維持管理機関名（英語）": "NIED", "観測開始年（西暦）": 2016, "同月": 4, "観測機器名または観測項目": "水晶水圧計" }, "geometry": { "type": "Point", "coordinates": [ 142.7918, 39.3746 ] } },
{ "type": "Feature", "properties": { "観測の種類": "津波計", "name": "S-net S3N03地震計", "観測点名ローマ字": "S3N03", "観測点コード": "N.S3N03", "緯度（度）": 39.3231, "経度（度）": 143.1206, "高さ（ｍ）": -1890.0, "測器の深度（ｍ）": null, "維持管理機関名": "防災科学技術研究所", "維持管理機関名（英語）": "NIED", "観測開始年（西暦）": 2016, "同月": 4, "観測機器名または観測項目": "水晶水圧計" }, "geometry": { "type": "Point", "coordinates": [ 143.1206, 39.3231 ] } },
{ "type": "Feature", "properties": { "観測の種類": "津波計", "name": "S-net S3N04地震計", "観測点名ローマ字": "S3N04", "観測点コード": "N.S3N04", "緯度（度）": 39.2958, "経度（度）": 143.4544, "高さ（ｍ）": -2490.0, "測器の深度（ｍ）": null, "維持管理機関名": "防災科学技術研究所", "維持管理機関名（英語）": "NIED", "観測開始年（西暦）": 2016, "同月": 4, "観測機器名または観測項目": "水晶水圧計" }, "geometry": { "type": "Point", "coordinates": [ 143.4544, 39.2958 ] } },
{ "type": "Feature", "properties": { "観測の種類": "津波計", "name": "S-net S3N05地震計", "観測点名ローマ字": "S3N05", "観測点コード": "N.S3N05", "緯度（度）": 39.1906, "経度（度）": 143.7499, "高さ（ｍ）": -4308.0, "測器の深度（ｍ）": null, "維持管理機関名": "防災科学技術研究所", "維持管理機関名（英語）": "NIED", "観測開始年（西暦）": 2016, "同月": 4, "観測機器名または観測項目": "水晶水圧計" }, "geometry": { "type": "Point", "coordinates": [ 143.7499, 39.1906 ] } },
{ "type": "Feature", "properties": { "観測の種類": "津波計", "name": "S-net S3N06地震計", "観測点名ローマ字": "S3N06", "観測点コード": "N.S3N06", "緯度（度）": 39.0459, "経度（度）": 143.9305, "高さ（ｍ）": -5440.0, "測器の深度（ｍ）": null, "維持管理機関名": "防災科学技術研究所", "維持管理機関名（英語）": "NIED", "観測開始年（西暦）": 2016, "同月": 4, "観測機器名または観測項目": "水晶水圧計" }, "geometry": { "type": "Point", "coordinates": [ 143.9305, 39.0459 ] } },
{ "type": "Feature", "properties": { "観測の種類": "津波計", "name": "S-net S3N07地震計", "観測点名ローマ字": "S3N07", "観測点コード": "N.S3N07", "緯度（度）": 38.8308, "経度（度）": 143.7846, "高さ（ｍ）": -5231.0, "測器の深度（ｍ）": null, "維持管理機関名": "防災科学技術研究所", "維持管理機関名（英語）": "NIED", "観測開始年（西暦）": 2016, "同月": 4, "観測機器名または観測項目": "水晶水圧計" }, "geometry": { "type": "Point", "coordinates": [ 143.7846, 38.8308 ] } },
{ "type": "Feature", "properties": { "観測の種類": "津波計", "name": "S-net S3N08地震計", "観測点名ローマ字": "S3N08", "観測点コード": "N.S3N08", "緯度（度）": 38.7826, "経度（度）": 143.4769, "高さ（ｍ）": -2465.0, "測器の深度（ｍ）": null, "維持管理機関名": "防災科学技術研究所", "維持管理機関名（英語）": "NIED", "観測開始年（西暦）": 2016, "同月": 4, "観測機器名または観測項目": "水晶水圧計" }, "geometry": { "type": "Point", "coordinates": [ 143.4769, 38.7826 ] } },
{ "type": "Feature", "properties": { "観測の種類": "津波計", "name": "S-net S3N09地震計", "観測点名ローマ字": "S3N09", "観測点コード": "N.S3N09", "緯度（度）": 38.7739, "経度（度）": 143.1437, "高さ（ｍ）": -1779.0, "測器の深度（ｍ）": null, "維持管理機関名": "防災科学技術研究所", "維持管理機関名（英語）": "NIED", "観測開始年（西暦）": 2016, "同月": 4, "観測機器名または観測項目": "水晶水圧計" }, "geometry": { "type": "Point", "coordinates": [ 143.1437, 38.7739 ] } },
{ "type": "Feature", "properties": { "観測の種類": "津波計", "name": "S-net S3N10地震計", "観測点名ローマ字": "S3N10", "観測点コード": "N.S3N10", "緯度（度）": 38.8668, "経度（度）": 142.8212, "高さ（ｍ）": -1310.0, "測器の深度（ｍ）": "1", "維持管理機関名": "防災科学技術研究所", "維持管理機関名（英語）": "NIED", "観測開始年（西暦）": 2016, "同月": 4, "観測機器名または観測項目": "水晶水圧計" }, "geometry": { "type": "Point", "coordinates": [ 142.8212, 38.8668 ] } },
{ "type": "Feature", "properties": { "観測の種類": "津波計", "name": "S-net S3N11地震計", "観測点名ローマ字": "S3N11", "観測点コード": "N.S3N11", "緯度（度）": 38.9349, "経度（度）": 142.4873, "高さ（ｍ）": -1168.0, "測器の深度（ｍ）": "1", "維持管理機関名": "防災科学技術研究所", "維持管理機関名（英語）": "NIED", "観測開始年（西暦）": 2016, "同月": 4, "観測機器名または観測項目": "水晶水圧計" }, "geometry": { "type": "Point", "coordinates": [ 142.4873, 38.9349 ] } },
{ "type": "Feature", "properties": { "観測の種類": "津波計", "name": "S-net S3N12地震計", "観測点名ローマ字": "S3N12", "観測点コード": "N.S3N12", "緯度（度）": 38.8412, "経度（度）": 142.1816, "高さ（ｍ）": -558.0, "測器の深度（ｍ）": "1", "維持管理機関名": "防災科学技術研究所", "維持管理機関名（英語）": "NIED", "観測開始年（西暦）": 2016, "同月": 4, "観測機器名または観測項目": "水晶水圧計" }, "geometry": { "type": "Point", "coordinates": [ 142.1816, 38.8412 ] } },
{ "type": "Feature", "properties": { "観測の種類": "津波計", "name": "S-net S3N13地震計", "観測点名ローマ字": "S3N13", "観測点コード": "N.S3N13", "緯度（度）": 38.5901, "経度（度）": 142.1816, "高さ（ｍ）": -573.0, "測器の深度（ｍ）": "1", "維持管理機関名": "防災科学技術研究所", "維持管理機関名（英語）": "NIED", "観測開始年（西暦）": 2016, "同月": 4, "観測機器名または観測項目": "水晶水圧計" }, "geometry": { "type": "Point", "coordinates": [ 142.1816, 38.5901 ] } },
{ "type": "Feature", "properties": { "観測の種類": "津波計", "name": "S-net S3N14地震計", "観測点名ローマ字": "S3N14", "観測点コード": "N.S3N14", "緯度（度）": 38.4993, "経度（度）": 142.5002, "高さ（ｍ）": -1092.0, "測器の深度（ｍ）": "1", "維持管理機関名": "防災科学技術研究所", "維持管理機関名（英語）": "NIED", "観測開始年（西暦）": 2016, "同月": 4, "観測機器名または観測項目": "水晶水圧計" }, "geometry": { "type": "Point", "coordinates": [ 142.5002, 38.4993 ] } },
{ "type": "Feature", "properties": { "観測の種類": "津波計", "name": "S-net S3N15地震計", "観測点名ローマ字": "S3N15", "観測点コード": "N.S3N15", "緯度（度）": 38.4487, "経度（度）": 142.8376, "高さ（ｍ）": -1472.0, "測器の深度（ｍ）": "1", "維持管理機関名": "防災科学技術研究所", "維持管理機関名（英語）": "NIED", "観測開始年（西暦）": 2016, "同月": 4, "観測機器名または観測項目": "水晶水圧計" }, "geometry": { "type": "Point", "coordinates": [ 142.8376, 38.4487 ] } },
{ "type": "Feature", "properties": { "観測の種類": "津波計", "name": "S-net S3N16地震計", "観測点名ローマ字": "S3N16", "観測点コード": "N.S3N16", "緯度（度）": 38.4262, "経度（度）": 143.1703, "高さ（ｍ）": -2420.0, "測器の深度（ｍ）": null, "維持管理機関名": "防災科学技術研究所", "維持管理機関名（英語）": "NIED", "観測開始年（西暦）": 2016, "同月": 4, "観測機器名または観測項目": "水晶水圧計" }, "geometry": { "type": "Point", "coordinates": [ 143.1703, 38.4262 ] } },
{ "type": "Feature", "properties": { "観測の種類": "津波計", "name": "S-net S3N17地震計", "観測点名ローマ字": "S3N17", "観測点コード": "N.S3N17", "緯度（度）": 38.3978, "経度（度）": 143.5139, "高さ（ｍ）": -3020.0, "測器の深度（ｍ）": null, "維持管理機関名": "防災科学技術研究所", "維持管理機関名（英語）": "NIED", "観測開始年（西暦）": 2016, "同月": 4, "観測機器名または観測項目": "水晶水圧計" }, "geometry": { "type": "Point", "coordinates": [ 143.5139, 38.3978 ] } },
{ "type": "Feature", "properties": { "観測の種類": "津波計", "name": "S-net S3N18地震計", "観測点名ローマ字": "S3N18", "観測点コード": "N.S3N18", "緯度（度）": 38.3063, "経度（度）": 143.781, "高さ（ｍ）": -5528.0, "測器の深度（ｍ）": null, "維持管理機関名": "防災科学技術研究所", "維持管理機関名（英語）": "NIED", "観測開始年（西暦）": 2016, "同月": 4, "観測機器名または観測項目": "水晶水圧計" }, "geometry": { "type": "Point", "coordinates": [ 143.781, 38.3063 ] } },
{ "type": "Feature", "properties": { "観測の種類": "津波計", "name": "S-net S3N19地震計", "観測点名ローマ字": "S3N19", "観測点コード": "N.S3N19", "緯度（度）": 38.0594, "経度（度）": 143.7441, "高さ（ｍ）": -5591.0, "測器の深度（ｍ）": null, "維持管理機関名": "防災科学技術研究所", "維持管理機関名（英語）": "NIED", "観測開始年（西暦）": 2016, "同月": 4, "観測機器名または観測項目": "水晶水圧計" }, "geometry": { "type": "Point", "coordinates": [ 143.7441, 38.0594 ] } },
{ "type": "Feature", "properties": { "観測の種類": "津波計", "name": "S-net S3N20地震計", "観測点名ローマ字": "S3N20", "観測点コード": "N.S3N20", "緯度（度）": 37.9311, "経度（度）": 143.5675, "高さ（ｍ）": -5225.0, "測器の深度（ｍ）": null, "維持管理機関名": "防災科学技術研究所", "維持管理機関名（英語）": "NIED", "観測開始年（西暦）": 2016, "同月": 4, "観測機器名または観測項目": "水晶水圧計" }, "geometry": { "type": "Point", "coordinates": [ 143.5675, 37.9311 ] } },
{ "type": "Feature", "properties": { "観測の種類": "津波計", "name": "S-net S3N21地震計", "観測点名ローマ字": "S3N21", "観測点コード": "N.S3N21", "緯度（度）": 37.9713, "経度（度）": 143.2454, "高さ（ｍ）": -2779.0, "測器の深度（ｍ）": null, "維持管理機関名": "防災科学技術研究所", "維持管理機関名（英語）": "NIED", "観測開始年（西暦）": 2016, "同月": 4, "観測機器名または観測項目": "水晶水圧計" }, "geometry": { "type": "Point", "coordinates": [ 143.2454, 37.9713 ] } },
{ "type": "Feature", "properties": { "観測の種類": "津波計", "name": "S-net S3N22地震計", "観測点名ローマ字": "S3N22", "観測点コード": "N.S3N22", "緯度（度）": 37.9838, "経度（度）": 142.9072, "高さ（ｍ）": -1645.0, "測器の深度（ｍ）": null, "維持管理機関名": "防災科学技術研究所", "維持管理機関名（英語）": "NIED", "観測開始年（西暦）": 2016, "同月": 4, "観測機器名または観測項目": "水晶水圧計" }, "geometry": { "type": "Point", "coordinates": [ 142.9072, 37.9838 ] } },
{ "type": "Feature", "properties": { "観測の種類": "津波計", "name": "S-net S3N23地震計", "観測点名ローマ字": "S3N23", "観測点コード": "N.S3N23", "緯度（度）": 38.027, "経度（度）": 142.5735, "高さ（ｍ）": -1220.0, "測器の深度（ｍ）": "1", "維持管理機関名": "防災科学技術研究所", "維持管理機関名（英語）": "NIED", "観測開始年（西暦）": 2016, "同月": 4, "観測機器名または観測項目": "水晶水圧計" }, "geometry": { "type": "Point", "coordinates": [ 142.5735, 38.027 ] } },
{ "type": "Feature", "properties": { "観測の種類": "津波計", "name": "S-net S3N24地震計", "観測点名ローマ字": "S3N24", "観測点コード": "N.S3N24", "緯度（度）": 38.0569, "経度（度）": 142.234, "高さ（ｍ）": -849.0, "測器の深度（ｍ）": "1", "維持管理機関名": "防災科学技術研究所", "維持管理機関名（英語）": "NIED", "観測開始年（西暦）": 2016, "同月": 4, "観測機器名または観測項目": "水晶水圧計" }, "geometry": { "type": "Point", "coordinates": [ 142.234, 38.0569 ] } },
{ "type": "Feature", "properties": { "観測の種類": "津波計", "name": "S-net S3N25地震計", "観測点名ローマ字": "S3N25", "観測点コード": "N.S3N25", "緯度（度）": 38.0972, "経度（度）": 141.8957, "高さ（ｍ）": -230.0, "測器の深度（ｍ）": "1", "維持管理機関名": "防災科学技術研究所", "維持管理機関名（英語）": "NIED", "観測開始年（西暦）": 2016, "同月": 4, "観測機器名または観測項目": "水晶水圧計" }, "geometry": { "type": "Point", "coordinates": [ 141.8957, 38.0972 ] } },
{ "type": "Feature", "properties": { "観測の種類": "津波計", "name": "S-net S3N26地震計", "観測点名ローマ字": "S3N26", "観測点コード": "N.S3N26", "緯度（度）": 38.106, "経度（度）": 141.5572, "高さ（ｍ）": -128.0, "測器の深度（ｍ）": "1", "維持管理機関名": "防災科学技術研究所", "維持管理機関名（英語）": "NIED", "観測開始年（西暦）": 2016, "同月": 4, "観測機器名または観測項目": "水晶水圧計" }, "geometry": { "type": "Point", "coordinates": [ 141.5572, 38.106 ] } },
{ "type": "Feature", "properties": { "観測の種類": "津波計", "name": "S-net S4N01地震計", "観測点名ローマ字": "S4N01", "観測点コード": "N.S4N01", "緯度（度）": 40.7881, "経度（度）": 141.7895, "高さ（ｍ）": -139.0, "測器の深度（ｍ）": "1", "維持管理機関名": "防災科学技術研究所", "維持管理機関名（英語）": "NIED", "観測開始年（西暦）": 2016, "同月": 4, "観測機器名または観測項目": "水晶水圧計" }, "geometry": { "type": "Point", "coordinates": [ 141.7895, 40.7881 ] } },
{ "type": "Feature", "properties": { "観測の種類": "津波計", "name": "S-net S4N02地震計", "観測点名ローマ字": "S4N02", "観測点コード": "N.S4N02", "緯度（度）": 40.9069, "経度（度）": 142.1057, "高さ（ｍ）": -858.0, "測器の深度（ｍ）": "1", "維持管理機関名": "防災科学技術研究所", "維持管理機関名（英語）": "NIED", "観測開始年（西暦）": 2016, "同月": 4, "観測機器名または観測項目": "水晶水圧計" }, "geometry": { "type": "Point", "coordinates": [ 142.1057, 40.9069 ] } },
{ "type": "Feature", "properties": { "観測の種類": "津波計", "name": "S-net S4N03地震計", "観測点名ローマ字": "S4N03", "観測点コード": "N.S4N03", "緯度（度）": 41.0156, "経度（度）": 142.4314, "高さ（ｍ）": -1425.0, "測器の深度（ｍ）": "1", "維持管理機関名": "防災科学技術研究所", "維持管理機関名（英語）": "NIED", "観測開始年（西暦）": 2016, "同月": 4, "観測機器名または観測項目": "水晶水圧計" }, "geometry": { "type": "Point", "coordinates": [ 142.4314, 41.0156 ] } },
{ "type": "Feature", "properties": { "観測の種類": "津波計", "name": "S-net S4N04地震計", "観測点名ローマ字": "S4N04", "観測点コード": "N.S4N04", "緯度（度）": 41.0762, "経度（度）": 142.7706, "高さ（ｍ）": -1798.0, "測器の深度（ｍ）": null, "維持管理機関名": "防災科学技術研究所", "維持管理機関名（英語）": "NIED", "観測開始年（西暦）": 2016, "同月": 4, "観測機器名または観測項目": "水晶水圧計" }, "geometry": { "type": "Point", "coordinates": [ 142.7706, 41.0762 ] } },
{ "type": "Feature", "properties": { "観測の種類": "津波計", "name": "S-net S4N05地震計", "観測点名ローマ字": "S4N05", "観測点コード": "N.S4N05", "緯度（度）": 41.0443, "経度（度）": 143.1138, "高さ（ｍ）": -1940.0, "測器の深度（ｍ）": null, "維持管理機関名": "防災科学技術研究所", "維持管理機関名（英語）": "NIED", "観測開始年（西暦）": 2016, "同月": 4, "観測機器名または観測項目": "水晶水圧計" }, "geometry": { "type": "Point", "coordinates": [ 143.1138, 41.0443 ] } },
{ "type": "Feature", "properties": { "観測の種類": "津波計", "name": "S-net S4N06地震計", "観測点名ローマ字": "S4N06", "観測点コード": "N.S4N06", "緯度（度）": 40.9718, "経度（度）": 143.4481, "高さ（ｍ）": -1970.0, "測器の深度（ｍ）": null, "維持管理機関名": "防災科学技術研究所", "維持管理機関名（英語）": "NIED", "観測開始年（西暦）": 2016, "同月": 4, "観測機器名または観測項目": "水晶水圧計" }, "geometry": { "type": "Point", "coordinates": [ 143.4481, 40.9718 ] } },
{ "type": "Feature", "properties": { "観測の種類": "津波計", "name": "S-net S4N07地震計", "観測点名ローマ字": "S4N07", "観測点コード": "N.S4N07", "緯度（度）": 40.882, "経度（度）": 143.7746, "高さ（ｍ）": -2613.0, "測器の深度（ｍ）": null, "維持管理機関名": "防災科学技術研究所", "維持管理機関名（英語）": "NIED", "観測開始年（西暦）": 2016, "同月": 4, "観測機器名または観測項目": "水晶水圧計" }, "geometry": { "type": "Point", "coordinates": [ 143.7746, 40.882 ] } },
{ "type": "Feature", "properties": { "観測の種類": "津波計", "name": "S-net S4N08地震計", "観測点名ローマ字": "S4N08", "観測点コード": "N.S4N08", "緯度（度）": 40.7805, "経度（度）": 144.0905, "高さ（ｍ）": -5060.0, "測器の深度（ｍ）": null, "維持管理機関名": "防災科学技術研究所", "維持管理機関名（英語）": "NIED", "観測開始年（西暦）": 2016, "同月": 4, "観測機器名または観測項目": "水晶水圧計" }, "geometry": { "type": "Point", "coordinates": [ 144.0905, 40.7805 ] } },
{ "type": "Feature", "properties": { "観測の種類": "津波計", "name": "S-net S4N09地震計", "観測点名ローマ字": "S4N09", "観測点コード": "N.S4N09", "緯度（度）": 40.5521, "経度（度）": 144.1332, "高さ（ｍ）": -5095.0, "測器の深度（ｍ）": null, "維持管理機関名": "防災科学技術研究所", "維持管理機関名（英語）": "NIED", "観測開始年（西暦）": 2016, "同月": 4, "観測機器名または観測項目": "水晶水圧計" }, "geometry": { "type": "Point", "coordinates": [ 144.1332, 40.5521 ] } },
{ "type": "Feature", "properties": { "観測の種類": "津波計", "name": "S-net S4N10地震計", "観測点名ローマ字": "S4N10", "観測点コード": "N.S4N10", "緯度（度）": 40.4327, "経度（度）": 143.8887, "高さ（ｍ）": -3897.0, "測器の深度（ｍ）": null, "維持管理機関名": "防災科学技術研究所", "維持管理機関名（英語）": "NIED", "観測開始年（西暦）": 2016, "同月": 4, "観測機器名または観測項目": "水晶水圧計" }, "geometry": { "type": "Point", "coordinates": [ 143.8887, 40.4327 ] } },
{ "type": "Feature", "properties": { "観測の種類": "津波計", "name": "S-net S4N11地震計", "観測点名ローマ字": "S4N11", "観測点コード": "N.S4N11", "緯度（度）": 40.4353, "経度（度）": 143.543, "高さ（ｍ）": -2273.0, "測器の深度（ｍ）": null, "維持管理機関名": "防災科学技術研究所", "維持管理機関名（英語）": "NIED", "観測開始年（西暦）": 2016, "同月": 4, "観測機器名または観測項目": "水晶水圧計" }, "geometry": { "type": "Point", "coordinates": [ 143.543, 40.4353 ] } },
{ "type": "Feature", "properties": { "観測の種類": "津波計", "name": "S-net S4N12地震計", "観測点名ローマ字": "S4N12", "観測点コード": "N.S4N12", "緯度（度）": 40.4515, "経度（度）": 143.2015, "高さ（ｍ）": -1711.0, "測器の深度（ｍ）": null, "維持管理機関名": "防災科学技術研究所", "維持管理機関名（英語）": "NIED", "観測開始年（西暦）": 2016, "同月": 4, "観測機器名または観測項目": "水晶水圧計" }, "geometry": { "type": "Point", "coordinates": [ 143.2015, 40.4515 ] } },
{ "type": "Feature", "properties": { "観測の種類": "津波計", "name": "S-net S4N13地震計", "観測点名ローマ字": "S4N13", "観測点コード": "N.S4N13", "緯度（度）": 40.5196, "経度（度）": 142.9617, "高さ（ｍ）": -1537.0, "測器の深度（ｍ）": null, "維持管理機関名": "防災科学技術研究所", "維持管理機関名（英語）": "NIED", "観測開始年（西暦）": 2016, "同月": 4, "観測機器名または観測項目": "水晶水圧計" }, "geometry": { "type": "Point", "coordinates": [ 142.9617, 40.5196 ] } },
{ "type": "Feature", "properties": { "観測の種類": "津波計", "name": "S-net S4N14地震計", "観測点名ローマ字": "S4N14", "観測点コード": "N.S4N14", "緯度（度）": 40.5927, "経度（度）": 142.634, "高さ（ｍ）": -1393.0, "測器の深度（ｍ）": "1", "維持管理機関名": "防災科学技術研究所", "維持管理機関名（英語）": "NIED", "観測開始年（西暦）": 2016, "同月": 4, "観測機器名または観測項目": "水晶水圧計" }, "geometry": { "type": "Point", "coordinates": [ 142.634, 40.5927 ] } },
{ "type": "Feature", "properties": { "観測の種類": "津波計", "name": "S-net S4N15地震計", "観測点名ローマ字": "S4N15", "観測点コード": "N.S4N15", "緯度（度）": 40.5933, "経度（度）": 142.2844, "高さ（ｍ）": -816.0, "測器の深度（ｍ）": "1", "維持管理機関名": "防災科学技術研究所", "維持管理機関名（英語）": "NIED", "観測開始年（西暦）": 2016, "同月": 4, "観測機器名または観測項目": "水晶水圧計" }, "geometry": { "type": "Point", "coordinates": [ 142.2844, 40.5933 ] } },
{ "type": "Feature", "properties": { "観測の種類": "津波計", "name": "S-net S4N16地震計", "観測点名ローマ字": "S4N16", "観測点コード": "N.S4N16", "緯度（度）": 40.3295, "経度（度）": 142.2673, "高さ（ｍ）": -559.0, "測器の深度（ｍ）": "1", "維持管理機関名": "防災科学技術研究所", "維持管理機関名（英語）": "NIED", "観測開始年（西暦）": 2016, "同月": 4, "観測機器名または観測項目": "水晶水圧計" }, "geometry": { "type": "Point", "coordinates": [ 142.2673, 40.3295 ] } },
{ "type": "Feature", "properties": { "観測の種類": "津波計", "name": "S-net S4N17地震計", "観測点名ローマ字": "S4N17", "観測点コード": "N.S4N17", "緯度（度）": 40.1165, "経度（度）": 142.3926, "高さ（ｍ）": -681.0, "測器の深度（ｍ）": "1", "維持管理機関名": "防災科学技術研究所", "維持管理機関名（英語）": "NIED", "観測開始年（西暦）": 2016, "同月": 4, "観測機器名または観測項目": "水晶水圧計" }, "geometry": { "type": "Point", "coordinates": [ 142.3926, 40.1165 ] } },
{ "type": "Feature", "properties": { "観測の種類": "津波計", "name": "S-net S4N18地震計", "観測点名ローマ字": "S4N18", "観測点コード": "N.S4N18", "緯度（度）": 40.1088, "経度（度）": 142.6222, "高さ（ｍ）": -969.0, "測器の深度（ｍ）": "1", "維持管理機関名": "防災科学技術研究所", "維持管理機関名（英語）": "NIED", "観測開始年（西暦）": 2016, "同月": 4, "観測機器名または観測項目": "水晶水圧計" }, "geometry": { "type": "Point", "coordinates": [ 142.6222, 40.1088 ] } },
{ "type": "Feature", "properties": { "観測の種類": "津波計", "name": "S-net S4N19地震計", "観測点名ローマ字": "S4N19", "観測点コード": "N.S4N19", "緯度（度）": 40.0904, "経度（度）": 142.9695, "高さ（ｍ）": -1256.0, "測器の深度（ｍ）": "1", "維持管理機関名": "防災科学技術研究所", "維持管理機関名（英語）": "NIED", "観測開始年（西暦）": 2016, "同月": 4, "観測機器名または観測項目": "水晶水圧計" }, "geometry": { "type": "Point", "coordinates": [ 142.9695, 40.0904 ] } },
{ "type": "Feature", "properties": { "観測の種類": "津波計", "name": "S-net S4N20地震計", "観測点名ローマ字": "S4N20", "観測点コード": "N.S4N20", "緯度（度）": 40.0743, "経度（度）": 143.321, "高さ（ｍ）": -1329.0, "測器の深度（ｍ）": "1", "維持管理機関名": "防災科学技術研究所", "維持管理機関名（英語）": "NIED", "観測開始年（西暦）": 2016, "同月": 4, "観測機器名または観測項目": "水晶水圧計" }, "geometry": { "type": "Point", "coordinates": [ 143.321, 40.0743 ] } },
{ "type": "Feature", "properties": { "観測の種類": "津波計", "name": "S-net S4N21地震計", "観測点名ローマ字": "S4N21", "観測点コード": "N.S4N21", "緯度（度）": 40.0863, "経度（度）": 143.6572, "高さ（ｍ）": -2456.0, "測器の深度（ｍ）": null, "維持管理機関名": "防災科学技術研究所", "維持管理機関名（英語）": "NIED", "観測開始年（西暦）": 2016, "同月": 4, "観測機器名または観測項目": "水晶水圧計" }, "geometry": { "type": "Point", "coordinates": [ 143.6572, 40.0863 ] } },
{ "type": "Feature", "properties": { "観測の種類": "津波計", "name": "S-net S4N22地震計", "観測点名ローマ字": "S4N22", "観測点コード": "N.S4N22", "緯度（度）": 40.026, "経度（度）": 143.9547, "高さ（ｍ）": -4107.0, "測器の深度（ｍ）": null, "維持管理機関名": "防災科学技術研究所", "維持管理機関名（英語）": "NIED", "観測開始年（西暦）": 2016, "同月": 4, "観測機器名または観測項目": "水晶水圧計" }, "geometry": { "type": "Point", "coordinates": [ 143.9547, 40.026 ] } },
{ "type": "Feature", "properties": { "観測の種類": "津波計", "name": "S-net S4N23地震計", "観測点名ローマ字": "S4N23", "観測点コード": "N.S4N23", "緯度（度）": 39.7718, "経度（度）": 143.9259, "高さ（ｍ）": -4358.0, "測器の深度（ｍ）": null, "維持管理機関名": "防災科学技術研究所", "維持管理機関名（英語）": "NIED", "観測開始年（西暦）": 2016, "同月": 4, "観測機器名または観測項目": "水晶水圧計" }, "geometry": { "type": "Point", "coordinates": [ 143.9259, 39.7718 ] } },
{ "type": "Feature", "properties": { "観測の種類": "津波計", "name": "S-net S4N24地震計", "観測点名ローマ字": "S4N24", "観測点コード": "N.S4N24", "緯度（度）": 39.6388, "経度（度）": 143.7154, "高さ（ｍ）": -2936.0, "測器の深度（ｍ）": null, "維持管理機関名": "防災科学技術研究所", "維持管理機関名（英語）": "NIED", "観測開始年（西暦）": 2016, "同月": 4, "観測機器名または観測項目": "水晶水圧計" }, "geometry": { "type": "Point", "coordinates": [ 143.7154, 39.6388 ] } },
{ "type": "Feature", "properties": { "観測の種類": "津波計", "name": "S-net S4N25地震計", "観測点名ローマ字": "S4N25", "観測点コード": "N.S4N25", "緯度（度）": 39.6976, "経度（度）": 143.3749, "高さ（ｍ）": -2228.0, "測器の深度（ｍ）": null, "維持管理機関名": "防災科学技術研究所", "維持管理機関名（英語）": "NIED", "観測開始年（西暦）": 2016, "同月": 4, "観測機器名または観測項目": "水晶水圧計" }, "geometry": { "type": "Point", "coordinates": [ 143.3749, 39.6976 ] } },
{ "type": "Feature", "properties": { "観測の種類": "津波計", "name": "S-net S4N26地震計", "観測点名ローマ字": "S4N26", "観測点コード": "N.S4N26", "緯度（度）": 39.7245, "経度（度）": 143.0384, "高さ（ｍ）": -1569.0, "測器の深度（ｍ）": null, "維持管理機関名": "防災科学技術研究所", "維持管理機関名（英語）": "NIED", "観測開始年（西暦）": 2016, "同月": 4, "観測機器名または観測項目": "水晶水圧計" }, "geometry": { "type": "Point", "coordinates": [ 143.0384, 39.7245 ] } },
{ "type": "Feature", "properties": { "観測の種類": "津波計", "name": "S-net S4N27地震計", "観測点名ローマ字": "S4N27", "観測点コード": "N.S4N27", "緯度（度）": 39.7445, "経度（度）": 142.6903, "高さ（ｍ）": -914.0, "測器の深度（ｍ）": "1", "維持管理機関名": "防災科学技術研究所", "維持管理機関名（英語）": "NIED", "観測開始年（西暦）": 2016, "同月": 4, "観測機器名または観測項目": "水晶水圧計" }, "geometry": { "type": "Point", "coordinates": [ 142.6903, 39.7445 ] } },
{ "type": "Feature", "properties": { "観測の種類": "津波計", "name": "S-net S4N28地震計", "観測点名ローマ字": "S4N28", "観測点コード": "N.S4N28", "緯度（度）": 39.7385, "経度（度）": 142.3408, "高さ（ｍ）": -569.0, "測器の深度（ｍ）": "1", "維持管理機関名": "防災科学技術研究所", "維持管理機関名（英語）": "NIED", "観測開始年（西暦）": 2016, "同月": 4, "観測機器名または観測項目": "水晶水圧計" }, "geometry": { "type": "Point", "coordinates": [ 142.3408, 39.7385 ] } },
{ "type": "Feature", "properties": { "観測の種類": "津波計", "name": "S-net S5N01地震計", "観測点名ローマ字": "S5N01", "観測点コード": "N.S5N01", "緯度（度）": 42.7688, "経度（度）": 145.7115, "高さ（ｍ）": -2052.0, "測器の深度（ｍ）": null, "維持管理機関名": "防災科学技術研究所", "維持管理機関名（英語）": "NIED", "観測開始年（西暦）": 2016, "同月": 4, "観測機器名または観測項目": "水晶水圧計" }, "geometry": { "type": "Point", "coordinates": [ 145.7115, 42.7688 ] } },
{ "type": "Feature", "properties": { "観測の種類": "津波計", "name": "S-net S5N02地震計", "観測点名ローマ字": "S5N02", "観測点コード": "N.S5N02", "緯度（度）": 42.6403, "経度（度）": 145.4063, "高さ（ｍ）": -2042.0, "測器の深度（ｍ）": null, "維持管理機関名": "防災科学技術研究所", "維持管理機関名（英語）": "NIED", "観測開始年（西暦）": 2016, "同月": 4, "観測機器名または観測項目": "水晶水圧計" }, "geometry": { "type": "Point", "coordinates": [ 145.4063, 42.6403 ] } },
{ "type": "Feature", "properties": { "観測の種類": "津波計", "name": "S-net S5N03地震計", "観測点名ローマ字": "S5N03", "観測点コード": "N.S5N03", "緯度（度）": 42.4802, "経度（度）": 145.1433, "高さ（ｍ）": -1985.0, "測器の深度（ｍ）": null, "維持管理機関名": "防災科学技術研究所", "維持管理機関名（英語）": "NIED", "観測開始年（西暦）": 2016, "同月": 4, "観測機器名または観測項目": "水晶水圧計" }, "geometry": { "type": "Point", "coordinates": [ 145.1433, 42.4802 ] } },
{ "type": "Feature", "properties": { "観測の種類": "津波計", "name": "S-net S5N04地震計", "観測点名ローマ字": "S5N04", "観測点コード": "N.S5N04", "緯度（度）": 42.2286, "経度（度）": 145.204, "高さ（ｍ）": -3149.0, "測器の深度（ｍ）": null, "維持管理機関名": "防災科学技術研究所", "維持管理機関名（英語）": "NIED", "観測開始年（西暦）": 2016, "同月": 4, "観測機器名または観測項目": "水晶水圧計" }, "geometry": { "type": "Point", "coordinates": [ 145.204, 42.2286 ] } },
{ "type": "Feature", "properties": { "観測の種類": "津波計", "name": "S-net S5N05地震計", "観測点名ローマ字": "S5N05", "観測点コード": "N.S5N05", "緯度（度）": 42.0615, "経度（度）": 145.437, "高さ（ｍ）": -3813.0, "測器の深度（ｍ）": null, "維持管理機関名": "防災科学技術研究所", "維持管理機関名（英語）": "NIED", "観測開始年（西暦）": 2016, "同月": 4, "観測機器名または観測項目": "水晶水圧計" }, "geometry": { "type": "Point", "coordinates": [ 145.437, 42.0615 ] } },
{ "type": "Feature", "properties": { "観測の種類": "津波計", "name": "S-net S5N06地震計", "観測点名ローマ字": "S5N06", "観測点コード": "N.S5N06", "緯度（度）": 41.884, "経度（度）": 145.6544, "高さ（ｍ）": -5619.0, "測器の深度（ｍ）": null, "維持管理機関名": "防災科学技術研究所", "維持管理機関名（英語）": "NIED", "観測開始年（西暦）": 2016, "同月": 4, "観測機器名または観測項目": "水晶水圧計" }, "geometry": { "type": "Point", "coordinates": [ 145.6544, 41.884 ] } },
{ "type": "Feature", "properties": { "観測の種類": "津波計", "name": "S-net S5N07地震計", "観測点名ローマ字": "S5N07", "観測点コード": "N.S5N07", "緯度（度）": 41.6637, "経度（度）": 145.5291, "高さ（ｍ）": -5953.0, "測器の深度（ｍ）": null, "維持管理機関名": "防災科学技術研究所", "維持管理機関名（英語）": "NIED", "観測開始年（西暦）": 2016, "同月": 4, "観測機器名または観測項目": "水晶水圧計" }, "geometry": { "type": "Point", "coordinates": [ 145.5291, 41.6637 ] } },
{ "type": "Feature", "properties": { "観測の種類": "津波計", "name": "S-net S5N08地震計", "観測点名ローマ字": "S5N08", "観測点コード": "N.S5N08", "緯度（度）": 41.5301, "経度（度）": 145.2483, "高さ（ｍ）": -5980.0, "測器の深度（ｍ）": null, "維持管理機関名": "防災科学技術研究所", "維持管理機関名（英語）": "NIED", "観測開始年（西暦）": 2016, "同月": 4, "観測機器名または観測項目": "水晶水圧計" }, "geometry": { "type": "Point", "coordinates": [ 145.2483, 41.5301 ] } },
{ "type": "Feature", "properties": { "観測の種類": "津波計", "name": "S-net S5N09地震計", "観測点名ローマ字": "S5N09", "観測点コード": "N.S5N09", "緯度（度）": 41.521, "経度（度）": 144.905, "高さ（ｍ）": -5100.0, "測器の深度（ｍ）": null, "維持管理機関名": "防災科学技術研究所", "維持管理機関名（英語）": "NIED", "観測開始年（西暦）": 2016, "同月": 4, "観測機器名または観測項目": "水晶水圧計" }, "geometry": { "type": "Point", "coordinates": [ 144.905, 41.521 ] } },
{ "type": "Feature", "properties": { "観測の種類": "津波計", "name": "S-net S5N10地震計", "観測点名ローマ字": "S5N10", "観測点コード": "N.S5N10", "緯度（度）": 41.6541, "経度（度）": 144.6716, "高さ（ｍ）": -4103.0, "測器の深度（ｍ）": null, "維持管理機関名": "防災科学技術研究所", "維持管理機関名（英語）": "NIED", "観測開始年（西暦）": 2016, "同月": 4, "観測機器名または観測項目": "水晶水圧計" }, "geometry": { "type": "Point", "coordinates": [ 144.6716, 41.6541 ] } },
{ "type": "Feature", "properties": { "観測の種類": "津波計", "name": "S-net S5N11地震計", "観測点名ローマ字": "S5N11", "観測点コード": "N.S5N11", "緯度（度）": 41.9072, "経度（度）": 144.6955, "高さ（ｍ）": -2093.0, "測器の深度（ｍ）": null, "維持管理機関名": "防災科学技術研究所", "維持管理機関名（英語）": "NIED", "観測開始年（西暦）": 2016, "同月": 4, "観測機器名または観測項目": "水晶水圧計" }, "geometry": { "type": "Point", "coordinates": [ 144.6955, 41.9072 ] } },
{ "type": "Feature", "properties": { "観測の種類": "津波計", "name": "S-net S5N12地震計", "観測点名ローマ字": "S5N12", "観測点コード": "N.S5N12", "緯度（度）": 42.0784, "経度（度）": 144.6375, "高さ（ｍ）": -1772.0, "測器の深度（ｍ）": null, "維持管理機関名": "防災科学技術研究所", "維持管理機関名（英語）": "NIED", "観測開始年（西暦）": 2016, "同月": 4, "観測機器名または観測項目": "水晶水圧計" }, "geometry": { "type": "Point", "coordinates": [ 144.6375, 42.0784 ] } },
{ "type": "Feature", "properties": { "観測の種類": "津波計", "name": "S-net S5N13地震計", "観測点名ローマ字": "S5N13", "観測点コード": "N.S5N13", "緯度（度）": 41.9792, "経度（度）": 144.3445, "高さ（ｍ）": -1607.0, "測器の深度（ｍ）": null, "維持管理機関名": "防災科学技術研究所", "維持管理機関名（英語）": "NIED", "観測開始年（西暦）": 2016, "同月": 4, "観測機器名または観測項目": "水晶水圧計" }, "geometry": { "type": "Point", "coordinates": [ 144.3445, 41.9792 ] } },
{ "type": "Feature", "properties": { "観測の種類": "津波計", "name": "S-net S5N14地震計", "観測点名ローマ字": "S5N14", "観測点コード": "N.S5N14", "緯度（度）": 41.7475, "経度（度）": 144.1779, "高さ（ｍ）": -1592.0, "測器の深度（ｍ）": null, "維持管理機関名": "防災科学技術研究所", "維持管理機関名（英語）": "NIED", "観測開始年（西暦）": 2016, "同月": 4, "観測機器名または観測項目": "水晶水圧計" }, "geometry": { "type": "Point", "coordinates": [ 144.1779, 41.7475 ] } },
{ "type": "Feature", "properties": { "観測の種類": "津波計", "name": "S-net S5N15地震計", "観測点名ローマ字": "S5N15", "観測点コード": "N.S5N15", "緯度（度）": 41.4961, "経度（度）": 144.0879, "高さ（ｍ）": -1950.0, "測器の深度（ｍ）": null, "維持管理機関名": "防災科学技術研究所", "維持管理機関名（英語）": "NIED", "観測開始年（西暦）": 2016, "同月": 4, "観測機器名または観測項目": "水晶水圧計" }, "geometry": { "type": "Point", "coordinates": [ 144.0879, 41.4961 ] } },
{ "type": "Feature", "properties": { "観測の種類": "津波計", "name": "S-net S5N16地震計", "観測点名ローマ字": "S5N16", "観測点コード": "N.S5N16", "緯度（度）": 41.3742, "経度（度）": 143.8006, "高さ（ｍ）": -2380.0, "測器の深度（ｍ）": null, "維持管理機関名": "防災科学技術研究所", "維持管理機関名（英語）": "NIED", "観測開始年（西暦）": 2016, "同月": 4, "観測機器名または観測項目": "水晶水圧計" }, "geometry": { "type": "Point", "coordinates": [ 143.8006, 41.3742 ] } },
{ "type": "Feature", "properties": { "観測の種類": "津波計", "name": "S-net S5N17地震計", "観測点名ローマ字": "S5N17", "観測点コード": "N.S5N17", "緯度（度）": 41.3643, "経度（度）": 143.453, "高さ（ｍ）": -2023.0, "測器の深度（ｍ）": null, "維持管理機関名": "防災科学技術研究所", "維持管理機関名（英語）": "NIED", "観測開始年（西暦）": 2016, "同月": 4, "観測機器名または観測項目": "水晶水圧計" }, "geometry": { "type": "Point", "coordinates": [ 143.453, 41.3643 ] } },
{ "type": "Feature", "properties": { "観測の種類": "津波計", "name": "S-net S5N18地震計", "観測点名ローマ字": "S5N18", "観測点コード": "N.S5N18", "緯度（度）": 41.4351, "経度（度）": 143.1264, "高さ（ｍ）": -1509.0, "測器の深度（ｍ）": null, "維持管理機関名": "防災科学技術研究所", "維持管理機関名（英語）": "NIED", "観測開始年（西暦）": 2016, "同月": 4, "観測機器名または観測項目": "水晶水圧計" }, "geometry": { "type": "Point", "coordinates": [ 143.1264, 41.4351 ] } },
{ "type": "Feature", "properties": { "観測の種類": "津波計", "name": "S-net S5N19地震計", "観測点名ローマ字": "S5N19", "観測点コード": "N.S5N19", "緯度（度）": 41.5607, "経度（度）": 142.8177, "高さ（ｍ）": -986.0, "測器の深度（ｍ）": "1", "維持管理機関名": "防災科学技術研究所", "維持管理機関名（英語）": "NIED", "観測開始年（西暦）": 2016, "同月": 4, "観測機器名または観測項目": "水晶水圧計" }, "geometry": { "type": "Point", "coordinates": [ 142.8177, 41.5607 ] } },
{ "type": "Feature", "properties": { "観測の種類": "津波計", "name": "S-net S5N20地震計", "観測点名ローマ字": "S5N20", "観測点コード": "N.S5N20", "緯度（度）": 41.6095, "経度（度）": 142.4787, "高さ（ｍ）": -1165.0, "測器の深度（ｍ）": "1", "維持管理機関名": "防災科学技術研究所", "維持管理機関名（英語）": "NIED", "観測開始年（西暦）": 2016, "同月": 4, "観測機器名または観測項目": "水晶水圧計" }, "geometry": { "type": "Point", "coordinates": [ 142.4787, 41.6095 ] } },
{ "type": "Feature", "properties": { "観測の種類": "津波計", "name": "S-net S5N21地震計", "観測点名ローマ字": "S5N21", "観測点コード": "N.S5N21", "緯度（度）": 41.4248, "経度（度）": 142.2193, "高さ（ｍ）": -1189.0, "測器の深度（ｍ）": "1", "維持管理機関名": "防災科学技術研究所", "維持管理機関名（英語）": "NIED", "観測開始年（西暦）": 2016, "同月": 4, "観測機器名または観測項目": "水晶水圧計" }, "geometry": { "type": "Point", "coordinates": [ 142.2193, 41.4248 ] } },
{ "type": "Feature", "properties": { "観測の種類": "津波計", "name": "S-net S5N22地震計", "観測点名ローマ字": "S5N22", "観測点コード": "N.S5N22", "緯度（度）": 41.1989, "経度（度）": 142.0271, "高さ（ｍ）": -1029.0, "測器の深度（ｍ）": "1", "維持管理機関名": "防災科学技術研究所", "維持管理機関名（英語）": "NIED", "観測開始年（西暦）": 2016, "同月": 4, "観測機器名または観測項目": "水晶水圧計" }, "geometry": { "type": "Point", "coordinates": [ 142.0271, 41.1989 ] } },
{ "type": "Feature", "properties": { "観測の種類": "津波計", "name": "S-net S5N23地震計", "観測点名ローマ字": "S5N23", "観測点コード": "N.S5N23", "緯度（度）": 40.954, "経度（度）": 141.8762, "高さ（ｍ）": -529.0, "測器の深度（ｍ）": "1", "維持管理機関名": "防災科学技術研究所", "維持管理機関名（英語）": "NIED", "観測開始年（西暦）": 2016, "同月": 4, "観測機器名または観測項目": "水晶水圧計" }, "geometry": { "type": "Point", "coordinates": [ 141.8762, 40.954 ] } },
{ "type": "Feature", "properties": { "観測の種類": "津波計", "name": "S-net S6N01地震計", "観測点名ローマ字": "S6N01", "観測点コード": "N.S6N01", "緯度（度）": 42.8064, "経度（度）": 146.0211, "高さ（ｍ）": -2427.0, "測器の深度（ｍ）": null, "維持管理機関名": "防災科学技術研究所", "維持管理機関名（英語）": "NIED", "観測開始年（西暦）": 2017, "同月": 4, "観測機器名または観測項目": "水晶水圧計" }, "geometry": { "type": "Point", "coordinates": [ 146.0211, 42.8064 ] } },
{ "type": "Feature", "properties": { "観測の種類": "津波計", "name": "S-net S6N02地震計", "観測点名ローマ字": "S6N02", "観測点コード": "N.S6N02", "緯度（度）": 42.5807, "経度（度）": 146.078, "高さ（ｍ）": -2830.0, "測器の深度（ｍ）": null, "維持管理機関名": "防災科学技術研究所", "維持管理機関名（英語）": "NIED", "観測開始年（西暦）": 2017, "同月": 4, "観測機器名または観測項目": "水晶水圧計" }, "geometry": { "type": "Point", "coordinates": [ 146.078, 42.5807 ] } },
{ "type": "Feature", "properties": { "観測の種類": "津波計", "name": "S-net S6N03地震計", "観測点名ローマ字": "S6N03", "観測点コード": "N.S6N03", "緯度（度）": 42.0943, "経度（度）": 146.2316, "高さ（ｍ）": -5710.0, "測器の深度（ｍ）": null, "維持管理機関名": "防災科学技術研究所", "維持管理機関名（英語）": "NIED", "観測開始年（西暦）": 2017, "同月": 4, "観測機器名または観測項目": "水晶水圧計" }, "geometry": { "type": "Point", "coordinates": [ 146.2316, 42.0943 ] } },
{ "type": "Feature", "properties": { "観測の種類": "津波計", "name": "S-net S6N04地震計", "観測点名ローマ字": "S6N04", "観測点コード": "N.S6N04", "緯度（度）": 41.6653, "経度（度）": 146.1747, "高さ（ｍ）": -6950.0, "測器の深度（ｍ）": null, "維持管理機関名": "防災科学技術研究所", "維持管理機関名（英語）": "NIED", "観測開始年（西暦）": 2017, "同月": 4, "観測機器名または観測項目": "水晶水圧計" }, "geometry": { "type": "Point", "coordinates": [ 146.1747, 41.6653 ] } },
{ "type": "Feature", "properties": { "観測の種類": "津波計", "name": "S-net S6N05地震計", "観測点名ローマ字": "S6N05", "観測点コード": "N.S6N05", "緯度（度）": 41.3717, "経度（度）": 145.6053, "高さ（ｍ）": -6680.0, "測器の深度（ｍ）": null, "維持管理機関名": "防災科学技術研究所", "維持管理機関名（英語）": "NIED", "観測開始年（西暦）": 2017, "同月": 4, "観測機器名または観測項目": "水晶水圧計" }, "geometry": { "type": "Point", "coordinates": [ 145.6053, 41.3717 ] } },
{ "type": "Feature", "properties": { "観測の種類": "津波計", "name": "S-net S6N06地震計", "観測点名ローマ字": "S6N06", "観測点コード": "N.S6N06", "緯度（度）": 40.8999, "経度（度）": 145.3929, "高さ（ｍ）": -6012.0, "測器の深度（ｍ）": null, "維持管理機関名": "防災科学技術研究所", "維持管理機関名（英語）": "NIED", "観測開始年（西暦）": 2017, "同月": 4, "観測機器名または観測項目": "水晶水圧計" }, "geometry": { "type": "Point", "coordinates": [ 145.3929, 40.8999 ] } },
{ "type": "Feature", "properties": { "観測の種類": "津波計", "name": "S-net S6N07地震計", "観測点名ローマ字": "S6N07", "観測点コード": "N.S6N07", "緯度（度）": 40.536, "経度（度）": 144.9381, "高さ（ｍ）": -6160.0, "測器の深度（ｍ）": null, "維持管理機関名": "防災科学技術研究所", "維持管理機関名（英語）": "NIED", "観測開始年（西暦）": 2017, "同月": 4, "観測機器名または観測項目": "水晶水圧計" }, "geometry": { "type": "Point", "coordinates": [ 144.9381, 40.536 ] } },
{ "type": "Feature", "properties": { "観測の種類": "津波計", "name": "S-net S6N08地震計", "観測点名ローマ字": "S6N08", "観測点コード": "N.S6N08", "緯度（度）": 40.0319, "経度（度）": 144.8089, "高さ（ｍ）": -5900.0, "測器の深度（ｍ）": null, "維持管理機関名": "防災科学技術研究所", "維持管理機関名（英語）": "NIED", "観測開始年（西暦）": 2017, "同月": 4, "観測機器名または観測項目": "水晶水圧計" }, "geometry": { "type": "Point", "coordinates": [ 144.8089, 40.0319 ] } },
{ "type": "Feature", "properties": { "観測の種類": "津波計", "name": "S-net S6N09地震計", "観測点名ローマ字": "S6N09", "観測点コード": "N.S6N09", "緯度（度）": 39.5172, "経度（度）": 144.7191, "高さ（ｍ）": -6054.0, "測器の深度（ｍ）": null, "維持管理機関名": "防災科学技術研究所", "維持管理機関名（英語）": "NIED", "観測開始年（西暦）": 2017, "同月": 4, "観測機器名または観測項目": "水晶水圧計" }, "geometry": { "type": "Point", "coordinates": [ 144.7191, 39.5172 ] } },
{ "type": "Feature", "properties": { "観測の種類": "津波計", "name": "S-net S6N10地震計", "観測点名ローマ字": "S6N10", "観測点コード": "N.S6N10", "緯度（度）": 39.0072, "経度（度）": 144.5915, "高さ（ｍ）": -6160.0, "測器の深度（ｍ）": null, "維持管理機関名": "防災科学技術研究所", "維持管理機関名（英語）": "NIED", "観測開始年（西暦）": 2017, "同月": 4, "観測機器名または観測項目": "水晶水圧計" }, "geometry": { "type": "Point", "coordinates": [ 144.5915, 39.0072 ] } },
{ "type": "Feature", "properties": { "観測の種類": "津波計", "name": "S-net S6N11地震計", "観測点名ローマ字": "S6N11", "観測点コード": "N.S6N11", "緯度（度）": 38.499, "経度（度）": 144.4536, "高さ（ｍ）": -6118.0, "測器の深度（ｍ）": null, "維持管理機関名": "防災科学技術研究所", "維持管理機関名（英語）": "NIED", "観測開始年（西暦）": 2017, "同月": 4, "観測機器名または観測項目": "水晶水圧計" }, "geometry": { "type": "Point", "coordinates": [ 144.4536, 38.499 ] } },
{ "type": "Feature", "properties": { "観測の種類": "津波計", "name": "S-net S6N12地震計", "観測点名ローマ字": "S6N12", "観測点コード": "N.S6N12", "緯度（度）": 37.9879, "経度（度）": 144.3357, "高さ（ｍ）": -6111.0, "測器の深度（ｍ）": null, "維持管理機関名": "防災科学技術研究所", "維持管理機関名（英語）": "NIED", "観測開始年（西暦）": 2017, "同月": 4, "観測機器名または観測項目": "水晶水圧計" }, "geometry": { "type": "Point", "coordinates": [ 144.3357, 37.9879 ] } },
{ "type": "Feature", "properties": { "観測の種類": "津波計", "name": "S-net S6N13地震計", "観測点名ローマ字": "S6N13", "観測点コード": "N.S6N13", "緯度（度）": 37.4862, "経度（度）": 144.1757, "高さ（ｍ）": -6174.0, "測器の深度（ｍ）": null, "維持管理機関名": "防災科学技術研究所", "維持管理機関名（英語）": "NIED", "観測開始年（西暦）": 2017, "同月": 4, "観測機器名または観測項目": "水晶水圧計" }, "geometry": { "type": "Point", "coordinates": [ 144.1757, 37.4862 ] } },
{ "type": "Feature", "properties": { "観測の種類": "津波計", "name": "S-net S6N14地震計", "観測点名ローマ字": "S6N14", "観測点コード": "N.S6N14", "緯度（度）": 37.012, "経度（度）": 143.9557, "高さ（ｍ）": -6228.0, "測器の深度（ｍ）": null, "維持管理機関名": "防災科学技術研究所", "維持管理機関名（英語）": "NIED", "観測開始年（西暦）": 2017, "同月": 4, "観測機器名または観測項目": "水晶水圧計" }, "geometry": { "type": "Point", "coordinates": [ 143.9557, 37.012 ] } },
{ "type": "Feature", "properties": { "観測の種類": "津波計", "name": "S-net S6N15地震計", "観測点名ローマ字": "S6N15", "観測点コード": "N.S6N15", "緯度（度）": 36.5748, "経度（度）": 143.6059, "高さ（ｍ）": -6433.0, "測器の深度（ｍ）": null, "維持管理機関名": "防災科学技術研究所", "維持管理機関名（英語）": "NIED", "観測開始年（西暦）": 2017, "同月": 4, "観測機器名または観測項目": "水晶水圧計" }, "geometry": { "type": "Point", "coordinates": [ 143.6059, 36.5748 ] } },
{ "type": "Feature", "properties": { "観測の種類": "津波計", "name": "S-net S6N16地震計", "観測点名ローマ字": "S6N16", "観測点コード": "N.S6N16", "緯度（度）": 36.1262, "経度（度）": 143.2823, "高さ（ｍ）": -6513.0, "測器の深度（ｍ）": null, "維持管理機関名": "防災科学技術研究所", "維持管理機関名（英語）": "NIED", "観測開始年（西暦）": 2017, "同月": 4, "観測機器名または観測項目": "水晶水圧計" }, "geometry": { "type": "Point", "coordinates": [ 143.2823, 36.1262 ] } },
{ "type": "Feature", "properties": { "観測の種類": "津波計", "name": "S-net S6N17地震計", "観測点名ローマ字": "S6N17", "観測点コード": "N.S6N17", "緯度（度）": 35.6745, "経度（度）": 142.9688, "高さ（ｍ）": -6625.0, "測器の深度（ｍ）": null, "維持管理機関名": "防災科学技術研究所", "維持管理機関名（英語）": "NIED", "観測開始年（西暦）": 2017, "同月": 4, "観測機器名または観測項目": "水晶水圧計" }, "geometry": { "type": "Point", "coordinates": [ 142.9688, 35.6745 ] } },
{ "type": "Feature", "properties": { "観測の種類": "津波計", "name": "S-net S6N18地震計", "観測点名ローマ字": "S6N18", "観測点コード": "N.S6N18", "緯度（度）": 35.2114, "経度（度）": 142.6799, "高さ（ｍ）": -6319.0, "測器の深度（ｍ）": null, "維持管理機関名": "防災科学技術研究所", "維持管理機関名（英語）": "NIED", "観測開始年（西暦）": 2017, "同月": 4, "観測機器名または観測項目": "水晶水圧計" }, "geometry": { "type": "Point", "coordinates": [ 142.6799, 35.2114 ] } },
{ "type": "Feature", "properties": { "観測の種類": "津波計", "name": "S-net S6N19地震計", "観測点名ローマ字": "S6N19", "観測点コード": "N.S6N19", "緯度（度）": 34.7118, "経度（度）": 142.5208, "高さ（ｍ）": -6284.0, "測器の深度（ｍ）": null, "維持管理機関名": "防災科学技術研究所", "維持管理機関名（英語）": "NIED", "観測開始年（西暦）": 2017, "同月": 4, "観測機器名または観測項目": "水晶水圧計" }, "geometry": { "type": "Point", "coordinates": [ 142.5208, 34.7118 ] } },
{ "type": "Feature", "properties": { "観測の種類": "津波計", "name": "S-net S6N20地震計", "観測点名ローマ字": "S6N20", "観測点コード": "N.S6N20", "緯度（度）": 34.2604, "経度（度）": 142.2389, "高さ（ｍ）": -7830.0, "測器の深度（ｍ）": null, "維持管理機関名": "防災科学技術研究所", "維持管理機関名（英語）": "NIED", "観測開始年（西暦）": 2017, "同月": 4, "観測機器名または観測項目": "水晶水圧計" }, "geometry": { "type": "Point", "coordinates": [ 142.2389, 34.2604 ] } },
{ "type": "Feature", "properties": { "観測の種類": "津波計", "name": "S-net S6N21地震計", "観測点名ローマ字": "S6N21", "観測点コード": "N.S6N21", "緯度（度）": 33.9619, "経度（度）": 141.7291, "高さ（ｍ）": -7797.0, "測器の深度（ｍ）": null, "維持管理機関名": "防災科学技術研究所", "維持管理機関名（英語）": "NIED", "観測開始年（西暦）": 2017, "同月": 4, "観測機器名または観測項目": "水晶水圧計" }, "geometry": { "type": "Point", "coordinates": [ 141.7291, 33.9619 ] } },
{ "type": "Feature", "properties": { "観測の種類": "津波計", "name": "S-net S6N22地震計", "観測点名ローマ字": "S6N22", "観測点コード": "N.S6N22", "緯度（度）": 33.8601, "経度（度）": 141.1281, "高さ（ｍ）": -3941.0, "測器の深度（ｍ）": null, "維持管理機関名": "防災科学技術研究所", "維持管理機関名（英語）": "NIED", "観測開始年（西暦）": 2017, "同月": 4, "観測機器名または観測項目": "水晶水圧計" }, "geometry": { "type": "Point", "coordinates": [ 141.1281, 33.8601 ] } },
{ "type": "Feature", "properties": { "観測の種類": "津波計", "name": "S-net S6N23地震計", "観測点名ローマ字": "S6N23", "観測点コード": "N.S6N23", "緯度（度）": 33.9448, "経度（度）": 140.5189, "高さ（ｍ）": -1723.0, "測器の深度（ｍ）": null, "維持管理機関名": "防災科学技術研究所", "維持管理機関名（英語）": "NIED", "観測開始年（西暦）": 2017, "同月": 4, "観測機器名または観測項目": "水晶水圧計" }, "geometry": { "type": "Point", "coordinates": [ 140.5189, 33.9448 ] } },
{ "type": "Feature", "properties": { "観測の種類": "津波計", "name": "S-net S6N24地震計", "観測点名ローマ字": "S6N24", "観測点コード": "N.S6N24", "緯度（度）": 34.1773, "経度（度）": 139.9814, "高さ（ｍ）": -1276.0, "測器の深度（ｍ）": null, "維持管理機関名": "防災科学技術研究所", "維持管理機関名（英語）": "NIED", "観測開始年（西暦）": 2017, "同月": 4, "観測機器名または観測項目": "水晶水圧計" }, "geometry": { "type": "Point", "coordinates": [ 139.9814, 34.1773 ] } },
{ "type": "Feature", "properties": { "観測の種類": "津波計", "name": "S-net S6N25地震計", "観測点名ローマ字": "S6N25", "観測点コード": "N.S6N25", "緯度（度）": 34.6696, "経度（度）": 139.8167, "高さ（ｍ）": -2411.0, "測器の深度（ｍ）": null, "維持管理機関名": "防災科学技術研究所", "維持管理機関名（英語）": "NIED", "観測開始年（西暦）": 2017, "同月": 4, "観測機器名または観測項目": "水晶水圧計" }, "geometry": { "type": "Point", "coordinates": [ 139.8167, 34.6696 ] } },
{ "type": "Feature", "properties": { "観測の種類": "津波計", "name": "釧路・十勝沖津波計1", "観測点名ローマ字": "Kushiro･Tokachi-oki-PG1", "観測点コード": "KPG1", "緯度（度）": 41.704, "経度（度）": 144.4375, "高さ（ｍ）": -2218.0, "測器の深度（ｍ）": "NULL", "維持管理機関名": "海洋研究開発機構", "維持管理機関名（英語）": "JAMSTEC", "観測開始年（西暦）": 1999, "同月": 9, "観測機器名または観測項目": "水晶水圧計" }, "geometry": { "type": "Point", "coordinates": [ 144.4375, 41.704 ] } },
{ "type": "Feature", "properties": { "観測の種類": "津波計", "name": "釧路・十勝沖津波計2", "観測点名ローマ字": "Kushiro･Tokachi-oki-PG2", "観測点コード": "KPG2", "緯度（度）": 42.2365, "経度（度）": 144.8454, "高さ（ｍ）": -2210.0, "測器の深度（ｍ）": "NULL", "維持管理機関名": "海洋研究開発機構", "維持管理機関名（英語）": "JAMSTEC", "観測開始年（西暦）": 1999, "同月": 9, "観測機器名または観測項目": "水晶水圧計" }, "geometry": { "type": "Point", "coordinates": [ 144.8454, 42.2365 ] } },
{ "type": "Feature", "properties": { "観測の種類": "検潮", "name": "沓形", "観測点名ローマ字": null, "観測点コード": null, "緯度（度）": 45.1894, "経度（度）": 141.1378, "高さ（ｍ）": null, "測器の深度（ｍ）": null, "維持管理機関名": "国土交通省北海道開発局", "維持管理機関名（英語）": null, "観測開始年（西暦）": null, "同月": null, "観測機器名または観測項目": null }, "geometry": { "type": "Point", "coordinates": [ 141.1378, 45.1894 ] } },
{ "type": "Feature", "properties": { "観測の種類": "検潮", "name": "枝幸", "観測点名ローマ字": null, "観測点コード": null, "緯度（度）": 44.9386, "経度（度）": 142.5892, "高さ（ｍ）": null, "測器の深度（ｍ）": null, "維持管理機関名": "国土交通省北海道開発局", "維持管理機関名（英語）": null, "観測開始年（西暦）": null, "同月": null, "観測機器名または観測項目": null }, "geometry": { "type": "Point", "coordinates": [ 142.5892, 44.9386 ] } },
{ "type": "Feature", "properties": { "観測の種類": "検潮", "name": "紋別", "観測点名ローマ字": null, "観測点コード": null, "緯度（度）": 44.355, "経度（度）": 143.3619, "高さ（ｍ）": null, "測器の深度（ｍ）": null, "維持管理機関名": "国土交通省北海道開発局", "維持管理機関名（英語）": null, "観測開始年（西暦）": null, "同月": null, "観測機器名または観測項目": null }, "geometry": { "type": "Point", "coordinates": [ 143.3619, 44.355 ] } },
{ "type": "Feature", "properties": { "観測の種類": "検潮", "name": "留萌", "観測点名ローマ字": null, "観測点コード": null, "緯度（度）": 43.9506, "経度（度）": 141.635, "高さ（ｍ）": null, "測器の深度（ｍ）": null, "維持管理機関名": "国土交通省北海道開発局", "維持管理機関名（英語）": null, "観測開始年（西暦）": null, "同月": null, "観測機器名または観測項目": null }, "geometry": { "type": "Point", "coordinates": [ 141.635, 43.9506 ] } },
{ "type": "Feature", "properties": { "観測の種類": "検潮", "name": "根室", "観測点名ローマ字": null, "観測点コード": null, "緯度（度）": 43.3436, "経度（度）": 145.5848, "高さ（ｍ）": null, "測器の深度（ｍ）": null, "維持管理機関名": "国土交通省北海道開発局", "維持管理機関名（英語）": null, "観測開始年（西暦）": null, "同月": null, "観測機器名または観測項目": null }, "geometry": { "type": "Point", "coordinates": [ 145.5848, 43.3436 ] } },
{ "type": "Feature", "properties": { "観測の種類": "検潮", "name": "石狩湾新港", "観測点名ローマ字": null, "観測点コード": null, "緯度（度）": 43.2156, "経度（度）": 141.3072, "高さ（ｍ）": null, "測器の深度（ｍ）": null, "維持管理機関名": "国土交通省北海道開発局", "維持管理機関名（英語）": null, "観測開始年（西暦）": null, "同月": null, "観測機器名または観測項目": null }, "geometry": { "type": "Point", "coordinates": [ 141.3072, 43.2156 ] } },
{ "type": "Feature", "properties": { "観測の種類": "検潮", "name": "霧多布", "観測点名ローマ字": null, "観測点コード": null, "緯度（度）": 43.0783, "経度（度）": 145.1164, "高さ（ｍ）": null, "測器の深度（ｍ）": null, "維持管理機関名": "国土交通省北海道開発局", "維持管理機関名（英語）": null, "観測開始年（西暦）": null, "同月": null, "観測機器名または観測項目": null }, "geometry": { "type": "Point", "coordinates": [ 145.1164, 43.0783 ] } },
{ "type": "Feature", "properties": { "観測の種類": "検潮", "name": "岩内", "観測点名ローマ字": null, "観測点コード": null, "緯度（度）": 42.9872, "経度（度）": 140.5072, "高さ（ｍ）": null, "測器の深度（ｍ）": null, "維持管理機関名": "国土交通省北海道開発局", "維持管理機関名（英語）": null, "観測開始年（西暦）": null, "同月": null, "観測機器名または観測項目": null }, "geometry": { "type": "Point", "coordinates": [ 140.5072, 42.9872 ] } },
{ "type": "Feature", "properties": { "観測の種類": "検潮", "name": "苫小牧（西港）", "観測点名ローマ字": null, "観測点コード": null, "緯度（度）": 42.6297, "経度（度）": 141.6211, "高さ（ｍ）": null, "測器の深度（ｍ）": null, "維持管理機関名": "国土交通省北海道開発局", "維持管理機関名（英語）": null, "観測開始年（西暦）": null, "同月": null, "観測機器名または観測項目": null }, "geometry": { "type": "Point", "coordinates": [ 141.6211, 42.6297 ] } },
{ "type": "Feature", "properties": { "観測の種類": "検潮", "name": "苫小牧（東港）", "観測点名ローマ字": null, "観測点コード": null, "緯度（度）": 42.6058, "経度（度）": 141.8172, "高さ（ｍ）": null, "測器の深度（ｍ）": null, "維持管理機関名": "国土交通省北海道開発局", "維持管理機関名（英語）": null, "観測開始年（西暦）": null, "同月": null, "観測機器名または観測項目": null }, "geometry": { "type": "Point", "coordinates": [ 141.8172, 42.6058 ] } },
{ "type": "Feature", "properties": { "観測の種類": "検潮", "name": "苫小牧（白老）", "観測点名ローマ字": null, "観測点コード": null, "緯度（度）": 42.5214, "経度（度）": 141.3206, "高さ（ｍ）": null, "測器の深度（ｍ）": null, "維持管理機関名": "国土交通省北海道開発局", "維持管理機関名（英語）": null, "観測開始年（西暦）": null, "同月": null, "観測機器名または観測項目": null }, "geometry": { "type": "Point", "coordinates": [ 141.3206, 42.5214 ] } },
{ "type": "Feature", "properties": { "観測の種類": "検潮", "name": "瀬棚", "観測点名ローマ字": null, "観測点コード": null, "緯度（度）": 42.4539, "経度（度）": 139.8452, "高さ（ｍ）": null, "測器の深度（ｍ）": null, "維持管理機関名": "国土交通省北海道開発局", "維持管理機関名（英語）": null, "観測開始年（西暦）": null, "同月": null, "観測機器名または観測項目": null }, "geometry": { "type": "Point", "coordinates": [ 139.8452, 42.4539 ] } },
{ "type": "Feature", "properties": { "観測の種類": "検潮", "name": "室蘭", "観測点名ローマ字": null, "観測点コード": null, "緯度（度）": 42.3444, "経度（度）": 140.9533, "高さ（ｍ）": null, "測器の深度（ｍ）": null, "維持管理機関名": "国土交通省北海道開発局", "維持管理機関名（英語）": null, "観測開始年（西暦）": null, "同月": null, "観測機器名または観測項目": null }, "geometry": { "type": "Point", "coordinates": [ 140.9533, 42.3444 ] } },
{ "type": "Feature", "properties": { "観測の種類": "検潮", "name": "十勝", "観測点名ローマ字": null, "観測点コード": null, "緯度（度）": 42.2969, "経度（度）": 143.3222, "高さ（ｍ）": null, "測器の深度（ｍ）": null, "維持管理機関名": "国土交通省北海道開発局", "維持管理機関名（英語）": null, "観測開始年（西暦）": null, "同月": null, "観測機器名または観測項目": null }, "geometry": { "type": "Point", "coordinates": [ 143.3222, 42.2969 ] } },
{ "type": "Feature", "properties": { "観測の種類": "検潮", "name": "奥尻", "観測点名ローマ字": null, "観測点コード": null, "緯度（度）": 42.1742, "経度（度）": 139.5181, "高さ（ｍ）": null, "測器の深度（ｍ）": null, "維持管理機関名": "国土交通省北海道開発局", "維持管理機関名（英語）": null, "観測開始年（西暦）": null, "同月": null, "観測機器名または観測項目": null }, "geometry": { "type": "Point", "coordinates": [ 139.5181, 42.1742 ] } },
{ "type": "Feature", "properties": { "観測の種類": "検潮", "name": "浦河", "観測点名ローマ字": null, "観測点コード": null, "緯度（度）": 42.1642, "経度（度）": 142.7708, "高さ（ｍ）": null, "測器の深度（ｍ）": null, "維持管理機関名": "国土交通省北海道開発局", "維持管理機関名（英語）": null, "観測開始年（西暦）": null, "同月": null, "観測機器名または観測項目": null }, "geometry": { "type": "Point", "coordinates": [ 142.7708, 42.1642 ] } },
{ "type": "Feature", "properties": { "観測の種類": "検潮", "name": "森", "観測点名ローマ字": null, "観測点コード": null, "緯度（度）": 42.11, "経度（度）": 140.5917, "高さ（ｍ）": null, "測器の深度（ｍ）": null, "維持管理機関名": "国土交通省北海道開発局", "維持管理機関名（英語）": null, "観測開始年（西暦）": null, "同月": null, "観測機器名または観測項目": null }, "geometry": { "type": "Point", "coordinates": [ 140.5917, 42.11 ] } },
{ "type": "Feature", "properties": { "観測の種類": "検潮", "name": "江差", "観測点名ローマ字": null, "観測点コード": null, "緯度（度）": 41.8706, "経度（度）": 140.1253, "高さ（ｍ）": null, "測器の深度（ｍ）": null, "維持管理機関名": "国土交通省北海道開発局", "維持管理機関名（英語）": null, "観測開始年（西暦）": null, "同月": null, "観測機器名または観測項目": null }, "geometry": { "type": "Point", "coordinates": [ 140.1253, 41.8706 ] } },
{ "type": "Feature", "properties": { "観測の種類": "検潮", "name": "むつ小川原", "観測点名ローマ字": null, "観測点コード": null, "緯度（度）": 40.9264, "経度（度）": 141.3872, "高さ（ｍ）": null, "測器の深度（ｍ）": null, "維持管理機関名": "国土交通省東北地方整備局", "維持管理機関名（英語）": null, "観測開始年（西暦）": null, "同月": 4, "観測機器名または観測項目": "フース型長期巻自記検潮器（2003.2～）" }, "geometry": { "type": "Point", "coordinates": [ 141.3872, 40.9264 ] } },
{ "type": "Feature", "properties": { "観測の種類": "検潮", "name": "青森", "観測点名ローマ字": null, "観測点コード": null, "緯度（度）": 40.8353, "経度（度）": 140.7639, "高さ（ｍ）": null, "測器の深度（ｍ）": null, "維持管理機関名": "国土交通省東北地方整備局", "維持管理機関名（英語）": null, "観測開始年（西暦）": null, "同月": 9, "観測機器名または観測項目": "デジタル式フース型検潮器（2004.3～）" }, "geometry": { "type": "Point", "coordinates": [ 140.7639, 40.8353 ] } },
{ "type": "Feature", "properties": { "観測の種類": "検潮", "name": "八戸", "観測点名ローマ字": null, "観測点コード": null, "緯度（度）": 40.5353, "経度（度）": 141.5556, "高さ（ｍ）": null, "測器の深度（ｍ）": null, "維持管理機関名": "国土交通省東北地方整備局", "維持管理機関名（英語）": null, "観測開始年（西暦）": null, "同月": 4, "観測機器名または観測項目": "デジタル式フース型検潮器（2007.2～）" }, "geometry": { "type": "Point", "coordinates": [ 141.5556, 40.5353 ] } },
{ "type": "Feature", "properties": { "観測の種類": "検潮", "name": "久慈", "観測点名ローマ字": null, "観測点コード": null, "緯度（度）": 40.1922, "経度（度）": 141.7967, "高さ（ｍ）": null, "測器の深度（ｍ）": null, "維持管理機関名": "国土交通省東北地方整備局", "維持管理機関名（英語）": null, "観測開始年（西暦）": null, "同月": 4, "観測機器名または観測項目": "デジタル式フース型検潮器（1993.4～）" }, "geometry": { "type": "Point", "coordinates": [ 141.7967, 40.1922 ] } },
{ "type": "Feature", "properties": { "観測の種類": "検潮", "name": "石巻", "観測点名ローマ字": null, "観測点コード": null, "緯度（度）": 38.4081, "経度（度）": 141.2667, "高さ（ｍ）": null, "測器の深度（ｍ）": null, "維持管理機関名": "国土交通省東北地方整備局", "維持管理機関名（英語）": null, "観測開始年（西暦）": null, "同月": 11, "観測機器名または観測項目": "デジタル式フース型検潮器（2000.11～）" }, "geometry": { "type": "Point", "coordinates": [ 141.2667, 38.4081 ] } },
{ "type": "Feature", "properties": { "観測の種類": "検潮", "name": "秋田", "観測点名ローマ字": null, "観測点コード": null, "緯度（度）": 39.7461, "経度（度）": 140.0658, "高さ（ｍ）": null, "測器の深度（ｍ）": null, "維持管理機関名": "国土交通省東北地方整備局", "維持管理機関名（英語）": null, "観測開始年（西暦）": null, "同月": 6, "観測機器名または観測項目": "フース型長期巻LFT-V（1995.3～）" }, "geometry": { "type": "Point", "coordinates": [ 140.0658, 39.7461 ] } },
{ "type": "Feature", "properties": { "観測の種類": "検潮", "name": "酒田", "観測点名ローマ字": null, "観測点コード": null, "緯度（度）": 38.9175, "経度（度）": 139.8236, "高さ（ｍ）": null, "測器の深度（ｍ）": null, "維持管理機関名": "国土交通省東北地方整備局", "維持管理機関名（英語）": null, "観測開始年（西暦）": null, "同月": 12, "観測機器名または観測項目": "デジタル式フース型検潮器（2008.2～）" }, "geometry": { "type": "Point", "coordinates": [ 139.8236, 38.9175 ] } },
{ "type": "Feature", "properties": { "観測の種類": "検潮", "name": "仙台塩釜（仙台港区）", "観測点名ローマ字": null, "観測点コード": null, "緯度（度）": 38.2728, "経度（度）": 141.0038, "高さ（ｍ）": null, "測器の深度（ｍ）": null, "維持管理機関名": "国土交通省東北地方整備局", "維持管理機関名（英語）": null, "観測開始年（西暦）": null, "同月": 10, "観測機器名または観測項目": "デジタル式フース型検潮器（2012.9～）" }, "geometry": { "type": "Point", "coordinates": [ 141.0038, 38.2728 ] } },
{ "type": "Feature", "properties": { "観測の種類": "検潮", "name": "新潟東", "観測点名ローマ字": null, "観測点コード": null, "緯度（度）": 37.9883, "経度（度）": 139.2218, "高さ（ｍ）": null, "測器の深度（ｍ）": null, "維持管理機関名": "国土交通省北陸地方整備局", "維持管理機関名（英語）": null, "観測開始年（西暦）": null, "同月": null, "観測機器名または観測項目": null }, "geometry": { "type": "Point", "coordinates": [ 139.2218, 37.9883 ] } },
{ "type": "Feature", "properties": { "観測の種類": "検潮", "name": "新潟西", "観測点名ローマ字": null, "観測点コード": null, "緯度（度）": 37.9406, "経度（度）": 139.0611, "高さ（ｍ）": null, "測器の深度（ｍ）": null, "維持管理機関名": "国土交通省北陸地方整備局", "維持管理機関名（英語）": null, "観測開始年（西暦）": null, "同月": null, "観測機器名または観測項目": null }, "geometry": { "type": "Point", "coordinates": [ 139.0611, 37.9406 ] } },
{ "type": "Feature", "properties": { "観測の種類": "検潮", "name": "七尾", "観測点名ローマ字": null, "観測点コード": null, "緯度（度）": 37.0494, "経度（度）": 136.9683, "高さ（ｍ）": null, "測器の深度（ｍ）": null, "維持管理機関名": "国土交通省北陸地方整備局", "維持管理機関名（英語）": null, "観測開始年（西暦）": null, "同月": null, "観測機器名または観測項目": null }, "geometry": { "type": "Point", "coordinates": [ 136.9683, 37.0494 ] } },
{ "type": "Feature", "properties": { "観測の種類": "検潮", "name": "伏木富山（伏木）", "観測点名ローマ字": null, "観測点コード": null, "緯度（度）": 36.7931, "経度（度）": 137.0622, "高さ（ｍ）": null, "測器の深度（ｍ）": null, "維持管理機関名": "国土交通省北陸地方整備局", "維持管理機関名（英語）": null, "観測開始年（西暦）": null, "同月": null, "観測機器名または観測項目": null }, "geometry": { "type": "Point", "coordinates": [ 137.0622, 36.7931 ] } },
{ "type": "Feature", "properties": { "観測の種類": "検潮", "name": "伏木富山（新湊）", "観測点名ローマ字": null, "観測点コード": null, "緯度（度）": 36.7753, "経度（度）": 137.1181, "高さ（ｍ）": null, "測器の深度（ｍ）": null, "維持管理機関名": "国土交通省北陸地方整備局", "維持管理機関名（英語）": null, "観測開始年（西暦）": null, "同月": null, "観測機器名または観測項目": null }, "geometry": { "type": "Point", "coordinates": [ 137.1181, 36.7753 ] } },
{ "type": "Feature", "properties": { "観測の種類": "検潮", "name": "金沢", "観測点名ローマ字": null, "観測点コード": null, "緯度（度）": 36.6178, "経度（度）": 136.6028, "高さ（ｍ）": null, "測器の深度（ｍ）": null, "維持管理機関名": "国土交通省北陸地方整備局", "維持管理機関名（英語）": null, "観測開始年（西暦）": null, "同月": null, "観測機器名または観測項目": null }, "geometry": { "type": "Point", "coordinates": [ 136.6028, 36.6178 ] } },
{ "type": "Feature", "properties": { "観測の種類": "検潮", "name": "敦賀", "観測点名ローマ字": null, "観測点コード": null, "緯度（度）": 35.6606, "経度（度）": 136.0644, "高さ（ｍ）": null, "測器の深度（ｍ）": null, "維持管理機関名": "国土交通省北陸地方整備局", "維持管理機関名（英語）": null, "観測開始年（西暦）": null, "同月": null, "観測機器名または観測項目": null }, "geometry": { "type": "Point", "coordinates": [ 136.0644, 35.6606 ] } },
{ "type": "Feature", "properties": { "観測の種類": "検潮", "name": "鹿島", "観測点名ローマ字": null, "観測点コード": null, "緯度（度）": 35.9294, "経度（度）": 140.6936, "高さ（ｍ）": 3.196, "測器の深度（ｍ）": null, "維持管理機関名": "国土交通省関東地方整備局", "維持管理機関名（英語）": null, "観測開始年（西暦）": 2013, "同月": 2, "観測機器名または観測項目": "デジタル式フース型検潮器（DFT-3)" }, "geometry": { "type": "Point", "coordinates": [ 140.6936, 35.9294 ] } },
{ "type": "Feature", "properties": { "観測の種類": "検潮", "name": "横浜", "観測点名ローマ字": null, "観測点コード": null, "緯度（度）": 35.4669, "経度（度）": 139.6381, "高さ（ｍ）": 3.569, "測器の深度（ｍ）": null, "維持管理機関名": "国土交通省関東地方整備局", "維持管理機関名（英語）": null, "観測開始年（西暦）": 2015, "同月": 1, "観測機器名または観測項目": "デジタル式フース型検潮器（DFT-3)" }, "geometry": { "type": "Point", "coordinates": [ 139.6381, 35.4669 ] } },
{ "type": "Feature", "properties": { "観測の種類": "検潮", "name": "第二海堡", "観測点名ローマ字": null, "観測点コード": null, "緯度（度）": 35.3119, "経度（度）": 139.7414, "高さ（ｍ）": 4.293, "測器の深度（ｍ）": null, "維持管理機関名": "国土交通省関東地方整備局", "維持管理機関名（英語）": null, "観測開始年（西暦）": 2006, "同月": 3, "観測機器名または観測項目": "デジタル式フース型検潮器（DFT-3)" }, "geometry": { "type": "Point", "coordinates": [ 139.7414, 35.3119 ] } },
{ "type": "Feature", "properties": { "観測の種類": "検潮", "name": "三河", "観測点名ローマ字": "mikawa", "観測点コード": null, "緯度（度）": 34.7333, "経度（度）": 137.3203, "高さ（ｍ）": null, "測器の深度（ｍ）": null, "維持管理機関名": "国土交通省中部地方整備局", "維持管理機関名（英語）": null, "観測開始年（西暦）": null, "同月": null, "観測機器名または観測項目": "デジタル式フース型検潮器（DFT-3)" }, "geometry": { "type": "Point", "coordinates": [ 137.3203, 34.7333 ] } },
{ "type": "Feature", "properties": { "観測の種類": "検潮", "name": "下田", "観測点名ローマ字": "shimoda", "観測点コード": null, "緯度（度）": 34.6753, "経度（度）": 138.9592, "高さ（ｍ）": null, "測器の深度（ｍ）": null, "維持管理機関名": "国土交通省中部地方整備局", "維持管理機関名（英語）": null, "観測開始年（西暦）": null, "同月": null, "観測機器名または観測項目": "デジタル式フース型検潮器（DFT-3)" }, "geometry": { "type": "Point", "coordinates": [ 138.9592, 34.6753 ] } },
{ "type": "Feature", "properties": { "観測の種類": "検潮", "name": "宇部", "観測点名ローマ字": null, "観測点コード": null, "緯度（度）": 33.9386, "経度（度）": 131.2431, "高さ（ｍ）": null, "測器の深度（ｍ）": null, "維持管理機関名": "国土交通省中国地方整備局", "維持管理機関名（英語）": null, "観測開始年（西暦）": 2011, "同月": 3, "観測機器名または観測項目": "デジタル式フース型検潮器（DFT-3)" }, "geometry": { "type": "Point", "coordinates": [ 131.2431, 33.9386 ] } },
{ "type": "Feature", "properties": { "観測の種類": "検潮", "name": "与島", "観測点名ローマ字": null, "観測点コード": null, "緯度（度）": 34.3844, "経度（度）": 133.8231, "高さ（ｍ）": null, "測器の深度（ｍ）": null, "維持管理機関名": "国土交通省四国地方整備局", "維持管理機関名（英語）": null, "観測開始年（西暦）": null, "同月": null, "観測機器名または観測項目": null }, "geometry": { "type": "Point", "coordinates": [ 133.8231, 34.3844 ] } },
{ "type": "Feature", "properties": { "観測の種類": "検潮", "name": "来島", "観測点名ローマ字": null, "観測点コード": null, "緯度（度）": 34.1169, "経度（度）": 132.9903, "高さ（ｍ）": null, "測器の深度（ｍ）": null, "維持管理機関名": "国土交通省四国地方整備局", "維持管理機関名（英語）": null, "観測開始年（西暦）": null, "同月": null, "観測機器名または観測項目": null }, "geometry": { "type": "Point", "coordinates": [ 132.9903, 34.1169 ] } },
{ "type": "Feature", "properties": { "観測の種類": "検潮", "name": "青木", "観測点名ローマ字": null, "観測点コード": null, "緯度（度）": 34.3647, "経度（度）": 133.6878, "高さ（ｍ）": null, "測器の深度（ｍ）": null, "維持管理機関名": "国土交通省四国地方整備局", "維持管理機関名（英語）": null, "観測開始年（西暦）": null, "同月": null, "観測機器名または観測項目": null }, "geometry": { "type": "Point", "coordinates": [ 133.6878, 34.3647 ] } },
{ "type": "Feature", "properties": { "観測の種類": "検潮", "name": "多度津", "観測点名ローマ字": null, "観測点コード": null, "緯度（度）": 34.275, "経度（度）": 133.7456, "高さ（ｍ）": null, "測器の深度（ｍ）": null, "維持管理機関名": "国土交通省四国地方整備局", "維持管理機関名（英語）": null, "観測開始年（西暦）": null, "同月": null, "観測機器名または観測項目": null }, "geometry": { "type": "Point", "coordinates": [ 133.7456, 34.275 ] } },
{ "type": "Feature", "properties": { "観測の種類": "検潮", "name": "長府", "観測点名ローマ字": null, "観測点コード": null, "緯度（度）": 34.0141, "経度（度）": 131.0043, "高さ（ｍ）": null, "測器の深度（ｍ）": null, "維持管理機関名": "国土交通省九州地方整備局", "維持管理機関名（英語）": null, "観測開始年（西暦）": null, "同月": null, "観測機器名または観測項目": null }, "geometry": { "type": "Point", "coordinates": [ 131.0043, 34.0141 ] } },
{ "type": "Feature", "properties": { "観測の種類": "検潮", "name": "青浜", "観測点名ローマ字": null, "観測点コード": null, "緯度（度）": 33.9488, "経度（度）": 131.0187, "高さ（ｍ）": null, "測器の深度（ｍ）": null, "維持管理機関名": "国土交通省九州地方整備局", "維持管理機関名（英語）": null, "観測開始年（西暦）": null, "同月": null, "観測機器名または観測項目": null }, "geometry": { "type": "Point", "coordinates": [ 131.0187, 33.9488 ] } },
{ "type": "Feature", "properties": { "観測の種類": "検潮", "name": "南風泊", "観測点名ローマ字": null, "観測点コード": null, "緯度（度）": 33.9483, "経度（度）": 130.877, "高さ（ｍ）": null, "測器の深度（ｍ）": null, "維持管理機関名": "国土交通省九州地方整備局", "維持管理機関名（英語）": null, "観測開始年（西暦）": null, "同月": null, "観測機器名または観測項目": null }, "geometry": { "type": "Point", "coordinates": [ 130.877, 33.9483 ] } },
{ "type": "Feature", "properties": { "観測の種類": "検潮", "name": "門司", "観測点名ローマ字": null, "観測点コード": null, "緯度（度）": 33.9452, "経度（度）": 130.9576, "高さ（ｍ）": null, "測器の深度（ｍ）": null, "維持管理機関名": "国土交通省九州地方整備局", "維持管理機関名（英語）": null, "観測開始年（西暦）": null, "同月": null, "観測機器名または観測項目": null }, "geometry": { "type": "Point", "coordinates": [ 130.9576, 33.9452 ] } },
{ "type": "Feature", "properties": { "観測の種類": "検潮", "name": "弟子待", "観測点名ローマ字": null, "観測点コード": null, "緯度（度）": 33.9247, "経度（度）": 130.927, "高さ（ｍ）": null, "測器の深度（ｍ）": null, "維持管理機関名": "国土交通省九州地方整備局", "維持管理機関名（英語）": null, "観測開始年（西暦）": null, "同月": null, "観測機器名または観測項目": null }, "geometry": { "type": "Point", "coordinates": [ 130.927, 33.9247 ] } },
{ "type": "Feature", "properties": { "観測の種類": "検潮", "name": "大山の鼻", "観測点名ローマ字": null, "観測点コード": null, "緯度（度）": 33.9132, "経度（度）": 130.9051, "高さ（ｍ）": null, "測器の深度（ｍ）": null, "維持管理機関名": "国土交通省九州地方整備局", "維持管理機関名（英語）": null, "観測開始年（西暦）": null, "同月": null, "観測機器名または観測項目": null }, "geometry": { "type": "Point", "coordinates": [ 130.9051, 33.9132 ] } },
{ "type": "Feature", "properties": { "観測の種類": "検潮", "name": "田ノ首", "観測点名ローマ字": null, "観測点コード": null, "緯度（度）": 33.9153, "経度（度）": 130.9324, "高さ（ｍ）": null, "測器の深度（ｍ）": null, "維持管理機関名": "国土交通省九州地方整備局", "維持管理機関名（英語）": null, "観測開始年（西暦）": null, "同月": null, "観測機器名または観測項目": null }, "geometry": { "type": "Point", "coordinates": [ 130.9324, 33.9153 ] } },
{ "type": "Feature", "properties": { "観測の種類": "検潮", "name": "日明", "観測点名ローマ字": null, "観測点コード": null, "緯度（度）": 33.9094, "経度（度）": 130.8793, "高さ（ｍ）": null, "測器の深度（ｍ）": null, "維持管理機関名": "国土交通省九州地方整備局", "維持管理機関名（英語）": null, "観測開始年（西暦）": null, "同月": null, "観測機器名または観測項目": null }, "geometry": { "type": "Point", "coordinates": [ 130.8793, 33.9094 ] } },
{ "type": "Feature", "properties": { "観測の種類": "検潮", "name": "砂津", "観測点名ローマ字": null, "観測点コード": null, "緯度（度）": 33.8922, "経度（度）": 130.8915, "高さ（ｍ）": null, "測器の深度（ｍ）": null, "維持管理機関名": "国土交通省九州地方整備局", "維持管理機関名（英語）": null, "観測開始年（西暦）": null, "同月": null, "観測機器名または観測項目": null }, "geometry": { "type": "Point", "coordinates": [ 130.8915, 33.8922 ] } },
{ "type": "Feature", "properties": { "観測の種類": "検潮", "name": "苅田", "観測点名ローマ字": null, "観測点コード": null, "緯度（度）": 33.7936, "経度（度）": 131.0006, "高さ（ｍ）": null, "測器の深度（ｍ）": null, "維持管理機関名": "国土交通省九州地方整備局", "維持管理機関名（英語）": null, "観測開始年（西暦）": null, "同月": null, "観測機器名または観測項目": null }, "geometry": { "type": "Point", "coordinates": [ 131.0006, 33.7936 ] } },
{ "type": "Feature", "properties": { "観測の種類": "検潮", "name": "郷ノ浦", "観測点名ローマ字": null, "観測点コード": null, "緯度（度）": 33.7433, "経度（度）": 129.6878, "高さ（ｍ）": null, "測器の深度（ｍ）": null, "維持管理機関名": "国土交通省九州地方整備局", "維持管理機関名（英語）": null, "観測開始年（西暦）": null, "同月": null, "観測機器名または観測項目": null }, "geometry": { "type": "Point", "coordinates": [ 129.6878, 33.7433 ] } },
{ "type": "Feature", "properties": { "観測の種類": "検潮", "name": "唐津", "観測点名ローマ字": null, "観測点コード": null, "緯度（度）": 33.4669, "経度（度）": 129.9617, "高さ（ｍ）": null, "測器の深度（ｍ）": null, "維持管理機関名": "国土交通省九州地方整備局", "維持管理機関名（英語）": null, "観測開始年（西暦）": null, "同月": null, "観測機器名または観測項目": null }, "geometry": { "type": "Point", "coordinates": [ 129.9617, 33.4669 ] } },
{ "type": "Feature", "properties": { "観測の種類": "検潮", "name": "平戸瀬戸航路", "観測点名ローマ字": null, "観測点コード": null, "緯度（度）": 33.3611, "経度（度）": 129.5753, "高さ（ｍ）": null, "測器の深度（ｍ）": null, "維持管理機関名": "国土交通省九州地方整備局", "維持管理機関名（英語）": null, "観測開始年（西暦）": null, "同月": null, "観測機器名または観測項目": null }, "geometry": { "type": "Point", "coordinates": [ 129.5753, 33.3611 ] } },
{ "type": "Feature", "properties": { "観測の種類": "検潮", "name": "別府", "観測点名ローマ字": null, "観測点コード": null, "緯度（度）": 33.2986, "経度（度）": 131.5036, "高さ（ｍ）": null, "測器の深度（ｍ）": null, "維持管理機関名": "国土交通省九州地方整備局", "維持管理機関名（英語）": null, "観測開始年（西暦）": null, "同月": null, "観測機器名または観測項目": null }, "geometry": { "type": "Point", "coordinates": [ 131.5036, 33.2986 ] } },
{ "type": "Feature", "properties": { "観測の種類": "検潮", "name": "熊本", "観測点名ローマ字": null, "観測点コード": null, "緯度（度）": 32.7522, "経度（度）": 130.5647, "高さ（ｍ）": null, "測器の深度（ｍ）": null, "維持管理機関名": "国土交通省九州地方整備局", "維持管理機関名（英語）": null, "観測開始年（西暦）": null, "同月": null, "観測機器名または観測項目": null }, "geometry": { "type": "Point", "coordinates": [ 130.5647, 32.7522 ] } },
{ "type": "Feature", "properties": { "観測の種類": "検潮", "name": "皇后", "観測点名ローマ字": null, "観測点コード": null, "緯度（度）": 32.7225, "経度（度）": 129.8347, "高さ（ｍ）": null, "測器の深度（ｍ）": null, "維持管理機関名": "国土交通省九州地方整備局", "維持管理機関名（英語）": null, "観測開始年（西暦）": null, "同月": null, "観測機器名または観測項目": null }, "geometry": { "type": "Point", "coordinates": [ 129.8347, 32.7225 ] } },
{ "type": "Feature", "properties": { "観測の種類": "検潮", "name": "八代", "観測点名ローマ字": null, "観測点コード": null, "緯度（度）": 32.5119, "経度（度）": 130.5667, "高さ（ｍ）": null, "測器の深度（ｍ）": null, "維持管理機関名": "国土交通省九州地方整備局", "維持管理機関名（英語）": null, "観測開始年（西暦）": null, "同月": null, "観測機器名または観測項目": null }, "geometry": { "type": "Point", "coordinates": [ 130.5667, 32.5119 ] } },
{ "type": "Feature", "properties": { "観測の種類": "検潮", "name": "本渡瀬戸", "観測点名ローマ字": null, "観測点コード": null, "緯度（度）": 32.4297, "経度（度）": 130.2097, "高さ（ｍ）": null, "測器の深度（ｍ）": null, "維持管理機関名": "国土交通省九州地方整備局", "維持管理機関名（英語）": null, "観測開始年（西暦）": null, "同月": null, "観測機器名または観測項目": null }, "geometry": { "type": "Point", "coordinates": [ 130.2097, 32.4297 ] } },
{ "type": "Feature", "properties": { "観測の種類": "検潮", "name": "宮崎", "観測点名ローマ字": null, "観測点コード": null, "緯度（度）": 31.9028, "経度（度）": 131.4564, "高さ（ｍ）": null, "測器の深度（ｍ）": null, "維持管理機関名": "国土交通省九州地方整備局", "維持管理機関名（英語）": null, "観測開始年（西暦）": null, "同月": null, "観測機器名または観測項目": null }, "geometry": { "type": "Point", "coordinates": [ 131.4564, 31.9028 ] } },
{ "type": "Feature", "properties": { "観測の種類": "検潮", "name": "志布志港", "観測点名ローマ字": null, "観測点コード": null, "緯度（度）": 31.475, "経度（度）": 131.1089, "高さ（ｍ）": null, "測器の深度（ｍ）": null, "維持管理機関名": "国土交通省九州地方整備局", "維持管理機関名（英語）": null, "観測開始年（西暦）": null, "同月": null, "観測機器名または観測項目": null }, "geometry": { "type": "Point", "coordinates": [ 131.1089, 31.475 ] } },
{ "type": "Feature", "properties": { "観測の種類": "検潮", "name": "中城湾", "観測点名ローマ字": null, "観測点コード": null, "緯度（度）": 26.3272, "経度（度）": 127.8394, "高さ（ｍ）": null, "測器の深度（ｍ）": null, "維持管理機関名": "内閣府沖縄総合事務局", "維持管理機関名（英語）": null, "観測開始年（西暦）": 1982, "同月": 3, "観測機器名または観測項目": "デジタル式フース型検潮器（DFT-3)" }, "geometry": { "type": "Point", "coordinates": [ 127.8394, 26.3272 ] } },
{ "type": "Feature", "properties": { "観測の種類": "検潮", "name": "平良", "観測点名ローマ字": null, "観測点コード": null, "緯度（度）": 24.8133, "経度（度）": 125.2783, "高さ（ｍ）": null, "測器の深度（ｍ）": null, "維持管理機関名": "内閣府沖縄総合事務局", "維持管理機関名（英語）": null, "観測開始年（西暦）": 1973, "同月": 3, "観測機器名または観測項目": "デジタル式フース型検潮器（DFT-3)" }, "geometry": { "type": "Point", "coordinates": [ 125.2783, 24.8133 ] } },
{ "type": "Feature", "properties": { "観測の種類": "験潮", "name": "忍路", "観測点名ローマ字": "Osｈoro", "観測点コード": "1701", "緯度（度）": 43.2094, "経度（度）": 140.8586, "高さ（ｍ）": 1.6906, "測器の深度（ｍ）": "NULL", "維持管理機関名": "国土地理院", "維持管理機関名（英語）": "GSI", "観測開始年（西暦）": 1905, "同月": 11, "観測機器名または観測項目": "G.S.AT" }, "geometry": { "type": "Point", "coordinates": [ 140.8586, 43.2094 ] } },
{ "type": "Feature", "properties": { "観測の種類": "験潮", "name": "浅虫", "観測点名ローマ字": "Asamushi", "観測点コード": "1605", "緯度（度）": 40.8975, "経度（度）": 140.8594, "高さ（ｍ）": 3.0646, "測器の深度（ｍ）": "NULL", "維持管理機関名": "国土地理院", "維持管理機関名（英語）": "GSI", "観測開始年（西暦）": 1954, "同月": 5, "観測機器名または観測項目": "G.S.AT" }, "geometry": { "type": "Point", "coordinates": [ 140.8594, 40.8975 ] } },
{ "type": "Feature", "properties": { "観測の種類": "験潮", "name": "男鹿", "観測点名ローマ字": "Oga", "観測点コード": "1607", "緯度（度）": 39.9422, "経度（度）": 139.7036, "高さ（ｍ）": 2.4952, "測器の深度（ｍ）": "NULL", "維持管理機関名": "国土地理院", "維持管理機関名（英語）": "GSI", "観測開始年（西暦）": 1970, "同月": 1, "観測機器名または観測項目": "G.S.AT" }, "geometry": { "type": "Point", "coordinates": [ 139.7036, 39.9422 ] } },
{ "type": "Feature", "properties": { "観測の種類": "験潮", "name": "鼠ヶ関", "観測点名ローマ字": "Nezugaseki", "観測点コード": "1604", "緯度（度）": 38.5631, "経度（度）": 139.5461, "高さ（ｍ）": 2.085, "測器の深度（ｍ）": "NULL", "維持管理機関名": "国土地理院", "維持管理機関名（英語）": "GSI", "観測開始年（西暦）": 1955, "同月": 3, "観測機器名または観測項目": "G.S.AT" }, "geometry": { "type": "Point", "coordinates": [ 139.5461, 38.5631 ] } },
{ "type": "Feature", "properties": { "観測の種類": "験潮", "name": "相馬", "観測点名ローマ字": "Soma", "観測点コード": "1201", "緯度（度）": 37.8306, "経度（度）": 140.9619, "高さ（ｍ）": 3.3935, "測器の深度（ｍ）": "NULL", "維持管理機関名": "国土地理院", "維持管理機関名（英語）": "GSI", "観測開始年（西暦）": 1973, "同月": 5, "観測機器名または観測項目": "G.S.AT" }, "geometry": { "type": "Point", "coordinates": [ 140.9619, 37.8306 ] } },
{ "type": "Feature", "properties": { "観測の種類": "験潮", "name": "小木", "観測点名ローマ字": "Ogi", "観測点コード": "1609", "緯度（度）": 37.815, "経度（度）": 138.2814, "高さ（ｍ）": 1.514, "測器の深度（ｍ）": "NULL", "維持管理機関名": "国土地理院", "維持管理機関名（英語）": "GSI", "観測開始年（西暦）": 1973, "同月": 8, "観測機器名または観測項目": "G.S.AT" }, "geometry": { "type": "Point", "coordinates": [ 138.2814, 37.815 ] } },
{ "type": "Feature", "properties": { "観測の種類": "験潮", "name": "柏崎", "観測点名ローマ字": "Kashiwazaki", "観測点コード": "1603", "緯度（度）": 37.3567, "経度（度）": 138.5089, "高さ（ｍ）": 2.7204, "測器の深度（ｍ）": "NULL", "維持管理機関名": "国土地理院", "維持管理機関名（英語）": "GSI", "観測開始年（西暦）": 1955, "同月": 6, "観測機器名または観測項目": "G.S.AT" }, "geometry": { "type": "Point", "coordinates": [ 138.5089, 37.3567 ] } },
{ "type": "Feature", "properties": { "観測の種類": "験潮", "name": "勝浦", "観測点名ローマ字": "Katsuura", "観測点コード": "1303", "緯度（度）": 35.1292, "経度（度）": 140.2492, "高さ（ｍ）": 2.0053, "測器の深度（ｍ）": "NULL", "維持管理機関名": "国土地理院", "維持管理機関名（英語）": "GSI", "観測開始年（西暦）": 1967, "同月": 6, "観測機器名または観測項目": "G.S.AT" }, "geometry": { "type": "Point", "coordinates": [ 140.2492, 35.1292 ] } },
{ "type": "Feature", "properties": { "観測の種類": "験潮", "name": "油壺", "観測点名ローマ字": "Aburatsubo", "観測点コード": "1301", "緯度（度）": 35.1603, "経度（度）": 139.6156, "高さ（ｍ）": 2.4163, "測器の深度（ｍ）": "NULL", "維持管理機関名": "国土地理院", "維持管理機関名（英語）": "GSI", "観測開始年（西暦）": 1894, "同月": 7, "観測機器名または観測項目": "G.S.AT" }, "geometry": { "type": "Point", "coordinates": [ 139.6156, 35.1603 ] } },
{ "type": "Feature", "properties": { "観測の種類": "験潮", "name": "田子", "観測点名ローマ字": "Tago", "観測点コード": "1305", "緯度（度）": 34.8072, "経度（度）": 138.7642, "高さ（ｍ）": 2.4982, "測器の深度（ｍ）": "NULL", "維持管理機関名": "国土地理院", "維持管理機関名（英語）": "GSI", "観測開始年（西暦）": 1977, "同月": 8, "観測機器名または観測項目": "G.S.AT" }, "geometry": { "type": "Point", "coordinates": [ 138.7642, 34.8072 ] } },
{ "type": "Feature", "properties": { "観測の種類": "験潮", "name": "焼津", "観測点名ローマ字": "Yaizu", "観測点コード": "1306", "緯度（度）": 34.8706, "経度（度）": 138.3275, "高さ（ｍ）": 1.8848, "測器の深度（ｍ）": "NULL", "維持管理機関名": "国土地理院", "維持管理機関名（英語）": "GSI", "観測開始年（西暦）": 1977, "同月": 8, "観測機器名または観測項目": "G.S.AT" }, "geometry": { "type": "Point", "coordinates": [ 138.3275, 34.8706 ] } },
{ "type": "Feature", "properties": { "観測の種類": "験潮", "name": "伊東", "観測点名ローマ字": "Ito", "観測点コード": "1304", "緯度（度）": 34.8953, "経度（度）": 139.1328, "高さ（ｍ）": 2.8396, "測器の深度（ｍ）": "NULL", "維持管理機関名": "国土地理院", "維持管理機関名（英語）": "GSI", "観測開始年（西暦）": 1973, "同月": 7, "観測機器名または観測項目": "G.S.AT" }, "geometry": { "type": "Point", "coordinates": [ 139.1328, 34.8953 ] } },
{ "type": "Feature", "properties": { "観測の種類": "験潮", "name": "三国", "観測点名ローマ字": "Mikuni", "観測点コード": "1606", "緯度（度）": 36.2547, "経度（度）": 136.1489, "高さ（ｍ）": 1.1991, "測器の深度（ｍ）": "NULL", "維持管理機関名": "国土地理院", "維持管理機関名（英語）": "GSI", "観測開始年（西暦）": 1967, "同月": 12, "観測機器名または観測項目": "G.S.AT" }, "geometry": { "type": "Point", "coordinates": [ 136.1489, 36.2547 ] } },
{ "type": "Feature", "properties": { "観測の種類": "験潮", "name": "鬼崎", "観測点名ローマ字": "Onisaki", "観測点コード": "1302", "緯度（度）": 34.9039, "経度（度）": 136.8239, "高さ（ｍ）": 4.581, "測器の深度（ｍ）": "NULL", "維持管理機関名": "国土地理院", "維持管理機関名（英語）": "GSI", "観測開始年（西暦）": 1963, "同月": 1, "観測機器名または観測項目": "G.S.AT" }, "geometry": { "type": "Point", "coordinates": [ 136.8239, 34.9039 ] } },
{ "type": "Feature", "properties": { "観測の種類": "験潮", "name": "海南", "観測点名ローマ字": "Kainan", "観測点コード": "1401", "緯度（度）": 34.1439, "経度（度）": 135.1917, "高さ（ｍ）": 2.8193, "測器の深度（ｍ）": "NULL", "維持管理機関名": "国土地理院", "維持管理機関名（英語）": "GSI", "観測開始年（西暦）": 1953, "同月": 2, "観測機器名または観測項目": "G.S.AT" }, "geometry": { "type": "Point", "coordinates": [ 135.1917, 34.1439 ] } },
{ "type": "Feature", "properties": { "観測の種類": "験潮", "name": "田後", "観測点名ローマ字": "Tajiri", "観測点コード": "1601", "緯度（度）": 35.5936, "経度（度）": 134.3158, "高さ（ｍ）": 1.9997, "測器の深度（ｍ）": "NULL", "維持管理機関名": "国土地理院", "維持管理機関名（英語）": "GSI", "観測開始年（西暦）": 1966, "同月": 1, "観測機器名または観測項目": "G.S.AT" }, "geometry": { "type": "Point", "coordinates": [ 134.3158, 35.5936 ] } },
{ "type": "Feature", "properties": { "観測の種類": "験潮", "name": "須佐", "観測点名ローマ字": "Susa", "観測点コード": "1610", "緯度（度）": 34.6278, "経度（度）": 131.6044, "高さ（ｍ）": 2.5552, "測器の深度（ｍ）": "NULL", "維持管理機関名": "国土地理院", "維持管理機関名（英語）": "GSI", "観測開始年（西暦）": 1992, "同月": 1, "観測機器名または観測項目": "G.S.AT" }, "geometry": { "type": "Point", "coordinates": [ 131.6044, 34.6278 ] } },
{ "type": "Feature", "properties": { "観測の種類": "験潮", "name": "久礼", "観測点名ローマ字": "Kure", "観測点コード": "1404", "緯度（度）": 33.3336, "経度（度）": 133.2436, "高さ（ｍ）": 2.8246, "測器の深度（ｍ）": "NULL", "維持管理機関名": "国土地理院", "維持管理機関名（英語）": "GSI", "観測開始年（西暦）": 1972, "同月": 6, "観測機器名または観測項目": "G.S.AT" }, "geometry": { "type": "Point", "coordinates": [ 133.2436, 33.3336 ] } },
{ "type": "Feature", "properties": { "観測の種類": "験潮", "name": "仮屋", "観測点名ローマ字": "Kariya", "観測点コード": "1502", "緯度（度）": 33.473, "経度（度）": 129.8494, "高さ（ｍ）": 2.522, "測器の深度（ｍ）": "NULL", "維持管理機関名": "国土地理院", "維持管理機関名（英語）": "GSI", "観測開始年（西暦）": 1972, "同月": 2, "観測機器名または観測項目": "G.S.AT" }, "geometry": { "type": "Point", "coordinates": [ 129.8494, 33.473 ] } },
{ "type": "Feature", "properties": { "観測の種類": "験潮", "name": "細島", "観測点名ローマ字": "Hosojima", "観測点コード": "1403", "緯度（度）": 32.4283, "経度（度）": 131.6694, "高さ（ｍ）": 2.7281, "測器の深度（ｍ）": "NULL", "維持管理機関名": "国土地理院", "維持管理機関名（英語）": "GSI", "観測開始年（西暦）": 1894, "同月": 1, "観測機器名または観測項目": "G.S.AT" }, "geometry": { "type": "Point", "coordinates": [ 131.6694, 32.4283 ] } },
{ "type": "Feature", "properties": { "観測の種類": "験潮", "name": "阿久根", "観測点名ローマ字": "Akune", "観測点コード": "1501", "緯度（度）": 32.0172, "経度（度）": 130.1911, "高さ（ｍ）": 2.789, "測器の深度（ｍ）": "NULL", "維持管理機関名": "国土地理院", "維持管理機関名（英語）": "GSI", "観測開始年（西暦）": 1970, "同月": 7, "観測機器名または観測項目": "G.S.AT" }, "geometry": { "type": "Point", "coordinates": [ 130.1911, 32.0172 ] } },
{ "type": "Feature", "properties": { "観測の種類": "験潮", "name": "沖縄", "観測点名ローマ字": "Okinawa", "観測点コード": "1503", "緯度（度）": 26.1792, "経度（度）": 127.8247, "高さ（ｍ）": 2.8262, "測器の深度（ｍ）": "NULL", "維持管理機関名": "国土地理院", "維持管理機関名（英語）": "GSI", "観測開始年（西暦）": 1975, "同月": 8, "観測機器名または観測項目": "G.S.AT" }, "geometry": { "type": "Point", "coordinates": [ 127.8247, 26.1792 ] } },
{ "type": "Feature", "properties": { "観測の種類": "験潮", "name": "奥尻", "観測点名ローマ字": "Okushiri", "観測点コード": "1702", "緯度（度）": 42.0783, "経度（度）": 139.4892, "高さ（ｍ）": 2.0009, "測器の深度（ｍ）": "NULL", "維持管理機関名": "国土地理院", "維持管理機関名（英語）": "GSI", "観測開始年（西暦）": 1994, "同月": 12, "観測機器名または観測項目": "G.S.AT" }, "geometry": { "type": "Point", "coordinates": [ 139.4892, 42.0783 ] } },
{ "type": "Feature", "properties": { "観測の種類": "験潮", "name": "飛島", "観測点名ローマ字": "Tobishima", "観測点コード": "1611", "緯度（度）": 39.1856, "経度（度）": 139.5478, "高さ（ｍ）": 1.9021, "測器の深度（ｍ）": "NULL", "維持管理機関名": "国土地理院", "維持管理機関名（英語）": "GSI", "観測開始年（西暦）": 1995, "同月": 3, "観測機器名または観測項目": "G.S.AT" }, "geometry": { "type": "Point", "coordinates": [ 139.5478, 39.1856 ] } },
{ "type": "Feature", "properties": { "観測の種類": "海底津波計", "name": "東海１", "観測点名ローマ字": null, "観測点コード": null, "緯度（度）": 33.7684, "経度（度）": 137.587, "高さ（ｍ）": null, "測器の深度（ｍ）": "2202", "維持管理機関名": "気象庁", "維持管理機関名（英語）": "JMA", "観測開始年（西暦）": null, "同月": null, "観測機器名または観測項目": null }, "geometry": { "type": "Point", "coordinates": [ 137.587, 33.7684 ] } },
{ "type": "Feature", "properties": { "観測の種類": "海底津波計", "name": "房総２", "観測点名ローマ字": null, "観測点コード": null, "緯度（度）": 34.755, "経度（度）": 140.7517, "高さ（ｍ）": null, "測器の深度（ｍ）": "2098", "維持管理機関名": "気象庁", "維持管理機関名（英語）": "JMA", "観測開始年（西暦）": null, "同月": null, "観測機器名または観測項目": null }, "geometry": { "type": "Point", "coordinates": [ 140.7517, 34.755 ] } },
{ "type": "Feature", "properties": { "観測の種類": "海底津波計", "name": "房総３", "観測点名ローマ字": null, "観測点コード": null, "緯度（度）": 34.805, "経度（度）": 140.5067, "高さ（ｍ）": null, "測器の深度（ｍ）": "1912", "維持管理機関名": "気象庁", "維持管理機関名（英語）": "JMA", "観測開始年（西暦）": null, "同月": null, "観測機器名または観測項目": null }, "geometry": { "type": "Point", "coordinates": [ 140.5067, 34.805 ] } },
{ "type": "Feature", "properties": { "観測の種類": "海底津波計", "name": "東南海１", "観測点名ローマ字": "Tonankai1", "観測点コード": null, "緯度（度）": 33.6543, "経度（度）": 136.8406, "高さ（ｍ）": null, "測器の深度（ｍ）": "2050", "維持管理機関名": "気象庁", "維持管理機関名（英語）": "JMA", "観測開始年（西暦）": 2008, "同月": 10, "観測機器名または観測項目": null }, "geometry": { "type": "Point", "coordinates": [ 136.8406, 33.6543 ] } },
{ "type": "Feature", "properties": { "観測の種類": "海底津波計", "name": "東南海２", "観測点名ローマ字": "Tonankai2", "観測点コード": null, "緯度（度）": 33.8578, "経度（度）": 137.3594, "高さ（ｍ）": null, "測器の深度（ｍ）": "1120", "維持管理機関名": "気象庁", "維持管理機関名（英語）": "JMA", "観測開始年（西暦）": 2008, "同月": 10, "観測機器名または観測項目": null }, "geometry": { "type": "Point", "coordinates": [ 137.3594, 33.8578 ] } },
{ "type": "Feature", "properties": { "観測の種類": "海底津波計", "name": "東南海３", "観測点名ローマ字": "Tonankai3", "観測点コード": null, "緯度（度）": 34.2173, "経度（度）": 137.692, "高さ（ｍ）": null, "測器の深度（ｍ）": "1103", "維持管理機関名": "気象庁", "維持管理機関名（英語）": "JMA", "観測開始年（西暦）": 2008, "同月": 10, "観測機器名または観測項目": null }, "geometry": { "type": "Point", "coordinates": [ 137.692, 34.2173 ] } },
{ "type": "Feature", "properties": { "観測の種類": "検潮所", "name": "根室市花咲  ", "観測点名ローマ字": "Nemuroshihanasaki", "観測点コード": null, "緯度（度）": 43.2781, "経度（度）": 145.5678, "高さ（ｍ）": null, "測器の深度（ｍ）": null, "維持管理機関名": "気象庁", "維持管理機関名（英語）": "JMA", "観測開始年（西暦）": 1977, "同月": 7, "観測機器名または観測項目": null }, "geometry": { "type": "Point", "coordinates": [ 145.5678, 43.2781 ] } },
{ "type": "Feature", "properties": { "観測の種類": "検潮所", "name": "釧路  ", "観測点名ローマ字": "Kushiro", "観測点コード": null, "緯度（度）": 42.9756, "経度（度）": 144.3714, "高さ（ｍ）": null, "測器の深度（ｍ）": null, "維持管理機関名": "気象庁", "維持管理機関名（英語）": "JMA", "観測開始年（西暦）": 1959, "同月": 1, "観測機器名または観測項目": null }, "geometry": { "type": "Point", "coordinates": [ 144.3714, 42.9756 ] } },
{ "type": "Feature", "properties": { "観測の種類": "検潮所", "name": "網走  ", "観測点名ローマ字": "Abashiri", "観測点コード": null, "緯度（度）": 44.0194, "経度（度）": 144.2858, "高さ（ｍ）": null, "測器の深度（ｍ）": null, "維持管理機関名": "気象庁", "維持管理機関名（英語）": "JMA", "観測開始年（西暦）": 1956, "同月": 1, "観測機器名または観測項目": null }, "geometry": { "type": "Point", "coordinates": [ 144.2858, 44.0194 ] } },
{ "type": "Feature", "properties": { "観測の種類": "検潮所", "name": "父島二見", "観測点名ローマ字": "Chichijimahutami", "観測点コード": null, "緯度（度）": 27.0942, "経度（度）": 142.1944, "高さ（ｍ）": null, "測器の深度（ｍ）": null, "維持管理機関名": "気象庁", "維持管理機関名（英語）": "JMA", "観測開始年（西暦）": 1971, "同月": 4, "観測機器名または観測項目": null }, "geometry": { "type": "Point", "coordinates": [ 142.1944, 27.0942 ] } },
{ "type": "Feature", "properties": { "観測の種類": "津波計", "name": "宮古  ", "観測点名ローマ字": "Miyako", "観測点コード": null, "緯度（度）": 39.6431, "経度（度）": 141.9753, "高さ（ｍ）": null, "測器の深度（ｍ）": null, "維持管理機関名": "気象庁", "維持管理機関名（英語）": "JMA", "観測開始年（西暦）": 2003, "同月": 1, "観測機器名または観測項目": null }, "geometry": { "type": "Point", "coordinates": [ 141.9753, 39.6431 ] } },
{ "type": "Feature", "properties": { "観測の種類": "検潮所", "name": "大船渡", "観測点名ローマ字": "Ofunato", "観測点コード": null, "緯度（度）": 39.0197, "経度（度）": 141.7533, "高さ（ｍ）": null, "測器の深度（ｍ）": null, "維持管理機関名": "気象庁", "維持管理機関名（英語）": "JMA", "観測開始年（西暦）": 1963, "同月": 8, "観測機器名または観測項目": null }, "geometry": { "type": "Point", "coordinates": [ 141.7533, 39.0197 ] } },
{ "type": "Feature", "properties": { "観測の種類": "検潮所", "name": "稚内  ", "観測点名ローマ字": "Wakkanai", "観測点コード": null, "緯度（度）": 45.4078, "経度（度）": 141.6853, "高さ（ｍ）": null, "測器の深度（ｍ）": null, "維持管理機関名": "気象庁", "維持管理機関名（英語）": "JMA", "観測開始年（西暦）": 1955, "同月": 1, "観測機器名または観測項目": null }, "geometry": { "type": "Point", "coordinates": [ 141.6853, 45.4078 ] } },
{ "type": "Feature", "properties": { "観測の種類": "検潮所", "name": "石巻市鮎川  ", "観測点名ローマ字": "Ishinomakishiayukawa", "観測点コード": null, "緯度（度）": 38.2967, "経度（度）": 141.5053, "高さ（ｍ）": null, "測器の深度（ｍ）": null, "維持管理機関名": "気象庁", "維持管理機関名（英語）": "JMA", "観測開始年（西暦）": 1967, "同月": 3, "観測機器名または観測項目": null }, "geometry": { "type": "Point", "coordinates": [ 141.5053, 38.2967 ] } },
{ "type": "Feature", "properties": { "観測の種類": "津波計", "name": "むつ市関根浜", "観測点名ローマ字": "Mutsushisekinehama", "観測点コード": null, "緯度（度）": 41.3647, "経度（度）": 141.2381, "高さ（ｍ）": null, "測器の深度（ｍ）": null, "維持管理機関名": "気象庁", "維持管理機関名（英語）": "JMA", "観測開始年（西暦）": 1996, "同月": 1, "観測機器名または観測項目": null }, "geometry": { "type": "Point", "coordinates": [ 141.2381, 41.3647 ] } },
{ "type": "Feature", "properties": { "観測の種類": "津波計", "name": "小樽  ", "観測点名ローマ字": "Otaru", "観測点コード": null, "緯度（度）": 43.2067, "経度（度）": 141.0053, "高さ（ｍ）": null, "測器の深度（ｍ）": null, "維持管理機関名": "気象庁", "維持管理機関名（英語）": "JMA", "観測開始年（西暦）": 1996, "同月": 2, "観測機器名または観測項目": null }, "geometry": { "type": "Point", "coordinates": [ 141.0053, 43.2067 ] } },
{ "type": "Feature", "properties": { "観測の種類": "検潮所", "name": "いわき市小名浜", "観測点名ローマ字": "Iwakishionahama", "観測点コード": null, "緯度（度）": 36.9375, "経度（度）": 140.8919, "高さ（ｍ）": null, "測器の深度（ｍ）": null, "維持管理機関名": "気象庁", "維持管理機関名（英語）": "JMA", "観測開始年（西暦）": 1977, "同月": 7, "観測機器名または観測項目": null }, "geometry": { "type": "Point", "coordinates": [ 140.8919, 36.9375 ] } },
{ "type": "Feature", "properties": { "観測の種類": "巨大津波計", "name": "銚子  ", "観測点名ローマ字": "Choshi", "観測点コード": null, "緯度（度）": 35.7444, "経度（度）": 140.8583, "高さ（ｍ）": null, "測器の深度（ｍ）": null, "維持管理機関名": "気象庁", "維持管理機関名（英語）": "JMA", "観測開始年（西暦）": 2010, "同月": 2, "観測機器名または観測項目": null }, "geometry": { "type": "Point", "coordinates": [ 140.8583, 35.7444 ] } },
{ "type": "Feature", "properties": { "観測の種類": "検潮所", "name": "函館  ", "観測点名ローマ字": "Hakodate", "観測点コード": null, "緯度（度）": 41.7817, "経度（度）": 140.7247, "高さ（ｍ）": null, "測器の深度（ｍ）": null, "維持管理機関名": "気象庁", "維持管理機関名（英語）": "JMA", "観測開始年（西暦）": 1961, "同月": 4, "観測機器名または観測項目": null }, "geometry": { "type": "Point", "coordinates": [ 140.7247, 41.7817 ] } },
{ "type": "Feature", "properties": { "観測の種類": "検潮所", "name": "深浦  ", "観測点名ローマ字": "Fukaura", "観測点コード": null, "緯度（度）": 40.6472, "経度（度）": 139.9264, "高さ（ｍ）": null, "測器の深度（ｍ）": null, "維持管理機関名": "気象庁", "維持管理機関名（英語）": "JMA", "観測開始年（西暦）": 1972, "同月": 4, "観測機器名または観測項目": null }, "geometry": { "type": "Point", "coordinates": [ 139.9264, 40.6472 ] } },
{ "type": "Feature", "properties": { "観測の種類": "検潮所", "name": "館山市布良  ", "観測点名ローマ字": "Tateyamashimera", "観測点コード": null, "緯度（度）": 34.9189, "経度（度）": 139.825, "高さ（ｍ）": null, "測器の深度（ｍ）": null, "維持管理機関名": "気象庁", "維持管理機関名（英語）": "JMA", "観測開始年（西暦）": 1927, "同月": 5, "観測機器名または観測項目": null }, "geometry": { "type": "Point", "coordinates": [ 139.825, 34.9189 ] } },
{ "type": "Feature", "properties": { "観測の種類": "検潮所", "name": "東京晴海", "観測点名ローマ字": "Tokyoharumi", "観測点コード": null, "緯度（度）": 35.6486, "経度（度）": 139.77, "高さ（ｍ）": null, "測器の深度（ｍ）": null, "維持管理機関名": "気象庁", "維持管理機関名（英語）": "JMA", "観測開始年（西暦）": 1967, "同月": 9, "観測機器名または観測項目": null }, "geometry": { "type": "Point", "coordinates": [ 139.77, 35.6486 ] } },
{ "type": "Feature", "properties": { "観測の種類": "津波計", "name": "三宅島坪田", "観測点名ローマ字": "Miyakejimatsubota", "観測点コード": null, "緯度（度）": 34.0572, "経度（度）": 139.5439, "高さ（ｍ）": null, "測器の深度（ｍ）": null, "維持管理機関名": "気象庁", "維持管理機関名（英語）": "JMA", "観測開始年（西暦）": 1996, "同月": 2, "観測機器名または観測項目": null }, "geometry": { "type": "Point", "coordinates": [ 139.5439, 34.0572 ] } },
{ "type": "Feature", "properties": { "観測の種類": "検潮所", "name": "伊豆大島岡田", "観測点名ローマ字": "Izuoshimaokada", "観測点コード": null, "緯度（度）": 34.7894, "経度（度）": 139.3914, "高さ（ｍ）": null, "測器の深度（ｍ）": null, "維持管理機関名": "気象庁", "維持管理機関名（英語）": "JMA", "観測開始年（西暦）": 1940, "同月": 1, "観測機器名または観測項目": null }, "geometry": { "type": "Point", "coordinates": [ 139.3914, 34.7894 ] } },
{ "type": "Feature", "properties": { "観測の種類": "検潮所", "name": "沼津市内浦  ", "観測点名ローマ字": "Numazushiuchiura", "観測点コード": null, "緯度（度）": 35.0172, "経度（度）": 138.8903, "高さ（ｍ）": null, "測器の深度（ｍ）": null, "維持管理機関名": "気象庁", "維持管理機関名（英語）": "JMA", "観測開始年（西暦）": 1932, "同月": 11, "観測機器名または観測項目": null }, "geometry": { "type": "Point", "coordinates": [ 138.8903, 35.0172 ] } },
{ "type": "Feature", "properties": { "観測の種類": "津波計", "name": "南伊豆町手石港", "観測点名ローマ字": "Minamiizuchoteishikou", "観測点コード": null, "緯度（度）": 34.6283, "経度（度）": 138.8892, "高さ（ｍ）": null, "測器の深度（ｍ）": null, "維持管理機関名": "気象庁", "維持管理機関名（英語）": "JMA", "観測開始年（西暦）": 2022, "同月": 3, "観測機器名または観測項目": null }, "geometry": { "type": "Point", "coordinates": [ 138.8892, 34.6283 ] } },
{ "type": "Feature", "properties": { "観測の種類": "津波計", "name": "佐渡市鷲崎", "観測点名ローマ字": "Sadoshiwashizaki", "観測点コード": null, "緯度（度）": 38.3186, "経度（度）": 138.5172, "高さ（ｍ）": null, "測器の深度（ｍ）": null, "維持管理機関名": "気象庁", "維持管理機関名（英語）": "JMA", "観測開始年（西暦）": 1996, "同月": 4, "観測機器名または観測項目": null }, "geometry": { "type": "Point", "coordinates": [ 138.5172, 38.3186 ] } },
{ "type": "Feature", "properties": { "観測の種類": "検潮所", "name": "清水", "観測点名ローマ字": "Shimizu", "観測点コード": null, "緯度（度）": 35.0117, "経度（度）": 138.5175, "高さ（ｍ）": null, "測器の深度（ｍ）": null, "維持管理機関名": "気象庁", "維持管理機関名（英語）": "JMA", "観測開始年（西暦）": 1971, "同月": 1, "観測機器名または観測項目": null }, "geometry": { "type": "Point", "coordinates": [ 138.5175, 35.0117 ] } },
{ "type": "Feature", "properties": { "観測の種類": "検潮所", "name": "御前崎", "観測点名ローマ字": "Omaezaki", "観測点コード": null, "緯度（度）": 34.6083, "経度（度）": 138.2222, "高さ（ｍ）": null, "測器の深度（ｍ）": null, "維持管理機関名": "気象庁", "維持管理機関名（英語）": "JMA", "観測開始年（西暦）": 1970, "同月": 4, "観測機器名または観測項目": null }, "geometry": { "type": "Point", "coordinates": [ 138.2222, 34.6083 ] } },
{ "type": "Feature", "properties": { "観測の種類": "検潮所", "name": "舞阪  ", "観測点名ローマ字": "Maisaka", "観測点コード": null, "緯度（度）": 34.6819, "経度（度）": 137.6089, "高さ（ｍ）": null, "測器の深度（ｍ）": null, "維持管理機関名": "気象庁", "維持管理機関名（英語）": "JMA", "観測開始年（西暦）": 1933, "同月": 11, "観測機器名または観測項目": null }, "geometry": { "type": "Point", "coordinates": [ 137.6089, 34.6819 ] } },
{ "type": "Feature", "properties": { "観測の種類": "津波計", "name": "珠洲市長橋", "観測点名ローマ字": "Suzushinagahashi", "観測点コード": null, "緯度（度）": 37.5008, "経度（度）": 137.1553, "高さ（ｍ）": null, "測器の深度（ｍ）": null, "維持管理機関名": "気象庁", "維持管理機関名（英語）": "JMA", "観測開始年（西暦）": 1996, "同月": 10, "観測機器名または観測項目": null }, "geometry": { "type": "Point", "coordinates": [ 137.1553, 37.5008 ] } },
{ "type": "Feature", "properties": { "観測の種類": "検潮所", "name": "富山  ", "観測点名ローマ字": "Toyama", "観測点コード": null, "緯度（度）": 36.7622, "経度（度）": 137.2247, "高さ（ｍ）": null, "測器の深度（ｍ）": null, "維持管理機関名": "気象庁", "維持管理機関名（英語）": "JMA", "観測開始年（西暦）": 1967, "同月": 5, "観測機器名または観測項目": null }, "geometry": { "type": "Point", "coordinates": [ 137.2247, 36.7622 ] } },
{ "type": "Feature", "properties": { "観測の種類": "検潮所", "name": "名古屋", "観測点名ローマ字": "Nagoya", "観測点コード": null, "緯度（度）": 35.0914, "経度（度）": 136.8808, "高さ（ｍ）": null, "測器の深度（ｍ）": null, "維持管理機関名": "気象庁", "維持管理機関名（英語）": "JMA", "観測開始年（西暦）": 1979, "同月": 3, "観測機器名または観測項目": null }, "geometry": { "type": "Point", "coordinates": [ 136.8808, 35.0914 ] } },
{ "type": "Feature", "properties": { "観測の種類": "検潮所", "name": "鳥羽  ", "観測点名ローマ字": "Toba", "観測点コード": null, "緯度（度）": 34.4853, "経度（度）": 136.8247, "高さ（ｍ）": null, "測器の深度（ｍ）": null, "維持管理機関名": "気象庁", "維持管理機関名（英語）": "JMA", "観測開始年（西暦）": 1977, "同月": 10, "観測機器名または観測項目": null }, "geometry": { "type": "Point", "coordinates": [ 136.8247, 34.4853 ] } },
{ "type": "Feature", "properties": { "観測の種類": "検潮所", "name": "尾鷲  ", "観測点名ローマ字": "Owase", "観測点コード": null, "緯度（度）": 34.0764, "経度（度）": 136.2072, "高さ（ｍ）": null, "測器の深度（ｍ）": null, "維持管理機関名": "気象庁", "維持管理機関名（英語）": "JMA", "観測開始年（西暦）": 1966, "同月": 6, "観測機器名または観測項目": null }, "geometry": { "type": "Point", "coordinates": [ 136.2072, 34.0764 ] } },
{ "type": "Feature", "properties": { "観測の種類": "検潮所", "name": "那智勝浦町浦神  ", "観測点名ローマ字": "Nachikatsuurachouragami", "観測点コード": null, "緯度（度）": 33.5583, "経度（度）": 135.8964, "高さ（ｍ）": null, "測器の深度（ｍ）": null, "維持管理機関名": "気象庁", "維持管理機関名（英語）": "JMA", "観測開始年（西暦）": 1938, "同月": 3, "観測機器名または観測項目": null }, "geometry": { "type": "Point", "coordinates": [ 135.8964, 33.5583 ] } },
{ "type": "Feature", "properties": { "観測の種類": "検潮所", "name": "串本町袋港", "観測点名ローマ字": "Kushimotochohukuroko", "観測点コード": null, "緯度（度）": 33.4758, "経度（度）": 135.7733, "高さ（ｍ）": null, "測器の深度（ｍ）": null, "維持管理機関名": "気象庁", "維持管理機関名（英語）": "JMA", "観測開始年（西暦）": 1950, "同月": 2, "観測機器名または観測項目": null }, "geometry": { "type": "Point", "coordinates": [ 135.7733, 33.4758 ] } },
{ "type": "Feature", "properties": { "観測の種類": "検潮所", "name": "大阪天保山", "観測点名ローマ字": "Osakatempozan", "観測点コード": null, "緯度（度）": 34.6581, "経度（度）": 135.4328, "高さ（ｍ）": null, "測器の深度（ｍ）": null, "維持管理機関名": "気象庁", "維持管理機関名（英語）": "JMA", "観測開始年（西暦）": 1935, "同月": 1, "観測機器名または観測項目": null }, "geometry": { "type": "Point", "coordinates": [ 135.4328, 34.6581 ] } },
{ "type": "Feature", "properties": { "観測の種類": "検潮所", "name": "舞鶴  ", "観測点名ローマ字": "Maizuru", "観測点コード": null, "緯度（度）": 35.4767, "経度（度）": 135.3869, "高さ（ｍ）": null, "測器の深度（ｍ）": null, "維持管理機関名": "気象庁", "維持管理機関名（英語）": "JMA", "観測開始年（西暦）": 1968, "同月": 6, "観測機器名または観測項目": null }, "geometry": { "type": "Point", "coordinates": [ 135.3869, 35.4767 ] } },
{ "type": "Feature", "properties": { "観測の種類": "検潮所", "name": "白浜町堅田", "観測点名ローマ字": "Shirahamachokatata", "観測点コード": null, "緯度（度）": 33.6836, "経度（度）": 135.3753, "高さ（ｍ）": null, "測器の深度（ｍ）": null, "維持管理機関名": "気象庁", "維持管理機関名（英語）": "JMA", "観測開始年（西暦）": 1966, "同月": 7, "観測機器名または観測項目": null }, "geometry": { "type": "Point", "coordinates": [ 135.3753, 33.6836 ] } },
{ "type": "Feature", "properties": { "観測の種類": "検潮所", "name": "神戸  ", "観測点名ローマ字": "Kobe", "観測点コード": null, "緯度（度）": 34.6822, "経度（度）": 135.1903, "高さ（ｍ）": null, "測器の深度（ｍ）": null, "維持管理機関名": "気象庁", "維持管理機関名（英語）": "JMA", "観測開始年（西暦）": 1992, "同月": 6, "観測機器名または観測項目": null }, "geometry": { "type": "Point", "coordinates": [ 135.1903, 34.6822 ] } },
{ "type": "Feature", "properties": { "観測の種類": "検潮所", "name": "岬町淡輪  ", "観測点名ローマ字": "Misakichotannowa", "観測点コード": null, "緯度（度）": 34.3389, "経度（度）": 135.1781, "高さ（ｍ）": null, "測器の深度（ｍ）": null, "維持管理機関名": "気象庁", "維持管理機関名（英語）": "JMA", "観測開始年（西暦）": 1935, "同月": 1, "観測機器名または観測項目": null }, "geometry": { "type": "Point", "coordinates": [ 135.1781, 34.3389 ] } },
{ "type": "Feature", "properties": { "観測の種類": "検潮所", "name": "和歌山", "観測点名ローマ字": "Wakayama", "観測点コード": null, "緯度（度）": 34.2217, "経度（度）": 135.1456, "高さ（ｍ）": null, "測器の深度（ｍ）": null, "維持管理機関名": "気象庁", "維持管理機関名（英語）": "JMA", "観測開始年（西暦）": 1980, "同月": 7, "観測機器名または観測項目": null }, "geometry": { "type": "Point", "coordinates": [ 135.1456, 34.2217 ] } },
{ "type": "Feature", "properties": { "観測の種類": "津波計", "name": "洲本  ", "観測点名ローマ字": "Sumoto", "観測点コード": null, "緯度（度）": 34.3467, "経度（度）": 134.9011, "高さ（ｍ）": null, "測器の深度（ｍ）": null, "維持管理機関名": "気象庁", "維持管理機関名（英語）": "JMA", "観測開始年（西暦）": 2010, "同月": 2, "観測機器名または観測項目": null }, "geometry": { "type": "Point", "coordinates": [ 134.9011, 34.3467 ] } },
{ "type": "Feature", "properties": { "観測の種類": "検潮所", "name": "小松島", "観測点名ローマ字": "Komatsushima", "観測点コード": null, "緯度（度）": 34.0092, "経度（度）": 134.5878, "高さ（ｍ）": null, "測器の深度（ｍ）": null, "維持管理機関名": "気象庁", "維持管理機関名（英語）": "JMA", "観測開始年（西暦）": 1950, "同月": 12, "観測機器名または観測項目": null }, "geometry": { "type": "Point", "coordinates": [ 134.5878, 34.0092 ] } },
{ "type": "Feature", "properties": { "観測の種類": "検潮所", "name": "室戸市室戸岬", "観測点名ローマ字": "Murotoshimurotomisaki", "観測点コード": null, "緯度（度）": 33.2664, "経度（度）": 134.1644, "高さ（ｍ）": null, "測器の深度（ｍ）": null, "維持管理機関名": "気象庁", "維持管理機関名（英語）": "JMA", "観測開始年（西暦）": 1966, "同月": 7, "観測機器名または観測項目": null }, "geometry": { "type": "Point", "coordinates": [ 134.1644, 33.2664 ] } },
{ "type": "Feature", "properties": { "観測の種類": "検潮所", "name": "高松  ", "観測点名ローマ字": "Takamatsu", "観測点コード": null, "緯度（度）": 34.3514, "経度（度）": 134.0569, "高さ（ｍ）": null, "測器の深度（ｍ）": null, "維持管理機関名": "気象庁", "維持管理機関名（英語）": "JMA", "観測開始年（西暦）": 1992, "同月": 1, "観測機器名または観測項目": null }, "geometry": { "type": "Point", "coordinates": [ 134.0569, 34.3514 ] } },
{ "type": "Feature", "properties": { "観測の種類": "検潮所", "name": "玉野市宇野  ", "観測点名ローマ字": "Tamanoshiuno", "観測点コード": null, "緯度（度）": 34.4886, "経度（度）": 133.9494, "高さ（ｍ）": null, "測器の深度（ｍ）": null, "維持管理機関名": "気象庁", "維持管理機関名（英語）": "JMA", "観測開始年（西暦）": 1950, "同月": 7, "観測機器名または観測項目": null }, "geometry": { "type": "Point", "coordinates": [ 133.9494, 34.4886 ] } },
{ "type": "Feature", "properties": { "観測の種類": "津波計", "name": "高知  ", "観測点名ローマ字": "Kochi", "観測点コード": null, "緯度（度）": 33.4992, "経度（度）": 133.5692, "高さ（ｍ）": null, "測器の深度（ｍ）": null, "維持管理機関名": "気象庁", "維持管理機関名（英語）": "JMA", "観測開始年（西暦）": 2003, "同月": 3, "観測機器名または観測項目": null }, "geometry": { "type": "Point", "coordinates": [ 133.5692, 33.4992 ] } },
{ "type": "Feature", "properties": { "観測の種類": "検潮所", "name": "隠岐西郷  ", "観測点名ローマ字": "Okisaigo", "観測点コード": null, "緯度（度）": 36.2014, "経度（度）": 133.3311, "高さ（ｍ）": null, "測器の深度（ｍ）": null, "維持管理機関名": "気象庁", "維持管理機関名（英語）": "JMA", "観測開始年（西暦）": 1966, "同月": 1, "観測機器名または観測項目": null }, "geometry": { "type": "Point", "coordinates": [ 133.3311, 36.2014 ] } },
{ "type": "Feature", "properties": { "観測の種類": "検潮所", "name": "境港市境    ", "観測点名ローマ字": "Sakaiminatoshisakai", "観測点コード": null, "緯度（度）": 35.5478, "経度（度）": 133.2431, "高さ（ｍ）": null, "測器の深度（ｍ）": null, "維持管理機関名": "気象庁", "維持管理機関名（英語）": "JMA", "観測開始年（西暦）": 1978, "同月": 5, "観測機器名または観測項目": null }, "geometry": { "type": "Point", "coordinates": [ 133.2431, 35.5478 ] } },
{ "type": "Feature", "properties": { "観測の種類": "検潮所", "name": "土佐清水  ", "観測点名ローマ字": "Tosashimizu", "観測点コード": null, "緯度（度）": 32.7792, "経度（度）": 132.9589, "高さ（ｍ）": null, "測器の深度（ｍ）": null, "維持管理機関名": "気象庁", "維持管理機関名（英語）": "JMA", "観測開始年（西暦）": 1964, "同月": 8, "観測機器名または観測項目": null }, "geometry": { "type": "Point", "coordinates": [ 132.9589, 32.7792 ] } },
{ "type": "Feature", "properties": { "観測の種類": "検潮所", "name": "松山  ", "観測点名ローマ字": "Matsuyama", "観測点コード": null, "緯度（度）": 33.8589, "経度（度）": 132.7122, "高さ（ｍ）": null, "測器の深度（ｍ）": null, "維持管理機関名": "気象庁", "維持管理機関名（英語）": "JMA", "観測開始年（西暦）": 1964, "同月": 1, "観測機器名または観測項目": null }, "geometry": { "type": "Point", "coordinates": [ 132.7122, 33.8589 ] } },
{ "type": "Feature", "properties": { "観測の種類": "津波計", "name": "宇和島", "観測点名ローマ字": "Uwajima", "観測点コード": null, "緯度（度）": 33.2272, "経度（度）": 132.5511, "高さ（ｍ）": null, "測器の深度（ｍ）": null, "維持管理機関名": "気象庁", "維持管理機関名（英語）": "JMA", "観測開始年（西暦）": 2004, "同月": 8, "観測機器名または観測項目": null }, "geometry": { "type": "Point", "coordinates": [ 132.5511, 33.2272 ] } },
{ "type": "Feature", "properties": { "観測の種類": "検潮所", "name": "浜田  ", "観測点名ローマ字": "Hamada", "観測点コード": null, "緯度（度）": 34.8972, "経度（度）": 132.0661, "高さ（ｍ）": null, "測器の深度（ｍ）": null, "維持管理機関名": "気象庁", "維持管理機関名（英語）": "JMA", "観測開始年（西暦）": 1984, "同月": 4, "観測機器名または観測項目": null }, "geometry": { "type": "Point", "coordinates": [ 132.0661, 34.8972 ] } },
{ "type": "Feature", "properties": { "観測の種類": "巨大津波計", "name": "日向市細島", "観測点名ローマ字": "Hyugashihosojima", "観測点コード": null, "緯度（度）": 32.4425, "経度（度）": 131.6747, "高さ（ｍ）": null, "測器の深度（ｍ）": null, "維持管理機関名": "気象庁", "維持管理機関名（英語）": "JMA", "観測開始年（西暦）": 2010, "同月": 1, "観測機器名または観測項目": null }, "geometry": { "type": "Point", "coordinates": [ 131.6747, 32.4425 ] } },
{ "type": "Feature", "properties": { "観測の種類": "検潮所", "name": "日南市油津  ", "観測点名ローマ字": "Nichinanshiaburatsu", "観測点コード": null, "緯度（度）": 31.5769, "経度（度）": 131.4094, "高さ（ｍ）": null, "測器の深度（ｍ）": null, "維持管理機関名": "気象庁", "維持管理機関名（英語）": "JMA", "観測開始年（西暦）": 1928, "同月": 3, "観測機器名または観測項目": null }, "geometry": { "type": "Point", "coordinates": [ 131.4094, 31.5769 ] } },
{ "type": "Feature", "properties": { "観測の種類": "津波計", "name": "種子島熊野", "観測点名ローマ字": "Tanegashimakumano", "観測点コード": null, "緯度（度）": 30.4636, "経度（度）": 130.9644, "高さ（ｍ）": null, "測器の深度（ｍ）": null, "維持管理機関名": "気象庁", "維持管理機関名（英語）": "JMA", "観測開始年（西暦）": 2006, "同月": 3, "観測機器名または観測項目": null }, "geometry": { "type": "Point", "coordinates": [ 130.9644, 30.4636 ] } },
{ "type": "Feature", "properties": { "観測の種類": "巨大津波計", "name": "下関市彦島弟子待", "観測点名ローマ字": "Shimonosekishihikoshimadeshimatsu", "観測点コード": null, "緯度（度）": 33.925, "経度（度）": 130.9278, "高さ（ｍ）": null, "測器の深度（ｍ）": null, "維持管理機関名": "気象庁", "維持管理機関名（英語）": "JMA", "観測開始年（西暦）": 2010, "同月": 2, "観測機器名または観測項目": null }, "geometry": { "type": "Point", "coordinates": [ 130.9278, 33.925 ] } },
{ "type": "Feature", "properties": { "観測の種類": "津波計", "name": "鹿児島", "観測点名ローマ字": "Kagoshima", "観測点コード": null, "緯度（度）": 31.5925, "経度（度）": 130.5647, "高さ（ｍ）": null, "測器の深度（ｍ）": null, "維持管理機関名": "気象庁", "維持管理機関名（英語）": "JMA", "観測開始年（西暦）": 2012, "同月": 3, "観測機器名または観測項目": null }, "geometry": { "type": "Point", "coordinates": [ 130.5647, 31.5925 ] } },
{ "type": "Feature", "properties": { "観測の種類": "検潮所", "name": "枕崎  ", "観測点名ローマ字": "Makurazaki", "観測点コード": null, "緯度（度）": 31.2678, "経度（度）": 130.2931, "高さ（ｍ）": null, "測器の深度（ｍ）": null, "維持管理機関名": "気象庁", "維持管理機関名（英語）": "JMA", "観測開始年（西暦）": 1969, "同月": 10, "観測機器名または観測項目": null }, "geometry": { "type": "Point", "coordinates": [ 130.2931, 31.2678 ] } },
{ "type": "Feature", "properties": { "観測の種類": "津波計", "name": "太良町大浦野崎  ", "観測点名ローマ字": "Tarachoouranozaki", "観測点コード": null, "緯度（度）": 32.9767, "経度（度）": 130.2206, "高さ（ｍ）": null, "測器の深度（ｍ）": null, "維持管理機関名": "気象庁", "維持管理機関名（英語）": "JMA", "観測開始年（西暦）": 2005, "同月": 3, "観測機器名または観測項目": null }, "geometry": { "type": "Point", "coordinates": [ 130.2206, 32.9767 ] } },
{ "type": "Feature", "properties": { "観測の種類": "検潮所", "name": "口之津", "観測点名ローマ字": "Kuchinotsu", "観測点コード": null, "緯度（度）": 32.6053, "経度（度）": 130.1953, "高さ（ｍ）": null, "測器の深度（ｍ）": null, "維持管理機関名": "気象庁", "維持管理機関名（英語）": "JMA", "観測開始年（西暦）": 1968, "同月": 1, "観測機器名または観測項目": null }, "geometry": { "type": "Point", "coordinates": [ 130.1953, 32.6053 ] } },
{ "type": "Feature", "properties": { "観測の種類": "検潮所", "name": "長崎  ", "観測点名ローマ字": "Nagasaki", "観測点コード": null, "緯度（度）": 32.7372, "経度（度）": 129.8692, "高さ（ｍ）": null, "測器の深度（ｍ）": null, "維持管理機関名": "気象庁", "維持管理機関名（英語）": "JMA", "観測開始年（西暦）": 1961, "同月": 1, "観測機器名または観測項目": null }, "geometry": { "type": "Point", "coordinates": [ 129.8692, 32.7372 ] } },
{ "type": "Feature", "properties": { "観測の種類": "津波計", "name": "奄美市小湊", "観測点名ローマ字": "Amamishikominato", "観測点コード": null, "緯度（度）": 28.3228, "経度（度）": 129.5342, "高さ（ｍ）": null, "測器の深度（ｍ）": null, "維持管理機関名": "気象庁", "維持管理機関名（英語）": "JMA", "観測開始年（西暦）": 1996, "同月": 3, "観測機器名または観測項目": null }, "geometry": { "type": "Point", "coordinates": [ 129.5342, 28.3228 ] } },
{ "type": "Feature", "properties": { "観測の種類": "津波計", "name": "対馬比田勝  ", "観測点名ローマ字": "Tsushimahitakatsu", "観測点コード": null, "緯度（度）": 34.6553, "経度（度）": 129.4783, "高さ（ｍ）": null, "測器の深度（ｍ）": null, "維持管理機関名": "気象庁", "維持管理機関名（英語）": "JMA", "観測開始年（西暦）": 2010, "同月": 4, "観測機器名または観測項目": null }, "geometry": { "type": "Point", "coordinates": [ 129.4783, 34.6553 ] } },
{ "type": "Feature", "properties": { "観測の種類": "検潮所", "name": "福江島福江港", "観測点名ローマ字": "Fukuezimafukueko", "観測点コード": null, "緯度（度）": 32.6961, "経度（度）": 128.8494, "高さ（ｍ）": null, "測器の深度（ｍ）": null, "維持管理機関名": "気象庁", "維持管理機関名（英語）": "JMA", "観測開始年（西暦）": 1964, "同月": 4, "観測機器名または観測項目": null }, "geometry": { "type": "Point", "coordinates": [ 128.8494, 32.6961 ] } },
{ "type": "Feature", "properties": { "観測の種類": "検潮所", "name": "那覇  ", "観測点名ローマ字": "Naha", "観測点コード": null, "緯度（度）": 26.2133, "経度（度）": 127.6653, "高さ（ｍ）": null, "測器の深度（ｍ）": null, "維持管理機関名": "気象庁", "維持管理機関名（英語）": "JMA", "観測開始年（西暦）": 1966, "同月": 8, "観測機器名または観測項目": null }, "geometry": { "type": "Point", "coordinates": [ 127.6653, 26.2133 ] } },
{ "type": "Feature", "properties": { "観測の種類": "津波計", "name": "石垣島石垣港", "観測点名ローマ字": "Ishigakijimaishigakiko", "観測点コード": null, "緯度（度）": 24.3322, "経度（度）": 124.1636, "高さ（ｍ）": null, "測器の深度（ｍ）": null, "維持管理機関名": "気象庁", "維持管理機関名（英語）": "JMA", "観測開始年（西暦）": 2006, "同月": 3, "観測機器名または観測項目": null }, "geometry": { "type": "Point", "coordinates": [ 124.1636, 24.3322 ] } },
{ "type": "Feature", "properties": { "観測の種類": "津波計", "name": "与那国島久部良", "観測点名ローマ字": "Yonagunijimakubura", "観測点コード": null, "緯度（度）": 24.4522, "経度（度）": 122.9419, "高さ（ｍ）": null, "測器の深度（ｍ）": null, "維持管理機関名": "気象庁", "維持管理機関名（英語）": "JMA", "観測開始年（西暦）": 1996, "同月": 3, "観測機器名または観測項目": null }, "geometry": { "type": "Point", "coordinates": [ 122.9419, 24.4522 ] } },
{ "type": "Feature", "properties": { "観測の種類": "遠地津波計", "name": "南鳥島", "観測点名ローマ字": "Minamitorishima", "観測点コード": null, "緯度（度）": 24.2822, "経度（度）": 153.9783, "高さ（ｍ）": null, "測器の深度（ｍ）": null, "維持管理機関名": "気象庁", "維持管理機関名（英語）": "JMA", "観測開始年（西暦）": 1996, "同月": 4, "観測機器名または観測項目": null }, "geometry": { "type": "Point", "coordinates": [ 153.9783, 24.2822 ] } },
{ "type": "Feature", "properties": { "観測の種類": "津波計", "name": "熊野市遊木", "観測点名ローマ字": "Kumanoshiyuki", "観測点コード": null, "緯度（度）": 33.9258, "経度（度）": 136.1689, "高さ（ｍ）": null, "測器の深度（ｍ）": null, "維持管理機関名": "気象庁", "維持管理機関名（英語）": "JMA", "観測開始年（西暦）": 2005, "同月": 7, "観測機器名または観測項目": null }, "geometry": { "type": "Point", "coordinates": [ 136.1689, 33.9258 ] } },
{ "type": "Feature", "properties": { "観測の種類": "津波計", "name": "御坊市祓井戸", "観測点名ローマ字": "Goboshiharaido", "観測点コード": null, "緯度（度）": 33.8508, "経度（度）": 135.1644, "高さ（ｍ）": null, "測器の深度（ｍ）": null, "維持管理機関名": "気象庁", "維持管理機関名（英語）": "JMA", "観測開始年（西暦）": 2004, "同月": 3, "観測機器名または観測項目": null }, "geometry": { "type": "Point", "coordinates": [ 135.1644, 33.8508 ] } },
{ "type": "Feature", "properties": { "観測の種類": "津波計", "name": "徳島由岐", "観測点名ローマ字": "Tokushimayuki", "観測点コード": null, "緯度（度）": 33.7711, "経度（度）": 134.5922, "高さ（ｍ）": null, "測器の深度（ｍ）": null, "維持管理機関名": "気象庁", "維持管理機関名（英語）": "JMA", "観測開始年（西暦）": 2005, "同月": 7, "観測機器名または観測項目": null }, "geometry": { "type": "Point", "coordinates": [ 134.5922, 33.7711 ] } },
{ "type": "Feature", "properties": { "観測の種類": "津波計", "name": "田原市赤羽根", "観測点名ローマ字": "Taharashiakabane", "観測点コード": null, "緯度（度）": 34.605, "経度（度）": 137.1883, "高さ（ｍ）": null, "測器の深度（ｍ）": null, "維持管理機関名": "気象庁", "維持管理機関名（英語）": "JMA", "観測開始年（西暦）": 2007, "同月": 4, "観測機器名または観測項目": null }, "geometry": { "type": "Point", "coordinates": [ 137.1883, 34.605 ] } },
{ "type": "Feature", "properties": { "観測の種類": "津波計", "name": "南大東漁港", "観測点名ローマ字": "Minamidaitogyoko", "観測点コード": null, "緯度（度）": 25.8686, "経度（度）": 131.2281, "高さ（ｍ）": null, "測器の深度（ｍ）": null, "維持管理機関名": "気象庁", "維持管理機関名（英語）": "JMA", "観測開始年（西暦）": 2007, "同月": 4, "観測機器名または観測項目": null }, "geometry": { "type": "Point", "coordinates": [ 131.2281, 25.8686 ] } },
{ "type": "Feature", "properties": { "観測の種類": "津波計", "name": "小田原", "観測点名ローマ字": "Odawara", "観測点コード": null, "緯度（度）": 35.2381, "経度（度）": 139.1481, "高さ（ｍ）": null, "測器の深度（ｍ）": null, "維持管理機関名": "気象庁", "維持管理機関名（英語）": "JMA", "観測開始年（西暦）": 2010, "同月": 2, "観測機器名または観測項目": null }, "geometry": { "type": "Point", "coordinates": [ 139.1481, 35.2381 ] } },
{ "type": "Feature", "properties": { "観測の種類": "津波計", "name": "佐伯市松浦", "観測点名ローマ字": "Saikishimatsuura", "観測点コード": null, "緯度（度）": 32.9461, "経度（度）": 131.9608, "高さ（ｍ）": null, "測器の深度（ｍ）": null, "維持管理機関名": "気象庁", "維持管理機関名（英語）": "JMA", "観測開始年（西暦）": 2010, "同月": 4, "観測機器名または観測項目": null }, "geometry": { "type": "Point", "coordinates": [ 131.9608, 32.9461 ] } },
{ "type": "Feature", "properties": { "観測の種類": "津波計", "name": "苓北町都呂々", "観測点名ローマ字": "Reihokuchotororo", "観測点コード": null, "緯度（度）": 32.4675, "経度（度）": 130.0369, "高さ（ｍ）": null, "測器の深度（ｍ）": null, "維持管理機関名": "気象庁", "維持管理機関名（英語）": "JMA", "観測開始年（西暦）": 2010, "同月": 4, "観測機器名または観測項目": null }, "geometry": { "type": "Point", "coordinates": [ 130.0369, 32.4675 ] } },
{ "type": "Feature", "properties": { "観測の種類": "巨大津波計", "name": "えりも町庶野", "観測点名ローマ字": "Erimochoshoya", "観測点コード": null, "緯度（度）": 42.0431, "経度（度）": 143.2942, "高さ（ｍ）": null, "測器の深度（ｍ）": null, "維持管理機関名": "気象庁", "維持管理機関名（英語）": "JMA", "観測開始年（西暦）": 2010, "同月": 1, "観測機器名または観測項目": null }, "geometry": { "type": "Point", "coordinates": [ 143.2942, 42.0431 ] } },
{ "type": "Feature", "properties": { "観測の種類": "巨大津波計", "name": "留萌", "観測点名ローマ字": "Rumoi", "観測点コード": null, "緯度（度）": 43.9506, "経度（度）": 141.635, "高さ（ｍ）": null, "測器の深度（ｍ）": null, "維持管理機関名": "気象庁", "維持管理機関名（英語）": "JMA", "観測開始年（西暦）": 2010, "同月": 1, "観測機器名または観測項目": null }, "geometry": { "type": "Point", "coordinates": [ 141.635, 43.9506 ] } },
{ "type": "Feature", "properties": { "観測の種類": "巨大津波計", "name": "瀬棚港", "観測点名ローマ字": "Setanako", "観測点コード": null, "緯度（度）": 42.4539, "経度（度）": 139.8456, "高さ（ｍ）": null, "測器の深度（ｍ）": null, "維持管理機関名": "気象庁", "維持管理機関名（英語）": "JMA", "観測開始年（西暦）": 2010, "同月": 1, "観測機器名または観測項目": null }, "geometry": { "type": "Point", "coordinates": [ 139.8456, 42.4539 ] } },
{ "type": "Feature", "properties": { "観測の種類": "巨大津波計", "name": "江差", "観測点名ローマ字": "Esashi", "観測点コード": null, "緯度（度）": 41.8706, "経度（度）": 140.1256, "高さ（ｍ）": null, "測器の深度（ｍ）": null, "維持管理機関名": "気象庁", "維持管理機関名（英語）": "JMA", "観測開始年（西暦）": 2010, "同月": 1, "観測機器名または観測項目": null }, "geometry": { "type": "Point", "coordinates": [ 140.1256, 41.8706 ] } },
{ "type": "Feature", "properties": { "観測の種類": "巨大津波計", "name": "浦河", "観測点名ローマ字": "Urakawa", "観測点コード": null, "緯度（度）": 42.1642, "経度（度）": 142.7708, "高さ（ｍ）": null, "測器の深度（ｍ）": null, "維持管理機関名": "気象庁", "維持管理機関名（英語）": "JMA", "観測開始年（西暦）": 2010, "同月": 1, "観測機器名または観測項目": null }, "geometry": { "type": "Point", "coordinates": [ 142.7708, 42.1642 ] } },
{ "type": "Feature", "properties": { "観測の種類": "巨大津波計", "name": "秋田", "観測点名ローマ字": "Akita", "観測点コード": null, "緯度（度）": 39.7461, "経度（度）": 140.0658, "高さ（ｍ）": null, "測器の深度（ｍ）": null, "維持管理機関名": "気象庁", "維持管理機関名（英語）": "JMA", "観測開始年（西暦）": 2010, "同月": 1, "観測機器名または観測項目": null }, "geometry": { "type": "Point", "coordinates": [ 140.0658, 39.7461 ] } },
{ "type": "Feature", "properties": { "観測の種類": "巨大津波計", "name": "酒田", "観測点名ローマ字": "Sakata", "観測点コード": null, "緯度（度）": 38.9175, "経度（度）": 139.8236, "高さ（ｍ）": null, "測器の深度（ｍ）": null, "維持管理機関名": "気象庁", "維持管理機関名（英語）": "JMA", "観測開始年（西暦）": 2010, "同月": 1, "観測機器名または観測項目": null }, "geometry": { "type": "Point", "coordinates": [ 139.8236, 38.9175 ] } },
{ "type": "Feature", "properties": { "観測の種類": "巨大津波計", "name": "相馬", "観測点名ローマ字": "Soma", "観測点コード": null, "緯度（度）": 37.8306, "経度（度）": 140.9619, "高さ（ｍ）": null, "測器の深度（ｍ）": null, "維持管理機関名": "気象庁", "維持管理機関名（英語）": "JMA", "観測開始年（西暦）": 2010, "同月": 2, "観測機器名または観測項目": null }, "geometry": { "type": "Point", "coordinates": [ 140.9619, 37.8306 ] } },
{ "type": "Feature", "properties": { "観測の種類": "巨大津波計", "name": "大洗", "観測点名ローマ字": "Oarai", "観測点コード": null, "緯度（度）": 36.3078, "経度（度）": 140.5742, "高さ（ｍ）": null, "測器の深度（ｍ）": null, "維持管理機関名": "気象庁", "維持管理機関名（英語）": "JMA", "観測開始年（西暦）": 2010, "同月": 2, "観測機器名または観測項目": null }, "geometry": { "type": "Point", "coordinates": [ 140.5742, 36.3078 ] } },
{ "type": "Feature", "properties": { "観測の種類": "巨大津波計", "name": "八丈島八重根", "観測点名ローマ字": "Hachijyojimayaene", "観測点コード": null, "緯度（度）": 33.1003, "経度（度）": 139.7786, "高さ（ｍ）": null, "測器の深度（ｍ）": null, "維持管理機関名": "気象庁", "維持管理機関名（英語）": "JMA", "観測開始年（西暦）": 2010, "同月": 2, "観測機器名または観測項目": null }, "geometry": { "type": "Point", "coordinates": [ 139.7786, 33.1003 ] } },
{ "type": "Feature", "properties": { "観測の種類": "巨大津波計", "name": "新潟", "観測点名ローマ字": "Niigata", "観測点コード": null, "緯度（度）": 37.9406, "経度（度）": 139.0611, "高さ（ｍ）": null, "測器の深度（ｍ）": null, "維持管理機関名": "気象庁", "維持管理機関名（英語）": "JMA", "観測開始年（西暦）": 2010, "同月": 2, "観測機器名または観測項目": null }, "geometry": { "type": "Point", "coordinates": [ 139.0611, 37.9406 ] } },
{ "type": "Feature", "properties": { "観測の種類": "巨大津波計", "name": "金沢", "観測点名ローマ字": "Kanazawa", "観測点コード": null, "緯度（度）": 36.6178, "経度（度）": 136.6028, "高さ（ｍ）": null, "測器の深度（ｍ）": null, "維持管理機関名": "気象庁", "維持管理機関名（英語）": "JMA", "観測開始年（西暦）": 2010, "同月": 2, "観測機器名または観測項目": null }, "geometry": { "type": "Point", "coordinates": [ 136.6028, 36.6178 ] } },
{ "type": "Feature", "properties": { "観測の種類": "巨大津波計", "name": "広島", "観測点名ローマ字": "Hiroshima", "観測点コード": null, "緯度（度）": 34.3531, "経度（度）": 132.4647, "高さ（ｍ）": null, "測器の深度（ｍ）": null, "維持管理機関名": "気象庁", "維持管理機関名（英語）": "JMA", "観測開始年（西暦）": 2010, "同月": 2, "観測機器名または観測項目": null }, "geometry": { "type": "Point", "coordinates": [ 132.4647, 34.3531 ] } },
{ "type": "Feature", "properties": { "観測の種類": "巨大津波計", "name": "福岡市博多", "観測点名ローマ字": "Fukuokashihakata", "観測点コード": null, "緯度（度）": 33.6189, "経度（度）": 130.4078, "高さ（ｍ）": null, "測器の深度（ｍ）": null, "維持管理機関名": "気象庁", "維持管理機関名（英語）": "JMA", "観測開始年（西暦）": 2010, "同月": 4, "観測機器名または観測項目": null }, "geometry": { "type": "Point", "coordinates": [ 130.4078, 33.6189 ] } },
{ "type": "Feature", "properties": { "観測の種類": "巨大津波計", "name": "宮崎港", "観測点名ローマ字": "Miyazakiko", "観測点コード": null, "緯度（度）": 31.9028, "経度（度）": 131.4564, "高さ（ｍ）": null, "測器の深度（ｍ）": null, "維持管理機関名": "気象庁", "維持管理機関名（英語）": "JMA", "観測開始年（西暦）": 2010, "同月": 4, "観測機器名または観測項目": null }, "geometry": { "type": "Point", "coordinates": [ 131.4564, 31.9028 ] } },
{ "type": "Feature", "properties": { "観測の種類": "巨大津波計", "name": "南大隅町大泊", "観測点名ローマ字": "Minamiosumichoodomari", "観測点コード": null, "緯度（度）": 31.0236, "経度（度）": 130.6892, "高さ（ｍ）": null, "測器の深度（ｍ）": null, "維持管理機関名": "気象庁", "維持管理機関名（英語）": "JMA", "観測開始年（西暦）": 2010, "同月": 4, "観測機器名または観測項目": null }, "geometry": { "type": "Point", "coordinates": [ 130.6892, 31.0236 ] } },
{ "type": "Feature", "properties": { "観測の種類": "巨大津波計", "name": "宮古島平良", "観測点名ローマ字": "Miyakojimahirara", "観測点コード": null, "緯度（度）": 24.8133, "経度（度）": 125.2783, "高さ（ｍ）": null, "測器の深度（ｍ）": null, "維持管理機関名": "気象庁", "維持管理機関名（英語）": "JMA", "観測開始年（西暦）": 2010, "同月": 4, "観測機器名または観測項目": null }, "geometry": { "type": "Point", "coordinates": [ 125.2783, 24.8133 ] } },
{ "type": "Feature", "properties": { "観測の種類": "巨大津波計", "name": "豊岡市津居山", "観測点名ローマ字": "Toyookashitsuiyama", "観測点コード": null, "緯度（度）": 35.6467, "経度（度）": 134.8286, "高さ（ｍ）": null, "測器の深度（ｍ）": null, "維持管理機関名": "気象庁", "維持管理機関名（英語）": "JMA", "観測開始年（西暦）": 2010, "同月": 1, "観測機器名または観測項目": null }, "geometry": { "type": "Point", "coordinates": [ 134.8286, 35.6467 ] } },
{ "type": "Feature", "properties": { "観測の種類": "巨大津波計", "name": "八戸港 ", "観測点名ローマ字": "Hachinoheko", "観測点コード": null, "緯度（度）": 40.535, "経度（度）": 141.5556, "高さ（ｍ）": null, "測器の深度（ｍ）": null, "維持管理機関名": "気象庁", "維持管理機関名（英語）": "JMA", "観測開始年（西暦）": 2011, "同月": 7, "観測機器名または観測項目": null }, "geometry": { "type": "Point", "coordinates": [ 141.5556, 40.535 ] } },
{ "type": "Feature", "properties": { "観測の種類": "巨大津波計", "name": "渡島森港", "観測点名ローマ字": "Oshimamoriko", "観測点コード": null, "緯度（度）": 42.11, "経度（度）": 140.5917, "高さ（ｍ）": null, "測器の深度（ｍ）": null, "維持管理機関名": "気象庁", "維持管理機関名（英語）": "JMA", "観測開始年（西暦）": 2013, "同月": 1, "観測機器名または観測項目": null }, "geometry": { "type": "Point", "coordinates": [ 140.5917, 42.11 ] } },
{ "type": "Feature", "properties": { "観測の種類": "巨大津波計", "name": "苫小牧西港", "観測点名ローマ字": "Tomakomainishiko", "観測点コード": null, "緯度（度）": 42.63, "経度（度）": 141.6211, "高さ（ｍ）": null, "測器の深度（ｍ）": null, "維持管理機関名": "気象庁", "維持管理機関名（英語）": "JMA", "観測開始年（西暦）": 2012, "同月": 12, "観測機器名または観測項目": null }, "geometry": { "type": "Point", "coordinates": [ 141.6211, 42.63 ] } },
{ "type": "Feature", "properties": { "観測の種類": "巨大津波計", "name": "久慈港", "観測点名ローマ字": "Kujiko", "観測点コード": null, "緯度（度）": 40.1922, "経度（度）": 141.7967, "高さ（ｍ）": null, "測器の深度（ｍ）": null, "維持管理機関名": "気象庁", "維持管理機関名（英語）": "JMA", "観測開始年（西暦）": 2013, "同月": 3, "観測機器名または観測項目": null }, "geometry": { "type": "Point", "coordinates": [ 141.7967, 40.1922 ] } },
{ "type": "Feature", "properties": { "観測の種類": "巨大津波計", "name": "仙台港", "観測点名ローマ字": "Sendaiko", "観測点コード": null, "緯度（度）": 38.2731, "経度（度）": 141.0036, "高さ（ｍ）": null, "測器の深度（ｍ）": null, "維持管理機関名": "気象庁", "維持管理機関名（英語）": "JMA", "観測開始年（西暦）": 2013, "同月": 3, "観測機器名または観測項目": null }, "geometry": { "type": "Point", "coordinates": [ 141.0036, 38.2731 ] } },
{ "type": "Feature", "properties": { "観測の種類": "巨大津波計", "name": "神栖市鹿島港", "観測点名ローマ字": "Kamisushikashimako", "観測点コード": null, "緯度（度）": 35.9297, "経度（度）": 140.6939, "高さ（ｍ）": null, "測器の深度（ｍ）": null, "維持管理機関名": "気象庁", "維持管理機関名（英語）": "JMA", "観測開始年（西暦）": 2012, "同月": 6, "観測機器名または観測項目": null }, "geometry": { "type": "Point", "coordinates": [ 140.6939, 35.9297 ] } },
{ "type": "Feature", "properties": { "観測の種類": "巨大津波計", "name": "勝浦市興津", "観測点名ローマ字": "Katsuurashiokitsu", "観測点コード": null, "緯度（度）": 35.13, "経度（度）": 140.2478, "高さ（ｍ）": null, "測器の深度（ｍ）": null, "維持管理機関名": "気象庁", "維持管理機関名（英語）": "JMA", "観測開始年（西暦）": 2012, "同月": 5, "観測機器名または観測項目": null }, "geometry": { "type": "Point", "coordinates": [ 140.2478, 35.13 ] } },
{ "type": "Feature", "properties": { "観測の種類": "巨大津波計", "name": "志布志港", "観測点名ローマ字": "Shibushiko", "観測点コード": null, "緯度（度）": 31.475, "経度（度）": 131.1089, "高さ（ｍ）": null, "測器の深度（ｍ）": null, "維持管理機関名": "気象庁", "維持管理機関名（英語）": "JMA", "観測開始年（西暦）": 2012, "同月": 10, "観測機器名または観測項目": null }, "geometry": { "type": "Point", "coordinates": [ 131.1089, 31.475 ] } },
{ "type": "Feature", "properties": { "観測の種類": "巨大津波計", "name": "三浦市三崎漁港", "観測点名ローマ字": "Miurashimisakigyoko", "観測点コード": null, "緯度（度）": 35.145, "経度（度）": 139.6133, "高さ（ｍ）": null, "測器の深度（ｍ）": null, "維持管理機関名": "気象庁", "維持管理機関名（英語）": "JMA", "観測開始年（西暦）": 2014, "同月": 3, "観測機器名または観測項目": null }, "geometry": { "type": "Point", "coordinates": [ 139.6133, 35.145 ] } },
{ "type": "Feature", "properties": { "観測の種類": "験潮", "name": "竜飛", "観測点名ローマ字": "tappi", "観測点コード": null, "緯度（度）": 41.242, "経度（度）": 140.3819, "高さ（ｍ）": null, "測器の深度（ｍ）": null, "維持管理機関名": "海上保安庁", "維持管理機関名（英語）": "JCG", "観測開始年（西暦）": 1952, "同月": 5, "観測機器名または観測項目": "デジタルフース験潮器" }, "geometry": { "type": "Point", "coordinates": [ 140.3819, 41.242 ] } },
{ "type": "Feature", "properties": { "観測の種類": "験潮", "name": "釜石", "観測点名ローマ字": "kamaishi", "観測点コード": null, "緯度（度）": 39.2733, "経度（度）": 141.8892, "高さ（ｍ）": null, "測器の深度（ｍ）": null, "維持管理機関名": "海上保安庁", "維持管理機関名（英語）": "JCG", "観測開始年（西暦）": 1953, "同月": 10, "観測機器名または観測項目": "デジタルフース験潮器" }, "geometry": { "type": "Point", "coordinates": [ 141.8892, 39.2733 ] } },
{ "type": "Feature", "properties": { "観測の種類": "験潮", "name": "粟島", "観測点名ローマ字": "awa shima", "観測点コード": null, "緯度（度）": 38.4678, "経度（度）": 139.2541, "高さ（ｍ）": null, "測器の深度（ｍ）": null, "維持管理機関名": "海上保安庁", "維持管理機関名（英語）": "JCG", "観測開始年（西暦）": 1965, "同月": 6, "観測機器名または観測項目": "デジタルフース験潮器" }, "geometry": { "type": "Point", "coordinates": [ 139.2541, 38.4678 ] } },
{ "type": "Feature", "properties": { "観測の種類": "験潮", "name": "千葉", "観測点名ローマ字": "chiba", "観測点コード": null, "緯度（度）": 35.5681, "経度（度）": 140.0456, "高さ（ｍ）": null, "測器の深度（ｍ）": null, "維持管理機関名": "海上保安庁", "維持管理機関名（英語）": "JCG", "観測開始年（西暦）": 1964, "同月": 7, "観測機器名または観測項目": "デジタルフース験潮器" }, "geometry": { "type": "Point", "coordinates": [ 140.0456, 35.5681 ] } },
{ "type": "Feature", "properties": { "観測の種類": "験潮", "name": "神津島", "観測点名ローマ字": "kozu shima", "観測点コード": null, "緯度（度）": 34.2092, "経度（度）": 139.1317, "高さ（ｍ）": null, "測器の深度（ｍ）": null, "維持管理機関名": "海上保安庁", "維持管理機関名（英語）": "JCG", "観測開始年（西暦）": 1964, "同月": 2, "観測機器名または観測項目": "デジタルフース験潮器" }, "geometry": { "type": "Point", "coordinates": [ 139.1317, 34.2092 ] } },
{ "type": "Feature", "properties": { "観測の種類": "験潮", "name": "三宅島", "観測点名ローマ字": "miyake shima-ako", "観測点コード": null, "緯度（度）": 34.0672, "経度（度）": 139.4808, "高さ（ｍ）": null, "測器の深度（ｍ）": null, "維持管理機関名": "海上保安庁", "維持管理機関名（英語）": "JCG", "観測開始年（西暦）": 1964, "同月": 2, "観測機器名または観測項目": "デジタルフース験潮器" }, "geometry": { "type": "Point", "coordinates": [ 139.4808, 34.0672 ] } },
{ "type": "Feature", "properties": { "観測の種類": "験潮", "name": "八丈島", "観測点名ローマ字": "hachijo shima-kaminato", "観測点コード": null, "緯度（度）": 33.1303, "経度（度）": 139.8047, "高さ（ｍ）": null, "測器の深度（ｍ）": null, "維持管理機関名": "海上保安庁", "維持管理機関名（英語）": "JCG", "観測開始年（西暦）": 1951, "同月": 5, "観測機器名または観測項目": "デジタルフース験潮器" }, "geometry": { "type": "Point", "coordinates": [ 139.8047, 33.1303 ] } },
{ "type": "Feature", "properties": { "観測の種類": "験潮", "name": "横須賀", "観測点名ローマ字": "yokosuka", "観測点コード": null, "緯度（度）": 35.2881, "経度（度）": 139.6514, "高さ（ｍ）": null, "測器の深度（ｍ）": null, "維持管理機関名": "海上保安庁", "維持管理機関名（英語）": "JCG", "観測開始年（西暦）": 1954, "同月": 12, "観測機器名または観測項目": "デジタルフース験潮器" }, "geometry": { "type": "Point", "coordinates": [ 139.6514, 35.2881 ] } },
{ "type": "Feature", "properties": { "観測の種類": "験潮", "name": "広島", "観測点名ローマ字": "hiroshima", "観測点コード": null, "緯度（度）": 34.3532, "経度（度）": 132.4647, "高さ（ｍ）": null, "測器の深度（ｍ）": null, "維持管理機関名": "海上保安庁", "維持管理機関名（英語）": "JCG", "観測開始年（西暦）": 1950, "同月": 11, "観測機器名または観測項目": "デジタルフース験潮器" }, "geometry": { "type": "Point", "coordinates": [ 132.4647, 34.3532 ] } },
{ "type": "Feature", "properties": { "観測の種類": "験潮", "name": "呉", "観測点名ローマ字": "kure", "観測点コード": null, "緯度（度）": 34.2406, "経度（度）": 132.5503, "高さ（ｍ）": null, "測器の深度（ｍ）": null, "維持管理機関名": "海上保安庁", "維持管理機関名（英語）": "JCG", "観測開始年（西暦）": 1962, "同月": 6, "観測機器名または観測項目": "デジタルフース験潮器" }, "geometry": { "type": "Point", "coordinates": [ 132.5503, 34.2406 ] } },
{ "type": "Feature", "properties": { "観測の種類": "験潮", "name": "徳山", "観測点名ローマ字": "tokuyama", "観測点コード": null, "緯度（度）": 34.0408, "経度（度）": 131.8028, "高さ（ｍ）": null, "測器の深度（ｍ）": null, "維持管理機関名": "海上保安庁", "維持管理機関名（英語）": "JCG", "観測開始年（西暦）": 1950, "同月": 12, "観測機器名または観測項目": "デジタルフース験潮器" }, "geometry": { "type": "Point", "coordinates": [ 131.8028, 34.0408 ] } },
{ "type": "Feature", "properties": { "観測の種類": "験潮", "name": "博多", "観測点名ローマ字": "hakata", "観測点コード": null, "緯度（度）": 33.6189, "経度（度）": 130.4078, "高さ（ｍ）": null, "測器の深度（ｍ）": null, "維持管理機関名": "海上保安庁", "維持管理機関名（英語）": "JCG", "観測開始年（西暦）": 1965, "同月": 11, "観測機器名または観測項目": "デジタルフース験潮器" }, "geometry": { "type": "Point", "coordinates": [ 130.4078, 33.6189 ] } },
{ "type": "Feature", "properties": { "観測の種類": "験潮", "name": "大分", "観測点名ローマ字": "oita", "観測点コード": null, "緯度（度）": 33.2661, "経度（度）": 131.6867, "高さ（ｍ）": null, "測器の深度（ｍ）": null, "維持管理機関名": "海上保安庁", "維持管理機関名（英語）": "JCG", "観測開始年（西暦）": 1967, "同月": 3, "観測機器名または観測項目": "デジタルフース験潮器" }, "geometry": { "type": "Point", "coordinates": [ 131.6867, 33.2661 ] } },
{ "type": "Feature", "properties": { "観測の種類": "験潮", "name": "厳原", "観測点名ローマ字": "izuhara", "観測点コード": null, "緯度（度）": 34.1936, "経度（度）": 129.2969, "高さ（ｍ）": null, "測器の深度（ｍ）": null, "維持管理機関名": "海上保安庁", "維持管理機関名（英語）": "JCG", "観測開始年（西暦）": 1947, "同月": 7, "観測機器名または観測項目": "デジタルフース験潮器" }, "geometry": { "type": "Point", "coordinates": [ 129.2969, 34.1936 ] } },
{ "type": "Feature", "properties": { "観測の種類": "験潮", "name": "佐世保", "観測点名ローマ字": "sasebo", "観測点コード": null, "緯度（度）": 33.1581, "経度（度）": 129.7239, "高さ（ｍ）": null, "測器の深度（ｍ）": null, "維持管理機関名": "海上保安庁", "維持管理機関名（英語）": "JCG", "観測開始年（西暦）": 1948, "同月": 5, "観測機器名または観測項目": "デジタルフース験潮器" }, "geometry": { "type": "Point", "coordinates": [ 129.7239, 33.1581 ] } },
{ "type": "Feature", "properties": { "観測の種類": "験潮", "name": "大泊", "観測点名ローマ字": "odomari", "観測点コード": null, "緯度（度）": 31.0236, "経度（度）": 130.6892, "高さ（ｍ）": null, "測器の深度（ｍ）": null, "維持管理機関名": "海上保安庁", "維持管理機関名（英語）": "JCG", "観測開始年（西暦）": 1965, "同月": 4, "観測機器名または観測項目": "デジタルフース験潮器" }, "geometry": { "type": "Point", "coordinates": [ 130.6892, 31.0236 ] } },
{ "type": "Feature", "properties": { "観測の種類": "験潮", "name": "西ノ表", "観測点名ローマ字": "nishinoomote", "観測点コード": null, "緯度（度）": 30.7347, "経度（度）": 130.9922, "高さ（ｍ）": null, "測器の深度（ｍ）": null, "維持管理機関名": "海上保安庁", "維持管理機関名（英語）": "JCG", "観測開始年（西暦）": 1965, "同月": 4, "観測機器名または観測項目": "デジタルフース験潮器" }, "geometry": { "type": "Point", "coordinates": [ 130.9922, 30.7347 ] } },
{ "type": "Feature", "properties": { "観測の種類": "験潮", "name": "名瀬", "観測点名ローマ字": "naze", "観測点コード": null, "緯度（度）": 28.3991, "経度（度）": 129.4977, "高さ（ｍ）": null, "測器の深度（ｍ）": null, "維持管理機関名": "海上保安庁", "維持管理機関名（英語）": "JCG", "観測開始年（西暦）": 1957, "同月": 9, "観測機器名または観測項目": "デジタルフース験潮器" }, "geometry": { "type": "Point", "coordinates": [ 129.4977, 28.3991 ] } },
{ "type": "Feature", "properties": { "観測の種類": "験潮", "name": "中之島", "観測点名ローマ字": "naka-no-shima", "観測点コード": null, "緯度（度）": 29.841, "経度（度）": 129.8482, "高さ（ｍ）": null, "測器の深度（ｍ）": null, "維持管理機関名": "海上保安庁", "維持管理機関名（英語）": "JCG", "観測開始年（西暦）": 1984, "同月": 2, "観測機器名または観測項目": "デジタルフース験潮器" }, "geometry": { "type": "Point", "coordinates": [ 129.8482, 29.841 ] } },
{ "type": "Feature", "properties": { "観測の種類": "験潮", "name": "横浜新港", "観測点名ローマ字": "yokohama-shinko", "観測点コード": null, "緯度（度）": 35.4542, "経度（度）": 139.6442, "高さ（ｍ）": null, "測器の深度（ｍ）": null, "維持管理機関名": "海上保安庁", "維持管理機関名（英語）": "JCG", "観測開始年（西暦）": 1996, "同月": 4, "観測機器名または観測項目": "デジタルフース験潮器" }, "geometry": { "type": "Point", "coordinates": [ 139.6442, 35.4542 ] } }
]
}
