{
"type": "FeatureCollection",
"name": "高感度地震計",
"crs": { "type": "name", "properties": { "name": "urn:ogc:def:crs:OGC:1.3:CRS84" } },
"features": [
{ "type": "Feature", "properties": { "観測の種類": "微小地震", "name": "恵山", "観測点名ローマ字": null, "観測点コード": "ESH", "緯度（度）": 41.8868, "経度（度）": 141.0076, "高さ（ｍ）": "40", "測器の深度（ｍ）": null, "維持管理機関名": "北海道大学大学院理学研究院", "維持管理機関名（英語）": null, "観測開始年（西暦）": "1976", "同月": "7", "観測機器名または観測項目": "PK-110" }, "geometry": { "type": "Point", "coordinates": [ 141.0076, 41.8868 ] } },
{ "type": "Feature", "properties": { "観測の種類": "微小地震", "name": "簾舞", "観測点名ローマ字": null, "観測点コード": "HSS", "緯度（度）": 42.9672, "経度（度）": 141.2288, "高さ（ｍ）": "215", "測器の深度（ｍ）": "24", "維持管理機関名": "北海道大学大学院理学研究院", "維持管理機関名（英語）": null, "観測開始年（西暦）": "1976", "同月": "7", "観測機器名または観測項目": "PK-110" }, "geometry": { "type": "Point", "coordinates": [ 141.2288, 42.9672 ] } },
{ "type": "Feature", "properties": { "観測の種類": "微小地震", "name": "日高", "観測点名ローマ字": null, "観測点コード": "HIC", "緯度（度）": 42.8928, "経度（度）": 142.4548, "高さ（ｍ）": "210", "測器の深度（ｍ）": "100", "維持管理機関名": "北海道大学大学院理学研究院", "維持管理機関名（英語）": null, "観測開始年（西暦）": "1976", "同月": "7", "観測機器名または観測項目": "1.0 Hz" }, "geometry": { "type": "Point", "coordinates": [ 142.4548, 42.8928 ] } },
{ "type": "Feature", "properties": { "観測の種類": "微小地震", "name": "上杵臼", "観測点名ローマ字": null, "観測点コード": "KMU", "緯度（度）": 42.2413, "経度（度）": 142.9635, "高さ（ｍ）": "185", "測器の深度（ｍ）": null, "維持管理機関名": "北海道大学大学院理学研究院", "維持管理機関名（英語）": null, "観測開始年（西暦）": "1976", "同月": "7", "観測機器名または観測項目": "PK-110" }, "geometry": { "type": "Point", "coordinates": [ 142.9635, 42.2413 ] } },
{ "type": "Feature", "properties": { "観測の種類": "微小地震", "name": "えりも", "観測点名ローマ字": null, "観測点コード": "ERM", "緯度（度）": 42.0176, "経度（度）": 143.1533, "高さ（ｍ）": "40", "測器の深度（ｍ）": null, "維持管理機関名": "北海道大学大学院理学研究院", "維持管理機関名（英語）": null, "観測開始年（西暦）": "1976", "同月": "7", "観測機器名または観測項目": "PK-110 STS-1" }, "geometry": { "type": "Point", "coordinates": [ 143.1533, 42.0176 ] } },
{ "type": "Feature", "properties": { "観測の種類": "微小地震", "name": "茂寄", "観測点名ローマ字": null, "観測点コード": "MYR", "緯度（度）": 42.2946, "経度（度）": 143.2836, "高さ（ｍ）": "80", "測器の深度（ｍ）": null, "維持管理機関名": "北海道大学大学院理学研究院", "維持管理機関名（英語）": null, "観測開始年（西暦）": "1976", "同月": "7", "観測機器名または観測項目": "PK-110 " }, "geometry": { "type": "Point", "coordinates": [ 143.2836, 42.2946 ] } },
{ "type": "Feature", "properties": { "観測の種類": "微小地震", "name": "岩内仙峡", "観測点名ローマ字": null, "観測点コード": "IWN", "緯度（度）": 42.673, "経度（度）": 143.0424, "高さ（ｍ）": "135", "測器の深度（ｍ）": "100", "維持管理機関名": "北海道大学大学院理学研究院", "維持管理機関名（英語）": null, "観測開始年（西暦）": "1976", "同月": "7", "観測機器名または観測項目": "1.0 Hz" }, "geometry": { "type": "Point", "coordinates": [ 143.0424, 42.673 ] } },
{ "type": "Feature", "properties": { "観測の種類": "微小地震", "name": "厚岸", "観測点名ローマ字": null, "観測点コード": "AKK", "緯度（度）": 43.0193, "経度（度）": 144.8397, "高さ（ｍ）": "80", "測器の深度（ｍ）": null, "維持管理機関名": "北海道大学大学院理学研究院", "維持管理機関名（英語）": null, "観測開始年（西暦）": "1976", "同月": "7", "観測機器名または観測項目": "L4C-3d" }, "geometry": { "type": "Point", "coordinates": [ 144.8397, 43.0193 ] } },
{ "type": "Feature", "properties": { "観測の種類": "微小地震", "name": "弟子屈", "観測点名ローマ字": null, "観測点コード": "TES", "緯度（度）": 43.4857, "経度（度）": 144.3989, "高さ（ｍ）": "220", "測器の深度（ｍ）": null, "維持管理機関名": "北海道大学大学院理学研究院", "維持管理機関名（英語）": null, "観測開始年（西暦）": "1983", "同月": "5", "観測機器名または観測項目": "PK-110 STS-2" }, "geometry": { "type": "Point", "coordinates": [ 144.3989, 43.4857 ] } },
{ "type": "Feature", "properties": { "観測の種類": "微小地震", "name": "今金", "観測点名ローマ字": null, "観測点コード": "IMG", "緯度（度）": 42.3927, "経度（度）": 140.1403, "高さ（ｍ）": "80", "測器の深度（ｍ）": null, "維持管理機関名": "北海道大学大学院理学研究院", "維持管理機関名（英語）": null, "観測開始年（西暦）": "1983", "同月": "5", "観測機器名または観測項目": "PK-110" }, "geometry": { "type": "Point", "coordinates": [ 140.1403, 42.3927 ] } },
{ "type": "Feature", "properties": { "観測の種類": "微小地震", "name": "上ノ国", "観測点名ローマ字": null, "観測点コード": "KKJ", "緯度（度）": 41.7801, "経度（度）": 140.1723, "高さ（ｍ）": "30", "測器の深度（ｍ）": null, "維持管理機関名": "北海道大学大学院理学研究院", "維持管理機関名（英語）": null, "観測開始年（西暦）": "1983", "同月": "5", "観測機器名または観測項目": "PK-110 STS-1" }, "geometry": { "type": "Point", "coordinates": [ 140.1723, 41.7801 ] } },
{ "type": "Feature", "properties": { "観測の種類": "微小地震", "name": "根室", "観測点名ローマ字": null, "観測点コード": "NMR", "緯度（度）": 43.3676, "経度（度）": 145.7384, "高さ（ｍ）": "20", "測器の深度（ｍ）": null, "維持管理機関名": "北海道大学大学院理学研究院", "維持管理機関名（英語）": null, "観測開始年（西暦）": "1984", "同月": "3", "観測機器名または観測項目": "PK-110 STS-1" }, "geometry": { "type": "Point", "coordinates": [ 145.7384, 43.3676 ] } },
{ "type": "Feature", "properties": { "観測の種類": "微小地震", "name": "三石", "観測点名ローマ字": null, "観測点コード": "MUJ", "緯度（度）": 42.2856, "経度（度）": 142.582, "高さ（ｍ）": "35", "測器の深度（ｍ）": null, "維持管理機関名": "北海道大学大学院理学研究院", "維持管理機関名（英語）": null, "観測開始年（西暦）": "1984", "同月": "3", "観測機器名または観測項目": "PK-110" }, "geometry": { "type": "Point", "coordinates": [ 142.582, 42.2856 ] } },
{ "type": "Feature", "properties": { "観測の種類": "微小地震", "name": "浦幌", "観測点名ローマ字": null, "観測点コード": "URH", "緯度（度）": 42.9286, "経度（度）": 143.6699, "高さ（ｍ）": "100", "測器の深度（ｍ）": null, "維持管理機関名": "北海道大学大学院理学研究院", "維持管理機関名（英語）": null, "観測開始年（西暦）": "1984", "同月": "6", "観測機器名または観測項目": "PK-110" }, "geometry": { "type": "Point", "coordinates": [ 143.6699, 42.9286 ] } },
{ "type": "Feature", "properties": { "観測の種類": "微小地震", "name": "苫前", "観測点名ローマ字": null, "観測点コード": "TOI", "緯度（度）": 44.2247, "経度（度）": 141.6789, "高さ（ｍ）": "35", "測器の深度（ｍ）": null, "維持管理機関名": "北海道大学大学院理学研究院", "維持管理機関名（英語）": null, "観測開始年（西暦）": "1985", "同月": "3", "観測機器名または観測項目": "PK-110" }, "geometry": { "type": "Point", "coordinates": [ 141.6789, 44.2247 ] } },
{ "type": "Feature", "properties": { "観測の種類": "微小地震", "name": "愛別", "観測点名ローマ字": null, "観測点コード": "AIB", "緯度（度）": 43.9092, "経度（度）": 142.6423, "高さ（ｍ）": "265", "測器の深度（ｍ）": null, "維持管理機関名": "北海道大学大学院理学研究院", "維持管理機関名（英語）": null, "観測開始年（西暦）": "1985", "同月": "3", "観測機器名または観測項目": "PK-110 STS-1" }, "geometry": { "type": "Point", "coordinates": [ 142.6423, 43.9092 ] } },
{ "type": "Feature", "properties": { "観測の種類": "微小地震", "name": "訓子府", "観測点名ローマ字": null, "観測点コード": "KNP", "緯度（度）": 43.7626, "経度（度）": 143.7083, "高さ（ｍ）": "180", "測器の深度（ｍ）": null, "維持管理機関名": "北海道大学大学院理学研究院", "維持管理機関名（英語）": null, "観測開始年（西暦）": "1985", "同月": "3", "観測機器名または観測項目": "PK-110" }, "geometry": { "type": "Point", "coordinates": [ 143.7083, 43.7626 ] } },
{ "type": "Feature", "properties": { "観測の種類": "微小地震", "name": "積丹", "観測点名ローマ字": null, "観測点コード": "SYJ", "緯度（度）": 43.3662, "経度（度）": 140.483, "高さ（ｍ）": "10", "測器の深度（ｍ）": null, "維持管理機関名": "北海道大学大学院理学研究院", "維持管理機関名（英語）": null, "観測開始年（西暦）": "1985", "同月": "7", "観測機器名または観測項目": "L4C-3d" }, "geometry": { "type": "Point", "coordinates": [ 140.483, 43.3662 ] } },
{ "type": "Feature", "properties": { "観測の種類": "微小地震", "name": "赤岩", "観測点名ローマ字": null, "観測点コード": "AKA", "緯度（度）": 43.2323, "経度（度）": 140.9817, "高さ（ｍ）": "370", "測器の深度（ｍ）": null, "維持管理機関名": "北海道大学大学院理学研究院", "維持管理機関名（英語）": null, "観測開始年（西暦）": "1985", "同月": "7", "観測機器名または観測項目": "L4C-3d" }, "geometry": { "type": "Point", "coordinates": [ 140.9817, 43.2323 ] } },
{ "type": "Feature", "properties": { "観測の種類": "微小地震", "name": "浜益", "観測点名ローマ字": null, "観測点コード": "HAM", "緯度（度）": 43.6156, "経度（度）": 141.3793, "高さ（ｍ）": "76", "測器の深度（ｍ）": "22", "維持管理機関名": "北海道大学大学院理学研究院", "維持管理機関名（英語）": null, "観測開始年（西暦）": "1985", "同月": "9", "観測機器名または観測項目": "2.0 Hz" }, "geometry": { "type": "Point", "coordinates": [ 141.3793, 43.6156 ] } },
{ "type": "Feature", "properties": { "観測の種類": "微小地震", "name": "奥尻神威脇", "観測点名ローマ字": null, "観測点コード": "KIW", "緯度（度）": 42.1666, "経度（度）": 139.4159, "高さ（ｍ）": "40", "測器の深度（ｍ）": null, "維持管理機関名": "北海道大学大学院理学研究院", "維持管理機関名（英語）": null, "観測開始年（西暦）": "1993", "同月": "7", "観測機器名または観測項目": "L4C-3d" }, "geometry": { "type": "Point", "coordinates": [ 139.4159, 42.1666 ] } },
{ "type": "Feature", "properties": { "観測の種類": "微小地震", "name": "渡島大島", "観測点名ローマ字": null, "観測点コード": "MOS", "緯度（度）": 41.509, "経度（度）": 139.3815, "高さ（ｍ）": "72", "測器の深度（ｍ）": null, "維持管理機関名": "北海道大学大学院理学研究院", "維持管理機関名（英語）": null, "観測開始年（西暦）": "1993", "同月": "7", "観測機器名または観測項目": "L4C-3d" }, "geometry": { "type": "Point", "coordinates": [ 139.3815, 41.509 ] } },
{ "type": "Feature", "properties": { "観測の種類": "微小地震", "name": "天塩中川", "観測点名ローマ字": null, "観測点コード": "TNK", "緯度（度）": 44.7781, "経度（度）": 142.0793, "高さ（ｍ）": "60", "測器の深度（ｍ）": null, "維持管理機関名": "北海道大学大学院理学研究院", "維持管理機関名（英語）": null, "観測開始年（西暦）": "1994", "同月": "4", "観測機器名または観測項目": "PK-110" }, "geometry": { "type": "Point", "coordinates": [ 142.0793, 44.7781 ] } },
{ "type": "Feature", "properties": { "観測の種類": "微小地震", "name": "新天塩中川", "観測点名ローマ字": null, "観測点コード": "STNK", "緯度（度）": 44.8076, "経度（度）": 142.0888, "高さ（ｍ）": "51", "測器の深度（ｍ）": null, "維持管理機関名": "北海道大学大学院理学研究院", "維持管理機関名（英語）": null, "観測開始年（西暦）": "2022", "同月": "5", "観測機器名または観測項目": "L4C-3d" }, "geometry": { "type": "Point", "coordinates": [ 142.0888, 44.8076 ] } },
{ "type": "Feature", "properties": { "観測の種類": "微小地震", "name": "天売島", "観測点名ローマ字": null, "観測点コード": "TUR", "緯度（度）": 44.4162, "経度（度）": 141.3146, "高さ（ｍ）": "20", "測器の深度（ｍ）": null, "維持管理機関名": "北海道大学大学院理学研究院", "維持管理機関名（英語）": null, "観測開始年（西暦）": "1995", "同月": "5", "観測機器名または観測項目": "L4C-3d" }, "geometry": { "type": "Point", "coordinates": [ 141.3146, 44.4162 ] } },
{ "type": "Feature", "properties": { "観測の種類": "微小地震", "name": "羅臼", "観測点名ローマ字": null, "観測点コード": "RUS", "緯度（度）": 44.1067, "経度（度）": 145.2436, "高さ（ｍ）": "70", "測器の深度（ｍ）": null, "維持管理機関名": "北海道大学大学院理学研究院", "維持管理機関名（英語）": null, "観測開始年（西暦）": "1994", "同月": "10", "観測機器名または観測項目": "L4C-3d" }, "geometry": { "type": "Point", "coordinates": [ 145.2436, 44.1067 ] } },
{ "type": "Feature", "properties": { "観測の種類": "微小地震", "name": "幌加", "観測点名ローマ字": null, "観測点コード": "HRK", "緯度（度）": 43.4688, "経度（度）": 143.1247, "高さ（ｍ）": "695", "測器の深度（ｍ）": null, "維持管理機関名": "北海道大学大学院理学研究院", "維持管理機関名（英語）": null, "観測開始年（西暦）": "1994", "同月": "10", "観測機器名または観測項目": "L4C-3d" }, "geometry": { "type": "Point", "coordinates": [ 143.1247, 43.4688 ] } },
{ "type": "Feature", "properties": { "観測の種類": "微小地震", "name": "屈斜路", "観測点名ローマ字": null, "観測点コード": "KUT", "緯度（度）": 43.5406, "経度（度）": 144.3385, "高さ（ｍ）": "198", "測器の深度（ｍ）": null, "維持管理機関名": "北海道大学大学院理学研究院", "維持管理機関名（英語）": null, "観測開始年（西暦）": "1995", "同月": "12", "観測機器名または観測項目": "L4C-3d" }, "geometry": { "type": "Point", "coordinates": [ 144.3385, 43.5406 ] } },
{ "type": "Feature", "properties": { "観測の種類": "微小地震", "name": "仁多", "観測点名ローマ字": null, "観測点コード": "NIT", "緯度（度）": 43.4951, "経度（度）": 144.5068, "高さ（ｍ）": "168", "測器の深度（ｍ）": null, "維持管理機関名": "北海道大学大学院理学研究院", "維持管理機関名（英語）": null, "観測開始年（西暦）": "1995", "同月": "12", "観測機器名または観測項目": "L22E-3D" }, "geometry": { "type": "Point", "coordinates": [ 144.5068, 43.4951 ] } },
{ "type": "Feature", "properties": { "観測の種類": "微小地震", "name": "尾岱沼", "観測点名ローマ字": null, "観測点コード": "ODT", "緯度（度）": 43.5551, "経度（度）": 145.2116, "高さ（ｍ）": "14", "測器の深度（ｍ）": null, "維持管理機関名": "北海道大学大学院理学研究院", "維持管理機関名（英語）": null, "観測開始年（西暦）": "1997", "同月": "4", "観測機器名または観測項目": null }, "geometry": { "type": "Point", "coordinates": [ 145.2116, 43.5551 ] } },
{ "type": "Feature", "properties": { "観測の種類": "微小地震", "name": "初田牛", "観測点名ローマ字": null, "観測点コード": "HTU", "緯度（度）": 43.2076, "経度（度）": 145.3248, "高さ（ｍ）": "75", "測器の深度（ｍ）": null, "維持管理機関名": "北海道大学大学院理学研究院", "維持管理機関名（英語）": null, "観測開始年（西暦）": "1997", "同月": "2", "観測機器名または観測項目": "L4C-3d" }, "geometry": { "type": "Point", "coordinates": [ 145.3248, 43.2076 ] } },
{ "type": "Feature", "properties": { "観測の種類": "微小地震", "name": "母子里", "観測点名ローマ字": null, "観測点コード": "MSR", "緯度（度）": 44.3668, "経度（度）": 142.2687, "高さ（ｍ）": "295", "測器の深度（ｍ）": null, "維持管理機関名": "北海道大学大学院理学研究院", "維持管理機関名（英語）": null, "観測開始年（西暦）": "1997", "同月": "6", "観測機器名または観測項目": "L4C-3d" }, "geometry": { "type": "Point", "coordinates": [ 142.2687, 44.3668 ] } },
{ "type": "Feature", "properties": { "観測の種類": "微小地震", "name": "渡島大野", "観測点名ローマ字": null, "観測点コード": "OON", "緯度（度）": 41.9216, "経度（度）": 140.5888, "高さ（ｍ）": "150", "測器の深度（ｍ）": null, "維持管理機関名": "北海道大学大学院理学研究院", "維持管理機関名（英語）": null, "観測開始年（西暦）": "1996", "同月": "3", "観測機器名または観測項目": "L4C-3d" }, "geometry": { "type": "Point", "coordinates": [ 140.5888, 41.9216 ] } },
{ "type": "Feature", "properties": { "観測の種類": "微小地震", "name": "仁伏", "観測点名ローマ字": null, "観測点コード": "NBT", "緯度（度）": 43.635, "経度（度）": 144.3867, "高さ（ｍ）": "180", "測器の深度（ｍ）": null, "維持管理機関名": "北海道大学大学院理学研究院", "維持管理機関名（英語）": null, "観測開始年（西暦）": "1996", "同月": "9", "観測機器名または観測項目": "L4C-3d" }, "geometry": { "type": "Point", "coordinates": [ 144.3867, 43.635 ] } },
{ "type": "Feature", "properties": { "観測の種類": "微小地震", "name": "野塚", "観測点名ローマ字": null, "観測点コード": "NTK", "緯度（度）": 42.3098, "経度（度）": 143.0356, "高さ（ｍ）": "550", "測器の深度（ｍ）": null, "維持管理機関名": "北海道大学大学院理学研究院", "維持管理機関名（英語）": null, "観測開始年（西暦）": "1998", "同月": "10", "観測機器名または観測項目": "L4C-3d" }, "geometry": { "type": "Point", "coordinates": [ 143.0356, 42.3098 ] } },
{ "type": "Feature", "properties": { "観測の種類": "微小地震", "name": "十勝ダム", "観測点名ローマ字": null, "観測点コード": "TKD", "緯度（度）": 43.2388, "経度（度）": 142.9308, "高さ（ｍ）": "438", "測器の深度（ｍ）": null, "維持管理機関名": "北海道大学大学院理学研究院", "維持管理機関名（英語）": null, "観測開始年（西暦）": "1999", "同月": "3", "観測機器名または観測項目": "L4C-3d STS-2" }, "geometry": { "type": "Point", "coordinates": [ 142.9308, 43.2388 ] } },
{ "type": "Feature", "properties": { "観測の種類": "微小地震", "name": "白神", "観測点名ローマ字": null, "観測点コード": "SRKM", "緯度（度）": 41.4129, "経度（度）": 140.174, "高さ（ｍ）": "50", "測器の深度（ｍ）": null, "維持管理機関名": "北海道大学大学院理学研究院", "維持管理機関名（英語）": null, "観測開始年（西暦）": "2001", "同月": "10", "観測機器名または観測項目": "L4C-3d" }, "geometry": { "type": "Point", "coordinates": [ 140.174, 41.4129 ] } },
{ "type": "Feature", "properties": { "観測の種類": "微小地震", "name": "然別", "観測点名ローマ字": null, "観測点コード": "SKB", "緯度（度）": 43.2408, "経度（度）": 143.0328, "高さ（ｍ）": "460", "測器の深度（ｍ）": null, "維持管理機関名": "北海道大学大学院理学研究院", "維持管理機関名（英語）": null, "観測開始年（西暦）": "2001", "同月": "10", "観測機器名または観測項目": "L4C-3d" }, "geometry": { "type": "Point", "coordinates": [ 143.0328, 43.2408 ] } },
{ "type": "Feature", "properties": { "観測の種類": "微小地震", "name": "新十津川", "観測点名ローマ字": null, "観測点コード": "STD", "緯度（度）": 43.5847, "経度（度）": 141.7278, "高さ（ｍ）": "124", "測器の深度（ｍ）": null, "維持管理機関名": "北海道大学大学院理学研究院", "維持管理機関名（英語）": null, "観測開始年（西暦）": "1995", "同月": "5", "観測機器名または観測項目": "L4C-3d" }, "geometry": { "type": "Point", "coordinates": [ 141.7278, 43.5847 ] } },
{ "type": "Feature", "properties": { "観測の種類": "微小地震", "name": "礼文南", "観測点名ローマ字": null, "観測点コード": "RBS", "緯度（度）": 45.2778, "経度（度）": 141.0346, "高さ（ｍ）": "25", "測器の深度（ｍ）": null, "維持管理機関名": "北海道大学大学院理学研究院", "維持管理機関名（英語）": null, "観測開始年（西暦）": "1996", "同月": "6", "観測機器名または観測項目": "L4C-3d" }, "geometry": { "type": "Point", "coordinates": [ 141.0346, 45.2778 ] } },
{ "type": "Feature", "properties": { "観測の種類": "微小地震", "name": "緑ダム", "観測点名ローマ字": null, "観測点コード": "MDD", "緯度（度）": 43.6724, "経度（度）": 144.6293, "高さ（ｍ）": "368", "測器の深度（ｍ）": null, "維持管理機関名": "北海道大学大学院理学研究院", "維持管理機関名（英語）": null, "観測開始年（西暦）": "2004", "同月": "5", "観測機器名または観測項目": "L4C-3d" }, "geometry": { "type": "Point", "coordinates": [ 144.6293, 43.6724 ] } },
{ "type": "Feature", "properties": { "観測の種類": "微小地震", "name": "南新川", "観測点名ローマ字": null, "観測点コード": "MSK", "緯度（度）": 43.0873, "経度（度）": 141.3304, "高さ（ｍ）": "11", "測器の深度（ｍ）": "740", "維持管理機関名": "北海道大学大学院理学研究院", "維持管理機関名（英語）": null, "観測開始年（西暦）": "2001", "同月": "4", "観測機器名または観測項目": "1.0 Hz" }, "geometry": { "type": "Point", "coordinates": [ 141.3304, 43.0873 ] } },
{ "type": "Feature", "properties": { "観測の種類": "微小地震", "name": "三石ダム", "観測点名ローマ字": null, "観測点コード": "MUD", "緯度（度）": 42.3778, "経度（度）": 142.6987, "高さ（ｍ）": "180", "測器の深度（ｍ）": null, "維持管理機関名": "北海道大学大学院理学研究院", "維持管理機関名（英語）": null, "観測開始年（西暦）": "2007", "同月": null, "観測機器名または観測項目": "L4C-3d" }, "geometry": { "type": "Point", "coordinates": [ 142.6987, 42.3778 ] } },
{ "type": "Feature", "properties": { "観測の種類": "微小地震", "name": "糠平", "観測点名ローマ字": null, "観測点コード": "NUK", "緯度（度）": 43.3661, "経度（度）": 143.1933, "高さ（ｍ）": "532", "測器の深度（ｍ）": null, "維持管理機関名": "北海道大学大学院理学研究院", "維持管理機関名（英語）": null, "観測開始年（西暦）": "2007", "同月": null, "観測機器名または観測項目": "L4C-3d" }, "geometry": { "type": "Point", "coordinates": [ 143.1933, 43.3661 ] } },
{ "type": "Feature", "properties": { "観測の種類": "微小地震", "name": "摩周", "観測点名ローマ字": null, "観測点コード": "MSU", "緯度（度）": 43.554, "経度（度）": 144.5105, "高さ（ｍ）": "434", "測器の深度（ｍ）": null, "維持管理機関名": "北海道大学大学院理学研究院", "維持管理機関名（英語）": null, "観測開始年（西暦）": "2007", "同月": null, "観測機器名または観測項目": "L4C-3d" }, "geometry": { "type": "Point", "coordinates": [ 144.5105, 43.554 ] } },
{ "type": "Feature", "properties": { "観測の種類": "微小地震", "name": "中川演習林", "観測点名ローマ字": null, "観測点コード": "NER", "緯度（度）": 44.8121, "経度（度）": 142.0825, "高さ（ｍ）": "72", "測器の深度（ｍ）": null, "維持管理機関名": "北海道大学大学院理学研究院", "維持管理機関名（英語）": null, "観測開始年（西暦）": "2007", "同月": null, "観測機器名または観測項目": "L4C-3d" }, "geometry": { "type": "Point", "coordinates": [ 142.0825, 44.8121 ] } },
{ "type": "Feature", "properties": { "観測の種類": "微小地震", "name": "里塚", "観測点名ローマ字": null, "観測点コード": "STZ", "緯度（度）": 42.9707, "経度（度）": 141.461, "高さ（ｍ）": "-383", "測器の深度（ｍ）": "500", "維持管理機関名": "北海道大学大学院理学研究院", "維持管理機関名（英語）": null, "観測開始年（西暦）": "2007", "同月": null, "観測機器名または観測項目": "ミツトヨ" }, "geometry": { "type": "Point", "coordinates": [ 141.461, 42.9707 ] } },
{ "type": "Feature", "properties": { "観測の種類": "微小地震", "name": "手稲前田", "観測点名ローマ字": null, "観測点コード": "MED", "緯度（度）": 43.1448, "経度（度）": 141.2586, "高さ（ｍ）": "-495", "測器の深度（ｍ）": "500", "維持管理機関名": "北海道大学大学院理学研究院", "維持管理機関名（英語）": null, "観測開始年（西暦）": "2007", "同月": null, "観測機器名または観測項目": "ミツトヨ" }, "geometry": { "type": "Point", "coordinates": [ 141.2586, 43.1448 ] } },
{ "type": "Feature", "properties": { "観測の種類": "微小地震", "name": "中沼", "観測点名ローマ字": null, "観測点コード": "NKN", "緯度（度）": 43.1368, "経度（度）": 141.4427, "高さ（ｍ）": "-495", "測器の深度（ｍ）": "500", "維持管理機関名": "北海道大学大学院理学研究院", "維持管理機関名（英語）": null, "観測開始年（西暦）": "2007", "同月": null, "観測機器名または観測項目": "ミツトヨ" }, "geometry": { "type": "Point", "coordinates": [ 141.4427, 43.1368 ] } },
{ "type": "Feature", "properties": { "観測の種類": "微小地震", "name": "渡島大島灯台", "観測点名ローマ字": null, "観測点コード": "MTD", "緯度（度）": 41.4978, "経度（度）": 139.3446, "高さ（ｍ）": "111", "測器の深度（ｍ）": null, "維持管理機関名": "北海道大学大学院理学研究院", "維持管理機関名（英語）": null, "観測開始年（西暦）": "2015", "同月": "8", "観測機器名または観測項目": "L4C-3d" }, "geometry": { "type": "Point", "coordinates": [ 139.3446, 41.4978 ] } },
{ "type": "Feature", "properties": { "観測の種類": "微小地震", "name": "弘前", "観測点名ローマ字": null, "観測点コード": "HRD", "緯度（度）": 40.5868, "経度（度）": 140.4738, "高さ（ｍ）": "-50", "測器の深度（ｍ）": null, "維持管理機関名": "弘前大学大学院理工学研究科", "維持管理機関名（英語）": null, "観測開始年（西暦）": "1981", "同月": "4", "観測機器名または観測項目": "L4C-3D" }, "geometry": { "type": "Point", "coordinates": [ 140.4738, 40.5868 ] } },
{ "type": "Feature", "properties": { "観測の種類": "微小地震", "name": "三厩", "観測点名ローマ字": null, "観測点コード": "MMA", "緯度（度）": 41.1612, "経度（度）": 140.41, "高さ（ｍ）": "90", "測器の深度（ｍ）": null, "維持管理機関名": "弘前大学大学院理工学研究科", "維持管理機関名（英語）": null, "観測開始年（西暦）": "1983", "同月": "2", "観測機器名または観測項目": "勝島PK110（1 Hz）" }, "geometry": { "type": "Point", "coordinates": [ 140.41, 41.1612 ] } },
{ "type": "Feature", "properties": { "観測の種類": "微小地震", "name": "泊", "観測点名ローマ字": null, "観測点コード": "TMR", "緯度（度）": 41.1008, "経度（度）": 141.384, "高さ（ｍ）": "130", "測器の深度（ｍ）": null, "維持管理機関名": "弘前大学大学院理工学研究科", "維持管理機関名（英語）": null, "観測開始年（西暦）": "1982", "同月": "12", "観測機器名または観測項目": "勝島PK110（1 Hz）" }, "geometry": { "type": "Point", "coordinates": [ 141.384, 41.1008 ] } },
{ "type": "Feature", "properties": { "観測の種類": "微小地震", "name": "岩崎", "観測点名ローマ字": null, "観測点コード": "IWS", "緯度（度）": 40.4788, "経度（度）": 139.957, "高さ（ｍ）": "110", "測器の深度（ｍ）": null, "維持管理機関名": "弘前大学大学院理工学研究科", "維持管理機関名（英語）": null, "観測開始年（西暦）": "1982", "同月": "12", "観測機器名または観測項目": "L4C-3d" }, "geometry": { "type": "Point", "coordinates": [ 139.957, 40.4788 ] } },
{ "type": "Feature", "properties": { "観測の種類": "微小地震", "name": "階上", "観測点名ローマ字": null, "観測点コード": "HSK", "緯度（度）": 40.4147, "経度（度）": 141.5794, "高さ（ｍ）": "355", "測器の深度（ｍ）": null, "維持管理機関名": "東北大学大学院理学研究科", "維持管理機関名（英語）": null, "観測開始年（西暦）": "1971", "同月": "11", "観測機器名または観測項目": "STS-2(120sec)" }, "geometry": { "type": "Point", "coordinates": [ 141.5794, 40.4147 ] } },
{ "type": "Feature", "properties": { "観測の種類": "微小地震", "name": "北上", "観測点名ローマ字": null, "観測点コード": "KGJ", "緯度（度）": 39.3894, "経度（度）": 141.5624, "高さ（ｍ）": "375", "測器の深度（ｍ）": null, "維持管理機関名": "東北大学大学院理学研究科", "維持管理機関名（英語）": null, "観測開始年（西暦）": "1970", "同月": "9", "観測機器名または観測項目": "PK-110(1Hz)，STS-1(360sec)" }, "geometry": { "type": "Point", "coordinates": [ 141.5624, 39.3894 ] } },
{ "type": "Feature", "properties": { "観測の種類": "微小地震", "name": "本荘", "観測点名ローマ字": null, "観測点コード": "HOJ", "緯度（度）": 39.3426, "経度（度）": 140.1707, "高さ（ｍ）": "140", "測器の深度（ｍ）": null, "維持管理機関名": "東北大学大学院理学研究科", "維持管理機関名（英語）": null, "観測開始年（西暦）": "1967", "同月": "12", "観測機器名または観測項目": "PK-110(1Hz)" }, "geometry": { "type": "Point", "coordinates": [ 140.1707, 39.3426 ] } },
{ "type": "Feature", "properties": { "観測の種類": "微小地震", "name": "川渡", "観測点名ローマ字": null, "観測点コード": "KWT", "緯度（度）": 38.7559, "経度（度）": 140.7566, "高さ（ｍ）": "260", "測器の深度（ｍ）": null, "維持管理機関名": "東北大学大学院理学研究科", "維持管理機関名（英語）": null, "観測開始年（西暦）": "1975", "同月": "4", "観測機器名または観測項目": "LE-3D/20(20sec)" }, "geometry": { "type": "Point", "coordinates": [ 140.7566, 38.7559 ] } },
{ "type": "Feature", "properties": { "観測の種類": "微小地震", "name": "金華山５", "観測点名ローマ字": null, "観測点コード": "KN5", "緯度（度）": 38.2763, "経度（度）": 141.5826, "高さ（ｍ）": "-435", "測器の深度（ｍ）": "500", "維持管理機関名": "東北大学大学院理学研究科", "維持管理機関名（英語）": null, "観測開始年（西暦）": "1995", "同月": "5", "観測機器名または観測項目": "アカシ 1Hz" }, "geometry": { "type": "Point", "coordinates": [ 141.5826, 38.2763 ] } },
{ "type": "Feature", "properties": { "観測の種類": "微小地震", "name": "青葉山５", "観測点名ローマ字": null, "観測点コード": "AO5", "緯度（度）": 38.2521, "経度（度）": 140.8444, "高さ（ｍ）": "-415", "測器の深度（ｍ）": "500", "維持管理機関名": "東北大学大学院理学研究科", "維持管理機関名（英語）": null, "観測開始年（西暦）": "2007", "同月": "6", "観測機器名または観測項目": "ミツトヨ ABS-401 (1Hz)" }, "geometry": { "type": "Point", "coordinates": [ 140.8444, 38.2521 ] } },
{ "type": "Feature", "properties": { "観測の種類": "微小地震", "name": "八溝", "観測点名ローマ字": null, "観測点コード": "YMZ", "緯度（度）": 36.9272, "経度（度）": 140.2446, "高さ（ｍ）": "555", "測器の深度（ｍ）": null, "維持管理機関名": "東北大学大学院理学研究科", "維持管理機関名（英語）": null, "観測開始年（西暦）": "1981", "同月": "4", "観測機器名または観測項目": "PK-110(1Hz)" }, "geometry": { "type": "Point", "coordinates": [ 140.2446, 36.9272 ] } },
{ "type": "Feature", "properties": { "観測の種類": "微小地震", "name": "北阿武隈", "観測点名ローマ字": null, "観測点コード": "KTA", "緯度（度）": 37.6966, "経度（度）": 140.892, "高さ（ｍ）": "160", "測器の深度（ｍ）": null, "維持管理機関名": "東北大学大学院理学研究科", "維持管理機関名（英語）": null, "観測開始年（西暦）": "1981", "同月": "4", "観測機器名または観測項目": "PK-110(1Hz)" }, "geometry": { "type": "Point", "coordinates": [ 140.892, 37.6966 ] } },
{ "type": "Feature", "properties": { "観測の種類": "微小地震", "name": "新発田", "観測点名ローマ字": null, "観測点コード": "SBT", "緯度（度）": 37.9686, "経度（度）": 139.4505, "高さ（ｍ）": "160", "測器の深度（ｍ）": null, "維持管理機関名": "東北大学大学院理学研究科", "維持管理機関名（英語）": null, "観測開始年（西暦）": "1981", "同月": "4", "観測機器名または観測項目": "L-4C-3D(1Hz)" }, "geometry": { "type": "Point", "coordinates": [ 139.4505, 37.9686 ] } },
{ "type": "Feature", "properties": { "観測の種類": "微小地震", "name": "佐渡", "観測点名ローマ字": null, "観測点コード": "SAD", "緯度（度）": 38.3195, "経度（度）": 138.5025, "高さ（ｍ）": "-26", "測器の深度（ｍ）": "200", "維持管理機関名": "東北大学大学院理学研究科", "維持管理機関名（英語）": null, "観測開始年（西暦）": "1987", "同月": "1", "観測機器名または観測項目": "アカシ 1Hz" }, "geometry": { "type": "Point", "coordinates": [ 138.5025, 38.3195 ] } },
{ "type": "Feature", "properties": { "観測の種類": "微小地震", "name": "いわき", "観測点名ローマ字": null, "観測点コード": "IWK", "緯度（度）": 37.2246, "経度（度）": 140.8779, "高さ（ｍ）": "630", "測器の深度（ｍ）": null, "維持管理機関名": "東北大学大学院理学研究科", "維持管理機関名（英語）": null, "観測開始年（西暦）": "1988", "同月": "1", "観測機器名または観測項目": "PK-110(1Hz)" }, "geometry": { "type": "Point", "coordinates": [ 140.8779, 37.2246 ] } },
{ "type": "Feature", "properties": { "観測の種類": "微小地震", "name": "南会津", "観測点名ローマ字": null, "観測点コード": "MAI", "緯度（度）": 37.2205, "経度（度）": 139.9215, "高さ（ｍ）": "885", "測器の深度（ｍ）": null, "維持管理機関名": "東北大学大学院理学研究科", "維持管理機関名（英語）": null, "観測開始年（西暦）": "1988", "同月": "4", "観測機器名または観測項目": "PK-110(1Hz)" }, "geometry": { "type": "Point", "coordinates": [ 139.9215, 37.2205 ] } },
{ "type": "Feature", "properties": { "観測の種類": "微小地震", "name": "若柳", "観測点名ローマ字": null, "観測点コード": "WYG", "緯度（度）": 38.7423, "経度（度）": 141.1197, "高さ（ｍ）": "-490", "測器の深度（ｍ）": "500", "維持管理機関名": "東北大学大学院理学研究科", "維持管理機関名（英語）": null, "観測開始年（西暦）": "1993", "同月": "3", "観測機器名または観測項目": "アカシ 1Hz" }, "geometry": { "type": "Point", "coordinates": [ 141.1197, 38.7423 ] } },
{ "type": "Feature", "properties": { "観測の種類": "微小地震", "name": "深浦", "観測点名ローマ字": null, "観測点コード": "FKU", "緯度（度）": 40.6343, "経度（度）": 139.9116, "高さ（ｍ）": "-310", "測器の深度（ｍ）": "500", "維持管理機関名": "東北大学大学院理学研究科", "維持管理機関名（英語）": null, "観測開始年（西暦）": "1994", "同月": "9", "観測機器名または観測項目": "アカシ 1Hz" }, "geometry": { "type": "Point", "coordinates": [ 139.9116, 40.6343 ] } },
{ "type": "Feature", "properties": { "観測の種類": "微小地震", "name": "陸中普代", "観測点名ローマ字": null, "観測点コード": "FD2", "緯度（度）": 40.0119, "経度（度）": 141.8548, "高さ（ｍ）": "-245", "測器の深度（ｍ）": "500", "維持管理機関名": "東北大学大学院理学研究科", "維持管理機関名（英語）": null, "観測開始年（西暦）": "1994", "同月": "9", "観測機器名または観測項目": "アカシ 1Hz" }, "geometry": { "type": "Point", "coordinates": [ 141.8548, 40.0119 ] } },
{ "type": "Feature", "properties": { "観測の種類": "微小地震", "name": "階上５", "観測点名ローマ字": null, "観測点コード": "HS5", "緯度（度）": 40.4148, "経度（度）": 141.58, "高さ（ｍ）": "-145", "測器の深度（ｍ）": "500", "維持管理機関名": "東北大学大学院理学研究科", "維持管理機関名（英語）": null, "観測開始年（西暦）": "1995", "同月": "3", "観測機器名または観測項目": "アカシ 1Hz" }, "geometry": { "type": "Point", "coordinates": [ 141.58, 40.4148 ] } },
{ "type": "Feature", "properties": { "観測の種類": "微小地震", "name": "北上２", "観測点名ローマ字": null, "観測点コード": "KG2", "緯度（度）": 39.3892, "経度（度）": 141.5617, "高さ（ｍ）": "-120", "測器の深度（ｍ）": "500", "維持管理機関名": "東北大学大学院理学研究科", "維持管理機関名（英語）": null, "観測開始年（西暦）": "1994", "同月": "12", "観測機器名または観測項目": "アカシ 1Hz" }, "geometry": { "type": "Point", "coordinates": [ 141.5617, 39.3892 ] } },
{ "type": "Feature", "properties": { "観測の種類": "微小地震", "name": "飛島２", "観測点名ローマ字": null, "観測点コード": "TB2", "緯度（度）": 39.198, "経度（度）": 139.5534, "高さ（ｍ）": "-440", "測器の深度（ｍ）": "500", "維持管理機関名": "東北大学大学院理学研究科", "維持管理機関名（英語）": null, "観測開始年（西暦）": "1994", "同月": "10", "観測機器名または観測項目": "アカシ 1Hz" }, "geometry": { "type": "Point", "coordinates": [ 139.5534, 39.198 ] } },
{ "type": "Feature", "properties": { "観測の種類": "微小地震", "name": "東通", "観測点名ローマ字": null, "観測点コード": "HD3", "緯度（度）": 41.3666, "経度（度）": 141.4146, "高さ（ｍ）": "-235", "測器の深度（ｍ）": "300", "維持管理機関名": "東北大学大学院理学研究科", "維持管理機関名（英語）": null, "観測開始年（西暦）": "1996", "同月": "3", "観測機器名または観測項目": "アカシ 1Hz" }, "geometry": { "type": "Point", "coordinates": [ 141.4146, 41.3666 ] } },
{ "type": "Feature", "properties": { "観測の種類": "微小地震", "name": "宮古３", "観測点名ローマ字": null, "観測点コード": "MY3", "緯度（度）": 39.5931, "経度（度）": 141.9766, "高さ（ｍ）": "-220", "測器の深度（ｍ）": "300", "維持管理機関名": "東北大学大学院理学研究科", "維持管理機関名（英語）": null, "観測開始年（西暦）": "1996", "同月": "3", "観測機器名または観測項目": "アカシ 1Hz" }, "geometry": { "type": "Point", "coordinates": [ 141.9766, 39.5931 ] } },
{ "type": "Feature", "properties": { "観測の種類": "微小地震", "name": "江島", "観測点名ローマ字": null, "観測点コード": "EN3", "緯度（度）": 38.3979, "経度（度）": 141.5976, "高さ（ｍ）": "-265", "測器の深度（ｍ）": "300", "維持管理機関名": "東北大学大学院理学研究科", "維持管理機関名（英語）": null, "観測開始年（西暦）": "1996", "同月": "3", "観測機器名または観測項目": "アカシ 1Hz" }, "geometry": { "type": "Point", "coordinates": [ 141.5976, 38.3979 ] } },
{ "type": "Feature", "properties": { "観測の種類": "微小地震", "name": "岩城", "観測点名ローマ字": null, "観測点コード": "IW3", "緯度（度）": 39.5552, "経度（度）": 140.1109, "高さ（ｍ）": "-255", "測器の深度（ｍ）": "300", "維持管理機関名": "東北大学大学院理学研究科", "維持管理機関名（英語）": null, "観測開始年（西暦）": "1996", "同月": "3", "観測機器名または観測項目": "アカシ 1Hz" }, "geometry": { "type": "Point", "coordinates": [ 140.1109, 39.5552 ] } },
{ "type": "Feature", "properties": { "観測の種類": "微小地震", "name": "村山", "観測点名ローマ字": null, "観測点コード": "MR3", "緯度（度）": 38.498, "経度（度）": 140.4224, "高さ（ｍ）": "-40", "測器の深度（ｍ）": "300", "維持管理機関名": "東北大学大学院理学研究科", "維持管理機関名（英語）": null, "観測開始年（西暦）": "1996", "同月": "3", "観測機器名または観測項目": "アカシ 1Hz" }, "geometry": { "type": "Point", "coordinates": [ 140.4224, 38.498 ] } },
{ "type": "Feature", "properties": { "観測の種類": "微小地震", "name": "新三陸", "観測点名ローマ字": null, "観測点コード": "SN3", "緯度（度）": 39.1401, "経度（度）": 141.7636, "高さ（ｍ）": "110", "測器の深度（ｍ）": "300", "維持管理機関名": "東北大学大学院理学研究科", "維持管理機関名（英語）": null, "観測開始年（西暦）": "1996", "同月": "3", "観測機器名または観測項目": "アカシ 1Hz" }, "geometry": { "type": "Point", "coordinates": [ 141.7636, 39.1401 ] } },
{ "type": "Feature", "properties": { "観測の種類": "微小地震", "name": "五城目", "観測点名ローマ字": null, "観測点コード": "GJM", "緯度（度）": 39.9548, "経度（度）": 140.1126, "高さ（ｍ）": "105", "測器の深度（ｍ）": null, "維持管理機関名": "東北大学大学院理学研究科", "維持管理機関名（英語）": null, "観測開始年（西暦）": "1994", "同月": "6", "観測機器名または観測項目": "L-4C-3D(1Hz)" }, "geometry": { "type": "Point", "coordinates": [ 140.1126, 39.9548 ] } },
{ "type": "Feature", "properties": { "観測の種類": "微小地震", "name": "西木", "観測点名ローマ字": null, "観測点コード": "NSK", "緯度（度）": 39.7312, "経度（度）": 140.542, "高さ（ｍ）": "260", "測器の深度（ｍ）": null, "維持管理機関名": "東北大学大学院理学研究科", "維持管理機関名（英語）": null, "観測開始年（西暦）": "1982", "同月": "11", "観測機器名または観測項目": "LE-3D(20sec)" }, "geometry": { "type": "Point", "coordinates": [ 140.542, 39.7312 ] } },
{ "type": "Feature", "properties": { "観測の種類": "微小地震", "name": "沢内川舟", "観測点名ローマ字": null, "観測点コード": "SWU", "緯度（度）": 39.4889, "経度（度）": 140.7889, "高さ（ｍ）": "445", "測器の深度（ｍ）": null, "維持管理機関名": "東北大学大学院理学研究科", "維持管理機関名（英語）": null, "観測開始年（西暦）": "1982", "同月": "11", "観測機器名または観測項目": "STS-2(120sec)" }, "geometry": { "type": "Point", "coordinates": [ 140.7889, 39.4889 ] } },
{ "type": "Feature", "properties": { "観測の種類": "微小地震", "name": "黒沢尻", "観測点名ローマ字": null, "観測点コード": "KRS", "緯度（度）": 39.2662, "経度（度）": 141.1501, "高さ（ｍ）": "150", "測器の深度（ｍ）": null, "維持管理機関名": "東北大学大学院理学研究科", "維持管理機関名（英語）": null, "観測開始年（西暦）": "1995", "同月": "2", "観測機器名または観測項目": "PK-110(1Hz)" }, "geometry": { "type": "Point", "coordinates": [ 141.1501, 39.2662 ] } },
{ "type": "Feature", "properties": { "観測の種類": "微小地震", "name": "大東", "観測点名ローマ字": null, "観測点コード": "DIT", "緯度（度）": 39.064, "経度（度）": 141.4221, "高さ（ｍ）": "400", "測器の深度（ｍ）": null, "維持管理機関名": "東北大学大学院理学研究科", "維持管理機関名（英語）": null, "観測開始年（西暦）": "1994", "同月": "12", "観測機器名または観測項目": "STS-2(120sec)" }, "geometry": { "type": "Point", "coordinates": [ 141.4221, 39.064 ] } },
{ "type": "Feature", "properties": { "観測の種類": "微小地震", "name": "気仙沼", "観測点名ローマ字": null, "観測点コード": "KSN", "緯度（度）": 38.9765, "経度（度）": 141.5301, "高さ（ｍ）": "280", "測器の深度（ｍ）": null, "維持管理機関名": "東北大学大学院理学研究科", "維持管理機関名（英語）": null, "観測開始年（西暦）": "1995", "同月": "2", "観測機器名または観測項目": "PK-110(1Hz)" }, "geometry": { "type": "Point", "coordinates": [ 141.5301, 38.9765 ] } },
{ "type": "Feature", "properties": { "観測の種類": "微小地震", "name": "田沢湖", "観測点名ローマ字": null, "観測点コード": "TAZ", "緯度（度）": 39.6144, "経度（度）": 140.651, "高さ（ｍ）": "170", "測器の深度（ｍ）": null, "維持管理機関名": "東北大学大学院理学研究科", "維持管理機関名（英語）": null, "観測開始年（西暦）": "1982", "同月": "11", "観測機器名または観測項目": "LE-3D(20sec)" }, "geometry": { "type": "Point", "coordinates": [ 140.651, 39.6144 ] } },
{ "type": "Feature", "properties": { "観測の種類": "微小地震", "name": "関谷", "観測点名ローマ字": null, "観測点コード": "E.SEK", "緯度（度）": 37.0915, "経度（度）": 139.4882, "高さ（ｍ）": "705", "測器の深度（ｍ）": null, "維持管理機関名": "東京大学地震研究所", "維持管理機関名（英語）": null, "観測開始年（西暦）": "1980", "同月": "9", "観測機器名または観測項目": "CMG(地表)" }, "geometry": { "type": "Point", "coordinates": [ 139.4882, 37.0915 ] } },
{ "type": "Feature", "properties": { "観測の種類": "微小地震", "name": "日光", "観測点名ローマ字": null, "観測点コード": "E.NIK", "緯度（度）": 36.6246, "経度（度）": 139.4875, "高さ（ｍ）": "1310", "測器の深度（ｍ）": null, "維持管理機関名": "東京大学地震研究所", "維持管理機関名（英語）": null, "観測開始年（西暦）": "1980", "同月": "9", "観測機器名または観測項目": null }, "geometry": { "type": "Point", "coordinates": [ 139.4875, 36.6246 ] } },
{ "type": "Feature", "properties": { "観測の種類": "微小地震", "name": "筑波", "観測点名ローマ字": null, "観測点コード": "E.TSK", "緯度（度）": 36.213, "経度（度）": 140.1071, "高さ（ｍ）": "280", "測器の深度（ｍ）": null, "維持管理機関名": "東京大学地震研究所", "維持管理機関名（英語）": null, "観測開始年（西暦）": "1966", "同月": "4", "観測機器名または観測項目": "STS1試験観測中" }, "geometry": { "type": "Point", "coordinates": [ 140.1071, 36.213 ] } },
{ "type": "Feature", "properties": { "観測の種類": "微小地震", "name": "堂平３", "観測点名ローマ字": null, "観測点コード": "E.DDR3", "緯度（度）": 36.003, "経度（度）": 139.1898, "高さ（ｍ）": "835", "測器の深度（ｍ）": null, "維持管理機関名": "東京大学地震研究所", "維持管理機関名（英語）": null, "観測開始年（西暦）": "1966", "同月": "4", "観測機器名または観測項目": "CMG（地表）" }, "geometry": { "type": "Point", "coordinates": [ 139.1898, 36.003 ] } },
{ "type": "Feature", "properties": { "観測の種類": "微小地震", "name": "八王子", "観測点名ローマ字": null, "観測点コード": "E.HCJ", "緯度（度）": 35.6347, "経度（度）": 139.2745, "高さ（ｍ）": "202", "測器の深度（ｍ）": null, "維持管理機関名": "東京大学地震研究所", "維持管理機関名（英語）": null, "観測開始年（西暦）": "2003", "同月": "5", "観測機器名または観測項目": null }, "geometry": { "type": "Point", "coordinates": [ 139.2745, 35.6347 ] } },
{ "type": "Feature", "properties": { "観測の種類": "微小地震", "name": "犬吠２", "観測点名ローマ字": null, "観測点コード": "E.INB2", "緯度（度）": 35.7048, "経度（度）": 140.8528, "高さ（ｍ）": "53", "測器の深度（ｍ）": null, "維持管理機関名": "東京大学地震研究所", "維持管理機関名（英語）": null, "観測開始年（西暦）": "2016", "同月": "9", "観測機器名または観測項目": "CMG（地表）" }, "geometry": { "type": "Point", "coordinates": [ 140.8528, 35.7048 ] } },
{ "type": "Feature", "properties": { "観測の種類": "微小地震", "name": "清澄", "観測点名ローマ字": null, "観測点コード": "E.KYS", "緯度（度）": 35.2009, "経度（度）": 140.145, "高さ（ｍ）": "180", "測器の深度（ｍ）": null, "維持管理機関名": "東京大学地震研究所", "維持管理機関名（英語）": null, "観測開始年（西暦）": "1966", "同月": "4", "観測機器名または観測項目": "CMG（地表）併設" }, "geometry": { "type": "Point", "coordinates": [ 140.145, 35.2009 ] } },
{ "type": "Feature", "properties": { "観測の種類": "微小地震", "name": "鋸山", "観測点名ローマ字": null, "観測点コード": "E.NGY", "緯度（度）": 35.1578, "経度（度）": 139.8256, "高さ（ｍ）": "59", "測器の深度（ｍ）": null, "維持管理機関名": "東京大学地震研究所", "維持管理機関名（英語）": null, "観測開始年（西暦）": "2000", "同月": "3", "観測機器名または観測項目": null }, "geometry": { "type": "Point", "coordinates": [ 139.8256, 35.1578 ] } },
{ "type": "Feature", "properties": { "観測の種類": "微小地震", "name": "古峰原", "観測点名ローマ字": null, "観測点コード": "E.KBH", "緯度（度）": 36.6577, "経度（度）": 139.5254, "高さ（ｍ）": "765", "測器の深度（ｍ）": null, "維持管理機関名": "東京大学地震研究所", "維持管理機関名（英語）": null, "観測開始年（西暦）": "1970", "同月": "9", "観測機器名または観測項目": null }, "geometry": { "type": "Point", "coordinates": [ 139.5254, 36.6577 ] } },
{ "type": "Feature", "properties": { "観測の種類": "微小地震", "name": "箒木山", "観測点名ローマ字": null, "観測点コード": "E.HOK", "緯度（度）": 34.8519, "経度（度）": 139.0373, "高さ（ｍ）": "946", "測器の深度（ｍ）": null, "維持管理機関名": "東京大学地震研究所", "維持管理機関名（英語）": null, "観測開始年（西暦）": "1980", "同月": "9", "観測機器名または観測項目": null }, "geometry": { "type": "Point", "coordinates": [ 139.0373, 34.8519 ] } },
{ "type": "Feature", "properties": { "観測の種類": "微小地震", "name": "大峰", "観測点名ローマ字": null, "観測点コード": "E.OMJ", "緯度（度）": 36.6707, "経度（度）": 138.1789, "高さ（ｍ）": "506", "測器の深度（ｍ）": null, "維持管理機関名": "東京大学地震研究所", "維持管理機関名（英語）": null, "観測開始年（西暦）": "1967", "同月": null, "観測機器名または観測項目": null }, "geometry": { "type": "Point", "coordinates": [ 138.1789, 36.6707 ] } },
{ "type": "Feature", "properties": { "観測の種類": "微小地震", "name": "足尾", "観測点名ローマ字": null, "観測点コード": "E.ASO", "緯度（度）": 36.6525, "経度（度）": 139.4565, "高さ（ｍ）": "720", "測器の深度（ｍ）": null, "維持管理機関名": "東京大学地震研究所", "維持管理機関名（英語）": null, "観測開始年（西暦）": "1995", "同月": "2", "観測機器名または観測項目": null }, "geometry": { "type": "Point", "coordinates": [ 139.4565, 36.6525 ] } },
{ "type": "Feature", "properties": { "観測の種類": "微小地震", "name": "黒沢", "観測点名ローマ字": null, "観測点コード": "E.KRO", "緯度（度）": 36.69, "経度（度）": 139.4947, "高さ（ｍ）": "865", "測器の深度（ｍ）": null, "維持管理機関名": "東京大学地震研究所", "維持管理機関名（英語）": null, "観測開始年（西暦）": "1990", "同月": "12", "観測機器名または観測項目": null }, "geometry": { "type": "Point", "coordinates": [ 139.4947, 36.69 ] } },
{ "type": "Feature", "properties": { "観測の種類": "微小地震", "name": "銀山平", "観測点名ローマ字": null, "観測点コード": "E.GNZ", "緯度（度）": 36.6563, "経度（度）": 139.409, "高さ（ｍ）": "880", "測器の深度（ｍ）": null, "維持管理機関名": "東京大学地震研究所", "維持管理機関名（英語）": null, "観測開始年（西暦）": "1991", "同月": "3", "観測機器名または観測項目": "CMG（地表）" }, "geometry": { "type": "Point", "coordinates": [ 139.409, 36.6563 ] } },
{ "type": "Feature", "properties": { "観測の種類": "微小地震", "name": "新井", "観測点名ローマ字": null, "観測点コード": "E.ARA2", "緯度（度）": 34.9713, "経度（度）": 139.1182, "高さ（ｍ）": "-145", "測器の深度（ｍ）": null, "維持管理機関名": "東京大学地震研究所", "維持管理機関名（英語）": null, "観測開始年（西暦）": "1997", "同月": "5", "観測機器名または観測項目": "ボアホール型強震計" }, "geometry": { "type": "Point", "coordinates": [ 139.1182, 34.9713 ] } },
{ "type": "Feature", "properties": { "観測の種類": "微小地震", "name": "川奈", "観測点名ローマ字": null, "観測点コード": "E.KAW", "緯度（度）": 34.9549, "経度（度）": 139.1423, "高さ（ｍ）": "5", "測器の深度（ｍ）": null, "維持管理機関名": "東京大学地震研究所", "維持管理機関名（英語）": null, "観測開始年（西暦）": "1987", "同月": "8", "観測機器名または観測項目": "CMG（地表）併設" }, "geometry": { "type": "Point", "coordinates": [ 139.1423, 34.9549 ] } },
{ "type": "Feature", "properties": { "観測の種類": "微小地震", "name": "小室山", "観測点名ローマ字": null, "観測点コード": "E.ITOO", "緯度（度）": 34.9416, "経度（度）": 139.1247, "高さ（ｍ）": "204", "測器の深度（ｍ）": null, "維持管理機関名": "東京大学地震研究所", "維持管理機関名（英語）": null, "観測開始年（西暦）": "1997", "同月": "5", "観測機器名または観測項目": "CMG（地表）併設" }, "geometry": { "type": "Point", "coordinates": [ 139.1247, 34.9416 ] } },
{ "type": "Feature", "properties": { "観測の種類": "微小地震", "name": "秋山", "観測点名ローマ字": null, "観測点コード": "E.AKY", "緯度（度）": 35.5743, "経度（度）": 139.0584, "高さ（ｍ）": "420", "測器の深度（ｍ）": null, "維持管理機関名": "東京大学地震研究所", "維持管理機関名（英語）": null, "観測開始年（西暦）": "1987", "同月": null, "観測機器名または観測項目": "CMG併設　" }, "geometry": { "type": "Point", "coordinates": [ 139.0584, 35.5743 ] } },
{ "type": "Feature", "properties": { "観測の種類": "微小地震", "name": "奥山", "観測点名ローマ字": null, "観測点コード": "E.OKY", "緯度（度）": 35.2305, "経度（度）": 138.4212, "高さ（ｍ）": "620", "測器の深度（ｍ）": null, "維持管理機関名": "東京大学地震研究所", "維持管理機関名（英語）": null, "観測開始年（西暦）": "1980", "同月": "9", "観測機器名または観測項目": null }, "geometry": { "type": "Point", "coordinates": [ 138.4212, 35.2305 ] } },
{ "type": "Feature", "properties": { "観測の種類": "微小地震", "name": "富士川２（地殻変動観測所）", "観測点名ローマ字": null, "観測点コード": "E.FCO2", "緯度（度）": 35.2349, "経度（度）": 138.469, "高さ（ｍ）": "123", "測器の深度（ｍ）": null, "維持管理機関名": "東京大学地震研究所", "維持管理機関名（英語）": null, "観測開始年（西暦）": "1973", "同月": "2", "観測機器名または観測項目": null }, "geometry": { "type": "Point", "coordinates": [ 138.469, 35.2349 ] } },
{ "type": "Feature", "properties": { "観測の種類": "微小地震", "name": "梅島２", "観測点名ローマ字": null, "観測点コード": "E.UMJ2", "緯度（度）": 35.1965, "経度（度）": 138.4949, "高さ（ｍ）": "250", "測器の深度（ｍ）": null, "維持管理機関名": "東京大学地震研究所", "維持管理機関名（英語）": null, "観測開始年（西暦）": "1978", "同月": "7", "観測機器名または観測項目": null }, "geometry": { "type": "Point", "coordinates": [ 138.4949, 35.1965 ] } },
{ "type": "Feature", "properties": { "観測の種類": "微小地震", "name": "由比", "観測点名ローマ字": null, "観測点コード": "E.YUI", "緯度（度）": 35.1357, "経度（度）": 138.5611, "高さ（ｍ）": "160", "測器の深度（ｍ）": null, "維持管理機関名": "東京大学地震研究所", "維持管理機関名（英語）": null, "観測開始年（西暦）": "2006", "同月": "12", "観測機器名または観測項目": null }, "geometry": { "type": "Point", "coordinates": [ 138.5611, 35.1357 ] } },
{ "type": "Feature", "properties": { "観測の種類": "微小地震", "name": "保科", "観測点名ローマ字": null, "観測点コード": "E.HSJ", "緯度（度）": 36.5871, "経度（度）": 138.2707, "高さ（ｍ）": "490", "測器の深度（ｍ）": null, "維持管理機関名": "東京大学地震研究所", "維持管理機関名（英語）": null, "観測開始年（西暦）": "1968", "同月": "7", "観測機器名または観測項目": null }, "geometry": { "type": "Point", "coordinates": [ 138.2707, 36.5871 ] } },
{ "type": "Feature", "properties": { "観測の種類": "微小地震", "name": "六合", "観測点名ローマ字": null, "観測点コード": "E.KUJ", "緯度（度）": 36.5747, "経度（度）": 138.6321, "高さ（ｍ）": "760", "測器の深度（ｍ）": null, "維持管理機関名": "東京大学地震研究所", "維持管理機関名（英語）": null, "観測開始年（西暦）": "1981", "同月": "6", "観測機器名または観測項目": "CMG（地表）併設" }, "geometry": { "type": "Point", "coordinates": [ 138.6321, 36.5747 ] } },
{ "type": "Feature", "properties": { "観測の種類": "微小地震", "name": "松川２", "観測点名ローマ字": null, "観測点コード": "E.MTU2", "緯度（度）": 36.4433, "経度（度）": 137.8366, "高さ（ｍ）": "656", "測器の深度（ｍ）": null, "維持管理機関名": "東京大学地震研究所", "維持管理機関名（英語）": null, "観測開始年（西暦）": "1981", "同月": "6", "観測機器名または観測項目": null }, "geometry": { "type": "Point", "coordinates": [ 137.8366, 36.4433 ] } },
{ "type": "Feature", "properties": { "観測の種類": "微小地震", "name": "朝日２", "観測点名ローマ字": null, "観測点コード": "E.ASI2 ", "緯度（度）": 36.1253, "経度（度）": 137.8502, "高さ（ｍ）": "845", "測器の深度（ｍ）": null, "維持管理機関名": "東京大学地震研究所", "維持管理機関名（英語）": null, "観測開始年（西暦）": "1982", "同月": "4", "観測機器名または観測項目": "CMG併設" }, "geometry": { "type": "Point", "coordinates": [ 137.8502, 36.1253 ] } },
{ "type": "Feature", "properties": { "観測の種類": "微小地震", "name": "戸隠", "観測点名ローマ字": null, "観測点コード": "E.TGA", "緯度（度）": 36.6624, "経度（度）": 138.0816, "高さ（ｍ）": "760", "測器の深度（ｍ）": null, "維持管理機関名": "東京大学地震研究所", "維持管理機関名（英語）": null, "観測開始年（西暦）": "1986", "同月": "9", "観測機器名または観測項目": null }, "geometry": { "type": "Point", "coordinates": [ 138.0816, 36.6624 ] } },
{ "type": "Feature", "properties": { "観測の種類": "微小地震", "name": "能生２", "観測点名ローマ字": null, "観測点コード": "E.NUJ2", "緯度（度）": 37.0519, "経度（度）": 138.0268, "高さ（ｍ）": "210", "測器の深度（ｍ）": null, "維持管理機関名": "東京大学地震研究所", "維持管理機関名（英語）": null, "観測開始年（西暦）": "1978", "同月": "10", "観測機器名または観測項目": "CMG（地表）" }, "geometry": { "type": "Point", "coordinates": [ 138.0268, 37.0519 ] } },
{ "type": "Feature", "properties": { "観測の種類": "微小地震", "name": "津南", "観測点名ローマ字": null, "観測点コード": "E.TNN", "緯度（度）": 36.9453, "経度（度）": 138.5915, "高さ（ｍ）": "450", "測器の深度（ｍ）": null, "維持管理機関名": "東京大学地震研究所", "維持管理機関名（英語）": null, "観測開始年（西暦）": "1987", "同月": "10", "観測機器名または観測項目": null }, "geometry": { "type": "Point", "coordinates": [ 138.5915, 36.9453 ] } },
{ "type": "Feature", "properties": { "観測の種類": "微小地震", "name": "赤玉", "観測点名ローマ字": null, "観測点コード": "E.AKD", "緯度（度）": 37.9958, "経度（度）": 138.533, "高さ（ｍ）": "60", "測器の深度（ｍ）": null, "維持管理機関名": "東京大学地震研究所", "維持管理機関名（英語）": null, "観測開始年（西暦）": "1984", "同月": "9", "観測機器名または観測項目": null }, "geometry": { "type": "Point", "coordinates": [ 138.533, 37.9958 ] } },
{ "type": "Feature", "properties": { "観測の種類": "微小地震", "name": "深浦", "観測点名ローマ字": null, "観測点コード": "E.FKA", "緯度（度）": 37.8216, "経度（度）": 138.2211, "高さ（ｍ）": "160", "測器の深度（ｍ）": null, "維持管理機関名": "東京大学地震研究所", "維持管理機関名（英語）": null, "観測開始年（西暦）": "1984", "同月": "9", "観測機器名または観測項目": null }, "geometry": { "type": "Point", "coordinates": [ 138.2211, 37.8216 ] } },
{ "type": "Feature", "properties": { "観測の種類": "微小地震", "name": "大佐渡", "観測点名ローマ字": null, "観測点コード": "E.OSD", "緯度（度）": 38.2453, "経度（度）": 138.4079, "高さ（ｍ）": "60", "測器の深度（ｍ）": null, "維持管理機関名": "東京大学地震研究所", "維持管理機関名（英語）": null, "観測開始年（西暦）": "1989", "同月": "5", "観測機器名または観測項目": "CMG（地表）併設" }, "geometry": { "type": "Point", "coordinates": [ 138.4079, 38.2453 ] } },
{ "type": "Feature", "properties": { "観測の種類": "微小地震", "name": "黒四", "観測点名ローマ字": null, "観測点コード": "E.KYJ", "緯度（度）": 36.5671, "経度（度）": 137.6661, "高さ（ｍ）": "1390", "測器の深度（ｍ）": null, "維持管理機関名": "東京大学地震研究所", "維持管理機関名（英語）": null, "観測開始年（西暦）": "1997", "同月": "5", "観測機器名または観測項目": null }, "geometry": { "type": "Point", "coordinates": [ 137.6661, 36.5671 ] } },
{ "type": "Feature", "properties": { "観測の種類": "微小地震", "name": "熊野", "観測点名ローマ字": null, "観測点コード": "E.KUM", "緯度（度）": 33.9575, "経度（度）": 136.1055, "高さ（ｍ）": "327", "測器の深度（ｍ）": null, "維持管理機関名": "東京大学地震研究所", "維持管理機関名（英語）": null, "観測開始年（西暦）": "1982", "同月": "4", "観測機器名または観測項目": null }, "geometry": { "type": "Point", "coordinates": [ 136.1055, 33.9575 ] } },
{ "type": "Feature", "properties": { "観測の種類": "微小地震", "name": "伊勢", "観測点名ローマ字": null, "観測点コード": "E.ISE", "緯度（度）": 34.4618, "経度（度）": 136.771, "高さ（ｍ）": "440", "測器の深度（ｍ）": null, "維持管理機関名": "東京大学地震研究所", "維持管理機関名（英語）": null, "観測開始年（西暦）": "1963", "同月": "10", "観測機器名または観測項目": null }, "geometry": { "type": "Point", "coordinates": [ 136.771, 34.4618 ] } },
{ "type": "Feature", "properties": { "観測の種類": "微小地震", "name": "猿谷", "観測点名ローマ字": null, "観測点コード": "E.SRT", "緯度（度）": 34.1934, "経度（度）": 135.7337, "高さ（ｍ）": "447", "測器の深度（ｍ）": null, "維持管理機関名": "東京大学地震研究所", "維持管理機関名（英語）": null, "観測開始年（西暦）": "1982", "同月": "4", "観測機器名または観測項目": null }, "geometry": { "type": "Point", "coordinates": [ 135.7337, 34.1934 ] } },
{ "type": "Feature", "properties": { "観測の種類": "微小地震", "name": "榛原", "観測点名ローマ字": null, "観測点コード": "E.HBR", "緯度（度）": 34.5061, "経度（度）": 135.9905, "高さ（ｍ）": "390", "測器の深度（ｍ）": null, "維持管理機関名": "東京大学地震研究所", "維持管理機関名（英語）": null, "観測開始年（西暦）": "1967", "同月": "12", "観測機器名または観測項目": null }, "geometry": { "type": "Point", "coordinates": [ 135.9905, 34.5061 ] } },
{ "type": "Feature", "properties": { "観測の種類": "微小地震", "name": "和歌山", "観測点名ローマ字": null, "観測点コード": "E.WKME", "緯度（度）": 34.1942, "経度（度）": 135.1645, "高さ（ｍ）": "5", "測器の深度（ｍ）": null, "維持管理機関名": "東京大学地震研究所", "維持管理機関名（英語）": null, "観測開始年（西暦）": "1978", "同月": "8", "観測機器名または観測項目": null }, "geometry": { "type": "Point", "coordinates": [ 135.1645, 34.1942 ] } },
{ "type": "Feature", "properties": { "観測の種類": "微小地震", "name": "和歌山城", "観測点名ローマ字": null, "観測点コード": "E.CWK", "緯度（度）": 34.2276, "経度（度）": 135.173, "高さ（ｍ）": "45", "測器の深度（ｍ）": null, "維持管理機関名": "東京大学地震研究所", "維持管理機関名（英語）": null, "観測開始年（西暦）": "2001", "同月": "4", "観測機器名または観測項目": null }, "geometry": { "type": "Point", "coordinates": [ 135.173, 34.2276 ] } },
{ "type": "Feature", "properties": { "観測の種類": "微小地震", "name": "岡崎", "観測点名ローマ字": null, "観測点コード": "E.OKZ", "緯度（度）": 34.2135, "経度（度）": 135.2093, "高さ（ｍ）": "10", "測器の深度（ｍ）": null, "維持管理機関名": "東京大学地震研究所", "維持管理機関名（英語）": null, "観測開始年（西暦）": "2001", "同月": "4", "観測機器名または観測項目": null }, "geometry": { "type": "Point", "coordinates": [ 135.2093, 34.2135 ] } },
{ "type": "Feature", "properties": { "観測の種類": "微小地震", "name": "生石山", "観測点名ローマ字": null, "観測点コード": "E.OIC", "緯度（度）": 34.102, "経度（度）": 135.3149, "高さ（ｍ）": "770", "測器の深度（ｍ）": null, "維持管理機関名": "東京大学地震研究所", "維持管理機関名（英語）": null, "観測開始年（西暦）": "1980", "同月": "8", "観測機器名または観測項目": null }, "geometry": { "type": "Point", "coordinates": [ 135.3149, 34.102 ] } },
{ "type": "Feature", "properties": { "観測の種類": "微小地震", "name": "有田２", "観測点名ローマ字": null, "観測点コード": "E.ARD2", "緯度（度）": 34.0892, "経度（度）": 135.1589, "高さ（ｍ）": "41", "測器の深度（ｍ）": null, "維持管理機関名": "東京大学地震研究所", "維持管理機関名（英語）": null, "観測開始年（西暦）": "1981", "同月": "4", "観測機器名または観測項目": null }, "geometry": { "type": "Point", "coordinates": [ 135.1589, 34.0892 ] } },
{ "type": "Feature", "properties": { "観測の種類": "微小地震", "name": "西脇", "観測点名ローマ字": null, "観測点コード": "E.NWK1", "緯度（度）": 34.2569, "経度（度）": 135.435, "高さ（ｍ）": "140", "測器の深度（ｍ）": null, "維持管理機関名": "東京大学地震研究所", "維持管理機関名（英語）": null, "観測開始年（西暦）": "1998", "同月": "8", "観測機器名または観測項目": null }, "geometry": { "type": "Point", "coordinates": [ 135.435, 34.2569 ] } },
{ "type": "Feature", "properties": { "観測の種類": "微小地震", "name": "日ノ岬", "観測点名ローマ字": null, "観測点コード": "E.HNM", "緯度（度）": 33.8855, "経度（度）": 135.0638, "高さ（ｍ）": "189", "測器の深度（ｍ）": null, "維持管理機関名": "東京大学地震研究所", "維持管理機関名（英語）": null, "観測開始年（西暦）": "1980", "同月": "8", "観測機器名または観測項目": null }, "geometry": { "type": "Point", "coordinates": [ 135.0638, 33.8855 ] } },
{ "type": "Feature", "properties": { "観測の種類": "微小地震", "name": "甲斐川", "観測点名ローマ字": null, "観測点コード": "E.KKW", "緯度（度）": 33.9042, "経度（度）": 135.4461, "高さ（ｍ）": "246", "測器の深度（ｍ）": null, "維持管理機関名": "東京大学地震研究所", "維持管理機関名（英語）": null, "観測開始年（西暦）": "1982", "同月": "4", "観測機器名または観測項目": "CMG（地表）" }, "geometry": { "type": "Point", "coordinates": [ 135.4461, 33.9042 ] } },
{ "type": "Feature", "properties": { "観測の種類": "微小地震", "name": "古座川", "観測点名ローマ字": null, "観測点コード": "E.KZG", "緯度（度）": 33.5403, "経度（度）": 135.7589, "高さ（ｍ）": "20", "測器の深度（ｍ）": null, "維持管理機関名": "東京大学地震研究所", "維持管理機関名（英語）": null, "観測開始年（西暦）": "1982", "同月": "4", "観測機器名または観測項目": null }, "geometry": { "type": "Point", "coordinates": [ 135.7589, 33.5403 ] } },
{ "type": "Feature", "properties": { "観測の種類": "微小地震", "name": "江住", "観測点名ローマ字": null, "観測点コード": "E.ESM", "緯度（度）": 33.5153, "経度（度）": 135.6001, "高さ（ｍ）": "10", "測器の深度（ｍ）": null, "維持管理機関名": "東京大学地震研究所", "維持管理機関名（英語）": null, "観測開始年（西暦）": "1992", "同月": "4", "観測機器名または観測項目": null }, "geometry": { "type": "Point", "coordinates": [ 135.6001, 33.5153 ] } },
{ "type": "Feature", "properties": { "観測の種類": "微小地震", "name": "白浜", "観測点名ローマ字": null, "観測点コード": "E.SHR", "緯度（度）": 33.6331, "経度（度）": 135.4061, "高さ（ｍ）": "170", "測器の深度（ｍ）": null, "維持管理機関名": "東京大学地震研究所", "維持管理機関名（英語）": null, "観測開始年（西暦）": "1982", "同月": "4", "観測機器名または観測項目": null }, "geometry": { "type": "Point", "coordinates": [ 135.4061, 33.6331 ] } },
{ "type": "Feature", "properties": { "観測の種類": "微小地震", "name": "本宮", "観測点名ローマ字": null, "観測点コード": "E.HGU", "緯度（度）": 33.8261, "経度（度）": 135.762, "高さ（ｍ）": "185", "測器の深度（ｍ）": null, "維持管理機関名": "東京大学地震研究所", "維持管理機関名（英語）": null, "観測開始年（西暦）": "1982", "同月": "4", "観測機器名または観測項目": null }, "geometry": { "type": "Point", "coordinates": [ 135.762, 33.8261 ] } },
{ "type": "Feature", "properties": { "観測の種類": "微小地震", "name": "勝浦", "観測点名ローマ字": null, "観測点コード": "E.KTU", "緯度（度）": 33.6554, "経度（度）": 135.9531, "高さ（ｍ）": "50", "測器の深度（ｍ）": null, "維持管理機関名": "東京大学地震研究所", "維持管理機関名（英語）": null, "観測開始年（西暦）": "1992", "同月": "4", "観測機器名または観測項目": null }, "geometry": { "type": "Point", "coordinates": [ 135.9531, 33.6554 ] } },
{ "type": "Feature", "properties": { "観測の種類": "微小地震", "name": "生石崎", "観測点名ローマ字": null, "観測点コード": "E.OZK", "緯度（度）": 34.2678, "経度（度）": 134.9498, "高さ（ｍ）": "112", "測器の深度（ｍ）": null, "維持管理機関名": "東京大学地震研究所", "維持管理機関名（英語）": null, "観測開始年（西暦）": "1981", "同月": "6", "観測機器名または観測項目": null }, "geometry": { "type": "Point", "coordinates": [ 134.9498, 34.2678 ] } },
{ "type": "Feature", "properties": { "観測の種類": "微小地震", "name": "沼島", "観測点名ローマ字": null, "観測点コード": "E.NSM", "緯度（度）": 34.1652, "経度（度）": 134.8287, "高さ（ｍ）": "119", "測器の深度（ｍ）": null, "維持管理機関名": "東京大学地震研究所", "維持管理機関名（英語）": null, "観測開始年（西暦）": "2000", "同月": "9", "観測機器名または観測項目": null }, "geometry": { "type": "Point", "coordinates": [ 134.8287, 34.1652 ] } },
{ "type": "Feature", "properties": { "観測の種類": "微小地震", "name": "明神山", "観測点名ローマ字": null, "観測点コード": "E.MJY", "緯度（度）": 33.8047, "経度（度）": 134.6439, "高さ（ｍ）": "380", "測器の深度（ｍ）": null, "維持管理機関名": "東京大学地震研究所", "維持管理機関名（英語）": null, "観測開始年（西暦）": "1981", "同月": "6", "観測機器名または観測項目": null }, "geometry": { "type": "Point", "coordinates": [ 134.6439, 33.8047 ] } },
{ "type": "Feature", "properties": { "観測の種類": "微小地震", "name": "白木", "観測点名ローマ字": null, "観測点コード": "E.SHK", "緯度（度）": 34.5361, "経度（度）": 132.6779, "高さ（ｍ）": "275", "測器の深度（ｍ）": null, "維持管理機関名": "東京大学地震研究所", "維持管理機関名（英語）": null, "観測開始年（西暦）": "1965", "同月": "7", "観測機器名または観測項目": "STS1試験観測中" }, "geometry": { "type": "Point", "coordinates": [ 132.6779, 34.5361 ] } },
{ "type": "Feature", "properties": { "観測の種類": "微小地震", "name": "北条", "観測点名ローマ字": null, "観測点コード": "E.HJO", "緯度（度）": 33.9332, "経度（度）": 132.8128, "高さ（ｍ）": "360", "測器の深度（ｍ）": null, "維持管理機関名": "東京大学地震研究所", "維持管理機関名（英語）": null, "観測開始年（西暦）": "1984", "同月": "3", "観測機器名または観測項目": null }, "geometry": { "type": "Point", "coordinates": [ 132.8128, 33.9332 ] } },
{ "type": "Feature", "properties": { "観測の種類": "微小地震", "name": "大鹿", "観測点名ローマ字": null, "観測点コード": "E.OOS2", "緯度（度）": 35.5887, "経度（度）": 138.0624, "高さ（ｍ）": "1050", "測器の深度（ｍ）": null, "維持管理機関名": "東京大学地震研究所", "維持管理機関名（英語）": null, "観測開始年（西暦）": "1977", "同月": "6", "観測機器名または観測項目": "L-4C" }, "geometry": { "type": "Point", "coordinates": [ 138.0624, 35.5887 ] } },
{ "type": "Feature", "properties": { "観測の種類": "微小地震", "name": "三河", "観測点名ローマ字": null, "観測点コード": "NU.MIK", "緯度（度）": 34.7659, "経度（度）": 137.467, "高さ（ｍ）": "76", "測器の深度（ｍ）": null, "維持管理機関名": "名古屋大学大学院環境学研究科", "維持管理機関名（英語）": null, "観測開始年（西暦）": "1977", "同月": "6", "観測機器名または観測項目": "STS-2" }, "geometry": { "type": "Point", "coordinates": [ 137.467, 34.7659 ] } },
{ "type": "Feature", "properties": { "観測の種類": "微小地震", "name": "新豊根", "観測点名ローマ字": null, "観測点コード": "NU.STN", "緯度（度）": 35.1387, "経度（度）": 137.7413, "高さ（ｍ）": "485", "測器の深度（ｍ）": null, "維持管理機関名": "名古屋大学大学院環境学研究科", "維持管理機関名（英語）": null, "観測開始年（西暦）": "1984", "同月": "12", "観測機器名または観測項目": "STS-2（99/10/15?）" }, "geometry": { "type": "Point", "coordinates": [ 137.7413, 35.1387 ] } },
{ "type": "Feature", "properties": { "観測の種類": "微小地震", "name": "犬山", "観測点名ローマ字": null, "観測点コード": "NU.INU1", "緯度（度）": 35.3532, "経度（度）": 137.0253, "高さ（ｍ）": "130", "測器の深度（ｍ）": null, "維持管理機関名": "名古屋大学大学院環境学研究科", "維持管理機関名（英語）": null, "観測開始年（西暦）": "1966", "同月": "6", "観測機器名または観測項目": "STS-2（99/2/7?）" }, "geometry": { "type": "Point", "coordinates": [ 137.0253, 35.3532 ] } },
{ "type": "Feature", "properties": { "観測の種類": "微小地震", "name": "付知", "観測点名ローマ字": null, "観測点コード": "NU.TKC2", "緯度（度）": 35.6553, "経度（度）": 137.4653, "高さ（ｍ）": "645", "測器の深度（ｍ）": null, "維持管理機関名": "名古屋大学大学院環境学研究科", "維持管理機関名（英語）": null, "観測開始年（西暦）": "1978", "同月": "4", "観測機器名または観測項目": "Trillium Compact" }, "geometry": { "type": "Point", "coordinates": [ 137.4653, 35.6553 ] } },
{ "type": "Feature", "properties": { "観測の種類": "微小地震", "name": "高根", "観測点名ローマ字": null, "観測点コード": "NU.TKN1", "緯度（度）": 35.9872, "経度（度）": 137.5297, "高さ（ｍ）": "1260", "測器の深度（ｍ）": null, "維持管理機関名": "名古屋大学大学院環境学研究科", "維持管理機関名（英語）": null, "観測開始年（西暦）": "1978", "同月": "1", "観測機器名または観測項目": "STS-2" }, "geometry": { "type": "Point", "coordinates": [ 137.5297, 35.9872 ] } },
{ "type": "Feature", "properties": { "観測の種類": "微小地震", "name": "牧尾", "観測点名ローマ字": null, "観測点コード": "NU.MKO1", "緯度（度）": 35.825, "経度（度）": 137.6018, "高さ（ｍ）": "885", "測器の深度（ｍ）": null, "維持管理機関名": "名古屋大学大学院環境学研究科", "維持管理機関名（英語）": null, "観測開始年（西暦）": "1979", "同月": "7", "観測機器名または観測項目": "CMG-3T" }, "geometry": { "type": "Point", "coordinates": [ 137.6018, 35.825 ] } },
{ "type": "Feature", "properties": { "観測の種類": "微小地震", "name": "宇賀渓", "観測点名ローマ字": null, "観測点コード": "NU.UGKC", "緯度（度）": 35.1084, "経度（度）": 136.4692, "高さ（ｍ）": "301", "測器の深度（ｍ）": null, "維持管理機関名": "名古屋大学大学院環境学研究科", "維持管理機関名（英語）": null, "観測開始年（西暦）": "1978", "同月": "4", "観測機器名または観測項目": "CMG-3T" }, "geometry": { "type": "Point", "coordinates": [ 136.4692, 35.1084 ] } },
{ "type": "Feature", "properties": { "観測の種類": "微小地震", "name": "開田高原", "観測点名ローマ字": null, "観測点コード": "NU.KID1", "緯度（度）": 35.9128, "経度（度）": 137.5453, "高さ（ｍ）": "1340", "測器の深度（ｍ）": null, "維持管理機関名": "名古屋大学大学院環境学研究科", "維持管理機関名（英語）": null, "観測開始年（西暦）": "1994", "同月": "9", "観測機器名または観測項目": "Le-3D/BH" }, "geometry": { "type": "Point", "coordinates": [ 137.5453, 35.9128 ] } },
{ "type": "Feature", "properties": { "観測の種類": "微小地震", "name": "豊田", "観測点名ローマ字": null, "観測点コード": "NU.TYD", "緯度（度）": 35.1163, "経度（度）": 137.2457, "高さ（ｍ）": "110", "測器の深度（ｍ）": null, "維持管理機関名": "名古屋大学大学院環境学研究科", "維持管理機関名（英語）": null, "観測開始年（西暦）": "1994", "同月": "7", "観測機器名または観測項目": "L-4C" }, "geometry": { "type": "Point", "coordinates": [ 137.2457, 35.1163 ] } },
{ "type": "Feature", "properties": { "観測の種類": "微小地震", "name": "清見", "観測点名ローマ字": null, "観測点コード": "NU.KYM2", "緯度（度）": 36.1156, "経度（度）": 137.1689, "高さ（ｍ）": "664", "測器の深度（ｍ）": null, "維持管理機関名": "名古屋大学大学院環境学研究科", "維持管理機関名（英語）": null, "観測開始年（西暦）": "2003", "同月": "4", "観測機器名または観測項目": "CMG-3T" }, "geometry": { "type": "Point", "coordinates": [ 137.1689, 36.1156 ] } },
{ "type": "Feature", "properties": { "観測の種類": "微小地震", "name": "三浦ダム", "観測点名ローマ字": null, "観測点コード": "NU.MUR", "緯度（度）": 35.8251, "経度（度）": 137.3923, "高さ（ｍ）": "1310", "測器の深度（ｍ）": null, "維持管理機関名": "名古屋大学大学院環境学研究科", "維持管理機関名（英語）": null, "観測開始年（西暦）": "2004", "同月": "11", "観測機器名または観測項目": "L-4C" }, "geometry": { "type": "Point", "coordinates": [ 137.3923, 35.8251 ] } },
{ "type": "Feature", "properties": { "観測の種類": "微小地震", "name": "濁河", "観測点名ローマ字": null, "観測点コード": "NU.NGR1", "緯度（度）": 35.9239, "経度（度）": 137.451, "高さ（ｍ）": "1797", "測器の深度（ｍ）": null, "維持管理機関名": "名古屋大学大学院環境学研究科", "維持管理機関名（英語）": null, "観測開始年（西暦）": "1996", "同月": "11", "観測機器名または観測項目": "L-4C" }, "geometry": { "type": "Point", "coordinates": [ 137.451, 35.9239 ] } },
{ "type": "Feature", "properties": { "観測の種類": "微小地震", "name": "一ノ瀬", "観測点名ローマ字": null, "観測点コード": "NU.ICS", "緯度（度）": 35.8224, "経度（度）": 137.4135, "高さ（ｍ）": "1130", "測器の深度（ｍ）": null, "維持管理機関名": "名古屋大学大学院環境学研究科", "維持管理機関名（英語）": null, "観測開始年（西暦）": "2016", "同月": "3", "観測機器名または観測項目": "Le-3D/BH" }, "geometry": { "type": "Point", "coordinates": [ 137.4135, 35.8224 ] } },
{ "type": "Feature", "properties": { "観測の種類": "微小地震", "name": "王滝の湯", "観測点名ローマ字": null, "観測点コード": "NU.OTY", "緯度（度）": 35.8399, "経度（度）": 137.5294, "高さ（ｍ）": "1232", "測器の深度（ｍ）": null, "維持管理機関名": "名古屋大学大学院環境学研究科", "維持管理機関名（英語）": null, "観測開始年（西暦）": "2016", "同月": "3", "観測機器名または観測項目": "CMG-3T" }, "geometry": { "type": "Point", "coordinates": [ 137.5294, 35.8399 ] } },
{ "type": "Feature", "properties": { "観測の種類": "微小地震", "name": "中の湯", "観測点名ローマ字": null, "観測点コード": "NU.NKY", "緯度（度）": 35.8956, "経度（度）": 137.5205, "高さ（ｍ）": "1810", "測器の深度（ｍ）": null, "維持管理機関名": "名古屋大学大学院環境学研究科", "維持管理機関名（英語）": null, "観測開始年（西暦）": "2016", "同月": "3", "観測機器名または観測項目": "CMG-3T" }, "geometry": { "type": "Point", "coordinates": [ 137.5205, 35.8956 ] } },
{ "type": "Feature", "properties": { "観測の種類": "微小地震", "name": "濁河SRC", "観測点名ローマ字": null, "観測点コード": "NU.NSRC", "緯度（度）": 35.9283, "経度（度）": 137.437, "高さ（ｍ）": "1575", "測器の深度（ｍ）": null, "維持管理機関名": "名古屋大学大学院環境学研究科", "維持管理機関名（英語）": null, "観測開始年（西暦）": "2017", "同月": "8", "観測機器名または観測項目": "CMG-3T/BH" }, "geometry": { "type": "Point", "coordinates": [ 137.437, 35.9283 ] } },
{ "type": "Feature", "properties": { "観測の種類": "微小地震", "name": "若栃", "観測点名ローマ字": null, "観測点コード": "NU.WKT", "緯度（度）": 35.8858, "経度（度）": 137.3229, "高さ（ｍ）": "747", "測器の深度（ｍ）": null, "維持管理機関名": "名古屋大学大学院環境学研究科", "維持管理機関名（英語）": null, "観測開始年（西暦）": "2016", "同月": "3", "観測機器名または観測項目": "Le-3D Mk-III" }, "geometry": { "type": "Point", "coordinates": [ 137.3229, 35.8858 ] } },
{ "type": "Feature", "properties": { "観測の種類": "微小地震", "name": "松原", "観測点名ローマ字": null, "観測点コード": "NU.MTB", "緯度（度）": 35.7995, "経度（度）": 137.5446, "高さ（ｍ）": "903", "測器の深度（ｍ）": null, "維持管理機関名": "名古屋大学大学院環境学研究科", "維持管理機関名（英語）": null, "観測開始年（西暦）": "2008", "同月": "3", "観測機器名または観測項目": "Le-3D Mk-II" }, "geometry": { "type": "Point", "coordinates": [ 137.5446, 35.7995 ] } },
{ "type": "Feature", "properties": { "観測の種類": "微小地震", "name": "上垂", "観測点名ローマ字": null, "観測点コード": "NU.KAD", "緯度（度）": 35.8955, "経度（度）": 137.6221, "高さ（ｍ）": "1102", "測器の深度（ｍ）": null, "維持管理機関名": "名古屋大学大学院環境学研究科", "維持管理機関名（英語）": null, "観測開始年（西暦）": "2008", "同月": "3", "観測機器名または観測項目": "Le-3D Mk-II" }, "geometry": { "type": "Point", "coordinates": [ 137.6221, 35.8955 ] } },
{ "type": "Feature", "properties": { "観測の種類": "微小地震", "name": "折橋", "観測点名ローマ字": null, "観測点コード": "NU.ORH", "緯度（度）": 35.9474, "経度（度）": 137.6655, "高さ（ｍ）": "1320", "測器の深度（ｍ）": null, "維持管理機関名": "名古屋大学大学院環境学研究科", "維持管理機関名（英語）": null, "観測開始年（西暦）": "2008", "同月": "3", "観測機器名または観測項目": "Le-3D Mk-II" }, "geometry": { "type": "Point", "coordinates": [ 137.6655, 35.9474 ] } },
{ "type": "Feature", "properties": { "観測の種類": "微小地震", "name": "川合トンネル", "観測点名ローマ字": null, "観測点コード": "NU.KWTN", "緯度（度）": 35.8221, "経度（度）": 137.6721, "高さ（ｍ）": "780", "測器の深度（ｍ）": null, "維持管理機関名": "名古屋大学大学院環境学研究科", "維持管理機関名（英語）": null, "観測開始年（西暦）": "2014", "同月": "10", "観測機器名または観測項目": "Le-3D Mk-II" }, "geometry": { "type": "Point", "coordinates": [ 137.6721, 35.8221 ] } },
{ "type": "Feature", "properties": { "観測の種類": "微小地震", "name": "幸沢川浄水場", "観測点名ローマ字": null, "観測点コード": "NU.KSJJ", "緯度（度）": 35.8746, "経度（度）": 137.6987, "高さ（ｍ）": "880", "測器の深度（ｍ）": null, "維持管理機関名": "名古屋大学大学院環境学研究科", "維持管理機関名（英語）": null, "観測開始年（西暦）": "2014", "同月": "10", "観測機器名または観測項目": "Le-3D Mk-II" }, "geometry": { "type": "Point", "coordinates": [ 137.6987, 35.8746 ] } },
{ "type": "Feature", "properties": { "観測の種類": "微小地震", "name": "塩沢温泉", "観測点名ローマ字": null, "観測点コード": "NU.SZON", "緯度（度）": 36.0497, "経度（度）": 137.4845, "高さ（ｍ）": "1070", "測器の深度（ｍ）": null, "維持管理機関名": "名古屋大学大学院環境学研究科", "維持管理機関名（英語）": null, "観測開始年（西暦）": "2015", "同月": "12", "観測機器名または観測項目": "Le-3D Mk-II" }, "geometry": { "type": "Point", "coordinates": [ 137.4845, 36.0497 ] } },
{ "type": "Feature", "properties": { "観測の種類": "微小地震", "name": "近江八幡", "観測点名ローマ字": null, "観測点コード": "DP.OHM", "緯度（度）": 35.177, "経度（度）": 136.0806, "高さ（ｍ）": "120", "測器の深度（ｍ）": null, "維持管理機関名": "京都大学防災研究所", "維持管理機関名（英語）": null, "観測開始年（西暦）": "1975", "同月": "4", "観測機器名または観測項目": "Sercel L4C-3D" }, "geometry": { "type": "Point", "coordinates": [ 136.0806, 35.177 ] } },
{ "type": "Feature", "properties": { "観測の種類": "微小地震", "name": "八木", "観測点名ローマ字": null, "観測点コード": "DP.YGI", "緯度（度）": 35.0713, "経度（度）": 135.5091, "高さ（ｍ）": "180", "測器の深度（ｍ）": null, "維持管理機関名": "京都大学防災研究所", "維持管理機関名（英語）": null, "観測開始年（西暦）": "1964", "同月": "10", "観測機器名または観測項目": "Sercel L4C-3D" }, "geometry": { "type": "Point", "coordinates": [ 135.5091, 35.0713 ] } },
{ "type": "Feature", "properties": { "観測の種類": "微小地震", "name": "京北", "観測点名ローマ字": null, "観測点コード": "DP.KHK", "緯度（度）": 35.1806, "経度（度）": 135.6595, "高さ（ｍ）": "260", "測器の深度（ｍ）": null, "維持管理機関名": "京都大学防災研究所", "維持管理機関名（英語）": null, "観測開始年（西暦）": "1963", "同月": "9", "観測機器名または観測項目": "Sercel L4C-3D" }, "geometry": { "type": "Point", "coordinates": [ 135.6595, 35.1806 ] } },
{ "type": "Feature", "properties": { "観測の種類": "微小地震", "name": "宇治田原", "観測点名ローマ字": null, "観測点コード": "DP.UJT", "緯度（度）": 34.8521, "経度（度）": 135.9048, "高さ（ｍ）": "290", "測器の深度（ｍ）": null, "維持管理機関名": "京都大学防災研究所", "維持管理機関名（英語）": null, "観測開始年（西暦）": "1992", "同月": "7", "観測機器名または観測項目": "Sercel L4C-3D" }, "geometry": { "type": "Point", "coordinates": [ 135.9048, 34.8521 ] } },
{ "type": "Feature", "properties": { "観測の種類": "微小地震", "name": "阿武山", "観測点名ローマ字": null, "観測点コード": "DP.ABU", "緯度（度）": 34.86, "経度（度）": 135.5735, "高さ（ｍ）": "138", "測器の深度（ｍ）": null, "維持管理機関名": "京都大学防災研究所", "維持管理機関名（英語）": null, "観測開始年（西暦）": "1992", "同月": "4", "観測機器名または観測項目": "Sercel L4C-3D" }, "geometry": { "type": "Point", "coordinates": [ 135.5735, 34.86 ] } },
{ "type": "Feature", "properties": { "観測の種類": "微小地震", "name": "妙見山", "観測点名ローマ字": null, "観測点コード": "DP.MYO", "緯度（度）": 34.9286, "経度（度）": 135.4677, "高さ（ｍ）": "640", "測器の深度（ｍ）": null, "維持管理機関名": "京都大学防災研究所", "維持管理機関名（英語）": null, "観測開始年（西暦）": "1963", "同月": "9", "観測機器名または観測項目": "Sercel L4C-3D" }, "geometry": { "type": "Point", "coordinates": [ 135.4677, 34.9286 ] } },
{ "type": "Feature", "properties": { "観測の種類": "微小地震", "name": "丹南", "観測点名ローマ字": null, "観測点コード": "DP.TNJ", "緯度（度）": 35.0346, "経度（度）": 135.2108, "高さ（ｍ）": "310", "測器の深度（ｍ）": null, "維持管理機関名": "京都大学防災研究所", "維持管理機関名（英語）": null, "観測開始年（西暦）": "1975", "同月": "3", "観測機器名または観測項目": "Sercel L4C-3D" }, "geometry": { "type": "Point", "coordinates": [ 135.2108, 35.0346 ] } },
{ "type": "Feature", "properties": { "観測の種類": "微小地震", "name": "六甲", "観測点名ローマ字": null, "観測点コード": "DP.RKO2", "緯度（度）": 34.738, "経度（度）": 135.1728, "高さ（ｍ）": "540", "測器の深度（ｍ）": null, "維持管理機関名": "京都大学防災研究所", "維持管理機関名（英語）": null, "観測開始年（西暦）": "2007", "同月": "5", "観測機器名または観測項目": "Sercel L4C-3D" }, "geometry": { "type": "Point", "coordinates": [ 135.1728, 34.738 ] } },
{ "type": "Feature", "properties": { "観測の種類": "微小地震", "name": "石井", "観測点名ローマ字": null, "観測点コード": "DP.ISI", "緯度（度）": 34.0606, "経度（度）": 134.4554, "高さ（ｍ）": "27", "測器の深度（ｍ）": null, "維持管理機関名": "京都大学防災研究所", "維持管理機関名（英語）": null, "観測開始年（西暦）": "1974", "同月": "10", "観測機器名または観測項目": "PK-110（勝島製作所）" }, "geometry": { "type": "Point", "coordinates": [ 134.4554, 34.0606 ] } },
{ "type": "Feature", "properties": { "観測の種類": "微小地震", "name": "上那賀", "観測点名ローマ字": null, "観測点コード": "DP.KMN", "緯度（度）": 33.7899, "経度（度）": 134.3031, "高さ（ｍ）": "280", "測器の深度（ｍ）": null, "維持管理機関名": "京都大学防災研究所", "維持管理機関名（英語）": null, "観測開始年（西暦）": "1974", "同月": "12", "観測機器名または観測項目": "PK-110（勝島製作所）" }, "geometry": { "type": "Point", "coordinates": [ 134.3031, 33.7899 ] } },
{ "type": "Feature", "properties": { "観測の種類": "微小地震", "name": "塩江", "観測点名ローマ字": null, "観測点コード": "DP.SON", "緯度（度）": 34.1602, "経度（度）": 134.0676, "高さ（ｍ）": "286", "測器の深度（ｍ）": null, "維持管理機関名": "京都大学防災研究所", "維持管理機関名（英語）": null, "観測開始年（西暦）": "1984", "同月": "3", "観測機器名または観測項目": "PK-110（勝島製作所）" }, "geometry": { "type": "Point", "coordinates": [ 134.0676, 34.1602 ] } },
{ "type": "Feature", "properties": { "観測の種類": "微小地震", "name": "七尾", "観測点名ローマ字": null, "観測点コード": "DP.NNJ", "緯度（度）": 36.985, "経度（度）": 136.9641, "高さ（ｍ）": "340", "測器の深度（ｍ）": null, "維持管理機関名": "京都大学防災研究所", "維持管理機関名（英語）": null, "観測開始年（西暦）": "1982", "同月": "11", "観測機器名または観測項目": "PK-110（勝島製作所）" }, "geometry": { "type": "Point", "coordinates": [ 136.9641, 36.985 ] } },
{ "type": "Feature", "properties": { "観測の種類": "微小地震", "name": "楡原", "観測点名ローマ字": null, "観測点コード": "DP.NRJ", "緯度（度）": 36.5161, "経度（度）": 137.2352, "高さ（ｍ）": "220", "測器の深度（ｍ）": null, "維持管理機関名": "京都大学防災研究所", "維持管理機関名（英語）": null, "観測開始年（西暦）": "1977", "同月": "5", "観測機器名または観測項目": "PK-110（勝島製作所）" }, "geometry": { "type": "Point", "coordinates": [ 137.2352, 36.5161 ] } },
{ "type": "Feature", "properties": { "観測の種類": "微小地震", "name": "上宝", "観測点名ローマ字": null, "観測点コード": "DP.KTJ", "緯度（度）": 36.2831, "経度（度）": 137.3239, "高さ（ｍ）": "760", "測器の深度（ｍ）": null, "維持管理機関名": "京都大学防災研究所", "維持管理機関名（英語）": null, "観測開始年（西暦）": "1969", "同月": "2", "観測機器名または観測項目": "PK-110（勝島製作所），1988.08.STS1併設" }, "geometry": { "type": "Point", "coordinates": [ 137.3239, 36.2831 ] } },
{ "type": "Feature", "properties": { "観測の種類": "微小地震", "name": "天生", "観測点名ローマ字": null, "観測点コード": "DP.AMJ", "緯度（度）": 36.254, "経度（度）": 137.026, "高さ（ｍ）": "605", "測器の深度（ｍ）": null, "維持管理機関名": "京都大学防災研究所", "維持管理機関名（英語）": null, "観測開始年（西暦）": "1977", "同月": "5", "観測機器名または観測項目": "Sercel L4C-3D" }, "geometry": { "type": "Point", "coordinates": [ 137.026, 36.254 ] } },
{ "type": "Feature", "properties": { "観測の種類": "微小地震", "name": "小松", "観測点名ローマ字": null, "観測点コード": "DP.KMJ", "緯度（度）": 36.3676, "経度（度）": 136.5028, "高さ（ｍ）": "70", "測器の深度（ｍ）": null, "維持管理機関名": "京都大学防災研究所", "維持管理機関名（英語）": null, "観測開始年（西暦）": "1976", "同月": "5", "観測機器名または観測項目": "Sercel L4C-3D" }, "geometry": { "type": "Point", "coordinates": [ 136.5028, 36.3676 ] } },
{ "type": "Feature", "properties": { "観測の種類": "微小地震", "name": "福井", "観測点名ローマ字": null, "観測点コード": "DP.FKJ", "緯度（度）": 36.0975, "経度（度）": 136.1222, "高さ（ｍ）": "80", "測器の深度（ｍ）": null, "維持管理機関名": "京都大学防災研究所", "維持管理機関名（英語）": null, "観測開始年（西暦）": "1974", "同月": "6", "観測機器名または観測項目": "Sercel L4C-3D" }, "geometry": { "type": "Point", "coordinates": [ 136.1222, 36.0975 ] } },
{ "type": "Feature", "properties": { "観測の種類": "微小地震", "name": "勝山", "観測点名ローマ字": null, "観測点コード": "DP.KAJ", "緯度（度）": 36.0511, "経度（度）": 136.5216, "高さ（ｍ）": "100", "測器の深度（ｍ）": null, "維持管理機関名": "京都大学防災研究所", "維持管理機関名（英語）": null, "観測開始年（西暦）": "1975", "同月": "6", "観測機器名または観測項目": "Sercel L4C-3D" }, "geometry": { "type": "Point", "coordinates": [ 136.5216, 36.0511 ] } },
{ "type": "Feature", "properties": { "観測の種類": "微小地震", "name": "今庄", "観測点名ローマ字": null, "観測点コード": "DP.IMJ", "緯度（度）": 35.8013, "経度（度）": 136.2996, "高さ（ｍ）": "240", "測器の深度（ｍ）": null, "維持管理機関名": "京都大学防災研究所", "維持管理機関名（英語）": null, "観測開始年（西暦）": "1972", "同月": "11", "観測機器名または観測項目": "Sercel L4C-3D" }, "geometry": { "type": "Point", "coordinates": [ 136.2996, 35.8013 ] } },
{ "type": "Feature", "properties": { "観測の種類": "微小地震", "name": "北陸", "観測点名ローマ字": null, "観測点コード": "DP.HKJ", "緯度（度）": 35.9406, "経度（度）": 136.2096, "高さ（ｍ）": "20", "測器の深度（ｍ）": null, "維持管理機関名": "京都大学防災研究所", "維持管理機関名（英語）": null, "観測開始年（西暦）": "1970", "同月": "10", "観測機器名または観測項目": "勝島、1Hz" }, "geometry": { "type": "Point", "coordinates": [ 136.2096, 35.9406 ] } },
{ "type": "Feature", "properties": { "観測の種類": "微小地震", "name": "浅井", "観測点名ローマ字": null, "観測点コード": "DP.AZJ", "緯度（度）": 35.4818, "経度（度）": 136.3169, "高さ（ｍ）": "260", "測器の深度（ｍ）": null, "維持管理機関名": "京都大学防災研究所", "維持管理機関名（英語）": null, "観測開始年（西暦）": "1971", "同月": "8", "観測機器名または観測項目": "Sercel L4C-3D" }, "geometry": { "type": "Point", "coordinates": [ 136.3169, 35.4818 ] } },
{ "type": "Feature", "properties": { "観測の種類": "微小地震", "name": "三日月", "観測点名ローマ字": null, "観測点コード": "DP.MZT", "緯度（度）": 34.9901, "経度（度）": 134.4445, "高さ（ｍ）": "150", "測器の深度（ｍ）": null, "維持管理機関名": "京都大学防災研究所", "維持管理機関名（英語）": null, "観測開始年（西暦）": "1963", "同月": "7", "観測機器名または観測項目": "Sercel L4C-3D" }, "geometry": { "type": "Point", "coordinates": [ 134.4445, 34.9901 ] } },
{ "type": "Feature", "properties": { "観測の種類": "微小地震", "name": "大屋", "観測点名ローマ字": null, "観測点コード": "DP.OYT", "緯度（度）": 35.3297, "経度（度）": 134.6617, "高さ（ｍ）": "180", "測器の深度（ｍ）": null, "維持管理機関名": "京都大学防災研究所", "維持管理機関名（英語）": null, "観測開始年（西暦）": "1969", "同月": "11", "観測機器名または観測項目": "Sercel L4C-3D" }, "geometry": { "type": "Point", "coordinates": [ 134.6617, 35.3297 ] } },
{ "type": "Feature", "properties": { "観測の種類": "微小地震", "name": "古法華", "観測点名ローマ字": null, "観測点コード": "DP.FBK", "緯度（度）": 34.8784, "経度（度）": 134.8068, "高さ（ｍ）": "90", "測器の深度（ｍ）": null, "維持管理機関名": "京都大学防災研究所", "維持管理機関名（英語）": null, "観測開始年（西暦）": "2014", "同月": "1", "観測機器名または観測項目": "Sercel L4C-3D" }, "geometry": { "type": "Point", "coordinates": [ 134.8068, 34.8784 ] } },
{ "type": "Feature", "properties": { "観測の種類": "微小地震", "name": "氷上", "観測点名ローマ字": null, "観測点コード": "DP.HMT", "緯度（度）": 35.2285, "経度（度）": 135.043, "高さ（ｍ）": "150", "測器の深度（ｍ）": null, "維持管理機関名": "京都大学防災研究所", "維持管理機関名（英語）": null, "観測開始年（西暦）": "1964", "同月": "8", "観測機器名または観測項目": "Sercel L4C-3D" }, "geometry": { "type": "Point", "coordinates": [ 135.043, 35.2285 ] } },
{ "type": "Feature", "properties": { "観測の種類": "微小地震", "name": "鳥取", "観測点名ローマ字": null, "観測点コード": "DP.TTT", "緯度（度）": 35.5179, "経度（度）": 134.2351, "高さ（ｍ）": "10", "測器の深度（ｍ）": null, "維持管理機関名": "京都大学防災研究所", "維持管理機関名（英語）": null, "観測開始年（西暦）": "1971", "同月": "8", "観測機器名または観測項目": "Sercel L4C-3D，1988.07.STS1併設" }, "geometry": { "type": "Point", "coordinates": [ 134.2351, 35.5179 ] } },
{ "type": "Feature", "properties": { "観測の種類": "微小地震", "name": "多里", "観測点名ローマ字": null, "観測点コード": "DP.TRT", "緯度（度）": 35.1054, "経度（度）": 133.199, "高さ（ｍ）": "480", "測器の深度（ｍ）": null, "維持管理機関名": "京都大学防災研究所", "維持管理機関名（英語）": null, "観測開始年（西暦）": "1980", "同月": "7", "観測機器名または観測項目": "Sercel L4C-3D" }, "geometry": { "type": "Point", "coordinates": [ 133.199, 35.1054 ] } },
{ "type": "Feature", "properties": { "観測の種類": "微小地震", "name": "久米", "観測点名ローマ字": null, "観測点コード": "DP.QMT", "緯度（度）": 35.0917, "経度（度）": 133.8464, "高さ（ｍ）": "330", "測器の深度（ｍ）": null, "維持管理機関名": "京都大学防災研究所", "維持管理機関名（英語）": null, "観測開始年（西暦）": "1980", "同月": "7", "観測機器名または観測項目": "Sercel L4C-3D" }, "geometry": { "type": "Point", "coordinates": [ 133.8464, 35.0917 ] } },
{ "type": "Feature", "properties": { "観測の種類": "微小地震", "name": "宮崎", "観測点名ローマ字": null, "観測点コード": "DP.MYZ", "緯度（度）": 31.8101, "経度（度）": 131.4346, "高さ（ｍ）": "13", "測器の深度（ｍ）": null, "維持管理機関名": "京都大学防災研究所", "維持管理機関名（英語）": null, "観測開始年（西暦）": "1987", "同月": "4", "観測機器名または観測項目": "PK-110（勝島製作所）" }, "geometry": { "type": "Point", "coordinates": [ 131.4346, 31.8101 ] } },
{ "type": "Feature", "properties": { "観測の種類": "微小地震", "name": "宿毛", "観測点名ローマ字": null, "観測点コード": "DP.SKM", "緯度（度）": 32.9506, "経度（度）": 132.8125, "高さ（ｍ）": "15", "測器の深度（ｍ）": null, "維持管理機関名": "京都大学防災研究所", "維持管理機関名（英語）": null, "観測開始年（西暦）": "1987", "同月": "4", "観測機器名または観測項目": "PK-110（勝島製作所）" }, "geometry": { "type": "Point", "coordinates": [ 132.8125, 32.9506 ] } },
{ "type": "Feature", "properties": { "観測の種類": "微小地震", "name": "串間", "観測点名ローマ字": null, "観測点コード": "DP.KSM", "緯度（度）": 31.5939, "経度（度）": 131.2106, "高さ（ｍ）": "200", "測器の深度（ｍ）": null, "維持管理機関名": "京都大学防災研究所", "維持管理機関名（英語）": null, "観測開始年（西暦）": "2015", "同月": "12", "観測機器名または観測項目": "PK-110（勝島製作所）" }, "geometry": { "type": "Point", "coordinates": [ 131.2106, 31.5939 ] } },
{ "type": "Feature", "properties": { "観測の種類": "微小地震", "name": "焼岳", "観測点名ローマ字": null, "観測点コード": "DP.YKE", "緯度（度）": 36.2578, "経度（度）": 137.5663, "高さ（ｍ）": "1150", "測器の深度（ｍ）": null, "維持管理機関名": "京都大学防災研究所", "維持管理機関名（英語）": null, "観測開始年（西暦）": "5-Jul", "同月": "8", "観測機器名または観測項目": "L4C-3D" }, "geometry": { "type": "Point", "coordinates": [ 137.5663, 36.2578 ] } },
{ "type": "Feature", "properties": { "観測の種類": "微小地震", "name": "朝倉", "観測点名ローマ字": null, "観測点コード": "AKR", "緯度（度）": 33.5471, "経度（度）": 133.4861, "高さ（ｍ）": "-25", "測器の深度（ｍ）": "35", "維持管理機関名": "高知大学理工学部", "維持管理機関名（英語）": null, "観測開始年（西暦）": "1982", "同月": "4", "観測機器名または観測項目": "（勝島）SD-112(1Hz，3成分），（東京測振）サーボ型VSE3成分" }, "geometry": { "type": "Point", "coordinates": [ 133.4861, 33.5471 ] } },
{ "type": "Feature", "properties": { "観測の種類": "微小地震", "name": "曙", "観測点名ローマ字": null, "観測点コード": "AKB", "緯度（度）": 33.5489, "経度（度）": 133.487, "高さ（ｍ）": "-183", "測器の深度（ｍ）": "192", "維持管理機関名": "高知大学理工学部", "維持管理機関名（英語）": null, "観測開始年（西暦）": "2023", "同月": "9", "観測機器名または観測項目": "（NSI）JEP -6A3(過減衰加速度計，3成分）" }, "geometry": { "type": "Point", "coordinates": [ 133.487, 33.5489 ] } },
{ "type": "Feature", "properties": { "観測の種類": "微小地震", "name": "若宮", "観測点名ローマ字": null, "観測点コード": "WMY", "緯度（度）": 33.6441, "経度（度）": 133.6745, "高さ（ｍ）": "150", "測器の深度（ｍ）": null, "維持管理機関名": "高知大学理工学部", "維持管理機関名（英語）": null, "観測開始年（西暦）": "1967", "同月": "4", "観測機器名または観測項目": "（勝島）PK-110 (1Hz，3成分）" }, "geometry": { "type": "Point", "coordinates": [ 133.6745, 33.6441 ] } },
{ "type": "Feature", "properties": { "観測の種類": "微小地震", "name": "石原", "観測点名ローマ字": null, "観測点コード": "IHR", "緯度（度）": 33.6913, "経度（度）": 133.4686, "高さ（ｍ）": "475", "測器の深度（ｍ）": null, "維持管理機関名": "高知大学理工学部", "維持管理機関名（英語）": null, "観測開始年（西暦）": "1967", "同月": "4", "観測機器名または観測項目": "（勝島）PK-110 (1Hz，3成分）" }, "geometry": { "type": "Point", "coordinates": [ 133.4686, 33.6913 ] } },
{ "type": "Feature", "properties": { "観測の種類": "微小地震", "name": "粟生", "観測点名ローマ字": null, "観測点コード": "AOU", "緯度（度）": 33.7956, "経度（度）": 133.768, "高さ（ｍ）": "485", "測器の深度（ｍ）": null, "維持管理機関名": "高知大学理工学部", "維持管理機関名（英語）": null, "観測開始年（西暦）": "1972", "同月": "4", "観測機器名または観測項目": "（勝島）PK-110 (1Hz，3成分）" }, "geometry": { "type": "Point", "coordinates": [ 133.768, 33.7956 ] } },
{ "type": "Feature", "properties": { "観測の種類": "微小地震", "name": "馬路", "観測点名ローマ字": null, "観測点コード": "UMJ", "緯度（度）": 33.5496, "経度（度）": 134.0444, "高さ（ｍ）": "270", "測器の深度（ｍ）": null, "維持管理機関名": "高知大学理工学部", "維持管理機関名（英語）": null, "観測開始年（西暦）": "1972", "同月": "4", "観測機器名または観測項目": "（勝島）PK-110 (1Hz，3成分），（東京測振）サーボ型VSE1成分" }, "geometry": { "type": "Point", "coordinates": [ 134.0444, 33.5496 ] } },
{ "type": "Feature", "properties": { "観測の種類": "微小地震", "name": "土居", "観測点名ローマ字": null, "観測点コード": "DOI", "緯度（度）": 33.9642, "経度（度）": 133.3949, "高さ（ｍ）": "100", "測器の深度（ｍ）": null, "維持管理機関名": "高知大学理工学部", "維持管理機関名（英語）": null, "観測開始年（西暦）": "1982", "同月": "4", "観測機器名または観測項目": "（勝島）PK-110 (1Hz，3成分）" }, "geometry": { "type": "Point", "coordinates": [ 133.3949, 33.9642 ] } },
{ "type": "Feature", "properties": { "観測の種類": "微小地震", "name": "室戸", "観測点名ローマ字": null, "観測点コード": "MUT", "緯度（度）": 33.265, "経度（度）": 134.1741, "高さ（ｍ）": "155", "測器の深度（ｍ）": null, "維持管理機関名": "高知大学理工学部", "維持管理機関名（英語）": null, "観測開始年（西暦）": "1983", "同月": "3", "観測機器名または観測項目": "（Lennartz）LE-3Dlite MkIII (1Hz，3成分)" }, "geometry": { "type": "Point", "coordinates": [ 134.1741, 33.265 ] } },
{ "type": "Feature", "properties": { "観測の種類": "微小地震", "name": "窪川", "観測点名ローマ字": null, "観測点コード": "KUB", "緯度（度）": 33.2388, "経度（度）": 133.116, "高さ（ｍ）": "250", "測器の深度（ｍ）": null, "維持管理機関名": "高知大学理工学部", "維持管理機関名（英語）": null, "観測開始年（西暦）": "1983", "同月": "3", "観測機器名または観測項目": "（勝島）PK-110 (1Hz，3成分）" }, "geometry": { "type": "Point", "coordinates": [ 133.116, 33.2388 ] } },
{ "type": "Feature", "properties": { "観測の種類": "微小地震", "name": "富岡", "観測点名ローマ字": "Tomioka", "観測点コード": "TMO", "緯度（度）": 32.5287, "経度（度）": 130.0327, "高さ（ｍ）": "5", "測器の深度（ｍ）": "17", "維持管理機関名": "九州大学大学院理学研究院", "維持管理機関名（英語）": null, "観測開始年（西暦）": "1985", "同月": "3", "観測機器名または観測項目": "1Hz振動技研TUSS" }, "geometry": { "type": "Point", "coordinates": [ 130.0327, 32.5287 ] } },
{ "type": "Feature", "properties": { "観測の種類": "微小地震", "name": "竹田", "観測点名ローマ字": "Takeda", "観測点コード": "TKD", "緯度（度）": 32.8178, "経度（度）": 131.3876, "高さ（ｍ）": "751", "測器の深度（ｍ）": null, "維持管理機関名": "九州大学大学院理学研究院", "維持管理機関名（英語）": null, "観測開始年（西暦）": "1990", "同月": "3", "観測機器名または観測項目": "1Hz振動技研MTD" }, "geometry": { "type": "Point", "coordinates": [ 131.3876, 32.8178 ] } },
{ "type": "Feature", "properties": { "観測の種類": "微小地震", "name": "大牟田", "観測点名ローマ字": "Omuta", "観測点コード": "OMT", "緯度（度）": 33.0672, "経度（度）": 130.4537, "高さ（ｍ）": "10", "測器の深度（ｍ）": "50", "維持管理機関名": "九州大学大学院理学研究院", "維持管理機関名（英語）": null, "観測開始年（西暦）": "1986", "同月": "3", "観測機器名または観測項目": "1Hz振動技研TUSS" }, "geometry": { "type": "Point", "coordinates": [ 130.4537, 33.0672 ] } },
{ "type": "Feature", "properties": { "観測の種類": "微小地震", "name": "佐賀関", "観測点名ローマ字": "Saganoseki", "観測点コード": "SGS", "緯度（度）": 33.232, "経度（度）": 131.8551, "高さ（ｍ）": "100", "測器の深度（ｍ）": null, "維持管理機関名": "九州大学大学院理学研究院", "維持管理機関名（英語）": null, "観測開始年（西暦）": "1994", "同月": "3", "観測機器名または観測項目": "1Hz振動技研MTD" }, "geometry": { "type": "Point", "coordinates": [ 131.8551, 33.232 ] } },
{ "type": "Feature", "properties": { "観測の種類": "微小地震", "name": "熊本", "観測点名ローマ字": "Kumamoto", "観測点コード": "KMP", "緯度（度）": 32.8198, "経度（度）": 130.6227, "高さ（ｍ）": "150", "測器の深度（ｍ）": "25", "維持管理機関名": "九州大学大学院理学研究院", "維持管理機関名（英語）": null, "観測開始年（西暦）": "1986", "同月": "3", "観測機器名または観測項目": "1Hz振動技研TUSS" }, "geometry": { "type": "Point", "coordinates": [ 130.6227, 32.8198 ] } },
{ "type": "Feature", "properties": { "観測の種類": "微小地震", "name": "牛深", "観測点名ローマ字": "Ushibuka", "観測点コード": "USB", "緯度（度）": 32.2363, "経度（度）": 130.0256, "高さ（ｍ）": "230", "測器の深度（ｍ）": null, "維持管理機関名": "九州大学大学院理学研究院", "維持管理機関名（英語）": null, "観測開始年（西暦）": "1990", "同月": "3", "観測機器名または観測項目": "1Hz振動技研MTD" }, "geometry": { "type": "Point", "coordinates": [ 130.0256, 32.2363 ] } },
{ "type": "Feature", "properties": { "観測の種類": "微小地震", "name": "野母崎", "観測点名ローマ字": "Nomozaki", "観測点コード": "NMO", "緯度（度）": 32.5983, "経度（度）": 129.7871, "高さ（ｍ）": "54", "測器の深度（ｍ）": null, "維持管理機関名": "九州大学大学院理学研究院", "維持管理機関名（英語）": null, "観測開始年（西暦）": "1987", "同月": "3", "観測機器名または観測項目": "1Hz振動技研MTD" }, "geometry": { "type": "Point", "coordinates": [ 129.7871, 32.5983 ] } },
{ "type": "Feature", "properties": { "観測の種類": "微小地震", "name": "中津", "観測点名ローマ字": "Nakatsu", "観測点コード": "NKT", "緯度（度）": 33.4701, "経度（度）": 131.3062, "高さ（ｍ）": "168", "測器の深度（ｍ）": null, "維持管理機関名": "九州大学大学院理学研究院", "維持管理機関名（英語）": null, "観測開始年（西暦）": "1992", "同月": "3", "観測機器名または観測項目": "1Hz振動技研MTD" }, "geometry": { "type": "Point", "coordinates": [ 131.3062, 33.4701 ] } },
{ "type": "Feature", "properties": { "観測の種類": "微小地震", "name": "五木", "観測点名ローマ字": "Itsuki", "観測点コード": "ITK", "緯度（度）": 32.3991, "経度（度）": 130.7716, "高さ（ｍ）": "485", "測器の深度（ｍ）": null, "維持管理機関名": "九州大学大学院理学研究院", "維持管理機関名（英語）": null, "観測開始年（西暦）": "1987", "同月": "3", "観測機器名または観測項目": "1Hz振動技研MTD" }, "geometry": { "type": "Point", "coordinates": [ 130.7716, 32.3991 ] } },
{ "type": "Feature", "properties": { "観測の種類": "微小地震", "name": "背振", "観測点名ローマ字": "Seburi", "観測点コード": "SBR", "緯度（度）": 33.5057, "経度（度）": 130.2532, "高さ（ｍ）": "250", "測器の深度（ｍ）": null, "維持管理機関名": "九州大学大学院理学研究院", "維持管理機関名（英語）": null, "観測開始年（西暦）": "1993", "同月": "3", "観測機器名または観測項目": "1Hz振動技研MTD" }, "geometry": { "type": "Point", "coordinates": [ 130.2532, 33.5057 ] } },
{ "type": "Feature", "properties": { "観測の種類": "微小地震", "name": "栖本", "観測点名ローマ字": "Sumoto", "観測点コード": "SMT", "緯度（度）": 32.4327, "経度（度）": 130.311, "高さ（ｍ）": "340", "測器の深度（ｍ）": null, "維持管理機関名": "九州大学大学院理学研究院", "維持管理機関名（英語）": null, "観測開始年（西暦）": "1989", "同月": "3", "観測機器名または観測項目": "1Hz振動技研MTD， 広帯域STS2" }, "geometry": { "type": "Point", "coordinates": [ 130.311, 32.4327 ] } },
{ "type": "Feature", "properties": { "観測の種類": "微小地震", "name": "鯛生", "観測点名ローマ字": "Taio", "観測点コード": "TAI", "緯度（度）": 33.131, "経度（度）": 130.8696, "高さ（ｍ）": "540", "測器の深度（ｍ）": null, "維持管理機関名": "九州大学大学院理学研究院", "維持管理機関名（英語）": null, "観測開始年（西暦）": "1988", "同月": "3", "観測機器名または観測項目": "1Hz振動技研MTD" }, "geometry": { "type": "Point", "coordinates": [ 130.8696, 33.131 ] } },
{ "type": "Feature", "properties": { "観測の種類": "微小地震", "name": "平戸", "観測点名ローマ字": "Hirado", "観測点コード": "HIR", "緯度（度）": 33.3497, "経度（度）": 129.49, "高さ（ｍ）": "85", "測器の深度（ｍ）": null, "維持管理機関名": "九州大学大学院理学研究院", "維持管理機関名（英語）": null, "観測開始年（西暦）": "1994", "同月": "3", "観測機器名または観測項目": "1Hz振動技研MTD， 広帯域STS2" }, "geometry": { "type": "Point", "coordinates": [ 129.49, 33.3497 ] } },
{ "type": "Feature", "properties": { "観測の種類": "微小地震", "name": "西都", "観測点名ローマ字": "Saito", "観測点コード": "STO", "緯度（度）": 32.2753, "経度（度）": 131.5007, "高さ（ｍ）": "230", "測器の深度（ｍ）": null, "維持管理機関名": "九州大学大学院理学研究院", "維持管理機関名（英語）": null, "観測開始年（西暦）": "1996", "同月": "3", "観測機器名または観測項目": "1Hz振動技研MTD， 広帯域STS2" }, "geometry": { "type": "Point", "coordinates": [ 131.5007, 32.2753 ] } },
{ "type": "Feature", "properties": { "観測の種類": "微小地震", "name": "福江", "観測点名ローマ字": "Fukue", "観測点コード": "FUK", "緯度（度）": 32.7178, "経度（度）": 128.7572, "高さ（ｍ）": "75", "測器の深度（ｍ）": null, "維持管理機関名": "九州大学大学院理学研究院", "維持管理機関名（英語）": null, "観測開始年（西暦）": "1996", "同月": "3", "観測機器名または観測項目": "1Hz振動技研MTD" }, "geometry": { "type": "Point", "coordinates": [ 128.7572, 32.7178 ] } },
{ "type": "Feature", "properties": { "観測の種類": "微小地震", "name": "北九州", "観測点名ローマ字": "Kitakyushu", "観測点コード": "KTK", "緯度（度）": 33.7433, "経度（度）": 130.8345, "高さ（ｍ）": "210", "測器の深度（ｍ）": null, "維持管理機関名": "九州大学大学院理学研究院", "維持管理機関名（英語）": null, "観測開始年（西暦）": "1996", "同月": "4", "観測機器名または観測項目": "1Hz振動技研MTD， 広帯域STS2" }, "geometry": { "type": "Point", "coordinates": [ 130.8345, 33.7433 ] } },
{ "type": "Feature", "properties": { "観測の種類": "微小地震", "name": "桜島", "観測点名ローマ字": "Sakurajima", "観測点コード": "SAKR", "緯度（度）": 31.5564, "経度（度）": 130.6634, "高さ（ｍ）": "92", "測器の深度（ｍ）": null, "維持管理機関名": "鹿児島大学大学院理工学研究科", "維持管理機関名（英語）": null, "観測開始年（西暦）": "1989", "同月": "12", "観測機器名または観測項目": "Mark L-4C-3D" }, "geometry": { "type": "Point", "coordinates": [ 130.6634, 31.5564 ] } },
{ "type": "Feature", "properties": { "観測の種類": "微小地震", "name": "長屋山", "観測点名ローマ字": "Choyasan", "観測点コード": "CHOY", "緯度（度）": 31.3877, "経度（度）": 130.2585, "高さ（ｍ）": "297", "測器の深度（ｍ）": null, "維持管理機関名": "鹿児島大学大学院理工学研究科", "維持管理機関名（英語）": null, "観測開始年（西暦）": "1990", "同月": "7", "観測機器名または観測項目": "Sercel L-4C-3D" }, "geometry": { "type": "Point", "coordinates": [ 130.2585, 31.3877 ] } },
{ "type": "Feature", "properties": { "観測の種類": "微小地震", "name": "甑島", "観測点名ローマ字": "Koshikijima", "観測点コード": "KOSK", "緯度（度）": 31.6274, "経度（度）": 129.6913, "高さ（ｍ）": "157", "測器の深度（ｍ）": null, "維持管理機関名": "鹿児島大学大学院理工学研究科", "維持管理機関名（英語）": null, "観測開始年（西暦）": "1993", "同月": "3", "観測機器名または観測項目": "勝島 PMK110" }, "geometry": { "type": "Point", "coordinates": [ 129.6913, 31.6274 ] } },
{ "type": "Feature", "properties": { "観測の種類": "微小地震", "name": "永田", "観測点名ローマ字": "Nagata", "観測点コード": "NAGT", "緯度（度）": 30.3777, "経度（度）": 130.4109, "高さ（ｍ）": "305", "測器の深度（ｍ）": null, "維持管理機関名": "鹿児島大学大学院理工学研究科", "維持管理機関名（英語）": null, "観測開始年（西暦）": "1993", "同月": "3", "観測機器名または観測項目": "勝島 PMK110" }, "geometry": { "type": "Point", "coordinates": [ 130.4109, 30.3777 ] } },
{ "type": "Feature", "properties": { "観測の種類": "微小地震", "name": "串間", "観測点名ローマ字": "Kushima", "観測点コード": "KUSM", "緯度（度）": 31.4323, "経度（度）": 131.3117, "高さ（ｍ）": "125", "測器の深度（ｍ）": null, "維持管理機関名": "鹿児島大学大学院理工学研究科", "維持管理機関名（英語）": null, "観測開始年（西暦）": "1994", "同月": "3", "観測機器名または観測項目": "勝島 PMK110" }, "geometry": { "type": "Point", "coordinates": [ 131.3117, 31.4323 ] } },
{ "type": "Feature", "properties": { "観測の種類": "微小地震", "name": "吉松", "観測点名ローマ字": "Yoshimatsu", "観測点コード": "YOSM", "緯度（度）": 32.0312, "経度（度）": 130.7342, "高さ（ｍ）": "240", "測器の深度（ｍ）": null, "維持管理機関名": "鹿児島大学大学院理工学研究科", "維持管理機関名（英語）": null, "観測開始年（西暦）": "1994", "同月": "3", "観測機器名または観測項目": "Sercel L-4C-3D" }, "geometry": { "type": "Point", "coordinates": [ 130.7342, 32.0312 ] } },
{ "type": "Feature", "properties": { "観測の種類": "微小地震", "name": "佐多", "観測点名ローマ字": "Sata", "観測点コード": "SATA", "緯度（度）": 31.1537, "経度（度）": 130.8237, "高さ（ｍ）": "338", "測器の深度（ｍ）": null, "維持管理機関名": "鹿児島大学大学院理工学研究科", "維持管理機関名（英語）": null, "観測開始年（西暦）": "1996", "同月": "3", "観測機器名または観測項目": "Mark L-4C-3D" }, "geometry": { "type": "Point", "coordinates": [ 130.8237, 31.1537 ] } },
{ "type": "Feature", "properties": { "観測の種類": "微小地震", "name": "高隈", "観測点名ローマ字": "Takakuma", "観測点コード": "TKAK", "緯度（度）": 31.5159, "経度（度）": 130.783, "高さ（ｍ）": "535", "測器の深度（ｍ）": null, "維持管理機関名": "鹿児島大学大学院理工学研究科", "維持管理機関名（英語）": null, "観測開始年（西暦）": "1996", "同月": "3", "観測機器名または観測項目": "Sercel L-4C-3D" }, "geometry": { "type": "Point", "coordinates": [ 130.783, 31.5159 ] } },
{ "type": "Feature", "properties": { "観測の種類": "微小地震", "name": "高岡", "観測点名ローマ字": "Takaoka", "観測点コード": "TKAO", "緯度（度）": 31.893, "経度（度）": 131.2316, "高さ（ｍ）": "85", "測器の深度（ｍ）": null, "維持管理機関名": "鹿児島大学大学院理工学研究科", "維持管理機関名（英語）": null, "観測開始年（西暦）": "1996", "同月": "3", "観測機器名または観測項目": "勝島 PMK110" }, "geometry": { "type": "Point", "coordinates": [ 131.2316, 31.893 ] } },
{ "type": "Feature", "properties": { "観測の種類": "微小地震", "name": "紫尾山", "観測点名ローマ字": "Shibisan", "観測点コード": "SIBI", "緯度（度）": 31.9715, "経度（度）": 130.3503, "高さ（ｍ）": "665", "測器の深度（ｍ）": null, "維持管理機関名": "鹿児島大学大学院理工学研究科", "維持管理機関名（英語）": null, "観測開始年（西暦）": "1996", "同月": "3", "観測機器名または観測項目": "勝島 PMK110" }, "geometry": { "type": "Point", "coordinates": [ 130.3503, 31.9715 ] } },
{ "type": "Feature", "properties": { "観測の種類": "微小地震", "name": "黒島", "観測点名ローマ字": "Kuroshima", "観測点コード": "KURO", "緯度（度）": 30.8381, "経度（度）": 129.9206, "高さ（ｍ）": "140", "測器の深度（ｍ）": null, "維持管理機関名": "鹿児島大学大学院理工学研究科", "維持管理機関名（英語）": null, "観測開始年（西暦）": "1996", "同月": "3", "観測機器名または観測項目": "Sercel L-4C-3D" }, "geometry": { "type": "Point", "coordinates": [ 129.9206, 30.8381 ] } },
{ "type": "Feature", "properties": { "観測の種類": "海底地震", "name": "三陸沖１", "観測点名ローマ字": null, "観測点コード": "E.SOB1", "緯度（度）": 39.1667, "経度（度）": 143.2392, "高さ（ｍ）": null, "測器の深度（ｍ）": "2480", "維持管理機関名": "東京大学地震研究所", "維持管理機関名（英語）": null, "観測開始年（西暦）": "1996", "同月": "6", "観測機器名または観測項目": null }, "geometry": { "type": "Point", "coordinates": [ 143.2392, 39.1667 ] } },
{ "type": "Feature", "properties": { "観測の種類": "海底地震", "name": "三陸沖２", "観測点名ローマ字": null, "観測点コード": "E.SOB2", "緯度（度）": 39.2029, "経度（度）": 142.9843, "高さ（ｍ）": null, "測器の深度（ｍ）": "1840", "維持管理機関名": "東京大学地震研究所", "維持管理機関名（英語）": null, "観測開始年（西暦）": "1996", "同月": "6", "観測機器名または観測項目": null }, "geometry": { "type": "Point", "coordinates": [ 142.9843, 39.2029 ] } },
{ "type": "Feature", "properties": { "観測の種類": "海底地震", "name": "三陸沖３", "観測点名ローマ字": null, "観測点コード": "E.SOB3", "緯度（度）": 39.2451, "経度（度）": 142.498, "高さ（ｍ）": null, "測器の深度（ｍ）": "1057", "維持管理機関名": "東京大学地震研究所", "維持管理機関名（英語）": null, "観測開始年（西暦）": "1996", "同月": "6", "観測機器名または観測項目": null }, "geometry": { "type": "Point", "coordinates": [ 142.498, 39.2451 ] } },
{ "type": "Feature", "properties": { "観測の種類": "海底地震", "name": "新三陸沖１", "観測点名ローマ字": null, "観測点コード": "E.YOB1", "緯度（度）": 39.1597, "経度（度）": 142.2056, "高さ（ｍ）": null, "測器の深度（ｍ）": "495", "維持管理機関名": "東京大学地震研究所", "維持管理機関名（英語）": null, "観測開始年（西暦）": "2015", "同月": "10", "観測機器名または観測項目": null }, "geometry": { "type": "Point", "coordinates": [ 142.2056, 39.1597 ] } },
{ "type": "Feature", "properties": { "観測の種類": "海底地震", "name": "新三陸沖２", "観測点名ローマ字": null, "観測点コード": "E.YOB2", "緯度（度）": 39.0645, "経度（度）": 142.6396, "高さ（ｍ）": null, "測器の深度（ｍ）": "1188", "維持管理機関名": "東京大学地震研究所", "維持管理機関名（英語）": null, "観測開始年（西暦）": "2015", "同月": "10", "観測機器名または観測項目": null }, "geometry": { "type": "Point", "coordinates": [ 142.6396, 39.0645 ] } },
{ "type": "Feature", "properties": { "観測の種類": "海底地震", "name": "新三陸沖３", "観測点名ローマ字": null, "観測点コード": "E.YOB3", "緯度（度）": 39.0056, "経度（度）": 142.9736, "高さ（ｍ）": null, "測器の深度（ｍ）": "1573", "維持管理機関名": "東京大学地震研究所", "維持管理機関名（英語）": null, "観測開始年（西暦）": "2015", "同月": "10", "観測機器名または観測項目": null }, "geometry": { "type": "Point", "coordinates": [ 142.9736, 39.0056 ] } },
{ "type": "Feature", "properties": { "観測の種類": "高感度", "name": "猿払北", "観測点名ローマ字": "SARUFUTSU-N", "観測点コード": "N.SFNH", "緯度（度）": 45.3346, "経度（度）": 142.1185, "高さ（ｍ）": "20", "測器の深度（ｍ）": "102", "維持管理機関名": "防災科学技術研究所", "維持管理機関名（英語）": "NIED", "観測開始年（西暦）": "2000", "同月": "3", "観測機器名または観測項目": "短周期地震計" }, "geometry": { "type": "Point", "coordinates": [ 142.1185, 45.3346 ] } },
{ "type": "Feature", "properties": { "観測の種類": "高感度", "name": "猿払南", "観測点名ローマ字": "SARUFUTSU-S", "観測点コード": "N.SFSH", "緯度（度）": 45.2163, "経度（度）": 142.2254, "高さ（ｍ）": "5", "測器の深度（ｍ）": "102", "維持管理機関名": "防災科学技術研究所", "維持管理機関名（英語）": "NIED", "観測開始年（西暦）": "2000", "同月": "3", "観測機器名または観測項目": "短周期地震計" }, "geometry": { "type": "Point", "coordinates": [ 142.2254, 45.2163 ] } },
{ "type": "Feature", "properties": { "観測の種類": "高感度", "name": "稚内西", "観測点名ローマ字": "WAKKANAI-W", "観測点コード": "N.WNWH", "緯度（度）": 45.2531, "経度（度）": 141.6334, "高さ（ｍ）": "8", "測器の深度（ｍ）": "139", "維持管理機関名": "防災科学技術研究所", "維持管理機関名（英語）": "NIED", "観測開始年（西暦）": "2000", "同月": "3", "観測機器名または観測項目": "短周期地震計" }, "geometry": { "type": "Point", "coordinates": [ 141.6334, 45.2531 ] } },
{ "type": "Feature", "properties": { "観測の種類": "高感度", "name": "稚内東", "観測点名ローマ字": "WAKKANAI-E", "観測点コード": "N.WNEH", "緯度（度）": 45.2303, "経度（度）": 141.8806, "高さ（ｍ）": "30", "測器の深度（ｍ）": "205", "維持管理機関名": "防災科学技術研究所", "維持管理機関名（英語）": "NIED", "観測開始年（西暦）": "2000", "同月": "3", "観測機器名または観測項目": "短周期地震計" }, "geometry": { "type": "Point", "coordinates": [ 141.8806, 45.2303 ] } },
{ "type": "Feature", "properties": { "観測の種類": "高感度", "name": "稚内北", "観測点名ローマ字": "WAKKANAI-N", "観測点コード": "N.WNNH", "緯度（度）": 45.4883, "経度（度）": 141.885, "高さ（ｍ）": "45", "測器の深度（ｍ）": "204", "維持管理機関名": "防災科学技術研究所", "維持管理機関名（英語）": "NIED", "観測開始年（西暦）": "2001", "同月": "3", "観測機器名または観測項目": "短周期地震計" }, "geometry": { "type": "Point", "coordinates": [ 141.885, 45.4883 ] } },
{ "type": "Feature", "properties": { "観測の種類": "高感度", "name": "豊富", "観測点名ローマ字": "TOYOTOMI", "観測点コード": "N.TYTH", "緯度（度）": 45.1019, "経度（度）": 141.7831, "高さ（ｍ）": "15", "測器の深度（ｍ）": "137", "維持管理機関名": "防災科学技術研究所", "維持管理機関名（英語）": "NIED", "観測開始年（西暦）": "2001", "同月": "3", "観測機器名または観測項目": "短周期地震計" }, "geometry": { "type": "Point", "coordinates": [ 141.7831, 45.1019 ] } },
{ "type": "Feature", "properties": { "観測の種類": "高感度", "name": "浜頓別", "観測点名ローマ字": "HAMATONBETSU", "観測点コード": "N.HTBH", "緯度（度）": 45.1001, "経度（度）": 142.4307, "高さ（ｍ）": "7", "測器の深度（ｍ）": "152", "維持管理機関名": "防災科学技術研究所", "維持管理機関名（英語）": "NIED", "観測開始年（西暦）": "2001", "同月": "3", "観測機器名または観測項目": "短周期地震計" }, "geometry": { "type": "Point", "coordinates": [ 142.4307, 45.1001 ] } },
{ "type": "Feature", "properties": { "観測の種類": "高感度", "name": "中頓別", "観測点名ローマ字": "NAKATONBETSU", "観測点コード": "N.NTBH", "緯度（度）": 44.9387, "経度（度）": 142.2247, "高さ（ｍ）": "40", "測器の深度（ｍ）": "102", "維持管理機関名": "防災科学技術研究所", "維持管理機関名（英語）": "NIED", "観測開始年（西暦）": "2001", "同月": "3", "観測機器名または観測項目": "短周期地震計" }, "geometry": { "type": "Point", "coordinates": [ 142.2247, 44.9387 ] } },
{ "type": "Feature", "properties": { "観測の種類": "高感度", "name": "歌登北", "観測点名ローマ字": "UTANOBORI-N", "観測点コード": "N.UNNH", "緯度（度）": 44.857, "経度（度）": 142.4868, "高さ（ｍ）": "20", "測器の深度（ｍ）": "102", "維持管理機関名": "防災科学技術研究所", "維持管理機関名（英語）": "NIED", "観測開始年（西暦）": "2001", "同月": "3", "観測機器名または観測項目": "短周期地震計" }, "geometry": { "type": "Point", "coordinates": [ 142.4868, 44.857 ] } },
{ "type": "Feature", "properties": { "観測の種類": "高感度", "name": "歌登南", "観測点名ローマ字": "UTANOBORI-S", "観測点コード": "N.UNSH", "緯度（度）": 44.7433, "経度（度）": 142.6039, "高さ（ｍ）": "73", "測器の深度（ｍ）": "102", "維持管理機関名": "防災科学技術研究所", "維持管理機関名（英語）": "NIED", "観測開始年（西暦）": "2001", "同月": "3", "観測機器名または観測項目": "短周期地震計" }, "geometry": { "type": "Point", "coordinates": [ 142.6039, 44.7433 ] } },
{ "type": "Feature", "properties": { "観測の種類": "高感度", "name": "幌延", "観測点名ローマ字": "HORONOBE", "観測点コード": "N.HNBH", "緯度（度）": 45.0167, "経度（度）": 142.0795, "高さ（ｍ）": "30", "測器の深度（ｍ）": "102", "維持管理機関名": "防災科学技術研究所", "維持管理機関名（英語）": "NIED", "観測開始年（西暦）": "2000", "同月": "3", "観測機器名または観測項目": "短周期地震計" }, "geometry": { "type": "Point", "coordinates": [ 142.0795, 45.0167 ] } },
{ "type": "Feature", "properties": { "観測の種類": "高感度", "name": "天塩", "観測点名ローマ字": "TESHIO", "観測点コード": "N.TSOH", "緯度（度）": 44.8948, "経度（度）": 141.9251, "高さ（ｍ）": "10", "測器の深度（ｍ）": "109", "維持管理機関名": "防災科学技術研究所", "維持管理機関名（英語）": "NIED", "観測開始年（西暦）": "2000", "同月": "3", "観測機器名または観測項目": "短周期地震計" }, "geometry": { "type": "Point", "coordinates": [ 141.9251, 44.8948 ] } },
{ "type": "Feature", "properties": { "観測の種類": "高感度", "name": "遠別", "観測点名ローマ字": "ENBETSU", "観測点コード": "N.EBTH", "緯度（度）": 44.6359, "経度（度）": 141.8187, "高さ（ｍ）": "20", "測器の深度（ｍ）": "211", "維持管理機関名": "防災科学技術研究所", "維持管理機関名（英語）": "NIED", "観測開始年（西暦）": "2000", "同月": "3", "観測機器名または観測項目": "短周期地震計" }, "geometry": { "type": "Point", "coordinates": [ 141.8187, 44.6359 ] } },
{ "type": "Feature", "properties": { "観測の種類": "高感度", "name": "小平東", "観測点名ローマ字": "OBIRA-E", "観測点コード": "N.OREH", "緯度（度）": 44.0974, "経度（度）": 141.9621, "高さ（ｍ）": "102", "測器の深度（ｍ）": "102", "維持管理機関名": "防災科学技術研究所", "維持管理機関名（英語）": "NIED", "観測開始年（西暦）": "2000", "同月": "3", "観測機器名または観測項目": "短周期地震計" }, "geometry": { "type": "Point", "coordinates": [ 141.9621, 44.0974 ] } },
{ "type": "Feature", "properties": { "観測の種類": "高感度", "name": "小平西", "観測点名ローマ字": "OBIRA-W", "観測点コード": "N.ORWH", "緯度（度）": 44.0254, "経度（度）": 141.7876, "高さ（ｍ）": "21", "測器の深度（ｍ）": "107", "維持管理機関名": "防災科学技術研究所", "維持管理機関名（英語）": "NIED", "観測開始年（西暦）": "2000", "同月": "3", "観測機器名または観測項目": "短周期地震計" }, "geometry": { "type": "Point", "coordinates": [ 141.7876, 44.0254 ] } },
{ "type": "Feature", "properties": { "観測の種類": "高感度", "name": "美深北", "観測点名ローマ字": "BIFUKA-N", "観測点コード": "N.BFNH", "緯度（度）": 44.5973, "経度（度）": 142.3036, "高さ（ｍ）": "61", "測器の深度（ｍ）": "113", "維持管理機関名": "防災科学技術研究所", "維持管理機関名（英語）": "NIED", "観測開始年（西暦）": "2000", "同月": "3", "観測機器名または観測項目": "短周期地震計" }, "geometry": { "type": "Point", "coordinates": [ 142.3036, 44.5973 ] } },
{ "type": "Feature", "properties": { "観測の種類": "高感度", "name": "美深東", "観測点名ローマ字": "BIFUKA-E", "観測点コード": "N.BFEH", "緯度（度）": 44.5509, "経度（度）": 142.5736, "高さ（ｍ）": "283", "測器の深度（ｍ）": "113", "維持管理機関名": "防災科学技術研究所", "維持管理機関名（英語）": "NIED", "観測開始年（西暦）": "2000", "同月": "3", "観測機器名または観測項目": "短周期地震計" }, "geometry": { "type": "Point", "coordinates": [ 142.5736, 44.5509 ] } },
{ "type": "Feature", "properties": { "観測の種類": "高感度", "name": "美深西", "観測点名ローマ字": "BIFUKA-W", "観測点コード": "N.BFWH", "緯度（度）": 44.4732, "経度（度）": 142.2725, "高さ（ｍ）": "100", "測器の深度（ｍ）": "102", "維持管理機関名": "防災科学技術研究所", "維持管理機関名（英語）": "NIED", "観測開始年（西暦）": "2000", "同月": "3", "観測機器名または観測項目": "短周期地震計" }, "geometry": { "type": "Point", "coordinates": [ 142.2725, 44.4732 ] } },
{ "type": "Feature", "properties": { "観測の種類": "高感度", "name": "名寄", "観測点名ローマ字": "NAYORO", "観測点コード": "N.NYRH", "緯度（度）": 44.4376, "経度（度）": 142.4056, "高さ（ｍ）": "84", "測器の深度（ｍ）": "102", "維持管理機関名": "防災科学技術研究所", "維持管理機関名（英語）": "NIED", "観測開始年（西暦）": "2000", "同月": "3", "観測機器名または観測項目": "短周期地震計" }, "geometry": { "type": "Point", "coordinates": [ 142.4056, 44.4376 ] } },
{ "type": "Feature", "properties": { "観測の種類": "高感度", "name": "下川西", "観測点名ローマ字": "SHIMOKAWA-W", "観測点コード": "N.SWWH", "緯度（度）": 44.2921, "経度（度）": 142.6303, "高さ（ｍ）": "160", "測器の深度（ｍ）": "302", "維持管理機関名": "防災科学技術研究所", "維持管理機関名（英語）": "NIED", "観測開始年（西暦）": "2000", "同月": "3", "観測機器名または観測項目": "短周期地震計" }, "geometry": { "type": "Point", "coordinates": [ 142.6303, 44.2921 ] } },
{ "type": "Feature", "properties": { "観測の種類": "高感度", "name": "下川東", "観測点名ローマ字": "SHIMOKAWA-E", "観測点コード": "N.SWEH", "緯度（度）": 44.3207, "経度（度）": 142.7656, "高さ（ｍ）": "200", "測器の深度（ｍ）": "102", "維持管理機関名": "防災科学技術研究所", "維持管理機関名（英語）": "NIED", "観測開始年（西暦）": "2000", "同月": "3", "観測機器名または観測項目": "短周期地震計" }, "geometry": { "type": "Point", "coordinates": [ 142.7656, 44.3207 ] } },
{ "type": "Feature", "properties": { "観測の種類": "高感度", "name": "富良野", "観測点名ローマ字": "FURANO", "観測点コード": "N.FRNH", "緯度（度）": 43.3697, "経度（度）": 142.3409, "高さ（ｍ）": "205", "測器の深度（ｍ）": "111", "維持管理機関名": "防災科学技術研究所", "維持管理機関名（英語）": "NIED", "観測開始年（西暦）": "2000", "同月": "3", "観測機器名または観測項目": "短周期地震計" }, "geometry": { "type": "Point", "coordinates": [ 142.3409, 43.3697 ] } },
{ "type": "Feature", "properties": { "観測の種類": "高感度", "name": "占冠", "観測点名ローマ字": "SHIMUKAPPU", "観測点コード": "N.SMPH", "緯度（度）": 43.0406, "経度（度）": 142.6562, "高さ（ｍ）": "569", "測器の深度（ｍ）": "102", "維持管理機関名": "防災科学技術研究所", "維持管理機関名（英語）": "NIED", "観測開始年（西暦）": "2000", "同月": "3", "観測機器名または観測項目": "短周期地震計" }, "geometry": { "type": "Point", "coordinates": [ 142.6562, 43.0406 ] } },
{ "type": "Feature", "properties": { "観測の種類": "高感度", "name": "音威子府", "観測点名ローマ字": "OTOINEPPU", "観測点コード": "N.ONPH", "緯度（度）": 44.7745, "経度（度）": 142.2542, "高さ（ｍ）": "70", "測器の深度（ｍ）": "107", "維持管理機関名": "防災科学技術研究所", "維持管理機関名（英語）": "NIED", "観測開始年（西暦）": "2001", "同月": "3", "観測機器名または観測項目": "短周期地震計" }, "geometry": { "type": "Point", "coordinates": [ 142.2542, 44.7745 ] } },
{ "type": "Feature", "properties": { "観測の種類": "高感度", "name": "中川", "観測点名ローマ字": "NAKAGAWA", "観測点コード": "N.NAWH", "緯度（度）": 44.6617, "経度（度）": 142.0528, "高さ（ｍ）": "65", "測器の深度（ｍ）": "106", "維持管理機関名": "防災科学技術研究所", "維持管理機関名（英語）": "NIED", "観測開始年（西暦）": "2001", "同月": "3", "観測機器名または観測項目": "短周期地震計" }, "geometry": { "type": "Point", "coordinates": [ 142.0528, 44.6617 ] } },
{ "type": "Feature", "properties": { "観測の種類": "高感度", "name": "和寒", "観測点名ローマ字": "WASSAMU", "観測点コード": "N.WSMH", "緯度（度）": 43.9754, "経度（度）": 142.2834, "高さ（ｍ）": "195", "測器の深度（ｍ）": "106", "維持管理機関名": "防災科学技術研究所", "維持管理機関名（英語）": "NIED", "観測開始年（西暦）": "2001", "同月": "3", "観測機器名または観測項目": "短周期地震計" }, "geometry": { "type": "Point", "coordinates": [ 142.2834, 43.9754 ] } },
{ "type": "Feature", "properties": { "観測の種類": "高感度", "name": "美瑛東", "観測点名ローマ字": "BIEI-E", "観測点コード": "N.BEEH", "緯度（度）": 43.5038, "経度（度）": 142.6006, "高さ（ｍ）": "450", "測器の深度（ｍ）": "208", "維持管理機関名": "防災科学技術研究所", "維持管理機関名（英語）": "NIED", "観測開始年（西暦）": "2001", "同月": "3", "観測機器名または観測項目": "短周期地震計" }, "geometry": { "type": "Point", "coordinates": [ 142.6006, 43.5038 ] } },
{ "type": "Feature", "properties": { "観測の種類": "高感度", "name": "美瑛西", "観測点名ローマ字": "BIEI-W", "観測点コード": "N.BEWH", "緯度（度）": 43.5113, "経度（度）": 142.3906, "高さ（ｍ）": "315", "測器の深度（ｍ）": "171", "維持管理機関名": "防災科学技術研究所", "維持管理機関名（英語）": "NIED", "観測開始年（西暦）": "2001", "同月": "3", "観測機器名または観測項目": "短周期地震計" }, "geometry": { "type": "Point", "coordinates": [ 142.3906, 43.5113 ] } },
{ "type": "Feature", "properties": { "観測の種類": "高感度", "name": "中富良野", "観測点名ローマ字": "NAKAFURANO", "観測点コード": "N.NFRH", "緯度（度）": 43.3841, "経度（度）": 142.5245, "高さ（ｍ）": "389", "測器の深度（ｍ）": "152", "維持管理機関名": "防災科学技術研究所", "維持管理機関名（英語）": "NIED", "観測開始年（西暦）": "2001", "同月": "3", "観測機器名または観測項目": "短周期地震計" }, "geometry": { "type": "Point", "coordinates": [ 142.5245, 43.3841 ] } },
{ "type": "Feature", "properties": { "観測の種類": "高感度", "name": "上川", "観測点名ローマ字": "KAMIKAWA", "観測点コード": "N.KKAH", "緯度（度）": 43.8546, "経度（度）": 142.7656, "高さ（ｍ）": "340", "測器の深度（ｍ）": "150", "維持管理機関名": "防災科学技術研究所", "維持管理機関名（英語）": "NIED", "観測開始年（西暦）": "2001", "同月": "3", "観測機器名または観測項目": "短周期地震計" }, "geometry": { "type": "Point", "coordinates": [ 142.7656, 43.8546 ] } },
{ "type": "Feature", "properties": { "観測の種類": "高感度", "name": "雄武", "観測点名ローマ字": "OUMU", "観測点コード": "N.OUMH", "緯度（度）": 44.5276, "経度（度）": 142.8444, "高さ（ｍ）": "105", "測器の深度（ｍ）": "102", "維持管理機関名": "防災科学技術研究所", "維持管理機関名（英語）": "NIED", "観測開始年（西暦）": "2000", "同月": "3", "観測機器名または観測項目": "短周期地震計" }, "geometry": { "type": "Point", "coordinates": [ 142.8444, 44.5276 ] } },
{ "type": "Feature", "properties": { "観測の種類": "高感度", "name": "興部西", "観測点名ローマ字": "OKOPPE-W", "観測点コード": "N.OPWH", "緯度（度）": 44.4234, "経度（度）": 143.0264, "高さ（ｍ）": "38", "測器の深度（ｍ）": "115", "維持管理機関名": "防災科学技術研究所", "維持管理機関名（英語）": "NIED", "観測開始年（西暦）": "2000", "同月": "3", "観測機器名または観測項目": "短周期地震計" }, "geometry": { "type": "Point", "coordinates": [ 143.0264, 44.4234 ] } },
{ "type": "Feature", "properties": { "観測の種類": "高感度", "name": "興部東", "観測点名ローマ字": "OKOPPE-E", "観測点コード": "N.OPEH", "緯度（度）": 44.3843, "経度（度）": 143.2407, "高さ（ｍ）": "30", "測器の深度（ｍ）": "102", "維持管理機関名": "防災科学技術研究所", "維持管理機関名（英語）": "NIED", "観測開始年（西暦）": "2000", "同月": "3", "観測機器名または観測項目": "短周期地震計" }, "geometry": { "type": "Point", "coordinates": [ 143.2407, 44.3843 ] } },
{ "type": "Feature", "properties": { "観測の種類": "高感度", "name": "滝上北", "観測点名ローマ字": "TAKINOUE-N", "観測点コード": "N.TUNH", "緯度（度）": 44.192, "経度（度）": 143.0767, "高さ（ｍ）": "134", "測器の深度（ｍ）": "202", "維持管理機関名": "防災科学技術研究所", "維持管理機関名（英語）": "NIED", "観測開始年（西暦）": "2000", "同月": "3", "観測機器名または観測項目": "短周期地震計" }, "geometry": { "type": "Point", "coordinates": [ 143.0767, 44.192 ] } },
{ "type": "Feature", "properties": { "観測の種類": "高感度", "name": "滝上南", "観測点名ローマ字": "TAKINOUE-S", "観測点コード": "N.TUSH", "緯度（度）": 44.1146, "経度（度）": 143.0111, "高さ（ｍ）": "255", "測器の深度（ｍ）": "108", "維持管理機関名": "防災科学技術研究所", "維持管理機関名（英語）": "NIED", "観測開始年（西暦）": "2000", "同月": "3", "観測機器名または観測項目": "短周期地震計" }, "geometry": { "type": "Point", "coordinates": [ 143.0111, 44.1146 ] } },
{ "type": "Feature", "properties": { "観測の種類": "高感度", "name": "湧別北", "観測点名ローマ字": "YUBETSU-N", "観測点コード": "N.YBNH", "緯度（度）": 44.2146, "経度（度）": 143.6202, "高さ（ｍ）": "7", "測器の深度（ｍ）": "102", "維持管理機関名": "防災科学技術研究所", "維持管理機関名（英語）": "NIED", "観測開始年（西暦）": "2000", "同月": "3", "観測機器名または観測項目": "短周期地震計" }, "geometry": { "type": "Point", "coordinates": [ 143.6202, 44.2146 ] } },
{ "type": "Feature", "properties": { "観測の種類": "高感度", "name": "白滝", "観測点名ローマ字": "SHIRATAKI", "観測点コード": "N.STKH", "緯度（度）": 43.8494, "経度（度）": 143.0861, "高さ（ｍ）": "699", "測器の深度（ｍ）": "129", "維持管理機関名": "防災科学技術研究所", "維持管理機関名（英語）": "NIED", "観測開始年（西暦）": "2000", "同月": "3", "観測機器名または観測項目": "短周期地震計" }, "geometry": { "type": "Point", "coordinates": [ 143.0861, 43.8494 ] } },
{ "type": "Feature", "properties": { "観測の種類": "高感度", "name": "斜里北", "観測点名ローマ字": "SYARI-N", "観測点コード": "N.SYNH", "緯度（度）": 44.064, "経度（度）": 144.9935, "高さ（ｍ）": "65", "測器の深度（ｍ）": "107", "維持管理機関名": "防災科学技術研究所", "維持管理機関名（英語）": "NIED", "観測開始年（西暦）": "2000", "同月": "3", "観測機器名または観測項目": "短周期地震計" }, "geometry": { "type": "Point", "coordinates": [ 144.9935, 44.064 ] } },
{ "type": "Feature", "properties": { "観測の種類": "高感度", "name": "斜里南", "観測点名ローマ字": "SYARI-S", "観測点コード": "N.SYSH", "緯度（度）": 43.9271, "経度（度）": 144.8075, "高さ（ｍ）": "40", "測器の深度（ｍ）": "159", "維持管理機関名": "防災科学技術研究所", "維持管理機関名（英語）": "NIED", "観測開始年（西暦）": "2000", "同月": "3", "観測機器名または観測項目": "短周期地震計" }, "geometry": { "type": "Point", "coordinates": [ 144.8075, 43.9271 ] } },
{ "type": "Feature", "properties": { "観測の種類": "高感度", "name": "佐呂間", "観測点名ローマ字": "SAROMA", "観測点コード": "N.SRMH", "緯度（度）": 44.0813, "経度（度）": 143.9455, "高さ（ｍ）": "5", "測器の深度（ｍ）": "302", "維持管理機関名": "防災科学技術研究所", "維持管理機関名（英語）": "NIED", "観測開始年（西暦）": "2000", "同月": "3", "観測機器名または観測項目": "短周期地震計" }, "geometry": { "type": "Point", "coordinates": [ 143.9455, 44.0813 ] } },
{ "type": "Feature", "properties": { "観測の種類": "高感度", "name": "女満別", "観測点名ローマ字": "MEMANBETSU", "観測点コード": "N.MMBH", "緯度（度）": 43.9144, "経度（度）": 144.1923, "高さ（ｍ）": "40", "測器の深度（ｍ）": "124", "維持管理機関名": "防災科学技術研究所", "維持管理機関名（英語）": "NIED", "観測開始年（西暦）": "2000", "同月": "3", "観測機器名または観測項目": "短周期地震計" }, "geometry": { "type": "Point", "coordinates": [ 144.1923, 43.9144 ] } },
{ "type": "Feature", "properties": { "観測の種類": "高感度", "name": "小清水", "観測点名ローマ字": "KOSHIMIZU", "観測点コード": "N.KMZH", "緯度（度）": 43.8566, "経度（度）": 144.4574, "高さ（ｍ）": "25", "測器の深度（ｍ）": "121", "維持管理機関名": "防災科学技術研究所", "維持管理機関名（英語）": "NIED", "観測開始年（西暦）": "2000", "同月": "3", "観測機器名または観測項目": "短周期地震計" }, "geometry": { "type": "Point", "coordinates": [ 144.4574, 43.8566 ] } },
{ "type": "Feature", "properties": { "観測の種類": "高感度", "name": "留辺蘂", "観測点名ローマ字": "RUBESHIBE", "観測点コード": "N.RBSH", "緯度（度）": 43.7419, "経度（度）": 143.4514, "高さ（ｍ）": "321", "測器の深度（ｍ）": "107", "維持管理機関名": "防災科学技術研究所", "維持管理機関名（英語）": "NIED", "観測開始年（西暦）": "2000", "同月": "3", "観測機器名または観測項目": "短周期地震計" }, "geometry": { "type": "Point", "coordinates": [ 143.4514, 43.7419 ] } },
{ "type": "Feature", "properties": { "観測の種類": "高感度", "name": "美幌", "観測点名ローマ字": "BIHORO", "観測点コード": "N.BHRH", "緯度（度）": 43.7228, "経度（度）": 144.1837, "高さ（ｍ）": "87", "測器の深度（ｍ）": "105", "維持管理機関名": "防災科学技術研究所", "維持管理機関名（英語）": "NIED", "観測開始年（西暦）": "2000", "同月": "3", "観測機器名または観測項目": "短周期地震計" }, "geometry": { "type": "Point", "coordinates": [ 144.1837, 43.7228 ] } },
{ "type": "Feature", "properties": { "観測の種類": "高感度", "name": "置戸東", "観測点名ローマ字": "OKETO-E", "観測点コード": "N.OKEH", "緯度（度）": 43.6352, "経度（度）": 143.51, "高さ（ｍ）": "292", "測器の深度（ｍ）": "102", "維持管理機関名": "防災科学技術研究所", "維持管理機関名（英語）": "NIED", "観測開始年（西暦）": "2000", "同月": "3", "観測機器名または観測項目": "短周期地震計" }, "geometry": { "type": "Point", "coordinates": [ 143.51, 43.6352 ] } },
{ "type": "Feature", "properties": { "観測の種類": "高感度", "name": "幌加内北", "観測点名ローマ字": "HOROKANAI-N", "観測点コード": "N.HONH", "緯度（度）": 44.2803, "経度（度）": 142.1594, "高さ（ｍ）": "260", "測器の深度（ｍ）": "102", "維持管理機関名": "防災科学技術研究所", "維持管理機関名（英語）": "NIED", "観測開始年（西暦）": "2000", "同月": "3", "観測機器名または観測項目": "短周期地震計" }, "geometry": { "type": "Point", "coordinates": [ 142.1594, 44.2803 ] } },
{ "type": "Feature", "properties": { "観測の種類": "高感度", "name": "幌加内中", "観測点名ローマ字": "HOROKANAI-C", "観測点コード": "N.HOCH", "緯度（度）": 44.116, "経度（度）": 142.1414, "高さ（ｍ）": "200", "測器の深度（ｍ）": "102", "維持管理機関名": "防災科学技術研究所", "維持管理機関名（英語）": "NIED", "観測開始年（西暦）": "2000", "同月": "3", "観測機器名または観測項目": "短周期地震計" }, "geometry": { "type": "Point", "coordinates": [ 142.1414, 44.116 ] } },
{ "type": "Feature", "properties": { "観測の種類": "高感度", "name": "幌加内南", "観測点名ローマ字": "HOROKANAI-S", "観測点コード": "N.HOSH", "緯度（度）": 43.9994, "経度（度）": 142.1258, "高さ（ｍ）": "155", "測器の深度（ｍ）": "101", "維持管理機関名": "防災科学技術研究所", "維持管理機関名（英語）": "NIED", "観測開始年（西暦）": "2000", "同月": "3", "観測機器名または観測項目": "短周期地震計" }, "geometry": { "type": "Point", "coordinates": [ 142.1258, 43.9994 ] } },
{ "type": "Feature", "properties": { "観測の種類": "高感度", "name": "沼田", "観測点名ローマ字": "NUMATA", "観測点コード": "N.NUMH", "緯度（度）": 43.8203, "経度（度）": 141.9397, "高さ（ｍ）": "100", "測器の深度（ｍ）": "106", "維持管理機関名": "防災科学技術研究所", "維持管理機関名（英語）": "NIED", "観測開始年（西暦）": "2000", "同月": "3", "観測機器名または観測項目": "短周期地震計" }, "geometry": { "type": "Point", "coordinates": [ 141.9397, 43.8203 ] } },
{ "type": "Feature", "properties": { "観測の種類": "高感度", "name": "深川北", "観測点名ローマ字": "FUKAGAWA-N", "観測点コード": "N.FGNH", "緯度（度）": 43.8243, "経度（度）": 142.1594, "高さ（ｍ）": "200", "測器の深度（ｍ）": "103", "維持管理機関名": "防災科学技術研究所", "維持管理機関名（英語）": "NIED", "観測開始年（西暦）": "2000", "同月": "3", "観測機器名または観測項目": "短周期地震計" }, "geometry": { "type": "Point", "coordinates": [ 142.1594, 43.8243 ] } },
{ "type": "Feature", "properties": { "観測の種類": "高感度", "name": "深川南", "観測点名ローマ字": "FUKAGAWA-S", "観測点コード": "N.FGSH", "緯度（度）": 43.6948, "経度（度）": 142.0776, "高さ（ｍ）": "80", "測器の深度（ｍ）": "148", "維持管理機関名": "防災科学技術研究所", "維持管理機関名（英語）": "NIED", "観測開始年（西暦）": "2000", "同月": "3", "観測機器名または観測項目": "短周期地震計" }, "geometry": { "type": "Point", "coordinates": [ 142.0776, 43.6948 ] } },
{ "type": "Feature", "properties": { "観測の種類": "高感度", "name": "三笠", "観測点名ローマ字": "MIKASA", "観測点コード": "N.MSAH", "緯度（度）": 43.23, "経度（度）": 141.8978, "高さ（ｍ）": "75", "測器の深度（ｍ）": "201", "維持管理機関名": "防災科学技術研究所", "維持管理機関名（英語）": "NIED", "観測開始年（西暦）": "2000", "同月": "3", "観測機器名または観測項目": "短周期地震計" }, "geometry": { "type": "Point", "coordinates": [ 141.8978, 43.23 ] } },
{ "type": "Feature", "properties": { "観測の種類": "高感度", "name": "砂川", "観測点名ローマ字": "SUNAGAWA", "観測点コード": "N.SUGH", "緯度（度）": 43.5138, "経度（度）": 141.909, "高さ（ｍ）": "30", "測器の深度（ｍ）": "123", "維持管理機関名": "防災科学技術研究所", "維持管理機関名（英語）": "NIED", "観測開始年（西暦）": "2001", "同月": "3", "観測機器名または観測項目": "短周期地震計" }, "geometry": { "type": "Point", "coordinates": [ 141.909, 43.5138 ] } },
{ "type": "Feature", "properties": { "観測の種類": "高感度", "name": "栗山", "観測点名ローマ字": "KURIYAMA", "観測点コード": "N.KYMH", "緯度（度）": 43.0587, "経度（度）": 141.8063, "高さ（ｍ）": "30", "測器の深度（ｍ）": "124", "維持管理機関名": "防災科学技術研究所", "維持管理機関名（英語）": "NIED", "観測開始年（西暦）": "2001", "同月": "3", "観測機器名または観測項目": "短周期地震計" }, "geometry": { "type": "Point", "coordinates": [ 141.8063, 43.0587 ] } },
{ "type": "Feature", "properties": { "観測の種類": "高感度", "name": "夕張", "観測点名ローマ字": "YUBARI", "観測点コード": "N.YUBH", "緯度（度）": 42.993, "経度（度）": 142.0085, "高さ（ｍ）": "195", "測器の深度（ｍ）": "201", "維持管理機関名": "防災科学技術研究所", "維持管理機関名（英語）": "NIED", "観測開始年（西暦）": "2001", "同月": "3", "観測機器名または観測項目": "短周期地震計" }, "geometry": { "type": "Point", "coordinates": [ 142.0085, 42.993 ] } },
{ "type": "Feature", "properties": { "観測の種類": "高感度", "name": "標津北", "観測点名ローマ字": "SHIBETSU-N", "観測点コード": "N.STNH", "緯度（度）": 43.7851, "経度（度）": 145.0246, "高さ（ｍ）": "80", "測器の深度（ｍ）": "112", "維持管理機関名": "防災科学技術研究所", "維持管理機関名（英語）": "NIED", "観測開始年（西暦）": "2000", "同月": "3", "観測機器名または観測項目": "短周期地震計" }, "geometry": { "type": "Point", "coordinates": [ 145.0246, 43.7851 ] } },
{ "type": "Feature", "properties": { "観測の種類": "高感度", "name": "標津南", "観測点名ローマ字": "SHIBETSU-S", "観測点コード": "N.STSH", "緯度（度）": 43.6772, "経度（度）": 144.9618, "高さ（ｍ）": "165", "測器の深度（ｍ）": "104", "維持管理機関名": "防災科学技術研究所", "維持管理機関名（英語）": "NIED", "観測開始年（西暦）": "2000", "同月": "3", "観測機器名または観測項目": "短周期地震計" }, "geometry": { "type": "Point", "coordinates": [ 144.9618, 43.6772 ] } },
{ "type": "Feature", "properties": { "観測の種類": "高感度", "name": "中標津", "観測点名ローマ字": "NAKASHIBETSU", "観測点コード": "N.NSTH", "緯度（度）": 43.5508, "経度（度）": 144.9665, "高さ（ｍ）": "30", "測器の深度（ｍ）": "229", "維持管理機関名": "防災科学技術研究所", "維持管理機関名（英語）": "NIED", "観測開始年（西暦）": "2000", "同月": "3", "観測機器名または観測項目": "短周期地震計" }, "geometry": { "type": "Point", "coordinates": [ 144.9665, 43.5508 ] } },
{ "type": "Feature", "properties": { "観測の種類": "高感度", "name": "別海東", "観測点名ローマ字": "BEKKAI-E", "観測点コード": "N.BKEH", "緯度（度）": 43.3978, "経度（度）": 145.1224, "高さ（ｍ）": "30", "測器の深度（ｍ）": "217", "維持管理機関名": "防災科学技術研究所", "維持管理機関名（英語）": "NIED", "観測開始年（西暦）": "2000", "同月": "3", "観測機器名または観測項目": "短周期地震計" }, "geometry": { "type": "Point", "coordinates": [ 145.1224, 43.3978 ] } },
{ "type": "Feature", "properties": { "観測の種類": "高感度", "name": "別海西", "観測点名ローマ字": "BEKKAI-W", "観測点コード": "N.BKWH", "緯度（度）": 43.39, "経度（度）": 144.8021, "高さ（ｍ）": "92", "測器の深度（ｍ）": "221", "維持管理機関名": "防災科学技術研究所", "維持管理機関名（英語）": "NIED", "観測開始年（西暦）": "2000", "同月": "3", "観測機器名または観測項目": "短周期地震計" }, "geometry": { "type": "Point", "coordinates": [ 144.8021, 43.39 ] } },
{ "type": "Feature", "properties": { "観測の種類": "高感度", "name": "阿寒北", "観測点名ローマ字": "AKAN-N", "観測点コード": "N.ANNH", "緯度（度）": 43.4361, "経度（度）": 144.0844, "高さ（ｍ）": "431", "測器の深度（ｍ）": "108", "維持管理機関名": "防災科学技術研究所", "維持管理機関名（英語）": "NIED", "観測開始年（西暦）": "2000", "同月": "3", "観測機器名または観測項目": "短周期地震計" }, "geometry": { "type": "Point", "coordinates": [ 144.0844, 43.4361 ] } },
{ "type": "Feature", "properties": { "観測の種類": "高感度", "name": "阿寒南", "観測点名ローマ字": "AKAN-S", "観測点コード": "N.ANSH", "緯度（度）": 43.1141, "経度（度）": 144.1229, "高さ（ｍ）": "30", "測器の深度（ｍ）": "106", "維持管理機関名": "防災科学技術研究所", "維持管理機関名（英語）": "NIED", "観測開始年（西暦）": "2000", "同月": "3", "観測機器名または観測項目": "短周期地震計" }, "geometry": { "type": "Point", "coordinates": [ 144.1229, 43.1141 ] } },
{ "type": "Feature", "properties": { "観測の種類": "高感度", "name": "標茶北", "観測点名ローマ字": "SHIBECHA-N", "観測点コード": "N.SCNH", "緯度（度）": 43.3848, "経度（度）": 144.6279, "高さ（ｍ）": "83", "測器の深度（ｍ）": "108", "維持管理機関名": "防災科学技術研究所", "維持管理機関名（英語）": "NIED", "観測開始年（西暦）": "2000", "同月": "3", "観測機器名または観測項目": "短周期地震計" }, "geometry": { "type": "Point", "coordinates": [ 144.6279, 43.3848 ] } },
{ "type": "Feature", "properties": { "観測の種類": "高感度", "name": "標茶南", "観測点名ローマ字": "SHIBECHA-S", "観測点コード": "N.SCSH", "緯度（度）": 43.2139, "経度（度）": 144.6804, "高さ（ｍ）": "30", "測器の深度（ｍ）": "243", "維持管理機関名": "防災科学技術研究所", "維持管理機関名（英語）": "NIED", "観測開始年（西暦）": "2000", "同月": "3", "観測機器名または観測項目": "短周期地震計" }, "geometry": { "type": "Point", "coordinates": [ 144.6804, 43.2139 ] } },
{ "type": "Feature", "properties": { "観測の種類": "高感度", "name": "鶴居西", "観測点名ローマ字": "TSURUI-W", "観測点コード": "N.TRWH", "緯度（度）": 43.2556, "経度（度）": 144.2338, "高さ（ｍ）": "114", "測器の深度（ｍ）": "331", "維持管理機関名": "防災科学技術研究所", "維持管理機関名（英語）": "NIED", "観測開始年（西暦）": "2000", "同月": "3", "観測機器名または観測項目": "短周期地震計" }, "geometry": { "type": "Point", "coordinates": [ 144.2338, 43.2556 ] } },
{ "type": "Feature", "properties": { "観測の種類": "高感度", "name": "鶴居東", "観測点名ローマ字": "TSURUI-E", "観測点コード": "N.TREH", "緯度（度）": 43.22, "経度（度）": 144.4285, "高さ（ｍ）": "30", "測器の深度（ｍ）": "238", "維持管理機関名": "防災科学技術研究所", "維持管理機関名（英語）": "NIED", "観測開始年（西暦）": "2000", "同月": "3", "観測機器名または観測項目": "短周期地震計" }, "geometry": { "type": "Point", "coordinates": [ 144.4285, 43.22 ] } },
{ "type": "Feature", "properties": { "観測の種類": "高感度", "name": "鶴居南", "観測点名ローマ字": "TSURUI-S", "観測点コード": "N.TRSH", "緯度（度）": 43.1358, "経度（度）": 144.3275, "高さ（ｍ）": "35", "測器の深度（ｍ）": "223", "維持管理機関名": "防災科学技術研究所", "維持管理機関名（英語）": "NIED", "観測開始年（西暦）": "2000", "同月": "3", "観測機器名または観測項目": "短周期地震計" }, "geometry": { "type": "Point", "coordinates": [ 144.3275, 43.1358 ] } },
{ "type": "Feature", "properties": { "観測の種類": "高感度", "name": "白糠北", "観測点名ローマ字": "SHIRANUKA-N", "観測点コード": "N.SNNH", "緯度（度）": 43.1603, "経度（度）": 143.8936, "高さ（ｍ）": "174", "測器の深度（ｍ）": "101", "維持管理機関名": "防災科学技術研究所", "維持管理機関名（英語）": "NIED", "観測開始年（西暦）": "2000", "同月": "3", "観測機器名または観測項目": "短周期地震計" }, "geometry": { "type": "Point", "coordinates": [ 143.8936, 43.1603 ] } },
{ "type": "Feature", "properties": { "観測の種類": "高感度", "name": "白糠南", "観測点名ローマ字": "SHIRANUKA-S", "観測点コード": "N.SNSH", "緯度（度）": 42.9856, "経度（度）": 143.9841, "高さ（ｍ）": "27", "測器の深度（ｍ）": "101", "維持管理機関名": "防災科学技術研究所", "維持管理機関名（英語）": "NIED", "観測開始年（西暦）": "2000", "同月": "3", "観測機器名または観測項目": "短周期地震計" }, "geometry": { "type": "Point", "coordinates": [ 143.9841, 42.9856 ] } },
{ "type": "Feature", "properties": { "観測の種類": "高感度", "name": "浜中", "観測点名ローマ字": "HAMANAKA", "観測点コード": "N.HNKH", "緯度（度）": 43.2084, "経度（度）": 145.1168, "高さ（ｍ）": "31", "測器の深度（ｍ）": "257", "維持管理機関名": "防災科学技術研究所", "維持管理機関名（英語）": "NIED", "観測開始年（西暦）": "2001", "同月": "3", "観測機器名または観測項目": "短周期地震計" }, "geometry": { "type": "Point", "coordinates": [ 145.1168, 43.2084 ] } },
{ "type": "Feature", "properties": { "観測の種類": "高感度", "name": "陸別", "観測点名ローマ字": "RIKUBETSU", "観測点コード": "N.RKBH", "緯度（度）": 43.4683, "経度（度）": 143.683, "高さ（ｍ）": "251", "測器の深度（ｍ）": "124", "維持管理機関名": "防災科学技術研究所", "維持管理機関名（英語）": "NIED", "観測開始年（西暦）": "2000", "同月": "3", "観測機器名または観測項目": "短周期地震計" }, "geometry": { "type": "Point", "coordinates": [ 143.683, 43.4683 ] } },
{ "type": "Feature", "properties": { "観測の種類": "高感度", "name": "足寄東", "観測点名ローマ字": "ASYORO-E", "観測点コード": "N.AYEH", "緯度（度）": 43.3822, "経度（度）": 143.8983, "高さ（ｍ）": "328", "測器の深度（ｍ）": "104", "維持管理機関名": "防災科学技術研究所", "維持管理機関名（英語）": "NIED", "観測開始年（西暦）": "2000", "同月": "3", "観測機器名または観測項目": "短周期地震計" }, "geometry": { "type": "Point", "coordinates": [ 143.8983, 43.3822 ] } },
{ "type": "Feature", "properties": { "観測の種類": "高感度", "name": "足寄西", "観測点名ローマ字": "ASYORO-W", "観測点コード": "N.AYWH", "緯度（度）": 43.2708, "経度（度）": 143.4317, "高さ（ｍ）": "199", "測器の深度（ｍ）": "201", "維持管理機関名": "防災科学技術研究所", "維持管理機関名（英語）": "NIED", "観測開始年（西暦）": "2000", "同月": "3", "観測機器名または観測項目": "短周期地震計" }, "geometry": { "type": "Point", "coordinates": [ 143.4317, 43.2708 ] } },
{ "type": "Feature", "properties": { "観測の種類": "高感度", "name": "新得南", "観測点名ローマ字": "SHINTOKU-S", "観測点コード": "N.SKSH", "緯度（度）": 43.1739, "経度（度）": 142.9176, "高さ（ｍ）": "220", "測器の深度（ｍ）": "173", "維持管理機関名": "防災科学技術研究所", "維持管理機関名（英語）": "NIED", "観測開始年（西暦）": "2000", "同月": "3", "観測機器名または観測項目": "短周期地震計" }, "geometry": { "type": "Point", "coordinates": [ 142.9176, 43.1739 ] } },
{ "type": "Feature", "properties": { "観測の種類": "高感度", "name": "本別", "観測点名ローマ字": "HONBETSU", "観測点コード": "N.HBTH", "緯度（度）": 43.1213, "経度（度）": 143.6186, "高さ（ｍ）": "65", "測器の深度（ｍ）": "101", "維持管理機関名": "防災科学技術研究所", "維持管理機関名（英語）": "NIED", "観測開始年（西暦）": "2000", "同月": "3", "観測機器名または観測項目": "短周期地震計" }, "geometry": { "type": "Point", "coordinates": [ 143.6186, 43.1213 ] } },
{ "type": "Feature", "properties": { "観測の種類": "高感度", "name": "芽室", "観測点名ローマ字": "MEMURO", "観測点コード": "N.MMRH", "緯度（度）": 42.892, "経度（度）": 143.0603, "高さ（ｍ）": "97", "測器の深度（ｍ）": "228", "維持管理機関名": "防災科学技術研究所", "維持管理機関名（英語）": "NIED", "観測開始年（西暦）": "2000", "同月": "3", "観測機器名または観測項目": "短周期地震計" }, "geometry": { "type": "Point", "coordinates": [ 143.0603, 42.892 ] } },
{ "type": "Feature", "properties": { "観測の種類": "高感度", "name": "豊頃", "観測点名ローマ字": "TOYOKORO", "観測点コード": "N.TYRH", "緯度（度）": 42.8114, "経度（度）": 143.5203, "高さ（ｍ）": "9", "測器の深度（ｍ）": "101", "維持管理機関名": "防災科学技術研究所", "維持管理機関名（英語）": "NIED", "観測開始年（西暦）": "2000", "同月": "3", "観測機器名または観測項目": "短周期地震計" }, "geometry": { "type": "Point", "coordinates": [ 143.5203, 42.8114 ] } },
{ "type": "Feature", "properties": { "観測の種類": "高感度", "name": "大樹", "観測点名ローマ字": "TAIKI", "観測点コード": "N.TKIH", "緯度（度）": 42.4865, "経度（度）": 143.152, "高さ（ｍ）": "360", "測器の深度（ｍ）": "101", "維持管理機関名": "防災科学技術研究所", "維持管理機関名（英語）": "NIED", "観測開始年（西暦）": "2000", "同月": "3", "観測機器名または観測項目": "短周期地震計" }, "geometry": { "type": "Point", "coordinates": [ 143.152, 42.4865 ] } },
{ "type": "Feature", "properties": { "観測の種類": "高感度", "name": "新得北", "観測点名ローマ字": "SHINTOKU-N", "観測点コード": "N.SKNH", "緯度（度）": 43.3337, "経度（度）": 142.9448, "高さ（ｍ）": "365", "測器の深度（ｍ）": "101", "維持管理機関名": "防災科学技術研究所", "維持管理機関名（英語）": "NIED", "観測開始年（西暦）": "2001", "同月": "3", "観測機器名または観測項目": "短周期地震計" }, "geometry": { "type": "Point", "coordinates": [ 142.9448, 43.3337 ] } },
{ "type": "Feature", "properties": { "観測の種類": "高感度", "name": "清水", "観測点名ローマ字": "SHIMIZU", "観測点コード": "N.SHZH", "緯度（度）": 42.8742, "経度（度）": 142.883, "高さ（ｍ）": "419", "測器の深度（ｍ）": "101", "維持管理機関名": "防災科学技術研究所", "維持管理機関名（英語）": "NIED", "観測開始年（西暦）": "2001", "同月": "3", "観測機器名または観測項目": "短周期地震計" }, "geometry": { "type": "Point", "coordinates": [ 142.883, 42.8742 ] } },
{ "type": "Feature", "properties": { "観測の種類": "高感度", "name": "当別", "観測点名ローマ字": "TOBETSU", "観測点コード": "N.TOBH", "緯度（度）": 43.4087, "経度（度）": 141.5836, "高さ（ｍ）": "80", "測器の深度（ｍ）": "201", "維持管理機関名": "防災科学技術研究所", "維持管理機関名（英語）": "NIED", "観測開始年（西暦）": "2000", "同月": "3", "観測機器名または観測項目": "短周期地震計" }, "geometry": { "type": "Point", "coordinates": [ 141.5836, 43.4087 ] } },
{ "type": "Feature", "properties": { "観測の種類": "高感度", "name": "新篠津", "観測点名ローマ字": "SHINSHINOTSU", "観測点コード": "N.SSTH", "緯度（度）": 43.2204, "経度（度）": 141.6523, "高さ（ｍ）": "10", "測器の深度（ｍ）": "129", "維持管理機関名": "防災科学技術研究所", "維持管理機関名（英語）": "NIED", "観測開始年（西暦）": "2000", "同月": "3", "観測機器名または観測項目": "短周期地震計" }, "geometry": { "type": "Point", "coordinates": [ 141.6523, 43.2204 ] } },
{ "type": "Feature", "properties": { "観測の種類": "高感度", "name": "千歳", "観測点名ローマ字": "CHITOSE", "観測点コード": "N.CTSH", "緯度（度）": 42.888, "経度（度）": 141.6399, "高さ（ｍ）": "10", "測器の深度（ｍ）": "254", "維持管理機関名": "防災科学技術研究所", "維持管理機関名（英語）": "NIED", "観測開始年（西暦）": "2001", "同月": "3", "観測機器名または観測項目": "短周期地震計" }, "geometry": { "type": "Point", "coordinates": [ 141.6399, 42.888 ] } },
{ "type": "Feature", "properties": { "観測の種類": "高感度", "name": "古平", "観測点名ローマ字": "FURUBIRA", "観測点コード": "N.FBRH", "緯度（度）": 43.2341, "経度（度）": 140.6228, "高さ（ｍ）": "28", "測器の深度（ｍ）": "101", "維持管理機関名": "防災科学技術研究所", "維持管理機関名（英語）": "NIED", "観測開始年（西暦）": "2001", "同月": "3", "観測機器名または観測項目": "短周期地震計" }, "geometry": { "type": "Point", "coordinates": [ 140.6228, 43.2341 ] } },
{ "type": "Feature", "properties": { "観測の種類": "高感度", "name": "泊", "観測点名ローマ字": "TOMARI", "観測点コード": "N.TOMH", "緯度（度）": 43.0533, "経度（度）": 140.5014, "高さ（ｍ）": "25", "測器の深度（ｍ）": "101", "維持管理機関名": "防災科学技術研究所", "維持管理機関名（英語）": "NIED", "観測開始年（西暦）": "2001", "同月": "3", "観測機器名または観測項目": "短周期地震計" }, "geometry": { "type": "Point", "coordinates": [ 140.5014, 43.0533 ] } },
{ "type": "Feature", "properties": { "観測の種類": "高感度", "name": "赤井川", "観測点名ローマ字": "AKAIGAWA", "観測点コード": "N.AGWH", "緯度（度）": 43.0842, "経度（度）": 140.8199, "高さ（ｍ）": "145", "測器の深度（ｍ）": "222", "維持管理機関名": "防災科学技術研究所", "維持管理機関名（英語）": "NIED", "観測開始年（西暦）": "2001", "同月": "3", "観測機器名または観測項目": "短周期地震計" }, "geometry": { "type": "Point", "coordinates": [ 140.8199, 43.0842 ] } },
{ "type": "Feature", "properties": { "観測の種類": "高感度", "name": "共和", "観測点名ローマ字": "KYOWA", "観測点コード": "N.KYOH", "緯度（度）": 42.9758, "経度（度）": 140.622, "高さ（ｍ）": "20", "測器の深度（ｍ）": "201", "維持管理機関名": "防災科学技術研究所", "維持管理機関名（英語）": "NIED", "観測開始年（西暦）": "2001", "同月": "3", "観測機器名または観測項目": "短周期地震計" }, "geometry": { "type": "Point", "coordinates": [ 140.622, 42.9758 ] } },
{ "type": "Feature", "properties": { "観測の種類": "高感度", "name": "倶知安", "観測点名ローマ字": "KUTCHAN", "観測点コード": "N.CCNH", "緯度（度）": 42.95, "経度（度）": 140.8223, "高さ（ｍ）": "240", "測器の深度（ｍ）": "102", "維持管理機関名": "防災科学技術研究所", "維持管理機関名（英語）": "NIED", "観測開始年（西暦）": "2001", "同月": "3", "観測機器名または観測項目": "短周期地震計" }, "geometry": { "type": "Point", "coordinates": [ 140.8223, 42.95 ] } },
{ "type": "Feature", "properties": { "観測の種類": "高感度", "name": "蘭越", "観測点名ローマ字": "RANKOSHI", "観測点コード": "N.RNKH", "緯度（度）": 42.8309, "経度（度）": 140.4831, "高さ（ｍ）": "39", "測器の深度（ｍ）": "132", "維持管理機関名": "防災科学技術研究所", "維持管理機関名（英語）": "NIED", "観測開始年（西暦）": "2001", "同月": "3", "観測機器名または観測項目": "短周期地震計" }, "geometry": { "type": "Point", "coordinates": [ 140.4831, 42.8309 ] } },
{ "type": "Feature", "properties": { "観測の種類": "高感度", "name": "真狩", "観測点名ローマ字": "MAKKARI", "観測点コード": "N.MKRH", "緯度（度）": 42.763, "経度（度）": 140.8084, "高さ（ｍ）": "228", "測器の深度（ｍ）": "101", "維持管理機関名": "防災科学技術研究所", "維持管理機関名（英語）": "NIED", "観測開始年（西暦）": "2001", "同月": "3", "観測機器名または観測項目": "短周期地震計" }, "geometry": { "type": "Point", "coordinates": [ 140.8084, 42.763 ] } },
{ "type": "Feature", "properties": { "観測の種類": "高感度", "name": "喜茂別", "観測点名ローマ字": "KIMOBETSU", "観測点コード": "N.KMBH", "緯度（度）": 42.768, "経度（度）": 140.9766, "高さ（ｍ）": "285", "測器の深度（ｍ）": "101", "維持管理機関名": "防災科学技術研究所", "維持管理機関名（英語）": "NIED", "観測開始年（西暦）": "2001", "同月": "3", "観測機器名または観測項目": "短周期地震計" }, "geometry": { "type": "Point", "coordinates": [ 140.9766, 42.768 ] } },
{ "type": "Feature", "properties": { "観測の種類": "高感度", "name": "黒松内", "観測点名ローマ字": "KUROMATSUNAI", "観測点コード": "N.KMNH", "緯度（度）": 42.6104, "経度（度）": 140.4841, "高さ（ｍ）": "140", "測器の深度（ｍ）": "102", "維持管理機関名": "防災科学技術研究所", "維持管理機関名（英語）": "NIED", "観測開始年（西暦）": "2001", "同月": "3", "観測機器名または観測項目": "短周期地震計" }, "geometry": { "type": "Point", "coordinates": [ 140.4841, 42.6104 ] } },
{ "type": "Feature", "properties": { "観測の種類": "高感度", "name": "島牧", "観測点名ローマ字": "SHIMAMAKI", "観測点コード": "N.SMMH", "緯度（度）": 42.7797, "経度（度）": 140.1557, "高さ（ｍ）": "32", "測器の深度（ｍ）": "101", "維持管理機関名": "防災科学技術研究所", "維持管理機関名（英語）": "NIED", "観測開始年（西暦）": "2001", "同月": "3", "観測機器名または観測項目": "短周期地震計" }, "geometry": { "type": "Point", "coordinates": [ 140.1557, 42.7797 ] } },
{ "type": "Feature", "properties": { "観測の種類": "高感度", "name": "追分", "観測点名ローマ字": "OIWAKE", "観測点コード": "N.OIWH", "緯度（度）": 42.8739, "経度（度）": 141.8191, "高さ（ｍ）": "60", "測器の深度（ｍ）": "102", "維持管理機関名": "防災科学技術研究所", "維持管理機関名（英語）": "NIED", "観測開始年（西暦）": "2001", "同月": "3", "観測機器名または観測項目": "短周期地震計" }, "geometry": { "type": "Point", "coordinates": [ 141.8191, 42.8739 ] } },
{ "type": "Feature", "properties": { "観測の種類": "高感度", "name": "穂別", "観測点名ローマ字": "HOBETSU", "観測点コード": "N.HOBH", "緯度（度）": 42.8714, "経度（度）": 142.1285, "高さ（ｍ）": "175", "測器の深度（ｍ）": "104", "維持管理機関名": "防災科学技術研究所", "維持管理機関名（英語）": "NIED", "観測開始年（西暦）": "2001", "同月": "3", "観測機器名または観測項目": "短周期地震計" }, "geometry": { "type": "Point", "coordinates": [ 142.1285, 42.8714 ] } },
{ "type": "Feature", "properties": { "観測の種類": "高感度", "name": "厚真", "観測点名ローマ字": "ATSUMA", "観測点コード": "N.AMAH", "緯度（度）": 42.6486, "経度（度）": 141.8641, "高さ（ｍ）": "10", "測器の深度（ｍ）": "155", "維持管理機関名": "防災科学技術研究所", "維持管理機関名（英語）": "NIED", "観測開始年（西暦）": "2001", "同月": "3", "観測機器名または観測項目": "短周期地震計" }, "geometry": { "type": "Point", "coordinates": [ 141.8641, 42.6486 ] } },
{ "type": "Feature", "properties": { "観測の種類": "高感度", "name": "豊浦", "観測点名ローマ字": "TOYOURA", "観測点コード": "N.TURH", "緯度（度）": 42.6415, "経度（度）": 140.665, "高さ（ｍ）": "214", "測器の深度（ｍ）": "104", "維持管理機関名": "防災科学技術研究所", "維持管理機関名（英語）": "NIED", "観測開始年（西暦）": "2001", "同月": "3", "観測機器名または観測項目": "短周期地震計" }, "geometry": { "type": "Point", "coordinates": [ 140.665, 42.6415 ] } },
{ "type": "Feature", "properties": { "観測の種類": "高感度", "name": "白老", "観測点名ローマ字": "SHIRAOI", "観測点コード": "N.SOIH", "緯度（度）": 42.5629, "経度（度）": 141.3497, "高さ（ｍ）": "20", "測器の深度（ｍ）": "179", "維持管理機関名": "防災科学技術研究所", "維持管理機関名（英語）": "NIED", "観測開始年（西暦）": "2001", "同月": "3", "観測機器名または観測項目": "短周期地震計" }, "geometry": { "type": "Point", "coordinates": [ 141.3497, 42.5629 ] } },
{ "type": "Feature", "properties": { "観測の種類": "高感度", "name": "室蘭", "観測点名ローマ字": "MURORAN", "観測点コード": "N.MRRH", "緯度（度）": 42.4116, "経度（度）": 141.0017, "高さ（ｍ）": "400", "測器の深度（ｍ）": "564", "維持管理機関名": "防災科学技術研究所", "維持管理機関名（英語）": "NIED", "観測開始年（西暦）": "2001", "同月": "3", "観測機器名または観測項目": "短周期地震計" }, "geometry": { "type": "Point", "coordinates": [ 141.0017, 42.4116 ] } },
{ "type": "Feature", "properties": { "観測の種類": "高感度", "name": "大滝", "観測点名ローマ字": "OOTAKI", "観測点コード": "N.OHTH", "緯度（度）": 42.6476, "経度（度）": 141.0643, "高さ（ｍ）": "350", "測器の深度（ｍ）": "202", "維持管理機関名": "防災科学技術研究所", "維持管理機関名（英語）": "NIED", "観測開始年（西暦）": "2001", "同月": "3", "観測機器名または観測項目": "短周期地震計" }, "geometry": { "type": "Point", "coordinates": [ 141.0643, 42.6476 ] } },
{ "type": "Feature", "properties": { "観測の種類": "高感度", "name": "平取西", "観測点名ローマ字": "BIRATORI-W", "観測点コード": "N.BRWH", "緯度（度）": 42.7031, "経度（度）": 142.2296, "高さ（ｍ）": "82", "測器の深度（ｍ）": "100", "維持管理機関名": "防災科学技術研究所", "維持管理機関名（英語）": "NIED", "観測開始年（西暦）": "2000", "同月": "3", "観測機器名または観測項目": "短周期地震計" }, "geometry": { "type": "Point", "coordinates": [ 142.2296, 42.7031 ] } },
{ "type": "Feature", "properties": { "観測の種類": "高感度", "name": "平取東", "観測点名ローマ字": "BIRATORI-E", "観測点コード": "N.BREH", "緯度（度）": 42.7061, "経度（度）": 142.4054, "高さ（ｍ）": "230", "測器の深度（ｍ）": "110", "維持管理機関名": "防災科学技術研究所", "維持管理機関名（英語）": "NIED", "観測開始年（西暦）": "2000", "同月": "3", "観測機器名または観測項目": "短周期地震計" }, "geometry": { "type": "Point", "coordinates": [ 142.4054, 42.7061 ] } },
{ "type": "Feature", "properties": { "観測の種類": "高感度", "name": "門別東", "観測点名ローマ字": "MONBETSU-E", "観測点コード": "N.MBEH", "緯度（度）": 42.5934, "経度（度）": 142.3521, "高さ（ｍ）": "160", "測器の深度（ｍ）": "106", "維持管理機関名": "防災科学技術研究所", "維持管理機関名（英語）": "NIED", "観測開始年（西暦）": "2000", "同月": "3", "観測機器名または観測項目": "短周期地震計" }, "geometry": { "type": "Point", "coordinates": [ 142.3521, 42.5934 ] } },
{ "type": "Feature", "properties": { "観測の種類": "高感度", "name": "門別西", "観測点名ローマ字": "MONBETSU-W", "観測点コード": "N.MBWH", "緯度（度）": 42.5126, "経度（度）": 142.0381, "高さ（ｍ）": "10", "測器の深度（ｍ）": "222", "維持管理機関名": "防災科学技術研究所", "維持管理機関名（英語）": "NIED", "観測開始年（西暦）": "2001", "同月": "3", "観測機器名または観測項目": "短周期地震計" }, "geometry": { "type": "Point", "coordinates": [ 142.0381, 42.5126 ] } },
{ "type": "Feature", "properties": { "観測の種類": "高感度", "name": "新冠", "観測点名ローマ字": "NIIKAPPU", "観測点コード": "N.NCPH", "緯度（度）": 42.5977, "経度（度）": 142.5446, "高さ（ｍ）": "305", "測器の深度（ｍ）": "102", "維持管理機関名": "防災科学技術研究所", "維持管理機関名（英語）": "NIED", "観測開始年（西暦）": "2001", "同月": "3", "観測機器名または観測項目": "短周期地震計" }, "geometry": { "type": "Point", "coordinates": [ 142.5446, 42.5977 ] } },
{ "type": "Feature", "properties": { "観測の種類": "高感度", "name": "静内", "観測点名ローマ字": "SHIZUNAI", "観測点コード": "N.SZNH", "緯度（度）": 42.3498, "経度（度）": 142.3572, "高さ（ｍ）": "10", "測器の深度（ｍ）": "117", "維持管理機関名": "防災科学技術研究所", "維持管理機関名（英語）": "NIED", "観測開始年（西暦）": "2001", "同月": "3", "観測機器名または観測項目": "短周期地震計" }, "geometry": { "type": "Point", "coordinates": [ 142.3572, 42.3498 ] } },
{ "type": "Feature", "properties": { "観測の種類": "高感度", "name": "様似", "観測点名ローマ字": "SAMANI", "観測点コード": "N.SAMH", "緯度（度）": 42.133, "経度（度）": 142.9164, "高さ（ｍ）": "40", "測器の深度（ｍ）": "103", "維持管理機関名": "防災科学技術研究所", "維持管理機関名（英語）": "NIED", "観測開始年（西暦）": "2001", "同月": "3", "観測機器名または観測項目": "短周期地震計" }, "geometry": { "type": "Point", "coordinates": [ 142.9164, 42.133 ] } },
{ "type": "Feature", "properties": { "観測の種類": "高感度", "name": "北檜山", "観測点名ローマ字": "KITAHIYAMA", "観測点コード": "N.KHYH", "緯度（度）": 42.4851, "経度（度）": 139.9679, "高さ（ｍ）": "167", "測器の深度（ｍ）": "114", "維持管理機関名": "防災科学技術研究所", "維持管理機関名（英語）": "NIED", "観測開始年（西暦）": "2001", "同月": "3", "観測機器名または観測項目": "短周期地震計" }, "geometry": { "type": "Point", "coordinates": [ 139.9679, 42.4851 ] } },
{ "type": "Feature", "properties": { "観測の種類": "高感度", "name": "厚沢部", "観測点名ローマ字": "ASSABU", "観測点コード": "N.ASBH", "緯度（度）": 41.9856, "経度（度）": 140.3087, "高さ（ｍ）": "85", "測器の深度（ｍ）": "103", "維持管理機関名": "防災科学技術研究所", "維持管理機関名（英語）": "NIED", "観測開始年（西暦）": "2001", "同月": "3", "観測機器名または観測項目": "短周期地震計" }, "geometry": { "type": "Point", "coordinates": [ 140.3087, 41.9856 ] } },
{ "type": "Feature", "properties": { "観測の種類": "高感度", "name": "熊石", "観測点名ローマ字": "KUMAISHI", "観測点コード": "N.KUMH", "緯度（度）": 42.1344, "経度（度）": 140.004, "高さ（ｍ）": "70", "測器の深度（ｍ）": "102", "維持管理機関名": "防災科学技術研究所", "維持管理機関名（英語）": "NIED", "観測開始年（西暦）": "2001", "同月": "3", "観測機器名または観測項目": "短周期地震計" }, "geometry": { "type": "Point", "coordinates": [ 140.004, 42.1344 ] } },
{ "type": "Feature", "properties": { "観測の種類": "高感度", "name": "知内", "観測点名ローマ字": "SHIRIUCHI", "観測点コード": "N.SRUH", "緯度（度）": 41.5977, "経度（度）": 140.4207, "高さ（ｍ）": "5", "測器の深度（ｍ）": "152", "維持管理機関名": "防災科学技術研究所", "維持管理機関名（英語）": "NIED", "観測開始年（西暦）": "2001", "同月": "3", "観測機器名または観測項目": "短周期地震計" }, "geometry": { "type": "Point", "coordinates": [ 140.4207, 41.5977 ] } },
{ "type": "Feature", "properties": { "観測の種類": "高感度", "name": "上磯", "観測点名ローマ字": "KAMIISO", "観測点コード": "N.KAIH", "緯度（度）": 41.8374, "経度（度）": 140.6331, "高さ（ｍ）": "10", "測器の深度（ｍ）": "362", "維持管理機関名": "防災科学技術研究所", "維持管理機関名（英語）": "NIED", "観測開始年（西暦）": "2001", "同月": "3", "観測機器名または観測項目": "短周期地震計" }, "geometry": { "type": "Point", "coordinates": [ 140.6331, 41.8374 ] } },
{ "type": "Feature", "properties": { "観測の種類": "高感度", "name": "大間", "観測点名ローマ字": "OOMA", "観測点コード": "N.OOMH", "緯度（度）": 41.5273, "経度（度）": 140.9127, "高さ（ｍ）": "10", "測器の深度（ｍ）": "102", "維持管理機関名": "防災科学技術研究所", "維持管理機関名（英語）": "NIED", "観測開始年（西暦）": "2000", "同月": "3", "観測機器名または観測項目": "短周期地震計" }, "geometry": { "type": "Point", "coordinates": [ 140.9127, 41.5273 ] } },
{ "type": "Feature", "properties": { "観測の種類": "高感度", "name": "佐井", "観測点名ローマ字": "SAI", "観測点コード": "N.SAIH", "緯度（度）": 41.4049, "経度（度）": 140.8567, "高さ（ｍ）": "30", "測器の深度（ｍ）": "202", "維持管理機関名": "防災科学技術研究所", "維持管理機関名（英語）": "NIED", "観測開始年（西暦）": "2000", "同月": "3", "観測機器名または観測項目": "短周期地震計" }, "geometry": { "type": "Point", "coordinates": [ 140.8567, 41.4049 ] } },
{ "type": "Feature", "properties": { "観測の種類": "高感度", "name": "川内", "観測点名ローマ字": "KAWAUCHI", "観測点コード": "N.KUCH", "緯度（度）": 41.234, "経度（度）": 140.9896, "高さ（ｍ）": "20", "測器の深度（ｍ）": "102", "維持管理機関名": "防災科学技術研究所", "維持管理機関名（英語）": "NIED", "観測開始年（西暦）": "2000", "同月": "3", "観測機器名または観測項目": "短周期地震計" }, "geometry": { "type": "Point", "coordinates": [ 140.9896, 41.234 ] } },
{ "type": "Feature", "properties": { "観測の種類": "高感度", "name": "青森", "観測点名ローマ字": "AOMORI", "観測点コード": "N.AOMH", "緯度（度）": 40.8524, "経度（度）": 140.6759, "高さ（ｍ）": "10", "測器の深度（ｍ）": "309", "維持管理機関名": "防災科学技術研究所", "維持管理機関名（英語）": "NIED", "観測開始年（西暦）": "2000", "同月": "3", "観測機器名または観測項目": "短周期地震計" }, "geometry": { "type": "Point", "coordinates": [ 140.6759, 40.8524 ] } },
{ "type": "Feature", "properties": { "観測の種類": "高感度", "name": "野辺地", "観測点名ローマ字": "NOHEJI", "観測点コード": "N.NHJH", "緯度（度）": 40.8564, "経度（度）": 141.1033, "高さ（ｍ）": "45", "測器の深度（ｍ）": "314", "維持管理機関名": "防災科学技術研究所", "維持管理機関名（英語）": "NIED", "観測開始年（西暦）": "2000", "同月": "3", "観測機器名または観測項目": "短周期地震計" }, "geometry": { "type": "Point", "coordinates": [ 141.1033, 40.8564 ] } },
{ "type": "Feature", "properties": { "観測の種類": "高感度", "name": "六ヶ所", "観測点名ローマ字": "ROKKASHO", "観測点コード": "N.RKSH", "緯度（度）": 40.9664, "経度（度）": 141.3738, "高さ（ｍ）": "5", "測器の深度（ｍ）": "102", "維持管理機関名": "防災科学技術研究所", "維持管理機関名（英語）": "NIED", "観測開始年（西暦）": "2000", "同月": "3", "観測機器名または観測項目": "短周期地震計" }, "geometry": { "type": "Point", "coordinates": [ 141.3738, 40.9664 ] } },
{ "type": "Feature", "properties": { "観測の種類": "高感度", "name": "深浦", "観測点名ローマ字": "FUKAURA", "観測点コード": "N.FKUH", "緯度（度）": 40.7451, "経度（度）": 140.0233, "高さ（ｍ）": "35", "測器の深度（ｍ）": "110", "維持管理機関名": "防災科学技術研究所", "維持管理機関名（英語）": "NIED", "観測開始年（西暦）": "2000", "同月": "3", "観測機器名または観測項目": "短周期地震計" }, "geometry": { "type": "Point", "coordinates": [ 140.0233, 40.7451 ] } },
{ "type": "Feature", "properties": { "観測の種類": "高感度", "name": "鰺ヶ沢", "観測点名ローマ字": "AJIGASAWA", "観測点コード": "N.AJSH", "緯度（度）": 40.7618, "経度（度）": 140.3121, "高さ（ｍ）": "50", "測器の深度（ｍ）": "162", "維持管理機関名": "防災科学技術研究所", "維持管理機関名（英語）": "NIED", "観測開始年（西暦）": "2000", "同月": "3", "観測機器名または観測項目": "短周期地震計" }, "geometry": { "type": "Point", "coordinates": [ 140.3121, 40.7618 ] } },
{ "type": "Feature", "properties": { "観測の種類": "高感度", "name": "岩木", "観測点名ローマ字": "IWAKI", "観測点コード": "N.IKIH", "緯度（度）": 40.62, "経度（度）": 140.3497, "高さ（ｍ）": "160", "測器の深度（ｍ）": "164", "維持管理機関名": "防災科学技術研究所", "維持管理機関名（英語）": "NIED", "観測開始年（西暦）": "2000", "同月": "3", "観測機器名または観測項目": "短周期地震計" }, "geometry": { "type": "Point", "coordinates": [ 140.3497, 40.62 ] } },
{ "type": "Feature", "properties": { "観測の種類": "高感度", "name": "黒石", "観測点名ローマ字": "KUROISHI", "観測点コード": "N.KRIH", "緯度（度）": 40.6091, "経度（度）": 140.6646, "高さ（ｍ）": "102", "測器の深度（ｍ）": "107", "維持管理機関名": "防災科学技術研究所", "維持管理機関名（英語）": "NIED", "観測開始年（西暦）": "2000", "同月": "3", "観測機器名または観測項目": "短周期地震計" }, "geometry": { "type": "Point", "coordinates": [ 140.6646, 40.6091 ] } },
{ "type": "Feature", "properties": { "観測の種類": "高感度", "name": "十和田湖西", "観測点名ローマ字": "TOWADAKO-W", "観測点コード": "N.TWWH", "緯度（度）": 40.58, "経度（度）": 140.995, "高さ（ｍ）": "240", "測器の深度（ｍ）": "102", "維持管理機関名": "防災科学技術研究所", "維持管理機関名（英語）": "NIED", "観測開始年（西暦）": "2000", "同月": "3", "観測機器名または観測項目": "短周期地震計" }, "geometry": { "type": "Point", "coordinates": [ 140.995, 40.58 ] } },
{ "type": "Feature", "properties": { "観測の種類": "高感度", "name": "十和田湖東", "観測点名ローマ字": "TOWADAKO-E", "観測点コード": "N.TWEH", "緯度（度）": 40.5846, "経度（度）": 141.1547, "高さ（ｍ）": "85", "測器の深度（ｍ）": "102", "維持管理機関名": "防災科学技術研究所", "維持管理機関名（英語）": "NIED", "観測開始年（西暦）": "2000", "同月": "3", "観測機器名または観測項目": "短周期地震計" }, "geometry": { "type": "Point", "coordinates": [ 141.1547, 40.5846 ] } },
{ "type": "Feature", "properties": { "観測の種類": "高感度", "name": "八戸", "観測点名ローマ字": "HACHINOHE", "観測点コード": "N.HHEH", "緯度（度）": 40.5794, "経度（度）": 141.4451, "高さ（ｍ）": "10", "測器の深度（ｍ）": "152", "維持管理機関名": "防災科学技術研究所", "維持管理機関名（英語）": "NIED", "観測開始年（西暦）": "2000", "同月": "3", "観測機器名または観測項目": "短周期地震計" }, "geometry": { "type": "Point", "coordinates": [ 141.4451, 40.5794 ] } },
{ "type": "Feature", "properties": { "観測の種類": "高感度", "name": "西目屋", "観測点名ローマ字": "NISHIMEYA", "観測点コード": "N.NYAH", "緯度（度）": 40.5488, "経度（度）": 140.2726, "高さ（ｍ）": "158", "測器の深度（ｍ）": "102", "維持管理機関名": "防災科学技術研究所", "維持管理機関名（英語）": "NIED", "観測開始年（西暦）": "2000", "同月": "3", "観測機器名または観測項目": "短周期地震計" }, "geometry": { "type": "Point", "coordinates": [ 140.2726, 40.5488 ] } },
{ "type": "Feature", "properties": { "観測の種類": "高感度", "name": "大鰐", "観測点名ローマ字": "OWANI", "観測点コード": "N.OWNH", "緯度（度）": 40.4841, "経度（度）": 140.5565, "高さ（ｍ）": "130", "測器の深度（ｍ）": "102", "維持管理機関名": "防災科学技術研究所", "維持管理機関名（英語）": "NIED", "観測開始年（西暦）": "2000", "同月": "3", "観測機器名または観測項目": "短周期地震計" }, "geometry": { "type": "Point", "coordinates": [ 140.5565, 40.4841 ] } },
{ "type": "Feature", "properties": { "観測の種類": "高感度", "name": "新郷", "観測点名ローマ字": "SHINGO", "観測点コード": "N.SHGH", "緯度（度）": 40.4624, "経度（度）": 141.0923, "高さ（ｍ）": "315", "測器の深度（ｍ）": "152", "維持管理機関名": "防災科学技術研究所", "維持管理機関名（英語）": "NIED", "観測開始年（西暦）": "2000", "同月": "3", "観測機器名または観測項目": "短周期地震計" }, "geometry": { "type": "Point", "coordinates": [ 141.0923, 40.4624 ] } },
{ "type": "Feature", "properties": { "観測の種類": "高感度", "name": "名川", "観測点名ローマ字": "NAGAWA", "観測点コード": "N.NWAH", "緯度（度）": 40.4492, "経度（度）": 141.3374, "高さ（ｍ）": "65", "測器の深度（ｍ）": "116", "維持管理機関名": "防災科学技術研究所", "維持管理機関名（英語）": "NIED", "観測開始年（西暦）": "2000", "同月": "3", "観測機器名または観測項目": "短周期地震計" }, "geometry": { "type": "Point", "coordinates": [ 141.3374, 40.4492 ] } },
{ "type": "Feature", "properties": { "観測の種類": "高感度", "name": "田子", "観測点名ローマ字": "TAKKO", "観測点コード": "N.TTKH", "緯度（度）": 40.2962, "経度（度）": 141.0145, "高さ（ｍ）": "235", "測器の深度（ｍ）": "102", "維持管理機関名": "防災科学技術研究所", "維持管理機関名（英語）": "NIED", "観測開始年（西暦）": "2000", "同月": "3", "観測機器名または観測項目": "短周期地震計" }, "geometry": { "type": "Point", "coordinates": [ 141.0145, 40.2962 ] } },
{ "type": "Feature", "properties": { "観測の種類": "高感度", "name": "二戸東", "観測点名ローマ字": "NINOHE-E", "観測点コード": "N.NHEH", "緯度（度）": 40.2383, "経度（度）": 141.3423, "高さ（ｍ）": "230", "測器の深度（ｍ）": "202", "維持管理機関名": "防災科学技術研究所", "維持管理機関名（英語）": "NIED", "観測開始年（西暦）": "2000", "同月": "3", "観測機器名または観測項目": "短周期地震計" }, "geometry": { "type": "Point", "coordinates": [ 141.3423, 40.2383 ] } },
{ "type": "Feature", "properties": { "観測の種類": "高感度", "name": "玉山", "観測点名ローマ字": "TAMAYAMA", "観測点コード": "N.TMYH", "緯度（度）": 39.825, "経度（度）": 141.3826, "高さ（ｍ）": "675", "測器の深度（ｍ）": "104", "維持管理機関名": "防災科学技術研究所", "維持管理機関名（英語）": "NIED", "観測開始年（西暦）": "2000", "同月": "3", "観測機器名または観測項目": "短周期地震計" }, "geometry": { "type": "Point", "coordinates": [ 141.3826, 39.825 ] } },
{ "type": "Feature", "properties": { "観測の種類": "高感度", "name": "岩泉", "観測点名ローマ字": "IWAIZUMI", "観測点コード": "N.IWZH", "緯度（度）": 39.802, "経度（度）": 141.652, "高さ（ｍ）": "310", "測器の深度（ｍ）": "101", "維持管理機関名": "防災科学技術研究所", "維持管理機関名（英語）": "NIED", "観測開始年（西暦）": "2000", "同月": "3", "観測機器名または観測項目": "短周期地震計" }, "geometry": { "type": "Point", "coordinates": [ 141.652, 39.802 ] } },
{ "type": "Feature", "properties": { "観測の種類": "高感度", "name": "住田", "観測点名ローマ字": "SUMITA", "観測点コード": "N.SMTH", "緯度（度）": 39.1809, "経度（度）": 141.3909, "高さ（ｍ）": "620", "測器の深度（ｍ）": "107", "維持管理機関名": "防災科学技術研究所", "維持管理機関名（英語）": "NIED", "観測開始年（西暦）": "2000", "同月": "3", "観測機器名または観測項目": "短周期地震計" }, "geometry": { "type": "Point", "coordinates": [ 141.3909, 39.1809 ] } },
{ "type": "Feature", "properties": { "観測の種類": "高感度", "name": "藤沢", "観測点名ローマ字": "FUJISAWA", "観測点コード": "N.FSWH", "緯度（度）": 38.8654, "経度（度）": 141.3512, "高さ（ｍ）": "120", "測器の深度（ｍ）": "102", "維持管理機関名": "防災科学技術研究所", "維持管理機関名（英語）": "NIED", "観測開始年（西暦）": "2000", "同月": "3", "観測機器名または観測項目": "短周期地震計" }, "geometry": { "type": "Point", "coordinates": [ 141.3512, 38.8654 ] } },
{ "type": "Feature", "properties": { "観測の種類": "高感度", "name": "二戸西", "観測点名ローマ字": "NINOHE-W", "観測点コード": "N.NHWH", "緯度（度）": 40.2611, "経度（度）": 141.1709, "高さ（ｍ）": "225", "測器の深度（ｍ）": "101", "維持管理機関名": "防災科学技術研究所", "維持管理機関名（英語）": "NIED", "観測開始年（西暦）": "2000", "同月": "3", "観測機器名または観測項目": "短周期地震計" }, "geometry": { "type": "Point", "coordinates": [ 141.1709, 40.2611 ] } },
{ "type": "Feature", "properties": { "観測の種類": "高感度", "name": "軽米", "観測点名ローマ字": "KARUMAI", "観測点コード": "N.KRMH", "緯度（度）": 40.2705, "経度（度）": 141.5709, "高さ（ｍ）": "260", "測器の深度（ｍ）": "122", "維持管理機関名": "防災科学技術研究所", "維持管理機関名（英語）": "NIED", "観測開始年（西暦）": "2000", "同月": "3", "観測機器名または観測項目": "短周期地震計" }, "geometry": { "type": "Point", "coordinates": [ 141.5709, 40.2705 ] } },
{ "type": "Feature", "properties": { "観測の種類": "高感度", "name": "久慈北", "観測点名ローマ字": "KUJI-N", "観測点コード": "N.KJNH", "緯度（度）": 40.2686, "経度（度）": 141.7831, "高さ（ｍ）": "175", "測器の深度（ｍ）": "101", "維持管理機関名": "防災科学技術研究所", "維持管理機関名（英語）": "NIED", "観測開始年（西暦）": "2000", "同月": "3", "観測機器名または観測項目": "短周期地震計" }, "geometry": { "type": "Point", "coordinates": [ 141.7831, 40.2686 ] } },
{ "type": "Feature", "properties": { "観測の種類": "高感度", "name": "久慈南", "観測点名ローマ字": "KUJI-S", "観測点コード": "N.KJSH", "緯度（度）": 40.0861, "経度（度）": 141.712, "高さ（ｍ）": "240", "測器の深度（ｍ）": "101", "維持管理機関名": "防災科学技術研究所", "維持管理機関名（英語）": "NIED", "観測開始年（西暦）": "2000", "同月": "3", "観測機器名または観測項目": "短周期地震計" }, "geometry": { "type": "Point", "coordinates": [ 141.712, 40.0861 ] } },
{ "type": "Feature", "properties": { "観測の種類": "高感度", "name": "安代", "観測点名ローマ字": "ASHIRO", "観測点コード": "N.ASRH", "緯度（度）": 40.1391, "経度（度）": 140.9529, "高さ（ｍ）": "308", "測器の深度（ｍ）": "101", "維持管理機関名": "防災科学技術研究所", "維持管理機関名（英語）": "NIED", "観測開始年（西暦）": "2000", "同月": "3", "観測機器名または観測項目": "短周期地震計" }, "geometry": { "type": "Point", "coordinates": [ 140.9529, 40.1391 ] } },
{ "type": "Feature", "properties": { "観測の種類": "高感度", "name": "一戸", "観測点名ローマ字": "ICHINOHE", "観測点コード": "N.IHEH", "緯度（度）": 40.0811, "経度（度）": 141.1915, "高さ（ｍ）": "629", "測器の深度（ｍ）": "301", "維持管理機関名": "防災科学技術研究所", "維持管理機関名（英語）": "NIED", "観測開始年（西暦）": "2000", "同月": "3", "観測機器名または観測項目": "短周期地震計" }, "geometry": { "type": "Point", "coordinates": [ 141.1915, 40.0811 ] } },
{ "type": "Feature", "properties": { "観測の種類": "高感度", "name": "九戸", "観測点名ローマ字": "KUNOHE", "観測点コード": "N.KHEH", "緯度（度）": 40.1533, "経度（度）": 141.4245, "高さ（ｍ）": "365", "測器の深度（ｍ）": "101", "維持管理機関名": "防災科学技術研究所", "維持管理機関名（英語）": "NIED", "観測開始年（西暦）": "2000", "同月": "3", "観測機器名または観測項目": "短周期地震計" }, "geometry": { "type": "Point", "coordinates": [ 141.4245, 40.1533 ] } },
{ "type": "Feature", "properties": { "観測の種類": "高感度", "name": "葛巻", "観測点名ローマ字": "KUZUMAKI", "観測点コード": "N.KZMH", "緯度（度）": 39.9398, "経度（度）": 141.5492, "高さ（ｍ）": "570", "測器の深度（ｍ）": "101", "維持管理機関名": "防災科学技術研究所", "維持管理機関名（英語）": "NIED", "観測開始年（西暦）": "2000", "同月": "3", "観測機器名または観測項目": "短周期地震計" }, "geometry": { "type": "Point", "coordinates": [ 141.5492, 39.9398 ] } },
{ "type": "Feature", "properties": { "観測の種類": "高感度", "name": "田老", "観測点名ローマ字": "TARO", "観測点コード": "N.TROH", "緯度（度）": 39.7435, "経度（度）": 141.9087, "高さ（ｍ）": "200", "測器の深度（ｍ）": "102", "維持管理機関名": "防災科学技術研究所", "維持管理機関名（英語）": "NIED", "観測開始年（西暦）": "2000", "同月": "3", "観測機器名または観測項目": "短周期地震計" }, "geometry": { "type": "Point", "coordinates": [ 141.9087, 39.7435 ] } },
{ "type": "Feature", "properties": { "観測の種類": "高感度", "name": "矢巾", "観測点名ローマ字": "YAHABA", "観測点コード": "N.YHBH", "緯度（度）": 39.6148, "経度（度）": 141.0929, "高さ（ｍ）": "195", "測器の深度（ｍ）": "124", "維持管理機関名": "防災科学技術研究所", "維持管理機関名（英語）": "NIED", "観測開始年（西暦）": "2000", "同月": "3", "観測機器名または観測項目": "短周期地震計" }, "geometry": { "type": "Point", "coordinates": [ 141.0929, 39.6148 ] } },
{ "type": "Feature", "properties": { "観測の種類": "高感度", "name": "雫石", "観測点名ローマ字": "SHIZUKUISHI", "観測点コード": "N.SZKH", "緯度（度）": 39.6436, "経度（度）": 140.9465, "高さ（ｍ）": "212", "測器の深度（ｍ）": "152", "維持管理機関名": "防災科学技術研究所", "維持管理機関名（英語）": "NIED", "観測開始年（西暦）": "2000", "同月": "3", "観測機器名または観測項目": "短周期地震計" }, "geometry": { "type": "Point", "coordinates": [ 140.9465, 39.6436 ] } },
{ "type": "Feature", "properties": { "観測の種類": "高感度", "name": "川井北", "観測点名ローマ字": "KAWAI-N", "観測点コード": "N.KANH", "緯度（度）": 39.6442, "経度（度）": 141.5977, "高さ（ｍ）": "305", "測器の深度（ｍ）": "104", "維持管理機関名": "防災科学技術研究所", "維持管理機関名（英語）": "NIED", "観測開始年（西暦）": "2000", "同月": "3", "観測機器名または観測項目": "短周期地震計" }, "geometry": { "type": "Point", "coordinates": [ 141.5977, 39.6442 ] } },
{ "type": "Feature", "properties": { "観測の種類": "高感度", "name": "川井南", "観測点名ローマ字": "KAWAI-S", "観測点コード": "N.KASH", "緯度（度）": 39.463, "経度（度）": 141.6775, "高さ（ｍ）": "552", "測器の深度（ｍ）": "101", "維持管理機関名": "防災科学技術研究所", "維持管理機関名（英語）": "NIED", "観測開始年（西暦）": "2000", "同月": "3", "観測機器名または観測項目": "短周期地震計" }, "geometry": { "type": "Point", "coordinates": [ 141.6775, 39.463 ] } },
{ "type": "Feature", "properties": { "観測の種類": "高感度", "name": "花巻北", "観測点名ローマ字": "HANAMAKI-N", "観測点コード": "N.HMNH", "緯度（度）": 39.4559, "経度（度）": 141.0001, "高さ（ｍ）": "220", "測器の深度（ｍ）": "101", "維持管理機関名": "防災科学技術研究所", "維持管理機関名（英語）": "NIED", "観測開始年（西暦）": "2000", "同月": "3", "観測機器名または観測項目": "短周期地震計" }, "geometry": { "type": "Point", "coordinates": [ 141.0001, 39.4559 ] } },
{ "type": "Feature", "properties": { "観測の種類": "高感度", "name": "花巻南", "観測点名ローマ字": "HANAMAKI-S", "観測点コード": "N.HMSH", "緯度（度）": 39.3434, "経度（度）": 141.0473, "高さ（ｍ）": "106", "測器の深度（ｍ）": "158", "維持管理機関名": "防災科学技術研究所", "維持管理機関名（英語）": "NIED", "観測開始年（西暦）": "2000", "同月": "3", "観測機器名または観測項目": "短周期地震計" }, "geometry": { "type": "Point", "coordinates": [ 141.0473, 39.3434 ] } },
{ "type": "Feature", "properties": { "観測の種類": "高感度", "name": "山田", "観測点名ローマ字": "YAMADA", "観測点コード": "N.YMDH", "緯度（度）": 39.4734, "経度（度）": 141.9336, "高さ（ｍ）": "13", "測器の深度（ｍ）": "101", "維持管理機関名": "防災科学技術研究所", "維持管理機関名（英語）": "NIED", "観測開始年（西暦）": "2000", "同月": "3", "観測機器名または観測項目": "短周期地震計" }, "geometry": { "type": "Point", "coordinates": [ 141.9336, 39.4734 ] } },
{ "type": "Feature", "properties": { "観測の種類": "高感度", "name": "東和", "観測点名ローマ字": "TOWA", "観測点コード": "N.TOUH", "緯度（度）": 39.334, "経度（度）": 141.3015, "高さ（ｍ）": "260", "測器の深度（ｍ）": "101", "維持管理機関名": "防災科学技術研究所", "維持管理機関名（英語）": "NIED", "観測開始年（西暦）": "2000", "同月": "3", "観測機器名または観測項目": "短周期地震計" }, "geometry": { "type": "Point", "coordinates": [ 141.3015, 39.334 ] } },
{ "type": "Feature", "properties": { "観測の種類": "高感度", "name": "釜石", "観測点名ローマ字": "KAMAISHI", "観測点コード": "N.KMIH", "緯度（度）": 39.2741, "経度（度）": 141.8233, "高さ（ｍ）": "44", "測器の深度（ｍ）": "105", "維持管理機関名": "防災科学技術研究所", "維持管理機関名（英語）": "NIED", "観測開始年（西暦）": "2000", "同月": "3", "観測機器名または観測項目": "短周期地震計" }, "geometry": { "type": "Point", "coordinates": [ 141.8233, 39.2741 ] } },
{ "type": "Feature", "properties": { "観測の種類": "高感度", "name": "金ヶ崎", "観測点名ローマ字": "KANEGASAKI", "観測点コード": "N.KGSH", "緯度（度）": 39.1979, "経度（度）": 141.0118, "高さ（ｍ）": "200", "測器の深度（ｍ）": "152", "維持管理機関名": "防災科学技術研究所", "維持管理機関名（英語）": "NIED", "観測開始年（西暦）": "2000", "同月": "3", "観測機器名または観測項目": "短周期地震計" }, "geometry": { "type": "Point", "coordinates": [ 141.0118, 39.1979 ] } },
{ "type": "Feature", "properties": { "観測の種類": "高感度", "name": "一関西2", "観測点名ローマ字": "ICHINOSEKI-W2", "観測点コード": "N.IW2H", "緯度（度）": 39.0095, "経度（度）": 140.864, "高さ（ｍ）": "380", "測器の深度（ｍ）": "265", "維持管理機関名": "防災科学技術研究所", "維持管理機関名（英語）": "NIED", "観測開始年（西暦）": "2011", "同月": "3", "観測機器名または観測項目": "短周期地震計" }, "geometry": { "type": "Point", "coordinates": [ 140.864, 39.0095 ] } },
{ "type": "Feature", "properties": { "観測の種類": "高感度", "name": "一関東", "観測点名ローマ字": "ICHINOSEKI-E", "観測点コード": "N.ICEH", "緯度（度）": 38.969, "経度（度）": 141.0013, "高さ（ｍ）": "125", "測器の深度（ｍ）": "109", "維持管理機関名": "防災科学技術研究所", "維持管理機関名（英語）": "NIED", "観測開始年（西暦）": "2000", "同月": "3", "観測機器名または観測項目": "短周期地震計" }, "geometry": { "type": "Point", "coordinates": [ 141.0013, 38.969 ] } },
{ "type": "Feature", "properties": { "観測の種類": "高感度", "name": "陸前高田", "観測点名ローマ字": "RIKUZENTAKATA", "観測点コード": "N.RZTH", "緯度（度）": 39.0307, "経度（度）": 141.532, "高さ（ｍ）": "80", "測器の深度（ｍ）": "102", "維持管理機関名": "防災科学技術研究所", "維持管理機関名（英語）": "NIED", "観測開始年（西暦）": "2000", "同月": "3", "観測機器名または観測項目": "短周期地震計" }, "geometry": { "type": "Point", "coordinates": [ 141.532, 39.0307 ] } },
{ "type": "Feature", "properties": { "観測の種類": "高感度", "name": "鳴子", "観測点名ローマ字": "NARUKO", "観測点コード": "N.NRKH", "緯度（度）": 38.8587, "経度（度）": 140.6513, "高さ（ｍ）": "345", "測器の深度（ｍ）": "204", "維持管理機関名": "防災科学技術研究所", "維持管理機関名（英語）": "NIED", "観測開始年（西暦）": "2000", "同月": "3", "観測機器名または観測項目": "短周期地震計" }, "geometry": { "type": "Point", "coordinates": [ 140.6513, 38.8587 ] } },
{ "type": "Feature", "properties": { "観測の種類": "高感度", "name": "唐桑", "観測点名ローマ字": "KARAKUWA", "観測点コード": "N.KKWH", "緯度（度）": 38.9207, "経度（度）": 141.6377, "高さ（ｍ）": "80", "測器の深度（ｍ）": "118", "維持管理機関名": "防災科学技術研究所", "維持管理機関名（英語）": "NIED", "観測開始年（西暦）": "2000", "同月": "3", "観測機器名または観測項目": "短周期地震計" }, "geometry": { "type": "Point", "coordinates": [ 141.6377, 38.9207 ] } },
{ "type": "Feature", "properties": { "観測の種類": "高感度", "name": "東和", "観測点名ローマ字": "TOWA", "観測点コード": "N.TOWH", "緯度（度）": 38.786, "経度（度）": 141.3254, "高さ（ｍ）": "35", "測器の深度（ｍ）": "101", "維持管理機関名": "防災科学技術研究所", "維持管理機関名（英語）": "NIED", "観測開始年（西暦）": "2000", "同月": "3", "観測機器名または観測項目": "短周期地震計" }, "geometry": { "type": "Point", "coordinates": [ 141.3254, 38.786 ] } },
{ "type": "Feature", "properties": { "観測の種類": "高感度", "name": "小野田", "観測点名ローマ字": "ONODA", "観測点コード": "N.ONDH", "緯度（度）": 38.5793, "経度（度）": 140.7804, "高さ（ｍ）": "59", "測器の深度（ｍ）": "338", "維持管理機関名": "防災科学技術研究所", "維持管理機関名（英語）": "NIED", "観測開始年（西暦）": "2000", "同月": "3", "観測機器名または観測項目": "短周期地震計" }, "geometry": { "type": "Point", "coordinates": [ 140.7804, 38.5793 ] } },
{ "type": "Feature", "properties": { "観測の種類": "高感度", "name": "田尻", "観測点名ローマ字": "TAJIRI", "観測点コード": "N.TAJH", "緯度（度）": 38.5907, "経度（度）": 141.071, "高さ（ｍ）": "20", "測器の深度（ｍ）": "101", "維持管理機関名": "防災科学技術研究所", "維持管理機関名（英語）": "NIED", "観測開始年（西暦）": "2000", "同月": "3", "観測機器名または観測項目": "短周期地震計" }, "geometry": { "type": "Point", "coordinates": [ 141.071, 38.5907 ] } },
{ "type": "Feature", "properties": { "観測の種類": "高感度", "name": "川崎", "観測点名ローマ字": "KAWASAKI", "観測点コード": "N.KWSH", "緯度（度）": 38.1802, "経度（度）": 140.6405, "高さ（ｍ）": "186", "測器の深度（ｍ）": "143", "維持管理機関名": "防災科学技術研究所", "維持管理機関名（英語）": "NIED", "観測開始年（西暦）": "2000", "同月": "3", "観測機器名または観測項目": "短周期地震計" }, "geometry": { "type": "Point", "coordinates": [ 140.6405, 38.1802 ] } },
{ "type": "Feature", "properties": { "観測の種類": "高感度", "name": "岩沼", "観測点名ローマ字": "IWANUMA", "観測点コード": "N.IWNH", "緯度（度）": 38.1133, "経度（度）": 140.8441, "高さ（ｍ）": "10", "測器の深度（ｍ）": "101", "維持管理機関名": "防災科学技術研究所", "維持管理機関名（英語）": "NIED", "観測開始年（西暦）": "2000", "同月": "3", "観測機器名または観測項目": "短周期地震計" }, "geometry": { "type": "Point", "coordinates": [ 140.8441, 38.1133 ] } },
{ "type": "Feature", "properties": { "観測の種類": "高感度", "name": "白石", "観測点名ローマ字": "SHIROISHI", "観測点コード": "N.SISH", "緯度（度）": 38.0091, "経度（度）": 140.6027, "高さ（ｍ）": "130", "測器の深度（ｍ）": "101", "維持管理機関名": "防災科学技術研究所", "維持管理機関名（英語）": "NIED", "観測開始年（西暦）": "2000", "同月": "3", "観測機器名または観測項目": "短周期地震計" }, "geometry": { "type": "Point", "coordinates": [ 140.6027, 38.0091 ] } },
{ "type": "Feature", "properties": { "観測の種類": "高感度", "name": "山元", "観測点名ローマ字": "YAMAMOTO", "観測点コード": "N.YMMH", "緯度（度）": 37.9411, "経度（度）": 140.8924, "高さ（ｍ）": "18", "測器の深度（ｍ）": "206", "維持管理機関名": "防災科学技術研究所", "維持管理機関名（英語）": "NIED", "観測開始年（西暦）": "2000", "同月": "3", "観測機器名または観測項目": "短周期地震計" }, "geometry": { "type": "Point", "coordinates": [ 140.8924, 37.9411 ] } },
{ "type": "Feature", "properties": { "観測の種類": "高感度", "name": "河北", "観測点名ローマ字": "KAHOKU", "観測点コード": "N.KAKH", "緯度（度）": 38.5158, "経度（度）": 141.3421, "高さ（ｍ）": "5", "測器の深度（ｍ）": "207", "維持管理機関名": "防災科学技術研究所", "維持管理機関名（英語）": "NIED", "観測開始年（西暦）": "2001", "同月": "3", "観測機器名または観測項目": "短周期地震計" }, "geometry": { "type": "Point", "coordinates": [ 141.3421, 38.5158 ] } },
{ "type": "Feature", "properties": { "観測の種類": "高感度", "name": "南三陸", "観測点名ローマ字": "MINAMISANRIKU", "観測点コード": "N.MSRH", "緯度（度）": 38.6993, "経度（度）": 141.4176, "高さ（ｍ）": "90", "測器の深度（ｍ）": "102", "維持管理機関名": "防災科学技術研究所", "維持管理機関名（英語）": "NIED", "観測開始年（西暦）": "2013", "同月": "2", "観測機器名または観測項目": "短周期地震計" }, "geometry": { "type": "Point", "coordinates": [ 141.4176, 38.6993 ] } },
{ "type": "Feature", "properties": { "観測の種類": "高感度", "name": "利府", "観測点名ローマ字": "RIFU", "観測点コード": "N.RIFH", "緯度（度）": 38.34, "経度（度）": 140.9551, "高さ（ｍ）": "48", "測器の深度（ｍ）": "1052", "維持管理機関名": "防災科学技術研究所", "維持管理機関名（英語）": "NIED", "観測開始年（西暦）": "2013", "同月": "4", "観測機器名または観測項目": "短周期地震計" }, "geometry": { "type": "Point", "coordinates": [ 140.9551, 38.34 ] } },
{ "type": "Feature", "properties": { "観測の種類": "高感度", "name": "西木北", "観測点名ローマ字": "NISHIKI-N", "観測点コード": "N.NSNH", "緯度（度）": 39.8147, "経度（度）": 140.579, "高さ（ｍ）": "318", "測器の深度（ｍ）": "101", "維持管理機関名": "防災科学技術研究所", "維持管理機関名（英語）": "NIED", "観測開始年（西暦）": "2000", "同月": "3", "観測機器名または観測項目": "短周期地震計" }, "geometry": { "type": "Point", "coordinates": [ 140.579, 39.8147 ] } },
{ "type": "Feature", "properties": { "観測の種類": "高感度", "name": "西木南", "観測点名ローマ字": "NISHIKI-S", "観測点コード": "N.NSSH", "緯度（度）": 39.6634, "経度（度）": 140.5721, "高さ（ｍ）": "95", "測器の深度（ｍ）": "101", "維持管理機関名": "防災科学技術研究所", "維持管理機関名（英語）": "NIED", "観測開始年（西暦）": "2000", "同月": "3", "観測機器名または観測項目": "短周期地震計" }, "geometry": { "type": "Point", "coordinates": [ 140.5721, 39.6634 ] } },
{ "type": "Feature", "properties": { "観測の種類": "高感度", "name": "矢島", "観測点名ローマ字": "YASHIMA", "観測点コード": "N.YJMH", "緯度（度）": 39.2223, "経度（度）": 140.1283, "高さ（ｍ）": "145", "測器の深度（ｍ）": "104", "維持管理機関名": "防災科学技術研究所", "維持管理機関名（英語）": "NIED", "観測開始年（西暦）": "2000", "同月": "3", "観測機器名または観測項目": "短周期地震計" }, "geometry": { "type": "Point", "coordinates": [ 140.1283, 39.2223 ] } },
{ "type": "Feature", "properties": { "観測の種類": "高感度", "name": "東成瀬", "観測点名ローマ字": "HIGASHINARUSE", "観測点コード": "N.HNRH", "緯度（度）": 39.174, "経度（度）": 140.7129, "高さ（ｍ）": "280", "測器の深度（ｍ）": "102", "維持管理機関名": "防災科学技術研究所", "維持管理機関名（英語）": "NIED", "観測開始年（西暦）": "2000", "同月": "3", "観測機器名または観測項目": "短周期地震計" }, "geometry": { "type": "Point", "coordinates": [ 140.7129, 39.174 ] } },
{ "type": "Feature", "properties": { "観測の種類": "高感度", "name": "鳥海", "観測点名ローマ字": "CHOKAI", "観測点コード": "N.CHKH", "緯度（度）": 39.0718, "経度（度）": 140.3185, "高さ（ｍ）": "275", "測器の深度（ｍ）": "201", "維持管理機関名": "防災科学技術研究所", "維持管理機関名（英語）": "NIED", "観測開始年（西暦）": "2000", "同月": "3", "観測機器名または観測項目": "短周期地震計" }, "geometry": { "type": "Point", "coordinates": [ 140.3185, 39.0718 ] } },
{ "type": "Feature", "properties": { "観測の種類": "高感度", "name": "雄勝", "観測点名ローマ字": "OGACHI", "観測点コード": "N.OGCH", "緯度（度）": 38.9801, "経度（度）": 140.4952, "高さ（ｍ）": "285", "測器の深度（ｍ）": "102", "維持管理機関名": "防災科学技術研究所", "維持管理機関名（英語）": "NIED", "観測開始年（西暦）": "2000", "同月": "3", "観測機器名または観測項目": "短周期地震計" }, "geometry": { "type": "Point", "coordinates": [ 140.4952, 38.9801 ] } },
{ "type": "Feature", "properties": { "観測の種類": "高感度", "name": "小坂", "観測点名ローマ字": "KOSAKA", "観測点コード": "N.KOSH", "緯度（度）": 40.4563, "経度（度）": 140.8395, "高さ（ｍ）": "405", "測器の深度（ｍ）": "106", "維持管理機関名": "防災科学技術研究所", "維持管理機関名（英語）": "NIED", "観測開始年（西暦）": "2000", "同月": "3", "観測機器名または観測項目": "短周期地震計" }, "geometry": { "type": "Point", "coordinates": [ 140.8395, 40.4563 ] } },
{ "type": "Feature", "properties": { "観測の種類": "高感度", "name": "藤里", "観測点名ローマ字": "FUJISATO", "観測点コード": "N.FSTH", "緯度（度）": 40.3188, "経度（度）": 140.2341, "高さ（ｍ）": "125", "測器の深度（ｍ）": "201", "維持管理機関名": "防災科学技術研究所", "維持管理機関名（英語）": "NIED", "観測開始年（西暦）": "2000", "同月": "3", "観測機器名または観測項目": "短周期地震計" }, "geometry": { "type": "Point", "coordinates": [ 140.2341, 40.3188 ] } },
{ "type": "Feature", "properties": { "観測の種類": "高感度", "name": "田代", "観測点名ローマ字": "TASHIRO", "観測点コード": "N.TSRH", "緯度（度）": 40.2755, "経度（度）": 140.4596, "高さ（ｍ）": "45", "測器の深度（ｍ）": "103", "維持管理機関名": "防災科学技術研究所", "維持管理機関名（英語）": "NIED", "観測開始年（西暦）": "2000", "同月": "3", "観測機器名または観測項目": "短周期地震計" }, "geometry": { "type": "Point", "coordinates": [ 140.4596, 40.2755 ] } },
{ "type": "Feature", "properties": { "観測の種類": "高感度", "name": "大館", "観測点名ローマ字": "ODATE", "観測点コード": "N.ODTH", "緯度（度）": 40.3002, "経度（度）": 140.5812, "高さ（ｍ）": "85", "測器の深度（ｍ）": "101", "維持管理機関名": "防災科学技術研究所", "維持管理機関名（英語）": "NIED", "観測開始年（西暦）": "2000", "同月": "3", "観測機器名または観測項目": "短周期地震計" }, "geometry": { "type": "Point", "coordinates": [ 140.5812, 40.3002 ] } },
{ "type": "Feature", "properties": { "観測の種類": "高感度", "name": "男鹿", "観測点名ローマ字": "OGA", "観測点コード": "N.OGAH", "緯度（度）": 39.9554, "経度（度）": 139.7623, "高さ（ｍ）": "56", "測器の深度（ｍ）": "351", "維持管理機関名": "防災科学技術研究所", "維持管理機関名（英語）": "NIED", "観測開始年（西暦）": "2000", "同月": "3", "観測機器名または観測項目": "短周期地震計" }, "geometry": { "type": "Point", "coordinates": [ 139.7623, 39.9554 ] } },
{ "type": "Feature", "properties": { "観測の種類": "高感度", "name": "五城目", "観測点名ローマ字": "GOJOME", "観測点コード": "N.GJOH", "緯度（度）": 39.9155, "経度（度）": 140.2221, "高さ（ｍ）": "90", "測器の深度（ｍ）": "101", "維持管理機関名": "防災科学技術研究所", "維持管理機関名（英語）": "NIED", "観測開始年（西暦）": "2000", "同月": "3", "観測機器名または観測項目": "短周期地震計" }, "geometry": { "type": "Point", "coordinates": [ 140.2221, 39.9155 ] } },
{ "type": "Feature", "properties": { "観測の種類": "高感度", "name": "阿仁", "観測点名ローマ字": "ANI", "観測点コード": "N.ANIH", "緯度（度）": 39.9819, "経度（度）": 140.4072, "高さ（ｍ）": "145", "測器の深度（ｍ）": "101", "維持管理機関名": "防災科学技術研究所", "維持管理機関名（英語）": "NIED", "観測開始年（西暦）": "2000", "同月": "3", "観測機器名または観測項目": "短周期地震計" }, "geometry": { "type": "Point", "coordinates": [ 140.4072, 39.9819 ] } },
{ "type": "Feature", "properties": { "観測の種類": "高感度", "name": "鹿角", "観測点名ローマ字": "KAZUNO", "観測点コード": "N.KZNH", "緯度（度）": 40.0622, "経度（度）": 140.8084, "高さ（ｍ）": "320", "測器の深度（ｍ）": "110", "維持管理機関名": "防災科学技術研究所", "維持管理機関名（英語）": "NIED", "観測開始年（西暦）": "2000", "同月": "3", "観測機器名または観測項目": "短周期地震計" }, "geometry": { "type": "Point", "coordinates": [ 140.8084, 40.0622 ] } },
{ "type": "Feature", "properties": { "観測の種類": "高感度", "name": "協和", "観測点名ローマ字": "KYOWA", "観測点コード": "N.KWAH", "緯度（度）": 39.6884, "経度（度）": 140.4075, "高さ（ｍ）": "165", "測器の深度（ｍ）": "101", "維持管理機関名": "防災科学技術研究所", "維持管理機関名（英語）": "NIED", "観測開始年（西暦）": "2000", "同月": "3", "観測機器名または観測項目": "短周期地震計" }, "geometry": { "type": "Point", "coordinates": [ 140.4075, 39.6884 ] } },
{ "type": "Feature", "properties": { "観測の種類": "高感度", "name": "西仙北", "観測点名ローマ字": "NISHISENBOKU", "観測点コード": "N.NSBH", "緯度（度）": 39.545, "経度（度）": 140.3481, "高さ（ｍ）": "20", "測器の深度（ｍ）": "155", "維持管理機関名": "防災科学技術研究所", "維持管理機関名（英語）": "NIED", "観測開始年（西暦）": "2000", "同月": "3", "観測機器名または観測項目": "短周期地震計" }, "geometry": { "type": "Point", "coordinates": [ 140.3481, 39.545 ] } },
{ "type": "Feature", "properties": { "観測の種類": "高感度", "name": "中仙", "観測点名ローマ字": "NAKASEN", "観測点コード": "N.NSEH", "緯度（度）": 39.5575, "経度（度）": 140.6116, "高さ（ｍ）": "95", "測器の深度（ｍ）": "178", "維持管理機関名": "防災科学技術研究所", "維持管理機関名（英語）": "NIED", "観測開始年（西暦）": "2000", "同月": "3", "観測機器名または観測項目": "短周期地震計" }, "geometry": { "type": "Point", "coordinates": [ 140.6116, 39.5575 ] } },
{ "type": "Feature", "properties": { "観測の種類": "高感度", "name": "大森", "観測点名ローマ字": "OOMORI", "観測点コード": "N.OMRH", "緯度（度）": 39.3548, "経度（度）": 140.3869, "高さ（ｍ）": "65", "測器の深度（ｍ）": "101", "維持管理機関名": "防災科学技術研究所", "維持管理機関名（英語）": "NIED", "観測開始年（西暦）": "2000", "同月": "3", "観測機器名または観測項目": "短周期地震計" }, "geometry": { "type": "Point", "coordinates": [ 140.3869, 39.3548 ] } },
{ "type": "Feature", "properties": { "観測の種類": "高感度", "name": "湯沢", "観測点名ローマ字": "YUZAWA", "観測点コード": "N.YUZH", "緯度（度）": 39.1913, "経度（度）": 140.471, "高さ（ｍ）": "74", "測器の深度（ｍ）": "181", "維持管理機関名": "防災科学技術研究所", "維持管理機関名（英語）": "NIED", "観測開始年（西暦）": "2000", "同月": "3", "観測機器名または観測項目": "短周期地震計" }, "geometry": { "type": "Point", "coordinates": [ 140.471, 39.1913 ] } },
{ "type": "Feature", "properties": { "観測の種類": "高感度", "name": "天童", "観測点名ローマ字": "TENDO", "観測点コード": "N.TDOH", "緯度（度）": 38.3841, "経度（度）": 140.3805, "高さ（ｍ）": "113", "測器の深度（ｍ）": "208", "維持管理機関名": "防災科学技術研究所", "維持管理機関名（英語）": "NIED", "観測開始年（西暦）": "2000", "同月": "3", "観測機器名または観測項目": "短周期地震計" }, "geometry": { "type": "Point", "coordinates": [ 140.3805, 38.3841 ] } },
{ "type": "Feature", "properties": { "観測の種類": "高感度", "name": "山形", "観測点名ローマ字": "YAMAGATA", "観測点コード": "N.YGTH", "緯度（度）": 38.269, "経度（度）": 140.2577, "高さ（ｍ）": "130", "測器の深度（ｍ）": "151", "維持管理機関名": "防災科学技術研究所", "維持管理機関名（英語）": "NIED", "観測開始年（西暦）": "2000", "同月": "3", "観測機器名または観測項目": "短周期地震計" }, "geometry": { "type": "Point", "coordinates": [ 140.2577, 38.269 ] } },
{ "type": "Feature", "properties": { "観測の種類": "高感度", "name": "南陽", "観測点名ローマ字": "NANYO", "観測点コード": "N.NYOH", "緯度（度）": 38.1035, "経度（度）": 140.1553, "高さ（ｍ）": "278", "測器の深度（ｍ）": "115", "維持管理機関名": "防災科学技術研究所", "維持管理機関名（英語）": "NIED", "観測開始年（西暦）": "2000", "同月": "3", "観測機器名または観測項目": "短周期地震計" }, "geometry": { "type": "Point", "coordinates": [ 140.1553, 38.1035 ] } },
{ "type": "Feature", "properties": { "観測の種類": "高感度", "name": "上山", "観測点名ローマ字": "KAMINOYAMA", "観測点コード": "N.KMYH", "緯度（度）": 38.0813, "経度（度）": 140.2978, "高さ（ｍ）": "315", "測器の深度（ｍ）": "101", "維持管理機関名": "防災科学技術研究所", "維持管理機関名（英語）": "NIED", "観測開始年（西暦）": "2000", "同月": "3", "観測機器名または観測項目": "短周期地震計" }, "geometry": { "type": "Point", "coordinates": [ 140.2978, 38.0813 ] } },
{ "type": "Feature", "properties": { "観測の種類": "高感度", "name": "小国", "観測点名ローマ字": "OGUNI", "観測点コード": "N.ONIH", "緯度（度）": 37.9881, "経度（度）": 139.8016, "高さ（ｍ）": "280", "測器の深度（ｍ）": "108", "維持管理機関名": "防災科学技術研究所", "維持管理機関名（英語）": "NIED", "観測開始年（西暦）": "2000", "同月": "3", "観測機器名または観測項目": "短周期地震計" }, "geometry": { "type": "Point", "coordinates": [ 139.8016, 37.9881 ] } },
{ "type": "Feature", "properties": { "観測の種類": "高感度", "name": "高畠", "観測点名ローマ字": "TAKAHATA", "観測点コード": "N.THTH", "緯度（度）": 37.9633, "経度（度）": 140.1836, "高さ（ｍ）": "233", "測器の深度（ｍ）": "146", "維持管理機関名": "防災科学技術研究所", "維持管理機関名（英語）": "NIED", "観測開始年（西暦）": "2000", "同月": "3", "観測機器名または観測項目": "短周期地震計" }, "geometry": { "type": "Point", "coordinates": [ 140.1836, 37.9633 ] } },
{ "type": "Feature", "properties": { "観測の種類": "高感度", "name": "米沢", "観測点名ローマ字": "YONEZAWA", "観測点コード": "N.YNZH", "緯度（度）": 37.896, "経度（度）": 140.0278, "高さ（ｍ）": "352", "測器の深度（ｍ）": "201", "維持管理機関名": "防災科学技術研究所", "維持管理機関名（英語）": "NIED", "観測開始年（西暦）": "2000", "同月": "3", "観測機器名または観測項目": "短周期地震計" }, "geometry": { "type": "Point", "coordinates": [ 140.0278, 37.896 ] } },
{ "type": "Feature", "properties": { "観測の種類": "高感度", "name": "八幡", "観測点名ローマ字": "YAWATA", "観測点コード": "N.YWTH", "緯度（度）": 38.9701, "経度（度）": 140.0333, "高さ（ｍ）": "115", "測器の深度（ｍ）": "108", "維持管理機関名": "防災科学技術研究所", "維持管理機関名（英語）": "NIED", "観測開始年（西暦）": "2000", "同月": "3", "観測機器名または観測項目": "短周期地震計" }, "geometry": { "type": "Point", "coordinates": [ 140.0333, 38.9701 ] } },
{ "type": "Feature", "properties": { "観測の種類": "高感度", "name": "戸沢", "観測点名ローマ字": "TOZAWA", "観測点コード": "N.TZWH", "緯度（度）": 38.7498, "経度（度）": 140.178, "高さ（ｍ）": "65", "測器の深度（ｍ）": "202", "維持管理機関名": "防災科学技術研究所", "維持管理機関名（英語）": "NIED", "観測開始年（西暦）": "2000", "同月": "3", "観測機器名または観測項目": "短周期地震計" }, "geometry": { "type": "Point", "coordinates": [ 140.178, 38.7498 ] } },
{ "type": "Feature", "properties": { "観測の種類": "高感度", "name": "舟形", "観測点名ローマ字": "FUNAGATA", "観測点コード": "N.FGTH", "緯度（度）": 38.7107, "経度（度）": 140.3744, "高さ（ｍ）": "105", "測器の深度（ｍ）": "204", "維持管理機関名": "防災科学技術研究所", "維持管理機関名（英語）": "NIED", "観測開始年（西暦）": "2000", "同月": "3", "観測機器名または観測項目": "短周期地震計" }, "geometry": { "type": "Point", "coordinates": [ 140.3744, 38.7107 ] } },
{ "type": "Feature", "properties": { "観測の種類": "高感度", "name": "最上", "観測点名ローマ字": "MOGAMI", "観測点コード": "N.MGMH", "緯度（度）": 38.7132, "経度（度）": 140.5546, "高さ（ｍ）": "255", "測器の深度（ｍ）": "111", "維持管理機関名": "防災科学技術研究所", "維持管理機関名（英語）": "NIED", "観測開始年（西暦）": "2000", "同月": "3", "観測機器名または観測項目": "短周期地震計" }, "geometry": { "type": "Point", "coordinates": [ 140.5546, 38.7132 ] } },
{ "type": "Feature", "properties": { "観測の種類": "高感度", "name": "立川", "観測点名ローマ字": "TACHIKAWA", "観測点コード": "N.TCKH", "緯度（度）": 38.6357, "経度（度）": 140.0055, "高さ（ｍ）": "320", "測器の深度（ｍ）": "204", "維持管理機関名": "防災科学技術研究所", "維持管理機関名（英語）": "NIED", "観測開始年（西暦）": "2000", "同月": "3", "観測機器名または観測項目": "短周期地震計" }, "geometry": { "type": "Point", "coordinates": [ 140.0055, 38.6357 ] } },
{ "type": "Feature", "properties": { "観測の種類": "高感度", "name": "朝日", "観測点名ローマ字": "ASAHI", "観測点コード": "N.ASAH", "緯度（度）": 38.4704, "経度（度）": 139.7606, "高さ（ｍ）": "265", "測器の深度（ｍ）": "105", "維持管理機関名": "防災科学技術研究所", "維持管理機関名（英語）": "NIED", "観測開始年（西暦）": "2000", "同月": "3", "観測機器名または観測項目": "短周期地震計" }, "geometry": { "type": "Point", "coordinates": [ 139.7606, 38.4704 ] } },
{ "type": "Feature", "properties": { "観測の種類": "高感度", "name": "西川西", "観測点名ローマ字": "NISHIKAWA-W", "観測点コード": "N.NKWH", "緯度（度）": 38.386, "経度（度）": 139.9916, "高さ（ｍ）": "465", "測器の深度（ｍ）": "105", "維持管理機関名": "防災科学技術研究所", "維持管理機関名（英語）": "NIED", "観測開始年（西暦）": "2000", "同月": "3", "観測機器名または観測項目": "短周期地震計" }, "geometry": { "type": "Point", "coordinates": [ 139.9916, 38.386 ] } },
{ "type": "Feature", "properties": { "観測の種類": "高感度", "name": "西川東", "観測点名ローマ字": "NISHIKAWA-E", "観測点コード": "N.NKEH", "緯度（度）": 38.4257, "経度（度）": 140.1249, "高さ（ｍ）": "305", "測器の深度（ｍ）": "102", "維持管理機関名": "防災科学技術研究所", "維持管理機関名（英語）": "NIED", "観測開始年（西暦）": "2000", "同月": "3", "観測機器名または観測項目": "短周期地震計" }, "geometry": { "type": "Point", "coordinates": [ 140.1249, 38.4257 ] } },
{ "type": "Feature", "properties": { "観測の種類": "高感度", "name": "西会津", "観測点名ローマ字": "NISHIAIZU", "観測点コード": "N.NAZH", "緯度（度）": 37.7565, "経度（度）": 139.715, "高さ（ｍ）": "438", "測器の深度（ｍ）": "101", "維持管理機関名": "防災科学技術研究所", "維持管理機関名（英語）": "NIED", "観測開始年（西暦）": "2000", "同月": "3", "観測機器名または観測項目": "短周期地震計" }, "geometry": { "type": "Point", "coordinates": [ 139.715, 37.7565 ] } },
{ "type": "Feature", "properties": { "観測の種類": "高感度", "name": "熱塩加納", "観測点名ローマ字": "ATSUSHIOKANO", "観測点コード": "N.ATKH", "緯度（度）": 37.7317, "経度（度）": 139.8821, "高さ（ｍ）": "330", "測器の深度（ｍ）": "101", "維持管理機関名": "防災科学技術研究所", "維持管理機関名（英語）": "NIED", "観測開始年（西暦）": "2000", "同月": "3", "観測機器名または観測項目": "短周期地震計" }, "geometry": { "type": "Point", "coordinates": [ 139.8821, 37.7317 ] } },
{ "type": "Feature", "properties": { "観測の種類": "高感度", "name": "高郷", "観測点名ローマ字": "TAKASATO", "観測点コード": "N.TSTH", "緯度（度）": 37.6078, "経度（度）": 139.7533, "高さ（ｍ）": "225", "測器の深度（ｍ）": "128", "維持管理機関名": "防災科学技術研究所", "維持管理機関名（英語）": "NIED", "観測開始年（西暦）": "2000", "同月": "3", "観測機器名または観測項目": "短周期地震計" }, "geometry": { "type": "Point", "coordinates": [ 139.7533, 37.6078 ] } },
{ "type": "Feature", "properties": { "観測の種類": "高感度", "name": "会津高田", "観測点名ローマ字": "AIZUTAKADA", "観測点コード": "N.ATDH", "緯度（度）": 37.4508, "経度（度）": 139.8126, "高さ（ｍ）": "278", "測器の深度（ｍ）": "269", "維持管理機関名": "防災科学技術研究所", "維持管理機関名（英語）": "NIED", "観測開始年（西暦）": "2000", "同月": "3", "観測機器名または観測項目": "短周期地震計" }, "geometry": { "type": "Point", "coordinates": [ 139.8126, 37.4508 ] } },
{ "type": "Feature", "properties": { "観測の種類": "高感度", "name": "下郷", "観測点名ローマ字": "SHIMOGO", "観測点コード": "N.SMGH", "緯度（度）": 37.2544, "経度（度）": 139.8725, "高さ（ｍ）": "496", "測器の深度（ｍ）": "106", "維持管理機関名": "防災科学技術研究所", "維持管理機関名（英語）": "NIED", "観測開始年（西暦）": "2000", "同月": "3", "観測機器名または観測項目": "短周期地震計" }, "geometry": { "type": "Point", "coordinates": [ 139.8725, 37.2544 ] } },
{ "type": "Feature", "properties": { "観測の種類": "高感度", "name": "伊南", "観測点名ローマ字": "INA", "観測点コード": "N.INAH", "緯度（度）": 37.1723, "経度（度）": 139.5199, "高さ（ｍ）": "572", "測器の深度（ｍ）": "101", "維持管理機関名": "防災科学技術研究所", "維持管理機関名（英語）": "NIED", "観測開始年（西暦）": "2000", "同月": "3", "観測機器名または観測項目": "短周期地震計" }, "geometry": { "type": "Point", "coordinates": [ 139.5199, 37.1723 ] } },
{ "type": "Feature", "properties": { "観測の種類": "高感度", "name": "檜枝岐", "観測点名ローマ字": "HINOEMATA", "観測点コード": "N.HMTH", "緯度（度）": 37.0103, "経度（度）": 139.3755, "高さ（ｍ）": "974", "測器の深度（ｍ）": "201", "維持管理機関名": "防災科学技術研究所", "維持管理機関名（英語）": "NIED", "観測開始年（西暦）": "2000", "同月": "3", "観測機器名または観測項目": "短周期地震計" }, "geometry": { "type": "Point", "coordinates": [ 139.3755, 37.0103 ] } },
{ "type": "Feature", "properties": { "観測の種類": "高感度", "name": "長沼", "観測点名ローマ字": "NAGANUMA", "観測点コード": "N.NNMH", "緯度（度）": 37.2822, "経度（度）": 140.2144, "高さ（ｍ）": "343", "測器の深度（ｍ）": "106", "維持管理機関名": "防災科学技術研究所", "維持管理機関名（英語）": "NIED", "観測開始年（西暦）": "2000", "同月": "3", "観測機器名または観測項目": "短周期地震計" }, "geometry": { "type": "Point", "coordinates": [ 140.2144, 37.2822 ] } },
{ "type": "Feature", "properties": { "観測の種類": "高感度", "name": "郡山", "観測点名ローマ字": "KORIYAMA", "観測点コード": "N.KRYH", "緯度（度）": 37.353, "経度（度）": 140.4264, "高さ（ｍ）": "260", "測器の深度（ｍ）": "201", "維持管理機関名": "防災科学技術研究所", "維持管理機関名（英語）": "NIED", "観測開始年（西暦）": "2000", "同月": "3", "観測機器名または観測項目": "短周期地震計" }, "geometry": { "type": "Point", "coordinates": [ 140.4264, 37.353 ] } },
{ "type": "Feature", "properties": { "観測の種類": "高感度", "name": "西郷", "観測点名ローマ字": "NISHIGO", "観測点コード": "N.NGUH", "緯度（度）": 37.1616, "経度（度）": 140.093, "高さ（ｍ）": "565", "測器の深度（ｍ）": "201", "維持管理機関名": "防災科学技術研究所", "維持管理機関名（英語）": "NIED", "観測開始年（西暦）": "2000", "同月": "3", "観測機器名または観測項目": "短周期地震計" }, "geometry": { "type": "Point", "coordinates": [ 140.093, 37.1616 ] } },
{ "type": "Feature", "properties": { "観測の種類": "高感度", "name": "矢吹", "観測点名ローマ字": "YABUKI", "観測点コード": "N.YBKH", "緯度（度）": 37.2006, "経度（度）": 140.3386, "高さ（ｍ）": "286", "測器の深度（ｍ）": "117", "維持管理機関名": "防災科学技術研究所", "維持管理機関名（英語）": "NIED", "観測開始年（西暦）": "2000", "同月": "3", "観測機器名または観測項目": "短周期地震計" }, "geometry": { "type": "Point", "coordinates": [ 140.3386, 37.2006 ] } },
{ "type": "Feature", "properties": { "観測の種類": "高感度", "name": "平田", "観測点名ローマ字": "HIRATA", "観測点コード": "N.HTAH", "緯度（度）": 37.2169, "経度（度）": 140.5703, "高さ（ｍ）": "470", "測器の深度（ｍ）": "106", "維持管理機関名": "防災科学技術研究所", "維持管理機関名（英語）": "NIED", "観測開始年（西暦）": "2000", "同月": "3", "観測機器名または観測項目": "短周期地震計" }, "geometry": { "type": "Point", "coordinates": [ 140.5703, 37.2169 ] } },
{ "type": "Feature", "properties": { "観測の種類": "高感度", "name": "いわき西", "観測点名ローマ字": "IWAKI-W", "観測点コード": "N.IWWH", "緯度（度）": 36.9951, "経度（度）": 140.5853, "高さ（ｍ）": "580", "測器の深度（ｍ）": "106", "維持管理機関名": "防災科学技術研究所", "維持管理機関名（英語）": "NIED", "観測開始年（西暦）": "2000", "同月": "3", "観測機器名または観測項目": "短周期地震計" }, "geometry": { "type": "Point", "coordinates": [ 140.5853, 36.9951 ] } },
{ "type": "Feature", "properties": { "観測の種類": "高感度", "name": "いわき東", "観測点名ローマ字": "IWAKI-E", "観測点コード": "N.IWEH", "緯度（度）": 37.0264, "経度（度）": 140.9702, "高さ（ｍ）": "3", "測器の深度（ｍ）": "148", "維持管理機関名": "防災科学技術研究所", "維持管理機関名（英語）": "NIED", "観測開始年（西暦）": "2000", "同月": "3", "観測機器名または観測項目": "短周期地震計" }, "geometry": { "type": "Point", "coordinates": [ 140.9702, 37.0264 ] } },
{ "type": "Feature", "properties": { "観測の種類": "高感度", "name": "猪苗代", "観測点名ローマ字": "INAWASHIRO", "観測点コード": "N.INWH", "緯度（度）": 37.6461, "経度（度）": 140.1735, "高さ（ｍ）": "757", "測器の深度（ｍ）": "101", "維持管理機関名": "防災科学技術研究所", "維持管理機関名（英語）": "NIED", "観測開始年（西暦）": "2000", "同月": "3", "観測機器名または観測項目": "短周期地震計" }, "geometry": { "type": "Point", "coordinates": [ 140.1735, 37.6461 ] } },
{ "type": "Feature", "properties": { "観測の種類": "高感度", "name": "福島", "観測点名ローマ字": "FUKUSHIMA", "観測点コード": "N.FKSH", "緯度（度）": 37.7643, "経度（度）": 140.3766, "高さ（ｍ）": "135", "測器の深度（ｍ）": "301", "維持管理機関名": "防災科学技術研究所", "維持管理機関名（英語）": "NIED", "観測開始年（西暦）": "2000", "同月": "3", "観測機器名または観測項目": "短周期地震計" }, "geometry": { "type": "Point", "coordinates": [ 140.3766, 37.7643 ] } },
{ "type": "Feature", "properties": { "観測の種類": "高感度", "name": "川俣", "観測点名ローマ字": "KAWAMATA", "観測点コード": "N.KMAH", "緯度（度）": 37.6636, "経度（度）": 140.5974, "高さ（ｍ）": "205", "測器の深度（ｍ）": "101", "維持管理機関名": "防災科学技術研究所", "維持管理機関名（英語）": "NIED", "観測開始年（西暦）": "2000", "同月": "3", "観測機器名または観測項目": "短周期地震計" }, "geometry": { "type": "Point", "coordinates": [ 140.5974, 37.6636 ] } },
{ "type": "Feature", "properties": { "観測の種類": "高感度", "name": "三春", "観測点名ローマ字": "MIHARU", "観測点コード": "N.MRUH", "緯度（度）": 37.4894, "経度（度）": 140.538, "高さ（ｍ）": "410", "測器の深度（ｍ）": "101", "維持管理機関名": "防災科学技術研究所", "維持管理機関名（英語）": "NIED", "観測開始年（西暦）": "2000", "同月": "3", "観測機器名または観測項目": "短周期地震計" }, "geometry": { "type": "Point", "coordinates": [ 140.538, 37.4894 ] } },
{ "type": "Feature", "properties": { "観測の種類": "高感度", "name": "都路", "観測点名ローマ字": "MIYAKOJI", "観測点コード": "N.MKJH", "緯度（度）": 37.4703, "経度（度）": 140.7227, "高さ（ｍ）": "510", "測器の深度（ｍ）": "102", "維持管理機関名": "防災科学技術研究所", "維持管理機関名（英語）": "NIED", "観測開始年（西暦）": "2000", "同月": "3", "観測機器名または観測項目": "短周期地震計" }, "geometry": { "type": "Point", "coordinates": [ 140.7227, 37.4703 ] } },
{ "type": "Feature", "properties": { "観測の種類": "高感度", "name": "浪江", "観測点名ローマ字": "NAMIE", "観測点コード": "N.NMEH", "緯度（度）": 37.4911, "経度（度）": 140.9871, "高さ（ｍ）": "12", "測器の深度（ｍ）": "110", "維持管理機関名": "防災科学技術研究所", "維持管理機関名（英語）": "NIED", "観測開始年（西暦）": "2000", "同月": "3", "観測機器名または観測項目": "短周期地震計" }, "geometry": { "type": "Point", "coordinates": [ 140.9871, 37.4911 ] } },
{ "type": "Feature", "properties": { "観測の種類": "高感度", "name": "只見", "観測点名ローマ字": "TADAMI", "観測点コード": "N.TDMH", "緯度（度）": 37.3421, "経度（度）": 139.3147, "高さ（ｍ）": "375", "測器の深度（ｍ）": "200", "維持管理機関名": "防災科学技術研究所", "維持管理機関名（英語）": "NIED", "観測開始年（西暦）": "2000", "同月": "3", "観測機器名または観測項目": "短周期地震計" }, "geometry": { "type": "Point", "coordinates": [ 139.3147, 37.3421 ] } },
{ "type": "Feature", "properties": { "観測の種類": "高感度", "name": "守谷", "観測点名ローマ字": "MORIYA", "観測点コード": "N.MORH", "緯度（度）": 35.9451, "経度（度）": 140.0015, "高さ（ｍ）": "21", "測器の深度（ｍ）": "20", "維持管理機関名": "防災科学技術研究所", "維持管理機関名（英語）": "NIED", "観測開始年（西暦）": "1979", "同月": "7", "観測機器名または観測項目": "短周期地震計" }, "geometry": { "type": "Point", "coordinates": [ 140.0015, 35.9451 ] } },
{ "type": "Feature", "properties": { "観測の種類": "高感度", "name": "那珂湊", "観測点名ローマ字": "NAKAMINATO", "観測点コード": "N.NMTH", "緯度（度）": 36.3654, "経度（度）": 140.5805, "高さ（ｍ）": "23", "測器の深度（ｍ）": "97", "維持管理機関名": "防災科学技術研究所", "維持管理機関名（英語）": "NIED", "観測開始年（西暦）": "1982", "同月": "5", "観測機器名または観測項目": "短周期地震計" }, "geometry": { "type": "Point", "coordinates": [ 140.5805, 36.3654 ] } },
{ "type": "Feature", "properties": { "観測の種類": "高感度", "name": "八郷", "観測点名ローマ字": "YASATO", "観測点コード": "N.YSTH", "緯度（度）": 36.2558, "経度（度）": 140.2028, "高さ（ｍ）": "20", "測器の深度（ｍ）": "98", "維持管理機関名": "防災科学技術研究所", "維持管理機関名（英語）": "NIED", "観測開始年（西暦）": "1982", "同月": "4", "観測機器名または観測項目": "短周期地震計" }, "geometry": { "type": "Point", "coordinates": [ 140.2028, 36.2558 ] } },
{ "type": "Feature", "properties": { "観測の種類": "高感度", "name": "北茨城2", "観測点名ローマ字": "KITAIBARAKI2", "観測点コード": "N.KI2H", "緯度（度）": 36.8809, "経度（度）": 140.6545, "高さ（ｍ）": "395", "測器の深度（ｍ）": "102", "維持管理機関名": "防災科学技術研究所", "維持管理機関名（英語）": "NIED", "観測開始年（西暦）": "2013", "同月": "1", "観測機器名または観測項目": "短周期地震計" }, "geometry": { "type": "Point", "coordinates": [ 140.6545, 36.8809 ] } },
{ "type": "Feature", "properties": { "観測の種類": "高感度", "name": "江戸崎", "観測点名ローマ字": "EDOSAKI", "観測点コード": "N.EDSH", "緯度（度）": 35.9509, "経度（度）": 140.3302, "高さ（ｍ）": "0", "測器の深度（ｍ）": "1200", "維持管理機関名": "防災科学技術研究所", "維持管理機関名（英語）": "NIED", "観測開始年（西暦）": "1995", "同月": "5", "観測機器名または観測項目": "短周期地震計" }, "geometry": { "type": "Point", "coordinates": [ 140.3302, 35.9509 ] } },
{ "type": "Feature", "properties": { "観測の種類": "高感度", "name": "大洋", "観測点名ローマ字": "TAIYO", "観測点コード": "N.TYOH", "緯度（度）": 36.1188, "経度（度）": 140.5621, "高さ（ｍ）": "40", "測器の深度（ｍ）": "1200", "維持管理機関名": "防災科学技術研究所", "維持管理機関名（英語）": "NIED", "観測開始年（西暦）": "1998", "同月": "2", "観測機器名または観測項目": "短周期地震計" }, "geometry": { "type": "Point", "coordinates": [ 140.5621, 36.1188 ] } },
{ "type": "Feature", "properties": { "観測の種類": "高感度", "name": "常北", "観測点名ローマ字": "JOHOKU", "観測点コード": "N.JHKH", "緯度（度）": 36.439, "経度（度）": 140.3559, "高さ（ｍ）": "50", "測器の深度（ｍ）": "107", "維持管理機関名": "防災科学技術研究所", "維持管理機関名（英語）": "NIED", "観測開始年（西暦）": "1999", "同月": "3", "観測機器名または観測項目": "短周期地震計" }, "geometry": { "type": "Point", "coordinates": [ 140.3559, 36.439 ] } },
{ "type": "Feature", "properties": { "観測の種類": "高感度", "name": "石下", "観測点名ローマ字": "ISHIGE", "観測点コード": "N.ISGH", "緯度（度）": 36.1112, "経度（度）": 139.9889, "高さ（ｍ）": "15", "測器の深度（ｍ）": "754", "維持管理機関名": "防災科学技術研究所", "維持管理機関名（英語）": "NIED", "観測開始年（西暦）": "2000", "同月": "3", "観測機器名または観測項目": "短周期地震計" }, "geometry": { "type": "Point", "coordinates": [ 139.9889, 36.1112 ] } },
{ "type": "Feature", "properties": { "観測の種類": "高感度", "name": "岩瀬", "観測点名ローマ字": "IWASE", "観測点コード": "N.IWSH", "緯度（度）": 36.3701, "経度（度）": 140.1401, "高さ（ｍ）": "67", "測器の深度（ｍ）": "105", "維持管理機関名": "防災科学技術研究所", "維持管理機関名（英語）": "NIED", "観測開始年（西暦）": "2000", "同月": "3", "観測機器名または観測項目": "短周期地震計" }, "geometry": { "type": "Point", "coordinates": [ 140.1401, 36.3701 ] } },
{ "type": "Feature", "properties": { "観測の種類": "高感度", "name": "大子", "観測点名ローマ字": "DAIGO", "観測点コード": "N.DGOH", "緯度（度）": 36.8369, "経度（度）": 140.3181, "高さ（ｍ）": "210", "測器の深度（ｍ）": "202", "維持管理機関名": "防災科学技術研究所", "維持管理機関名（英語）": "NIED", "観測開始年（西暦）": "2003", "同月": "3", "観測機器名または観測項目": "短周期地震計" }, "geometry": { "type": "Point", "coordinates": [ 140.3181, 36.8369 ] } },
{ "type": "Feature", "properties": { "観測の種類": "高感度", "name": "高萩", "観測点名ローマ字": "TAKAHAGI", "観測点コード": "N.THGH", "緯度（度）": 36.7955, "経度（度）": 140.575, "高さ（ｍ）": "505", "測器の深度（ｍ）": "101", "維持管理機関名": "防災科学技術研究所", "維持管理機関名（英語）": "NIED", "観測開始年（西暦）": "2003", "同月": "3", "観測機器名または観測項目": "短周期地震計" }, "geometry": { "type": "Point", "coordinates": [ 140.575, 36.7955 ] } },
{ "type": "Feature", "properties": { "観測の種類": "高感度", "name": "十王", "観測点名ローマ字": "JUUOU", "観測点コード": "N.JUOH", "緯度（度）": 36.6922, "経度（度）": 140.5484, "高さ（ｍ）": "330", "測器の深度（ｍ）": "102", "維持管理機関名": "防災科学技術研究所", "維持管理機関名（英語）": "NIED", "観測開始年（西暦）": "2003", "同月": "3", "観測機器名または観測項目": "短周期地震計" }, "geometry": { "type": "Point", "coordinates": [ 140.5484, 36.6922 ] } },
{ "type": "Feature", "properties": { "観測の種類": "高感度", "name": "御前山", "観測点名ローマ字": "GOZENYAMA", "観測点コード": "N.GZNH", "緯度（度）": 36.5566, "経度（度）": 140.3013, "高さ（ｍ）": "45", "測器の深度（ｍ）": "109", "維持管理機関名": "防災科学技術研究所", "維持管理機関名（英語）": "NIED", "観測開始年（西暦）": "2003", "同月": "3", "観測機器名または観測項目": "短周期地震計" }, "geometry": { "type": "Point", "coordinates": [ 140.3013, 36.5566 ] } },
{ "type": "Feature", "properties": { "観測の種類": "高感度", "name": "山方", "観測点名ローマ字": "YAMAGATA", "観測点コード": "N.YMAH", "緯度（度）": 36.6405, "経度（度）": 140.3976, "高さ（ｍ）": "90", "測器の深度（ｍ）": "302", "維持管理機関名": "防災科学技術研究所", "維持管理機関名（英語）": "NIED", "観測開始年（西暦）": "2003", "同月": "3", "観測機器名または観測項目": "短周期地震計" }, "geometry": { "type": "Point", "coordinates": [ 140.3976, 36.6405 ] } },
{ "type": "Feature", "properties": { "観測の種類": "高感度", "name": "霞ヶ浦", "観測点名ローマ字": "KASUMIGAURA", "観測点コード": "N.KGRH", "緯度（度）": 36.0864, "経度（度）": 140.314, "高さ（ｍ）": "20", "測器の深度（ｍ）": "512", "維持管理機関名": "防災科学技術研究所", "維持管理機関名（英語）": "NIED", "観測開始年（西暦）": "2003", "同月": "3", "観測機器名または観測項目": "短周期地震計" }, "geometry": { "type": "Point", "coordinates": [ 140.314, 36.0864 ] } },
{ "type": "Feature", "properties": { "観測の種類": "高感度", "name": "ひたちなか", "観測点名ローマ字": "HITACHINAKA", "観測点コード": "N.HTKH", "緯度（度）": 36.3631, "経度（度）": 140.6198, "高さ（ｍ）": "20", "測器の深度（ｍ）": "506", "維持管理機関名": "防災科学技術研究所", "維持管理機関名（英語）": "NIED", "観測開始年（西暦）": "2003", "同月": "3", "観測機器名または観測項目": "短周期地震計" }, "geometry": { "type": "Point", "coordinates": [ 140.6198, 36.3631 ] } },
{ "type": "Feature", "properties": { "観測の種類": "高感度", "name": "つくば", "観測点名ローマ字": "TSUKUBA", "観測点コード": "N.TSKH", "緯度（度）": 36.2137, "経度（度）": 140.0893, "高さ（ｍ）": "175", "測器の深度（ｍ）": "211", "維持管理機関名": "防災科学技術研究所", "維持管理機関名（英語）": "NIED", "観測開始年（西暦）": "2004", "同月": "3", "観測機器名または観測項目": "短周期地震計" }, "geometry": { "type": "Point", "coordinates": [ 140.0893, 36.2137 ] } },
{ "type": "Feature", "properties": { "観測の種類": "高感度", "name": "波崎2", "観測点名ローマ字": "HASAKI2", "観測点コード": "N.HA2H", "緯度（度）": 35.8284, "経度（度）": 140.7323, "高さ（ｍ）": "6", "測器の深度（ｍ）": "924", "維持管理機関名": "防災科学技術研究所", "維持管理機関名（英語）": "NIED", "観測開始年（西暦）": "2006", "同月": "3", "観測機器名または観測項目": "短周期地震計" }, "geometry": { "type": "Point", "coordinates": [ 140.7323, 35.8284 ] } },
{ "type": "Feature", "properties": { "観測の種類": "高感度", "name": "つくば南", "観測点名ローマ字": "TSUKUBA-S", "観測点コード": "N.TBSH", "緯度（度）": 35.9814, "経度（度）": 140.105, "高さ（ｍ）": "22", "測器の深度（ｍ）": "952", "維持管理機関名": "防災科学技術研究所", "維持管理機関名（英語）": "NIED", "観測開始年（西暦）": "2007", "同月": "3", "観測機器名または観測項目": "短周期地震計" }, "geometry": { "type": "Point", "coordinates": [ 140.105, 35.9814 ] } },
{ "type": "Feature", "properties": { "観測の種類": "高感度", "name": "大平", "観測点名ローマ字": "OHIRA", "観測点コード": "N.OHRH", "緯度（度）": 36.3599, "経度（度）": 139.6877, "高さ（ｍ）": "105", "測器の深度（ｍ）": "0", "維持管理機関名": "防災科学技術研究所", "維持管理機関名（英語）": "NIED", "観測開始年（西暦）": "1979", "同月": "7", "観測機器名または観測項目": "短周期地震計" }, "geometry": { "type": "Point", "coordinates": [ 139.6877, 36.3599 ] } },
{ "type": "Feature", "properties": { "観測の種類": "高感度", "name": "茂木", "観測点名ローマ字": "MOTEGI", "観測点コード": "N.MOTH", "緯度（度）": 36.5566, "経度（度）": 140.2134, "高さ（ｍ）": "140", "測器の深度（ｍ）": "0", "維持管理機関名": "防災科学技術研究所", "維持管理機関名（英語）": "NIED", "観測開始年（西暦）": "1980", "同月": "5", "観測機器名または観測項目": "短周期地震計" }, "geometry": { "type": "Point", "coordinates": [ 140.2134, 36.5566 ] } },
{ "type": "Feature", "properties": { "観測の種類": "高感度", "name": "足尾", "観測点名ローマ字": "ASHIO", "観測点コード": "N.ASOH", "緯度（度）": 36.6343, "経度（度）": 139.4614, "高さ（ｍ）": "750", "測器の深度（ｍ）": "0", "維持管理機関名": "防災科学技術研究所", "維持管理機関名（英語）": "NIED", "観測開始年（西暦）": "1987", "同月": "5", "観測機器名または観測項目": "短周期地震計" }, "geometry": { "type": "Point", "coordinates": [ 139.4614, 36.6343 ] } },
{ "type": "Feature", "properties": { "観測の種類": "高感度", "name": "真岡", "観測点名ローマ字": "MOKA", "観測点コード": "N.MOKH", "緯度（度）": 36.4458, "経度（度）": 139.9509, "高さ（ｍ）": "70", "測器の深度（ｍ）": "1648", "維持管理機関名": "防災科学技術研究所", "維持管理機関名（英語）": "NIED", "観測開始年（西暦）": "1996", "同月": "6", "観測機器名または観測項目": "短周期地震計" }, "geometry": { "type": "Point", "coordinates": [ 139.9509, 36.4458 ] } },
{ "type": "Feature", "properties": { "観測の種類": "高感度", "name": "栗山西", "観測点名ローマ字": "KURIYAMA-W", "観測点コード": "N.KYWH", "緯度（度）": 36.8817, "経度（度）": 139.4534, "高さ（ｍ）": "1085", "測器の深度（ｍ）": "102", "維持管理機関名": "防災科学技術研究所", "維持管理機関名（英語）": "NIED", "観測開始年（西暦）": "2000", "同月": "3", "観測機器名または観測項目": "短周期地震計" }, "geometry": { "type": "Point", "coordinates": [ 139.4534, 36.8817 ] } },
{ "type": "Feature", "properties": { "観測の種類": "高感度", "name": "栗山東", "観測点名ローマ字": "KURIYAMA-E", "観測点コード": "N.KYEH", "緯度（度）": 36.8828, "経度（度）": 139.6459, "高さ（ｍ）": "702", "測器の深度（ｍ）": "205", "維持管理機関名": "防災科学技術研究所", "維持管理機関名（英語）": "NIED", "観測開始年（西暦）": "2000", "同月": "3", "観測機器名または観測項目": "短周期地震計" }, "geometry": { "type": "Point", "coordinates": [ 139.6459, 36.8828 ] } },
{ "type": "Feature", "properties": { "観測の種類": "高感度", "name": "矢板", "観測点名ローマ字": "YAITA", "観測点コード": "N.YITH", "緯度（度）": 36.8625, "経度（度）": 139.8364, "高さ（ｍ）": "564", "測器の深度（ｍ）": "105", "維持管理機関名": "防災科学技術研究所", "維持管理機関名（英語）": "NIED", "観測開始年（西暦）": "2000", "同月": "3", "観測機器名または観測項目": "短周期地震計" }, "geometry": { "type": "Point", "coordinates": [ 139.8364, 36.8625 ] } },
{ "type": "Feature", "properties": { "観測の種類": "高感度", "name": "今市", "観測点名ローマ字": "IMAICHI", "観測点コード": "N.IICH", "緯度（度）": 36.7084, "経度（度）": 139.7694, "高さ（ｍ）": "290", "測器の深度（ｍ）": "202", "維持管理機関名": "防災科学技術研究所", "維持管理機関名（英語）": "NIED", "観測開始年（西暦）": "2000", "同月": "3", "観測機器名または観測項目": "短周期地震計" }, "geometry": { "type": "Point", "coordinates": [ 139.7694, 36.7084 ] } },
{ "type": "Feature", "properties": { "観測の種類": "高感度", "name": "氏家", "観測点名ローマ字": "UJIIE", "観測点コード": "N.UJEH", "緯度（度）": 36.6959, "経度（度）": 139.9842, "高さ（ｍ）": "162", "測器の深度（ｍ）": "122", "維持管理機関名": "防災科学技術研究所", "維持管理機関名（英語）": "NIED", "観測開始年（西暦）": "2000", "同月": "3", "観測機器名または観測項目": "短周期地震計" }, "geometry": { "type": "Point", "coordinates": [ 139.9842, 36.6959 ] } },
{ "type": "Feature", "properties": { "観測の種類": "高感度", "name": "馬頭", "観測点名ローマ字": "BATO", "観測点コード": "N.BTOH", "緯度（度）": 36.7342, "経度（度）": 140.1781, "高さ（ｍ）": "135", "測器の深度（ｍ）": "142", "維持管理機関名": "防災科学技術研究所", "維持管理機関名（英語）": "NIED", "観測開始年（西暦）": "2000", "同月": "3", "観測機器名または観測項目": "短周期地震計" }, "geometry": { "type": "Point", "coordinates": [ 140.1781, 36.7342 ] } },
{ "type": "Feature", "properties": { "観測の種類": "高感度", "name": "粟野", "観測点名ローマ字": "AWANO", "観測点コード": "N.AWNH", "緯度（度）": 36.5509, "経度（度）": 139.6154, "高さ（ｍ）": "180", "測器の深度（ｍ）": "102", "維持管理機関名": "防災科学技術研究所", "維持管理機関名（英語）": "NIED", "観測開始年（西暦）": "2000", "同月": "3", "観測機器名または観測項目": "短周期地震計" }, "geometry": { "type": "Point", "coordinates": [ 139.6154, 36.5509 ] } },
{ "type": "Feature", "properties": { "観測の種類": "高感度", "name": "宇都宮", "観測点名ローマ字": "UTSUNOMIYA", "観測点コード": "N.UMYH", "緯度（度）": 36.5595, "経度（度）": 139.8637, "高さ（ｍ）": "125", "測器の深度（ｍ）": "302", "維持管理機関名": "防災科学技術研究所", "維持管理機関名（英語）": "NIED", "観測開始年（西暦）": "2000", "同月": "3", "観測機器名または観測項目": "短周期地震計" }, "geometry": { "type": "Point", "coordinates": [ 139.8637, 36.5595 ] } },
{ "type": "Feature", "properties": { "観測の種類": "高感度", "name": "芳賀", "観測点名ローマ字": "HAGA", "観測点コード": "N.HGAH", "緯度（度）": 36.548, "経度（度）": 140.0751, "高さ（ｍ）": "105", "測器の深度（ｍ）": "113", "維持管理機関名": "防災科学技術研究所", "維持管理機関名（英語）": "NIED", "観測開始年（西暦）": "2000", "同月": "3", "観測機器名または観測項目": "短周期地震計" }, "geometry": { "type": "Point", "coordinates": [ 140.0751, 36.548 ] } },
{ "type": "Feature", "properties": { "観測の種類": "高感度", "name": "藤原2", "観測点名ローマ字": "FUJIHARA2", "観測点コード": "N.FJ2H", "緯度（度）": 36.9853, "経度（度）": 139.6922, "高さ（ｍ）": "635", "測器の深度（ｍ）": "105", "維持管理機関名": "防災科学技術研究所", "維持管理機関名（英語）": "NIED", "観測開始年（西暦）": "2000", "同月": "3", "観測機器名または観測項目": "短周期地震計" }, "geometry": { "type": "Point", "coordinates": [ 139.6922, 36.9853 ] } },
{ "type": "Feature", "properties": { "観測の種類": "高感度", "name": "大田原2", "観測点名ローマ字": "OHTAWARA2", "観測点コード": "N.OH2H", "緯度（度）": 36.906, "経度（度）": 140.1119, "高さ（ｍ）": "204", "測器の深度（ｍ）": "102", "維持管理機関名": "防災科学技術研究所", "維持管理機関名（英語）": "NIED", "観測開始年（西暦）": "2024", "同月": "3", "観測機器名または観測項目": "短周期地震計" }, "geometry": { "type": "Point", "coordinates": [ 140.1119, 36.906 ] } },
{ "type": "Feature", "properties": { "観測の種類": "高感度", "name": "榛名", "観測点名ローマ字": "HARUNA", "観測点コード": "N.HRNH", "緯度（度）": 36.4632, "経度（度）": 138.8531, "高さ（ｍ）": "980", "測器の深度（ｍ）": "0", "維持管理機関名": "防災科学技術研究所", "維持管理機関名（英語）": "NIED", "観測開始年（西暦）": "1995", "同月": "8", "観測機器名または観測項目": "短周期地震計" }, "geometry": { "type": "Point", "coordinates": [ 138.8531, 36.4632 ] } },
{ "type": "Feature", "properties": { "観測の種類": "高感度", "name": "伊勢崎", "観測点名ローマ字": "ISESAKI", "観測点コード": "N.ISSH", "緯度（度）": 36.3143, "経度（度）": 139.1847, "高さ（ｍ）": "57", "測器の深度（ｍ）": "2000", "維持管理機関名": "防災科学技術研究所", "維持管理機関名（英語）": "NIED", "観測開始年（西暦）": "1997", "同月": "5", "観測機器名または観測項目": "短周期地震計" }, "geometry": { "type": "Point", "coordinates": [ 139.1847, 36.3143 ] } },
{ "type": "Feature", "properties": { "観測の種類": "高感度", "name": "館林", "観測点名ローマ字": "TATEBAYASHI", "観測点コード": "N.TBYH", "緯度（度）": 36.2441, "経度（度）": 139.5443, "高さ（ｍ）": "20", "測器の深度（ｍ）": "1200", "維持管理機関名": "防災科学技術研究所", "維持管理機関名（英語）": "NIED", "観測開始年（西暦）": "1998", "同月": "2", "観測機器名または観測項目": "短周期地震計" }, "geometry": { "type": "Point", "coordinates": [ 139.5443, 36.2441 ] } },
{ "type": "Feature", "properties": { "観測の種類": "高感度", "name": "利根", "観測点名ローマ字": "TONE", "観測点コード": "N.TNEH", "緯度（度）": 36.6998, "経度（度）": 139.2104, "高さ（ｍ）": "646", "測器の深度（ｍ）": "202", "維持管理機関名": "防災科学技術研究所", "維持管理機関名（英語）": "NIED", "観測開始年（西暦）": "2000", "同月": "3", "観測機器名または観測項目": "短周期地震計" }, "geometry": { "type": "Point", "coordinates": [ 139.2104, 36.6998 ] } },
{ "type": "Feature", "properties": { "観測の種類": "高感度", "name": "嬬恋", "観測点名ローマ字": "TSUMAGOI", "観測点コード": "N.TUMH", "緯度（度）": 36.4917, "経度（度）": 138.5244, "高さ（ｍ）": "1040", "測器の深度（ｍ）": "152", "維持管理機関名": "防災科学技術研究所", "維持管理機関名（英語）": "NIED", "観測開始年（西暦）": "2000", "同月": "3", "観測機器名または観測項目": "短周期地震計" }, "geometry": { "type": "Point", "coordinates": [ 138.5244, 36.4917 ] } },
{ "type": "Feature", "properties": { "観測の種類": "高感度", "name": "高山", "観測点名ローマ字": "TAKAYAMA", "観測点コード": "N.TAYH", "緯度（度）": 36.6213, "経度（度）": 138.9069, "高さ（ｍ）": "455", "測器の深度（ｍ）": "112", "維持管理機関名": "防災科学技術研究所", "維持管理機関名（英語）": "NIED", "観測開始年（西暦）": "2000", "同月": "3", "観測機器名または観測項目": "短周期地震計" }, "geometry": { "type": "Point", "coordinates": [ 138.9069, 36.6213 ] } },
{ "type": "Feature", "properties": { "観測の種類": "高感度", "name": "下仁田", "観測点名ローマ字": "SHIMONITA", "観測点コード": "N.SMNH", "緯度（度）": 36.2356, "経度（度）": 138.7291, "高さ（ｍ）": "340", "測器の深度（ｍ）": "102", "維持管理機関名": "防災科学技術研究所", "維持管理機関名（英語）": "NIED", "観測開始年（西暦）": "2000", "同月": "3", "観測機器名または観測項目": "短周期地震計" }, "geometry": { "type": "Point", "coordinates": [ 138.7291, 36.2356 ] } },
{ "type": "Feature", "properties": { "観測の種類": "高感度", "name": "富岡", "観測点名ローマ字": "TOMIOKA", "観測点コード": "N.TMOH", "緯度（度）": 36.2862, "経度（度）": 138.921, "高さ（ｍ）": "151", "測器の深度（ｍ）": "202", "維持管理機関名": "防災科学技術研究所", "維持管理機関名（英語）": "NIED", "観測開始年（西暦）": "2000", "同月": "3", "観測機器名または観測項目": "短周期地震計" }, "geometry": { "type": "Point", "coordinates": [ 138.921, 36.2862 ] } },
{ "type": "Feature", "properties": { "観測の種類": "高感度", "name": "神流", "観測点名ローマ字": "KANNA", "観測点コード": "N.KNAH", "緯度（度）": 36.144, "経度（度）": 138.9129, "高さ（ｍ）": "930", "測器の深度（ｍ）": "103", "維持管理機関名": "防災科学技術研究所", "維持管理機関名（英語）": "NIED", "観測開始年（西暦）": "2005", "同月": "3", "観測機器名または観測項目": "短周期地震計" }, "geometry": { "type": "Point", "coordinates": [ 138.9129, 36.144 ] } },
{ "type": "Feature", "properties": { "観測の種類": "高感度", "name": "水上2", "観測点名ローマ字": "MINAKAMI2", "観測点コード": "N.MN2H", "緯度（度）": 36.862, "経度（度）": 139.0627, "高さ（ｍ）": "760", "測器の深度（ｍ）": "205", "維持管理機関名": "防災科学技術研究所", "維持管理機関名（英語）": "NIED", "観測開始年（西暦）": "2005", "同月": "3", "観測機器名または観測項目": "短周期地震計" }, "geometry": { "type": "Point", "coordinates": [ 139.0627, 36.862 ] } },
{ "type": "Feature", "properties": { "観測の種類": "高感度", "name": "みどり", "観測点名ローマ字": "MIDORI", "観測点コード": "N.MDRH", "緯度（度）": 36.4931, "経度（度）": 139.3219, "高さ（ｍ）": "360", "測器の深度（ｍ）": "202", "維持管理機関名": "防災科学技術研究所", "維持管理機関名（英語）": "NIED", "観測開始年（西暦）": "2006", "同月": "3", "観測機器名または観測項目": "短周期地震計" }, "geometry": { "type": "Point", "coordinates": [ 139.3219, 36.4931 ] } },
{ "type": "Feature", "properties": { "観測の種類": "高感度", "name": "岩槻", "観測点名ローマ字": "IWATSUKI", "観測点コード": "N.IWTH", "緯度（度）": 35.929, "経度（度）": 139.7349, "高さ（ｍ）": "8", "測器の深度（ｍ）": "3510", "維持管理機関名": "防災科学技術研究所", "維持管理機関名（英語）": "NIED", "観測開始年（西暦）": "1979", "同月": "7", "観測機器名または観測項目": "短周期地震計" }, "geometry": { "type": "Point", "coordinates": [ 139.7349, 35.929 ] } },
{ "type": "Feature", "properties": { "観測の種類": "高感度", "name": "吉見", "観測点名ローマ字": "YOSHIMI", "観測点コード": "N.YMIH", "緯度（度）": 36.0509, "経度（度）": 139.4364, "高さ（ｍ）": "50", "測器の深度（ｍ）": "102", "維持管理機関名": "防災科学技術研究所", "維持管理機関名（英語）": "NIED", "観測開始年（西暦）": "1983", "同月": "4", "観測機器名または観測項目": "短周期地震計" }, "geometry": { "type": "Point", "coordinates": [ 139.4364, 36.0509 ] } },
{ "type": "Feature", "properties": { "観測の種類": "高感度", "name": "日高", "観測点名ローマ字": "HIDAKA", "観測点コード": "N.HDKH", "緯度（度）": 35.899, "経度（度）": 139.3843, "高さ（ｍ）": "51", "測器の深度（ｍ）": "1800", "維持管理機関名": "防災科学技術研究所", "維持管理機関名（英語）": "NIED", "観測開始年（西暦）": "1997", "同月": "5", "観測機器名または観測項目": "短周期地震計" }, "geometry": { "type": "Point", "coordinates": [ 139.3843, 35.899 ] } },
{ "type": "Feature", "properties": { "観測の種類": "高感度", "name": "所沢", "観測点名ローマ字": "TOKOROZAWA", "観測点コード": "N.TKRH", "緯度（度）": 35.8028, "経度（度）": 139.5353, "高さ（ｍ）": "30", "測器の深度（ｍ）": "2000", "維持管理機関名": "防災科学技術研究所", "維持管理機関名（英語）": "NIED", "観測開始年（西暦）": "1997", "同月": "5", "観測機器名または観測項目": "短周期地震計" }, "geometry": { "type": "Point", "coordinates": [ 139.5353, 35.8028 ] } },
{ "type": "Feature", "properties": { "観測の種類": "高感度", "name": "神泉", "観測点名ローマ字": "KAMIIZUMI", "観測点コード": "N.KIZH", "緯度（度）": 36.1509, "経度（度）": 139.0504, "高さ（ｍ）": "150", "測器の深度（ｍ）": "102", "維持管理機関名": "防災科学技術研究所", "維持管理機関名（英語）": "NIED", "観測開始年（西暦）": "2000", "同月": "3", "観測機器名または観測項目": "短周期地震計" }, "geometry": { "type": "Point", "coordinates": [ 139.0504, 36.1509 ] } },
{ "type": "Feature", "properties": { "観測の種類": "高感度", "name": "川本", "観測点名ローマ字": "KAWAMOTO", "観測点コード": "N.KWTH", "緯度（度）": 36.1131, "経度（度）": 139.2894, "高さ（ｍ）": "80", "測器の深度（ｍ）": "202", "維持管理機関名": "防災科学技術研究所", "維持管理機関名（英語）": "NIED", "観測開始年（西暦）": "2000", "同月": "3", "観測機器名または観測項目": "短周期地震計" }, "geometry": { "type": "Point", "coordinates": [ 139.2894, 36.1131 ] } },
{ "type": "Feature", "properties": { "観測の種類": "高感度", "name": "名栗", "観測点名ローマ字": "NAGURI", "観測点コード": "N.NGRH", "緯度（度）": 35.9118, "経度（度）": 139.1485, "高さ（ｍ）": "340", "測器の深度（ｍ）": "103", "維持管理機関名": "防災科学技術研究所", "維持管理機関名（英語）": "NIED", "観測開始年（西暦）": "2001", "同月": "3", "観測機器名または観測項目": "短周期地震計" }, "geometry": { "type": "Point", "coordinates": [ 139.1485, 35.9118 ] } },
{ "type": "Feature", "properties": { "観測の種類": "高感度", "name": "小鹿野", "観測点名ローマ字": "OGANO", "観測点コード": "N.OGOH", "緯度（度）": 36.0274, "経度（度）": 138.9691, "高さ（ｍ）": "295", "測器の深度（ｍ）": "102", "維持管理機関名": "防災科学技術研究所", "維持管理機関名（英語）": "NIED", "観測開始年（西暦）": "2003", "同月": "3", "観測機器名または観測項目": "短周期地震計" }, "geometry": { "type": "Point", "coordinates": [ 138.9691, 36.0274 ] } },
{ "type": "Feature", "properties": { "観測の種類": "高感度", "name": "皆野", "観測点名ローマ字": "MINANO", "観測点コード": "N.MNAH", "緯度（度）": 36.0715, "経度（度）": 139.0993, "高さ（ｍ）": "165", "測器の深度（ｍ）": "124", "維持管理機関名": "防災科学技術研究所", "維持管理機関名（英語）": "NIED", "観測開始年（西暦）": "2003", "同月": "3", "観測機器名または観測項目": "短周期地震計" }, "geometry": { "type": "Point", "coordinates": [ 139.0993, 36.0715 ] } },
{ "type": "Feature", "properties": { "観測の種類": "高感度", "name": "飯能", "観測点名ローマ字": "HANNO", "観測点コード": "N.HHNH", "緯度（度）": 35.8637, "経度（度）": 139.2726, "高さ（ｍ）": "155", "測器の深度（ｍ）": "103", "維持管理機関名": "防災科学技術研究所", "維持管理機関名（英語）": "NIED", "観測開始年（西暦）": "2003", "同月": "3", "観測機器名または観測項目": "短周期地震計" }, "geometry": { "type": "Point", "coordinates": [ 139.2726, 35.8637 ] } },
{ "type": "Feature", "properties": { "観測の種類": "高感度", "name": "都幾川2", "観測点名ローマ字": "TOKIGAWA2", "観測点コード": "N.TO2H", "緯度（度）": 35.9969, "経度（度）": 139.2194, "高さ（ｍ）": "182", "測器の深度（ｍ）": "102", "維持管理機関名": "防災科学技術研究所", "維持管理機関名（英語）": "NIED", "観測開始年（西暦）": "2021", "同月": "3", "観測機器名または観測項目": "短周期地震計" }, "geometry": { "type": "Point", "coordinates": [ 139.2194, 35.9969 ] } },
{ "type": "Feature", "properties": { "観測の種類": "高感度", "name": "岩井北", "観測点名ローマ字": "IWAI-KITA", "観測点コード": "N.IWKH", "緯度（度）": 35.1015, "経度（度）": 139.8679, "高さ（ｍ）": "45", "測器の深度（ｍ）": "50", "維持管理機関名": "防災科学技術研究所", "維持管理機関名（英語）": "NIED", "観測開始年（西暦）": "1979", "同月": "7", "観測機器名または観測項目": "短周期地震計" }, "geometry": { "type": "Point", "coordinates": [ 139.8679, 35.1015 ] } },
{ "type": "Feature", "properties": { "観測の種類": "高感度", "name": "下総", "観測点名ローマ字": "SHIMOSA", "観測点コード": "N.SHMH", "緯度（度）": 35.7966, "経度（度）": 140.0206, "高さ（ｍ）": "23", "測器の深度（ｍ）": "2300", "維持管理機関名": "防災科学技術研究所", "維持管理機関名（英語）": "NIED", "観測開始年（西暦）": "1979", "同月": "7", "観測機器名または観測項目": "短周期地震計" }, "geometry": { "type": "Point", "coordinates": [ 140.0206, 35.7966 ] } },
{ "type": "Feature", "properties": { "観測の種類": "高感度", "name": "市原", "観測点名ローマ字": "ICHIHARA", "観測点コード": "N.ICHH", "緯度（度）": 35.4042, "経度（度）": 140.1736, "高さ（ｍ）": "32", "測器の深度（ｍ）": "178", "維持管理機関名": "防災科学技術研究所", "維持管理機関名（英語）": "NIED", "観測開始年（西暦）": "1979", "同月": "7", "観測機器名または観測項目": "短周期地震計" }, "geometry": { "type": "Point", "coordinates": [ 140.1736, 35.4042 ] } },
{ "type": "Feature", "properties": { "観測の種類": "高感度", "name": "匝瑳", "観測点名ローマ字": "SOSA", "観測点コード": "N.SSAH", "緯度（度）": 35.7215, "経度（度）": 140.5046, "高さ（ｍ）": "35", "測器の深度（ｍ）": "182", "維持管理機関名": "防災科学技術研究所", "維持管理機関名（英語）": "NIED", "観測開始年（西暦）": "2013", "同月": "2", "観測機器名または観測項目": "短周期地震計" }, "geometry": { "type": "Point", "coordinates": [ 140.5046, 35.7215 ] } },
{ "type": "Feature", "properties": { "観測の種類": "高感度", "name": "銚子", "観測点名ローマ字": "CHOSHI", "観測点コード": "N.CHSH", "緯度（度）": 35.7056, "経度（度）": 140.8517, "高さ（ｍ）": "50", "測器の深度（ｍ）": "94", "維持管理機関名": "防災科学技術研究所", "維持管理機関名（英語）": "NIED", "観測開始年（西暦）": "1980", "同月": "5", "観測機器名または観測項目": "短周期地震計" }, "geometry": { "type": "Point", "coordinates": [ 140.8517, 35.7056 ] } },
{ "type": "Feature", "properties": { "観測の種類": "高感度", "name": "勝浦", "観測点名ローマ字": "KATSUURA", "観測点コード": "N.KTUH", "緯度（度）": 35.1803, "経度（度）": 140.2656, "高さ（ｍ）": "96", "測器の深度（ｍ）": "108", "維持管理機関名": "防災科学技術研究所", "維持管理機関名（英語）": "NIED", "観測開始年（西暦）": "1983", "同月": "4", "観測機器名または観測項目": "短周期地震計" }, "geometry": { "type": "Point", "coordinates": [ 140.2656, 35.1803 ] } },
{ "type": "Feature", "properties": { "観測の種類": "高感度", "name": "千倉", "観測点名ローマ字": "CHIKURA", "観測点コード": "N.CKRH", "緯度（度）": 34.9707, "経度（度）": 139.9459, "高さ（ｍ）": "100", "測器の深度（ｍ）": "798", "維持管理機関名": "防災科学技術研究所", "維持管理機関名（英語）": "NIED", "観測開始年（西暦）": "1986", "同月": "3", "観測機器名または観測項目": "短周期地震計" }, "geometry": { "type": "Point", "coordinates": [ 139.9459, 34.9707 ] } },
{ "type": "Feature", "properties": { "観測の種類": "高感度", "name": "千葉", "観測点名ローマ字": "CHIBA", "観測点コード": "N.CBAH", "緯度（度）": 35.5458, "経度（度）": 140.2417, "高さ（ｍ）": "65", "測器の深度（ｍ）": "2000", "維持管理機関名": "防災科学技術研究所", "維持管理機関名（英語）": "NIED", "観測開始年（西暦）": "1994", "同月": "5", "観測機器名または観測項目": "短周期地震計" }, "geometry": { "type": "Point", "coordinates": [ 140.2417, 35.5458 ] } },
{ "type": "Feature", "properties": { "観測の種類": "高感度", "name": "養老", "観測点名ローマ字": "YORO", "観測点コード": "N.YROH", "緯度（度）": 35.2867, "経度（度）": 140.1529, "高さ（ｍ）": "80", "測器の深度（ｍ）": "2000", "維持管理機関名": "防災科学技術研究所", "維持管理機関名（英語）": "NIED", "観測開始年（西暦）": "1995", "同月": "5", "観測機器名または観測項目": "短周期地震計" }, "geometry": { "type": "Point", "coordinates": [ 140.1529, 35.2867 ] } },
{ "type": "Feature", "properties": { "観測の種類": "高感度", "name": "富津", "観測点名ローマ字": "FUTTSU", "観測点コード": "N.FUTH", "緯度（度）": 35.3445, "経度（度）": 139.8554, "高さ（ｍ）": "3", "測器の深度（ｍ）": "2000", "維持管理機関名": "防災科学技術研究所", "維持管理機関名（英語）": "NIED", "観測開始年（西暦）": "1995", "同月": "5", "観測機器名または観測項目": "短周期地震計" }, "geometry": { "type": "Point", "coordinates": [ 139.8554, 35.3445 ] } },
{ "type": "Feature", "properties": { "観測の種類": "高感度", "name": "成田", "観測点名ローマ字": "NARITA", "観測点コード": "N.NRTH", "緯度（度）": 35.8307, "経度（度）": 140.298, "高さ（ｍ）": "12", "測器の深度（ｍ）": "1300", "維持管理機関名": "防災科学技術研究所", "維持管理機関名（英語）": "NIED", "観測開始年（西暦）": "1996", "同月": "4", "観測機器名または観測項目": "短周期地震計" }, "geometry": { "type": "Point", "coordinates": [ 140.298, 35.8307 ] } },
{ "type": "Feature", "properties": { "観測の種類": "高感度", "name": "銚子中", "観測点名ローマ字": "CHOSHI-C", "観測点コード": "N.CH2H", "緯度（度）": 35.7342, "経度（度）": 140.823, "高さ（ｍ）": "2", "測器の深度（ｍ）": "527", "維持管理機関名": "防災科学技術研究所", "維持管理機関名（英語）": "NIED", "観測開始年（西暦）": "2003", "同月": "3", "観測機器名または観測項目": "短周期地震計" }, "geometry": { "type": "Point", "coordinates": [ 140.823, 35.7342 ] } },
{ "type": "Feature", "properties": { "観測の種類": "高感度", "name": "館山西", "観測点名ローマ字": "TATEYAMA-W", "観測点コード": "N.TY2H", "緯度（度）": 34.9591, "経度（度）": 139.7885, "高さ（ｍ）": "30", "測器の深度（ｍ）": "502", "維持管理機関名": "防災科学技術研究所", "維持管理機関名（英語）": "NIED", "観測開始年（西暦）": "2003", "同月": "3", "観測機器名または観測項目": "短周期地震計" }, "geometry": { "type": "Point", "coordinates": [ 139.7885, 34.9591 ] } },
{ "type": "Feature", "properties": { "観測の種類": "高感度", "name": "鴨川", "観測点名ローマ字": "KAMOGAWA", "観測点コード": "N.KMWH", "緯度（度）": 35.1384, "経度（度）": 139.9649, "高さ（ｍ）": "160", "測器の深度（ｍ）": "1940", "維持管理機関名": "防災科学技術研究所", "維持管理機関名（英語）": "NIED", "観測開始年（西暦）": "2003", "同月": "3", "観測機器名または観測項目": "短周期地震計" }, "geometry": { "type": "Point", "coordinates": [ 139.9649, 35.1384 ] } },
{ "type": "Feature", "properties": { "観測の種類": "高感度", "name": "勝浦東", "観測点名ローマ字": "KATSUURA-E", "観測点コード": "N.KT2H", "緯度（度）": 35.1714, "経度（度）": 140.3398, "高さ（ｍ）": "10", "測器の深度（ｍ）": "823", "維持管理機関名": "防災科学技術研究所", "維持管理機関名（英語）": "NIED", "観測開始年（西暦）": "2004", "同月": "3", "観測機器名または観測項目": "短周期地震計" }, "geometry": { "type": "Point", "coordinates": [ 140.3398, 35.1714 ] } },
{ "type": "Feature", "properties": { "観測の種類": "高感度", "name": "白子", "観測点名ローマ字": "SHIRAKO", "観測点コード": "N.SRKH", "緯度（度）": 35.4425, "経度（度）": 140.3677, "高さ（ｍ）": "4", "測器の深度（ｍ）": "185", "維持管理機関名": "防災科学技術研究所", "維持管理機関名（英語）": "NIED", "観測開始年（西暦）": "1998", "同月": "3", "観測機器名または観測項目": "短周期地震計" }, "geometry": { "type": "Point", "coordinates": [ 140.3677, 35.4425 ] } },
{ "type": "Feature", "properties": { "観測の種類": "高感度", "name": "蓮沼", "観測点名ローマ字": "HASUNUMA", "観測点コード": "N.HSNH", "緯度（度）": 35.5943, "経度（度）": 140.5107, "高さ（ｍ）": "1", "測器の深度（ｍ）": "1641", "維持管理機関名": "防災科学技術研究所", "維持管理機関名（英語）": "NIED", "観測開始年（西暦）": "2006", "同月": "9", "観測機器名または観測項目": "短周期地震計" }, "geometry": { "type": "Point", "coordinates": [ 140.5107, 35.5943 ] } },
{ "type": "Feature", "properties": { "観測の種類": "高感度", "name": "鴨川南", "観測点名ローマ字": "KAMOGAWA-S", "観測点コード": "N.KMSH", "緯度（度）": 35.0882, "経度（度）": 140.0997, "高さ（ｍ）": "28", "測器の深度（ｍ）": "308", "維持管理機関名": "防災科学技術研究所", "維持管理機関名（英語）": "NIED", "観測開始年（西暦）": "2008", "同月": "8", "観測機器名または観測項目": "短周期地震計" }, "geometry": { "type": "Point", "coordinates": [ 140.0997, 35.0882 ] } },
{ "type": "Feature", "properties": { "観測の種類": "高感度", "name": "檜原", "観測点名ローマ字": "HINOHARA", "観測点コード": "N.HHRH", "緯度（度）": 35.7385, "経度（度）": 139.0732, "高さ（ｍ）": "605", "測器の深度（ｍ）": "0", "維持管理機関名": "防災科学技術研究所", "維持管理機関名（英語）": "NIED", "観測開始年（西暦）": "1980", "同月": "5", "観測機器名または観測項目": "短周期地震計" }, "geometry": { "type": "Point", "coordinates": [ 139.0732, 35.7385 ] } },
{ "type": "Feature", "properties": { "観測の種類": "高感度", "name": "府中", "観測点名ローマ字": "FUCHU", "観測点コード": "N.FCHH", "緯度（度）": 35.6539, "経度（度）": 139.4704, "高さ（ｍ）": "45", "測器の深度（ｍ）": "2752", "維持管理機関名": "防災科学技術研究所", "維持管理機関名（英語）": "NIED", "観測開始年（西暦）": "1981", "同月": "10", "観測機器名または観測項目": "短周期地震計" }, "geometry": { "type": "Point", "coordinates": [ 139.4704, 35.6539 ] } },
{ "type": "Feature", "properties": { "観測の種類": "高感度", "name": "新島", "観測点名ローマ字": "NIIJIMA", "観測点コード": "N.NJMH", "緯度（度）": 34.4236, "経度（度）": 139.2828, "高さ（ｍ）": "20", "測器の深度（ｍ）": "0", "維持管理機関名": "防災科学技術研究所", "維持管理機関名（英語）": "NIED", "観測開始年（西暦）": "1983", "同月": "4", "観測機器名または観測項目": "短周期地震計" }, "geometry": { "type": "Point", "coordinates": [ 139.2828, 34.4236 ] } },
{ "type": "Feature", "properties": { "観測の種類": "高感度", "name": "神津島", "観測点名ローマ字": "KOUZUSHIMA", "観測点コード": "N.KHZH", "緯度（度）": 34.1993, "経度（度）": 139.1353, "高さ（ｍ）": "60", "測器の深度（ｍ）": "0", "維持管理機関名": "防災科学技術研究所", "維持管理機関名（英語）": "NIED", "観測開始年（西暦）": "1984", "同月": "4", "観測機器名または観測項目": "短周期地震計" }, "geometry": { "type": "Point", "coordinates": [ 139.1353, 34.1993 ] } },
{ "type": "Feature", "properties": { "観測の種類": "高感度", "name": "三宅", "観測点名ローマ字": "MIYAKE", "観測点コード": "N.MKEH", "緯度（度）": 34.1092, "経度（度）": 139.506, "高さ（ｍ）": "170", "測器の深度（ｍ）": "95", "維持管理機関名": "防災科学技術研究所", "維持管理機関名（英語）": "NIED", "観測開始年（西暦）": "1984", "同月": "4", "観測機器名または観測項目": "短周期地震計" }, "geometry": { "type": "Point", "coordinates": [ 139.506, 34.1092 ] } },
{ "type": "Feature", "properties": { "観測の種類": "高感度", "name": "八丈", "観測点名ローマ字": "HACHIJO", "観測点コード": "N.HCJH", "緯度（度）": 33.0771, "経度（度）": 139.8396, "高さ（ｍ）": "40", "測器の深度（ｍ）": "0", "維持管理機関名": "防災科学技術研究所", "維持管理機関名（英語）": "NIED", "観測開始年（西暦）": "1984", "同月": "4", "観測機器名または観測項目": "短周期地震計" }, "geometry": { "type": "Point", "coordinates": [ 139.8396, 33.0771 ] } },
{ "type": "Feature", "properties": { "観測の種類": "高感度", "name": "江東", "観測点名ローマ字": "KOTO", "観測点コード": "N.KOTH", "緯度（度）": 35.6114, "経度（度）": 139.8125, "高さ（ｍ）": "6", "測器の深度（ｍ）": "3000", "維持管理機関名": "防災科学技術研究所", "維持管理機関名（英語）": "NIED", "観測開始年（西暦）": "1995", "同月": "5", "観測機器名または観測項目": "短周期地震計" }, "geometry": { "type": "Point", "coordinates": [ 139.8125, 35.6114 ] } },
{ "type": "Feature", "properties": { "観測の種類": "高感度", "name": "八王子", "観測点名ローマ字": "HACHIOJI", "観測点コード": "N.HOJH", "緯度（度）": 35.6701, "経度（度）": 139.265, "高さ（ｍ）": "210", "測器の深度（ｍ）": "149", "維持管理機関名": "防災科学技術研究所", "維持管理機関名（英語）": "NIED", "観測開始年（西暦）": "2003", "同月": "3", "観測機器名または観測項目": "短周期地震計" }, "geometry": { "type": "Point", "coordinates": [ 139.265, 35.6701 ] } },
{ "type": "Feature", "properties": { "観測の種類": "高感度", "name": "檜原南", "観測点名ローマ字": "HINOHARA-S", "観測点コード": "N.HH2H", "緯度（度）": 35.7017, "経度（度）": 139.1275, "高さ（ｍ）": "360", "測器の深度（ｍ）": "102", "維持管理機関名": "防災科学技術研究所", "維持管理機関名（英語）": "NIED", "観測開始年（西暦）": "2003", "同月": "3", "観測機器名または観測項目": "短周期地震計" }, "geometry": { "type": "Point", "coordinates": [ 139.1275, 35.7017 ] } },
{ "type": "Feature", "properties": { "観測の種類": "高感度", "name": "名組湾", "観測点名ローマ字": "NAGUMIWAN", "観測点コード": "N.NGMH", "緯度（度）": 34.2394, "経度（度）": 139.1379, "高さ（ｍ）": "20", "測器の深度（ｍ）": "41", "維持管理機関名": "防災科学技術研究所", "維持管理機関名（英語）": "NIED", "観測開始年（西暦）": "1996", "同月": "2", "観測機器名または観測項目": "短周期地震計" }, "geometry": { "type": "Point", "coordinates": [ 139.1379, 34.2394 ] } },
{ "type": "Feature", "properties": { "観測の種類": "高感度", "name": "川崎", "観測点名ローマ字": "KAWASAKI", "観測点コード": "N.HRMH", "緯度（度）": 35.5541, "経度（度）": 139.6762, "高さ（ｍ）": "5", "測器の深度（ｍ）": "541", "維持管理機関名": "防災科学技術研究所", "維持管理機関名（英語）": "NIED", "観測開始年（西暦）": "1979", "同月": "7", "観測機器名または観測項目": "短周期地震計" }, "geometry": { "type": "Point", "coordinates": [ 139.6762, 35.5541 ] } },
{ "type": "Feature", "properties": { "観測の種類": "高感度", "name": "南足柄", "観測点名ローマ字": "MINAMIASHIGARA", "観測点コード": "N.ASGH", "緯度（度）": 35.3168, "経度（度）": 139.0247, "高さ（ｍ）": "480", "測器の深度（ｍ）": "94", "維持管理機関名": "防災科学技術研究所", "維持管理機関名（英語）": "NIED", "観測開始年（西暦）": "1979", "同月": "7", "観測機器名または観測項目": "短周期地震計" }, "geometry": { "type": "Point", "coordinates": [ 139.0247, 35.3168 ] } },
{ "type": "Feature", "properties": { "観測の種類": "高感度", "name": "横須賀", "観測点名ローマ字": "YOKOSUKA", "観測点コード": "N.YSKH", "緯度（度）": 35.211, "経度（度）": 139.6964, "高さ（ｍ）": "12", "測器の深度（ｍ）": "201", "維持管理機関名": "防災科学技術研究所", "維持管理機関名（英語）": "NIED", "観測開始年（西暦）": "1981", "同月": "10", "観測機器名または観測項目": "短周期地震計" }, "geometry": { "type": "Point", "coordinates": [ 139.6964, 35.211 ] } },
{ "type": "Feature", "properties": { "観測の種類": "高感度", "name": "愛川", "観測点名ローマ字": "AIKAWA", "観測点コード": "N.AKWH", "緯度（度）": 35.5232, "経度（度）": 139.3149, "高さ（ｍ）": "80", "測器の深度（ｍ）": "88", "維持管理機関名": "防災科学技術研究所", "維持管理機関名（英語）": "NIED", "観測開始年（西暦）": "1983", "同月": "4", "観測機器名または観測項目": "短周期地震計" }, "geometry": { "type": "Point", "coordinates": [ 139.3149, 35.5232 ] } },
{ "type": "Feature", "properties": { "観測の種類": "高感度", "name": "山北", "観測点名ローマ字": "YAMAKITA", "観測点コード": "N.YMKH", "緯度（度）": 35.4904, "経度（度）": 139.0594, "高さ（ｍ）": "665", "測器の深度（ｍ）": "101", "維持管理機関名": "防災科学技術研究所", "維持管理機関名（英語）": "NIED", "観測開始年（西暦）": "1984", "同月": "4", "観測機器名または観測項目": "短周期地震計" }, "geometry": { "type": "Point", "coordinates": [ 139.0594, 35.4904 ] } },
{ "type": "Feature", "properties": { "観測の種類": "高感度", "name": "玄倉", "観測点名ローマ字": "KUROKURA", "観測点コード": "N.KRKH", "緯度（度）": 35.4443, "経度（度）": 139.1157, "高さ（ｍ）": "690", "測器の深度（ｍ）": "175", "維持管理機関名": "防災科学技術研究所", "維持管理機関名（英語）": "NIED", "観測開始年（西暦）": "1989", "同月": "3", "観測機器名または観測項目": "短周期地震計" }, "geometry": { "type": "Point", "coordinates": [ 139.1157, 35.4443 ] } },
{ "type": "Feature", "properties": { "観測の種類": "高感度", "name": "小田原", "観測点名ローマ字": "ODAWARA", "観測点コード": "N.ODWH", "緯度（度）": 35.2524, "経度（度）": 139.1042, "高さ（ｍ）": "290", "測器の深度（ｍ）": "98", "維持管理機関名": "防災科学技術研究所", "維持管理機関名（英語）": "NIED", "観測開始年（西暦）": "1991", "同月": "3", "観測機器名または観測項目": "短周期地震計" }, "geometry": { "type": "Point", "coordinates": [ 139.1042, 35.2524 ] } },
{ "type": "Feature", "properties": { "観測の種類": "高感度", "name": "平塚", "観測点名ローマ字": "HIRATSUKA", "観測点コード": "N.HRTH", "緯度（度）": 35.3203, "経度（度）": 139.3088, "高さ（ｍ）": "175", "測器の深度（ｍ）": "189", "維持管理機関名": "防災科学技術研究所", "維持管理機関名（英語）": "NIED", "観測開始年（西暦）": "1992", "同月": "12", "観測機器名または観測項目": "短周期地震計" }, "geometry": { "type": "Point", "coordinates": [ 139.3088, 35.3203 ] } },
{ "type": "Feature", "properties": { "観測の種類": "高感度", "name": "真鶴", "観測点名ローマ字": "MANAZURU", "観測点コード": "N.MNZH", "緯度（度）": 35.1458, "経度（度）": 139.15, "高さ（ｍ）": "50", "測器の深度（ｍ）": "200", "維持管理機関名": "防災科学技術研究所", "維持管理機関名（英語）": "NIED", "観測開始年（西暦）": "1994", "同月": "5", "観測機器名または観測項目": "短周期地震計" }, "geometry": { "type": "Point", "coordinates": [ 139.15, 35.1458 ] } },
{ "type": "Feature", "properties": { "観測の種類": "高感度", "name": "横浜", "観測点名ローマ字": "YOKOHAMA", "観測点コード": "N.YKHH", "緯度（度）": 35.4991, "経度（度）": 139.5195, "高さ（ｍ）": "62", "測器の深度（ｍ）": "2000", "維持管理機関名": "防災科学技術研究所", "維持管理機関名（英語）": "NIED", "観測開始年（西暦）": "1994", "同月": "5", "観測機器名または観測項目": "短周期地震計" }, "geometry": { "type": "Point", "coordinates": [ 139.5195, 35.4991 ] } },
{ "type": "Feature", "properties": { "観測の種類": "高感度", "name": "厚木", "観測点名ローマ字": "ATSUGI", "観測点コード": "N.ATGH", "緯度（度）": 35.404, "経度（度）": 139.3539, "高さ（ｍ）": "12", "測器の深度（ｍ）": "1800", "維持管理機関名": "防災科学技術研究所", "維持管理機関名（英語）": "NIED", "観測開始年（西暦）": "1995", "同月": "5", "観測機器名または観測項目": "短周期地震計" }, "geometry": { "type": "Point", "coordinates": [ 139.3539, 35.404 ] } },
{ "type": "Feature", "properties": { "観測の種類": "高感度", "name": "藤野", "観測点名ローマ字": "FUJINO", "観測点コード": "N.FJOH", "緯度（度）": 35.6437, "経度（度）": 139.1283, "高さ（ｍ）": "320", "測器の深度（ｍ）": "102", "維持管理機関名": "防災科学技術研究所", "維持管理機関名（英語）": "NIED", "観測開始年（西暦）": "2003", "同月": "3", "観測機器名または観測項目": "短周期地震計" }, "geometry": { "type": "Point", "coordinates": [ 139.1283, 35.6437 ] } },
{ "type": "Feature", "properties": { "観測の種類": "高感度", "name": "山北中", "観測点名ローマ字": "YAMAKITA-C", "観測点コード": "N.YM2H", "緯度（度）": 35.4173, "経度（度）": 139.0436, "高さ（ｍ）": "330", "測器の深度（ｍ）": "102", "維持管理機関名": "防災科学技術研究所", "維持管理機関名（英語）": "NIED", "観測開始年（西暦）": "2003", "同月": "3", "観測機器名または観測項目": "短周期地震計" }, "geometry": { "type": "Point", "coordinates": [ 139.0436, 35.4173 ] } },
{ "type": "Feature", "properties": { "観測の種類": "高感度", "name": "松田", "観測点名ローマ字": "MATSUDA", "観測点コード": "N.MTDH", "緯度（度）": 35.3663, "経度（度）": 139.126, "高さ（ｍ）": "465", "測器の深度（ｍ）": "107", "維持管理機関名": "防災科学技術研究所", "維持管理機関名（英語）": "NIED", "観測開始年（西暦）": "2003", "同月": "3", "観測機器名または観測項目": "短周期地震計" }, "geometry": { "type": "Point", "coordinates": [ 139.126, 35.3663 ] } },
{ "type": "Feature", "properties": { "観測の種類": "高感度", "name": "清川", "観測点名ローマ字": "KIYOKAWA", "観測点コード": "N.KIYH", "緯度（度）": 35.4628, "経度（度）": 139.2146, "高さ（ｍ）": "455", "測器の深度（ｍ）": "212", "維持管理機関名": "防災科学技術研究所", "維持管理機関名（英語）": "NIED", "観測開始年（西暦）": "2003", "同月": "3", "観測機器名または観測項目": "短周期地震計" }, "geometry": { "type": "Point", "coordinates": [ 139.2146, 35.4628 ] } },
{ "type": "Feature", "properties": { "観測の種類": "高感度", "name": "山北南", "観測点名ローマ字": "YAMAKITA-S", "観測点コード": "N.YKSH", "緯度（度）": 35.3583, "経度（度）": 139.091, "高さ（ｍ）": "157", "測器の深度（ｍ）": "2002", "維持管理機関名": "防災科学技術研究所", "維持管理機関名（英語）": "NIED", "観測開始年（西暦）": "2005", "同月": "3", "観測機器名または観測項目": "短周期地震計" }, "geometry": { "type": "Point", "coordinates": [ 139.091, 35.3583 ] } },
{ "type": "Feature", "properties": { "観測の種類": "高感度", "name": "葉山", "観測点名ローマ字": "HAYAMA", "観測点コード": "N.HYMH", "緯度（度）": 35.2624, "経度（度）": 139.611, "高さ（ｍ）": "102", "測器の深度（ｍ）": "102", "維持管理機関名": "防災科学技術研究所", "維持管理機関名（英語）": "NIED", "観測開始年（西暦）": "2010", "同月": "3", "観測機器名または観測項目": "短周期地震計" }, "geometry": { "type": "Point", "coordinates": [ 139.611, 35.2624 ] } },
{ "type": "Feature", "properties": { "観測の種類": "高感度", "name": "長岡", "観測点名ローマ字": "NAGAOKA", "観測点コード": "N.NGOH", "緯度（度）": 37.4254, "経度（度）": 138.8856, "高さ（ｍ）": "85", "測器の深度（ｍ）": "102", "維持管理機関名": "防災科学技術研究所", "維持管理機関名（英語）": "NIED", "観測開始年（西暦）": "2000", "同月": "3", "観測機器名または観測項目": "短周期地震計" }, "geometry": { "type": "Point", "coordinates": [ 138.8856, 37.4254 ] } },
{ "type": "Feature", "properties": { "観測の種類": "高感度", "name": "朝日", "観測点名ローマ字": "ASAHI", "観測点コード": "N.AHIH", "緯度（度）": 38.2799, "経度（度）": 139.5486, "高さ（ｍ）": "34", "測器の深度（ｍ）": "106", "維持管理機関名": "防災科学技術研究所", "維持管理機関名（英語）": "NIED", "観測開始年（西暦）": "2000", "同月": "3", "観測機器名または観測項目": "短周期地震計" }, "geometry": { "type": "Point", "coordinates": [ 139.5486, 38.2799 ] } },
{ "type": "Feature", "properties": { "観測の種類": "高感度", "name": "荒川", "観測点名ローマ字": "ARAKAWA", "観測点コード": "N.ARKH", "緯度（度）": 38.1326, "経度（度）": 139.4292, "高さ（ｍ）": "6", "測器の深度（ｍ）": "223", "維持管理機関名": "防災科学技術研究所", "維持管理機関名（英語）": "NIED", "観測開始年（西暦）": "2000", "同月": "3", "観測機器名または観測項目": "短周期地震計" }, "geometry": { "type": "Point", "coordinates": [ 139.4292, 38.1326 ] } },
{ "type": "Feature", "properties": { "観測の種類": "高感度", "name": "関川", "観測点名ローマ字": "SEKIKAWA", "観測点コード": "N.SKWH", "緯度（度）": 38.1312, "経度（度）": 139.5426, "高さ（ｍ）": "78", "測器の深度（ｍ）": "102", "維持管理機関名": "防災科学技術研究所", "維持管理機関名（英語）": "NIED", "観測開始年（西暦）": "2000", "同月": "3", "観測機器名または観測項目": "短周期地震計" }, "geometry": { "type": "Point", "coordinates": [ 139.5426, 38.1312 ] } },
{ "type": "Feature", "properties": { "観測の種類": "高感度", "name": "聖籠", "観測点名ローマ字": "SEIRO", "観測点コード": "N.SROH", "緯度（度）": 37.9759, "経度（度）": 139.2788, "高さ（ｍ）": "7", "測器の深度（ｍ）": "149", "維持管理機関名": "防災科学技術研究所", "維持管理機関名（英語）": "NIED", "観測開始年（西暦）": "2000", "同月": "3", "観測機器名または観測項目": "短周期地震計" }, "geometry": { "type": "Point", "coordinates": [ 139.2788, 37.9759 ] } },
{ "type": "Feature", "properties": { "観測の種類": "高感度", "name": "加茂", "観測点名ローマ字": "KAMO", "観測点コード": "N.KMOH", "緯度（度）": 37.6527, "経度（度）": 139.0676, "高さ（ｍ）": "30", "測器の深度（ｍ）": "102", "維持管理機関名": "防災科学技術研究所", "維持管理機関名（英語）": "NIED", "観測開始年（西暦）": "2000", "同月": "3", "観測機器名または観測項目": "短周期地震計" }, "geometry": { "type": "Point", "coordinates": [ 139.0676, 37.6527 ] } },
{ "type": "Feature", "properties": { "観測の種類": "高感度", "name": "村松", "観測点名ローマ字": "MURAMATSU", "観測点コード": "N.MRMH", "緯度（度）": 37.6658, "経度（度）": 139.261, "高さ（ｍ）": "75", "測器の深度（ｍ）": "108", "維持管理機関名": "防災科学技術研究所", "維持管理機関名（英語）": "NIED", "観測開始年（西暦）": "2000", "同月": "3", "観測機器名または観測項目": "短周期地震計" }, "geometry": { "type": "Point", "coordinates": [ 139.261, 37.6658 ] } },
{ "type": "Feature", "properties": { "観測の種類": "高感度", "name": "津川", "観測点名ローマ字": "TSUGAWA", "観測点コード": "N.TWAH", "緯度（度）": 37.6708, "経度（度）": 139.4648, "高さ（ｍ）": "68", "測器の深度（ｍ）": "302", "維持管理機関名": "防災科学技術研究所", "維持管理機関名（英語）": "NIED", "観測開始年（西暦）": "2000", "同月": "3", "観測機器名または観測項目": "短周期地震計" }, "geometry": { "type": "Point", "coordinates": [ 139.4648, 37.6708 ] } },
{ "type": "Feature", "properties": { "観測の種類": "高感度", "name": "下田", "観測点名ローマ字": "SHITADA", "観測点コード": "N.STDH", "緯度（度）": 37.5386, "経度（度）": 139.1279, "高さ（ｍ）": "93", "測器の深度（ｍ）": "102", "維持管理機関名": "防災科学技術研究所", "維持管理機関名（英語）": "NIED", "観測開始年（西暦）": "2000", "同月": "3", "観測機器名または観測項目": "短周期地震計" }, "geometry": { "type": "Point", "coordinates": [ 139.1279, 37.5386 ] } },
{ "type": "Feature", "properties": { "観測の種類": "高感度", "name": "上川", "観測点名ローマ字": "KAMIKAWA", "観測点コード": "N.KMKH", "緯度（度）": 37.5438, "経度（度）": 139.3648, "高さ（ｍ）": "218", "測器の深度（ｍ）": "102", "維持管理機関名": "防災科学技術研究所", "維持管理機関名（英語）": "NIED", "観測開始年（西暦）": "2000", "同月": "3", "観測機器名または観測項目": "短周期地震計" }, "geometry": { "type": "Point", "coordinates": [ 139.3648, 37.5438 ] } },
{ "type": "Feature", "properties": { "観測の種類": "高感度", "name": "川西", "観測点名ローマ字": "KAWANISHI", "観測点コード": "N.KWNH", "緯度（度）": 37.1728, "経度（度）": 138.744, "高さ（ｍ）": "165", "測器の深度（ｍ）": "205", "維持管理機関名": "防災科学技術研究所", "維持管理機関名（英語）": "NIED", "観測開始年（西暦）": "2000", "同月": "3", "観測機器名または観測項目": "短周期地震計" }, "geometry": { "type": "Point", "coordinates": [ 138.744, 37.1728 ] } },
{ "type": "Feature", "properties": { "観測の種類": "高感度", "name": "湯之谷", "観測点名ローマ字": "YUNOTANI", "観測点コード": "N.YNTH", "緯度（度）": 37.2239, "経度（度）": 138.9821, "高さ（ｍ）": "110", "測器の深度（ｍ）": "110", "維持管理機関名": "防災科学技術研究所", "維持管理機関名（英語）": "NIED", "観測開始年（西暦）": "2000", "同月": "3", "観測機器名または観測項目": "短周期地震計" }, "geometry": { "type": "Point", "coordinates": [ 138.9821, 37.2239 ] } },
{ "type": "Feature", "properties": { "観測の種類": "高感度", "name": "牧", "観測点名ローマ字": "MAKI", "観測点コード": "N.MAKH", "緯度（度）": 37.0544, "経度（度）": 138.3966, "高さ（ｍ）": "230", "測器の深度（ｍ）": "100", "維持管理機関名": "防災科学技術研究所", "維持管理機関名（英語）": "NIED", "観測開始年（西暦）": "2000", "同月": "3", "観測機器名または観測項目": "短周期地震計" }, "geometry": { "type": "Point", "coordinates": [ 138.3966, 37.0544 ] } },
{ "type": "Feature", "properties": { "観測の種類": "高感度", "name": "塩沢", "観測点名ローマ字": "SHIOZAWA", "観測点コード": "N.SZWH", "緯度（度）": 37.0303, "経度（度）": 138.8521, "高さ（ｍ）": "185", "測器の深度（ｍ）": "387", "維持管理機関名": "防災科学技術研究所", "維持管理機関名（英語）": "NIED", "観測開始年（西暦）": "2000", "同月": "3", "観測機器名または観測項目": "短周期地震計" }, "geometry": { "type": "Point", "coordinates": [ 138.8521, 37.0303 ] } },
{ "type": "Feature", "properties": { "観測の種類": "高感度", "name": "六日", "観測点名ローマ字": "MUIKA", "観測点コード": "N.MUIH", "緯度（度）": 37.0533, "経度（度）": 138.9951, "高さ（ｍ）": "358", "測器の深度（ｍ）": "100", "維持管理機関名": "防災科学技術研究所", "維持管理機関名（英語）": "NIED", "観測開始年（西暦）": "2000", "同月": "3", "観測機器名または観測項目": "短周期地震計" }, "geometry": { "type": "Point", "coordinates": [ 138.9951, 37.0533 ] } },
{ "type": "Feature", "properties": { "観測の種類": "高感度", "name": "糸魚川", "観測点名ローマ字": "ITOIGAWA", "観測点コード": "N.IGWH", "緯度（度）": 36.9378, "経度（度）": 137.848, "高さ（ｍ）": "149", "測器の深度（ｍ）": "100", "維持管理機関名": "防災科学技術研究所", "維持管理機関名（英語）": "NIED", "観測開始年（西暦）": "2000", "同月": "3", "観測機器名または観測項目": "短周期地震計" }, "geometry": { "type": "Point", "coordinates": [ 137.848, 36.9378 ] } },
{ "type": "Feature", "properties": { "観測の種類": "高感度", "name": "妙高高原", "観測点名ローマ字": "MYOKOKOGEN", "観測点コード": "N.MKGH", "緯度（度）": 36.8568, "経度（度）": 138.0967, "高さ（ｍ）": "1305", "測器の深度（ｍ）": "152", "維持管理機関名": "防災科学技術研究所", "維持管理機関名（英語）": "NIED", "観測開始年（西暦）": "2001", "同月": "3", "観測機器名または観測項目": "短周期地震計" }, "geometry": { "type": "Point", "coordinates": [ 138.0967, 36.8568 ] } },
{ "type": "Feature", "properties": { "観測の種類": "高感度", "name": "妙高", "観測点名ローマ字": "MYOKO", "観測点コード": "N.MKOH", "緯度（度）": 36.9425, "経度（度）": 138.2594, "高さ（ｍ）": "240", "測器の深度（ｍ）": "110", "維持管理機関名": "防災科学技術研究所", "維持管理機関名（英語）": "NIED", "観測開始年（西暦）": "2000", "同月": "3", "観測機器名または観測項目": "短周期地震計" }, "geometry": { "type": "Point", "coordinates": [ 138.2594, 36.9425 ] } },
{ "type": "Feature", "properties": { "観測の種類": "高感度", "name": "湯沢", "観測点名ローマ字": "YUZAWA", "観測点コード": "N.YZWH", "緯度（度）": 36.8114, "経度（度）": 138.7849, "高さ（ｍ）": "985", "測器の深度（ｍ）": "100", "維持管理機関名": "防災科学技術研究所", "維持管理機関名（英語）": "NIED", "観測開始年（西暦）": "2000", "同月": "3", "観測機器名または観測項目": "短周期地震計" }, "geometry": { "type": "Point", "coordinates": [ 138.7849, 36.8114 ] } },
{ "type": "Feature", "properties": { "観測の種類": "高感度", "name": "氷見", "観測点名ローマ字": "HIMI", "観測点コード": "N.HIMH", "緯度（度）": 36.8866, "経度（度）": 136.9276, "高さ（ｍ）": "30", "測器の深度（ｍ）": "202", "維持管理機関名": "防災科学技術研究所", "維持管理機関名（英語）": "NIED", "観測開始年（西暦）": "1999", "同月": "3", "観測機器名または観測項目": "短周期地震計" }, "geometry": { "type": "Point", "coordinates": [ 136.9276, 36.8866 ] } },
{ "type": "Feature", "properties": { "観測の種類": "高感度", "name": "大門", "観測点名ローマ字": "DAIMON", "観測点コード": "N.DMOH", "緯度（度）": 36.7142, "経度（度）": 137.0378, "高さ（ｍ）": "5", "測器の深度（ｍ）": "214", "維持管理機関名": "防災科学技術研究所", "維持管理機関名（英語）": "NIED", "観測開始年（西暦）": "1999", "同月": "3", "観測機器名または観測項目": "短周期地震計" }, "geometry": { "type": "Point", "coordinates": [ 137.0378, 36.7142 ] } },
{ "type": "Feature", "properties": { "観測の種類": "高感度", "name": "富山", "観測点名ローマ字": "TOYAMA", "観測点コード": "N.TOYH", "緯度（度）": 36.7294, "経度（度）": 137.2627, "高さ（ｍ）": "8", "測器の深度（ｍ）": "577", "維持管理機関名": "防災科学技術研究所", "維持管理機関名（英語）": "NIED", "観測開始年（西暦）": "1999", "同月": "3", "観測機器名または観測項目": "短周期地震計" }, "geometry": { "type": "Point", "coordinates": [ 137.2627, 36.7294 ] } },
{ "type": "Feature", "properties": { "観測の種類": "高感度", "name": "魚津", "観測点名ローマ字": "UOZU", "観測点コード": "N.UOZH", "緯度（度）": 36.7914, "経度（度）": 137.4689, "高さ（ｍ）": "154", "測器の深度（ｍ）": "102", "維持管理機関名": "防災科学技術研究所", "維持管理機関名（英語）": "NIED", "観測開始年（西暦）": "1999", "同月": "3", "観測機器名または観測項目": "短周期地震計" }, "geometry": { "type": "Point", "coordinates": [ 137.4689, 36.7914 ] } },
{ "type": "Feature", "properties": { "観測の種類": "高感度", "name": "井波", "観測点名ローマ字": "INAMI", "観測点コード": "N.IMIH", "緯度（度）": 36.5736, "経度（度）": 136.9584, "高さ（ｍ）": "89", "測器の深度（ｍ）": "144", "維持管理機関名": "防災科学技術研究所", "維持管理機関名（英語）": "NIED", "観測開始年（西暦）": "1999", "同月": "3", "観測機器名または観測項目": "短周期地震計" }, "geometry": { "type": "Point", "coordinates": [ 136.9584, 36.5736 ] } },
{ "type": "Feature", "properties": { "観測の種類": "高感度", "name": "八尾", "観測点名ローマ字": "YATSUO", "観測点コード": "N.YTOH", "緯度（度）": 36.5711, "経度（度）": 137.1595, "高さ（ｍ）": "110", "測器の深度（ｍ）": "202", "維持管理機関名": "防災科学技術研究所", "維持管理機関名（英語）": "NIED", "観測開始年（西暦）": "1999", "同月": "3", "観測機器名または観測項目": "短周期地震計" }, "geometry": { "type": "Point", "coordinates": [ 137.1595, 36.5711 ] } },
{ "type": "Feature", "properties": { "観測の種類": "高感度", "name": "利賀", "観測点名ローマ字": "TOGA", "観測点コード": "N.TOGH", "緯度（度）": 36.4406, "経度（度）": 137.0392, "高さ（ｍ）": "670", "測器の深度（ｍ）": "102", "維持管理機関名": "防災科学技術研究所", "維持管理機関名（英語）": "NIED", "観測開始年（西暦）": "1999", "同月": "3", "観測機器名または観測項目": "短周期地震計" }, "geometry": { "type": "Point", "coordinates": [ 137.0392, 36.4406 ] } },
{ "type": "Feature", "properties": { "観測の種類": "高感度", "name": "上市東種", "観測点名ローマ字": "KAMIICHIHIGASHITANE", "観測点コード": "N.KHTH", "緯度（度）": 36.6705, "経度（度）": 137.424, "高さ（ｍ）": "290", "測器の深度（ｍ）": "52", "維持管理機関名": "防災科学技術研究所", "維持管理機関名（英語）": "NIED", "観測開始年（西暦）": "2009", "同月": "12", "観測機器名または観測項目": "短周期地震計" }, "geometry": { "type": "Point", "coordinates": [ 137.424, 36.6705 ] } },
{ "type": "Feature", "properties": { "観測の種類": "高感度", "name": "珠洲", "観測点名ローマ字": "SUZU", "観測点コード": "N.SUZH", "緯度（度）": 37.5266, "経度（度）": 137.2844, "高さ（ｍ）": "48", "測器の深度（ｍ）": "202", "維持管理機関名": "防災科学技術研究所", "維持管理機関名（英語）": "NIED", "観測開始年（西暦）": "1999", "同月": "3", "観測機器名または観測項目": "短周期地震計" }, "geometry": { "type": "Point", "coordinates": [ 137.2844, 37.5266 ] } },
{ "type": "Feature", "properties": { "観測の種類": "高感度", "name": "柳田", "観測点名ローマ字": "YANAGIDA", "観測点コード": "N.YGDH", "緯度（度）": 37.3644, "経度（度）": 137.0413, "高さ（ｍ）": "121", "測器の深度（ｍ）": "104", "維持管理機関名": "防災科学技術研究所", "維持管理機関名（英語）": "NIED", "観測開始年（西暦）": "1999", "同月": "3", "観測機器名または観測項目": "短周期地震計" }, "geometry": { "type": "Point", "coordinates": [ 137.0413, 37.3644 ] } },
{ "type": "Feature", "properties": { "観測の種類": "高感度", "name": "内浦", "観測点名ローマ字": "UCHIURA", "観測点コード": "N.UCUH", "緯度（度）": 37.3458, "経度（度）": 137.2436, "高さ（ｍ）": "19", "測器の深度（ｍ）": "208", "維持管理機関名": "防災科学技術研究所", "維持管理機関名（英語）": "NIED", "観測開始年（西暦）": "1999", "同月": "3", "観測機器名または観測項目": "短周期地震計" }, "geometry": { "type": "Point", "coordinates": [ 137.2436, 37.3458 ] } },
{ "type": "Feature", "properties": { "観測の種類": "高感度", "name": "富来", "観測点名ローマ字": "TOGI", "観測点コード": "N.TGIH", "緯度（度）": 37.1902, "経度（度）": 136.7176, "高さ（ｍ）": "56", "測器の深度（ｍ）": "118", "維持管理機関名": "防災科学技術研究所", "維持管理機関名（英語）": "NIED", "観測開始年（西暦）": "1999", "同月": "3", "観測機器名または観測項目": "短周期地震計" }, "geometry": { "type": "Point", "coordinates": [ 136.7176, 37.1902 ] } },
{ "type": "Feature", "properties": { "観測の種類": "高感度", "name": "穴水", "観測点名ローマ字": "ANAMIZU", "観測点コード": "N.AMZH", "緯度（度）": 37.2224, "経度（度）": 136.9689, "高さ（ｍ）": "56", "測器の深度（ｍ）": "107", "維持管理機関名": "防災科学技術研究所", "維持管理機関名（英語）": "NIED", "観測開始年（西暦）": "1999", "同月": "3", "観測機器名または観測項目": "短周期地震計" }, "geometry": { "type": "Point", "coordinates": [ 136.9689, 37.2224 ] } },
{ "type": "Feature", "properties": { "観測の種類": "高感度", "name": "志賀", "観測点名ローマ字": "SHIKA", "観測点コード": "N.SHKH", "緯度（度）": 37.0533, "経度（度）": 136.8206, "高さ（ｍ）": "20", "測器の深度（ｍ）": "202", "維持管理機関名": "防災科学技術研究所", "維持管理機関名（英語）": "NIED", "観測開始年（西暦）": "1999", "同月": "3", "観測機器名または観測項目": "短周期地震計" }, "geometry": { "type": "Point", "coordinates": [ 136.8206, 37.0533 ] } },
{ "type": "Feature", "properties": { "観測の種類": "高感度", "name": "金沢", "観測点名ローマ字": "KANAZAWA", "観測点コード": "N.KNZH", "緯度（度）": 36.515, "経度（度）": 136.6357, "高さ（ｍ）": "103", "測器の深度（ｍ）": "804", "維持管理機関名": "防災科学技術研究所", "維持管理機関名（英語）": "NIED", "観測開始年（西暦）": "1999", "同月": "3", "観測機器名または観測項目": "短周期地震計" }, "geometry": { "type": "Point", "coordinates": [ 136.6357, 36.515 ] } },
{ "type": "Feature", "properties": { "観測の種類": "高感度", "name": "津幡", "観測点名ローマ字": "TSUBATA", "観測点コード": "N.TBTH", "緯度（度）": 36.738, "経度（度）": 136.7906, "高さ（ｍ）": "119", "測器の深度（ｍ）": "102", "維持管理機関名": "防災科学技術研究所", "維持管理機関名（英語）": "NIED", "観測開始年（西暦）": "1999", "同月": "3", "観測機器名または観測項目": "短周期地震計" }, "geometry": { "type": "Point", "coordinates": [ 136.7906, 36.738 ] } },
{ "type": "Feature", "properties": { "観測の種類": "高感度", "name": "尾口", "観測点名ローマ字": "OGUCHI", "観測点コード": "N.OKCH", "緯度（度）": 36.2667, "経度（度）": 136.7168, "高さ（ｍ）": "560", "測器の深度（ｍ）": "107", "維持管理機関名": "防災科学技術研究所", "維持管理機関名（英語）": "NIED", "観測開始年（西暦）": "1999", "同月": "3", "観測機器名または観測項目": "短周期地震計" }, "geometry": { "type": "Point", "coordinates": [ 136.7168, 36.2667 ] } },
{ "type": "Feature", "properties": { "観測の種類": "高感度", "name": "輪島門前", "観測点名ローマ字": "WAJIMAMONZEN", "観測点コード": "N.WMZH", "緯度（度）": 37.2906, "経度（度）": 136.7578, "高さ（ｍ）": "10", "測器の深度（ｍ）": "52", "維持管理機関名": "防災科学技術研究所", "維持管理機関名（英語）": "NIED", "観測開始年（西暦）": "2008", "同月": "3", "観測機器名または観測項目": "短周期地震計" }, "geometry": { "type": "Point", "coordinates": [ 136.7578, 37.2906 ] } },
{ "type": "Feature", "properties": { "観測の種類": "高感度", "name": "永平寺", "観測点名ローマ字": "EIHEIJI", "観測点コード": "N.EIHH", "緯度（度）": 36.0955, "経度（度）": 136.3617, "高さ（ｍ）": "65", "測器の深度（ｍ）": "101", "維持管理機関名": "防災科学技術研究所", "維持管理機関名（英語）": "NIED", "観測開始年（西暦）": "1999", "同月": "3", "観測機器名または観測項目": "短周期地震計" }, "geometry": { "type": "Point", "coordinates": [ 136.3617, 36.0955 ] } },
{ "type": "Feature", "properties": { "観測の種類": "高感度", "name": "織田", "観測点名ローマ字": "OTA", "観測点コード": "N.OTAH", "緯度（度）": 35.9483, "経度（度）": 136.0556, "高さ（ｍ）": "120", "測器の深度（ｍ）": "102", "維持管理機関名": "防災科学技術研究所", "維持管理機関名（英語）": "NIED", "観測開始年（西暦）": "1999", "同月": "3", "観測機器名または観測項目": "短周期地震計" }, "geometry": { "type": "Point", "coordinates": [ 136.0556, 35.9483 ] } },
{ "type": "Feature", "properties": { "観測の種類": "高感度", "name": "和泉", "観測点名ローマ字": "IZUMI", "観測点コード": "N.IZUH", "緯度（度）": 35.9415, "経度（度）": 136.699, "高さ（ｍ）": "510", "測器の深度（ｍ）": "202", "維持管理機関名": "防災科学技術研究所", "維持管理機関名（英語）": "NIED", "観測開始年（西暦）": "1999", "同月": "3", "観測機器名または観測項目": "短周期地震計" }, "geometry": { "type": "Point", "coordinates": [ 136.699, 35.9415 ] } },
{ "type": "Feature", "properties": { "観測の種類": "高感度", "name": "三方", "観測点名ローマ字": "MIKATA", "観測点コード": "N.MIKH", "緯度（度）": 35.5587, "経度（度）": 135.8694, "高さ（ｍ）": "3", "測器の深度（ｍ）": "202", "維持管理機関名": "防災科学技術研究所", "維持管理機関名（英語）": "NIED", "観測開始年（西暦）": "1999", "同月": "3", "観測機器名または観測項目": "短周期地震計" }, "geometry": { "type": "Point", "coordinates": [ 135.8694, 35.5587 ] } },
{ "type": "Feature", "properties": { "観測の種類": "高感度", "name": "敦賀", "観測点名ローマ字": "TSURUGA", "観測点コード": "N.TRGH", "緯度（度）": 35.639, "経度（度）": 136.0303, "高さ（ｍ）": "10", "測器の深度（ｍ）": "124", "維持管理機関名": "防災科学技術研究所", "維持管理機関名（英語）": "NIED", "観測開始年（西暦）": "1999", "同月": "3", "観測機器名または観測項目": "短周期地震計" }, "geometry": { "type": "Point", "coordinates": [ 136.0303, 35.639 ] } },
{ "type": "Feature", "properties": { "観測の種類": "高感度", "name": "高浜", "観測点名ローマ字": "TAKAHAMA", "観測点コード": "N.TKHH", "緯度（度）": 35.4907, "経度（度）": 135.4841, "高さ（ｍ）": "160", "測器の深度（ｍ）": "101", "維持管理機関名": "防災科学技術研究所", "維持管理機関名（英語）": "NIED", "観測開始年（西暦）": "1999", "同月": "3", "観測機器名または観測項目": "短周期地震計" }, "geometry": { "type": "Point", "coordinates": [ 135.4841, 35.4907 ] } },
{ "type": "Feature", "properties": { "観測の種類": "高感度", "name": "小浜", "観測点名ローマ字": "OBAMA", "観測点コード": "N.OBMH", "緯度（度）": 35.4573, "経度（度）": 135.7266, "高さ（ｍ）": "43", "測器の深度（ｍ）": "106", "維持管理機関名": "防災科学技術研究所", "維持管理機関名（英語）": "NIED", "観測開始年（西暦）": "1999", "同月": "3", "観測機器名または観測項目": "短周期地震計" }, "geometry": { "type": "Point", "coordinates": [ 135.7266, 35.4573 ] } },
{ "type": "Feature", "properties": { "観測の種類": "高感度", "name": "下部", "観測点名ローマ字": "SHIMOBE", "観測点コード": "N.SMBH", "緯度（度）": 35.4189, "経度（度）": 138.4803, "高さ（ｍ）": "300", "測器の深度（ｍ）": "99", "維持管理機関名": "防災科学技術研究所", "維持管理機関名（英語）": "NIED", "観測開始年（西暦）": "1979", "同月": "7", "観測機器名または観測項目": "短周期地震計" }, "geometry": { "type": "Point", "coordinates": [ 138.4803, 35.4189 ] } },
{ "type": "Feature", "properties": { "観測の種類": "高感度", "name": "塩山", "観測点名ローマ字": "ENZAN", "観測点コード": "N.ENZH", "緯度（度）": 35.7392, "経度（度）": 138.8019, "高さ（ｍ）": "890", "測器の深度（ｍ）": "89", "維持管理機関名": "防災科学技術研究所", "維持管理機関名（英語）": "NIED", "観測開始年（西暦）": "1979", "同月": "7", "観測機器名または観測項目": "短周期地震計" }, "geometry": { "type": "Point", "coordinates": [ 138.8019, 35.7392 ] } },
{ "type": "Feature", "properties": { "観測の種類": "高感度", "name": "都留", "観測点名ローマ字": "TSURU", "観測点コード": "N.TRUH", "緯度（度）": 35.5138, "経度（度）": 138.9408, "高さ（ｍ）": "725", "測器の深度（ｍ）": "157", "維持管理機関名": "防災科学技術研究所", "維持管理機関名（英語）": "NIED", "観測開始年（西暦）": "1981", "同月": "10", "観測機器名または観測項目": "短周期地震計" }, "geometry": { "type": "Point", "coordinates": [ 138.9408, 35.5138 ] } },
{ "type": "Feature", "properties": { "観測の種類": "高感度", "name": "須玉", "観測点名ローマ字": "SUTAMA", "観測点コード": "N.SDMH", "緯度（度）": 35.8675, "経度（度）": 138.5739, "高さ（ｍ）": "1376", "測器の深度（ｍ）": "106", "維持管理機関名": "防災科学技術研究所", "維持管理機関名（英語）": "NIED", "観測開始年（西暦）": "1982", "同月": "4", "観測機器名または観測項目": "短周期地震計" }, "geometry": { "type": "Point", "coordinates": [ 138.5739, 35.8675 ] } },
{ "type": "Feature", "properties": { "観測の種類": "高感度", "name": "芦安", "観測点名ローマ字": "ASHIYASU", "観測点コード": "N.ASYH", "緯度（度）": 35.6386, "経度（度）": 138.3703, "高さ（ｍ）": "810", "測器の深度（ｍ）": "0", "維持管理機関名": "防災科学技術研究所", "維持管理機関名（英語）": "NIED", "観測開始年（西暦）": "1981", "同月": "4", "観測機器名または観測項目": "短周期地震計" }, "geometry": { "type": "Point", "coordinates": [ 138.3703, 35.6386 ] } },
{ "type": "Feature", "properties": { "観測の種類": "高感度", "name": "鹿留", "観測点名ローマ字": "SHISHIDOME", "観測点コード": "N.TR2H", "緯度（度）": 35.5153, "経度（度）": 138.8838, "高さ（ｍ）": "590", "測器の深度（ｍ）": "439", "維持管理機関名": "防災科学技術研究所", "維持管理機関名（英語）": "NIED", "観測開始年（西暦）": "1984", "同月": "5", "観測機器名または観測項目": "短周期地震計" }, "geometry": { "type": "Point", "coordinates": [ 138.8838, 35.5153 ] } },
{ "type": "Feature", "properties": { "観測の種類": "高感度", "name": "西野原", "観測点名ローマ字": "NISHINOHARA", "観測点コード": "N.NSHH", "緯度（度）": 35.6895, "経度（度）": 138.734, "高さ（ｍ）": "375", "測器の深度（ｍ）": "1206", "維持管理機関名": "防災科学技術研究所", "維持管理機関名（英語）": "NIED", "観測開始年（西暦）": "1997", "同月": "5", "観測機器名または観測項目": "短周期地震計" }, "geometry": { "type": "Point", "coordinates": [ 138.734, 35.6895 ] } },
{ "type": "Feature", "properties": { "観測の種類": "高感度", "name": "早川", "観測点名ローマ字": "HAYAKAWA", "観測点コード": "N.HYKH", "緯度（度）": 35.4327, "経度（度）": 138.3325, "高さ（ｍ）": "393", "測器の深度（ｍ）": "160", "維持管理機関名": "防災科学技術研究所", "維持管理機関名（英語）": "NIED", "観測開始年（西暦）": "2001", "同月": "3", "観測機器名または観測項目": "短周期地震計" }, "geometry": { "type": "Point", "coordinates": [ 138.3325, 35.4327 ] } },
{ "type": "Feature", "properties": { "観測の種類": "高感度", "name": "早川北", "観測点名ローマ字": "HAYAKAWA-N", "観測点コード": "N.HYNH", "緯度（度）": 35.5351, "経度（度）": 138.3087, "高さ（ｍ）": "695", "測器の深度（ｍ）": "109", "維持管理機関名": "防災科学技術研究所", "維持管理機関名（英語）": "NIED", "観測開始年（西暦）": "2003", "同月": "3", "観測機器名または観測項目": "短周期地震計" }, "geometry": { "type": "Point", "coordinates": [ 138.3087, 35.5351 ] } },
{ "type": "Feature", "properties": { "観測の種類": "高感度", "name": "大月", "観測点名ローマ字": "OTSUKI", "観測点コード": "N.OOKH", "緯度（度）": 35.6247, "経度（度）": 138.9777, "高さ（ｍ）": "465", "測器の深度（ｍ）": "202", "維持管理機関名": "防災科学技術研究所", "維持管理機関名（英語）": "NIED", "観測開始年（西暦）": "2003", "同月": "3", "観測機器名または観測項目": "短周期地震計" }, "geometry": { "type": "Point", "coordinates": [ 138.9777, 35.6247 ] } },
{ "type": "Feature", "properties": { "観測の種類": "高感度", "name": "増穂", "観測点名ローマ字": "MASUHO", "観測点コード": "N.MSFH", "緯度（度）": 35.5623, "経度（度）": 138.449, "高さ（ｍ）": "295", "測器の深度（ｍ）": "149", "維持管理機関名": "防災科学技術研究所", "維持管理機関名（英語）": "NIED", "観測開始年（西暦）": "2003", "同月": "3", "観測機器名または観測項目": "短周期地震計" }, "geometry": { "type": "Point", "coordinates": [ 138.449, 35.5623 ] } },
{ "type": "Feature", "properties": { "観測の種類": "高感度", "name": "身延", "観測点名ローマ字": "MINOBU", "観測点コード": "N.MBUH", "緯度（度）": 35.3509, "経度（度）": 138.4203, "高さ（ｍ）": "255", "測器の深度（ｍ）": "206", "維持管理機関名": "防災科学技術研究所", "維持管理機関名（英語）": "NIED", "観測開始年（西暦）": "2003", "同月": "3", "観測機器名または観測項目": "短周期地震計" }, "geometry": { "type": "Point", "coordinates": [ 138.4203, 35.3509 ] } },
{ "type": "Feature", "properties": { "観測の種類": "高感度", "name": "都留南", "観測点名ローマ字": "TSURU-S", "観測点コード": "N.TU2H", "緯度（度）": 35.5115, "経度（度）": 138.9675, "高さ（ｍ）": "1010", "測器の深度（ｍ）": "252", "維持管理機関名": "防災科学技術研究所", "維持管理機関名（英語）": "NIED", "観測開始年（西暦）": "2003", "同月": "3", "観測機器名または観測項目": "短周期地震計" }, "geometry": { "type": "Point", "coordinates": [ 138.9675, 35.5115 ] } },
{ "type": "Feature", "properties": { "観測の種類": "高感度", "name": "上九一色", "観測点名ローマ字": "KAMIKUISHIKI", "観測点コード": "N.KKKH", "緯度（度）": 35.5323, "経度（度）": 138.6045, "高さ（ｍ）": "525", "測器の深度（ｍ）": "117", "維持管理機関名": "防災科学技術研究所", "維持管理機関名（英語）": "NIED", "観測開始年（西暦）": "2005", "同月": "3", "観測機器名または観測項目": "短周期地震計" }, "geometry": { "type": "Point", "coordinates": [ 138.6045, 35.5323 ] } },
{ "type": "Feature", "properties": { "観測の種類": "高感度", "name": "甲府2", "観測点名ローマ字": "KOFU2", "観測点コード": "N.KF2H", "緯度（度）": 35.7421, "経度（度）": 138.5653, "高さ（ｍ）": "595", "測器の深度（ｍ）": "258", "維持管理機関名": "防災科学技術研究所", "維持管理機関名（英語）": "NIED", "観測開始年（西暦）": "2006", "同月": "3", "観測機器名または観測項目": "短周期地震計" }, "geometry": { "type": "Point", "coordinates": [ 138.5653, 35.7421 ] } },
{ "type": "Feature", "properties": { "観測の種類": "高感度", "name": "北杜白州南", "観測点名ローマ字": "HOKUTOHAKUSHU-S", "観測点コード": "N.HQSH", "緯度（度）": 35.7974, "経度（度）": 138.2982, "高さ（ｍ）": "775", "測器の深度（ｍ）": "51", "維持管理機関名": "防災科学技術研究所", "維持管理機関名（英語）": "NIED", "観測開始年（西暦）": "2007", "同月": "3", "観測機器名または観測項目": "短周期地震計" }, "geometry": { "type": "Point", "coordinates": [ 138.2982, 35.7974 ] } },
{ "type": "Feature", "properties": { "観測の種類": "高感度", "name": "北杜白州北", "観測点名ローマ字": "HOKUTOHAKUSHU-N", "観測点コード": "N.HQNH", "緯度（度）": 35.8501, "経度（度）": 138.2644, "高さ（ｍ）": "1154", "測器の深度（ｍ）": "52", "維持管理機関名": "防災科学技術研究所", "維持管理機関名（英語）": "NIED", "観測開始年（西暦）": "2007", "同月": "3", "観測機器名または観測項目": "短周期地震計" }, "geometry": { "type": "Point", "coordinates": [ 138.2644, 35.8501 ] } },
{ "type": "Feature", "properties": { "観測の種類": "高感度", "name": "韮崎円野", "観測点名ローマ字": "NIRASAKIMARUNO", "観測点コード": "N.NRSH", "緯度（度）": 35.7604, "経度（度）": 138.3874, "高さ（ｍ）": "585", "測器の深度（ｍ）": "51", "維持管理機関名": "防災科学技術研究所", "維持管理機関名（英語）": "NIED", "観測開始年（西暦）": "2007", "同月": "3", "観測機器名または観測項目": "短周期地震計" }, "geometry": { "type": "Point", "coordinates": [ 138.3874, 35.7604 ] } },
{ "type": "Feature", "properties": { "観測の種類": "高感度", "name": "駒ヶ根", "観測点名ローマ字": "KOMAGANE", "観測点コード": "N.KGNH", "緯度（度）": 35.755, "経度（度）": 137.9688, "高さ（ｍ）": "630", "測器の深度（ｍ）": "0", "維持管理機関名": "防災科学技術研究所", "維持管理機関名（英語）": "NIED", "観測開始年（西暦）": "1980", "同月": "5", "観測機器名または観測項目": "短周期地震計" }, "geometry": { "type": "Point", "coordinates": [ 137.9688, 35.755 ] } },
{ "type": "Feature", "properties": { "観測の種類": "高感度", "name": "阿智2", "観測点名ローマ字": "ACHI2", "観測点コード": "N.AC2H", "緯度（度）": 35.4786, "経度（度）": 137.7346, "高さ（ｍ）": "870", "測器の深度（ｍ）": "167", "維持管理機関名": "防災科学技術研究所", "維持管理機関名（英語）": "NIED", "観測開始年（西暦）": "2008", "同月": "9", "観測機器名または観測項目": "短周期地震計" }, "geometry": { "type": "Point", "coordinates": [ 137.7346, 35.4786 ] } },
{ "type": "Feature", "properties": { "観測の種類": "高感度", "name": "下諏訪", "観測点名ローマ字": "SHIMOSUWA", "観測点コード": "N.SSWH", "緯度（度）": 36.1088, "経度（度）": 138.1297, "高さ（ｍ）": "1088", "測器の深度（ｍ）": "101", "維持管理機関名": "防災科学技術研究所", "維持管理機関名（英語）": "NIED", "観測開始年（西暦）": "1983", "同月": "4", "観測機器名または観測項目": "短周期地震計" }, "geometry": { "type": "Point", "coordinates": [ 138.1297, 36.1088 ] } },
{ "type": "Feature", "properties": { "観測の種類": "高感度", "name": "大町", "観測点名ローマ字": "OMACHI", "観測点コード": "N.OMCH", "緯度（度）": 36.4946, "経度（度）": 137.7239, "高さ（ｍ）": "1070", "測器の深度（ｍ）": "0", "維持管理機関名": "防災科学技術研究所", "維持管理機関名（英語）": "NIED", "観測開始年（西暦）": "1993", "同月": "7", "観測機器名または観測項目": "短周期地震計" }, "geometry": { "type": "Point", "coordinates": [ 137.7239, 36.4946 ] } },
{ "type": "Feature", "properties": { "観測の種類": "高感度", "name": "中野", "観測点名ローマ字": "NAKANO", "観測点コード": "N.NKNH", "緯度（度）": 36.7431, "経度（度）": 138.3759, "高さ（ｍ）": "380", "測器の深度（ｍ）": "201", "維持管理機関名": "防災科学技術研究所", "維持管理機関名（英語）": "NIED", "観測開始年（西暦）": "1999", "同月": "3", "観測機器名または観測項目": "短周期地震計" }, "geometry": { "type": "Point", "coordinates": [ 138.3759, 36.7431 ] } },
{ "type": "Feature", "properties": { "観測の種類": "高感度", "name": "三郷", "観測点名ローマ字": "MISATO", "観測点コード": "N.MSTH", "緯度（度）": 36.2541, "経度（度）": 137.8591, "高さ（ｍ）": "668", "測器の深度（ｍ）": "251", "維持管理機関名": "防災科学技術研究所", "維持管理機関名（英語）": "NIED", "観測開始年（西暦）": "1999", "同月": "3", "観測機器名または観測項目": "短周期地震計" }, "geometry": { "type": "Point", "coordinates": [ 137.8591, 36.2541 ] } },
{ "type": "Feature", "properties": { "観測の種類": "高感度", "name": "武石", "観測点名ローマ字": "TAKESHI", "観測点コード": "N.TKSH", "緯度（度）": 36.2859, "経度（度）": 138.2491, "高さ（ｍ）": "605", "測器の深度（ｍ）": "101", "維持管理機関名": "防災科学技術研究所", "維持管理機関名（英語）": "NIED", "観測開始年（西暦）": "1999", "同月": "3", "観測機器名または観測項目": "短周期地震計" }, "geometry": { "type": "Point", "coordinates": [ 138.2491, 36.2859 ] } },
{ "type": "Feature", "properties": { "観測の種類": "高感度", "name": "木祖", "観測点名ローマ字": "KISO", "観測点コード": "N.KSOH", "緯度（度）": 35.9632, "経度（度）": 137.7669, "高さ（ｍ）": "960", "測器の深度（ｍ）": "105", "維持管理機関名": "防災科学技術研究所", "維持管理機関名（英語）": "NIED", "観測開始年（西暦）": "1999", "同月": "3", "観測機器名または観測項目": "短周期地震計" }, "geometry": { "type": "Point", "coordinates": [ 137.7669, 35.9632 ] } },
{ "type": "Feature", "properties": { "観測の種類": "高感度", "name": "富士見", "観測点名ローマ字": "FUJIMI", "観測点コード": "N.FMIH", "緯度（度）": 35.9157, "経度（度）": 138.3052, "高さ（ｍ）": "1238", "測器の深度（ｍ）": "207", "維持管理機関名": "防災科学技術研究所", "維持管理機関名（英語）": "NIED", "観測開始年（西暦）": "1999", "同月": "3", "観測機器名または観測項目": "短周期地震計" }, "geometry": { "type": "Point", "coordinates": [ 138.3052, 35.9157 ] } },
{ "type": "Feature", "properties": { "観測の種類": "高感度", "name": "南牧", "観測点名ローマ字": "MINAMIMAKI", "観測点コード": "N.MMKH", "緯度（度）": 35.9696, "経度（度）": 138.4797, "高さ（ｍ）": "1320", "測器の深度（ｍ）": "207", "維持管理機関名": "防災科学技術研究所", "維持管理機関名（英語）": "NIED", "観測開始年（西暦）": "1999", "同月": "3", "観測機器名または観測項目": "短周期地震計" }, "geometry": { "type": "Point", "coordinates": [ 138.4797, 35.9696 ] } },
{ "type": "Feature", "properties": { "観測の種類": "高感度", "name": "喬木", "観測点名ローマ字": "TAKAGI", "観測点コード": "N.TKGH", "緯度（度）": 35.5143, "経度（度）": 137.8767, "高さ（ｍ）": "423", "測器の深度（ｍ）": "125", "維持管理機関名": "防災科学技術研究所", "維持管理機関名（英語）": "NIED", "観測開始年（西暦）": "1999", "同月": "3", "観測機器名または観測項目": "短周期地震計" }, "geometry": { "type": "Point", "coordinates": [ 137.8767, 35.5143 ] } },
{ "type": "Feature", "properties": { "観測の種類": "高感度", "name": "平谷", "観測点名ローマ字": "HIRAYA", "観測点コード": "N.HRYH", "緯度（度）": 35.3095, "経度（度）": 137.6261, "高さ（ｍ）": "960", "測器の深度（ｍ）": "102", "維持管理機関名": "防災科学技術研究所", "維持管理機関名（英語）": "NIED", "観測開始年（西暦）": "1999", "同月": "3", "観測機器名または観測項目": "短周期地震計" }, "geometry": { "type": "Point", "coordinates": [ 137.6261, 35.3095 ] } },
{ "type": "Feature", "properties": { "観測の種類": "高感度", "name": "辰野", "観測点名ローマ字": "TATSUNO", "観測点コード": "N.TTNH", "緯度（度）": 36.0088, "経度（度）": 137.9305, "高さ（ｍ）": "820", "測器の深度（ｍ）": "102", "維持管理機関名": "防災科学技術研究所", "維持管理機関名（英語）": "NIED", "観測開始年（西暦）": "2001", "同月": "3", "観測機器名または観測項目": "短周期地震計" }, "geometry": { "type": "Point", "coordinates": [ 137.9305, 36.0088 ] } },
{ "type": "Feature", "properties": { "観測の種類": "高感度", "name": "茅野", "観測点名ローマ字": "CHINO", "観測点コード": "N.CHNH", "緯度（度）": 35.9465, "経度（度）": 138.1848, "高さ（ｍ）": "870", "測器の深度（ｍ）": "249", "維持管理機関名": "防災科学技術研究所", "維持管理機関名（英語）": "NIED", "観測開始年（西暦）": "2001", "同月": "3", "観測機器名または観測項目": "短周期地震計" }, "geometry": { "type": "Point", "coordinates": [ 138.1848, 35.9465 ] } },
{ "type": "Feature", "properties": { "観測の種類": "高感度", "name": "佐久", "観測点名ローマ字": "SAKU", "観測点コード": "N.SAKH", "緯度（度）": 36.1425, "経度（度）": 138.5504, "高さ（ｍ）": "860", "測器の深度（ｍ）": "102", "維持管理機関名": "防災科学技術研究所", "維持管理機関名（英語）": "NIED", "観測開始年（西暦）": "2003", "同月": "3", "観測機器名または観測項目": "短周期地震計" }, "geometry": { "type": "Point", "coordinates": [ 138.5504, 36.1425 ] } },
{ "type": "Feature", "properties": { "観測の種類": "高感度", "name": "開田", "観測点名ローマ字": "KAIDA", "観測点コード": "N.KADH", "緯度（度）": 35.9324, "経度（度）": 137.595, "高さ（ｍ）": "1150", "測器の深度（ｍ）": "102", "維持管理機関名": "防災科学技術研究所", "維持管理機関名（英語）": "NIED", "観測開始年（西暦）": "2003", "同月": "3", "観測機器名または観測項目": "短周期地震計" }, "geometry": { "type": "Point", "coordinates": [ 137.595, 35.9324 ] } },
{ "type": "Feature", "properties": { "観測の種類": "高感度", "name": "川上", "観測点名ローマ字": "KAWAKAMI", "観測点コード": "N.KWKH", "緯度（度）": 35.9735, "経度（度）": 138.5845, "高さ（ｍ）": "1190", "測器の深度（ｍ）": "117", "維持管理機関名": "防災科学技術研究所", "維持管理機関名（英語）": "NIED", "観測開始年（西暦）": "2003", "同月": "3", "観測機器名または観測項目": "短周期地震計" }, "geometry": { "type": "Point", "coordinates": [ 138.5845, 35.9735 ] } },
{ "type": "Feature", "properties": { "観測の種類": "高感度", "name": "上松", "観測点名ローマ字": "AGEMATSU", "観測点コード": "N.AGMH", "緯度（度）": 35.787, "経度（度）": 137.7173, "高さ（ｍ）": "895", "測器の深度（ｍ）": "102", "維持管理機関名": "防災科学技術研究所", "維持管理機関名（英語）": "NIED", "観測開始年（西暦）": "2003", "同月": "3", "観測機器名または観測項目": "短周期地震計" }, "geometry": { "type": "Point", "coordinates": [ 137.7173, 35.787 ] } },
{ "type": "Feature", "properties": { "観測の種類": "高感度", "name": "伊那", "観測点名ローマ字": "INA", "観測点コード": "N.INHH", "緯度（度）": 35.8315, "経度（度）": 137.9236, "高さ（ｍ）": "770", "測器の深度（ｍ）": "182", "維持管理機関名": "防災科学技術研究所", "維持管理機関名（英語）": "NIED", "観測開始年（西暦）": "2003", "同月": "3", "観測機器名または観測項目": "短周期地震計" }, "geometry": { "type": "Point", "coordinates": [ 137.9236, 35.8315 ] } },
{ "type": "Feature", "properties": { "観測の種類": "高感度", "name": "長谷", "観測点名ローマ字": "HASE", "観測点コード": "N.HSEH", "緯度（度）": 35.7946, "経度（度）": 138.0824, "高さ（ｍ）": "820", "測器の深度（ｍ）": "102", "維持管理機関名": "防災科学技術研究所", "維持管理機関名（英語）": "NIED", "観測開始年（西暦）": "2003", "同月": "3", "観測機器名または観測項目": "短周期地震計" }, "geometry": { "type": "Point", "coordinates": [ 138.0824, 35.7946 ] } },
{ "type": "Feature", "properties": { "観測の種類": "高感度", "name": "南木曽", "観測点名ローマ字": "NAGISO", "観測点コード": "N.NGIH", "緯度（度）": 35.6056, "経度（度）": 137.6105, "高さ（ｍ）": "430", "測器の深度（ｍ）": "104", "維持管理機関名": "防災科学技術研究所", "維持管理機関名（英語）": "NIED", "観測開始年（西暦）": "2003", "同月": "3", "観測機器名または観測項目": "短周期地震計" }, "geometry": { "type": "Point", "coordinates": [ 137.6105, 35.6056 ] } },
{ "type": "Feature", "properties": { "観測の種類": "高感度", "name": "松川", "観測点名ローマ字": "MATSUKAWA", "観測点コード": "N.MTKH", "緯度（度）": 35.6152, "経度（度）": 137.8797, "高さ（ｍ）": "715", "測器の深度（ｍ）": "109", "維持管理機関名": "防災科学技術研究所", "維持管理機関名（英語）": "NIED", "観測開始年（西暦）": "2003", "同月": "3", "観測機器名または観測項目": "短周期地震計" }, "geometry": { "type": "Point", "coordinates": [ 137.8797, 35.6152 ] } },
{ "type": "Feature", "properties": { "観測の種類": "高感度", "name": "南信濃", "観測点名ローマ字": "MINAMISHINANO", "観測点コード": "N.MSNH", "緯度（度）": 35.2986, "経度（度）": 137.9268, "高さ（ｍ）": "430", "測器の深度（ｍ）": "103", "維持管理機関名": "防災科学技術研究所", "維持管理機関名（英語）": "NIED", "観測開始年（西暦）": "2003", "同月": "3", "観測機器名または観測項目": "短周期地震計" }, "geometry": { "type": "Point", "coordinates": [ 137.9268, 35.2986 ] } },
{ "type": "Feature", "properties": { "観測の種類": "高感度", "name": "上山田", "観測点名ローマ字": "KAMIYAMADA", "観測点コード": "N.KMDH", "緯度（度）": 36.4663, "経度（度）": 138.1474, "高さ（ｍ）": "395", "測器の深度（ｍ）": "105", "維持管理機関名": "防災科学技術研究所", "維持管理機関名（英語）": "NIED", "観測開始年（西暦）": "2003", "同月": "3", "観測機器名または観測項目": "短周期地震計" }, "geometry": { "type": "Point", "coordinates": [ 138.1474, 36.4663 ] } },
{ "type": "Feature", "properties": { "観測の種類": "高感度", "name": "信州新", "観測点名ローマ字": "SHINSHUSHIN", "観測点コード": "N.SSSH", "緯度（度）": 36.577, "経度（度）": 138.0479, "高さ（ｍ）": "505", "測器の深度（ｍ）": "104", "維持管理機関名": "防災科学技術研究所", "維持管理機関名（英語）": "NIED", "観測開始年（西暦）": "2003", "同月": "3", "観測機器名または観測項目": "短周期地震計" }, "geometry": { "type": "Point", "coordinates": [ 138.0479, 36.577 ] } },
{ "type": "Feature", "properties": { "観測の種類": "高感度", "name": "戸隠", "観測点名ローマ字": "TOGAKUSHI", "観測点コード": "N.TGKH", "緯度（度）": 36.7075, "経度（度）": 138.0964, "高さ（ｍ）": "935", "測器の深度（ｍ）": "122", "維持管理機関名": "防災科学技術研究所", "維持管理機関名（英語）": "NIED", "観測開始年（西暦）": "2003", "同月": "3", "観測機器名または観測項目": "短周期地震計" }, "geometry": { "type": "Point", "coordinates": [ 138.0964, 36.7075 ] } },
{ "type": "Feature", "properties": { "観測の種類": "高感度", "name": "野沢温泉", "観測点名ローマ字": "NOZAWAONSEN", "観測点コード": "N.NZWH", "緯度（度）": 36.9102, "経度（度）": 138.4408, "高さ（ｍ）": "570", "測器の深度（ｍ）": "112", "維持管理機関名": "防災科学技術研究所", "維持管理機関名（英語）": "NIED", "観測開始年（西暦）": "2003", "同月": "3", "観測機器名または観測項目": "短周期地震計" }, "geometry": { "type": "Point", "coordinates": [ 138.4408, 36.9102 ] } },
{ "type": "Feature", "properties": { "観測の種類": "高感度", "name": "奈川", "観測点名ローマ字": "NAGAWA", "観測点コード": "N.NGWH", "緯度（度）": 36.064, "経度（度）": 137.6849, "高さ（ｍ）": "1095", "測器の深度（ｍ）": "103", "維持管理機関名": "防災科学技術研究所", "維持管理機関名（英語）": "NIED", "観測開始年（西暦）": "2003", "同月": "3", "観測機器名または観測項目": "短周期地震計" }, "geometry": { "type": "Point", "coordinates": [ 137.6849, 36.064 ] } },
{ "type": "Feature", "properties": { "観測の種類": "高感度", "name": "塩尻", "観測点名ローマ字": "SHIOJIRI", "観測点コード": "N.SOJH", "緯度（度）": 36.1184, "経度（度）": 137.9389, "高さ（ｍ）": "720", "測器の深度（ｍ）": "219", "維持管理機関名": "防災科学技術研究所", "維持管理機関名（英語）": "NIED", "観測開始年（西暦）": "2003", "同月": "3", "観測機器名または観測項目": "短周期地震計" }, "geometry": { "type": "Point", "coordinates": [ 137.9389, 36.1184 ] } },
{ "type": "Feature", "properties": { "観測の種類": "高感度", "name": "松本", "観測点名ローマ字": "MATSUMOTO", "観測点コード": "N.MMOH", "緯度（度）": 36.2578, "経度（度）": 137.9898, "高さ（ｍ）": "640", "測器の深度（ｍ）": "102", "維持管理機関名": "防災科学技術研究所", "維持管理機関名（英語）": "NIED", "観測開始年（西暦）": "2003", "同月": "3", "観測機器名または観測項目": "短周期地震計" }, "geometry": { "type": "Point", "coordinates": [ 137.9898, 36.2578 ] } },
{ "type": "Feature", "properties": { "観測の種類": "高感度", "name": "生坂", "観測点名ローマ字": "IKUSAKA", "観測点コード": "N.IKSH", "緯度（度）": 36.4598, "経度（度）": 137.9637, "高さ（ｍ）": "490", "測器の深度（ｍ）": "107", "維持管理機関名": "防災科学技術研究所", "維持管理機関名（英語）": "NIED", "観測開始年（西暦）": "2003", "同月": "3", "観測機器名または観測項目": "短周期地震計" }, "geometry": { "type": "Point", "coordinates": [ 137.9637, 36.4598 ] } },
{ "type": "Feature", "properties": { "観測の種類": "高感度", "name": "大町中", "観測点名ローマ字": "OMACHI-C", "観測点コード": "N.OM2H", "緯度（度）": 36.5327, "経度（度）": 137.8201, "高さ（ｍ）": "825", "測器の深度（ｍ）": "107", "維持管理機関名": "防災科学技術研究所", "維持管理機関名（英語）": "NIED", "観測開始年（西暦）": "2003", "同月": "3", "観測機器名または観測項目": "短周期地震計" }, "geometry": { "type": "Point", "coordinates": [ 137.8201, 36.5327 ] } },
{ "type": "Feature", "properties": { "観測の種類": "高感度", "name": "穂高", "観測点名ローマ字": "HOTAKA", "観測点コード": "N.HOTH", "緯度（度）": 36.3824, "経度（度）": 137.8201, "高さ（ｍ）": "720", "測器の深度（ｍ）": "107", "維持管理機関名": "防災科学技術研究所", "維持管理機関名（英語）": "NIED", "観測開始年（西暦）": "2003", "同月": "3", "観測機器名または観測項目": "短周期地震計" }, "geometry": { "type": "Point", "coordinates": [ 137.8201, 36.3824 ] } },
{ "type": "Feature", "properties": { "観測の種類": "高感度", "name": "白馬", "観測点名ローマ字": "HAKUBA", "観測点コード": "N.HBAH", "緯度（度）": 36.6984, "経度（度）": 137.8482, "高さ（ｍ）": "725", "測器の深度（ｍ）": "630", "維持管理機関名": "防災科学技術研究所", "維持管理機関名（英語）": "NIED", "観測開始年（西暦）": "2004", "同月": "3", "観測機器名または観測項目": "短周期地震計" }, "geometry": { "type": "Point", "coordinates": [ 137.8482, 36.6984 ] } },
{ "type": "Feature", "properties": { "観測の種類": "高感度", "name": "御代田", "観測点名ローマ字": "MIYOTA", "観測点コード": "N.MYTH", "緯度（度）": 36.3308, "経度（度）": 138.4967, "高さ（ｍ）": "845", "測器の深度（ｍ）": "711", "維持管理機関名": "防災科学技術研究所", "維持管理機関名（英語）": "NIED", "観測開始年（西暦）": "2005", "同月": "3", "観測機器名または観測項目": "短周期地震計" }, "geometry": { "type": "Point", "coordinates": [ 138.4967, 36.3308 ] } },
{ "type": "Feature", "properties": { "観測の種類": "高感度", "name": "王滝", "観測点名ローマ字": "OTAKI", "観測点コード": "N.OTKH", "緯度（度）": 35.813, "経度（度）": 137.5298, "高さ（ｍ）": "1010", "測器の深度（ｍ）": "90", "維持管理機関名": "防災科学技術研究所", "維持管理機関名（英語）": "NIED", "観測開始年（西暦）": "1995", "同月": "5", "観測機器名または観測項目": "短周期地震計" }, "geometry": { "type": "Point", "coordinates": [ 137.5298, 35.813 ] } },
{ "type": "Feature", "properties": { "観測の種類": "高感度", "name": "松本安曇", "観測点名ローマ字": "MATSUMOTOAZUMI", "観測点コード": "N.MAZH", "緯度（度）": 36.1868, "経度（度）": 137.803, "高さ（ｍ）": "760", "測器の深度（ｍ）": "0", "維持管理機関名": "防災科学技術研究所", "維持管理機関名（英語）": "NIED", "観測開始年（西暦）": "2006", "同月": "3", "観測機器名または観測項目": "短周期地震計" }, "geometry": { "type": "Point", "coordinates": [ 137.803, 36.1868 ] } },
{ "type": "Feature", "properties": { "観測の種類": "高感度", "name": "安曇野穂高牧", "観測点名ローマ字": "AZUMINOHOTAKAMAKI", "観測点コード": "N.AHMH", "緯度（度）": 36.3137, "経度（度）": 137.8072, "高さ（ｍ）": "982", "測器の深度（ｍ）": "0", "維持管理機関名": "防災科学技術研究所", "維持管理機関名（英語）": "NIED", "観測開始年（西暦）": "2006", "同月": "3", "観測機器名または観測項目": "短周期地震計" }, "geometry": { "type": "Point", "coordinates": [ 137.8072, 36.3137 ] } },
{ "type": "Feature", "properties": { "観測の種類": "高感度", "name": "松本中山", "観測点名ローマ字": "MATSUMOTONAKAYAMA", "観測点コード": "N.MNYH", "緯度（度）": 36.1987, "経度（度）": 138.0122, "高さ（ｍ）": "830", "測器の深度（ｍ）": "0", "維持管理機関名": "防災科学技術研究所", "維持管理機関名（英語）": "NIED", "観測開始年（西暦）": "2006", "同月": "3", "観測機器名または観測項目": "短周期地震計" }, "geometry": { "type": "Point", "coordinates": [ 138.0122, 36.1987 ] } },
{ "type": "Feature", "properties": { "観測の種類": "高感度", "name": "松本赤怒田", "観測点名ローマ字": "MATSUMOTOAKANUTA", "観測点コード": "N.MANH", "緯度（度）": 36.3127, "経度（度）": 138.0167, "高さ（ｍ）": "800", "測器の深度（ｍ）": "0", "維持管理機関名": "防災科学技術研究所", "維持管理機関名（英語）": "NIED", "観測開始年（西暦）": "2006", "同月": "3", "観測機器名または観測項目": "短周期地震計" }, "geometry": { "type": "Point", "coordinates": [ 138.0167, 36.3127 ] } },
{ "type": "Feature", "properties": { "観測の種類": "高感度", "name": "信州新信級", "観測点名ローマ字": "SHINSHUSHINNOBUSHINA", "観測点コード": "N.SNBH", "緯度（度）": 36.5533, "経度（度）": 137.9415, "高さ（ｍ）": "705", "測器の深度（ｍ）": "0", "維持管理機関名": "防災科学技術研究所", "維持管理機関名（英語）": "NIED", "観測開始年（西暦）": "2006", "同月": "3", "観測機器名または観測項目": "短周期地震計" }, "geometry": { "type": "Point", "coordinates": [ 137.9415, 36.5533 ] } },
{ "type": "Feature", "properties": { "観測の種類": "高感度", "name": "諏訪四賀", "観測点名ローマ字": "SUWASHIGA", "観測点コード": "N.SSGH", "緯度（度）": 36.0233, "経度（度）": 138.14, "高さ（ｍ）": "863", "測器の深度（ｍ）": "52", "維持管理機関名": "防災科学技術研究所", "維持管理機関名（英語）": "NIED", "観測開始年（西暦）": "2006", "同月": "3", "観測機器名または観測項目": "短周期地震計" }, "geometry": { "type": "Point", "coordinates": [ 138.14, 36.0233 ] } },
{ "type": "Feature", "properties": { "観測の種類": "高感度", "name": "諏訪後山", "観測点名ローマ字": "SUWAUSHIROYAMA", "観測点コード": "N.SUYH", "緯度（度）": 35.9772, "経度（度）": 138.0636, "高さ（ｍ）": "1016", "測器の深度（ｍ）": "51", "維持管理機関名": "防災科学技術研究所", "維持管理機関名（英語）": "NIED", "観測開始年（西暦）": "2006", "同月": "3", "観測機器名または観測項目": "短周期地震計" }, "geometry": { "type": "Point", "coordinates": [ 138.0636, 35.9772 ] } },
{ "type": "Feature", "properties": { "観測の種類": "高感度", "name": "辰野小野", "観測点名ローマ字": "TATSUNOONO", "観測点コード": "N.TONH", "緯度（度）": 36.0467, "経度（度）": 137.9917, "高さ（ｍ）": "940", "測器の深度（ｍ）": "51", "維持管理機関名": "防災科学技術研究所", "維持管理機関名（英語）": "NIED", "観測開始年（西暦）": "2006", "同月": "3", "観測機器名または観測項目": "短周期地震計" }, "geometry": { "type": "Point", "coordinates": [ 137.9917, 36.0467 ] } },
{ "type": "Feature", "properties": { "観測の種類": "高感度", "name": "松本和田", "観測点名ローマ字": "MATSUMOTOWADA", "観測点コード": "N.MWDH", "緯度（度）": 36.2118, "経度（度）": 137.914, "高さ（ｍ）": "614", "測器の深度（ｍ）": "52", "維持管理機関名": "防災科学技術研究所", "維持管理機関名（英語）": "NIED", "観測開始年（西暦）": "2008", "同月": "3", "観測機器名または観測項目": "短周期地震計" }, "geometry": { "type": "Point", "coordinates": [ 137.914, 36.2118 ] } },
{ "type": "Feature", "properties": { "観測の種類": "高感度", "name": "安曇野豊科", "観測点名ローマ字": "AZUMINOTOYOSHINA", "観測点コード": "N.ATYH", "緯度（度）": 36.3036, "経度（度）": 137.939, "高さ（ｍ）": "545", "測器の深度（ｍ）": "52", "維持管理機関名": "防災科学技術研究所", "維持管理機関名（英語）": "NIED", "観測開始年（西暦）": "2008", "同月": "3", "観測機器名または観測項目": "短周期地震計" }, "geometry": { "type": "Point", "coordinates": [ 137.939, 36.3036 ] } },
{ "type": "Feature", "properties": { "観測の種類": "高感度", "name": "安曇野明科", "観測点名ローマ字": "AZUMINOAKASHINA", "観測点コード": "N.AAKH", "緯度（度）": 36.3726, "経度（度）": 137.9203, "高さ（ｍ）": "535", "測器の深度（ｍ）": "52", "維持管理機関名": "防災科学技術研究所", "維持管理機関名（英語）": "NIED", "観測開始年（西暦）": "2008", "同月": "3", "観測機器名または観測項目": "短周期地震計" }, "geometry": { "type": "Point", "coordinates": [ 137.9203, 36.3726 ] } },
{ "type": "Feature", "properties": { "観測の種類": "高感度", "name": "白馬神城", "観測点名ローマ字": "HAKUBAKAMISHIRO", "観測点コード": "N.HKKH", "緯度（度）": 36.644, "経度（度）": 137.8594, "高さ（ｍ）": "750", "測器の深度（ｍ）": "52", "維持管理機関名": "防災科学技術研究所", "維持管理機関名（英語）": "NIED", "観測開始年（西暦）": "2008", "同月": "12", "観測機器名または観測項目": "短周期地震計" }, "geometry": { "type": "Point", "coordinates": [ 137.8594, 36.644 ] } },
{ "type": "Feature", "properties": { "観測の種類": "高感度", "name": "小川瀬戸川", "観測点名ローマ字": "OGAWASETOGAWA", "観測点コード": "N.OSTH", "緯度（度）": 36.6317, "経度（度）": 137.9656, "高さ（ｍ）": "545", "測器の深度（ｍ）": "52", "維持管理機関名": "防災科学技術研究所", "維持管理機関名（英語）": "NIED", "観測開始年（西暦）": "2008", "同月": "12", "観測機器名または観測項目": "短周期地震計" }, "geometry": { "type": "Point", "coordinates": [ 137.9656, 36.6317 ] } },
{ "type": "Feature", "properties": { "観測の種類": "高感度", "name": "大町社", "観測点名ローマ字": "OMACHIYASHIRO", "観測点コード": "N.OMYH", "緯度（度）": 36.468, "経度（度）": 137.8691, "高さ（ｍ）": "690", "測器の深度（ｍ）": "52", "維持管理機関名": "防災科学技術研究所", "維持管理機関名（英語）": "NIED", "観測開始年（西暦）": "2009", "同月": "2", "観測機器名または観測項目": "短周期地震計" }, "geometry": { "type": "Point", "coordinates": [ 137.8691, 36.468 ] } },
{ "type": "Feature", "properties": { "観測の種類": "高感度", "name": "筑北東条", "観測点名ローマ字": "CHIKUHOKUHIGASHIJO", "観測点コード": "N.CHHH", "緯度（度）": 36.4022, "経度（度）": 138.0208, "高さ（ｍ）": "675", "測器の深度（ｍ）": "52", "維持管理機関名": "防災科学技術研究所", "維持管理機関名（英語）": "NIED", "観測開始年（西暦）": "2009", "同月": "2", "観測機器名または観測項目": "短周期地震計" }, "geometry": { "type": "Point", "coordinates": [ 138.0208, 36.4022 ] } },
{ "type": "Feature", "properties": { "観測の種類": "高感度", "name": "飯田", "観測点名ローマ字": "IIDA", "観測点コード": "N.IIDH", "緯度（度）": 35.4489, "経度（度）": 138.0058, "高さ（ｍ）": "1168", "測器の深度（ｍ）": "105", "維持管理機関名": "防災科学技術研究所", "維持管理機関名（英語）": "NIED", "観測開始年（西暦）": "2009", "同月": "7", "観測機器名または観測項目": "短周期地震計" }, "geometry": { "type": "Point", "coordinates": [ 138.0058, 35.4489 ] } },
{ "type": "Feature", "properties": { "観測の種類": "高感度", "name": "小谷中小谷", "観測点名ローマ字": "OTARINAKAOTARI", "観測点コード": "N.OTNH", "緯度（度）": 36.8089, "経度（度）": 137.9039, "高さ（ｍ）": "590", "測器の深度（ｍ）": "52", "維持管理機関名": "防災科学技術研究所", "維持管理機関名（英語）": "NIED", "観測開始年（西暦）": "2009", "同月": "12", "観測機器名または観測項目": "短周期地震計" }, "geometry": { "type": "Point", "coordinates": [ 137.9039, 36.8089 ] } },
{ "type": "Feature", "properties": { "観測の種類": "高感度", "name": "串原", "観測点名ローマ字": "KUSHIHARA", "観測点コード": "N.KSHH", "緯度（度）": 35.2608, "経度（度）": 137.4058, "高さ（ｍ）": "440", "測器の深度（ｍ）": "97", "維持管理機関名": "防災科学技術研究所", "維持管理機関名（英語）": "NIED", "観測開始年（西暦）": "1980", "同月": "5", "観測機器名または観測項目": "短周期地震計" }, "geometry": { "type": "Point", "coordinates": [ 137.4058, 35.2608 ] } },
{ "type": "Feature", "properties": { "観測の種類": "高感度", "name": "下呂", "観測点名ローマ字": "GERO", "観測点コード": "N.GERH", "緯度（度）": 35.7306, "経度（度）": 137.3021, "高さ（ｍ）": "620", "測器の深度（ｍ）": "0", "維持管理機関名": "防災科学技術研究所", "維持管理機関名（英語）": "NIED", "観測開始年（西暦）": "1982", "同月": "4", "観測機器名または観測項目": "短周期地震計" }, "geometry": { "type": "Point", "coordinates": [ 137.3021, 35.7306 ] } },
{ "type": "Feature", "properties": { "観測の種類": "高感度", "name": "根尾", "観測点名ローマ字": "NEO", "観測点コード": "N.NEOH", "緯度（度）": 35.6325, "経度（度）": 136.6134, "高さ（ｍ）": "170", "測器の深度（ｍ）": "103", "維持管理機関名": "防災科学技術研究所", "維持管理機関名（英語）": "NIED", "観測開始年（西暦）": "1997", "同月": "3", "観測機器名または観測項目": "短周期地震計" }, "geometry": { "type": "Point", "coordinates": [ 136.6134, 35.6325 ] } },
{ "type": "Feature", "properties": { "観測の種類": "高感度", "name": "古川", "観測点名ローマ字": "FURUKAWA", "観測点コード": "N.FRKH", "緯度（度）": 36.2448, "経度（度）": 137.1983, "高さ（ｍ）": "572", "測器の深度（ｍ）": "102", "維持管理機関名": "防災科学技術研究所", "維持管理機関名（英語）": "NIED", "観測開始年（西暦）": "1997", "同月": "3", "観測機器名または観測項目": "短周期地震計" }, "geometry": { "type": "Point", "coordinates": [ 137.1983, 36.2448 ] } },
{ "type": "Feature", "properties": { "観測の種類": "高感度", "name": "荘川", "観測点名ローマ字": "SHOKAWA", "観測点コード": "N.SYKH", "緯度（度）": 36.0654, "経度（度）": 136.9479, "高さ（ｍ）": "839", "測器の深度（ｍ）": "101", "維持管理機関名": "防災科学技術研究所", "維持管理機関名（英語）": "NIED", "観測開始年（西暦）": "1997", "同月": "3", "観測機器名または観測項目": "短周期地震計" }, "geometry": { "type": "Point", "coordinates": [ 136.9479, 36.0654 ] } },
{ "type": "Feature", "properties": { "観測の種類": "高感度", "name": "高富", "観測点名ローマ字": "TAKATOMI", "観測点コード": "N.TKTH", "緯度（度）": 35.5038, "経度（度）": 136.7939, "高さ（ｍ）": "28", "測器の深度（ｍ）": "202", "維持管理機関名": "防災科学技術研究所", "維持管理機関名（英語）": "NIED", "観測開始年（西暦）": "1997", "同月": "3", "観測機器名または観測項目": "短周期地震計" }, "geometry": { "type": "Point", "coordinates": [ 136.7939, 35.5038 ] } },
{ "type": "Feature", "properties": { "観測の種類": "高感度", "name": "春日", "観測点名ローマ字": "KASUGA", "観測点コード": "N.KSGH", "緯度（度）": 35.4179, "経度（度）": 136.4347, "高さ（ｍ）": "410", "測器の深度（ｍ）": "102", "維持管理機関名": "防災科学技術研究所", "維持管理機関名（英語）": "NIED", "観測開始年（西暦）": "1997", "同月": "3", "観測機器名または観測項目": "短周期地震計" }, "geometry": { "type": "Point", "coordinates": [ 136.4347, 35.4179 ] } },
{ "type": "Feature", "properties": { "観測の種類": "高感度", "name": "大和", "観測点名ローマ字": "YAMATO", "観測点コード": "N.YMTH", "緯度（度）": 35.8323, "経度（度）": 136.9621, "高さ（ｍ）": "515", "測器の深度（ｍ）": "102", "維持管理機関名": "防災科学技術研究所", "維持管理機関名（英語）": "NIED", "観測開始年（西暦）": "1997", "同月": "3", "観測機器名または観測項目": "短周期地震計" }, "geometry": { "type": "Point", "coordinates": [ 136.9621, 35.8323 ] } },
{ "type": "Feature", "properties": { "観測の種類": "高感度", "name": "羽島", "観測点名ローマ字": "HASHIMA", "観測点コード": "N.HMAH", "緯度（度）": 35.2768, "経度（度）": 136.7002, "高さ（ｍ）": "5", "測器の深度（ｍ）": "1500", "維持管理機関名": "防災科学技術研究所", "維持管理機関名（英語）": "NIED", "観測開始年（西暦）": "1999", "同月": "3", "観測機器名または観測項目": "短周期地震計" }, "geometry": { "type": "Point", "coordinates": [ 136.7002, 35.2768 ] } },
{ "type": "Feature", "properties": { "観測の種類": "高感度", "name": "神岡", "観測点名ローマ字": "KAMIOKA", "観測点コード": "N.KOKH", "緯度（度）": 36.3779, "経度（度）": 137.3716, "高さ（ｍ）": "910", "測器の深度（ｍ）": "102", "維持管理機関名": "防災科学技術研究所", "維持管理機関名（英語）": "NIED", "観測開始年（西暦）": "2001", "同月": "3", "観測機器名または観測項目": "短周期地震計" }, "geometry": { "type": "Point", "coordinates": [ 137.3716, 36.3779 ] } },
{ "type": "Feature", "properties": { "観測の種類": "高感度", "name": "八百津", "観測点名ローマ字": "YAOTSU", "観測点コード": "N.YOTH", "緯度（度）": 35.4865, "経度（度）": 137.2464, "高さ（ｍ）": "563", "測器の深度（ｍ）": "102", "維持管理機関名": "防災科学技術研究所", "維持管理機関名（英語）": "NIED", "観測開始年（西暦）": "2001", "同月": "3", "観測機器名または観測項目": "短周期地震計" }, "geometry": { "type": "Point", "coordinates": [ 137.2464, 35.4865 ] } },
{ "type": "Feature", "properties": { "観測の種類": "高感度", "name": "坂内", "観測点名ローマ字": "SAKAUCHI", "観測点コード": "N.SKUH", "緯度（度）": 35.6033, "経度（度）": 136.4134, "高さ（ｍ）": "260", "測器の深度（ｍ）": "108", "維持管理機関名": "防災科学技術研究所", "維持管理機関名（英語）": "NIED", "観測開始年（西暦）": "2002", "同月": "3", "観測機器名または観測項目": "短周期地震計" }, "geometry": { "type": "Point", "coordinates": [ 136.4134, 35.6033 ] } },
{ "type": "Feature", "properties": { "観測の種類": "高感度", "name": "白川", "観測点名ローマ字": "SHIRAKAWA", "観測点コード": "N.SRWH", "緯度（度）": 36.2743, "経度（度）": 136.8979, "高さ（ｍ）": "480", "測器の深度（ｍ）": "155", "維持管理機関名": "防災科学技術研究所", "維持管理機関名（英語）": "NIED", "観測開始年（西暦）": "2003", "同月": "3", "観測機器名または観測項目": "短周期地震計" }, "geometry": { "type": "Point", "coordinates": [ 136.8979, 36.2743 ] } },
{ "type": "Feature", "properties": { "観測の種類": "高感度", "name": "上宝", "観測点名ローマ字": "KAMITAKARA", "観測点コード": "N.KTRH", "緯度（度）": 36.2493, "経度（度）": 137.5174, "高さ（ｍ）": "810", "測器の深度（ｍ）": "102", "維持管理機関名": "防災科学技術研究所", "維持管理機関名（英語）": "NIED", "観測開始年（西暦）": "2003", "同月": "3", "観測機器名または観測項目": "短周期地震計" }, "geometry": { "type": "Point", "coordinates": [ 137.5174, 36.2493 ] } },
{ "type": "Feature", "properties": { "観測の種類": "高感度", "name": "高山", "観測点名ローマ字": "TAKAYAMA", "観測点コード": "N.TMAH", "緯度（度）": 36.1338, "経度（度）": 137.2208, "高さ（ｍ）": "625", "測器の深度（ｍ）": "106", "維持管理機関名": "防災科学技術研究所", "維持管理機関名（英語）": "NIED", "観測開始年（西暦）": "2003", "同月": "3", "観測機器名または観測項目": "短周期地震計" }, "geometry": { "type": "Point", "coordinates": [ 137.2208, 36.1338 ] } },
{ "type": "Feature", "properties": { "観測の種類": "高感度", "name": "朝日北", "観測点名ローマ字": "ASAHI-N", "観測点コード": "N.ASNH", "緯度（度）": 36.094, "経度（度）": 137.3438, "高さ（ｍ）": "790", "測器の深度（ｍ）": "102", "維持管理機関名": "防災科学技術研究所", "維持管理機関名（英語）": "NIED", "観測開始年（西暦）": "2003", "同月": "3", "観測機器名または観測項目": "短周期地震計" }, "geometry": { "type": "Point", "coordinates": [ 137.3438, 36.094 ] } },
{ "type": "Feature", "properties": { "観測の種類": "高感度", "name": "高鷲", "観測点名ローマ字": "TAKASU", "観測点コード": "N.TSUH", "緯度（度）": 35.9514, "経度（度）": 136.8732, "高さ（ｍ）": "610", "測器の深度（ｍ）": "102", "維持管理機関名": "防災科学技術研究所", "維持管理機関名（英語）": "NIED", "観測開始年（西暦）": "2003", "同月": "3", "観測機器名または観測項目": "短周期地震計" }, "geometry": { "type": "Point", "coordinates": [ 136.8732, 35.9514 ] } },
{ "type": "Feature", "properties": { "観測の種類": "高感度", "name": "馬瀬", "観測点名ローマ字": "MAZE", "観測点コード": "N.MZEH", "緯度（度）": 35.8991, "経度（度）": 137.1495, "高さ（ｍ）": "570", "測器の深度（ｍ）": "109", "維持管理機関名": "防災科学技術研究所", "維持管理機関名（英語）": "NIED", "観測開始年（西暦）": "2003", "同月": "3", "観測機器名または観測項目": "短周期地震計" }, "geometry": { "type": "Point", "coordinates": [ 137.1495, 35.8991 ] } },
{ "type": "Feature", "properties": { "観測の種類": "高感度", "name": "朝日南", "観測点名ローマ字": "ASAHI-S", "観測点コード": "N.ASSH", "緯度（度）": 36.0216, "経度（度）": 137.3906, "高さ（ｍ）": "910", "測器の深度（ｍ）": "102", "維持管理機関名": "防災科学技術研究所", "維持管理機関名（英語）": "NIED", "観測開始年（西暦）": "2003", "同月": "3", "観測機器名または観測項目": "短周期地震計" }, "geometry": { "type": "Point", "coordinates": [ 137.3906, 36.0216 ] } },
{ "type": "Feature", "properties": { "観測の種類": "高感度", "name": "下呂北", "観測点名ローマ字": "GERO-N", "観測点コード": "N.GR2H", "緯度（度）": 35.7991, "経度（度）": 137.2531, "高さ（ｍ）": "355", "測器の深度（ｍ）": "129", "維持管理機関名": "防災科学技術研究所", "維持管理機関名（英語）": "NIED", "観測開始年（西暦）": "2003", "同月": "3", "観測機器名または観測項目": "短周期地震計" }, "geometry": { "type": "Point", "coordinates": [ 137.2531, 35.7991 ] } },
{ "type": "Feature", "properties": { "観測の種類": "高感度", "name": "美並", "観測点名ローマ字": "MINAMI", "観測点コード": "N.MNMH", "緯度（度）": 35.6665, "経度（度）": 136.9618, "高さ（ｍ）": "170", "測器の深度（ｍ）": "202", "維持管理機関名": "防災科学技術研究所", "維持管理機関名（英語）": "NIED", "観測開始年（西暦）": "2003", "同月": "3", "観測機器名または観測項目": "短周期地震計" }, "geometry": { "type": "Point", "coordinates": [ 136.9618, 35.6665 ] } },
{ "type": "Feature", "properties": { "観測の種類": "高感度", "name": "金山", "観測点名ローマ字": "KANAYAMA", "観測点コード": "N.KAYH", "緯度（度）": 35.6682, "経度（度）": 137.1054, "高さ（ｍ）": "435", "測器の深度（ｍ）": "102", "維持管理機関名": "防災科学技術研究所", "維持管理機関名（英語）": "NIED", "観測開始年（西暦）": "2003", "同月": "3", "観測機器名または観測項目": "短周期地震計" }, "geometry": { "type": "Point", "coordinates": [ 137.1054, 35.6682 ] } },
{ "type": "Feature", "properties": { "観測の種類": "高感度", "name": "板取", "観測点名ローマ字": "ITADORI", "観測点コード": "N.ITDH", "緯度（度）": 35.7235, "経度（度）": 136.7847, "高さ（ｍ）": "350", "測器の深度（ｍ）": "102", "維持管理機関名": "防災科学技術研究所", "維持管理機関名（英語）": "NIED", "観測開始年（西暦）": "2003", "同月": "3", "観測機器名または観測項目": "短周期地震計" }, "geometry": { "type": "Point", "coordinates": [ 136.7847, 35.7235 ] } },
{ "type": "Feature", "properties": { "観測の種類": "高感度", "name": "東白川", "観測点名ローマ字": "HIGASHISHIRAKAWA", "観測点コード": "N.HSKH", "緯度（度）": 35.6401, "経度（度）": 137.3187, "高さ（ｍ）": "330", "測器の深度（ｍ）": "108", "維持管理機関名": "防災科学技術研究所", "維持管理機関名（英語）": "NIED", "観測開始年（西暦）": "2003", "同月": "3", "観測機器名または観測項目": "短周期地震計" }, "geometry": { "type": "Point", "coordinates": [ 137.3187, 35.6401 ] } },
{ "type": "Feature", "properties": { "観測の種類": "高感度", "name": "谷汲", "観測点名ローマ字": "TANIGUMI", "観測点コード": "N.TNMH", "緯度（度）": 35.5214, "経度（度）": 136.6127, "高さ（ｍ）": "75", "測器の深度（ｍ）": "104", "維持管理機関名": "防災科学技術研究所", "維持管理機関名（英語）": "NIED", "観測開始年（西暦）": "2003", "同月": "3", "観測機器名または観測項目": "短周期地震計" }, "geometry": { "type": "Point", "coordinates": [ 136.6127, 35.5214 ] } },
{ "type": "Feature", "properties": { "観測の種類": "高感度", "name": "各務原", "観測点名ローマ字": "KAKAMIGAHARA", "観測点コード": "N.KMHH", "緯度（度）": 35.4121, "経度（度）": 136.8764, "高さ（ｍ）": "35", "測器の深度（ｍ）": "102", "維持管理機関名": "防災科学技術研究所", "維持管理機関名（英語）": "NIED", "観測開始年（西暦）": "2003", "同月": "3", "観測機器名または観測項目": "短周期地震計" }, "geometry": { "type": "Point", "coordinates": [ 136.8764, 35.4121 ] } },
{ "type": "Feature", "properties": { "観測の種類": "高感度", "name": "美濃加茂", "観測点名ローマ字": "MINOKAMO", "観測点コード": "N.MKMH", "緯度（度）": 35.4527, "経度（度）": 137.004, "高さ（ｍ）": "85", "測器の深度（ｍ）": "202", "維持管理機関名": "防災科学技術研究所", "維持管理機関名（英語）": "NIED", "観測開始年（西暦）": "2003", "同月": "3", "観測機器名または観測項目": "短周期地震計" }, "geometry": { "type": "Point", "coordinates": [ 137.004, 35.4527 ] } },
{ "type": "Feature", "properties": { "観測の種類": "高感度", "name": "中津川", "観測点名ローマ字": "NAKATSUGAWA", "観測点コード": "N.NTGH", "緯度（度）": 35.4571, "経度（度）": 137.4706, "高さ（ｍ）": "440", "測器の深度（ｍ）": "402", "維持管理機関名": "防災科学技術研究所", "維持管理機関名（英語）": "NIED", "観測開始年（西暦）": "2003", "同月": "3", "観測機器名または観測項目": "短周期地震計" }, "geometry": { "type": "Point", "coordinates": [ 137.4706, 35.4571 ] } },
{ "type": "Feature", "properties": { "観測の種類": "高感度", "name": "上石津", "観測点名ローマ字": "KAMIISHIZU", "観測点コード": "N.KIDH", "緯度（度）": 35.2953, "経度（度）": 136.4732, "高さ（ｍ）": "90", "測器の深度（ｍ）": "138", "維持管理機関名": "防災科学技術研究所", "維持管理機関名（英語）": "NIED", "観測開始年（西暦）": "2003", "同月": "3", "観測機器名または観測項目": "短周期地震計" }, "geometry": { "type": "Point", "coordinates": [ 136.4732, 35.2953 ] } },
{ "type": "Feature", "properties": { "観測の種類": "高感度", "name": "中伊豆", "観測点名ローマ字": "NAKAIZU", "観測点コード": "N.JIZH", "緯度（度）": 34.9161, "経度（度）": 138.9936, "高さ（ｍ）": "255", "測器の深度（ｍ）": "0", "維持管理機関名": "防災科学技術研究所", "維持管理機関名（英語）": "NIED", "観測開始年（西暦）": "1979", "同月": "7", "観測機器名または観測項目": "短周期地震計" }, "geometry": { "type": "Point", "coordinates": [ 138.9936, 34.9161 ] } },
{ "type": "Feature", "properties": { "観測の種類": "高感度", "name": "岡部", "観測点名ローマ字": "OKABE", "観測点コード": "N.OKBH", "緯度（度）": 34.9533, "経度（度）": 138.2506, "高さ（ｍ）": "70", "測器の深度（ｍ）": "101", "維持管理機関名": "防災科学技術研究所", "維持管理機関名（英語）": "NIED", "観測開始年（西暦）": "1979", "同月": "7", "観測機器名または観測項目": "短周期地震計" }, "geometry": { "type": "Point", "coordinates": [ 138.2506, 34.9533 ] } },
{ "type": "Feature", "properties": { "観測の種類": "高感度", "name": "天竜", "観測点名ローマ字": "TENRYU", "観測点コード": "N.TNRH", "緯度（度）": 34.911, "経度（度）": 137.8821, "高さ（ｍ）": "160", "測器の深度（ｍ）": "75", "維持管理機関名": "防災科学技術研究所", "維持管理機関名（英語）": "NIED", "観測開始年（西暦）": "1979", "同月": "7", "観測機器名または観測項目": "短周期地震計" }, "geometry": { "type": "Point", "coordinates": [ 137.8821, 34.911 ] } },
{ "type": "Feature", "properties": { "観測の種類": "高感度", "name": "水窪", "観測点名ローマ字": "MISAKUBO", "観測点コード": "N.MSKH", "緯度（度）": 35.1981, "経度（度）": 137.9359, "高さ（ｍ）": "850", "測器の深度（ｍ）": "80", "維持管理機関名": "防災科学技術研究所", "維持管理機関名（英語）": "NIED", "観測開始年（西暦）": "1979", "同月": "7", "観測機器名または観測項目": "短周期地震計" }, "geometry": { "type": "Point", "coordinates": [ 137.9359, 35.1981 ] } },
{ "type": "Feature", "properties": { "観測の種類": "高感度", "name": "掛川3", "観測点名ローマ字": "KAKEGAWA3", "観測点コード": "N.KG3H", "緯度（度）": 34.8769, "経度（度）": 138.0175, "高さ（ｍ）": "182", "測器の深度（ｍ）": "101", "維持管理機関名": "防災科学技術研究所", "維持管理機関名（英語）": "NIED", "観測開始年（西暦）": "2011", "同月": "3", "観測機器名または観測項目": "短周期地震計" }, "geometry": { "type": "Point", "coordinates": [ 138.0175, 34.8769 ] } },
{ "type": "Feature", "properties": { "観測の種類": "高感度", "name": "韮山", "観測点名ローマ字": "NIRAYAMA", "観測点コード": "N.NRYH", "緯度（度）": 35.0632, "経度（度）": 138.9597, "高さ（ｍ）": "15", "測器の深度（ｍ）": "105", "維持管理機関名": "防災科学技術研究所", "維持管理機関名（英語）": "NIED", "観測開始年（西暦）": "1980", "同月": "5", "観測機器名または観測項目": "短周期地震計" }, "geometry": { "type": "Point", "coordinates": [ 138.9597, 35.0632 ] } },
{ "type": "Feature", "properties": { "観測の種類": "高感度", "name": "静岡", "観測点名ローマ字": "SHIZUOKA", "観測点コード": "N.SIZH", "緯度（度）": 35.1147, "経度（度）": 138.3267, "高さ（ｍ）": "180", "測器の深度（ｍ）": "103", "維持管理機関名": "防災科学技術研究所", "維持管理機関名（英語）": "NIED", "観測開始年（西暦）": "1981", "同月": "10", "観測機器名または観測項目": "短周期地震計" }, "geometry": { "type": "Point", "coordinates": [ 138.3267, 35.1147 ] } },
{ "type": "Feature", "properties": { "観測の種類": "高感度", "name": "浜岡", "観測点名ローマ字": "HAMAOKA", "観測点コード": "N.HMOH", "緯度（度）": 34.6342, "経度（度）": 138.1561, "高さ（ｍ）": "35", "測器の深度（ｍ）": "98", "維持管理機関名": "防災科学技術研究所", "維持管理機関名（英語）": "NIED", "観測開始年（西暦）": "1981", "同月": "10", "観測機器名または観測項目": "短周期地震計" }, "geometry": { "type": "Point", "coordinates": [ 138.1561, 34.6342 ] } },
{ "type": "Feature", "properties": { "観測の種類": "高感度", "name": "沼津", "観測点名ローマ字": "NUMAZU", "観測点コード": "N.NMZH", "緯度（度）": 35.1609, "経度（度）": 138.8431, "高さ（ｍ）": "205", "測器の深度（ｍ）": "96", "維持管理機関名": "防災科学技術研究所", "維持管理機関名（英語）": "NIED", "観測開始年（西暦）": "1981", "同月": "10", "観測機器名または観測項目": "短周期地震計" }, "geometry": { "type": "Point", "coordinates": [ 138.8431, 35.1609 ] } },
{ "type": "Feature", "properties": { "観測の種類": "高感度", "name": "三ケ日", "観測点名ローマ字": "MIKKABI", "観測点コード": "N.MKBH", "緯度（度）": 34.805, "経度（度）": 137.5109, "高さ（ｍ）": "60", "測器の深度（ｍ）": "99", "維持管理機関名": "防災科学技術研究所", "維持管理機関名（英語）": "NIED", "観測開始年（西暦）": "1981", "同月": "10", "観測機器名または観測項目": "短周期地震計" }, "geometry": { "type": "Point", "coordinates": [ 137.5109, 34.805 ] } },
{ "type": "Feature", "properties": { "観測の種類": "高感度", "name": "下田", "観測点名ローマ字": "SHIMODA", "観測点コード": "N.SMDH", "緯度（度）": 34.7409, "経度（度）": 138.9312, "高さ（ｍ）": "70", "測器の深度（ｍ）": "88", "維持管理機関名": "防災科学技術研究所", "維持管理機関名（英語）": "NIED", "観測開始年（西暦）": "1982", "同月": "4", "観測機器名または観測項目": "短周期地震計" }, "geometry": { "type": "Point", "coordinates": [ 138.9312, 34.7409 ] } },
{ "type": "Feature", "properties": { "観測の種類": "高感度", "name": "本川根", "観測点名ローマ字": "HONKAWANE", "観測点コード": "N.HKWH", "緯度（度）": 35.0966, "経度（度）": 138.1351, "高さ（ｍ）": "445", "測器の深度（ｍ）": "106", "維持管理機関名": "防災科学技術研究所", "維持管理機関名（英語）": "NIED", "観測開始年（西暦）": "1982", "同月": "4", "観測機器名または観測項目": "短周期地震計" }, "geometry": { "type": "Point", "coordinates": [ 138.1351, 35.0966 ] } },
{ "type": "Feature", "properties": { "観測の種類": "高感度", "name": "富士宮", "観測点名ローマ字": "FUJINOMIYA", "観測点コード": "N.FJMH", "緯度（度）": 35.2363, "経度（度）": 138.5939, "高さ（ｍ）": "138", "測器の深度（ｍ）": "197", "維持管理機関名": "防災科学技術研究所", "維持管理機関名（英語）": "NIED", "観測開始年（西暦）": "1983", "同月": "4", "観測機器名または観測項目": "短周期地震計" }, "geometry": { "type": "Point", "coordinates": [ 138.5939, 35.2363 ] } },
{ "type": "Feature", "properties": { "観測の種類": "高感度", "name": "畑薙", "観測点名ローマ字": "HATANAGI", "観測点コード": "N.HTNH", "緯度（度）": 35.3029, "経度（度）": 138.2076, "高さ（ｍ）": "840", "測器の深度（ｍ）": "0", "維持管理機関名": "防災科学技術研究所", "維持管理機関名（英語）": "NIED", "観測開始年（西暦）": "1983", "同月": "4", "観測機器名または観測項目": "短周期地震計" }, "geometry": { "type": "Point", "coordinates": [ 138.2076, 35.3029 ] } },
{ "type": "Feature", "properties": { "観測の種類": "高感度", "name": "初島2", "観測点名ローマ字": "HATSUSHIMA2", "観測点コード": "N.HT2H", "緯度（度）": 35.0417, "経度（度）": 139.1685, "高さ（ｍ）": "20", "測器の深度（ｍ）": "112", "維持管理機関名": "防災科学技術研究所", "維持管理機関名（英語）": "NIED", "観測開始年（西暦）": "2011", "同月": "3", "観測機器名または観測項目": "短周期地震計" }, "geometry": { "type": "Point", "coordinates": [ 139.1685, 35.0417 ] } },
{ "type": "Feature", "properties": { "観測の種類": "高感度", "name": "戸田", "観測点名ローマ字": "HEDA", "観測点コード": "N.HD2H", "緯度（度）": 34.9679, "経度（度）": 138.8017, "高さ（ｍ）": "55", "測器の深度（ｍ）": "101", "維持管理機関名": "防災科学技術研究所", "維持管理機関名（英語）": "NIED", "観測開始年（西暦）": "1984", "同月": "4", "観測機器名または観測項目": "短周期地震計" }, "geometry": { "type": "Point", "coordinates": [ 138.8017, 34.9679 ] } },
{ "type": "Feature", "properties": { "観測の種類": "高感度", "name": "大須賀", "観測点名ローマ字": "OSUKA", "観測点コード": "N.OHSH", "緯度（度）": 34.6859, "経度（度）": 138.0124, "高さ（ｍ）": "70", "測器の深度（ｍ）": "135", "維持管理機関名": "防災科学技術研究所", "維持管理機関名（英語）": "NIED", "観測開始年（西暦）": "1984", "同月": "4", "観測機器名または観測項目": "短周期地震計" }, "geometry": { "type": "Point", "coordinates": [ 138.0124, 34.6859 ] } },
{ "type": "Feature", "properties": { "観測の種類": "高感度", "name": "裾野", "観測点名ローマ字": "SUSONO", "観測点コード": "N.SSNH", "緯度（度）": 35.2655, "経度（度）": 138.8069, "高さ（ｍ）": "900", "測器の深度（ｍ）": "0", "維持管理機関名": "防災科学技術研究所", "維持管理機関名（英語）": "NIED", "観測開始年（西暦）": "1987", "同月": "8", "観測機器名または観測項目": "短周期地震計" }, "geometry": { "type": "Point", "coordinates": [ 138.8069, 35.2655 ] } },
{ "type": "Feature", "properties": { "観測の種類": "高感度", "name": "伊東", "観測点名ローマ字": "ITO", "観測点コード": "N.ITOH", "緯度（度）": 34.9521, "経度（度）": 139.1379, "高さ（ｍ）": "10", "測器の深度（ｍ）": "92", "維持管理機関名": "防災科学技術研究所", "維持管理機関名（英語）": "NIED", "観測開始年（西暦）": "1989", "同月": "7", "観測機器名または観測項目": "短周期地震計" }, "geometry": { "type": "Point", "coordinates": [ 139.1379, 34.9521 ] } },
{ "type": "Feature", "properties": { "観測の種類": "高感度", "name": "森", "観測点名ローマ字": "MORI", "観測点コード": "N.MRIH", "緯度（度）": 34.8601, "経度（度）": 137.9424, "高さ（ｍ）": "55", "測器の深度（ｍ）": "197", "維持管理機関名": "防災科学技術研究所", "維持管理機関名（英語）": "NIED", "観測開始年（西暦）": "1999", "同月": "9", "観測機器名または観測項目": "短周期地震計" }, "geometry": { "type": "Point", "coordinates": [ 137.9424, 34.8601 ] } },
{ "type": "Feature", "properties": { "観測の種類": "高感度", "name": "黒俣", "観測点名ローマ字": "KUROMATA", "観測点コード": "N.KMTH", "緯度（度）": 35.0331, "経度（度）": 138.2146, "高さ（ｍ）": "220", "測器の深度（ｍ）": "178", "維持管理機関名": "防災科学技術研究所", "維持管理機関名（英語）": "NIED", "観測開始年（西暦）": "1999", "同月": "9", "観測機器名または観測項目": "短周期地震計" }, "geometry": { "type": "Point", "coordinates": [ 138.2146, 35.0331 ] } },
{ "type": "Feature", "properties": { "観測の種類": "高感度", "name": "龍山", "観測点名ローマ字": "TATSUYAMA", "観測点コード": "N.TATH", "緯度（度）": 35.005, "経度（度）": 137.7968, "高さ（ｍ）": "480", "測器の深度（ｍ）": "172", "維持管理機関名": "防災科学技術研究所", "維持管理機関名（英語）": "NIED", "観測開始年（西暦）": "2001", "同月": "4", "観測機器名または観測項目": "短周期地震計" }, "geometry": { "type": "Point", "coordinates": [ 137.7968, 35.005 ] } },
{ "type": "Feature", "properties": { "観測の種類": "高感度", "name": "引佐", "観測点名ローマ字": "INASA", "観測点コード": "N.INSH", "緯度（度）": 34.8343, "経度（度）": 137.6616, "高さ（ｍ）": "19", "測器の深度（ｍ）": "301", "維持管理機関名": "防災科学技術研究所", "維持管理機関名（英語）": "NIED", "観測開始年（西暦）": "2002", "同月": "3", "観測機器名または観測項目": "短周期地震計" }, "geometry": { "type": "Point", "coordinates": [ 137.6616, 34.8343 ] } },
{ "type": "Feature", "properties": { "観測の種類": "高感度", "name": "新居", "観測点名ローマ字": "ARAI", "観測点コード": "N.ARIH", "緯度（度）": 34.6913, "経度（度）": 137.5604, "高さ（ｍ）": "6", "測器の深度（ｍ）": "451", "維持管理機関名": "防災科学技術研究所", "維持管理機関名（英語）": "NIED", "観測開始年（西暦）": "2002", "同月": "3", "観測機器名または観測項目": "短周期地震計" }, "geometry": { "type": "Point", "coordinates": [ 137.5604, 34.6913 ] } },
{ "type": "Feature", "properties": { "観測の種類": "高感度", "name": "袋井", "観測点名ローマ字": "FUKUROI", "観測点コード": "N.FKRH", "緯度（度）": 34.7948, "経度（度）": 137.9034, "高さ（ｍ）": "23", "測器の深度（ｍ）": "451", "維持管理機関名": "防災科学技術研究所", "維持管理機関名（英語）": "NIED", "観測開始年（西暦）": "2002", "同月": "3", "観測機器名または観測項目": "短周期地震計" }, "geometry": { "type": "Point", "coordinates": [ 137.9034, 34.7948 ] } },
{ "type": "Feature", "properties": { "観測の種類": "高感度", "name": "寸又峡", "観測点名ローマ字": "SUMATAKYO", "観測点コード": "N.SUMH", "緯度（度）": 35.1724, "経度（度）": 138.1236, "高さ（ｍ）": "505", "測器の深度（ｍ）": "185", "維持管理機関名": "防災科学技術研究所", "維持管理機関名（英語）": "NIED", "観測開始年（西暦）": "2002", "同月": "3", "観測機器名または観測項目": "短周期地震計" }, "geometry": { "type": "Point", "coordinates": [ 138.1236, 35.1724 ] } },
{ "type": "Feature", "properties": { "観測の種類": "高感度", "name": "浜松", "観測点名ローマ字": "HAMAMATSU", "観測点コード": "N.HMMH", "緯度（度）": 34.6683, "経度（度）": 137.7441, "高さ（ｍ）": "5", "測器の深度（ｍ）": "1012", "維持管理機関名": "防災科学技術研究所", "維持管理機関名（英語）": "NIED", "観測開始年（西暦）": "2003", "同月": "3", "観測機器名または観測項目": "短周期地震計" }, "geometry": { "type": "Point", "coordinates": [ 137.7441, 34.6683 ] } },
{ "type": "Feature", "properties": { "観測の種類": "高感度", "name": "静岡北", "観測点名ローマ字": "SHIZUOKA-N", "観測点コード": "N.SONH", "緯度（度）": 35.307, "経度（度）": 138.1973, "高さ（ｍ）": "880", "測器の深度（ｍ）": "104", "維持管理機関名": "防災科学技術研究所", "維持管理機関名（英語）": "NIED", "観測開始年（西暦）": "2003", "同月": "3", "観測機器名または観測項目": "短周期地震計" }, "geometry": { "type": "Point", "coordinates": [ 138.1973, 35.307 ] } },
{ "type": "Feature", "properties": { "観測の種類": "高感度", "name": "水窪北", "観測点名ローマ字": "MISAKUBO-N", "観測点コード": "N.MS2H", "緯度（度）": 35.2233, "経度（度）": 137.9181, "高さ（ｍ）": "540", "測器の深度（ｍ）": "104", "維持管理機関名": "防災科学技術研究所", "維持管理機関名（英語）": "NIED", "観測開始年（西暦）": "2003", "同月": "3", "観測機器名または観測項目": "短周期地震計" }, "geometry": { "type": "Point", "coordinates": [ 137.9181, 35.2233 ] } },
{ "type": "Feature", "properties": { "観測の種類": "高感度", "name": "川根", "観測点名ローマ字": "KAWANE", "観測点コード": "N.KNEH", "緯度（度）": 34.9398, "経度（度）": 138.0767, "高さ（ｍ）": "145", "測器の深度（ｍ）": "104", "維持管理機関名": "防災科学技術研究所", "維持管理機関名（英語）": "NIED", "観測開始年（西暦）": "2003", "同月": "3", "観測機器名または観測項目": "短周期地震計" }, "geometry": { "type": "Point", "coordinates": [ 138.0767, 34.9398 ] } },
{ "type": "Feature", "properties": { "観測の種類": "高感度", "name": "龍山東", "観測点名ローマ字": "TATSUYAMA-E", "観測点コード": "N.TT2H", "緯度（度）": 35.0086, "経度（度）": 137.8409, "高さ（ｍ）": "325", "測器の深度（ｍ）": "105", "維持管理機関名": "防災科学技術研究所", "維持管理機関名（英語）": "NIED", "観測開始年（西暦）": "2003", "同月": "3", "観測機器名または観測項目": "短周期地震計" }, "geometry": { "type": "Point", "coordinates": [ 137.8409, 35.0086 ] } },
{ "type": "Feature", "properties": { "観測の種類": "高感度", "name": "静岡南", "観測点名ローマ字": "SHIZUOKA-S", "観測点コード": "N.SOSH", "緯度（度）": 35.0146, "経度（度）": 138.3526, "高さ（ｍ）": "50", "測器の深度（ｍ）": "104", "維持管理機関名": "防災科学技術研究所", "維持管理機関名（英語）": "NIED", "観測開始年（西暦）": "2003", "同月": "3", "観測機器名または観測項目": "短周期地震計" }, "geometry": { "type": "Point", "coordinates": [ 138.3526, 35.0146 ] } },
{ "type": "Feature", "properties": { "観測の種類": "高感度", "name": "清水北", "観測点名ローマ字": "SHIMIZU-N", "観測点コード": "N.SZUH", "緯度（度）": 35.1304, "経度（度）": 138.4243, "高さ（ｍ）": "540", "測器の深度（ｍ）": "120", "維持管理機関名": "防災科学技術研究所", "維持管理機関名（英語）": "NIED", "観測開始年（西暦）": "2003", "同月": "3", "観測機器名または観測項目": "短周期地震計" }, "geometry": { "type": "Point", "coordinates": [ 138.4243, 35.1304 ] } },
{ "type": "Feature", "properties": { "観測の種類": "高感度", "name": "伊東中", "観測点名ローマ字": "ITO-C", "観測点コード": "N.ITHH", "緯度（度）": 34.9467, "経度（度）": 139.0855, "高さ（ｍ）": "140", "測器の深度（ｍ）": "301", "維持管理機関名": "防災科学技術研究所", "維持管理機関名（英語）": "NIED", "観測開始年（西暦）": "2003", "同月": "3", "観測機器名または観測項目": "短周期地震計" }, "geometry": { "type": "Point", "coordinates": [ 139.0855, 34.9467 ] } },
{ "type": "Feature", "properties": { "観測の種類": "高感度", "name": "藤枝", "観測点名ローマ字": "FUJIEDA", "観測点コード": "N.FJEH", "緯度（度）": 34.9142, "経度（度）": 138.2008, "高さ（ｍ）": "90", "測器の深度（ｍ）": "103", "維持管理機関名": "防災科学技術研究所", "維持管理機関名（英語）": "NIED", "観測開始年（西暦）": "2003", "同月": "3", "観測機器名または観測項目": "短周期地震計" }, "geometry": { "type": "Point", "coordinates": [ 138.2008, 34.9142 ] } },
{ "type": "Feature", "properties": { "観測の種類": "高感度", "name": "芝川", "観測点名ローマ字": "SHIBAKAWA", "観測点コード": "N.SBKH", "緯度（度）": 35.2028, "経度（度）": 138.5659, "高さ（ｍ）": "80", "測器の深度（ｍ）": "306", "維持管理機関名": "防災科学技術研究所", "維持管理機関名（英語）": "NIED", "観測開始年（西暦）": "2003", "同月": "3", "観測機器名または観測項目": "短周期地震計" }, "geometry": { "type": "Point", "coordinates": [ 138.5659, 35.2028 ] } },
{ "type": "Feature", "properties": { "観測の種類": "高感度", "name": "函南", "観測点名ローマ字": "KANNAMI", "観測点コード": "N.KNIH", "緯度（度）": 35.0854, "経度（度）": 138.9779, "高さ（ｍ）": "100", "測器の深度（ｍ）": "201", "維持管理機関名": "防災科学技術研究所", "維持管理機関名（英語）": "NIED", "観測開始年（西暦）": "2003", "同月": "3", "観測機器名または観測項目": "短周期地震計" }, "geometry": { "type": "Point", "coordinates": [ 138.9779, 35.0854 ] } },
{ "type": "Feature", "properties": { "観測の種類": "高感度", "name": "西伊豆西", "観測点名ローマ字": "NISHIIZU-W", "観測点コード": "N.NS2H", "緯度（度）": 34.7988, "経度（度）": 138.7724, "高さ（ｍ）": "130", "測器の深度（ｍ）": "105", "維持管理機関名": "防災科学技術研究所", "維持管理機関名（英語）": "NIED", "観測開始年（西暦）": "2003", "同月": "3", "観測機器名または観測項目": "短周期地震計" }, "geometry": { "type": "Point", "coordinates": [ 138.7724, 34.7988 ] } },
{ "type": "Feature", "properties": { "観測の種類": "高感度", "name": "河津", "観測点名ローマ字": "KAWAZU", "観測点コード": "N.KWZH", "緯度（度）": 34.7832, "経度（度）": 138.97, "高さ（ｍ）": "235", "測器の深度（ｍ）": "209", "維持管理機関名": "防災科学技術研究所", "維持管理機関名（英語）": "NIED", "観測開始年（西暦）": "2003", "同月": "3", "観測機器名または観測項目": "短周期地震計" }, "geometry": { "type": "Point", "coordinates": [ 138.97, 34.7832 ] } },
{ "type": "Feature", "properties": { "観測の種類": "高感度", "name": "南伊豆", "観測点名ローマ字": "MINAMIIZU", "観測点コード": "N.MIZH", "緯度（度）": 34.6749, "経度（度）": 138.834, "高さ（ｍ）": "60", "測器の深度（ｍ）": "110", "維持管理機関名": "防災科学技術研究所", "維持管理機関名（英語）": "NIED", "観測開始年（西暦）": "2003", "同月": "3", "観測機器名または観測項目": "短周期地震計" }, "geometry": { "type": "Point", "coordinates": [ 138.834, 34.6749 ] } },
{ "type": "Feature", "properties": { "観測の種類": "高感度", "name": "修善寺", "観測点名ローマ字": "SHUZENJI", "観測点コード": "N.SZJH", "緯度（度）": 34.9756, "経度（度）": 138.9128, "高さ（ｍ）": "250", "測器の深度（ｍ）": "205", "維持管理機関名": "防災科学技術研究所", "維持管理機関名（英語）": "NIED", "観測開始年（西暦）": "2003", "同月": "3", "観測機器名または観測項目": "短周期地震計" }, "geometry": { "type": "Point", "coordinates": [ 138.9128, 34.9756 ] } },
{ "type": "Feature", "properties": { "観測の種類": "高感度", "name": "清水南", "観測点名ローマ字": "SHIMIZU-S", "観測点コード": "N.SMSH", "緯度（度）": 34.9739, "経度（度）": 138.4924, "高さ（ｍ）": "20", "測器の深度（ｍ）": "241", "維持管理機関名": "防災科学技術研究所", "維持管理機関名（英語）": "NIED", "観測開始年（西暦）": "2003", "同月": "3", "観測機器名または観測項目": "短周期地震計" }, "geometry": { "type": "Point", "coordinates": [ 138.4924, 34.9739 ] } },
{ "type": "Feature", "properties": { "観測の種類": "高感度", "name": "岡", "観測点名ローマ字": "OKA", "観測点コード": "N.OKAH", "緯度（度）": 34.9436, "経度（度）": 139.1034, "高さ（ｍ）": "135", "測器の深度（ｍ）": "223", "維持管理機関名": "防災科学技術研究所", "維持管理機関名（英語）": "NIED", "観測開始年（西暦）": "1997", "同月": "3", "観測機器名または観測項目": "短周期地震計" }, "geometry": { "type": "Point", "coordinates": [ 139.1034, 34.9436 ] } },
{ "type": "Feature", "properties": { "観測の種類": "高感度", "name": "吉田", "観測点名ローマ字": "YOSHIDA", "観測点コード": "N.YOSH", "緯度（度）": 34.9302, "経度（度）": 139.1356, "高さ（ｍ）": "105", "測器の深度（ｍ）": "173", "維持管理機関名": "防災科学技術研究所", "維持管理機関名（英語）": "NIED", "観測開始年（西暦）": "1999", "同月": "6", "観測機器名または観測項目": "短周期地震計" }, "geometry": { "type": "Point", "coordinates": [ 139.1356, 34.9302 ] } },
{ "type": "Feature", "properties": { "観測の種類": "高感度", "name": "徳永", "観測点名ローマ字": "TOKUNAGA", "観測点コード": "N.TNGH", "緯度（度）": 34.9232, "経度（度）": 139.0443, "高さ（ｍ）": "335", "測器の深度（ｍ）": "96", "維持管理機関名": "防災科学技術研究所", "維持管理機関名（英語）": "NIED", "観測開始年（西暦）": "1995", "同月": "3", "観測機器名または観測項目": "短周期地震計" }, "geometry": { "type": "Point", "coordinates": [ 139.0443, 34.9232 ] } },
{ "type": "Feature", "properties": { "観測の種類": "高感度", "name": "下山", "観測点名ローマ字": "SHIMOYAMA", "観測点コード": "N.SMYH", "緯度（度）": 35.0398, "経度（度）": 137.3125, "高さ（ｍ）": "400", "測器の深度（ｍ）": "98", "維持管理機関名": "防災科学技術研究所", "維持管理機関名（英語）": "NIED", "観測開始年（西暦）": "1980", "同月": "5", "観測機器名または観測項目": "短周期地震計" }, "geometry": { "type": "Point", "coordinates": [ 137.3125, 35.0398 ] } },
{ "type": "Feature", "properties": { "観測の種類": "高感度", "name": "赤羽根", "観測点名ローマ字": "AKABANE", "観測点コード": "N.ABNH", "緯度（度）": 34.6325, "経度（度）": 137.2313, "高さ（ｍ）": "40", "測器の深度（ｍ）": "0", "維持管理機関名": "防災科学技術研究所", "維持管理機関名（英語）": "NIED", "観測開始年（西暦）": "1981", "同月": "10", "観測機器名または観測項目": "短周期地震計" }, "geometry": { "type": "Point", "coordinates": [ 137.2313, 34.6325 ] } },
{ "type": "Feature", "properties": { "観測の種類": "高感度", "name": "東栄", "観測点名ローマ字": "TOEI", "観測点コード": "N.TOEH", "緯度（度）": 35.0814, "経度（度）": 137.7208, "高さ（ｍ）": "250", "測器の深度（ｍ）": "0", "維持管理機関名": "防災科学技術研究所", "維持管理機関名（英語）": "NIED", "観測開始年（西暦）": "1983", "同月": "4", "観測機器名または観測項目": "短周期地震計" }, "geometry": { "type": "Point", "coordinates": [ 137.7208, 35.0814 ] } },
{ "type": "Feature", "properties": { "観測の種類": "高感度", "name": "安城", "観測点名ローマ字": "ANJO", "観測点コード": "N.ANJH", "緯度（度）": 34.9319, "経度（度）": 137.0568, "高さ（ｍ）": "5", "測器の深度（ｍ）": "1050", "維持管理機関名": "防災科学技術研究所", "維持管理機関名（英語）": "NIED", "観測開始年（西暦）": "1997", "同月": "3", "観測機器名または観測項目": "短周期地震計" }, "geometry": { "type": "Point", "coordinates": [ 137.0568, 34.9319 ] } },
{ "type": "Feature", "properties": { "観測の種類": "高感度", "name": "渥美", "観測点名ローマ字": "ATSUMI", "観測点コード": "N.ATMH", "緯度（度）": 34.6158, "経度（度）": 137.0419, "高さ（ｍ）": "5", "測器の深度（ｍ）": "300", "維持管理機関名": "防災科学技術研究所", "維持管理機関名（英語）": "NIED", "観測開始年（西暦）": "1997", "同月": "3", "観測機器名または観測項目": "短周期地震計" }, "geometry": { "type": "Point", "coordinates": [ 137.0419, 34.6158 ] } },
{ "type": "Feature", "properties": { "観測の種類": "高感度", "name": "旭", "観測点名ローマ字": "ASAHI", "観測点コード": "N.ASHH", "緯度（度）": 35.2194, "経度（度）": 137.4039, "高さ（ｍ）": "621", "測器の深度（ｍ）": "201", "維持管理機関名": "防災科学技術研究所", "維持管理機関名（英語）": "NIED", "観測開始年（西暦）": "1997", "同月": "3", "観測機器名または観測項目": "短周期地震計" }, "geometry": { "type": "Point", "coordinates": [ 137.4039, 35.2194 ] } },
{ "type": "Feature", "properties": { "観測の種類": "高感度", "name": "額田", "観測点名ローマ字": "NUKATA", "観測点コード": "N.NUKH", "緯度（度）": 34.9189, "経度（度）": 137.2993, "高さ（ｍ）": "90", "測器の深度（ｍ）": "100", "維持管理機関名": "防災科学技術研究所", "維持管理機関名（英語）": "NIED", "観測開始年（西暦）": "1997", "同月": "3", "観測機器名または観測項目": "短周期地震計" }, "geometry": { "type": "Point", "coordinates": [ 137.2993, 34.9189 ] } },
{ "type": "Feature", "properties": { "観測の種類": "高感度", "name": "豊橋", "観測点名ローマ字": "TOYOHASHI", "観測点コード": "N.TYHH", "緯度（度）": 34.6643, "経度（度）": 137.3902, "高さ（ｍ）": "60", "測器の深度（ｍ）": "362", "維持管理機関名": "防災科学技術研究所", "維持管理機関名（英語）": "NIED", "観測開始年（西暦）": "1997", "同月": "3", "観測機器名または観測項目": "短周期地震計" }, "geometry": { "type": "Point", "coordinates": [ 137.3902, 34.6643 ] } },
{ "type": "Feature", "properties": { "観測の種類": "高感度", "name": "鳳来", "観測点名ローマ字": "HOURAI", "観測点コード": "N.HOUH", "緯度（度）": 35.0002, "経度（度）": 137.6243, "高さ（ｍ）": "160", "測器の深度（ｍ）": "100", "維持管理機関名": "防災科学技術研究所", "維持管理機関名（英語）": "NIED", "観測開始年（西暦）": "1997", "同月": "3", "観測機器名または観測項目": "短周期地震計" }, "geometry": { "type": "Point", "coordinates": [ 137.6243, 35.0002 ] } },
{ "type": "Feature", "properties": { "観測の種類": "高感度", "name": "春日井", "観測点名ローマ字": "KASUGAI", "観測点コード": "N.KGIH", "緯度（度）": 35.3059, "経度（度）": 137.057, "高さ（ｍ）": "162", "測器の深度（ｍ）": "100", "維持管理機関名": "防災科学技術研究所", "維持管理機関名（英語）": "NIED", "観測開始年（西暦）": "1997", "同月": "3", "観測機器名または観測項目": "短周期地震計" }, "geometry": { "type": "Point", "coordinates": [ 137.057, 35.3059 ] } },
{ "type": "Feature", "properties": { "観測の種類": "高感度", "name": "幡豆", "観測点名ローマ字": "HAZU", "観測点コード": "N.HAZH", "緯度（度）": 34.7884, "経度（度）": 137.1057, "高さ（ｍ）": "10", "測器の深度（ｍ）": "402", "維持管理機関名": "防災科学技術研究所", "維持管理機関名（英語）": "NIED", "観測開始年（西暦）": "1997", "同月": "3", "観測機器名または観測項目": "短周期地震計" }, "geometry": { "type": "Point", "coordinates": [ 137.1057, 34.7884 ] } },
{ "type": "Feature", "properties": { "観測の種類": "高感度", "name": "清洲", "観測点名ローマ字": "KIYOSU", "観測点コード": "N.KYSH", "緯度（度）": 35.2177, "経度（度）": 136.8509, "高さ（ｍ）": "5", "測器の深度（ｍ）": "739", "維持管理機関名": "防災科学技術研究所", "維持管理機関名（英語）": "NIED", "観測開始年（西暦）": "2001", "同月": "3", "観測機器名または観測項目": "短周期地震計" }, "geometry": { "type": "Point", "coordinates": [ 136.8509, 35.2177 ] } },
{ "type": "Feature", "properties": { "観測の種類": "高感度", "name": "長久手", "観測点名ローマ字": "NAGAKUTE", "観測点コード": "N.NGKH", "緯度（度）": 35.1842, "経度（度）": 137.0474, "高さ（ｍ）": "60", "測器の深度（ｍ）": "209", "維持管理機関名": "防災科学技術研究所", "維持管理機関名（英語）": "NIED", "観測開始年（西暦）": "2003", "同月": "3", "観測機器名または観測項目": "短周期地震計" }, "geometry": { "type": "Point", "coordinates": [ 137.0474, 35.1842 ] } },
{ "type": "Feature", "properties": { "観測の種類": "高感度", "name": "足助", "観測点名ローマ字": "ASUKE", "観測点コード": "N.ASUH", "緯度（度）": 35.1392, "経度（度）": 137.3359, "高さ（ｍ）": "150", "測器の深度（ｍ）": "121", "維持管理機関名": "防災科学技術研究所", "維持管理機関名（英語）": "NIED", "観測開始年（西暦）": "2003", "同月": "3", "観測機器名または観測項目": "短周期地震計" }, "geometry": { "type": "Point", "coordinates": [ 137.3359, 35.1392 ] } },
{ "type": "Feature", "properties": { "観測の種類": "高感度", "name": "設楽", "観測点名ローマ字": "SHITARA", "観測点コード": "N.STRH", "緯度（度）": 35.1543, "経度（度）": 137.535, "高さ（ｍ）": "655", "測器の深度（ｍ）": "103", "維持管理機関名": "防災科学技術研究所", "維持管理機関名（英語）": "NIED", "観測開始年（西暦）": "2003", "同月": "3", "観測機器名または観測項目": "短周期地震計" }, "geometry": { "type": "Point", "coordinates": [ 137.535, 35.1543 ] } },
{ "type": "Feature", "properties": { "観測の種類": "高感度", "name": "豊根", "観測点名ローマ字": "TOYONE", "観測点コード": "N.TYEH", "緯度（度）": 35.184, "経度（度）": 137.7268, "高さ（ｍ）": "755", "測器の深度（ｍ）": "103", "維持管理機関名": "防災科学技術研究所", "維持管理機関名（英語）": "NIED", "観測開始年（西暦）": "2003", "同月": "3", "観測機器名または観測項目": "短周期地震計" }, "geometry": { "type": "Point", "coordinates": [ 137.7268, 35.184 ] } },
{ "type": "Feature", "properties": { "観測の種類": "高感度", "name": "岡崎", "観測点名ローマ字": "OKAZAKI", "観測点コード": "N.OKZH", "緯度（度）": 34.9635, "経度（度）": 137.2377, "高さ（ｍ）": "200", "測器の深度（ｍ）": "101", "維持管理機関名": "防災科学技術研究所", "維持管理機関名（英語）": "NIED", "観測開始年（西暦）": "2003", "同月": "3", "観測機器名または観測項目": "短周期地震計" }, "geometry": { "type": "Point", "coordinates": [ 137.2377, 34.9635 ] } },
{ "type": "Feature", "properties": { "観測の種類": "高感度", "name": "作手", "観測点名ローマ字": "TSUKUDE", "観測点コード": "N.TDEH", "緯度（度）": 34.9512, "経度（度）": 137.4114, "高さ（ｍ）": "545", "測器の深度（ｍ）": "102", "維持管理機関名": "防災科学技術研究所", "維持管理機関名（英語）": "NIED", "観測開始年（西暦）": "2003", "同月": "3", "観測機器名または観測項目": "短周期地震計" }, "geometry": { "type": "Point", "coordinates": [ 137.4114, 34.9512 ] } },
{ "type": "Feature", "properties": { "観測の種類": "高感度", "name": "新城", "観測点名ローマ字": "SHINSHIRO", "観測点コード": "N.SSRH", "緯度（度）": 34.8976, "経度（度）": 137.4876, "高さ（ｍ）": "55", "測器の深度（ｍ）": "102", "維持管理機関名": "防災科学技術研究所", "維持管理機関名（英語）": "NIED", "観測開始年（西暦）": "2003", "同月": "3", "観測機器名または観測項目": "短周期地震計" }, "geometry": { "type": "Point", "coordinates": [ 137.4876, 34.8976 ] } },
{ "type": "Feature", "properties": { "観測の種類": "高感度", "name": "南知多", "観測点名ローマ字": "MINAMICHITA", "観測点コード": "N.MCTH", "緯度（度）": 34.7401, "経度（度）": 136.9385, "高さ（ｍ）": "20", "測器の深度（ｍ）": "102", "維持管理機関名": "防災科学技術研究所", "維持管理機関名（英語）": "NIED", "観測開始年（西暦）": "2003", "同月": "3", "観測機器名または観測項目": "短周期地震計" }, "geometry": { "type": "Point", "coordinates": [ 136.9385, 34.7401 ] } },
{ "type": "Feature", "properties": { "観測の種類": "高感度", "name": "豊橋北", "観測点名ローマ字": "TOYOHASHI-N", "観測点コード": "N.THNH", "緯度（度）": 34.7853, "経度（度）": 137.4393, "高さ（ｍ）": "30", "測器の深度（ｍ）": "201", "維持管理機関名": "防災科学技術研究所", "維持管理機関名（英語）": "NIED", "観測開始年（西暦）": "2003", "同月": "3", "観測機器名または観測項目": "短周期地震計" }, "geometry": { "type": "Point", "coordinates": [ 137.4393, 34.7853 ] } },
{ "type": "Feature", "properties": { "観測の種類": "高感度", "name": "常滑2", "観測点名ローマ字": "TOKONAME2", "観測点コード": "N.TK2H", "緯度（度）": 34.8806, "経度（度）": 136.8316, "高さ（ｍ）": "3", "測器の深度（ｍ）": "1001", "維持管理機関名": "防災科学技術研究所", "維持管理機関名（英語）": "NIED", "観測開始年（西暦）": "2015", "同月": "6", "観測機器名または観測項目": "短周期地震計" }, "geometry": { "type": "Point", "coordinates": [ 136.8316, 34.8806 ] } },
{ "type": "Feature", "properties": { "観測の種類": "高感度", "name": "四日市", "観測点名ローマ字": "YOKKAICHI", "観測点コード": "N.YOKH", "緯度（度）": 34.9849, "経度（度）": 136.4563, "高さ（ｍ）": "290", "測器の深度（ｍ）": "140", "維持管理機関名": "防災科学技術研究所", "維持管理機関名（英語）": "NIED", "観測開始年（西暦）": "1997", "同月": "3", "観測機器名または観測項目": "短周期地震計" }, "geometry": { "type": "Point", "coordinates": [ 136.4563, 34.9849 ] } },
{ "type": "Feature", "properties": { "観測の種類": "高感度", "name": "大山田", "観測点名ローマ字": "OYAMADA", "観測点コード": "N.OYMH", "緯度（度）": 34.7662, "経度（度）": 136.2835, "高さ（ｍ）": "280", "測器の深度（ｍ）": "200", "維持管理機関名": "防災科学技術研究所", "維持管理機関名（英語）": "NIED", "観測開始年（西暦）": "1997", "同月": "3", "観測機器名または観測項目": "短周期地震計" }, "geometry": { "type": "Point", "coordinates": [ 136.2835, 34.7662 ] } },
{ "type": "Feature", "properties": { "観測の種類": "高感度", "name": "嬉野", "観測点名ローマ字": "URESINO", "観測点コード": "N.URSH", "緯度（度）": 34.547, "経度（度）": 136.3692, "高さ（ｍ）": "280", "測器の深度（ｍ）": "101", "維持管理機関名": "防災科学技術研究所", "維持管理機関名（英語）": "NIED", "観測開始年（西暦）": "1997", "同月": "3", "観測機器名または観測項目": "短周期地震計" }, "geometry": { "type": "Point", "coordinates": [ 136.3692, 34.547 ] } },
{ "type": "Feature", "properties": { "観測の種類": "高感度", "name": "度会", "観測点名ローマ字": "WATARAI", "観測点コード": "N.WATH", "緯度（度）": 34.3532, "経度（度）": 136.5866, "高さ（ｍ）": "90", "測器の深度（ｍ）": "111", "維持管理機関名": "防災科学技術研究所", "維持管理機関名（英語）": "NIED", "観測開始年（西暦）": "1997", "同月": "3", "観測機器名または観測項目": "短周期地震計" }, "geometry": { "type": "Point", "coordinates": [ 136.5866, 34.3532 ] } },
{ "type": "Feature", "properties": { "観測の種類": "高感度", "name": "尾鷲", "観測点名ローマ字": "OWASE", "観測点コード": "N.OWSH", "緯度（度）": 34.0637, "経度（度）": 136.1689, "高さ（ｍ）": "85", "測器の深度（ｍ）": "101", "維持管理機関名": "防災科学技術研究所", "維持管理機関名（英語）": "NIED", "観測開始年（西暦）": "2000", "同月": "3", "観測機器名または観測項目": "短周期地震計" }, "geometry": { "type": "Point", "coordinates": [ 136.1689, 34.0637 ] } },
{ "type": "Feature", "properties": { "観測の種類": "高感度", "name": "宮川", "観測点名ローマ字": "MIYAGAWA", "観測点コード": "N.MGWH", "緯度（度）": 34.358, "経度（度）": 136.3293, "高さ（ｍ）": "129", "測器の深度（ｍ）": "101", "維持管理機関名": "防災科学技術研究所", "維持管理機関名（英語）": "NIED", "観測開始年（西暦）": "2000", "同月": "3", "観測機器名または観測項目": "短周期地震計" }, "geometry": { "type": "Point", "coordinates": [ 136.3293, 34.358 ] } },
{ "type": "Feature", "properties": { "観測の種類": "高感度", "name": "志摩", "観測点名ローマ字": "SHIMA", "観測点コード": "N.SMAH", "緯度（度）": 34.2544, "経度（度）": 136.8216, "高さ（ｍ）": "10", "測器の深度（ｍ）": "208", "維持管理機関名": "防災科学技術研究所", "維持管理機関名（英語）": "NIED", "観測開始年（西暦）": "2000", "同月": "3", "観測機器名または観測項目": "短周期地震計" }, "geometry": { "type": "Point", "coordinates": [ 136.8216, 34.2544 ] } },
{ "type": "Feature", "properties": { "観測の種類": "高感度", "name": "松阪", "観測点名ローマ字": "MATSUSAKA", "観測点コード": "N.MASH", "緯度（度）": 34.5424, "経度（度）": 136.5033, "高さ（ｍ）": "35", "測器の深度（ｍ）": "151", "維持管理機関名": "防災科学技術研究所", "維持管理機関名（英語）": "NIED", "観測開始年（西暦）": "2000", "同月": "3", "観測機器名または観測項目": "短周期地震計" }, "geometry": { "type": "Point", "coordinates": [ 136.5033, 34.5424 ] } },
{ "type": "Feature", "properties": { "観測の種類": "高感度", "name": "紀宝", "観測点名ローマ字": "KIHO", "観測点コード": "N.KHOH", "緯度（度）": 33.7644, "経度（度）": 135.9969, "高さ（ｍ）": "90", "測器の深度（ｍ）": "101", "維持管理機関名": "防災科学技術研究所", "維持管理機関名（英語）": "NIED", "観測開始年（西暦）": "2000", "同月": "3", "観測機器名または観測項目": "短周期地震計" }, "geometry": { "type": "Point", "coordinates": [ 135.9969, 33.7644 ] } },
{ "type": "Feature", "properties": { "観測の種類": "高感度", "name": "芸濃", "観測点名ローマ字": "GEINO", "観測点コード": "N.GNOH", "緯度（度）": 34.8224, "経度（度）": 136.4245, "高さ（ｍ）": "75", "測器の深度（ｍ）": "198", "維持管理機関名": "防災科学技術研究所", "維持管理機関名（英語）": "NIED", "観測開始年（西暦）": "2000", "同月": "3", "観測機器名または観測項目": "短周期地震計" }, "geometry": { "type": "Point", "coordinates": [ 136.4245, 34.8224 ] } },
{ "type": "Feature", "properties": { "観測の種類": "高感度", "name": "多賀", "観測点名ローマ字": "TAGA", "観測点コード": "N.TAGH", "緯度（度）": 35.2383, "経度（度）": 136.3599, "高さ（ｍ）": "610", "測器の深度（ｍ）": "100", "維持管理機関名": "防災科学技術研究所", "維持管理機関名（英語）": "NIED", "観測開始年（西暦）": "1998", "同月": "3", "観測機器名または観測項目": "短周期地震計" }, "geometry": { "type": "Point", "coordinates": [ 136.3599, 35.2383 ] } },
{ "type": "Feature", "properties": { "観測の種類": "高感度", "name": "大津", "観測点名ローマ字": "OTSU", "観測点コード": "N.OTUH", "緯度（度）": 35.2482, "経度（度）": 135.8671, "高さ（ｍ）": "305", "測器の深度（ｍ）": "100", "維持管理機関名": "防災科学技術研究所", "維持管理機関名（英語）": "NIED", "観測開始年（西暦）": "1998", "同月": "3", "観測機器名または観測項目": "短周期地震計" }, "geometry": { "type": "Point", "coordinates": [ 135.8671, 35.2482 ] } },
{ "type": "Feature", "properties": { "観測の種類": "高感度", "name": "信楽", "観測点名ローマ字": "SHIGARAKI", "観測点コード": "N.SGRH", "緯度（度）": 34.853, "経度（度）": 136.0316, "高さ（ｍ）": "360", "測器の深度（ｍ）": "200", "維持管理機関名": "防災科学技術研究所", "維持管理機関名（英語）": "NIED", "観測開始年（西暦）": "1998", "同月": "3", "観測機器名または観測項目": "短周期地震計" }, "geometry": { "type": "Point", "coordinates": [ 136.0316, 34.853 ] } },
{ "type": "Feature", "properties": { "観測の種類": "高感度", "name": "日野", "観測点名ローマ字": "HINO", "観測点コード": "N.HNOH", "緯度（度）": 34.9638, "経度（度）": 136.261, "高さ（ｍ）": "320", "測器の深度（ｍ）": "200", "維持管理機関名": "防災科学技術研究所", "維持管理機関名（英語）": "NIED", "観測開始年（西暦）": "1999", "同月": "3", "観測機器名または観測項目": "短周期地震計" }, "geometry": { "type": "Point", "coordinates": [ 136.261, 34.9638 ] } },
{ "type": "Feature", "properties": { "観測の種類": "高感度", "name": "野田川", "観測点名ローマ字": "NODAGAWA", "観測点コード": "N.NDGH", "緯度（度）": 35.5243, "経度（度）": 135.1243, "高さ（ｍ）": "15", "測器の深度（ｍ）": "156", "維持管理機関名": "防災科学技術研究所", "維持管理機関名（英語）": "NIED", "観測開始年（西暦）": "2000", "同月": "3", "観測機器名または観測項目": "短周期地震計" }, "geometry": { "type": "Point", "coordinates": [ 135.1243, 35.5243 ] } },
{ "type": "Feature", "properties": { "観測の種類": "高感度", "name": "伊根", "観測点名ローマ字": "INE", "観測点コード": "N.INEH", "緯度（度）": 35.7101, "経度（度）": 135.2496, "高さ（ｍ）": "28", "測器の深度（ｍ）": "201", "維持管理機関名": "防災科学技術研究所", "維持管理機関名（英語）": "NIED", "観測開始年（西暦）": "2000", "同月": "3", "観測機器名または観測項目": "短周期地震計" }, "geometry": { "type": "Point", "coordinates": [ 135.2496, 35.7101 ] } },
{ "type": "Feature", "properties": { "観測の種類": "高感度", "name": "福知山", "観測点名ローマ字": "FUKUCHIYAMA", "観測点コード": "N.FKCH", "緯度（度）": 35.313, "経度（度）": 135.1334, "高さ（ｍ）": "40", "測器の深度（ｍ）": "301", "維持管理機関名": "防災科学技術研究所", "維持管理機関名（英語）": "NIED", "観測開始年（西暦）": "2000", "同月": "3", "観測機器名または観測項目": "短周期地震計" }, "geometry": { "type": "Point", "coordinates": [ 135.1334, 35.313 ] } },
{ "type": "Feature", "properties": { "観測の種類": "高感度", "name": "美山", "観測点名ローマ字": "MIYAMA", "観測点コード": "N.MYMH", "緯度（度）": 35.2685, "経度（度）": 135.5508, "高さ（ｍ）": "190", "測器の深度（ｍ）": "101", "維持管理機関名": "防災科学技術研究所", "維持管理機関名（英語）": "NIED", "観測開始年（西暦）": "2000", "同月": "3", "観測機器名または観測項目": "短周期地震計" }, "geometry": { "type": "Point", "coordinates": [ 135.5508, 35.2685 ] } },
{ "type": "Feature", "properties": { "観測の種類": "高感度", "name": "網野", "観測点名ローマ字": "AMINO", "観測点コード": "N.AMNH", "緯度（度）": 35.6814, "経度（度）": 135.0268, "高さ（ｍ）": "5", "測器の深度（ｍ）": "152", "維持管理機関名": "防災科学技術研究所", "維持管理機関名（英語）": "NIED", "観測開始年（西暦）": "2002", "同月": "3", "観測機器名または観測項目": "短周期地震計" }, "geometry": { "type": "Point", "coordinates": [ 135.0268, 35.6814 ] } },
{ "type": "Feature", "properties": { "観測の種類": "高感度", "name": "亀岡", "観測点名ローマ字": "KAMEOKA", "観測点コード": "N.KMEH", "緯度（度）": 35.0469, "経度（度）": 135.4846, "高さ（ｍ）": "175", "測器の深度（ｍ）": "102", "維持管理機関名": "防災科学技術研究所", "維持管理機関名（英語）": "NIED", "観測開始年（西暦）": "2002", "同月": "3", "観測機器名または観測項目": "短周期地震計" }, "geometry": { "type": "Point", "coordinates": [ 135.4846, 35.0469 ] } },
{ "type": "Feature", "properties": { "観測の種類": "高感度", "name": "久御山", "観測点名ローマ字": "KUMIYAMA", "観測点コード": "N.KMMH", "緯度（度）": 34.8983, "経度（度）": 135.7461, "高さ（ｍ）": "11", "測器の深度（ｍ）": "802", "維持管理機関名": "防災科学技術研究所", "維持管理機関名（英語）": "NIED", "観測開始年（西暦）": "2004", "同月": "3", "観測機器名または観測項目": "短周期地震計" }, "geometry": { "type": "Point", "coordinates": [ 135.7461, 34.8983 ] } },
{ "type": "Feature", "properties": { "観測の種類": "高感度", "name": "京都", "観測点名ローマ字": "KYOTO", "観測点コード": "N.KYTH", "緯度（度）": 35.0094, "経度（度）": 135.7304, "高さ（ｍ）": "32", "測器の深度（ｍ）": "706", "維持管理機関名": "防災科学技術研究所", "維持管理機関名（英語）": "NIED", "観測開始年（西暦）": "2005", "同月": "3", "観測機器名または観測項目": "短周期地震計" }, "geometry": { "type": "Point", "coordinates": [ 135.7304, 35.0094 ] } },
{ "type": "Feature", "properties": { "観測の種類": "高感度", "name": "田尻", "観測点名ローマ字": "TAJIRI", "観測点コード": "N.TJRH", "緯度（度）": 34.3977, "経度（度）": 135.2836, "高さ（ｍ）": "5", "測器の深度（ｍ）": "1500", "維持管理機関名": "防災科学技術研究所", "維持管理機関名（英語）": "NIED", "観測開始年（西暦）": "1998", "同月": "3", "観測機器名または観測項目": "短周期地震計" }, "geometry": { "type": "Point", "coordinates": [ 135.2836, 34.3977 ] } },
{ "type": "Feature", "properties": { "観測の種類": "高感度", "name": "此花", "観測点名ローマ字": "KONOHANA", "観測点コード": "N.KNHH", "緯度（度）": 34.6628, "経度（度）": 135.3896, "高さ（ｍ）": "7", "測器の深度（ｍ）": "2000", "維持管理機関名": "防災科学技術研究所", "維持管理機関名（英語）": "NIED", "観測開始年（西暦）": "1998", "同月": "3", "観測機器名または観測項目": "短周期地震計" }, "geometry": { "type": "Point", "coordinates": [ 135.3896, 34.6628 ] } },
{ "type": "Feature", "properties": { "観測の種類": "高感度", "name": "太子", "観測点名ローマ字": "TAISHI", "観測点コード": "N.TISH", "緯度（度）": 34.5248, "経度（度）": 135.6608, "高さ（ｍ）": "129", "測器の深度（ｍ）": "100", "維持管理機関名": "防災科学技術研究所", "維持管理機関名（英語）": "NIED", "観測開始年（西暦）": "1998", "同月": "3", "観測機器名または観測項目": "短周期地震計" }, "geometry": { "type": "Point", "coordinates": [ 135.6608, 34.5248 ] } },
{ "type": "Feature", "properties": { "観測の種類": "高感度", "name": "交野", "観測点名ローマ字": "KATANO", "観測点コード": "N.KTNH", "緯度（度）": 34.763, "経度（度）": 135.7052, "高さ（ｍ）": "240", "測器の深度（ｍ）": "200", "維持管理機関名": "防災科学技術研究所", "維持管理機関名（英語）": "NIED", "観測開始年（西暦）": "1998", "同月": "3", "観測機器名または観測項目": "短周期地震計" }, "geometry": { "type": "Point", "coordinates": [ 135.7052, 34.763 ] } },
{ "type": "Feature", "properties": { "観測の種類": "高感度", "name": "大阪", "観測点名ローマ字": "OSAKA", "観測点コード": "N.OSKH", "緯度（度）": 34.7159, "経度（度）": 135.5199, "高さ（ｍ）": "1", "測器の深度（ｍ）": "1003", "維持管理機関名": "防災科学技術研究所", "維持管理機関名（英語）": "NIED", "観測開始年（西暦）": "2005", "同月": "3", "観測機器名または観測項目": "短周期地震計" }, "geometry": { "type": "Point", "coordinates": [ 135.5199, 34.7159 ] } },
{ "type": "Feature", "properties": { "観測の種類": "高感度", "name": "三原", "観測点名ローマ字": "MIHARA", "観測点コード": "N.MHRH", "緯度（度）": 34.2937, "経度（度）": 134.7941, "高さ（ｍ）": "61", "測器の深度（ｍ）": "101", "維持管理機関名": "防災科学技術研究所", "維持管理機関名（英語）": "NIED", "観測開始年（西暦）": "1998", "同月": "3", "観測機器名または観測項目": "短周期地震計" }, "geometry": { "type": "Point", "coordinates": [ 134.7941, 34.2937 ] } },
{ "type": "Feature", "properties": { "観測の種類": "高感度", "name": "南光", "観測点名ローマ字": "NANKO", "観測点コード": "N.NKOH", "緯度（度）": 35.0671, "経度（度）": 134.4234, "高さ（ｍ）": "205", "測器の深度（ｍ）": "103", "維持管理機関名": "防災科学技術研究所", "維持管理機関名（英語）": "NIED", "観測開始年（西暦）": "1998", "同月": "3", "観測機器名または観測項目": "短周期地震計" }, "geometry": { "type": "Point", "coordinates": [ 134.4234, 35.0671 ] } },
{ "type": "Feature", "properties": { "観測の種類": "高感度", "name": "波賀", "観測点名ローマ字": "HAGA", "観測点コード": "N.HAGH", "緯度（度）": 35.2193, "経度（度）": 134.5237, "高さ（ｍ）": "365", "測器の深度（ｍ）": "100", "維持管理機関名": "防災科学技術研究所", "維持管理機関名（英語）": "NIED", "観測開始年（西暦）": "1998", "同月": "3", "観測機器名または観測項目": "短周期地震計" }, "geometry": { "type": "Point", "coordinates": [ 134.5237, 35.2193 ] } },
{ "type": "Feature", "properties": { "観測の種類": "高感度", "name": "篠山", "観測点名ローマ字": "SASAYAMA", "観測点コード": "N.SSYH", "緯度（度）": 35.0708, "経度（度）": 135.2811, "高さ（ｍ）": "218", "測器の深度（ｍ）": "100", "維持管理機関名": "防災科学技術研究所", "維持管理機関名（英語）": "NIED", "観測開始年（西暦）": "1998", "同月": "3", "観測機器名または観測項目": "短周期地震計" }, "geometry": { "type": "Point", "coordinates": [ 135.2811, 35.0708 ] } },
{ "type": "Feature", "properties": { "観測の種類": "高感度", "name": "上郡", "観測点名ローマ字": "KAMIGORI", "観測点コード": "N.KMGH", "緯度（度）": 34.8995, "経度（度）": 134.3284, "高さ（ｍ）": "80", "測器の深度（ｍ）": "100", "維持管理機関名": "防災科学技術研究所", "維持管理機関名（英語）": "NIED", "観測開始年（西暦）": "1998", "同月": "3", "観測機器名または観測項目": "短周期地震計" }, "geometry": { "type": "Point", "coordinates": [ 134.3284, 34.8995 ] } },
{ "type": "Feature", "properties": { "観測の種類": "高感度", "name": "相生", "観測点名ローマ字": "AIOI", "観測点コード": "N.AIOH", "緯度（度）": 34.7934, "経度（度）": 134.4797, "高さ（ｍ）": "60", "測器の深度（ｍ）": "200", "維持管理機関名": "防災科学技術研究所", "維持管理機関名（英語）": "NIED", "観測開始年（西暦）": "1998", "同月": "3", "観測機器名または観測項目": "短周期地震計" }, "geometry": { "type": "Point", "coordinates": [ 134.4797, 34.7934 ] } },
{ "type": "Feature", "properties": { "観測の種類": "高感度", "name": "夢前", "観測点名ローマ字": "YUMESAKI", "観測点コード": "N.YMSH", "緯度（度）": 35.0322, "経度（度）": 134.6701, "高さ（ｍ）": "160", "測器の深度（ｍ）": "100", "維持管理機関名": "防災科学技術研究所", "維持管理機関名（英語）": "NIED", "観測開始年（西暦）": "1998", "同月": "3", "観測機器名または観測項目": "短周期地震計" }, "geometry": { "type": "Point", "coordinates": [ 134.6701, 35.0322 ] } },
{ "type": "Feature", "properties": { "観測の種類": "高感度", "name": "加美", "観測点名ローマ字": "KAMI", "観測点コード": "N.KAMH", "緯度（度）": 35.1006, "経度（度）": 134.9037, "高さ（ｍ）": "155", "測器の深度（ｍ）": "110", "維持管理機関名": "防災科学技術研究所", "維持管理機関名（英語）": "NIED", "観測開始年（西暦）": "1998", "同月": "3", "観測機器名または観測項目": "短周期地震計" }, "geometry": { "type": "Point", "coordinates": [ 134.9037, 35.1006 ] } },
{ "type": "Feature", "properties": { "観測の種類": "高感度", "name": "東条", "観測点名ローマ字": "TOJO", "観測点コード": "N.TJOH", "緯度（度）": 34.9082, "経度（度）": 135.0844, "高さ（ｍ）": "140", "測器の深度（ｍ）": "100", "維持管理機関名": "防災科学技術研究所", "維持管理機関名（英語）": "NIED", "観測開始年（西暦）": "1998", "同月": "3", "観測機器名または観測項目": "短周期地震計" }, "geometry": { "type": "Point", "coordinates": [ 135.0844, 34.9082 ] } },
{ "type": "Feature", "properties": { "観測の種類": "高感度", "name": "加古川", "観測点名ローマ字": "KAKOGAWA", "観測点コード": "N.KKGH", "緯度（度）": 34.8166, "経度（度）": 134.808, "高さ（ｍ）": "17", "測器の深度（ｍ）": "100", "維持管理機関名": "防災科学技術研究所", "維持管理機関名（英語）": "NIED", "観測開始年（西暦）": "1998", "同月": "3", "観測機器名または観測項目": "短周期地震計" }, "geometry": { "type": "Point", "coordinates": [ 134.808, 34.8166 ] } },
{ "type": "Feature", "properties": { "観測の種類": "高感度", "name": "山東", "観測点名ローマ字": "SANTO", "観測点コード": "N.SNTH", "緯度（度）": 35.2925, "経度（度）": 134.9071, "高さ（ｍ）": "180", "測器の深度（ｍ）": "200", "維持管理機関名": "防災科学技術研究所", "維持管理機関名（英語）": "NIED", "観測開始年（西暦）": "1999", "同月": "3", "観測機器名または観測項目": "短周期地震計" }, "geometry": { "type": "Point", "coordinates": [ 134.9071, 35.2925 ] } },
{ "type": "Feature", "properties": { "観測の種類": "高感度", "name": "新宮", "観測点名ローマ字": "SHINGU", "観測点コード": "N.SGUH", "緯度（度）": 34.9313, "経度（度）": 134.5423, "高さ（ｍ）": "70", "測器の深度（ｍ）": "100", "維持管理機関名": "防災科学技術研究所", "維持管理機関名（英語）": "NIED", "観測開始年（西暦）": "1999", "同月": "3", "観測機器名または観測項目": "短周期地震計" }, "geometry": { "type": "Point", "coordinates": [ 134.5423, 34.9313 ] } },
{ "type": "Feature", "properties": { "観測の種類": "高感度", "name": "香住", "観測点名ローマ字": "KASUMI", "観測点コード": "N.KSMH", "緯度（度）": 35.6208, "経度（度）": 134.6566, "高さ（ｍ）": "230", "測器の深度（ｍ）": "101", "維持管理機関名": "防災科学技術研究所", "維持管理機関名（英語）": "NIED", "観測開始年（西暦）": "2001", "同月": "3", "観測機器名または観測項目": "短周期地震計" }, "geometry": { "type": "Point", "coordinates": [ 134.6566, 35.6208 ] } },
{ "type": "Feature", "properties": { "観測の種類": "高感度", "name": "出石", "観測点名ローマ字": "IZUSHI", "観測点コード": "N.IZSH", "緯度（度）": 35.4574, "経度（度）": 134.8621, "高さ（ｍ）": "15", "測器の深度（ｍ）": "102", "維持管理機関名": "防災科学技術研究所", "維持管理機関名（英語）": "NIED", "観測開始年（西暦）": "2001", "同月": "3", "観測機器名または観測項目": "短周期地震計" }, "geometry": { "type": "Point", "coordinates": [ 134.8621, 35.4574 ] } },
{ "type": "Feature", "properties": { "観測の種類": "高感度", "name": "村岡", "観測点名ローマ字": "MURAOKA", "観測点コード": "N.MROH", "緯度（度）": 35.4697, "経度（度）": 134.5953, "高さ（ｍ）": "225", "測器の深度（ｍ）": "102", "維持管理機関名": "防災科学技術研究所", "維持管理機関名（英語）": "NIED", "観測開始年（西暦）": "2002", "同月": "3", "観測機器名または観測項目": "短周期地震計" }, "geometry": { "type": "Point", "coordinates": [ 134.5953, 35.4697 ] } },
{ "type": "Feature", "properties": { "観測の種類": "高感度", "name": "十津川西", "観測点名ローマ字": "TOTSUKAWA-W", "観測点コード": "N.TKWH", "緯度（度）": 33.9666, "経度（度）": 135.6489, "高さ（ｍ）": "780", "測器の深度（ｍ）": "100", "維持管理機関名": "防災科学技術研究所", "維持管理機関名（英語）": "NIED", "観測開始年（西暦）": "1998", "同月": "3", "観測機器名または観測項目": "短周期地震計" }, "geometry": { "type": "Point", "coordinates": [ 135.6489, 33.9666 ] } },
{ "type": "Feature", "properties": { "観測の種類": "高感度", "name": "十津川東", "観測点名ローマ字": "TOTSUKAWA-E", "観測点コード": "N.TKEH", "緯度（度）": 33.9692, "経度（度）": 135.8574, "高さ（ｍ）": "480", "測器の深度（ｍ）": "100", "維持管理機関名": "防災科学技術研究所", "維持管理機関名（英語）": "NIED", "観測開始年（西暦）": "1998", "同月": "3", "観測機器名または観測項目": "短周期地震計" }, "geometry": { "type": "Point", "coordinates": [ 135.8574, 33.9692 ] } },
{ "type": "Feature", "properties": { "観測の種類": "高感度", "name": "川上", "観測点名ローマ字": "KAWAKAMI", "観測点コード": "N.KAWH", "緯度（度）": 34.2925, "経度（度）": 136.0022, "高さ（ｍ）": "358", "測器の深度（ｍ）": "100", "維持管理機関名": "防災科学技術研究所", "維持管理機関名（英語）": "NIED", "観測開始年（西暦）": "1998", "同月": "3", "観測機器名または観測項目": "短周期地震計" }, "geometry": { "type": "Point", "coordinates": [ 136.0022, 34.2925 ] } },
{ "type": "Feature", "properties": { "観測の種類": "高感度", "name": "黒滝", "観測点名ローマ字": "KUROTAKI", "観測点コード": "N.KRTH", "緯度（度）": 34.3061, "経度（度）": 135.8369, "高さ（ｍ）": "387", "測器の深度（ｍ）": "100", "維持管理機関名": "防災科学技術研究所", "維持管理機関名（英語）": "NIED", "観測開始年（西暦）": "1998", "同月": "3", "観測機器名または観測項目": "短周期地震計" }, "geometry": { "type": "Point", "coordinates": [ 135.8369, 34.3061 ] } },
{ "type": "Feature", "properties": { "観測の種類": "高感度", "name": "東吉野", "観測点名ローマ字": "HIGASHIYOSHINO", "観測点コード": "N.HYSH", "緯度（度）": 34.4237, "経度（度）": 136.0294, "高さ（ｍ）": "390", "測器の深度（ｍ）": "101", "維持管理機関名": "防災科学技術研究所", "維持管理機関名（英語）": "NIED", "観測開始年（西暦）": "1998", "同月": "3", "観測機器名または観測項目": "短周期地震計" }, "geometry": { "type": "Point", "coordinates": [ 136.0294, 34.4237 ] } },
{ "type": "Feature", "properties": { "観測の種類": "高感度", "name": "山添", "観測点名ローマ字": "YAMAZOE", "観測点コード": "N.YZEH", "緯度（度）": 34.6413, "経度（度）": 136.0512, "高さ（ｍ）": "277", "測器の深度（ｍ）": "101", "維持管理機関名": "防災科学技術研究所", "維持管理機関名（英語）": "NIED", "観測開始年（西暦）": "1998", "同月": "3", "観測機器名または観測項目": "短周期地震計" }, "geometry": { "type": "Point", "coordinates": [ 136.0512, 34.6413 ] } },
{ "type": "Feature", "properties": { "観測の種類": "高感度", "name": "天理", "観測点名ローマ字": "TENRI", "観測点コード": "N.TRIH", "緯度（度）": 34.5843, "経度（度）": 135.8541, "高さ（ｍ）": "130", "測器の深度（ｍ）": "102", "維持管理機関名": "防災科学技術研究所", "維持管理機関名（英語）": "NIED", "観測開始年（西暦）": "2002", "同月": "3", "観測機器名または観測項目": "短周期地震計" }, "geometry": { "type": "Point", "coordinates": [ 135.8541, 34.5843 ] } },
{ "type": "Feature", "properties": { "観測の種類": "高感度", "name": "広川", "観測点名ローマ字": "HIROGAWA", "観測点コード": "N.HRKH", "緯度（度）": 33.9804, "経度（度）": 135.2122, "高さ（ｍ）": "60", "測器の深度（ｍ）": "100", "維持管理機関名": "防災科学技術研究所", "維持管理機関名（英語）": "NIED", "観測開始年（西暦）": "1998", "同月": "3", "観測機器名または観測項目": "短周期地震計" }, "geometry": { "type": "Point", "coordinates": [ 135.2122, 33.9804 ] } },
{ "type": "Feature", "properties": { "観測の種類": "高感度", "name": "花園", "観測点名ローマ字": "HANAZONO", "観測点コード": "N.HNZH", "緯度（度）": 34.1373, "経度（度）": 135.5369, "高さ（ｍ）": "400", "測器の深度（ｍ）": "100", "維持管理機関名": "防災科学技術研究所", "維持管理機関名（英語）": "NIED", "観測開始年（西暦）": "1998", "同月": "3", "観測機器名または観測項目": "短周期地震計" }, "geometry": { "type": "Point", "coordinates": [ 135.5369, 34.1373 ] } },
{ "type": "Feature", "properties": { "観測の種類": "高感度", "name": "野上", "観測点名ローマ字": "NOKAMI", "観測点コード": "N.NKMH", "緯度（度）": 34.1314, "経度（度）": 135.3244, "高さ（ｍ）": "120", "測器の深度（ｍ）": "100", "維持管理機関名": "防災科学技術研究所", "維持管理機関名（英語）": "NIED", "観測開始年（西暦）": "1998", "同月": "3", "観測機器名または観測項目": "短周期地震計" }, "geometry": { "type": "Point", "coordinates": [ 135.3244, 34.1314 ] } },
{ "type": "Feature", "properties": { "観測の種類": "高感度", "name": "すさみ", "観測点名ローマ字": "SUSAMI", "観測点コード": "N.SSMH", "緯度（度）": 33.5559, "経度（度）": 135.5454, "高さ（ｍ）": "130", "測器の深度（ｍ）": "100", "維持管理機関名": "防災科学技術研究所", "維持管理機関名（英語）": "NIED", "観測開始年（西暦）": "1998", "同月": "3", "観測機器名または観測項目": "短周期地震計" }, "geometry": { "type": "Point", "coordinates": [ 135.5454, 33.5559 ] } },
{ "type": "Feature", "properties": { "観測の種類": "高感度", "name": "那智勝浦", "観測点名ローマ字": "NACHIKATSUURA", "観測点コード": "N.NKTH", "緯度（度）": 33.6072, "経度（度）": 135.8619, "高さ（ｍ）": "30", "測器の深度（ｍ）": "100", "維持管理機関名": "防災科学技術研究所", "維持管理機関名（英語）": "NIED", "観測開始年（西暦）": "1998", "同月": "3", "観測機器名または観測項目": "短周期地震計" }, "geometry": { "type": "Point", "coordinates": [ 135.8619, 33.6072 ] } },
{ "type": "Feature", "properties": { "観測の種類": "高感度", "name": "大塔", "観測点名ローマ字": "OTO", "観測点コード": "N.OTOH", "緯度（度）": 33.6948, "経度（度）": 135.5953, "高さ（ｍ）": "218", "測器の深度（ｍ）": "100", "維持管理機関名": "防災科学技術研究所", "維持管理機関名（英語）": "NIED", "観測開始年（西暦）": "1998", "同月": "3", "観測機器名または観測項目": "短周期地震計" }, "geometry": { "type": "Point", "coordinates": [ 135.5953, 33.6948 ] } },
{ "type": "Feature", "properties": { "観測の種類": "高感度", "name": "上富田", "観測点名ローマ字": "KAMITONDA", "観測点コード": "N.KTDH", "緯度（度）": 33.6894, "経度（度）": 135.4396, "高さ（ｍ）": "22", "測器の深度（ｍ）": "100", "維持管理機関名": "防災科学技術研究所", "維持管理機関名（英語）": "NIED", "観測開始年（西暦）": "1998", "同月": "3", "観測機器名または観測項目": "短周期地震計" }, "geometry": { "type": "Point", "coordinates": [ 135.4396, 33.6894 ] } },
{ "type": "Feature", "properties": { "観測の種類": "高感度", "name": "那賀", "観測点名ローマ字": "NAGA", "観測点コード": "N.NAGH", "緯度（度）": 34.3228, "経度（度）": 135.4483, "高さ（ｍ）": "560", "測器の深度（ｍ）": "112", "維持管理機関名": "防災科学技術研究所", "維持管理機関名（英語）": "NIED", "観測開始年（西暦）": "1998", "同月": "3", "観測機器名または観測項目": "短周期地震計" }, "geometry": { "type": "Point", "coordinates": [ 135.4483, 34.3228 ] } },
{ "type": "Feature", "properties": { "観測の種類": "高感度", "name": "和歌山", "観測点名ローマ字": "WAKAYAMA", "観測点コード": "N.WKYH", "緯度（度）": 34.2868, "経度（度）": 135.0714, "高さ（ｍ）": "5", "測器の深度（ｍ）": "200", "維持管理機関名": "防災科学技術研究所", "維持管理機関名（英語）": "NIED", "観測開始年（西暦）": "1998", "同月": "3", "観測機器名または観測項目": "短周期地震計" }, "geometry": { "type": "Point", "coordinates": [ 135.0714, 34.2868 ] } },
{ "type": "Feature", "properties": { "観測の種類": "高感度", "name": "印南", "観測点名ローマ字": "INAMI", "観測点コード": "N.INMH", "緯度（度）": 33.8252, "経度（度）": 135.2176, "高さ（ｍ）": "40", "測器の深度（ｍ）": "100", "維持管理機関名": "防災科学技術研究所", "維持管理機関名（英語）": "NIED", "観測開始年（西暦）": "1999", "同月": "3", "観測機器名または観測項目": "短周期地震計" }, "geometry": { "type": "Point", "coordinates": [ 135.2176, 33.8252 ] } },
{ "type": "Feature", "properties": { "観測の種類": "高感度", "name": "智頭", "観測点名ローマ字": "CHIZU", "観測点コード": "N.CHZH", "緯度（度）": 35.2604, "経度（度）": 134.2173, "高さ（ｍ）": "230", "測器の深度（ｍ）": "200", "維持管理機関名": "防災科学技術研究所", "維持管理機関名（英語）": "NIED", "観測開始年（西暦）": "1999", "同月": "3", "観測機器名または観測項目": "短周期地震計" }, "geometry": { "type": "Point", "coordinates": [ 134.2173, 35.2604 ] } },
{ "type": "Feature", "properties": { "観測の種類": "高感度", "name": "日野", "観測点名ローマ字": "HINO", "観測点コード": "N.HINH", "緯度（度）": 35.2313, "経度（度）": 133.3909, "高さ（ｍ）": "410", "測器の深度（ｍ）": "100", "維持管理機関名": "防災科学技術研究所", "維持管理機関名（英語）": "NIED", "観測開始年（西暦）": "1999", "同月": "3", "観測機器名または観測項目": "短周期地震計" }, "geometry": { "type": "Point", "coordinates": [ 133.3909, 35.2313 ] } },
{ "type": "Feature", "properties": { "観測の種類": "高感度", "name": "溝口", "観測点名ローマ字": "MIZOKUCHI", "観測点コード": "N.MZKH", "緯度（度）": 35.3553, "経度（度）": 133.4918, "高さ（ｍ）": "420", "測器の深度（ｍ）": "200", "維持管理機関名": "防災科学技術研究所", "維持管理機関名（英語）": "NIED", "観測開始年（西暦）": "1999", "同月": "3", "観測機器名または観測項目": "短周期地震計" }, "geometry": { "type": "Point", "coordinates": [ 133.4918, 35.3553 ] } },
{ "type": "Feature", "properties": { "観測の種類": "高感度", "name": "赤碕", "観測点名ローマ字": "AKASAKI", "観測点コード": "N.AKSH", "緯度（度）": 35.4668, "経度（度）": 133.6307, "高さ（ｍ）": "114", "測器の深度（ｍ）": "208", "維持管理機関名": "防災科学技術研究所", "維持管理機関名（英語）": "NIED", "観測開始年（西暦）": "1999", "同月": "3", "観測機器名または観測項目": "短周期地震計" }, "geometry": { "type": "Point", "coordinates": [ 133.6307, 35.4668 ] } },
{ "type": "Feature", "properties": { "観測の種類": "高感度", "name": "岩美", "観測点名ローマ字": "IWAMI", "観測点コード": "N.IAMH", "緯度（度）": 35.5729, "経度（度）": 134.3426, "高さ（ｍ）": "15", "測器の深度（ｍ）": "153", "維持管理機関名": "防災科学技術研究所", "維持管理機関名（英語）": "NIED", "観測開始年（西暦）": "2001", "同月": "3", "観測機器名または観測項目": "短周期地震計" }, "geometry": { "type": "Point", "coordinates": [ 134.3426, 35.5729 ] } },
{ "type": "Feature", "properties": { "観測の種類": "高感度", "name": "河原", "観測点名ローマ字": "KAWAHARA", "観測点コード": "N.KWHH", "緯度（度）": 35.3946, "経度（度）": 134.1988, "高さ（ｍ）": "30", "測器の深度（ｍ）": "102", "維持管理機関名": "防災科学技術研究所", "維持管理機関名（英語）": "NIED", "観測開始年（西暦）": "2002", "同月": "3", "観測機器名または観測項目": "短周期地震計" }, "geometry": { "type": "Point", "coordinates": [ 134.1988, 35.3946 ] } },
{ "type": "Feature", "properties": { "観測の種類": "高感度", "name": "関金", "観測点名ローマ字": "SEKIGANE", "観測点コード": "N.SKGH", "緯度（度）": 35.3649, "経度（度）": 133.7486, "高さ（ｍ）": "135", "測器の深度（ｍ）": "102", "維持管理機関名": "防災科学技術研究所", "維持管理機関名（英語）": "NIED", "観測開始年（西暦）": "2002", "同月": "3", "観測機器名または観測項目": "短周期地震計" }, "geometry": { "type": "Point", "coordinates": [ 133.7486, 35.3649 ] } },
{ "type": "Feature", "properties": { "観測の種類": "高感度", "name": "伯太", "観測点名ローマ字": "HAKUTA", "観測点コード": "N.HKTH", "緯度（度）": 35.2963, "経度（度）": 133.2604, "高さ（ｍ）": "170", "測器の深度（ｍ）": "101", "維持管理機関名": "防災科学技術研究所", "維持管理機関名（英語）": "NIED", "観測開始年（西暦）": "1999", "同月": "3", "観測機器名または観測項目": "短周期地震計" }, "geometry": { "type": "Point", "coordinates": [ 133.2604, 35.2963 ] } },
{ "type": "Feature", "properties": { "観測の種類": "高感度", "name": "仁多", "観測点名ローマ字": "NITA", "観測点コード": "N.NITH", "緯度（度）": 35.2235, "経度（度）": 133.0856, "高さ（ｍ）": "340", "測器の深度（ｍ）": "101", "維持管理機関名": "防災科学技術研究所", "維持管理機関名（英語）": "NIED", "観測開始年（西暦）": "1999", "同月": "3", "観測機器名または観測項目": "短周期地震計" }, "geometry": { "type": "Point", "coordinates": [ 133.0856, 35.2235 ] } },
{ "type": "Feature", "properties": { "観測の種類": "高感度", "name": "佐田", "観測点名ローマ字": "SADA", "観測点コード": "N.SDAH", "緯度（度）": 35.2243, "経度（度）": 132.7223, "高さ（ｍ）": "110", "測器の深度（ｍ）": "101", "維持管理機関名": "防災科学技術研究所", "維持管理機関名（英語）": "NIED", "観測開始年（西暦）": "1999", "同月": "3", "観測機器名または観測項目": "短周期地震計" }, "geometry": { "type": "Point", "coordinates": [ 132.7223, 35.2243 ] } },
{ "type": "Feature", "properties": { "観測の種類": "高感度", "name": "邑智", "観測点名ローマ字": "OHCHI", "観測点コード": "N.OOCH", "緯度（度）": 35.0918, "経度（度）": 132.5308, "高さ（ｍ）": "240", "測器の深度（ｍ）": "100", "維持管理機関名": "防災科学技術研究所", "維持管理機関名（英語）": "NIED", "観測開始年（西暦）": "1999", "同月": "3", "観測機器名または観測項目": "短周期地震計" }, "geometry": { "type": "Point", "coordinates": [ 132.5308, 35.0918 ] } },
{ "type": "Feature", "properties": { "観測の種類": "高感度", "name": "羽須美", "観測点名ローマ字": "HASUMI", "観測点コード": "N.HSMH", "緯度（度）": 34.8697, "経度（度）": 132.6396, "高さ（ｍ）": "165", "測器の深度（ｍ）": "100", "維持管理機関名": "防災科学技術研究所", "維持管理機関名（英語）": "NIED", "観測開始年（西暦）": "1999", "同月": "3", "観測機器名または観測項目": "短周期地震計" }, "geometry": { "type": "Point", "coordinates": [ 132.6396, 34.8697 ] } },
{ "type": "Feature", "properties": { "観測の種類": "高感度", "name": "金城", "観測点名ローマ字": "KANAGI", "観測点コード": "N.KNGH", "緯度（度）": 34.8839, "経度（度）": 132.2026, "高さ（ｍ）": "260", "測器の深度（ｍ）": "200", "維持管理機関名": "防災科学技術研究所", "維持管理機関名（英語）": "NIED", "観測開始年（西暦）": "1999", "同月": "3", "観測機器名または観測項目": "短周期地震計" }, "geometry": { "type": "Point", "coordinates": [ 132.2026, 34.8839 ] } },
{ "type": "Feature", "properties": { "観測の種類": "高感度", "name": "美都", "観測点名ローマ字": "MITO", "観測点コード": "N.MITH", "緯度（度）": 34.694, "経度（度）": 132.0402, "高さ（ｍ）": "290", "測器の深度（ｍ）": "208", "維持管理機関名": "防災科学技術研究所", "維持管理機関名（英語）": "NIED", "観測開始年（西暦）": "1999", "同月": "3", "観測機器名または観測項目": "短周期地震計" }, "geometry": { "type": "Point", "coordinates": [ 132.0402, 34.694 ] } },
{ "type": "Feature", "properties": { "観測の種類": "高感度", "name": "石見", "観測点名ローマ字": "IWAMI", "観測点コード": "N.IWAH", "緯度（度）": 34.8801, "経度（度）": 132.4208, "高さ（ｍ）": "300", "測器の深度（ｍ）": "100", "維持管理機関名": "防災科学技術研究所", "維持管理機関名（英語）": "NIED", "観測開始年（西暦）": "1999", "同月": "3", "観測機器名または観測項目": "短周期地震計" }, "geometry": { "type": "Point", "coordinates": [ 132.4208, 34.8801 ] } },
{ "type": "Feature", "properties": { "観測の種類": "高感度", "name": "匹見", "観測点名ローマ字": "HIKIMI", "観測点コード": "N.HIKH", "緯度（度）": 34.5725, "経度（度）": 132.0122, "高さ（ｍ）": "260", "測器の深度（ｍ）": "200", "維持管理機関名": "防災科学技術研究所", "維持管理機関名（英語）": "NIED", "観測開始年（西暦）": "1999", "同月": "3", "観測機器名または観測項目": "短周期地震計" }, "geometry": { "type": "Point", "coordinates": [ 132.0122, 34.5725 ] } },
{ "type": "Feature", "properties": { "観測の種類": "高感度", "name": "美保関", "観測点名ローマ字": "MIHONOSEKI", "観測点コード": "N.MHSH", "緯度（度）": 35.5579, "経度（度）": 133.3004, "高さ（ｍ）": "9", "測器の深度（ｍ）": "201", "維持管理機関名": "防災科学技術研究所", "維持管理機関名（英語）": "NIED", "観測開始年（西暦）": "1999", "同月": "3", "観測機器名または観測項目": "短周期地震計" }, "geometry": { "type": "Point", "coordinates": [ 133.3004, 35.5579 ] } },
{ "type": "Feature", "properties": { "観測の種類": "高感度", "name": "平田", "観測点名ローマ字": "HIRATA", "観測点コード": "N.HIRH", "緯度（度）": 35.4259, "経度（度）": 132.8008, "高さ（ｍ）": "30", "測器の深度（ｍ）": "201", "維持管理機関名": "防災科学技術研究所", "維持管理機関名（英語）": "NIED", "観測開始年（西暦）": "1999", "同月": "3", "観測機器名または観測項目": "短周期地震計" }, "geometry": { "type": "Point", "coordinates": [ 132.8008, 35.4259 ] } },
{ "type": "Feature", "properties": { "観測の種類": "高感度", "name": "吉田", "観測点名ローマ字": "YOSHIDA", "観測点コード": "N.YSDH", "緯度（度）": 35.1634, "経度（度）": 132.8558, "高さ（ｍ）": "380", "測器の深度（ｍ）": "101", "維持管理機関名": "防災科学技術研究所", "維持管理機関名（英語）": "NIED", "観測開始年（西暦）": "1999", "同月": "3", "観測機器名または観測項目": "短周期地震計" }, "geometry": { "type": "Point", "coordinates": [ 132.8558, 35.1634 ] } },
{ "type": "Feature", "properties": { "観測の種類": "高感度", "name": "江津", "観測点名ローマ字": "GOTSU", "観測点コード": "N.GOTH", "緯度（度）": 35.0087, "経度（度）": 132.3069, "高さ（ｍ）": "100", "測器の深度（ｍ）": "101", "維持管理機関名": "防災科学技術研究所", "維持管理機関名（英語）": "NIED", "観測開始年（西暦）": "1999", "同月": "3", "観測機器名または観測項目": "短周期地震計" }, "geometry": { "type": "Point", "coordinates": [ 132.3069, 35.0087 ] } },
{ "type": "Feature", "properties": { "観測の種類": "高感度", "name": "六日市", "観測点名ローマ字": "MUIKAICHI", "観測点コード": "N.MICH", "緯度（度）": 34.3904, "経度（度）": 131.8925, "高さ（ｍ）": "249", "測器の深度（ｍ）": "101", "維持管理機関名": "防災科学技術研究所", "維持管理機関名（英語）": "NIED", "観測開始年（西暦）": "1999", "同月": "3", "観測機器名または観測項目": "短周期地震計" }, "geometry": { "type": "Point", "coordinates": [ 131.8925, 34.3904 ] } },
{ "type": "Feature", "properties": { "観測の種類": "高感度", "name": "鹿島", "観測点名ローマ字": "KASHIMA", "観測点コード": "N.KSIH", "緯度（度）": 35.5232, "経度（度）": 133.0226, "高さ（ｍ）": "20", "測器の深度（ｍ）": "104", "維持管理機関名": "防災科学技術研究所", "維持管理機関名（英語）": "NIED", "観測開始年（西暦）": "2002", "同月": "3", "観測機器名または観測項目": "短周期地震計" }, "geometry": { "type": "Point", "coordinates": [ 133.0226, 35.5232 ] } },
{ "type": "Feature", "properties": { "観測の種類": "高感度", "name": "加茂", "観測点名ローマ字": "KAMO", "観測点コード": "N.KACH", "緯度（度）": 35.3422, "経度（度）": 132.8989, "高さ（ｍ）": "47", "測器の深度（ｍ）": "102", "維持管理機関名": "防災科学技術研究所", "維持管理機関名（英語）": "NIED", "観測開始年（西暦）": "2002", "同月": "3", "観測機器名または観測項目": "短周期地震計" }, "geometry": { "type": "Point", "coordinates": [ 132.8989, 35.3422 ] } },
{ "type": "Feature", "properties": { "観測の種類": "高感度", "name": "玉野", "観測点名ローマ字": "TAMANO", "観測点コード": "N.TAMH", "緯度（度）": 34.507, "経度（度）": 133.8905, "高さ（ｍ）": "10", "測器の深度（ｍ）": "200", "維持管理機関名": "防災科学技術研究所", "維持管理機関名（英語）": "NIED", "観測開始年（西暦）": "1998", "同月": "3", "観測機器名または観測項目": "短周期地震計" }, "geometry": { "type": "Point", "coordinates": [ 133.8905, 34.507 ] } },
{ "type": "Feature", "properties": { "観測の種類": "高感度", "name": "瀬戸", "観測点名ローマ字": "SETO", "観測点コード": "N.SETH", "緯度（度）": 34.7501, "経度（度）": 134.0702, "高さ（ｍ）": "30", "測器の深度（ｍ）": "201", "維持管理機関名": "防災科学技術研究所", "維持管理機関名（英語）": "NIED", "観測開始年（西暦）": "1998", "同月": "3", "観測機器名または観測項目": "短周期地震計" }, "geometry": { "type": "Point", "coordinates": [ 134.0702, 34.7501 ] } },
{ "type": "Feature", "properties": { "観測の種類": "高感度", "name": "岡山", "観測点名ローマ字": "OKAYAMA", "観測点コード": "N.OKYH", "緯度（度）": 34.7783, "経度（度）": 133.789, "高さ（ｍ）": "100", "測器の深度（ｍ）": "200", "維持管理機関名": "防災科学技術研究所", "維持管理機関名（英語）": "NIED", "観測開始年（西暦）": "1998", "同月": "3", "観測機器名または観測項目": "短周期地震計" }, "geometry": { "type": "Point", "coordinates": [ 133.789, 34.7783 ] } },
{ "type": "Feature", "properties": { "観測の種類": "高感度", "name": "真備", "観測点名ローマ字": "MABI", "観測点コード": "N.MABH", "緯度（度）": 34.6429, "経度（度）": 133.6861, "高さ（ｍ）": "50", "測器の深度（ｍ）": "101", "維持管理機関名": "防災科学技術研究所", "維持管理機関名（英語）": "NIED", "観測開始年（西暦）": "1998", "同月": "3", "観測機器名または観測項目": "短周期地震計" }, "geometry": { "type": "Point", "coordinates": [ 133.6861, 34.6429 ] } },
{ "type": "Feature", "properties": { "観測の種類": "高感度", "name": "建部", "観測点名ローマ字": "TAKEBE", "観測点コード": "N.TKBH", "緯度（度）": 34.8684, "経度（度）": 133.8527, "高さ（ｍ）": "320", "測器の深度（ｍ）": "100", "維持管理機関名": "防災科学技術研究所", "維持管理機関名（英語）": "NIED", "観測開始年（西暦）": "1999", "同月": "3", "観測機器名または観測項目": "短周期地震計" }, "geometry": { "type": "Point", "coordinates": [ 133.8527, 34.8684 ] } },
{ "type": "Feature", "properties": { "観測の種類": "高感度", "name": "美星", "観測点名ローマ字": "BISEI", "観測点コード": "N.BSEH", "緯度（度）": 34.6756, "経度（度）": 133.5283, "高さ（ｍ）": "385", "測器の深度（ｍ）": "100", "維持管理機関名": "防災科学技術研究所", "維持管理機関名（英語）": "NIED", "観測開始年（西暦）": "1999", "同月": "3", "観測機器名または観測項目": "短周期地震計" }, "geometry": { "type": "Point", "coordinates": [ 133.5283, 34.6756 ] } },
{ "type": "Feature", "properties": { "観測の種類": "高感度", "name": "神郷", "観測点名ローマ字": "SHINGO", "観測点コード": "N.SGOH", "緯度（度）": 35.0493, "経度（度）": 133.3169, "高さ（ｍ）": "564", "測器の深度（ｍ）": "100", "維持管理機関名": "防災科学技術研究所", "維持管理機関名（英語）": "NIED", "観測開始年（西暦）": "1999", "同月": "3", "観測機器名または観測項目": "短周期地震計" }, "geometry": { "type": "Point", "coordinates": [ 133.3169, 35.0493 ] } },
{ "type": "Feature", "properties": { "観測の種類": "高感度", "name": "哲多", "観測点名ローマ字": "TETTA", "観測点コード": "N.TTAH", "緯度（度）": 34.9103, "経度（度）": 133.4055, "高さ（ｍ）": "430", "測器の深度（ｍ）": "100", "維持管理機関名": "防災科学技術研究所", "維持管理機関名（英語）": "NIED", "観測開始年（西暦）": "1999", "同月": "3", "観測機器名または観測項目": "短周期地震計" }, "geometry": { "type": "Point", "coordinates": [ 133.4055, 34.9103 ] } },
{ "type": "Feature", "properties": { "観測の種類": "高感度", "name": "湯原", "観測点名ローマ字": "YUBARA", "観測点コード": "N.YBRH", "緯度（度）": 35.1809, "経度（度）": 133.6765, "高さ（ｍ）": "405", "測器の深度（ｍ）": "100", "維持管理機関名": "防災科学技術研究所", "維持管理機関名（英語）": "NIED", "観測開始年（西暦）": "1999", "同月": "3", "観測機器名または観測項目": "短周期地震計" }, "geometry": { "type": "Point", "coordinates": [ 133.6765, 35.1809 ] } },
{ "type": "Feature", "properties": { "観測の種類": "高感度", "name": "上斎原", "観測点名ローマ字": "KAMISAIBARA", "観測点コード": "N.KSBH", "緯度（度）": 35.2826, "経度（度）": 133.9263, "高さ（ｍ）": "495", "測器の深度（ｍ）": "200", "維持管理機関名": "防災科学技術研究所", "維持管理機関名（英語）": "NIED", "観測開始年（西暦）": "1999", "同月": "3", "観測機器名または観測項目": "短周期地震計" }, "geometry": { "type": "Point", "coordinates": [ 133.9263, 35.2826 ] } },
{ "type": "Feature", "properties": { "観測の種類": "高感度", "name": "勝央", "観測点名ローマ字": "SHOO", "観測点コード": "N.SYOH", "緯度（度）": 35.0732, "経度（度）": 134.1162, "高さ（ｍ）": "129", "測器の深度（ｍ）": "200", "維持管理機関名": "防災科学技術研究所", "維持管理機関名（英語）": "NIED", "観測開始年（西暦）": "1999", "同月": "3", "観測機器名または観測項目": "短周期地震計" }, "geometry": { "type": "Point", "coordinates": [ 134.1162, 35.0732 ] } },
{ "type": "Feature", "properties": { "観測の種類": "高感度", "name": "大原", "観測点名ローマ字": "OHARA", "観測点コード": "N.OHAH", "緯度（度）": 35.0999, "経度（度）": 134.319, "高さ（ｍ）": "280", "測器の深度（ｍ）": "200", "維持管理機関名": "防災科学技術研究所", "維持管理機関名（英語）": "NIED", "観測開始年（西暦）": "1999", "同月": "3", "観測機器名または観測項目": "短周期地震計" }, "geometry": { "type": "Point", "coordinates": [ 134.319, 35.0999 ] } },
{ "type": "Feature", "properties": { "観測の種類": "高感度", "name": "日生", "観測点名ローマ字": "HINASE", "観測点コード": "N.HNSH", "緯度（度）": 34.7283, "経度（度）": 134.2744, "高さ（ｍ）": "3", "測器の深度（ｍ）": "104", "維持管理機関名": "防災科学技術研究所", "維持管理機関名（英語）": "NIED", "観測開始年（西暦）": "1999", "同月": "3", "観測機器名または観測項目": "短周期地震計" }, "geometry": { "type": "Point", "coordinates": [ 134.2744, 34.7283 ] } },
{ "type": "Feature", "properties": { "観測の種類": "高感度", "name": "北房", "観測点名ローマ字": "HOKUBO", "観測点コード": "N.HKBH", "緯度（度）": 34.9363, "経度（度）": 133.6205, "高さ（ｍ）": "218", "測器の深度（ｍ）": "101", "維持管理機関名": "防災科学技術研究所", "維持管理機関名（英語）": "NIED", "観測開始年（西暦）": "1999", "同月": "3", "観測機器名または観測項目": "短周期地震計" }, "geometry": { "type": "Point", "coordinates": [ 133.6205, 34.9363 ] } },
{ "type": "Feature", "properties": { "観測の種類": "高感度", "name": "三原", "観測点名ローマ字": "MIHARA", "観測点コード": "N.MIHH", "緯度（度）": 34.3736, "経度（度）": 133.0236, "高さ（ｍ）": "35", "測器の深度（ｍ）": "206", "維持管理機関名": "防災科学技術研究所", "維持管理機関名（英語）": "NIED", "観測開始年（西暦）": "1998", "同月": "3", "観測機器名または観測項目": "短周期地震計" }, "geometry": { "type": "Point", "coordinates": [ 133.0236, 34.3736 ] } },
{ "type": "Feature", "properties": { "観測の種類": "高感度", "name": "大和", "観測点名ローマ字": "DAIWA", "観測点コード": "N.DWAH", "緯度（度）": 34.5482, "経度（度）": 132.948, "高さ（ｍ）": "360", "測器の深度（ｍ）": "101", "維持管理機関名": "防災科学技術研究所", "維持管理機関名（英語）": "NIED", "観測開始年（西暦）": "1998", "同月": "3", "観測機器名または観測項目": "短周期地震計" }, "geometry": { "type": "Point", "coordinates": [ 132.948, 34.5482 ] } },
{ "type": "Feature", "properties": { "観測の種類": "高感度", "name": "御調", "観測点名ローマ字": "MITSUGI", "観測点コード": "N.MIGH", "緯度（度）": 34.5183, "経度（度）": 133.1375, "高さ（ｍ）": "160", "測器の深度（ｍ）": "201", "維持管理機関名": "防災科学技術研究所", "維持管理機関名（英語）": "NIED", "観測開始年（西暦）": "1999", "同月": "3", "観測機器名または観測項目": "短周期地震計" }, "geometry": { "type": "Point", "coordinates": [ 133.1375, 34.5183 ] } },
{ "type": "Feature", "properties": { "観測の種類": "高感度", "name": "沼隈", "観測点名ローマ字": "NUMAKUMA", "観測点コード": "N.NMKH", "緯度（度）": 34.3785, "経度（度）": 133.3493, "高さ（ｍ）": "25", "測器の深度（ｍ）": "200", "維持管理機関名": "防災科学技術研究所", "維持管理機関名（英語）": "NIED", "観測開始年（西暦）": "1999", "同月": "3", "観測機器名または観測項目": "短周期地震計" }, "geometry": { "type": "Point", "coordinates": [ 133.3493, 34.3785 ] } },
{ "type": "Feature", "properties": { "観測の種類": "高感度", "name": "神辺", "観測点名ローマ字": "KANNABE", "観測点コード": "N.KNBH", "緯度（度）": 34.5566, "経度（度）": 133.4179, "高さ（ｍ）": "20", "測器の深度（ｍ）": "200", "維持管理機関名": "防災科学技術研究所", "維持管理機関名（英語）": "NIED", "観測開始年（西暦）": "1999", "同月": "3", "観測機器名または観測項目": "短周期地震計" }, "geometry": { "type": "Point", "coordinates": [ 133.4179, 34.5566 ] } },
{ "type": "Feature", "properties": { "観測の種類": "高感度", "name": "口和", "観測点名ローマ字": "KUCHIWA", "観測点コード": "N.KTWH", "緯度（度）": 34.9137, "経度（度）": 132.9123, "高さ（ｍ）": "340", "測器の深度（ｍ）": "101", "維持管理機関名": "防災科学技術研究所", "維持管理機関名（英語）": "NIED", "観測開始年（西暦）": "1999", "同月": "3", "観測機器名または観測項目": "短周期地震計" }, "geometry": { "type": "Point", "coordinates": [ 132.9123, 34.9137 ] } },
{ "type": "Feature", "properties": { "観測の種類": "高感度", "name": "呉", "観測点名ローマ字": "KURE", "観測点コード": "N.KURH", "緯度（度）": 34.2883, "経度（度）": 132.6411, "高さ（ｍ）": "230", "測器の深度（ｍ）": "102", "維持管理機関名": "防災科学技術研究所", "維持管理機関名（英語）": "NIED", "観測開始年（西暦）": "1999", "同月": "3", "観測機器名または観測項目": "短周期地震計" }, "geometry": { "type": "Point", "coordinates": [ 132.6411, 34.2883 ] } },
{ "type": "Feature", "properties": { "観測の種類": "高感度", "name": "佐伯", "観測点名ローマ字": "SAIKI", "観測点コード": "N.SKIH", "緯度（度）": 34.3935, "経度（度）": 132.1611, "高さ（ｍ）": "350", "測器の深度（ｍ）": "100", "維持管理機関名": "防災科学技術研究所", "維持管理機関名（英語）": "NIED", "観測開始年（西暦）": "1999", "同月": "3", "観測機器名または観測項目": "短周期地震計" }, "geometry": { "type": "Point", "coordinates": [ 132.1611, 34.3935 ] } },
{ "type": "Feature", "properties": { "観測の種類": "高感度", "name": "吉舎", "観測点名ローマ字": "KISA", "観測点コード": "N.KSAH", "緯度（度）": 34.7016, "経度（度）": 132.9524, "高さ（ｍ）": "350", "測器の深度（ｍ）": "116", "維持管理機関名": "防災科学技術研究所", "維持管理機関名（英語）": "NIED", "観測開始年（西暦）": "1999", "同月": "3", "観測機器名または観測項目": "短周期地震計" }, "geometry": { "type": "Point", "coordinates": [ 132.9524, 34.7016 ] } },
{ "type": "Feature", "properties": { "観測の種類": "高感度", "name": "芸北", "観測点名ローマ字": "GEIHOKU", "観測点コード": "N.GEIH", "緯度（度）": 34.7471, "経度（度）": 132.3794, "高さ（ｍ）": "712", "測器の深度（ｍ）": "100", "維持管理機関名": "防災科学技術研究所", "維持管理機関名（英語）": "NIED", "観測開始年（西暦）": "1999", "同月": "3", "観測機器名または観測項目": "短周期地震計" }, "geometry": { "type": "Point", "coordinates": [ 132.3794, 34.7471 ] } },
{ "type": "Feature", "properties": { "観測の種類": "高感度", "name": "神石", "観測点名ローマ字": "JINSEKI", "観測点コード": "N.JNSH", "緯度（度）": 34.8225, "経度（度）": 133.1674, "高さ（ｍ）": "590", "測器の深度（ｍ）": "101", "維持管理機関名": "防災科学技術研究所", "維持管理機関名（英語）": "NIED", "観測開始年（西暦）": "2001", "同月": "3", "観測機器名または観測項目": "短周期地震計" }, "geometry": { "type": "Point", "coordinates": [ 133.1674, 34.8225 ] } },
{ "type": "Feature", "properties": { "観測の種類": "高感度", "name": "広島", "観測点名ローマ字": "HIROSHIMA", "観測点コード": "N.HRSH", "緯度（度）": 34.581, "経度（度）": 132.4295, "高さ（ｍ）": "360", "測器の深度（ｍ）": "151", "維持管理機関名": "防災科学技術研究所", "維持管理機関名（英語）": "NIED", "観測開始年（西暦）": "2001", "同月": "3", "観測機器名または観測項目": "短周期地震計" }, "geometry": { "type": "Point", "coordinates": [ 132.4295, 34.581 ] } },
{ "type": "Feature", "properties": { "観測の種類": "高感度", "name": "広島南", "観測点名ローマ字": "HIROSHIMA-S", "観測点コード": "N.HISH", "緯度（度）": 34.4122, "経度（度）": 132.3907, "高さ（ｍ）": "150", "測器の深度（ｍ）": "202", "維持管理機関名": "防災科学技術研究所", "維持管理機関名（英語）": "NIED", "観測開始年（西暦）": "2002", "同月": "3", "観測機器名または観測項目": "短周期地震計" }, "geometry": { "type": "Point", "coordinates": [ 132.3907, 34.4122 ] } },
{ "type": "Feature", "properties": { "観測の種類": "高感度", "name": "沖美", "観測点名ローマ字": "OKIMI", "観測点コード": "N.OKMH", "緯度（度）": 34.209, "経度（度）": 132.4063, "高さ（ｍ）": "40", "測器の深度（ｍ）": "102", "維持管理機関名": "防災科学技術研究所", "維持管理機関名（英語）": "NIED", "観測開始年（西暦）": "2002", "同月": "3", "観測機器名または観測項目": "短周期地震計" }, "geometry": { "type": "Point", "coordinates": [ 132.4063, 34.209 ] } },
{ "type": "Feature", "properties": { "観測の種類": "高感度", "name": "倉橋", "観測点名ローマ字": "KURAHASHI", "観測点コード": "N.KRHH", "緯度（度）": 34.1161, "経度（度）": 132.5053, "高さ（ｍ）": "180", "測器の深度（ｍ）": "102", "維持管理機関名": "防災科学技術研究所", "維持管理機関名（英語）": "NIED", "観測開始年（西暦）": "2002", "同月": "3", "観測機器名または観測項目": "短周期地震計" }, "geometry": { "type": "Point", "coordinates": [ 132.5053, 34.1161 ] } },
{ "type": "Feature", "properties": { "観測の種類": "高感度", "name": "吉田", "観測点名ローマ字": "YOSHIDA", "観測点コード": "N.YSHH", "緯度（度）": 34.6629, "経度（度）": 132.6689, "高さ（ｍ）": "280", "測器の深度（ｍ）": "102", "維持管理機関名": "防災科学技術研究所", "維持管理機関名（英語）": "NIED", "観測開始年（西暦）": "2002", "同月": "3", "観測機器名または観測項目": "短周期地震計" }, "geometry": { "type": "Point", "coordinates": [ 132.6689, 34.6629 ] } },
{ "type": "Feature", "properties": { "観測の種類": "高感度", "name": "戸河内", "観測点名ローマ字": "TOGOUCHI", "観測点コード": "N.TGUH", "緯度（度）": 34.5716, "経度（度）": 132.2326, "高さ（ｍ）": "265", "測器の深度（ｍ）": "104", "維持管理機関名": "防災科学技術研究所", "維持管理機関名（英語）": "NIED", "観測開始年（西暦）": "2002", "同月": "3", "観測機器名または観測項目": "短周期地震計" }, "geometry": { "type": "Point", "coordinates": [ 132.2326, 34.5716 ] } },
{ "type": "Feature", "properties": { "観測の種類": "高感度", "name": "東広島", "観測点名ローマ字": "HIGASHIHIROSHIMA", "観測点コード": "N.HHIH", "緯度（度）": 34.4572, "経度（度）": 132.7923, "高さ（ｍ）": "235", "測器の深度（ｍ）": "102", "維持管理機関名": "防災科学技術研究所", "維持管理機関名（英語）": "NIED", "観測開始年（西暦）": "2002", "同月": "3", "観測機器名または観測項目": "短周期地震計" }, "geometry": { "type": "Point", "coordinates": [ 132.7923, 34.4572 ] } },
{ "type": "Feature", "properties": { "観測の種類": "高感度", "name": "防府", "観測点名ローマ字": "HOFU", "観測点コード": "N.HOFH", "緯度（度）": 34.0494, "経度（度）": 131.5618, "高さ（ｍ）": "35", "測器の深度（ｍ）": "200", "維持管理機関名": "防災科学技術研究所", "維持管理機関名（英語）": "NIED", "観測開始年（西暦）": "1999", "同月": "3", "観測機器名または観測項目": "短周期地震計" }, "geometry": { "type": "Point", "coordinates": [ 131.5618, 34.0494 ] } },
{ "type": "Feature", "properties": { "観測の種類": "高感度", "name": "美祢", "観測点名ローマ字": "MINE", "観測点コード": "N.MNEH", "緯度（度）": 34.1111, "経度（度）": 131.1434, "高さ（ｍ）": "70", "測器の深度（ｍ）": "200", "維持管理機関名": "防災科学技術研究所", "維持管理機関名（英語）": "NIED", "観測開始年（西暦）": "1999", "同月": "3", "観測機器名または観測項目": "短周期地震計" }, "geometry": { "type": "Point", "coordinates": [ 131.1434, 34.1111 ] } },
{ "type": "Feature", "properties": { "観測の種類": "高感度", "name": "岩国", "観測点名ローマ字": "IWAKUNI", "観測点コード": "N.IKNH", "緯度（度）": 34.1891, "経度（度）": 132.126, "高さ（ｍ）": "85", "測器の深度（ｍ）": "200", "維持管理機関名": "防災科学技術研究所", "維持管理機関名（英語）": "NIED", "観測開始年（西暦）": "1999", "同月": "3", "観測機器名または観測項目": "短周期地震計" }, "geometry": { "type": "Point", "coordinates": [ 132.126, 34.1891 ] } },
{ "type": "Feature", "properties": { "観測の種類": "高感度", "name": "周東", "観測点名ローマ字": "SHUTO", "観測点コード": "N.SYTH", "緯度（度）": 34.027, "経度（度）": 132.0626, "高さ（ｍ）": "175", "測器の深度（ｍ）": "102", "維持管理機関名": "防災科学技術研究所", "維持管理機関名（英語）": "NIED", "観測開始年（西暦）": "1999", "同月": "3", "観測機器名または観測項目": "短周期地震計" }, "geometry": { "type": "Point", "coordinates": [ 132.0626, 34.027 ] } },
{ "type": "Feature", "properties": { "観測の種類": "高感度", "name": "美川", "観測点名ローマ字": "MIKAWA", "観測点コード": "N.MKWH", "緯度（度）": 34.1974, "経度（度）": 131.9943, "高さ（ｍ）": "68", "測器の深度（ｍ）": "203", "維持管理機関名": "防災科学技術研究所", "維持管理機関名（英語）": "NIED", "観測開始年（西暦）": "1999", "同月": "3", "観測機器名または観測項目": "短周期地震計" }, "geometry": { "type": "Point", "coordinates": [ 131.9943, 34.1974 ] } },
{ "type": "Feature", "properties": { "観測の種類": "高感度", "name": "宇部", "観測点名ローマ字": "UBE", "観測点コード": "N.UBEH", "緯度（度）": 33.9893, "経度（度）": 131.3012, "高さ（ｍ）": "80", "測器の深度（ｍ）": "200", "維持管理機関名": "防災科学技術研究所", "維持管理機関名（英語）": "NIED", "観測開始年（西暦）": "1999", "同月": "3", "観測機器名または観測項目": "短周期地震計" }, "geometry": { "type": "Point", "coordinates": [ 131.3012, 33.9893 ] } },
{ "type": "Feature", "properties": { "観測の種類": "高感度", "name": "菊川", "観測点名ローマ字": "KIKUGAWA", "観測点コード": "N.KIKH", "緯度（度）": 34.1149, "経度（度）": 131.0506, "高さ（ｍ）": "30", "測器の深度（ｍ）": "200", "維持管理機関名": "防災科学技術研究所", "維持管理機関名（英語）": "NIED", "観測開始年（西暦）": "1999", "同月": "3", "観測機器名または観測項目": "短周期地震計" }, "geometry": { "type": "Point", "coordinates": [ 131.0506, 34.1149 ] } },
{ "type": "Feature", "properties": { "観測の種類": "高感度", "name": "豊浦", "観測点名ローマ字": "TOYOURA", "観測点コード": "N.TYUH", "緯度（度）": 34.1349, "経度（度）": 130.9323, "高さ（ｍ）": "45", "測器の深度（ｍ）": "201", "維持管理機関名": "防災科学技術研究所", "維持管理機関名（英語）": "NIED", "観測開始年（西暦）": "1999", "同月": "3", "観測機器名または観測項目": "短周期地震計" }, "geometry": { "type": "Point", "coordinates": [ 130.9323, 34.1349 ] } },
{ "type": "Feature", "properties": { "観測の種類": "高感度", "name": "田万川", "観測点名ローマ字": "TAMAGAWA", "観測点コード": "N.TMGH", "緯度（度）": 34.6257, "経度（度）": 131.6681, "高さ（ｍ）": "10", "測器の深度（ｍ）": "100", "維持管理機関名": "防災科学技術研究所", "維持管理機関名（英語）": "NIED", "観測開始年（西暦）": "1999", "同月": "3", "観測機器名または観測項目": "短周期地震計" }, "geometry": { "type": "Point", "coordinates": [ 131.6681, 34.6257 ] } },
{ "type": "Feature", "properties": { "観測の種類": "高感度", "name": "むつみ", "観測点名ローマ字": "MUTSUMI", "観測点コード": "N.MTMH", "緯度（度）": 34.4837, "経度（度）": 131.6329, "高さ（ｍ）": "365", "測器の深度（ｍ）": "200", "維持管理機関名": "防災科学技術研究所", "維持管理機関名（英語）": "NIED", "観測開始年（西暦）": "1999", "同月": "3", "観測機器名または観測項目": "短周期地震計" }, "geometry": { "type": "Point", "coordinates": [ 131.6329, 34.4837 ] } },
{ "type": "Feature", "properties": { "観測の種類": "高感度", "name": "徳地", "観測点名ローマ字": "TOKUJI", "観測点コード": "N.TKJH", "緯度（度）": 34.2091, "経度（度）": 131.6859, "高さ（ｍ）": "120", "測器の深度（ｍ）": "200", "維持管理機関名": "防災科学技術研究所", "維持管理機関名（英語）": "NIED", "観測開始年（西暦）": "1999", "同月": "3", "観測機器名または観測項目": "短周期地震計" }, "geometry": { "type": "Point", "coordinates": [ 131.6859, 34.2091 ] } },
{ "type": "Feature", "properties": { "観測の種類": "高感度", "name": "美東", "観測点名ローマ字": "MITOU", "観測点コード": "N.MTOH", "緯度（度）": 34.2176, "経度（度）": 131.3597, "高さ（ｍ）": "150", "測器の深度（ｍ）": "103", "維持管理機関名": "防災科学技術研究所", "維持管理機関名（英語）": "NIED", "観測開始年（西暦）": "1999", "同月": "3", "観測機器名または観測項目": "短周期地震計" }, "geometry": { "type": "Point", "coordinates": [ 131.3597, 34.2176 ] } },
{ "type": "Feature", "properties": { "観測の種類": "高感度", "name": "長門", "観測点名ローマ字": "NAGATO", "観測点コード": "N.NGTH", "緯度（度）": 34.3408, "経度（度）": 131.177, "高さ（ｍ）": "42", "測器の深度（ｍ）": "201", "維持管理機関名": "防災科学技術研究所", "維持管理機関名（英語）": "NIED", "観測開始年（西暦）": "1999", "同月": "3", "観測機器名または観測項目": "短周期地震計" }, "geometry": { "type": "Point", "coordinates": [ 131.177, 34.3408 ] } },
{ "type": "Feature", "properties": { "観測の種類": "高感度", "name": "萩", "観測点名ローマ字": "HAGI", "観測点コード": "N.HGIH", "緯度（度）": 34.3979, "経度（度）": 131.3774, "高さ（ｍ）": "5", "測器の深度（ｍ）": "102", "維持管理機関名": "防災科学技術研究所", "維持管理機関名（英語）": "NIED", "観測開始年（西暦）": "2002", "同月": "3", "観測機器名または観測項目": "短周期地震計" }, "geometry": { "type": "Point", "coordinates": [ 131.3774, 34.3979 ] } },
{ "type": "Feature", "properties": { "観測の種類": "高感度", "name": "徳山", "観測点名ローマ字": "TOKUYAMA", "観測点コード": "N.TKUH", "緯度（度）": 33.9725, "経度（度）": 131.8149, "高さ（ｍ）": "100", "測器の深度（ｍ）": "112", "維持管理機関名": "防災科学技術研究所", "維持管理機関名（英語）": "NIED", "観測開始年（西暦）": "2002", "同月": "3", "観測機器名または観測項目": "短周期地震計" }, "geometry": { "type": "Point", "coordinates": [ 131.8149, 33.9725 ] } },
{ "type": "Feature", "properties": { "観測の種類": "高感度", "name": "上関", "観測点名ローマ字": "KAMINOSEKI", "観測点コード": "N.KNSH", "緯度（度）": 33.826, "経度（度）": 132.104, "高さ（ｍ）": "65", "測器の深度（ｍ）": "108", "維持管理機関名": "防災科学技術研究所", "維持管理機関名（英語）": "NIED", "観測開始年（西暦）": "2002", "同月": "3", "観測機器名または観測項目": "短周期地震計" }, "geometry": { "type": "Point", "coordinates": [ 132.104, 33.826 ] } },
{ "type": "Feature", "properties": { "観測の種類": "高感度", "name": "東和", "観測点名ローマ字": "TOWA", "観測点コード": "N.TOHH", "緯度（度）": 33.9291, "経度（度）": 132.4046, "高さ（ｍ）": "5", "測器の深度（ｍ）": "102", "維持管理機関名": "防災科学技術研究所", "維持管理機関名（英語）": "NIED", "観測開始年（西暦）": "2002", "同月": "3", "観測機器名または観測項目": "短周期地震計" }, "geometry": { "type": "Point", "coordinates": [ 132.4046, 33.9291 ] } },
{ "type": "Feature", "properties": { "観測の種類": "高感度", "name": "日和佐", "観測点名ローマ字": "HIWASA", "観測点コード": "N.HWSH", "緯度（度）": 33.7751, "経度（度）": 134.4994, "高さ（ｍ）": "155", "測器の深度（ｍ）": "101", "維持管理機関名": "防災科学技術研究所", "維持管理機関名（英語）": "NIED", "観測開始年（西暦）": "1999", "同月": "3", "観測機器名または観測項目": "短周期地震計" }, "geometry": { "type": "Point", "coordinates": [ 134.4994, 33.7751 ] } },
{ "type": "Feature", "properties": { "観測の種類": "高感度", "name": "貞光", "観測点名ローマ字": "SADAMITSU", "観測点コード": "N.SADH", "緯度（度）": 34.0112, "経度（度）": 134.0918, "高さ（ｍ）": "190", "測器の深度（ｍ）": "101", "維持管理機関名": "防災科学技術研究所", "維持管理機関名（英語）": "NIED", "観測開始年（西暦）": "1999", "同月": "3", "観測機器名または観測項目": "短周期地震計" }, "geometry": { "type": "Point", "coordinates": [ 134.0918, 34.0112 ] } },
{ "type": "Feature", "properties": { "観測の種類": "高感度", "name": "木屋平", "観測点名ローマ字": "KOYADAIRA", "観測点コード": "N.KYDH", "緯度（度）": 33.8778, "経度（度）": 134.1295, "高さ（ｍ）": "650", "測器の深度（ｍ）": "201", "維持管理機関名": "防災科学技術研究所", "維持管理機関名（英語）": "NIED", "観測開始年（西暦）": "1999", "同月": "3", "観測機器名または観測項目": "短周期地震計" }, "geometry": { "type": "Point", "coordinates": [ 134.1295, 33.8778 ] } },
{ "type": "Feature", "properties": { "観測の種類": "高感度", "name": "徳島", "観測点名ローマ字": "TOKUSHIMA", "観測点コード": "N.TOKH", "緯度（度）": 33.9902, "経度（度）": 134.5337, "高さ（ｍ）": "10", "測器の深度（ｍ）": "101", "維持管理機関名": "防災科学技術研究所", "維持管理機関名（英語）": "NIED", "観測開始年（西暦）": "2002", "同月": "3", "観測機器名または観測項目": "短周期地震計" }, "geometry": { "type": "Point", "coordinates": [ 134.5337, 33.9902 ] } },
{ "type": "Feature", "properties": { "観測の種類": "高感度", "name": "海南", "観測点名ローマ字": "KAINAN", "観測点コード": "N.KNNH", "緯度（度）": 33.6628, "経度（度）": 134.3156, "高さ（ｍ）": "40", "測器の深度（ｍ）": "144", "維持管理機関名": "防災科学技術研究所", "維持管理機関名（英語）": "NIED", "観測開始年（西暦）": "2002", "同月": "3", "観測機器名または観測項目": "短周期地震計" }, "geometry": { "type": "Point", "coordinates": [ 134.3156, 33.6628 ] } },
{ "type": "Feature", "properties": { "観測の種類": "高感度", "name": "井川", "観測点名ローマ字": "IKAWA", "観測点コード": "N.IKWH", "緯度（度）": 33.9997, "経度（度）": 133.8933, "高さ（ｍ）": "605", "測器の深度（ｍ）": "159", "維持管理機関名": "防災科学技術研究所", "維持管理機関名（英語）": "NIED", "観測開始年（西暦）": "2004", "同月": "3", "観測機器名または観測項目": "短周期地震計" }, "geometry": { "type": "Point", "coordinates": [ 133.8933, 33.9997 ] } },
{ "type": "Feature", "properties": { "観測の種類": "高感度", "name": "綾上", "観測点名ローマ字": "AYAKAMI", "観測点コード": "N.AYKH", "緯度（度）": 34.2186, "経度（度）": 133.9493, "高さ（ｍ）": "90", "測器の深度（ｍ）": "119", "維持管理機関名": "防災科学技術研究所", "維持管理機関名（英語）": "NIED", "観測開始年（西暦）": "1999", "同月": "3", "観測機器名または観測項目": "短周期地震計" }, "geometry": { "type": "Point", "coordinates": [ 133.9493, 34.2186 ] } },
{ "type": "Feature", "properties": { "観測の種類": "高感度", "name": "三野", "観測点名ローマ字": "MINO", "観測点コード": "N.MNOH", "緯度（度）": 34.198, "経度（度）": 133.7081, "高さ（ｍ）": "5", "測器の深度（ｍ）": "201", "維持管理機関名": "防災科学技術研究所", "維持管理機関名（英語）": "NIED", "観測開始年（西暦）": "1999", "同月": "3", "観測機器名または観測項目": "短周期地震計" }, "geometry": { "type": "Point", "coordinates": [ 133.7081, 34.198 ] } },
{ "type": "Feature", "properties": { "観測の種類": "高感度", "name": "三木", "観測点名ローマ字": "MIKI", "観測点コード": "N.MKIH", "緯度（度）": 34.27, "経度（度）": 134.1482, "高さ（ｍ）": "50", "測器の深度（ｍ）": "102", "維持管理機関名": "防災科学技術研究所", "維持管理機関名（英語）": "NIED", "観測開始年（西暦）": "2002", "同月": "3", "観測機器名または観測項目": "短周期地震計" }, "geometry": { "type": "Point", "coordinates": [ 134.1482, 34.27 ] } },
{ "type": "Feature", "properties": { "観測の種類": "高感度", "name": "大内", "観測点名ローマ字": "OHCHI", "観測点コード": "N.OHCH", "緯度（度）": 34.2264, "経度（度）": 134.3043, "高さ（ｍ）": "35", "測器の深度（ｍ）": "106", "維持管理機関名": "防災科学技術研究所", "維持管理機関名（英語）": "NIED", "観測開始年（西暦）": "2002", "同月": "3", "観測機器名または観測項目": "短周期地震計" }, "geometry": { "type": "Point", "coordinates": [ 134.3043, 34.2264 ] } },
{ "type": "Feature", "properties": { "観測の種類": "高感度", "name": "内海", "観測点名ローマ字": "UCHINOMI", "観測点コード": "N.UUMH", "緯度（度）": 34.4572, "経度（度）": 134.3241, "高さ（ｍ）": "20", "測器の深度（ｍ）": "435", "維持管理機関名": "防災科学技術研究所", "維持管理機関名（英語）": "NIED", "観測開始年（西暦）": "2004", "同月": "3", "観測機器名または観測項目": "短周期地震計" }, "geometry": { "type": "Point", "coordinates": [ 134.3241, 34.4572 ] } },
{ "type": "Feature", "properties": { "観測の種類": "高感度", "name": "津島", "観測点名ローマ字": "TSUSHIMA", "観測点コード": "N.TSMH", "緯度（度）": 33.0556, "経度（度）": 132.5552, "高さ（ｍ）": "375", "測器の深度（ｍ）": "101", "維持管理機関名": "防災科学技術研究所", "維持管理機関名（英語）": "NIED", "観測開始年（西暦）": "1999", "同月": "3", "観測機器名または観測項目": "短周期地震計" }, "geometry": { "type": "Point", "coordinates": [ 132.5552, 33.0556 ] } },
{ "type": "Feature", "properties": { "観測の種類": "高感度", "name": "西条", "観測点名ローマ字": "SAIJO", "観測点コード": "N.SJOH", "緯度（度）": 33.865, "経度（度）": 133.184, "高さ（ｍ）": "75", "測器の深度（ｍ）": "111", "維持管理機関名": "防災科学技術研究所", "維持管理機関名（英語）": "NIED", "観測開始年（西暦）": "1999", "同月": "3", "観測機器名または観測項目": "短周期地震計" }, "geometry": { "type": "Point", "coordinates": [ 133.184, 33.865 ] } },
{ "type": "Feature", "properties": { "観測の種類": "高感度", "name": "新宮", "観測点名ローマ字": "SHINGU", "観測点コード": "N.SINH", "緯度（度）": 33.9154, "経度（度）": 133.6497, "高さ（ｍ）": "305", "測器の深度（ｍ）": "101", "維持管理機関名": "防災科学技術研究所", "維持管理機関名（英語）": "NIED", "観測開始年（西暦）": "1999", "同月": "3", "観測機器名または観測項目": "短周期地震計" }, "geometry": { "type": "Point", "coordinates": [ 133.6497, 33.9154 ] } },
{ "type": "Feature", "properties": { "観測の種類": "高感度", "name": "丹原", "観測点名ローマ字": "TANBARA", "観測点コード": "N.TBRH", "緯度（度）": 33.9023, "経度（度）": 133.0658, "高さ（ｍ）": "15", "測器の深度（ｍ）": "201", "維持管理機関名": "防災科学技術研究所", "維持管理機関名（英語）": "NIED", "観測開始年（西暦）": "1999", "同月": "3", "観測機器名または観測項目": "短周期地震計" }, "geometry": { "type": "Point", "coordinates": [ 133.0658, 33.9023 ] } },
{ "type": "Feature", "properties": { "観測の種類": "高感度", "name": "砥部", "観測点名ローマ字": "TOBE", "観測点コード": "N.TBEH", "緯度（度）": 33.7112, "経度（度）": 132.8032, "高さ（ｍ）": "140", "測器の深度（ｍ）": "135", "維持管理機関名": "防災科学技術研究所", "維持管理機関名（英語）": "NIED", "観測開始年（西暦）": "1999", "同月": "3", "観測機器名または観測項目": "短周期地震計" }, "geometry": { "type": "Point", "coordinates": [ 132.8032, 33.7112 ] } },
{ "type": "Feature", "properties": { "観測の種類": "高感度", "name": "日吉", "観測点名ローマ字": "HIYOSHI", "観測点コード": "N.HIYH", "緯度（度）": 33.3348, "経度（度）": 132.798, "高さ（ｍ）": "230", "測器の深度（ｍ）": "201", "維持管理機関名": "防災科学技術研究所", "維持管理機関名（英語）": "NIED", "観測開始年（西暦）": "1999", "同月": "3", "観測機器名または観測項目": "短周期地震計" }, "geometry": { "type": "Point", "coordinates": [ 132.798, 33.3348 ] } },
{ "type": "Feature", "properties": { "観測の種類": "高感度", "name": "河辺", "観測点名ローマ字": "KAWABE", "観測点コード": "N.KWBH", "緯度（度）": 33.5022, "経度（度）": 132.748, "高さ（ｍ）": "290", "測器の深度（ｍ）": "201", "維持管理機関名": "防災科学技術研究所", "維持管理機関名（英語）": "NIED", "観測開始年（西暦）": "1999", "同月": "3", "観測機器名または観測項目": "短周期地震計" }, "geometry": { "type": "Point", "coordinates": [ 132.748, 33.5022 ] } },
{ "type": "Feature", "properties": { "観測の種類": "高感度", "name": "柳谷", "観測点名ローマ字": "YANADANI", "観測点コード": "N.YNDH", "緯度（度）": 33.5388, "経度（度）": 133.0016, "高さ（ｍ）": "455", "測器の深度（ｍ）": "101", "維持管理機関名": "防災科学技術研究所", "維持管理機関名（英語）": "NIED", "観測開始年（西暦）": "2000", "同月": "3", "観測機器名または観測項目": "短周期地震計" }, "geometry": { "type": "Point", "coordinates": [ 133.0016, 33.5388 ] } },
{ "type": "Feature", "properties": { "観測の種類": "高感度", "name": "伊方", "観測点名ローマ字": "IKATA", "観測点コード": "N.IKTH", "緯度（度）": 33.4719, "経度（度）": 132.3072, "高さ（ｍ）": "5", "測器の深度（ｍ）": "151", "維持管理機関名": "防災科学技術研究所", "維持管理機関名（英語）": "NIED", "観測開始年（西暦）": "2001", "同月": "3", "観測機器名または観測項目": "短周期地震計" }, "geometry": { "type": "Point", "coordinates": [ 132.3072, 33.4719 ] } },
{ "type": "Feature", "properties": { "観測の種類": "高感度", "name": "宮窪", "観測点名ローマ字": "MIYAKUBO", "観測点コード": "N.MYKH", "緯度（度）": 34.1918, "経度（度）": 133.0581, "高さ（ｍ）": "5", "測器の深度（ｍ）": "102", "維持管理機関名": "防災科学技術研究所", "維持管理機関名（英語）": "NIED", "観測開始年（西暦）": "2002", "同月": "3", "観測機器名または観測項目": "短周期地震計" }, "geometry": { "type": "Point", "coordinates": [ 133.0581, 34.1918 ] } },
{ "type": "Feature", "properties": { "観測の種類": "高感度", "name": "大洲", "観測点名ローマ字": "OZU", "観測点コード": "N.OOZH", "緯度（度）": 33.5807, "経度（度）": 132.6011, "高さ（ｍ）": "210", "測器の深度（ｍ）": "102", "維持管理機関名": "防災科学技術研究所", "維持管理機関名（英語）": "NIED", "観測開始年（西暦）": "2002", "同月": "3", "観測機器名または観測項目": "短周期地震計" }, "geometry": { "type": "Point", "coordinates": [ 132.6011, 33.5807 ] } },
{ "type": "Feature", "properties": { "観測の種類": "高感度", "name": "宇和", "観測点名ローマ字": "UWA", "観測点コード": "N.UWAH", "緯度（度）": 33.427, "経度（度）": 132.5055, "高さ（ｍ）": "250", "測器の深度（ｍ）": "152", "維持管理機関名": "防災科学技術研究所", "維持管理機関名（英語）": "NIED", "観測開始年（西暦）": "2002", "同月": "3", "観測機器名または観測項目": "短周期地震計" }, "geometry": { "type": "Point", "coordinates": [ 132.5055, 33.427 ] } },
{ "type": "Feature", "properties": { "観測の種類": "高感度", "name": "三崎", "観測点名ローマ字": "MISAKI", "観測点コード": "N.MISH", "緯度（度）": 33.3719, "経度（度）": 132.1157, "高さ（ｍ）": "10", "測器の深度（ｍ）": "224", "維持管理機関名": "防災科学技術研究所", "維持管理機関名（英語）": "NIED", "観測開始年（西暦）": "2004", "同月": "3", "観測機器名または観測項目": "短周期地震計" }, "geometry": { "type": "Point", "coordinates": [ 132.1157, 33.3719 ] } },
{ "type": "Feature", "properties": { "観測の種類": "高感度", "name": "北川", "観測点名ローマ字": "KITAGAWA", "観測点コード": "N.KTGH", "緯度（度）": 33.5421, "経度（度）": 134.1197, "高さ（ｍ）": "230", "測器の深度（ｍ）": "201", "維持管理機関名": "防災科学技術研究所", "維持管理機関名（英語）": "NIED", "観測開始年（西暦）": "1999", "同月": "3", "観測機器名または観測項目": "短周期地震計" }, "geometry": { "type": "Point", "coordinates": [ 134.1197, 33.5421 ] } },
{ "type": "Feature", "properties": { "観測の種類": "高感度", "name": "吾北", "観測点名ローマ字": "GOHOKU", "観測点コード": "N.GHKH", "緯度（度）": 33.7079, "経度（度）": 133.3641, "高さ（ｍ）": "590", "測器の深度（ｍ）": "101", "維持管理機関名": "防災科学技術研究所", "維持管理機関名（英語）": "NIED", "観測開始年（西暦）": "1999", "同月": "3", "観測機器名または観測項目": "短周期地震計" }, "geometry": { "type": "Point", "coordinates": [ 133.3641, 33.7079 ] } },
{ "type": "Feature", "properties": { "観測の種類": "高感度", "name": "大正", "観測点名ローマ字": "TAISHO", "観測点コード": "N.TSYH", "緯度（度）": 33.2683, "経度（度）": 132.9891, "高さ（ｍ）": "270", "測器の深度（ｍ）": "101", "維持管理機関名": "防災科学技術研究所", "維持管理機関名（英語）": "NIED", "観測開始年（西暦）": "1999", "同月": "3", "観測機器名または観測項目": "短周期地震計" }, "geometry": { "type": "Point", "coordinates": [ 132.9891, 33.2683 ] } },
{ "type": "Feature", "properties": { "観測の種類": "高感度", "name": "大月", "観測点名ローマ字": "OTSUKI", "観測点コード": "N.OOTH", "緯度（度）": 32.8414, "経度（度）": 132.7066, "高さ（ｍ）": "55", "測器の深度（ｍ）": "101", "維持管理機関名": "防災科学技術研究所", "維持管理機関名（英語）": "NIED", "観測開始年（西暦）": "1999", "同月": "3", "観測機器名または観測項目": "短周期地震計" }, "geometry": { "type": "Point", "coordinates": [ 132.7066, 32.8414 ] } },
{ "type": "Feature", "properties": { "観測の種類": "高感度", "name": "池川", "観測点名ローマ字": "IKEGAWA", "観測点コード": "N.IKKH", "緯度（度）": 33.6472, "経度（度）": 133.1444, "高さ（ｍ）": "260", "測器の深度（ｍ）": "100", "維持管理機関名": "防災科学技術研究所", "維持管理機関名（英語）": "NIED", "観測開始年（西暦）": "1999", "同月": "3", "観測機器名または観測項目": "短周期地震計" }, "geometry": { "type": "Point", "coordinates": [ 133.1444, 33.6472 ] } },
{ "type": "Feature", "properties": { "観測の種類": "高感度", "name": "中村", "観測点名ローマ字": "NAKAMURA", "観測点コード": "N.NAKH", "緯度（度）": 33.0754, "経度（度）": 132.9524, "高さ（ｍ）": "31", "測器の深度（ｍ）": "100", "維持管理機関名": "防災科学技術研究所", "維持管理機関名（英語）": "NIED", "観測開始年（西暦）": "1999", "同月": "3", "観測機器名または観測項目": "短周期地震計" }, "geometry": { "type": "Point", "coordinates": [ 132.9524, 33.0754 ] } },
{ "type": "Feature", "properties": { "観測の種類": "高感度", "name": "須崎", "観測点名ローマ字": "SUSAKI", "観測点コード": "N.SSKH", "緯度（度）": 33.392, "経度（度）": 133.2866, "高さ（ｍ）": "5", "測器の深度（ｍ）": "105", "維持管理機関名": "防災科学技術研究所", "維持管理機関名（英語）": "NIED", "観測開始年（西暦）": "2001", "同月": "3", "観測機器名または観測項目": "短周期地震計" }, "geometry": { "type": "Point", "coordinates": [ 133.2866, 33.392 ] } },
{ "type": "Feature", "properties": { "観測の種類": "高感度", "name": "土佐清水", "観測点名ローマ字": "TOSASHIMIZU", "観測点コード": "N.TSSH", "緯度（度）": 32.7797, "経度（度）": 132.9718, "高さ（ｍ）": "5", "測器の深度（ｍ）": "102", "維持管理機関名": "防災科学技術研究所", "維持管理機関名（英語）": "NIED", "観測開始年（西暦）": "2002", "同月": "3", "観測機器名または観測項目": "短周期地震計" }, "geometry": { "type": "Point", "coordinates": [ 132.9718, 32.7797 ] } },
{ "type": "Feature", "properties": { "観測の種類": "高感度", "name": "香北", "観測点名ローマ字": "KAHOKU", "観測点コード": "N.KHUH", "緯度（度）": 33.6748, "経度（度）": 133.8243, "高さ（ｍ）": "190", "測器の深度（ｍ）": "102", "維持管理機関名": "防災科学技術研究所", "維持管理機関名（英語）": "NIED", "観測開始年（西暦）": "2002", "同月": "3", "観測機器名または観測項目": "短周期地震計" }, "geometry": { "type": "Point", "coordinates": [ 133.8243, 33.6748 ] } },
{ "type": "Feature", "properties": { "観測の種類": "高感度", "name": "伊野", "観測点名ローマ字": "INO", "観測点コード": "N.INOH", "緯度（度）": 33.5313, "経度（度）": 133.4388, "高さ（ｍ）": "10", "測器の深度（ｍ）": "102", "維持管理機関名": "防災科学技術研究所", "維持管理機関名（英語）": "NIED", "観測開始年（西暦）": "2002", "同月": "3", "観測機器名または観測項目": "短周期地震計" }, "geometry": { "type": "Point", "coordinates": [ 133.4388, 33.5313 ] } },
{ "type": "Feature", "properties": { "観測の種類": "高感度", "name": "室戸", "観測点名ローマ字": "MUROTO", "観測点コード": "N.MURH", "緯度（度）": 33.2866, "経度（度）": 134.1603, "高さ（ｍ）": "90", "測器の深度（ｍ）": "302", "維持管理機関名": "防災科学技術研究所", "維持管理機関名（英語）": "NIED", "観測開始年（西暦）": "2002", "同月": "3", "観測機器名または観測項目": "短周期地震計" }, "geometry": { "type": "Point", "coordinates": [ 134.1603, 33.2866 ] } },
{ "type": "Feature", "properties": { "観測の種類": "高感度", "name": "芸西", "観測点名ローマ字": "GEISEI", "観測点コード": "N.GSIH", "緯度（度）": 33.5294, "経度（度）": 133.8192, "高さ（ｍ）": "40", "測器の深度（ｍ）": "172", "維持管理機関名": "防災科学技術研究所", "維持管理機関名（英語）": "NIED", "観測開始年（西暦）": "2004", "同月": "3", "観測機器名または観測項目": "短周期地震計" }, "geometry": { "type": "Point", "coordinates": [ 133.8192, 33.5294 ] } },
{ "type": "Feature", "properties": { "観測の種類": "高感度", "name": "本山", "観測点名ローマ字": "MOTOYAMA", "観測点コード": "N.MTYH", "緯度（度）": 33.7543, "経度（度）": 133.576, "高さ（ｍ）": "250", "測器の深度（ｍ）": "154", "維持管理機関名": "防災科学技術研究所", "維持管理機関名（英語）": "NIED", "観測開始年（西暦）": "2004", "同月": "3", "観測機器名または観測項目": "短周期地震計" }, "geometry": { "type": "Point", "coordinates": [ 133.576, 33.7543 ] } },
{ "type": "Feature", "properties": { "観測の種類": "高感度", "name": "北九州", "観測点名ローマ字": "KITAKYUSHU", "観測点コード": "N.KKYH", "緯度（度）": 33.8853, "経度（度）": 130.9795, "高さ（ｍ）": "12", "測器の深度（ｍ）": "200", "維持管理機関名": "防災科学技術研究所", "維持管理機関名（英語）": "NIED", "観測開始年（西暦）": "1999", "同月": "3", "観測機器名または観測項目": "短周期地震計" }, "geometry": { "type": "Point", "coordinates": [ 130.9795, 33.8853 ] } },
{ "type": "Feature", "properties": { "観測の種類": "高感度", "name": "若宮", "観測点名ローマ字": "WAKAMIYA", "観測点コード": "N.WKMH", "緯度（度）": 33.6963, "経度（度）": 130.5963, "高さ（ｍ）": "74", "測器の深度（ｍ）": "100", "維持管理機関名": "防災科学技術研究所", "維持管理機関名（英語）": "NIED", "観測開始年（西暦）": "1999", "同月": "3", "観測機器名または観測項目": "短周期地震計" }, "geometry": { "type": "Point", "coordinates": [ 130.5963, 33.6963 ] } },
{ "type": "Feature", "properties": { "観測の種類": "高感度", "name": "宇美", "観測点名ローマ字": "UMI", "観測点コード": "N.UMIH", "緯度（度）": 33.5608, "経度（度）": 130.5499, "高さ（ｍ）": "185", "測器の深度（ｍ）": "100", "維持管理機関名": "防災科学技術研究所", "維持管理機関名（英語）": "NIED", "観測開始年（西暦）": "1999", "同月": "3", "観測機器名または観測項目": "短周期地震計" }, "geometry": { "type": "Point", "coordinates": [ 130.5499, 33.5608 ] } },
{ "type": "Feature", "properties": { "観測の種類": "高感度", "name": "嘉穂", "観測点名ローマ字": "KAHO", "観測点コード": "N.KAHH", "緯度（度）": 33.5512, "経度（度）": 130.7451, "高さ（ｍ）": "60", "測器の深度（ｍ）": "100", "維持管理機関名": "防災科学技術研究所", "維持管理機関名（英語）": "NIED", "観測開始年（西暦）": "1999", "同月": "3", "観測機器名または観測項目": "短周期地震計" }, "geometry": { "type": "Point", "coordinates": [ 130.7451, 33.5512 ] } },
{ "type": "Feature", "properties": { "観測の種類": "高感度", "name": "犀川", "観測点名ローマ字": "SAIGAWA", "観測点コード": "N.SGWH", "緯度（度）": 33.5293, "経度（度）": 130.9503, "高さ（ｍ）": "370", "測器の深度（ｍ）": "100", "維持管理機関名": "防災科学技術研究所", "維持管理機関名（英語）": "NIED", "観測開始年（西暦）": "1999", "同月": "3", "観測機器名または観測項目": "短周期地震計" }, "geometry": { "type": "Point", "coordinates": [ 130.9503, 33.5293 ] } },
{ "type": "Feature", "properties": { "観測の種類": "高感度", "name": "豊前", "観測点名ローマ字": "BUZEN", "観測点コード": "N.BZNH", "緯度（度）": 33.5925, "経度（度）": 131.1348, "高さ（ｍ）": "35", "測器の深度（ｍ）": "304", "維持管理機関名": "防災科学技術研究所", "維持管理機関名（英語）": "NIED", "観測開始年（西暦）": "1999", "同月": "3", "観測機器名または観測項目": "短周期地震計" }, "geometry": { "type": "Point", "coordinates": [ 131.1348, 33.5925 ] } },
{ "type": "Feature", "properties": { "観測の種類": "高感度", "name": "大刀洗", "観測点名ローマ字": "TACHIARAI", "観測点コード": "N.TARH", "緯度（度）": 33.3674, "経度（度）": 130.6355, "高さ（ｍ）": "15", "測器の深度（ｍ）": "438", "維持管理機関名": "防災科学技術研究所", "維持管理機関名（英語）": "NIED", "観測開始年（西暦）": "1999", "同月": "3", "観測機器名または観測項目": "短周期地震計" }, "geometry": { "type": "Point", "coordinates": [ 130.6355, 33.3674 ] } },
{ "type": "Feature", "properties": { "観測の種類": "高感度", "name": "小石原", "観測点名ローマ字": "KOISHIWARA", "観測点コード": "N.KIWH", "緯度（度）": 33.4654, "経度（度）": 130.8285, "高さ（ｍ）": "480", "測器の深度（ｍ）": "101", "維持管理機関名": "防災科学技術研究所", "維持管理機関名（英語）": "NIED", "観測開始年（西暦）": "1999", "同月": "3", "観測機器名または観測項目": "短周期地震計" }, "geometry": { "type": "Point", "coordinates": [ 130.8285, 33.4654 ] } },
{ "type": "Feature", "properties": { "観測の種類": "高感度", "name": "玄海", "観測点名ローマ字": "GENKAI", "観測点コード": "N.GENH", "緯度（度）": 33.8501, "経度（度）": 130.5432, "高さ（ｍ）": "25", "測器の深度（ｍ）": "202", "維持管理機関名": "防災科学技術研究所", "維持管理機関名（英語）": "NIED", "観測開始年（西暦）": "2000", "同月": "3", "観測機器名または観測項目": "短周期地震計" }, "geometry": { "type": "Point", "coordinates": [ 130.5432, 33.8501 ] } },
{ "type": "Feature", "properties": { "観測の種類": "高感度", "name": "浮羽", "観測点名ローマ字": "UKIHA", "観測点コード": "N.UKHH", "緯度（度）": 33.2891, "経度（度）": 130.817, "高さ（ｍ）": "190", "測器の深度（ｍ）": "202", "維持管理機関名": "防災科学技術研究所", "維持管理機関名（英語）": "NIED", "観測開始年（西暦）": "2002", "同月": "3", "観測機器名または観測項目": "短周期地震計" }, "geometry": { "type": "Point", "coordinates": [ 130.817, 33.2891 ] } },
{ "type": "Feature", "properties": { "観測の種類": "高感度", "name": "鎮西", "観測点名ローマ字": "CHINZEI", "観測点コード": "N.CZEH", "緯度（度）": 33.508, "経度（度）": 129.8877, "高さ（ｍ）": "118", "測器の深度（ｍ）": "202", "維持管理機関名": "防災科学技術研究所", "維持管理機関名（英語）": "NIED", "観測開始年（西暦）": "1999", "同月": "3", "観測機器名または観測項目": "短周期地震計" }, "geometry": { "type": "Point", "coordinates": [ 129.8877, 33.508 ] } },
{ "type": "Feature", "properties": { "観測の種類": "高感度", "name": "伊万里", "観測点名ローマ字": "IMARI", "観測点コード": "N.IMRH", "緯度（度）": 33.2656, "経度（度）": 129.8798, "高さ（ｍ）": "31", "測器の深度（ｍ）": "104", "維持管理機関名": "防災科学技術研究所", "維持管理機関名（英語）": "NIED", "観測開始年（西暦）": "1999", "同月": "3", "観測機器名または観測項目": "短周期地震計" }, "geometry": { "type": "Point", "coordinates": [ 129.8798, 33.2656 ] } },
{ "type": "Feature", "properties": { "観測の種類": "高感度", "name": "富士", "観測点名ローマ字": "FUJI", "観測点コード": "N.FJIH", "緯度（度）": 33.4098, "経度（度）": 130.2329, "高さ（ｍ）": "375", "測器の深度（ｍ）": "104", "維持管理機関名": "防災科学技術研究所", "維持管理機関名（英語）": "NIED", "観測開始年（西暦）": "1999", "同月": "3", "観測機器名または観測項目": "短周期地震計" }, "geometry": { "type": "Point", "coordinates": [ 130.2329, 33.4098 ] } },
{ "type": "Feature", "properties": { "観測の種類": "高感度", "name": "東脊振", "観測点名ローマ字": "HIGASHISEFURI", "観測点コード": "N.HSFH", "緯度（度）": 33.3652, "経度（度）": 130.4049, "高さ（ｍ）": "55", "測器の深度（ｍ）": "201", "維持管理機関名": "防災科学技術研究所", "維持管理機関名（英語）": "NIED", "観測開始年（西暦）": "1999", "同月": "3", "観測機器名または観測項目": "短周期地震計" }, "geometry": { "type": "Point", "coordinates": [ 130.4049, 33.3652 ] } },
{ "type": "Feature", "properties": { "観測の種類": "高感度", "name": "白石", "観測点名ローマ字": "SHIROISHI", "観測点コード": "N.SRIH", "緯度（度）": 33.1805, "経度（度）": 130.1048, "高さ（ｍ）": "13", "測器の深度（ｍ）": "205", "維持管理機関名": "防災科学技術研究所", "維持管理機関名（英語）": "NIED", "観測開始年（西暦）": "1999", "同月": "3", "観測機器名または観測項目": "短周期地震計" }, "geometry": { "type": "Point", "coordinates": [ 130.1048, 33.1805 ] } },
{ "type": "Feature", "properties": { "観測の種類": "高感度", "name": "平戸", "観測点名ローマ字": "HIRADO", "観測点コード": "N.HRDH", "緯度（度）": 33.2116, "経度（度）": 129.4353, "高さ（ｍ）": "30", "測器の深度（ｍ）": "208", "維持管理機関名": "防災科学技術研究所", "維持管理機関名（英語）": "NIED", "観測開始年（西暦）": "1999", "同月": "3", "観測機器名または観測項目": "短周期地震計" }, "geometry": { "type": "Point", "coordinates": [ 129.4353, 33.2116 ] } },
{ "type": "Feature", "properties": { "観測の種類": "高感度", "name": "佐世保北", "観測点名ローマ字": "SASEBO-N", "観測点コード": "N.SBNH", "緯度（度）": 33.2122, "経度（度）": 129.7652, "高さ（ｍ）": "140", "測器の深度（ｍ）": "113", "維持管理機関名": "防災科学技術研究所", "維持管理機関名（英語）": "NIED", "観測開始年（西暦）": "1999", "同月": "3", "観測機器名または観測項目": "短周期地震計" }, "geometry": { "type": "Point", "coordinates": [ 129.7652, 33.2122 ] } },
{ "type": "Feature", "properties": { "観測の種類": "高感度", "name": "佐世保南", "観測点名ローマ字": "SASEBO-S", "観測点コード": "N.SBSH", "緯度（度）": 33.1256, "経度（度）": 129.8102, "高さ（ｍ）": "10", "測器の深度（ｍ）": "201", "維持管理機関名": "防災科学技術研究所", "維持管理機関名（英語）": "NIED", "観測開始年（西暦）": "1999", "同月": "3", "観測機器名または観測項目": "短周期地震計" }, "geometry": { "type": "Point", "coordinates": [ 129.8102, 33.1256 ] } },
{ "type": "Feature", "properties": { "観測の種類": "高感度", "name": "琴海", "観測点名ローマ字": "KINKAI", "観測点コード": "N.KKIH", "緯度（度）": 32.9553, "経度（度）": 129.8026, "高さ（ｍ）": "3", "測器の深度（ｍ）": "101", "維持管理機関名": "防災科学技術研究所", "維持管理機関名（英語）": "NIED", "観測開始年（西暦）": "1999", "同月": "3", "観測機器名または観測項目": "短周期地震計" }, "geometry": { "type": "Point", "coordinates": [ 129.8026, 32.9553 ] } },
{ "type": "Feature", "properties": { "観測の種類": "高感度", "name": "高来", "観測点名ローマ字": "TAKAKI", "観測点コード": "N.TKKH", "緯度（度）": 32.9103, "経度（度）": 130.1408, "高さ（ｍ）": "29", "測器の深度（ｍ）": "201", "維持管理機関名": "防災科学技術研究所", "維持管理機関名（英語）": "NIED", "観測開始年（西暦）": "1999", "同月": "3", "観測機器名または観測項目": "短周期地震計" }, "geometry": { "type": "Point", "coordinates": [ 130.1408, 32.9103 ] } },
{ "type": "Feature", "properties": { "観測の種類": "高感度", "name": "長崎", "観測点名ローマ字": "NAGASAKI", "観測点コード": "N.NGSH", "緯度（度）": 32.6999, "経度（度）": 129.8625, "高さ（ｍ）": "155", "測器の深度（ｍ）": "201", "維持管理機関名": "防災科学技術研究所", "維持管理機関名（英語）": "NIED", "観測開始年（西暦）": "1999", "同月": "3", "観測機器名または観測項目": "短周期地震計" }, "geometry": { "type": "Point", "coordinates": [ 129.8625, 32.6999 ] } },
{ "type": "Feature", "properties": { "観測の種類": "高感度", "name": "鹿北", "観測点名ローマ字": "KAHOKU", "観測点コード": "N.KHKH", "緯度（度）": 33.1089, "経度（度）": 130.6949, "高さ（ｍ）": "75", "測器の深度（ｍ）": "101", "維持管理機関名": "防災科学技術研究所", "維持管理機関名（英語）": "NIED", "観測開始年（西暦）": "1999", "同月": "3", "観測機器名または観測項目": "短周期地震計" }, "geometry": { "type": "Point", "coordinates": [ 130.6949, 33.1089 ] } },
{ "type": "Feature", "properties": { "観測の種類": "高感度", "name": "小国", "観測点名ローマ字": "OGUNI", "観測点コード": "N.OGNH", "緯度（度）": 33.122, "経度（度）": 131.0629, "高さ（ｍ）": "430", "測器の深度（ｍ）": "124", "維持管理機関名": "防災科学技術研究所", "維持管理機関名（英語）": "NIED", "観測開始年（西暦）": "1999", "同月": "3", "観測機器名または観測項目": "短周期地震計" }, "geometry": { "type": "Point", "coordinates": [ 131.0629, 33.122 ] } },
{ "type": "Feature", "properties": { "観測の種類": "高感度", "name": "菊池", "観測点名ローマ字": "KIKUCHI", "観測点コード": "N.KKCH", "緯度（度）": 32.9982, "経度（度）": 130.83, "高さ（ｍ）": "180", "測器の深度（ｍ）": "201", "維持管理機関名": "防災科学技術研究所", "維持管理機関名（英語）": "NIED", "観測開始年（西暦）": "1999", "同月": "3", "観測機器名または観測項目": "短周期地震計" }, "geometry": { "type": "Point", "coordinates": [ 130.83, 32.9982 ] } },
{ "type": "Feature", "properties": { "観測の種類": "高感度", "name": "波野", "観測点名ローマ字": "NAMINO", "観測点コード": "N.NMNH", "緯度（度）": 32.9553, "経度（度）": 131.2207, "高さ（ｍ）": "693", "測器の深度（ｍ）": "101", "維持管理機関名": "防災科学技術研究所", "維持管理機関名（英語）": "NIED", "観測開始年（西暦）": "1999", "同月": "3", "観測機器名または観測項目": "短周期地震計" }, "geometry": { "type": "Point", "coordinates": [ 131.2207, 32.9553 ] } },
{ "type": "Feature", "properties": { "観測の種類": "高感度", "name": "白水", "観測点名ローマ字": "HAKUSUI", "観測点コード": "N.HKSH", "緯度（度）": 32.8114, "経度（度）": 131.101, "高さ（ｍ）": "492", "測器の深度（ｍ）": "112", "維持管理機関名": "防災科学技術研究所", "維持管理機関名（英語）": "NIED", "観測開始年（西暦）": "1999", "同月": "3", "観測機器名または観測項目": "短周期地震計" }, "geometry": { "type": "Point", "coordinates": [ 131.101, 32.8114 ] } },
{ "type": "Feature", "properties": { "観測の種類": "高感度", "name": "三角", "観測点名ローマ字": "MISUMI", "観測点コード": "N.MSMH", "緯度（度）": 32.6234, "経度（度）": 130.5584, "高さ（ｍ）": "22", "測器の深度（ｍ）": "301", "維持管理機関名": "防災科学技術研究所", "維持管理機関名（英語）": "NIED", "観測開始年（西暦）": "1999", "同月": "3", "観測機器名または観測項目": "短周期地震計" }, "geometry": { "type": "Point", "coordinates": [ 130.5584, 32.6234 ] } },
{ "type": "Feature", "properties": { "観測の種類": "高感度", "name": "矢部", "観測点名ローマ字": "YABE", "観測点コード": "N.YABH", "緯度（度）": 32.6501, "経度（度）": 131.0251, "高さ（ｍ）": "450", "測器の深度（ｍ）": "104", "維持管理機関名": "防災科学技術研究所", "維持管理機関名（英語）": "NIED", "観測開始年（西暦）": "1999", "同月": "3", "観測機器名または観測項目": "短周期地震計" }, "geometry": { "type": "Point", "coordinates": [ 131.0251, 32.6501 ] } },
{ "type": "Feature", "properties": { "観測の種類": "高感度", "name": "泉", "観測点名ローマ字": "IZUMI", "観測点コード": "N.IZMH", "緯度（度）": 32.4901, "経度（度）": 130.9046, "高さ（ｍ）": "520", "測器の深度（ｍ）": "101", "維持管理機関名": "防災科学技術研究所", "維持管理機関名（英語）": "NIED", "観測開始年（西暦）": "1999", "同月": "3", "観測機器名または観測項目": "短周期地震計" }, "geometry": { "type": "Point", "coordinates": [ 130.9046, 32.4901 ] } },
{ "type": "Feature", "properties": { "観測の種類": "高感度", "name": "新和", "観測点名ローマ字": "SHINWA", "観測点コード": "N.SNWH", "緯度（度）": 32.3152, "経度（度）": 130.1811, "高さ（ｍ）": "160", "測器の深度（ｍ）": "301", "維持管理機関名": "防災科学技術研究所", "維持管理機関名（英語）": "NIED", "観測開始年（西暦）": "1999", "同月": "3", "観測機器名または観測項目": "短周期地震計" }, "geometry": { "type": "Point", "coordinates": [ 130.1811, 32.3152 ] } },
{ "type": "Feature", "properties": { "観測の種類": "高感度", "name": "芦北", "観測点名ローマ字": "ASHIKITA", "観測点コード": "N.ASKH", "緯度（度）": 32.2918, "経度（度）": 130.5777, "高さ（ｍ）": "100", "測器の深度（ｍ）": "301", "維持管理機関名": "防災科学技術研究所", "維持管理機関名（英語）": "NIED", "観測開始年（西暦）": "1999", "同月": "3", "観測機器名または観測項目": "短周期地震計" }, "geometry": { "type": "Point", "coordinates": [ 130.5777, 32.2918 ] } },
{ "type": "Feature", "properties": { "観測の種類": "高感度", "name": "人吉", "観測点名ローマ字": "HITOYOSHI", "観測点コード": "N.HYOH", "緯度（度）": 32.2052, "経度（度）": 130.737, "高さ（ｍ）": "105", "測器の深度（ｍ）": "124", "維持管理機関名": "防災科学技術研究所", "維持管理機関名（英語）": "NIED", "観測開始年（西暦）": "1999", "同月": "3", "観測機器名または観測項目": "短周期地震計" }, "geometry": { "type": "Point", "coordinates": [ 130.737, 32.2052 ] } },
{ "type": "Feature", "properties": { "観測の種類": "高感度", "name": "上", "観測点名ローマ字": "UE", "観測点コード": "N.UWEH", "緯度（度）": 32.2209, "経度（度）": 130.9096, "高さ（ｍ）": "175", "測器の深度（ｍ）": "178", "維持管理機関名": "防災科学技術研究所", "維持管理機関名（英語）": "NIED", "観測開始年（西暦）": "1999", "同月": "3", "観測機器名または観測項目": "短周期地震計" }, "geometry": { "type": "Point", "coordinates": [ 130.9096, 32.2209 ] } },
{ "type": "Feature", "properties": { "観測の種類": "高感度", "name": "豊野", "観測点名ローマ字": "TOYONO", "観測点コード": "N.TYNH", "緯度（度）": 32.6344, "経度（度）": 130.7521, "高さ（ｍ）": "70", "測器の深度（ｍ）": "111", "維持管理機関名": "防災科学技術研究所", "維持管理機関名（英語）": "NIED", "観測開始年（西暦）": "2001", "同月": "3", "観測機器名または観測項目": "短周期地震計" }, "geometry": { "type": "Point", "coordinates": [ 130.7521, 32.6344 ] } },
{ "type": "Feature", "properties": { "観測の種類": "高感度", "name": "水俣", "観測点名ローマ字": "MINAMATA", "観測点コード": "N.MMTH", "緯度（度）": 32.1704, "経度（度）": 130.3647, "高さ（ｍ）": "15", "測器の深度（ｍ）": "111", "維持管理機関名": "防災科学技術研究所", "維持管理機関名（英語）": "NIED", "観測開始年（西暦）": "2001", "同月": "3", "観測機器名または観測項目": "短周期地震計" }, "geometry": { "type": "Point", "coordinates": [ 130.3647, 32.1704 ] } },
{ "type": "Feature", "properties": { "観測の種類": "高感度", "name": "益城", "観測点名ローマ字": "MASHIKI", "観測点コード": "N.MSIH", "緯度（度）": 32.7967, "経度（度）": 130.8199, "高さ（ｍ）": "55", "測器の深度（ｍ）": "254", "維持管理機関名": "防災科学技術研究所", "維持管理機関名（英語）": "NIED", "観測開始年（西暦）": "2002", "同月": "3", "観測機器名または観測項目": "短周期地震計" }, "geometry": { "type": "Point", "coordinates": [ 130.8199, 32.7967 ] } },
{ "type": "Feature", "properties": { "観測の種類": "高感度", "name": "玉名", "観測点名ローマ字": "TAMANA", "観測点コード": "N.TMNH", "緯度（度）": 32.9873, "経度（度）": 130.5608, "高さ（ｍ）": "55", "測器の深度（ｍ）": "102", "維持管理機関名": "防災科学技術研究所", "維持管理機関名（英語）": "NIED", "観測開始年（西暦）": "2002", "同月": "3", "観測機器名または観測項目": "短周期地震計" }, "geometry": { "type": "Point", "coordinates": [ 130.5608, 32.9873 ] } },
{ "type": "Feature", "properties": { "観測の種類": "高感度", "name": "阿蘇2", "観測点名ローマ字": "ASO2", "観測点コード": "N.AS2H", "緯度（度）": 33.0031, "経度（度）": 131.0071, "高さ（ｍ）": "932", "測器の深度（ｍ）": "80", "維持管理機関名": "防災科学技術研究所", "維持管理機関名（英語）": "NIED", "観測開始年（西暦）": "2019", "同月": "3", "観測機器名または観測項目": "短周期地震計" }, "geometry": { "type": "Point", "coordinates": [ 131.0071, 33.0031 ] } },
{ "type": "Feature", "properties": { "観測の種類": "高感度", "name": "山国", "観測点名ローマ字": "YAMAKUNI", "観測点コード": "N.YGNH", "緯度（度）": 33.4122, "経度（度）": 131.0326, "高さ（ｍ）": "249", "測器の深度（ｍ）": "198", "維持管理機関名": "防災科学技術研究所", "維持管理機関名（英語）": "NIED", "観測開始年（西暦）": "1999", "同月": "3", "観測機器名または観測項目": "短周期地震計" }, "geometry": { "type": "Point", "coordinates": [ 131.0326, 33.4122 ] } },
{ "type": "Feature", "properties": { "観測の種類": "高感度", "name": "山香", "観測点名ローマ字": "YAMAGA", "観測点コード": "N.YMGH", "緯度（度）": 33.4581, "経度（度）": 131.4429, "高さ（ｍ）": "165", "測器の深度（ｍ）": "98", "維持管理機関名": "防災科学技術研究所", "維持管理機関名（英語）": "NIED", "観測開始年（西暦）": "1999", "同月": "3", "観測機器名または観測項目": "短周期地震計" }, "geometry": { "type": "Point", "coordinates": [ 131.4429, 33.4581 ] } },
{ "type": "Feature", "properties": { "観測の種類": "高感度", "name": "安岐", "観測点名ローマ字": "AKI", "観測点コード": "N.AKIH", "緯度（度）": 33.4732, "経度（度）": 131.6859, "高さ（ｍ）": "35", "測器の深度（ｍ）": "398", "維持管理機関名": "防災科学技術研究所", "維持管理機関名（英語）": "NIED", "観測開始年（西暦）": "1999", "同月": "3", "観測機器名または観測項目": "短周期地震計" }, "geometry": { "type": "Point", "coordinates": [ 131.6859, 33.4732 ] } },
{ "type": "Feature", "properties": { "観測の種類": "高感度", "name": "庄内", "観測点名ローマ字": "SHONAI", "観測点コード": "N.SNIH", "緯度（度）": 33.1306, "経度（度）": 131.3473, "高さ（ｍ）": "500", "測器の深度（ｍ）": "227", "維持管理機関名": "防災科学技術研究所", "維持管理機関名（英語）": "NIED", "観測開始年（西暦）": "1999", "同月": "3", "観測機器名または観測項目": "短周期地震計" }, "geometry": { "type": "Point", "coordinates": [ 131.3473, 33.1306 ] } },
{ "type": "Feature", "properties": { "観測の種類": "高感度", "name": "野津原", "観測点名ローマ字": "NOTSUHARU", "観測点コード": "N.NTHH", "緯度（度）": 33.1525, "経度（度）": 131.542, "高さ（ｍ）": "160", "測器の深度（ｍ）": "98", "維持管理機関名": "防災科学技術研究所", "維持管理機関名（英語）": "NIED", "観測開始年（西暦）": "1999", "同月": "3", "観測機器名または観測項目": "短周期地震計" }, "geometry": { "type": "Point", "coordinates": [ 131.542, 33.1525 ] } },
{ "type": "Feature", "properties": { "観測の種類": "高感度", "name": "竹田", "観測点名ローマ字": "TAKETA", "観測点コード": "N.TAKH", "緯度（度）": 32.9726, "経度（度）": 131.3984, "高さ（ｍ）": "260", "測器の深度（ｍ）": "101", "維持管理機関名": "防災科学技術研究所", "維持管理機関名（英語）": "NIED", "観測開始年（西暦）": "1999", "同月": "3", "観測機器名または観測項目": "短周期地震計" }, "geometry": { "type": "Point", "coordinates": [ 131.3984, 32.9726 ] } },
{ "type": "Feature", "properties": { "観測の種類": "高感度", "name": "三重", "観測点名ローマ字": "MIE", "観測点コード": "N.MIEH", "緯度（度）": 32.987, "経度（度）": 131.5881, "高さ（ｍ）": "160", "測器の深度（ｍ）": "99", "維持管理機関名": "防災科学技術研究所", "維持管理機関名（英語）": "NIED", "観測開始年（西暦）": "1999", "同月": "3", "観測機器名または観測項目": "短周期地震計" }, "geometry": { "type": "Point", "coordinates": [ 131.5881, 32.987 ] } },
{ "type": "Feature", "properties": { "観測の種類": "高感度", "name": "宇目西", "観測点名ローマ字": "UME-W", "観測点コード": "N.UMWH", "緯度（度）": 32.8392, "経度（度）": 131.5357, "高さ（ｍ）": "260", "測器の深度（ｍ）": "99", "維持管理機関名": "防災科学技術研究所", "維持管理機関名（英語）": "NIED", "観測開始年（西暦）": "1999", "同月": "3", "観測機器名または観測項目": "短周期地震計" }, "geometry": { "type": "Point", "coordinates": [ 131.5357, 32.8392 ] } },
{ "type": "Feature", "properties": { "観測の種類": "高感度", "name": "宇目東", "観測点名ローマ字": "UME-E", "観測点コード": "N.UMEH", "緯度（度）": 32.8486, "経度（度）": 131.6786, "高さ（ｍ）": "190", "測器の深度（ｍ）": "98", "維持管理機関名": "防災科学技術研究所", "維持管理機関名（英語）": "NIED", "観測開始年（西暦）": "1999", "同月": "3", "観測機器名または観測項目": "短周期地震計" }, "geometry": { "type": "Point", "coordinates": [ 131.6786, 32.8486 ] } },
{ "type": "Feature", "properties": { "観測の種類": "高感度", "name": "佐伯", "観測点名ローマ字": "SAIKI", "観測点コード": "N.SIKH", "緯度（度）": 32.9278, "経度（度）": 131.8695, "高さ（ｍ）": "80", "測器の深度（ｍ）": "98", "維持管理機関名": "防災科学技術研究所", "維持管理機関名（英語）": "NIED", "観測開始年（西暦）": "1999", "同月": "3", "観測機器名または観測項目": "短周期地震計" }, "geometry": { "type": "Point", "coordinates": [ 131.8695, 32.9278 ] } },
{ "type": "Feature", "properties": { "観測の種類": "高感度", "name": "九重", "観測点名ローマ字": "KOKONOE", "観測点コード": "N.KKEH", "緯度（度）": 33.2844, "経度（度）": 131.2118, "高さ（ｍ）": "460", "測器の深度（ｍ）": "162", "維持管理機関名": "防災科学技術研究所", "維持管理機関名（英語）": "NIED", "観測開始年（西暦）": "2002", "同月": "3", "観測機器名または観測項目": "短周期地震計" }, "geometry": { "type": "Point", "coordinates": [ 131.2118, 33.2844 ] } },
{ "type": "Feature", "properties": { "観測の種類": "高感度", "name": "五ヶ瀬", "観測点名ローマ字": "GOKASE", "観測点コード": "N.GKSH", "緯度（度）": 32.6536, "経度（度）": 131.2257, "高さ（ｍ）": "605", "測器の深度（ｍ）": "104", "維持管理機関名": "防災科学技術研究所", "維持管理機関名（英語）": "NIED", "観測開始年（西暦）": "1999", "同月": "3", "観測機器名または観測項目": "短周期地震計" }, "geometry": { "type": "Point", "coordinates": [ 131.2257, 32.6536 ] } },
{ "type": "Feature", "properties": { "観測の種類": "高感度", "name": "北川", "観測点名ローマ字": "KITAGAWA", "観測点コード": "N.KIGH", "緯度（度）": 32.6972, "経度（度）": 131.6829, "高さ（ｍ）": "20", "測器の深度（ｍ）": "212", "維持管理機関名": "防災科学技術研究所", "維持管理機関名（英語）": "NIED", "観測開始年（西暦）": "1999", "同月": "3", "観測機器名または観測項目": "短周期地震計" }, "geometry": { "type": "Point", "coordinates": [ 131.6829, 32.6972 ] } },
{ "type": "Feature", "properties": { "観測の種類": "高感度", "name": "椎葉", "観測点名ローマ字": "SHIIBA", "観測点コード": "N.SBAH", "緯度（度）": 32.4754, "経度（度）": 131.1043, "高さ（ｍ）": "519", "測器の深度（ｍ）": "202", "維持管理機関名": "防災科学技術研究所", "維持管理機関名（英語）": "NIED", "観測開始年（西暦）": "1999", "同月": "3", "観測機器名または観測項目": "短周期地震計" }, "geometry": { "type": "Point", "coordinates": [ 131.1043, 32.4754 ] } },
{ "type": "Feature", "properties": { "観測の種類": "高感度", "name": "諸塚", "観測点名ローマ字": "MOROTSUKA", "観測点コード": "N.MRTH", "緯度（度）": 32.5181, "経度（度）": 131.3349, "高さ（ｍ）": "250", "測器の深度（ｍ）": "102", "維持管理機関名": "防災科学技術研究所", "維持管理機関名（英語）": "NIED", "観測開始年（西暦）": "1999", "同月": "3", "観測機器名または観測項目": "短周期地震計" }, "geometry": { "type": "Point", "coordinates": [ 131.3349, 32.5181 ] } },
{ "type": "Feature", "properties": { "観測の種類": "高感度", "name": "南郷", "観測点名ローマ字": "NANGO", "観測点コード": "N.NANH", "緯度（度）": 32.347, "経度（度）": 131.2668, "高さ（ｍ）": "353", "測器の深度（ｍ）": "102", "維持管理機関名": "防災科学技術研究所", "維持管理機関名（英語）": "NIED", "観測開始年（西暦）": "1999", "同月": "3", "観測機器名または観測項目": "短周期地震計" }, "geometry": { "type": "Point", "coordinates": [ 131.2668, 32.347 ] } },
{ "type": "Feature", "properties": { "観測の種類": "高感度", "name": "東郷", "観測点名ローマ字": "TOGO", "観測点コード": "N.TGOH", "緯度（度）": 32.3607, "経度（度）": 131.4643, "高さ（ｍ）": "100", "測器の深度（ｍ）": "102", "維持管理機関名": "防災科学技術研究所", "維持管理機関名（英語）": "NIED", "観測開始年（西暦）": "1999", "同月": "3", "観測機器名または観測項目": "短周期地震計" }, "geometry": { "type": "Point", "coordinates": [ 131.4643, 32.3607 ] } },
{ "type": "Feature", "properties": { "観測の種類": "高感度", "name": "西米良", "観測点名ローマ字": "NISHIMERA", "観測点コード": "N.NRAH", "緯度（度）": 32.1987, "経度（度）": 131.1946, "高さ（ｍ）": "235", "測器の深度（ｍ）": "101", "維持管理機関名": "防災科学技術研究所", "維持管理機関名（英語）": "NIED", "観測開始年（西暦）": "1999", "同月": "3", "観測機器名または観測項目": "短周期地震計" }, "geometry": { "type": "Point", "coordinates": [ 131.1946, 32.1987 ] } },
{ "type": "Feature", "properties": { "観測の種類": "高感度", "name": "川南", "観測点名ローマ字": "KAWAMINAMI", "観測点コード": "N.KWMH", "緯度（度）": 32.2131, "経度（度）": 131.5307, "高さ（ｍ）": "67", "測器の深度（ｍ）": "215", "維持管理機関名": "防災科学技術研究所", "維持管理機関名（英語）": "NIED", "観測開始年（西暦）": "1999", "同月": "3", "観測機器名または観測項目": "短周期地震計" }, "geometry": { "type": "Point", "coordinates": [ 131.5307, 32.2131 ] } },
{ "type": "Feature", "properties": { "観測の種類": "高感度", "name": "須木", "観測点名ローマ字": "SUKI", "観測点コード": "N.SUKH", "緯度（度）": 32.0421, "経度（度）": 131.0618, "高さ（ｍ）": "335", "測器の深度（ｍ）": "101", "維持管理機関名": "防災科学技術研究所", "維持管理機関名（英語）": "NIED", "観測開始年（西暦）": "1999", "同月": "3", "観測機器名または観測項目": "短周期地震計" }, "geometry": { "type": "Point", "coordinates": [ 131.0618, 32.0421 ] } },
{ "type": "Feature", "properties": { "観測の種類": "高感度", "name": "国富", "観測点名ローマ字": "KUNITOMI", "観測点コード": "N.KTMH", "緯度（度）": 32.0218, "経度（度）": 131.29, "高さ（ｍ）": "80", "測器の深度（ｍ）": "101", "維持管理機関名": "防災科学技術研究所", "維持管理機関名（英語）": "NIED", "観測開始年（西暦）": "1999", "同月": "3", "観測機器名または観測項目": "短周期地震計" }, "geometry": { "type": "Point", "coordinates": [ 131.29, 32.0218 ] } },
{ "type": "Feature", "properties": { "観測の種類": "高感度", "name": "佐土原", "観測点名ローマ字": "SADOWARA", "観測点コード": "N.SDWH", "緯度（度）": 32.0208, "経度（度）": 131.47, "高さ（ｍ）": "12", "測器の深度（ｍ）": "214", "維持管理機関名": "防災科学技術研究所", "維持管理機関名（英語）": "NIED", "観測開始年（西暦）": "1999", "同月": "3", "観測機器名または観測項目": "短周期地震計" }, "geometry": { "type": "Point", "coordinates": [ 131.47, 32.0208 ] } },
{ "type": "Feature", "properties": { "観測の種類": "高感度", "name": "都城北", "観測点名ローマ字": "MIYAKONOJO-N", "観測点コード": "N.MJNH", "緯度（度）": 31.8643, "経度（度）": 130.9454, "高さ（ｍ）": "525", "測器の深度（ｍ）": "103", "維持管理機関名": "防災科学技術研究所", "維持管理機関名（英語）": "NIED", "観測開始年（西暦）": "1999", "同月": "3", "観測機器名または観測項目": "短周期地震計" }, "geometry": { "type": "Point", "coordinates": [ 130.9454, 31.8643 ] } },
{ "type": "Feature", "properties": { "観測の種類": "高感度", "name": "都城南", "観測点名ローマ字": "MIYAKONOJO-S", "観測点コード": "N.MJSH", "緯度（度）": 31.7301, "経度（度）": 131.0791, "高さ（ｍ）": "152", "測器の深度（ｍ）": "118", "維持管理機関名": "防災科学技術研究所", "維持管理機関名（英語）": "NIED", "観測開始年（西暦）": "1999", "同月": "3", "観測機器名または観測項目": "短周期地震計" }, "geometry": { "type": "Point", "coordinates": [ 131.0791, 31.7301 ] } },
{ "type": "Feature", "properties": { "観測の種類": "高感度", "name": "日南", "観測点名ローマ字": "NICHINAN", "観測点コード": "N.NCNH", "緯度（度）": 31.5649, "経度（度）": 131.351, "高さ（ｍ）": "5", "測器の深度（ｍ）": "203", "維持管理機関名": "防災科学技術研究所", "維持管理機関名（英語）": "NIED", "観測開始年（西暦）": "1999", "同月": "3", "観測機器名または観測項目": "短周期地震計" }, "geometry": { "type": "Point", "coordinates": [ 131.351, 31.5649 ] } },
{ "type": "Feature", "properties": { "観測の種類": "高感度", "name": "日向", "観測点名ローマ字": "HYUGA", "観測点コード": "N.HYGH", "緯度（度）": 32.3654, "経度（度）": 131.5893, "高さ（ｍ）": "170", "測器の深度（ｍ）": "198", "維持管理機関名": "防災科学技術研究所", "維持管理機関名（英語）": "NIED", "観測開始年（西暦）": "2001", "同月": "3", "観測機器名または観測項目": "短周期地震計" }, "geometry": { "type": "Point", "coordinates": [ 131.5893, 32.3654 ] } },
{ "type": "Feature", "properties": { "観測の種類": "高感度", "name": "延岡", "観測点名ローマ字": "NOBEOKA", "観測点コード": "N.NOBH", "緯度（度）": 32.506, "経度（度）": 131.6958, "高さ（ｍ）": "2", "測器の深度（ｍ）": "102", "維持管理機関名": "防災科学技術研究所", "維持管理機関名（英語）": "NIED", "観測開始年（西暦）": "2002", "同月": "3", "観測機器名または観測項目": "短周期地震計" }, "geometry": { "type": "Point", "coordinates": [ 131.6958, 32.506 ] } },
{ "type": "Feature", "properties": { "観測の種類": "高感度", "name": "長島", "観測点名ローマ字": "NAGASHIMA", "観測点コード": "N.NSMH", "緯度（度）": 32.1554, "経度（度）": 130.1191, "高さ（ｍ）": "15", "測器の深度（ｍ）": "203", "維持管理機関名": "防災科学技術研究所", "維持管理機関名（英語）": "NIED", "観測開始年（西暦）": "1999", "同月": "3", "観測機器名または観測項目": "短周期地震計" }, "geometry": { "type": "Point", "coordinates": [ 130.1191, 32.1554 ] } },
{ "type": "Feature", "properties": { "観測の種類": "高感度", "name": "阿久根", "観測点名ローマ字": "AKUNE", "観測点コード": "N.AKNH", "緯度（度）": 31.994, "経度（度）": 130.2077, "高さ（ｍ）": "41", "測器の深度（ｍ）": "202", "維持管理機関名": "防災科学技術研究所", "維持管理機関名（英語）": "NIED", "観測開始年（西暦）": "1999", "同月": "3", "観測機器名または観測項目": "短周期地震計" }, "geometry": { "type": "Point", "coordinates": [ 130.2077, 31.994 ] } },
{ "type": "Feature", "properties": { "観測の種類": "高感度", "name": "宮之城", "観測点名ローマ字": "MIYANOJO", "観測点コード": "N.MYJH", "緯度（度）": 31.9812, "経度（度）": 130.4438, "高さ（ｍ）": "110", "測器の深度（ｍ）": "101", "維持管理機関名": "防災科学技術研究所", "維持管理機関名（英語）": "NIED", "観測開始年（西暦）": "1999", "同月": "3", "観測機器名または観測項目": "短周期地震計" }, "geometry": { "type": "Point", "coordinates": [ 130.4438, 31.9812 ] } },
{ "type": "Feature", "properties": { "観測の種類": "高感度", "name": "川内", "観測点名ローマ字": "SENDAI", "観測点コード": "N.SENH", "緯度（度）": 31.8374, "経度（度）": 130.3602, "高さ（ｍ）": "14", "測器の深度（ｍ）": "101", "維持管理機関名": "防災科学技術研究所", "維持管理機関名（英語）": "NIED", "観測開始年（西暦）": "1999", "同月": "3", "観測機器名または観測項目": "短周期地震計" }, "geometry": { "type": "Point", "coordinates": [ 130.3602, 31.8374 ] } },
{ "type": "Feature", "properties": { "観測の種類": "高感度", "name": "祁答院", "観測点名ローマ字": "KEDOUIN", "観測点コード": "N.KDIH", "緯度（度）": 31.8699, "経度（度）": 130.4958, "高さ（ｍ）": "73", "測器の深度（ｍ）": "108", "維持管理機関名": "防災科学技術研究所", "維持管理機関名（英語）": "NIED", "観測開始年（西暦）": "1999", "同月": "3", "観測機器名または観測項目": "短周期地震計" }, "geometry": { "type": "Point", "coordinates": [ 130.4958, 31.8699 ] } },
{ "type": "Feature", "properties": { "観測の種類": "高感度", "name": "郡山", "観測点名ローマ字": "KORIYAMA", "観測点コード": "N.KORH", "緯度（度）": 31.6988, "経度（度）": 130.4594, "高さ（ｍ）": "131", "測器の深度（ｍ）": "204", "維持管理機関名": "防災科学技術研究所", "維持管理機関名（英語）": "NIED", "観測開始年（西暦）": "1999", "同月": "3", "観測機器名または観測項目": "短周期地震計" }, "geometry": { "type": "Point", "coordinates": [ 130.4594, 31.6988 ] } },
{ "type": "Feature", "properties": { "観測の種類": "高感度", "name": "姶良", "観測点名ローマ字": "AIRA", "観測点コード": "N.AIRH", "緯度（度）": 31.714, "経度（度）": 130.6149, "高さ（ｍ）": "6", "測器の深度（ｍ）": "303", "維持管理機関名": "防災科学技術研究所", "維持管理機関名（英語）": "NIED", "観測開始年（西暦）": "1999", "同月": "3", "観測機器名または観測項目": "短周期地震計" }, "geometry": { "type": "Point", "coordinates": [ 130.6149, 31.714 ] } },
{ "type": "Feature", "properties": { "観測の種類": "高感度", "name": "大隅", "観測点名ローマ字": "OSUMI", "観測点コード": "N.OSUH", "緯度（度）": 31.5618, "経度（度）": 130.9969, "高さ（ｍ）": "97", "測器の深度（ｍ）": "151", "維持管理機関名": "防災科学技術研究所", "維持管理機関名（英語）": "NIED", "観測開始年（西暦）": "1999", "同月": "3", "観測機器名または観測項目": "短周期地震計" }, "geometry": { "type": "Point", "coordinates": [ 130.9969, 31.5618 ] } },
{ "type": "Feature", "properties": { "観測の種類": "高感度", "name": "知覧", "観測点名ローマ字": "CHIRAN", "観測点コード": "N.CRNH", "緯度（度）": 31.3741, "経度（度）": 130.4333, "高さ（ｍ）": "119", "測器の深度（ｍ）": "102", "維持管理機関名": "防災科学技術研究所", "維持管理機関名（英語）": "NIED", "観測開始年（西暦）": "1999", "同月": "3", "観測機器名または観測項目": "短周期地震計" }, "geometry": { "type": "Point", "coordinates": [ 130.4333, 31.3741 ] } },
{ "type": "Feature", "properties": { "観測の種類": "高感度", "name": "山川", "観測点名ローマ字": "YAMAGAWA", "観測点コード": "N.YKWH", "緯度（度）": 31.2066, "経度（度）": 130.6183, "高さ（ｍ）": "81", "測器の深度（ｍ）": "204", "維持管理機関名": "防災科学技術研究所", "維持管理機関名（英語）": "NIED", "観測開始年（西暦）": "1999", "同月": "3", "観測機器名または観測項目": "短周期地震計" }, "geometry": { "type": "Point", "coordinates": [ 130.6183, 31.2066 ] } },
{ "type": "Feature", "properties": { "観測の種類": "高感度", "name": "佐多", "観測点名ローマ字": "SATA", "観測点コード": "N.SATH", "緯度（度）": 31.0899, "経度（度）": 130.699, "高さ（ｍ）": "87", "測器の深度（ｍ）": "201", "維持管理機関名": "防災科学技術研究所", "維持管理機関名（英語）": "NIED", "観測開始年（西暦）": "1999", "同月": "3", "観測機器名または観測項目": "短周期地震計" }, "geometry": { "type": "Point", "coordinates": [ 130.699, 31.0899 ] } },
{ "type": "Feature", "properties": { "観測の種類": "高感度", "name": "内之浦", "観測点名ローマ字": "UCHINOURA", "観測点コード": "N.UCNH", "緯度（度）": 31.2583, "経度（度）": 131.0877, "高さ（ｍ）": "265", "測器の深度（ｍ）": "151", "維持管理機関名": "防災科学技術研究所", "維持管理機関名（英語）": "NIED", "観測開始年（西暦）": "2001", "同月": "3", "観測機器名または観測項目": "短周期地震計" }, "geometry": { "type": "Point", "coordinates": [ 131.0877, 31.2583 ] } },
{ "type": "Feature", "properties": { "観測の種類": "高感度", "name": "鹿屋", "観測点名ローマ字": "KANOYA", "観測点コード": "N.KYAH", "緯度（度）": 31.4005, "経度（度）": 130.8541, "高さ（ｍ）": "40", "測器の深度（ｍ）": "103", "維持管理機関名": "防災科学技術研究所", "維持管理機関名（英語）": "NIED", "観測開始年（西暦）": "2002", "同月": "3", "観測機器名または観測項目": "短周期地震計" }, "geometry": { "type": "Point", "coordinates": [ 130.8541, 31.4005 ] } },
{ "type": "Feature", "properties": { "観測の種類": "高感度", "name": "相模１", "観測点名ローマ字": "SAGAMI-1", "観測点コード": "N.ST1H", "緯度（度）": 34.5956, "経度（度）": 139.9183, "高さ（ｍ）": "-2197", "測器の深度（ｍ）": null, "維持管理機関名": "防災科学技術研究所", "維持管理機関名（英語）": "NIED", "観測開始年（西暦）": "1996", "同月": "6", "観測機器名または観測項目": "海底地震計" }, "geometry": { "type": "Point", "coordinates": [ 139.9183, 34.5956 ] } },
{ "type": "Feature", "properties": { "観測の種類": "高感度", "name": "相模２", "観測点名ローマ字": "SAGAMI-2", "観測点コード": "N.ST2H", "緯度（度）": 34.7396, "経度（度）": 139.8393, "高さ（ｍ）": "-2339", "測器の深度（ｍ）": null, "維持管理機関名": "防災科学技術研究所", "維持管理機関名（英語）": "NIED", "観測開始年（西暦）": "1996", "同月": "6", "観測機器名または観測項目": "海底地震計" }, "geometry": { "type": "Point", "coordinates": [ 139.8393, 34.7396 ] } },
{ "type": "Feature", "properties": { "観測の種類": "高感度", "name": "相模３", "観測点名ローマ字": "SAGAMI-3", "観測点コード": "N.ST3H", "緯度（度）": 34.7983, "経度（度）": 139.6435, "高さ（ｍ）": "-902", "測器の深度（ｍ）": null, "維持管理機関名": "防災科学技術研究所", "維持管理機関名（英語）": "NIED", "観測開始年（西暦）": "1996", "同月": "6", "観測機器名または観測項目": "海底地震計" }, "geometry": { "type": "Point", "coordinates": [ 139.6435, 34.7983 ] } },
{ "type": "Feature", "properties": { "観測の種類": "高感度", "name": "相模４", "観測点名ローマ字": "SAGAMI-4", "観測点コード": "N.ST4H", "緯度（度）": 34.8931, "経度（度）": 139.5711, "高さ（ｍ）": "-933", "測器の深度（ｍ）": null, "維持管理機関名": "防災科学技術研究所", "維持管理機関名（英語）": "NIED", "観測開始年（西暦）": "1996", "同月": "6", "観測機器名または観測項目": "海底地震計" }, "geometry": { "type": "Point", "coordinates": [ 139.5711, 34.8931 ] } },
{ "type": "Feature", "properties": { "観測の種類": "高感度", "name": "相模５", "観測点名ローマ字": "SAGAMI-5", "観測点コード": "N.ST5H", "緯度（度）": 34.9413, "経度（度）": 139.4213, "高さ（ｍ）": "-1486", "測器の深度（ｍ）": null, "維持管理機関名": "防災科学技術研究所", "維持管理機関名（英語）": "NIED", "観測開始年（西暦）": "1996", "同月": "6", "観測機器名または観測項目": "海底地震計" }, "geometry": { "type": "Point", "coordinates": [ 139.4213, 34.9413 ] } },
{ "type": "Feature", "properties": { "観測の種類": "高感度", "name": "相模６", "観測点名ローマ字": "SAGAMI-6", "観測点コード": "N.ST6H", "緯度（度）": 35.0966, "経度（度）": 139.3778, "高さ（ｍ）": "-1130", "測器の深度（ｍ）": null, "維持管理機関名": "防災科学技術研究所", "維持管理機関名（英語）": "NIED", "観測開始年（西暦）": "1996", "同月": "6", "観測機器名または観測項目": "海底地震計" }, "geometry": { "type": "Point", "coordinates": [ 139.3778, 35.0966 ] } },
{ "type": "Feature", "properties": { "観測の種類": "高感度（海底地震）", "name": "DONET A3 地震計", "観測点名ローマ字": "DONET A3OBS", "観測点コード": "KMA03.EH", "緯度（度）": 33.6484, "経度（度）": 136.6037, "高さ（ｍ）": "-2063", "測器の深度（ｍ）": "1", "維持管理機関名": "防災科学技術研究所", "維持管理機関名（英語）": "NIED", "観測開始年（西暦）": "2010", "同月": "3", "観測機器名または観測項目": "海底地震計" }, "geometry": { "type": "Point", "coordinates": [ 136.6037, 33.6484 ] } },
{ "type": "Feature", "properties": { "観測の種類": "高感度（海底地震）", "name": "DONET A2 地震計", "観測点名ローマ字": "DONET A2OBS", "観測点コード": "KMA02.EH", "緯度（度）": 33.7524, "経度（度）": 136.6488, "高さ（ｍ）": "-2011", "測器の深度（ｍ）": "1", "維持管理機関名": "防災科学技術研究所", "維持管理機関名（英語）": "NIED", "観測開始年（西暦）": "2010", "同月": "10", "観測機器名または観測項目": "海底地震計" }, "geometry": { "type": "Point", "coordinates": [ 136.6488, 33.7524 ] } },
{ "type": "Feature", "properties": { "観測の種類": "高感度（海底地震）", "name": "DONET A4 地震計", "観測点名ローマ字": "DONET A4OBS", "観測点コード": "KMA04.EH", "緯度（度）": 33.6781, "経度（度）": 136.4674, "高さ（ｍ）": "-2054", "測器の深度（ｍ）": "1", "維持管理機関名": "防災科学技術研究所", "維持管理機関名（英語）": "NIED", "観測開始年（西暦）": "2010", "同月": "10", "観測機器名または観測項目": "海底地震計" }, "geometry": { "type": "Point", "coordinates": [ 136.4674, 33.6781 ] } },
{ "type": "Feature", "properties": { "観測の種類": "高感度（海底地震）", "name": "DONET D16 地震計", "観測点名ローマ字": "DONET D16OBS", "観測点コード": "KMD16.EH", "緯度（度）": 33.3045, "経度（度）": 136.5958, "高さ（ｍ）": "-1970", "測器の深度（ｍ）": "1", "維持管理機関名": "防災科学技術研究所", "維持管理機関名（英語）": "NIED", "観測開始年（西暦）": "2010", "同月": "10", "観測機器名または観測項目": "海底地震計" }, "geometry": { "type": "Point", "coordinates": [ 136.5958, 33.3045 ] } },
{ "type": "Feature", "properties": { "観測の種類": "高感度（海底地震）", "name": "DONET E17 地震計", "観測点名ローマ字": "DONET E17OBS", "観測点コード": "KME17.EH", "緯度（度）": 33.485, "経度（度）": 136.4451, "高さ（ｍ）": "-2054", "測器の深度（ｍ）": "1", "維持管理機関名": "防災科学技術研究所", "維持管理機関名（英語）": "NIED", "観測開始年（西暦）": "2010", "同月": "10", "観測機器名または観測項目": "海底地震計" }, "geometry": { "type": "Point", "coordinates": [ 136.4451, 33.485 ] } },
{ "type": "Feature", "properties": { "観測の種類": "高感度（海底地震）", "name": "DONET B6 地震計", "観測点名ローマ字": "DONET B6OBS", "観測点コード": "KMB06.EH", "緯度（度）": 33.3584, "経度（度）": 136.9216, "高さ（ｍ）": "-2499", "測器の深度（ｍ）": "1", "維持管理機関名": "防災科学技術研究所", "維持管理機関名（英語）": "NIED", "観測開始年（西暦）": "2011", "同月": "1", "観測機器名または観測項目": "海底地震計" }, "geometry": { "type": "Point", "coordinates": [ 136.9216, 33.3584 ] } },
{ "type": "Feature", "properties": { "観測の種類": "高感度（海底地震）", "name": "DONET B8 地震計", "観測点名ローマ字": "DONET B8OBS", "観測点コード": "KMB08.EH", "緯度（度）": 33.4664, "経度（度）": 136.8039, "高さ（ｍ）": "-1924", "測器の深度（ｍ）": "1", "維持管理機関名": "防災科学技術研究所", "維持管理機関名（英語）": "NIED", "観測開始年（西暦）": "2011", "同月": "1", "観測機器名または観測項目": "海底地震計" }, "geometry": { "type": "Point", "coordinates": [ 136.8039, 33.4664 ] } },
{ "type": "Feature", "properties": { "観測の種類": "高感度（海底地震）", "name": "DONET E18 地震計", "観測点名ローマ字": "DONET E18OBS", "観測点コード": "KME18.EH", "緯度（度）": 33.386, "経度（度）": 136.3828, "高さ（ｍ）": "-2052", "測器の深度（ｍ）": "1", "維持管理機関名": "防災科学技術研究所", "維持管理機関名（英語）": "NIED", "観測開始年（西暦）": "2011", "同月": "1", "観測機器名または観測項目": "海底地震計" }, "geometry": { "type": "Point", "coordinates": [ 136.3828, 33.386 ] } },
{ "type": "Feature", "properties": { "観測の種類": "高感度（海底地震）", "name": "DONET B5 地震計", "観測点名ローマ字": "DONET B5OBS", "観測点コード": "KMB05.EH", "緯度（度）": 33.4772, "経度（度）": 136.9264, "高さ（ｍ）": "-1998", "測器の深度（ｍ）": "1", "維持管理機関名": "防災科学技術研究所", "維持管理機関名（英語）": "NIED", "観測開始年（西暦）": "2011", "同月": "3", "観測機器名または観測項目": "海底地震計" }, "geometry": { "type": "Point", "coordinates": [ 136.9264, 33.4772 ] } },
{ "type": "Feature", "properties": { "観測の種類": "高感度（海底地震）", "name": "DONET C9 地震計", "観測点名ローマ字": "DONET C9OBS", "観測点コード": "KMC09.EH", "緯度（度）": 33.0584, "経度（度）": 136.8313, "高さ（ｍ）": "-3511", "測器の深度（ｍ）": "1", "維持管理機関名": "防災科学技術研究所", "維持管理機関名（英語）": "NIED", "観測開始年（西暦）": "2011", "同月": "3", "観測機器名または観測項目": "海底地震計" }, "geometry": { "type": "Point", "coordinates": [ 136.8313, 33.0584 ] } },
{ "type": "Feature", "properties": { "観測の種類": "高感度（海底地震）", "name": "DONET D14 地震計", "観測点名ローマ字": "DONET D14OBS", "観測点コード": "KMD14.EH", "緯度（度）": 33.1727, "経度（度）": 136.577, "高さ（ｍ）": "-2350", "測器の深度（ｍ）": "1", "維持管理機関名": "防災科学技術研究所", "維持管理機関名（英語）": "NIED", "観測開始年（西暦）": "2011", "同月": "3", "観測機器名または観測項目": "海底地震計" }, "geometry": { "type": "Point", "coordinates": [ 136.577, 33.1727 ] } },
{ "type": "Feature", "properties": { "観測の種類": "高感度（海底地震）", "name": "DONET A1 地震計", "観測点名ローマ字": "DONET A1OBS", "観測点コード": "KMA01.EH", "緯度（度）": 33.8048, "経度（度）": 136.557, "高さ（ｍ）": "-2039", "測器の深度（ｍ）": "1", "維持管理機関名": "防災科学技術研究所", "維持管理機関名（英語）": "NIED", "観測開始年（西暦）": "2011", "同月": "5", "観測機器名または観測項目": "海底地震計" }, "geometry": { "type": "Point", "coordinates": [ 136.557, 33.8048 ] } },
{ "type": "Feature", "properties": { "観測の種類": "高感度（海底地震）", "name": "DONET B7 地震計", "観測点名ローマ字": "DONET B7OBS", "観測点コード": "KMB07.EH", "緯度（度）": 33.3613, "経度（度）": 136.8072, "高さ（ｍ）": "-1980", "測器の深度（ｍ）": "1", "維持管理機関名": "防災科学技術研究所", "維持管理機関名（英語）": "NIED", "観測開始年（西暦）": "2011", "同月": "5", "観測機器名または観測項目": "海底地震計" }, "geometry": { "type": "Point", "coordinates": [ 136.8072, 33.3613 ] } },
{ "type": "Feature", "properties": { "観測の種類": "高感度（海底地震）", "name": "DONET D13 地震計", "観測点名ローマ字": "DONET D13OBS", "観測点コード": "KMD13.EH", "緯度（度）": 33.2201, "経度（度）": 136.6903, "高さ（ｍ）": "-2441", "測器の深度（ｍ）": "1", "維持管理機関名": "防災科学技術研究所", "維持管理機関名（英語）": "NIED", "観測開始年（西暦）": "2011", "同月": "5", "観測機器名または観測項目": "海底地震計" }, "geometry": { "type": "Point", "coordinates": [ 136.6903, 33.2201 ] } },
{ "type": "Feature", "properties": { "観測の種類": "高感度（海底地震）", "name": "DONET D15 地震計", "観測点名ローマ字": "DONET D15OBS", "観測点コード": "KMD15.EH", "緯度（度）": 33.2331, "経度（度）": 136.5631, "高さ（ｍ）": "-1909", "測器の深度（ｍ）": "1", "維持管理機関名": "防災科学技術研究所", "維持管理機関名（英語）": "NIED", "観測開始年（西暦）": "2011", "同月": "5", "観測機器名または観測項目": "海底地震計" }, "geometry": { "type": "Point", "coordinates": [ 136.5631, 33.2331 ] } },
{ "type": "Feature", "properties": { "観測の種類": "高感度（海底地震）", "name": "DONET E19 地震計", "観測点名ローマ字": "DONET E19OBS", "観測点コード": "KME19.EH", "緯度（度）": 33.4459, "経度（度）": 136.2564, "高さ（ｍ）": "-1909", "測器の深度（ｍ）": "1", "維持管理機関名": "防災科学技術研究所", "維持管理機関名（英語）": "NIED", "観測開始年（西暦）": "2011", "同月": "5", "観測機器名または観測項目": "海底地震計" }, "geometry": { "type": "Point", "coordinates": [ 136.2564, 33.4459 ] } },
{ "type": "Feature", "properties": { "観測の種類": "高感度（海底地震）", "name": "DONET E20 地震計", "観測点名ローマ字": "DONET E20OBS", "観測点コード": "KME20.EH", "緯度（度）": 33.5444, "経度（度）": 136.3325, "高さ（ｍ）": "-1977", "測器の深度（ｍ）": "1", "維持管理機関名": "防災科学技術研究所", "維持管理機関名（英語）": "NIED", "観測開始年（西暦）": "2011", "同月": "5", "観測機器名または観測項目": "海底地震計" }, "geometry": { "type": "Point", "coordinates": [ 136.3325, 33.5444 ] } },
{ "type": "Feature", "properties": { "観測の種類": "高感度（海底地震）", "name": "DONET C10 地震計", "観測点名ローマ字": "DONET C10OBS", "観測点コード": "KMC10.EH", "緯度（度）": 33.0533, "経度（度）": 136.9335, "高さ（ｍ）": "-4247", "測器の深度（ｍ）": null, "維持管理機関名": "防災科学技術研究所", "維持管理機関名（英語）": "NIED", "観測開始年（西暦）": "2011", "同月": "7", "観測機器名または観測項目": "海底地震計" }, "geometry": { "type": "Point", "coordinates": [ 136.9335, 33.0533 ] } },
{ "type": "Feature", "properties": { "観測の種類": "高感度（海底地震）", "name": "DONET C11 地震計", "観測点名ローマ字": "DONET C11OBS", "観測点コード": "KMC11.EH", "緯度（度）": 33.0033, "経度（度）": 136.779, "高さ（ｍ）": "-4378", "測器の深度（ｍ）": null, "維持管理機関名": "防災科学技術研究所", "維持管理機関名（英語）": "NIED", "観測開始年（西暦）": "2011", "同月": "7", "観測機器名または観測項目": "海底地震計" }, "geometry": { "type": "Point", "coordinates": [ 136.779, 33.0033 ] } },
{ "type": "Feature", "properties": { "観測の種類": "高感度（海底地震）", "name": "DONET C12 地震計", "観測点名ローマ字": "DONET C12OBS", "観測点コード": "KMC12.EH", "緯度（度）": 33.1279, "経度（度）": 136.8188, "高さ（ｍ）": "-3784", "測器の深度（ｍ）": "1", "維持管理機関名": "防災科学技術研究所", "維持管理機関名（英語）": "NIED", "観測開始年（西暦）": "2011", "同月": "7", "観測機器名または観測項目": "海底地震計" }, "geometry": { "type": "Point", "coordinates": [ 136.8188, 33.1279 ] } },
{ "type": "Feature", "properties": { "観測の種類": "高感度（海底地震）", "name": "DONET2 A1 地震計", "観測点名ローマ字": "DONET2 A1OBS", "観測点コード": "MRA01.EH", "緯度（度）": 33.4085, "経度（度）": 134.7449, "高さ（ｍ）": "-1375", "測器の深度（ｍ）": "1", "維持管理機関名": "防災科学技術研究所", "維持管理機関名（英語）": "NIED", "観測開始年（西暦）": "2014", "同月": "9", "観測機器名または観測項目": "海底地震計" }, "geometry": { "type": "Point", "coordinates": [ 134.7449, 33.4085 ] } },
{ "type": "Feature", "properties": { "観測の種類": "高感度（海底地震）", "name": "DONET2 A2 地震計", "観測点名ローマ字": "DONET2 A2OBS", "観測点コード": "MRA02.EH", "緯度（度）": 33.3393, "経度（度）": 134.8641, "高さ（ｍ）": "-1360", "測器の深度（ｍ）": "1", "維持管理機関名": "防災科学技術研究所", "維持管理機関名（英語）": "NIED", "観測開始年（西暦）": "2015", "同月": "4", "観測機器名または観測項目": "海底地震計" }, "geometry": { "type": "Point", "coordinates": [ 134.8641, 33.3393 ] } },
{ "type": "Feature", "properties": { "観測の種類": "高感度（海底地震）", "name": "DONET2 A3地震計", "観測点名ローマ字": "DONET2 A3OBS", "観測点コード": "MRA03.EH", "緯度（度）": 33.249, "経度（度）": 134.7691, "高さ（ｍ）": "-1352", "測器の深度（ｍ）": "1", "維持管理機関名": "防災科学技術研究所", "維持管理機関名（英語）": "NIED", "観測開始年（西暦）": "2014", "同月": "3", "観測機器名または観測項目": "海底地震計" }, "geometry": { "type": "Point", "coordinates": [ 134.7691, 33.249 ] } },
{ "type": "Feature", "properties": { "観測の種類": "高感度（海底地震）", "name": "DONET2 A4地震計", "観測点名ローマ字": "DONET2 A4OBS", "観測点コード": "MRA04.EH", "緯度（度）": 33.3205, "経度（度）": 134.6724, "高さ（ｍ）": "-1372", "測器の深度（ｍ）": "1", "維持管理機関名": "防災科学技術研究所", "維持管理機関名（英語）": "NIED", "観測開始年（西暦）": "2014", "同月": "9", "観測機器名または観測項目": "海底地震計" }, "geometry": { "type": "Point", "coordinates": [ 134.6724, 33.3205 ] } },
{ "type": "Feature", "properties": { "観測の種類": "高感度（海底地震）", "name": "DONET2 B5地震計", "観測点名ローマ字": "DONET2 B5OBS", "観測点コード": "MRB05.EH", "緯度（度）": 33.3222, "経度（度）": 135.0667, "高さ（ｍ）": "-1470", "測器の深度（ｍ）": "1", "維持管理機関名": "防災科学技術研究所", "維持管理機関名（英語）": "NIED", "観測開始年（西暦）": "2014", "同月": "9", "観測機器名または観測項目": "海底地震計" }, "geometry": { "type": "Point", "coordinates": [ 135.0667, 33.3222 ] } },
{ "type": "Feature", "properties": { "観測の種類": "高感度（海底地震）", "name": "DONET2 B6地震計", "観測点名ローマ字": "DONET2 B6OBS", "観測点コード": "MRB06.EH", "緯度（度）": 33.2252, "経度（度）": 135.1698, "高さ（ｍ）": "-1388", "測器の深度（ｍ）": null, "維持管理機関名": "防災科学技術研究所", "維持管理機関名（英語）": "NIED", "観測開始年（西暦）": "2015", "同月": "4", "観測機器名または観測項目": "海底地震計" }, "geometry": { "type": "Point", "coordinates": [ 135.1698, 33.2252 ] } },
{ "type": "Feature", "properties": { "観測の種類": "高感度（海底地震）", "name": "DONET2 B7地震計", "観測点名ローマ字": "DONET2 B7OBS", "観測点コード": "MRB07.EH", "緯度（度）": 33.1755, "経度（度）": 135.0964, "高さ（ｍ）": "-1077", "測器の深度（ｍ）": null, "維持管理機関名": "防災科学技術研究所", "維持管理機関名（英語）": "NIED", "観測開始年（西暦）": "2015", "同月": "6", "観測機器名または観測項目": "海底地震計" }, "geometry": { "type": "Point", "coordinates": [ 135.0964, 33.1755 ] } },
{ "type": "Feature", "properties": { "観測の種類": "高感度（海底地震）", "name": "DONET2 B8地震計", "観測点名ローマ字": "DONET2 B8OBS", "観測点コード": "MRB08.EH", "緯度（度）": 33.275, "経度（度）": 134.9869, "高さ（ｍ）": "-1262", "測器の深度（ｍ）": "1", "維持管理機関名": "防災科学技術研究所", "維持管理機関名（英語）": "NIED", "観測開始年（西暦）": "2014", "同月": "9", "観測機器名または観測項目": "海底地震計" }, "geometry": { "type": "Point", "coordinates": [ 134.9869, 33.275 ] } },
{ "type": "Feature", "properties": { "観測の種類": "高感度（海底地震）", "name": "DONET2 C9地震計", "観測点名ローマ字": "DONET2 C9OBS", "観測点コード": "MRC09.EH", "緯度（度）": 33.228, "経度（度）": 135.4585, "高さ（ｍ）": "-1555", "測器の深度（ｍ）": null, "維持管理機関名": "防災科学技術研究所", "維持管理機関名（英語）": "NIED", "観測開始年（西暦）": "2015", "同月": "6", "観測機器名または観測項目": "海底地震計" }, "geometry": { "type": "Point", "coordinates": [ 135.4585, 33.228 ] } },
{ "type": "Feature", "properties": { "観測の種類": "高感度（海底地震）", "name": "DONET2 C10地震計", "観測点名ローマ字": "DONET2 C10OBS", "観測点コード": "MRC10.EH", "緯度（度）": 33.1251, "経度（度）": 135.5249, "高さ（ｍ）": "-1720", "測器の深度（ｍ）": null, "維持管理機関名": "防災科学技術研究所", "維持管理機関名（英語）": "NIED", "観測開始年（西暦）": "2015", "同月": "7", "観測機器名または観測項目": "海底地震計" }, "geometry": { "type": "Point", "coordinates": [ 135.5249, 33.1251 ] } },
{ "type": "Feature", "properties": { "観測の種類": "高感度（海底地震）", "name": "DONET2 C11地震計", "観測点名ローマ字": "DONET2 C11OBS", "観測点コード": "MRC11.EH", "緯度（度）": 33.0837, "経度（度）": 135.4121, "高さ（ｍ）": "-2001", "測器の深度（ｍ）": null, "維持管理機関名": "防災科学技術研究所", "維持管理機関名（英語）": "NIED", "観測開始年（西暦）": "2014", "同月": "9", "観測機器名または観測項目": "海底地震計" }, "geometry": { "type": "Point", "coordinates": [ 135.4121, 33.0837 ] } },
{ "type": "Feature", "properties": { "観測の種類": "高感度（海底地震）", "name": "DONET2 C12地震計", "観測点名ローマ字": "DONET2 C12OBS", "観測点コード": "MRC12.EH", "緯度（度）": 33.1752, "経度（度）": 135.3414, "高さ（ｍ）": "-1317", "測器の深度（ｍ）": null, "維持管理機関名": "防災科学技術研究所", "維持管理機関名（英語）": "NIED", "観測開始年（西暦）": "2015", "同月": "6", "観測機器名または観測項目": "海底地震計" }, "geometry": { "type": "Point", "coordinates": [ 135.3414, 33.1752 ] } },
{ "type": "Feature", "properties": { "観測の種類": "高感度（海底地震）", "name": "DONET2 D13地震計", "観測点名ローマ字": "DONET2 D13OBS", "観測点コード": "MRD13.EH", "緯度（度）": 33.1594, "経度（度）": 135.7557, "高さ（ｍ）": "-2353", "測器の深度（ｍ）": null, "維持管理機関名": "防災科学技術研究所", "維持管理機関名（英語）": "NIED", "観測開始年（西暦）": "2015", "同月": "11", "観測機器名または観測項目": "海底地震計" }, "geometry": { "type": "Point", "coordinates": [ 135.7557, 33.1594 ] } },
{ "type": "Feature", "properties": { "観測の種類": "高感度（海底地震）", "name": "DONET2 D14地震計", "観測点名ローマ字": "DONET2 D14OBS", "観測点コード": "MRD14.EH", "緯度（度）": 33.1359, "経度（度）": 135.8584, "高さ（ｍ）": "-2398", "測器の深度（ｍ）": "1", "維持管理機関名": "防災科学技術研究所", "維持管理機関名（英語）": "NIED", "観測開始年（西暦）": "2015", "同月": "11", "観測機器名または観測項目": "海底地震計" }, "geometry": { "type": "Point", "coordinates": [ 135.8584, 33.1359 ] } },
{ "type": "Feature", "properties": { "観測の種類": "高感度（海底地震）", "name": "DONET2 D15地震計", "観測点名ローマ字": "DONET2 D15OBS", "観測点コード": "MRD15.EH", "緯度（度）": 33.142, "経度（度）": 135.9586, "高さ（ｍ）": "-2244", "測器の深度（ｍ）": "1", "維持管理機関名": "防災科学技術研究所", "維持管理機関名（英語）": "NIED", "観測開始年（西暦）": "2015", "同月": "11", "観測機器名または観測項目": "海底地震計" }, "geometry": { "type": "Point", "coordinates": [ 135.9586, 33.142 ] } },
{ "type": "Feature", "properties": { "観測の種類": "高感度（海底地震）", "name": "DONET2 D16地震計", "観測点名ローマ字": "DONET2 D16OBS", "観測点コード": "MRD16.EH", "緯度（度）": 33.0299, "経度（度）": 135.8401, "高さ（ｍ）": "-2415", "測器の深度（ｍ）": "1", "維持管理機関名": "防災科学技術研究所", "維持管理機関名（英語）": "NIED", "観測開始年（西暦）": "2016", "同月": "2", "観測機器名または観測項目": "海底地震計" }, "geometry": { "type": "Point", "coordinates": [ 135.8401, 33.0299 ] } },
{ "type": "Feature", "properties": { "観測の種類": "高感度（海底地震）", "name": "DONET2 D17地震計", "観測点名ローマ字": "DONET2 D17OBS", "観測点コード": "MRD17.EH", "緯度（度）": 33.0915, "経度（度）": 135.7144, "高さ（ｍ）": "-2700", "測器の深度（ｍ）": null, "維持管理機関名": "防災科学技術研究所", "維持管理機関名（英語）": "NIED", "観測開始年（西暦）": "2016", "同月": "2", "観測機器名または観測項目": "海底地震計" }, "geometry": { "type": "Point", "coordinates": [ 135.7144, 33.0915 ] } },
{ "type": "Feature", "properties": { "観測の種類": "高感度（海底地震）", "name": "DONET2 E18地震計", "観測点名ローマ字": "DONET2 E18OBS", "観測点コード": "MRE18.EH", "緯度（度）": 32.927, "経度（度）": 135.7747, "高さ（ｍ）": "-3548", "測器の深度（ｍ）": "1", "維持管理機関名": "防災科学技術研究所", "維持管理機関名（英語）": "NIED", "観測開始年（西暦）": "2015", "同月": "3", "観測機器名または観測項目": "海底地震計" }, "geometry": { "type": "Point", "coordinates": [ 135.7747, 32.927 ] } },
{ "type": "Feature", "properties": { "観測の種類": "高感度（海底地震）", "name": "DONET2 E19地震計", "観測点名ローマ字": "DONET2 E19OBS", "観測点コード": "MRE19.EH", "緯度（度）": 32.892, "経度（度）": 135.8336, "高さ（ｍ）": "-3456", "測器の深度（ｍ）": "1", "維持管理機関名": "防災科学技術研究所", "維持管理機関名（英語）": "NIED", "観測開始年（西暦）": "2015", "同月": "5", "観測機器名または観測項目": "海底地震計" }, "geometry": { "type": "Point", "coordinates": [ 135.8336, 32.892 ] } },
{ "type": "Feature", "properties": { "観測の種類": "高感度（海底地震）", "name": "DONET2 E20地震計", "観測点名ローマ字": "DONET2 E20OBS", "観測点コード": "MRE20.EH", "緯度（度）": 32.8017, "経度（度）": 135.7733, "高さ（ｍ）": "-3603", "測器の深度（ｍ）": "1", "維持管理機関名": "防災科学技術研究所", "維持管理機関名（英語）": "NIED", "観測開始年（西暦）": "2015", "同月": "11", "観測機器名または観測項目": "海底地震計" }, "geometry": { "type": "Point", "coordinates": [ 135.7733, 32.8017 ] } },
{ "type": "Feature", "properties": { "観測の種類": "高感度（海底地震）", "name": "DONET2 E21地震計", "観測点名ローマ字": "DONET2 E21OBS", "観測点コード": "MRE21.EH", "緯度（度）": 32.8603, "経度（度）": 135.667, "高さ（ｍ）": "-3534", "測器の深度（ｍ）": null, "維持管理機関名": "防災科学技術研究所", "維持管理機関名（英語）": "NIED", "観測開始年（西暦）": "2015", "同月": "6", "観測機器名または観測項目": "海底地震計" }, "geometry": { "type": "Point", "coordinates": [ 135.667, 32.8603 ] } },
{ "type": "Feature", "properties": { "観測の種類": "高感度（海底地震）", "name": "DONET2 F22地震計", "観測点名ローマ字": "DONET2 F22OBS", "観測点コード": "MRF22.EH", "緯度（度）": 32.988, "経度（度）": 135.225, "高さ（ｍ）": "-2104", "測器の深度（ｍ）": null, "維持管理機関名": "防災科学技術研究所", "維持管理機関名（英語）": "NIED", "観測開始年（西暦）": "2015", "同月": "5", "観測機器名または観測項目": "海底地震計" }, "geometry": { "type": "Point", "coordinates": [ 135.225, 32.988 ] } },
{ "type": "Feature", "properties": { "観測の種類": "高感度（海底地震）", "name": "DONET2 F23地震計", "観測点名ローマ字": "DONET2 F23OBS", "観測点コード": "MRF23.EH", "緯度（度）": 32.8827, "経度（度）": 135.3082, "高さ（ｍ）": "-2646", "測器の深度（ｍ）": "1", "維持管理機関名": "防災科学技術研究所", "維持管理機関名（英語）": "NIED", "観測開始年（西暦）": "2015", "同月": "6", "観測機器名または観測項目": "海底地震計" }, "geometry": { "type": "Point", "coordinates": [ 135.3082, 32.8827 ] } },
{ "type": "Feature", "properties": { "観測の種類": "高感度（海底地震）", "name": "DONET2 F24地震計", "観測点名ローマ字": "DONET2 F24OBS", "観測点コード": "MRF24.EH", "緯度（度）": 32.8545, "経度（度）": 135.1916, "高さ（ｍ）": "-2393", "測器の深度（ｍ）": "1", "維持管理機関名": "防災科学技術研究所", "維持管理機関名（英語）": "NIED", "観測開始年（西暦）": "2015", "同月": "11", "観測機器名または観測項目": "海底地震計" }, "geometry": { "type": "Point", "coordinates": [ 135.1916, 32.8545 ] } },
{ "type": "Feature", "properties": { "観測の種類": "高感度（海底地震）", "name": "DONET2 F25地震計", "観測点名ローマ字": "DONET2 F25OBS", "観測点コード": "MRF25.EH", "緯度（度）": 32.8919, "経度（度）": 135.1538, "高さ（ｍ）": "-2278", "測器の深度（ｍ）": "1", "維持管理機関名": "防災科学技術研究所", "維持管理機関名（英語）": "NIED", "観測開始年（西暦）": "2015", "同月": "3", "観測機器名または観測項目": "海底地震計" }, "geometry": { "type": "Point", "coordinates": [ 135.1538, 32.8919 ] } },
{ "type": "Feature", "properties": { "観測の種類": "高感度（海底地震）", "name": "DONET2 G26地震計", "観測点名ローマ字": "DONET2 G26OBS", "観測点コード": "MRG26.EH", "緯度（度）": 32.7615, "経度（度）": 134.5167, "高さ（ｍ）": "-1855", "測器の深度（ｍ）": "1", "維持管理機関名": "防災科学技術研究所", "維持管理機関名（英語）": "NIED", "観測開始年（西暦）": "2015", "同月": "5", "観測機器名または観測項目": "海底地震計" }, "geometry": { "type": "Point", "coordinates": [ 134.5167, 32.7615 ] } },
{ "type": "Feature", "properties": { "観測の種類": "高感度（海底地震）", "name": "DONET2 G27地震計", "観測点名ローマ字": "DONET2 G27OBS", "観測点コード": "MRG27.EH", "緯度（度）": 32.7089, "経度（度）": 134.5996, "高さ（ｍ）": "-2494", "測器の深度（ｍ）": "1", "維持管理機関名": "防災科学技術研究所", "維持管理機関名（英語）": "NIED", "観測開始年（西暦）": "2015", "同月": "10", "観測機器名または観測項目": "海底地震計" }, "geometry": { "type": "Point", "coordinates": [ 134.5996, 32.7089 ] } },
{ "type": "Feature", "properties": { "観測の種類": "高感度（海底地震）", "name": "DONET2 G28地震計", "観測点名ローマ字": "DONET2 G28OBS", "観測点コード": "MRG28.EH", "緯度（度）": 32.6251, "経度（度）": 134.5164, "高さ（ｍ）": "-2499", "測器の深度（ｍ）": "1", "維持管理機関名": "防災科学技術研究所", "維持管理機関名（英語）": "NIED", "観測開始年（西暦）": "2015", "同月": "11", "観測機器名または観測項目": "海底地震計" }, "geometry": { "type": "Point", "coordinates": [ 134.5164, 32.6251 ] } },
{ "type": "Feature", "properties": { "観測の種類": "高感度（海底地震）", "name": "DONET2 G29地震計", "観測点名ローマ字": "DONET2 G29OBS", "観測点コード": "MRG29.EH", "緯度（度）": 32.6752, "経度（度）": 134.4334, "高さ（ｍ）": "-2141", "測器の深度（ｍ）": "1", "維持管理機関名": "防災科学技術研究所", "維持管理機関名（英語）": "NIED", "観測開始年（西暦）": "2015", "同月": "6", "観測機器名または観測項目": "海底地震計" }, "geometry": { "type": "Point", "coordinates": [ 134.4334, 32.6752 ] } },
{ "type": "Feature", "properties": { "観測の種類": "高感度（海底地震）", "name": "DONET1 C21地震計", "観測点名ローマ字": "DONET C21OBS", "観測点コード": "KMC21.EH", "緯度（度）": 32.9506, "経度（度）": 136.7417, "高さ（ｍ）": "-4449", "測器の深度（ｍ）": null, "維持管理機関名": "防災科学技術研究所", "維持管理機関名（英語）": "NIED", "観測開始年（西暦）": "2016", "同月": "6", "観測機器名または観測項目": "海底地震計" }, "geometry": { "type": "Point", "coordinates": [ 136.7417, 32.9506 ] } },
{ "type": "Feature", "properties": { "観測の種類": "高感度（海底地震）", "name": "DONET1 E22地震計", "観測点名ローマ字": "DONET E22OBS", "観測点コード": "KME22.EH", "緯度（度）": 33.3303, "経度（度）": 136.2702, "高さ（ｍ）": "-1841", "測器の深度（ｍ）": null, "維持管理機関名": "防災科学技術研究所", "維持管理機関名（英語）": "NIED", "観測開始年（西暦）": "2015", "同月": "11", "観測機器名または観測項目": "海底地震計" }, "geometry": { "type": "Point", "coordinates": [ 136.2702, 33.3303 ] } },
{ "type": "Feature", "properties": { "観測の種類": "高感度（海底地震）", "name": "S-net S1N01地震計", "観測点名ローマ字": "S1N01", "観測点コード": "N.S1N01", "緯度（度）": 35.8968, "経度（度）": 141.0535, "高さ（ｍ）": "-169", "測器の深度（ｍ）": "1", "維持管理機関名": "防災科学技術研究所", "維持管理機関名（英語）": "NIED", "観測開始年（西暦）": "2016", "同月": "4", "観測機器名または観測項目": "海底地震計" }, "geometry": { "type": "Point", "coordinates": [ 141.0535, 35.8968 ] } },
{ "type": "Feature", "properties": { "観測の種類": "高感度（海底地震）", "name": "S-net S1N02地震計", "観測点名ローマ字": "S1N02", "観測点コード": "N.S1N02", "緯度（度）": 35.8424, "経度（度）": 141.3772, "高さ（ｍ）": "-1466", "測器の深度（ｍ）": "1", "維持管理機関名": "防災科学技術研究所", "維持管理機関名（英語）": "NIED", "観測開始年（西暦）": "2016", "同月": "4", "観測機器名または観測項目": "海底地震計" }, "geometry": { "type": "Point", "coordinates": [ 141.3772, 35.8424 ] } },
{ "type": "Feature", "properties": { "観測の種類": "高感度（海底地震）", "name": "S-net S1N03地震計", "観測点名ローマ字": "S1N03", "観測点コード": "N.S1N03", "緯度（度）": 35.7203, "経度（度）": 141.6451, "高さ（ｍ）": "-2591", "測器の深度（ｍ）": null, "維持管理機関名": "防災科学技術研究所", "維持管理機関名（英語）": "NIED", "観測開始年（西暦）": "2016", "同月": "4", "観測機器名または観測項目": "海底地震計" }, "geometry": { "type": "Point", "coordinates": [ 141.6451, 35.7203 ] } },
{ "type": "Feature", "properties": { "観測の種類": "高感度（海底地震）", "name": "S-net S1N04地震計", "観測点名ローマ字": "S1N04", "観測点コード": "N.S1N04", "緯度（度）": 35.6036, "経度（度）": 141.9041, "高さ（ｍ）": "-2612", "測器の深度（ｍ）": null, "維持管理機関名": "防災科学技術研究所", "維持管理機関名（英語）": "NIED", "観測開始年（西暦）": "2016", "同月": "4", "観測機器名または観測項目": "海底地震計" }, "geometry": { "type": "Point", "coordinates": [ 141.9041, 35.6036 ] } },
{ "type": "Feature", "properties": { "観測の種類": "高感度（海底地震）", "name": "S-net S1N05地震計", "観測点名ローマ字": "S1N05", "観測点コード": "N.S1N05", "緯度（度）": 35.4047, "経度（度）": 142.0531, "高さ（ｍ）": "-5836", "測器の深度（ｍ）": null, "維持管理機関名": "防災科学技術研究所", "維持管理機関名（英語）": "NIED", "観測開始年（西暦）": "2016", "同月": "4", "観測機器名または観測項目": "海底地震計" }, "geometry": { "type": "Point", "coordinates": [ 142.0531, 35.4047 ] } },
{ "type": "Feature", "properties": { "観測の種類": "高感度（海底地震）", "name": "S-net S1N06地震計", "観測点名ローマ字": "S1N06", "観測点コード": "N.S1N06", "緯度（度）": 35.2277, "経度（度）": 141.8692, "高さ（ｍ）": "-5567", "測器の深度（ｍ）": null, "維持管理機関名": "防災科学技術研究所", "維持管理機関名（英語）": "NIED", "観測開始年（西暦）": "2016", "同月": "4", "観測機器名または観測項目": "海底地震計" }, "geometry": { "type": "Point", "coordinates": [ 141.8692, 35.2277 ] } },
{ "type": "Feature", "properties": { "観測の種類": "高感度（海底地震）", "name": "S-net S1N07地震計", "観測点名ローマ字": "S1N07", "観測点コード": "N.S1N07", "緯度（度）": 35.2773, "経度（度）": 141.5902, "高さ（ｍ）": "-3285", "測器の深度（ｍ）": null, "維持管理機関名": "防災科学技術研究所", "維持管理機関名（英語）": "NIED", "観測開始年（西暦）": "2016", "同月": "4", "観測機器名または観測項目": "海底地震計" }, "geometry": { "type": "Point", "coordinates": [ 141.5902, 35.2773 ] } },
{ "type": "Feature", "properties": { "観測の種類": "高感度（海底地震）", "name": "S-net S1N08地震計", "観測点名ローマ字": "S1N08", "観測点コード": "N.S1N08", "緯度（度）": 35.4536, "経度（度）": 141.3898, "高さ（ｍ）": "-1387", "測器の深度（ｍ）": null, "維持管理機関名": "防災科学技術研究所", "維持管理機関名（英語）": "NIED", "観測開始年（西暦）": "2016", "同月": "4", "観測機器名または観測項目": "海底地震計" }, "geometry": { "type": "Point", "coordinates": [ 141.3898, 35.4536 ] } },
{ "type": "Feature", "properties": { "観測の種類": "高感度（海底地震）", "name": "S-net S1N09地震計", "観測点名ローマ字": "S1N09", "観測点コード": "N.S1N09", "緯度（度）": 35.227, "経度（度）": 141.3068, "高さ（ｍ）": "-1583", "測器の深度（ｍ）": null, "維持管理機関名": "防災科学技術研究所", "維持管理機関名（英語）": "NIED", "観測開始年（西暦）": "2016", "同月": "4", "観測機器名または観測項目": "海底地震計" }, "geometry": { "type": "Point", "coordinates": [ 141.3068, 35.227 ] } },
{ "type": "Feature", "properties": { "観測の種類": "高感度（海底地震）", "name": "S-net S1N10地震計", "観測点名ローマ字": "S1N10", "観測点コード": "N.S1N10", "緯度（度）": 35.0925, "経度（度）": 141.2021, "高さ（ｍ）": "-2554", "測器の深度（ｍ）": null, "維持管理機関名": "防災科学技術研究所", "維持管理機関名（英語）": "NIED", "観測開始年（西暦）": "2016", "同月": "4", "観測機器名または観測項目": "海底地震計" }, "geometry": { "type": "Point", "coordinates": [ 141.2021, 35.0925 ] } },
{ "type": "Feature", "properties": { "観測の種類": "高感度（海底地震）", "name": "S-net S1N11地震計", "観測点名ローマ字": "S1N11", "観測点コード": "N.S1N11", "緯度（度）": 35.1203, "経度（度）": 140.9682, "高さ（ｍ）": "-1670", "測器の深度（ｍ）": null, "維持管理機関名": "防災科学技術研究所", "維持管理機関名（英語）": "NIED", "観測開始年（西暦）": "2016", "同月": "4", "観測機器名または観測項目": "海底地震計" }, "geometry": { "type": "Point", "coordinates": [ 140.9682, 35.1203 ] } },
{ "type": "Feature", "properties": { "観測の種類": "高感度（海底地震）", "name": "S-net S1N12地震計", "観測点名ローマ字": "S1N12", "観測点コード": "N.S1N12", "緯度（度）": 35.0228, "経度（度）": 140.8091, "高さ（ｍ）": "-1239", "測器の深度（ｍ）": null, "維持管理機関名": "防災科学技術研究所", "維持管理機関名（英語）": "NIED", "観測開始年（西暦）": "2016", "同月": "4", "観測機器名または観測項目": "海底地震計" }, "geometry": { "type": "Point", "coordinates": [ 140.8091, 35.0228 ] } },
{ "type": "Feature", "properties": { "観測の種類": "高感度（海底地震）", "name": "S-net S1N13地震計", "観測点名ローマ字": "S1N13", "観測点コード": "N.S1N13", "緯度（度）": 34.8788, "経度（度）": 140.9627, "高さ（ｍ）": "-2210", "測器の深度（ｍ）": null, "維持管理機関名": "防災科学技術研究所", "維持管理機関名（英語）": "NIED", "観測開始年（西暦）": "2016", "同月": "4", "観測機器名または観測項目": "海底地震計" }, "geometry": { "type": "Point", "coordinates": [ 140.9627, 34.8788 ] } },
{ "type": "Feature", "properties": { "観測の種類": "高感度（海底地震）", "name": "S-net S1N14地震計", "観測点名ローマ字": "S1N14", "観測点コード": "N.S1N14", "緯度（度）": 34.6407, "経度（度）": 141.0907, "高さ（ｍ）": "-4861", "測器の深度（ｍ）": null, "維持管理機関名": "防災科学技術研究所", "維持管理機関名（英語）": "NIED", "観測開始年（西暦）": "2016", "同月": "4", "観測機器名または観測項目": "海底地震計" }, "geometry": { "type": "Point", "coordinates": [ 141.0907, 34.6407 ] } },
{ "type": "Feature", "properties": { "観測の種類": "高感度（海底地震）", "name": "S-net S1N15地震計", "観測点名ローマ字": "S1N15", "観測点コード": "N.S1N15", "緯度（度）": 34.5256, "経度（度）": 141.3512, "高さ（ｍ）": "-6569", "測器の深度（ｍ）": null, "維持管理機関名": "防災科学技術研究所", "維持管理機関名（英語）": "NIED", "観測開始年（西暦）": "2016", "同月": "4", "観測機器名または観測項目": "海底地震計" }, "geometry": { "type": "Point", "coordinates": [ 141.3512, 34.5256 ] } },
{ "type": "Feature", "properties": { "観測の種類": "高感度（海底地震）", "name": "S-net S1N16地震計", "観測点名ローマ字": "S1N16", "観測点コード": "N.S1N16", "緯度（度）": 34.3686, "経度（度）": 141.5402, "高さ（ｍ）": "-6978", "測器の深度（ｍ）": null, "維持管理機関名": "防災科学技術研究所", "維持管理機関名（英語）": "NIED", "観測開始年（西暦）": "2016", "同月": "4", "観測機器名または観測項目": "海底地震計" }, "geometry": { "type": "Point", "coordinates": [ 141.5402, 34.3686 ] } },
{ "type": "Feature", "properties": { "観測の種類": "高感度（海底地震）", "name": "S-net S1N17地震計", "観測点名ローマ字": "S1N17", "観測点コード": "N.S1N17", "緯度（度）": 34.1956, "経度（度）": 141.3341, "高さ（ｍ）": "-6805", "測器の深度（ｍ）": null, "維持管理機関名": "防災科学技術研究所", "維持管理機関名（英語）": "NIED", "観測開始年（西暦）": "2016", "同月": "4", "観測機器名または観測項目": "海底地震計" }, "geometry": { "type": "Point", "coordinates": [ 141.3341, 34.1956 ] } },
{ "type": "Feature", "properties": { "観測の種類": "高感度（海底地震）", "name": "S-net S1N18地震計", "観測点名ローマ字": "S1N18", "観測点コード": "N.S1N18", "緯度（度）": 34.262, "経度（度）": 141.0316, "高さ（ｍ）": "-5111", "測器の深度（ｍ）": null, "維持管理機関名": "防災科学技術研究所", "維持管理機関名（英語）": "NIED", "観測開始年（西暦）": "2016", "同月": "4", "観測機器名または観測項目": "海底地震計" }, "geometry": { "type": "Point", "coordinates": [ 141.0316, 34.262 ] } },
{ "type": "Feature", "properties": { "観測の種類": "高感度（海底地震）", "name": "S-net S1N19地震計", "観測点名ローマ字": "S1N19", "観測点コード": "N.S1N19", "緯度（度）": 34.2269, "経度（度）": 140.7311, "高さ（ｍ）": "-3274", "測器の深度（ｍ）": null, "維持管理機関名": "防災科学技術研究所", "維持管理機関名（英語）": "NIED", "観測開始年（西暦）": "2016", "同月": "4", "観測機器名または観測項目": "海底地震計" }, "geometry": { "type": "Point", "coordinates": [ 140.7311, 34.2269 ] } },
{ "type": "Feature", "properties": { "観測の種類": "高感度（海底地震）", "name": "S-net S1N20地震計", "観測点名ローマ字": "S1N20", "観測点コード": "N.S1N20", "緯度（度）": 34.2592, "経度（度）": 140.4159, "高さ（ｍ）": "-2513", "測器の深度（ｍ）": null, "維持管理機関名": "防災科学技術研究所", "維持管理機関名（英語）": "NIED", "観測開始年（西暦）": "2016", "同月": "4", "観測機器名または観測項目": "海底地震計" }, "geometry": { "type": "Point", "coordinates": [ 140.4159, 34.2592 ] } },
{ "type": "Feature", "properties": { "観測の種類": "高感度（海底地震）", "name": "S-net S1N21地震計", "観測点名ローマ字": "S1N21", "観測点コード": "N.S1N21", "緯度（度）": 34.4231, "経度（度）": 140.203, "高さ（ｍ）": "-2869", "測器の深度（ｍ）": null, "維持管理機関名": "防災科学技術研究所", "維持管理機関名（英語）": "NIED", "観測開始年（西暦）": "2016", "同月": "4", "観測機器名または観測項目": "海底地震計" }, "geometry": { "type": "Point", "coordinates": [ 140.203, 34.4231 ] } },
{ "type": "Feature", "properties": { "観測の種類": "高感度（海底地震）", "name": "S-net S1N22地震計", "観測点名ローマ字": "S1N22", "観測点コード": "N.S1N22", "緯度（度）": 34.6443, "経度（度）": 140.0906, "高さ（ｍ）": "-2512", "測器の深度（ｍ）": null, "維持管理機関名": "防災科学技術研究所", "維持管理機関名（英語）": "NIED", "観測開始年（西暦）": "2016", "同月": "4", "観測機器名または観測項目": "海底地震計" }, "geometry": { "type": "Point", "coordinates": [ 140.0906, 34.6443 ] } },
{ "type": "Feature", "properties": { "観測の種類": "高感度（海底地震）", "name": "S-net S2N01地震計", "観測点名ローマ字": "S2N01", "観測点コード": "N.S2N01", "緯度（度）": 37.8428, "経度（度）": 141.3845, "高さ（ｍ）": "-102", "測器の深度（ｍ）": "1", "維持管理機関名": "防災科学技術研究所", "維持管理機関名（英語）": "NIED", "観測開始年（西暦）": "2016", "同月": "4", "観測機器名または観測項目": "海底地震計" }, "geometry": { "type": "Point", "coordinates": [ 141.3845, 37.8428 ] } },
{ "type": "Feature", "properties": { "観測の種類": "高感度（海底地震）", "name": "S-net S2N02地震計", "観測点名ローマ字": "S2N02", "観測点コード": "N.S2N02", "緯度（度）": 37.6922, "経度（度）": 141.6387, "高さ（ｍ）": "-239", "測器の深度（ｍ）": "1", "維持管理機関名": "防災科学技術研究所", "維持管理機関名（英語）": "NIED", "観測開始年（西暦）": "2016", "同月": "4", "観測機器名または観測項目": "海底地震計" }, "geometry": { "type": "Point", "coordinates": [ 141.6387, 37.6922 ] } },
{ "type": "Feature", "properties": { "観測の種類": "高感度（海底地震）", "name": "S-net S2N03地震計", "観測点名ローマ字": "S2N03", "観測点コード": "N.S2N03", "緯度（度）": 37.7073, "経度（度）": 141.965, "高さ（ｍ）": "-462", "測器の深度（ｍ）": "1", "維持管理機関名": "防災科学技術研究所", "維持管理機関名（英語）": "NIED", "観測開始年（西暦）": "2016", "同月": "4", "観測機器名または観測項目": "海底地震計" }, "geometry": { "type": "Point", "coordinates": [ 141.965, 37.7073 ] } },
{ "type": "Feature", "properties": { "観測の種類": "高感度（海底地震）", "name": "S-net S2N04地震計", "観測点名ローマ字": "S2N04", "観測点コード": "N.S2N04", "緯度（度）": 37.6739, "経度（度）": 142.2975, "高さ（ｍ）": "-786", "測器の深度（ｍ）": "1", "維持管理機関名": "防災科学技術研究所", "維持管理機関名（英語）": "NIED", "観測開始年（西暦）": "2016", "同月": "4", "観測機器名または観測項目": "海底地震計" }, "geometry": { "type": "Point", "coordinates": [ 142.2975, 37.6739 ] } },
{ "type": "Feature", "properties": { "観測の種類": "高感度（海底地震）", "name": "S-net S2N05地震計", "観測点名ローマ字": "S2N05", "観測点コード": "N.S2N05", "緯度（度）": 37.6016, "経度（度）": 142.6236, "高さ（ｍ）": "-1781", "測器の深度（ｍ）": null, "維持管理機関名": "防災科学技術研究所", "維持管理機関名（英語）": "NIED", "観測開始年（西暦）": "2016", "同月": "4", "観測機器名または観測項目": "海底地震計" }, "geometry": { "type": "Point", "coordinates": [ 142.6236, 37.6016 ] } },
{ "type": "Feature", "properties": { "観測の種類": "高感度（海底地震）", "name": "S-net S2N06地震計", "観測点名ローマ字": "S2N06", "観測点コード": "N.S2N06", "緯度（度）": 37.5259, "経度（度）": 142.935, "高さ（ｍ）": "-2945", "測器の深度（ｍ）": null, "維持管理機関名": "防災科学技術研究所", "維持管理機関名（英語）": "NIED", "観測開始年（西暦）": "2016", "同月": "4", "観測機器名または観測項目": "海底地震計" }, "geometry": { "type": "Point", "coordinates": [ 142.935, 37.5259 ] } },
{ "type": "Feature", "properties": { "観測の種類": "高感度（海底地震）", "name": "S-net S2N07地震計", "観測点名ローマ字": "S2N07", "観測点コード": "N.S2N07", "緯度（度）": 37.429, "経度（度）": 143.2266, "高さ（ｍ）": "-4767", "測器の深度（ｍ）": null, "維持管理機関名": "防災科学技術研究所", "維持管理機関名（英語）": "NIED", "観測開始年（西暦）": "2016", "同月": "4", "観測機器名または観測項目": "海底地震計" }, "geometry": { "type": "Point", "coordinates": [ 143.2266, 37.429 ] } },
{ "type": "Feature", "properties": { "観測の種類": "高感度（海底地震）", "name": "S-net S2N08地震計", "観測点名ローマ字": "S2N08", "観測点コード": "N.S2N08", "緯度（度）": 37.222, "経度（度）": 143.07, "高さ（ｍ）": "-4353", "測器の深度（ｍ）": null, "維持管理機関名": "防災科学技術研究所", "維持管理機関名（英語）": "NIED", "観測開始年（西暦）": "2016", "同月": "4", "観測機器名または観測項目": "海底地震計" }, "geometry": { "type": "Point", "coordinates": [ 143.07, 37.222 ] } },
{ "type": "Feature", "properties": { "観測の種類": "高感度（海底地震）", "name": "S-net S2N09地震計", "観測点名ローマ字": "S2N09", "観測点コード": "N.S2N09", "緯度（度）": 37.0741, "経度（度）": 142.8188, "高さ（ｍ）": "-4226", "測器の深度（ｍ）": null, "維持管理機関名": "防災科学技術研究所", "維持管理機関名（英語）": "NIED", "観測開始年（西暦）": "2016", "同月": "4", "観測機器名または観測項目": "海底地震計" }, "geometry": { "type": "Point", "coordinates": [ 142.8188, 37.0741 ] } },
{ "type": "Feature", "properties": { "観測の種類": "高感度（海底地震）", "name": "S-net S2N10地震計", "観測点名ローマ字": "S2N10", "観測点コード": "N.S2N10", "緯度（度）": 37.0948, "経度（度）": 142.4979, "高さ（ｍ）": "-2417", "測器の深度（ｍ）": null, "維持管理機関名": "防災科学技術研究所", "維持管理機関名（英語）": "NIED", "観測開始年（西暦）": "2016", "同月": "4", "観測機器名または観測項目": "海底地震計" }, "geometry": { "type": "Point", "coordinates": [ 142.4979, 37.0948 ] } },
{ "type": "Feature", "properties": { "観測の種類": "高感度（海底地震）", "name": "S-net S2N11地震計", "観測点名ローマ字": "S2N11", "観測点コード": "N.S2N11", "緯度（度）": 37.1931, "経度（度）": 142.1998, "高さ（ｍ）": "-1447", "測器の深度（ｍ）": "1", "維持管理機関名": "防災科学技術研究所", "維持管理機関名（英語）": "NIED", "観測開始年（西暦）": "2016", "同月": "4", "観測機器名または観測項目": "海底地震計" }, "geometry": { "type": "Point", "coordinates": [ 142.1998, 37.1931 ] } },
{ "type": "Feature", "properties": { "観測の種類": "高感度（海底地震）", "name": "S-net S2N12地震計", "観測点名ローマ字": "S2N12", "観測点コード": "N.S2N12", "緯度（度）": 37.2772, "経度（度）": 141.879, "高さ（ｍ）": "-591", "測器の深度（ｍ）": "1", "維持管理機関名": "防災科学技術研究所", "維持管理機関名（英語）": "NIED", "観測開始年（西暦）": "2016", "同月": "4", "観測機器名または観測項目": "海底地震計" }, "geometry": { "type": "Point", "coordinates": [ 141.879, 37.2772 ] } },
{ "type": "Feature", "properties": { "観測の種類": "高感度（海底地震）", "name": "S-net S2N13A地震計", "観測点名ローマ字": "S2N13A", "観測点コード": "N.S2N13A", "緯度（度）": 37.3003, "経度（度）": 141.5709, "高さ（ｍ）": "-212", "測器の深度（ｍ）": "1", "維持管理機関名": "防災科学技術研究所", "維持管理機関名（英語）": "NIED", "観測開始年（西暦）": "2020", "同月": "4", "観測機器名または観測項目": "海底地震計" }, "geometry": { "type": "Point", "coordinates": [ 141.5709, 37.3003 ] } },
{ "type": "Feature", "properties": { "観測の種類": "高感度（海底地震）", "name": "S-net S2N14地震計", "観測点名ローマ字": "S2N14", "観測点コード": "N.S2N14", "緯度（度）": 37.0952, "経度（度）": 141.3703, "高さ（ｍ）": "-162", "測器の深度（ｍ）": "1", "維持管理機関名": "防災科学技術研究所", "維持管理機関名（英語）": "NIED", "観測開始年（西暦）": "2016", "同月": "4", "観測機器名または観測項目": "海底地震計" }, "geometry": { "type": "Point", "coordinates": [ 141.3703, 37.0952 ] } },
{ "type": "Feature", "properties": { "観測の種類": "高感度（海底地震）", "name": "S-net S2N15地震計", "観測点名ローマ字": "S2N15", "観測点コード": "N.S2N15", "緯度（度）": 36.8344, "経度（度）": 141.3307, "高さ（ｍ）": "-264", "測器の深度（ｍ）": "1", "維持管理機関名": "防災科学技術研究所", "維持管理機関名（英語）": "NIED", "観測開始年（西暦）": "2016", "同月": "4", "観測機器名または観測項目": "海底地震計" }, "geometry": { "type": "Point", "coordinates": [ 141.3307, 36.8344 ] } },
{ "type": "Feature", "properties": { "観測の種類": "高感度（海底地震）", "name": "S-net S2N16地震計", "観測点名ローマ字": "S2N16", "観測点コード": "N.S2N16", "緯度（度）": 36.662, "経度（度）": 141.5207, "高さ（ｍ）": "-874", "測器の深度（ｍ）": "1", "維持管理機関名": "防災科学技術研究所", "維持管理機関名（英語）": "NIED", "観測開始年（西暦）": "2016", "同月": "4", "観測機器名または観測項目": "海底地震計" }, "geometry": { "type": "Point", "coordinates": [ 141.5207, 36.662 ] } },
{ "type": "Feature", "properties": { "観測の種類": "高感度（海底地震）", "name": "S-net S2N17地震計", "観測点名ローマ字": "S2N17", "観測点コード": "N.S2N17", "緯度（度）": 36.6337, "経度（度）": 141.8389, "高さ（ｍ）": "-2247", "測器の深度（ｍ）": null, "維持管理機関名": "防災科学技術研究所", "維持管理機関名（英語）": "NIED", "観測開始年（西暦）": "2016", "同月": "4", "観測機器名または観測項目": "海底地震計" }, "geometry": { "type": "Point", "coordinates": [ 141.8389, 36.6337 ] } },
{ "type": "Feature", "properties": { "観測の種類": "高感度（海底地震）", "name": "S-net S2N18地震計", "観測点名ローマ字": "S2N18", "観測点コード": "N.S2N18", "緯度（度）": 36.6824, "経度（度）": 142.1445, "高さ（ｍ）": "-2460", "測器の深度（ｍ）": null, "維持管理機関名": "防災科学技術研究所", "維持管理機関名（英語）": "NIED", "観測開始年（西暦）": "2016", "同月": "4", "観測機器名または観測項目": "海底地震計" }, "geometry": { "type": "Point", "coordinates": [ 142.1445, 36.6824 ] } },
{ "type": "Feature", "properties": { "観測の種類": "高感度（海底地震）", "name": "S-net S2N19地震計", "観測点名ローマ字": "S2N19", "観測点コード": "N.S2N19", "緯度（度）": 36.5986, "経度（度）": 142.4389, "高さ（ｍ）": "-3425", "測器の深度（ｍ）": null, "維持管理機関名": "防災科学技術研究所", "維持管理機関名（英語）": "NIED", "観測開始年（西暦）": "2016", "同月": "4", "観測機器名または観測項目": "海底地震計" }, "geometry": { "type": "Point", "coordinates": [ 142.4389, 36.5986 ] } },
{ "type": "Feature", "properties": { "観測の種類": "高感度（海底地震）", "name": "S-net S2N20地震計", "観測点名ローマ字": "S2N20", "観測点コード": "N.S2N20", "緯度（度）": 36.3885, "経度（度）": 142.6164, "高さ（ｍ）": "-5770", "測器の深度（ｍ）": null, "維持管理機関名": "防災科学技術研究所", "維持管理機関名（英語）": "NIED", "観測開始年（西暦）": "2016", "同月": "4", "観測機器名または観測項目": "海底地震計" }, "geometry": { "type": "Point", "coordinates": [ 142.6164, 36.3885 ] } },
{ "type": "Feature", "properties": { "観測の種類": "高感度（海底地震）", "name": "S-net S2N21地震計", "観測点名ローマ字": "S2N21", "観測点コード": "N.S2N21", "緯度（度）": 36.1577, "経度（度）": 142.5553, "高さ（ｍ）": "-6230", "測器の深度（ｍ）": null, "維持管理機関名": "防災科学技術研究所", "維持管理機関名（英語）": "NIED", "観測開始年（西暦）": "2016", "同月": "4", "観測機器名または観測項目": "海底地震計" }, "geometry": { "type": "Point", "coordinates": [ 142.5553, 36.1577 ] } },
{ "type": "Feature", "properties": { "観測の種類": "高感度（海底地震）", "name": "S-net S2N22地震計", "観測点名ローマ字": "S2N22", "観測点コード": "N.S2N22", "緯度（度）": 35.9463, "経度（度）": 142.4014, "高さ（ｍ）": "-4492", "測器の深度（ｍ）": null, "維持管理機関名": "防災科学技術研究所", "維持管理機関名（英語）": "NIED", "観測開始年（西暦）": "2016", "同月": "4", "観測機器名または観測項目": "海底地震計" }, "geometry": { "type": "Point", "coordinates": [ 142.4014, 35.9463 ] } },
{ "type": "Feature", "properties": { "観測の種類": "高感度（海底地震）", "name": "S-net S2N23地震計", "観測点名ローマ字": "S2N23", "観測点コード": "N.S2N23", "緯度（度）": 35.9677, "経度（度）": 142.1138, "高さ（ｍ）": "-3881", "測器の深度（ｍ）": null, "維持管理機関名": "防災科学技術研究所", "維持管理機関名（英語）": "NIED", "観測開始年（西暦）": "2016", "同月": "4", "観測機器名または観測項目": "海底地震計" }, "geometry": { "type": "Point", "coordinates": [ 142.1138, 35.9677 ] } },
{ "type": "Feature", "properties": { "観測の種類": "高感度（海底地震）", "name": "S-net S2N24地震計", "観測点名ローマ字": "S2N24", "観測点コード": "N.S2N24", "緯度（度）": 35.9976, "経度（度）": 141.7944, "高さ（ｍ）": "-2310", "測器の深度（ｍ）": null, "維持管理機関名": "防災科学技術研究所", "維持管理機関名（英語）": "NIED", "観測開始年（西暦）": "2016", "同月": "4", "観測機器名または観測項目": "海底地震計" }, "geometry": { "type": "Point", "coordinates": [ 141.7944, 35.9976 ] } },
{ "type": "Feature", "properties": { "観測の種類": "高感度（海底地震）", "name": "S-net S2N25地震計", "観測点名ローマ字": "S2N25", "観測点コード": "N.S2N25", "緯度（度）": 36.0729, "経度（度）": 141.5095, "高さ（ｍ）": "-1887", "測器の深度（ｍ）": null, "維持管理機関名": "防災科学技術研究所", "維持管理機関名（英語）": "NIED", "観測開始年（西暦）": "2016", "同月": "4", "観測機器名または観測項目": "海底地震計" }, "geometry": { "type": "Point", "coordinates": [ 141.5095, 36.0729 ] } },
{ "type": "Feature", "properties": { "観測の種類": "高感度（海底地震）", "name": "S-net S2N26地震計", "観測点名ローマ字": "S2N26", "観測点コード": "N.S2N26", "緯度（度）": 36.1442, "経度（度）": 141.2021, "高さ（ｍ）": "-730", "測器の深度（ｍ）": "1", "維持管理機関名": "防災科学技術研究所", "維持管理機関名（英語）": "NIED", "観測開始年（西暦）": "2016", "同月": "4", "観測機器名または観測項目": "海底地震計" }, "geometry": { "type": "Point", "coordinates": [ 141.2021, 36.1442 ] } },
{ "type": "Feature", "properties": { "観測の種類": "高感度（海底地震）", "name": "S-net S3N01地震計", "観測点名ローマ字": "S3N01", "観測点コード": "N.S3N01", "緯度（度）": 39.4497, "経度（度）": 142.4578, "高さ（ｍ）": "-940", "測器の深度（ｍ）": "1", "維持管理機関名": "防災科学技術研究所", "維持管理機関名（英語）": "NIED", "観測開始年（西暦）": "2016", "同月": "4", "観測機器名または観測項目": "海底地震計" }, "geometry": { "type": "Point", "coordinates": [ 142.4578, 39.4497 ] } },
{ "type": "Feature", "properties": { "観測の種類": "高感度（海底地震）", "name": "S-net S3N02地震計", "観測点名ローマ字": "S3N02", "観測点コード": "N.S3N02", "緯度（度）": 39.3746, "経度（度）": 142.7918, "高さ（ｍ）": "-1622", "測器の深度（ｍ）": null, "維持管理機関名": "防災科学技術研究所", "維持管理機関名（英語）": "NIED", "観測開始年（西暦）": "2016", "同月": "4", "観測機器名または観測項目": "海底地震計" }, "geometry": { "type": "Point", "coordinates": [ 142.7918, 39.3746 ] } },
{ "type": "Feature", "properties": { "観測の種類": "高感度（海底地震）", "name": "S-net S3N03地震計", "観測点名ローマ字": "S3N03", "観測点コード": "N.S3N03", "緯度（度）": 39.3231, "経度（度）": 143.1206, "高さ（ｍ）": "-1890", "測器の深度（ｍ）": null, "維持管理機関名": "防災科学技術研究所", "維持管理機関名（英語）": "NIED", "観測開始年（西暦）": "2016", "同月": "4", "観測機器名または観測項目": "海底地震計" }, "geometry": { "type": "Point", "coordinates": [ 143.1206, 39.3231 ] } },
{ "type": "Feature", "properties": { "観測の種類": "高感度（海底地震）", "name": "S-net S3N04地震計", "観測点名ローマ字": "S3N04", "観測点コード": "N.S3N04", "緯度（度）": 39.2958, "経度（度）": 143.4544, "高さ（ｍ）": "-2490", "測器の深度（ｍ）": null, "維持管理機関名": "防災科学技術研究所", "維持管理機関名（英語）": "NIED", "観測開始年（西暦）": "2016", "同月": "4", "観測機器名または観測項目": "海底地震計" }, "geometry": { "type": "Point", "coordinates": [ 143.4544, 39.2958 ] } },
{ "type": "Feature", "properties": { "観測の種類": "高感度（海底地震）", "name": "S-net S3N05地震計", "観測点名ローマ字": "S3N05", "観測点コード": "N.S3N05", "緯度（度）": 39.1906, "経度（度）": 143.7499, "高さ（ｍ）": "-4308", "測器の深度（ｍ）": null, "維持管理機関名": "防災科学技術研究所", "維持管理機関名（英語）": "NIED", "観測開始年（西暦）": "2016", "同月": "4", "観測機器名または観測項目": "海底地震計" }, "geometry": { "type": "Point", "coordinates": [ 143.7499, 39.1906 ] } },
{ "type": "Feature", "properties": { "観測の種類": "高感度（海底地震）", "name": "S-net S3N06地震計", "観測点名ローマ字": "S3N06", "観測点コード": "N.S3N06", "緯度（度）": 39.0459, "経度（度）": 143.9305, "高さ（ｍ）": "-5440", "測器の深度（ｍ）": null, "維持管理機関名": "防災科学技術研究所", "維持管理機関名（英語）": "NIED", "観測開始年（西暦）": "2016", "同月": "4", "観測機器名または観測項目": "海底地震計" }, "geometry": { "type": "Point", "coordinates": [ 143.9305, 39.0459 ] } },
{ "type": "Feature", "properties": { "観測の種類": "高感度（海底地震）", "name": "S-net S3N07地震計", "観測点名ローマ字": "S3N07", "観測点コード": "N.S3N07", "緯度（度）": 38.8308, "経度（度）": 143.7846, "高さ（ｍ）": "-5231", "測器の深度（ｍ）": null, "維持管理機関名": "防災科学技術研究所", "維持管理機関名（英語）": "NIED", "観測開始年（西暦）": "2016", "同月": "4", "観測機器名または観測項目": "海底地震計" }, "geometry": { "type": "Point", "coordinates": [ 143.7846, 38.8308 ] } },
{ "type": "Feature", "properties": { "観測の種類": "高感度（海底地震）", "name": "S-net S3N08地震計", "観測点名ローマ字": "S3N08", "観測点コード": "N.S3N08", "緯度（度）": 38.7826, "経度（度）": 143.4769, "高さ（ｍ）": "-2465", "測器の深度（ｍ）": null, "維持管理機関名": "防災科学技術研究所", "維持管理機関名（英語）": "NIED", "観測開始年（西暦）": "2016", "同月": "4", "観測機器名または観測項目": "海底地震計" }, "geometry": { "type": "Point", "coordinates": [ 143.4769, 38.7826 ] } },
{ "type": "Feature", "properties": { "観測の種類": "高感度（海底地震）", "name": "S-net S3N09地震計", "観測点名ローマ字": "S3N09", "観測点コード": "N.S3N09", "緯度（度）": 38.7739, "経度（度）": 143.1437, "高さ（ｍ）": "-1779", "測器の深度（ｍ）": null, "維持管理機関名": "防災科学技術研究所", "維持管理機関名（英語）": "NIED", "観測開始年（西暦）": "2016", "同月": "4", "観測機器名または観測項目": "海底地震計" }, "geometry": { "type": "Point", "coordinates": [ 143.1437, 38.7739 ] } },
{ "type": "Feature", "properties": { "観測の種類": "高感度（海底地震）", "name": "S-net S3N10地震計", "観測点名ローマ字": "S3N10", "観測点コード": "N.S3N10", "緯度（度）": 38.8668, "経度（度）": 142.8212, "高さ（ｍ）": "-1310", "測器の深度（ｍ）": "1", "維持管理機関名": "防災科学技術研究所", "維持管理機関名（英語）": "NIED", "観測開始年（西暦）": "2016", "同月": "4", "観測機器名または観測項目": "海底地震計" }, "geometry": { "type": "Point", "coordinates": [ 142.8212, 38.8668 ] } },
{ "type": "Feature", "properties": { "観測の種類": "高感度（海底地震）", "name": "S-net S3N11地震計", "観測点名ローマ字": "S3N11", "観測点コード": "N.S3N11", "緯度（度）": 38.9349, "経度（度）": 142.4873, "高さ（ｍ）": "-1168", "測器の深度（ｍ）": "1", "維持管理機関名": "防災科学技術研究所", "維持管理機関名（英語）": "NIED", "観測開始年（西暦）": "2016", "同月": "4", "観測機器名または観測項目": "海底地震計" }, "geometry": { "type": "Point", "coordinates": [ 142.4873, 38.9349 ] } },
{ "type": "Feature", "properties": { "観測の種類": "高感度（海底地震）", "name": "S-net S3N12地震計", "観測点名ローマ字": "S3N12", "観測点コード": "N.S3N12", "緯度（度）": 38.8412, "経度（度）": 142.1816, "高さ（ｍ）": "-558", "測器の深度（ｍ）": "1", "維持管理機関名": "防災科学技術研究所", "維持管理機関名（英語）": "NIED", "観測開始年（西暦）": "2016", "同月": "4", "観測機器名または観測項目": "海底地震計" }, "geometry": { "type": "Point", "coordinates": [ 142.1816, 38.8412 ] } },
{ "type": "Feature", "properties": { "観測の種類": "高感度（海底地震）", "name": "S-net S3N13地震計", "観測点名ローマ字": "S3N13", "観測点コード": "N.S3N13", "緯度（度）": 38.5901, "経度（度）": 142.1816, "高さ（ｍ）": "-573", "測器の深度（ｍ）": "1", "維持管理機関名": "防災科学技術研究所", "維持管理機関名（英語）": "NIED", "観測開始年（西暦）": "2016", "同月": "4", "観測機器名または観測項目": "海底地震計" }, "geometry": { "type": "Point", "coordinates": [ 142.1816, 38.5901 ] } },
{ "type": "Feature", "properties": { "観測の種類": "高感度（海底地震）", "name": "S-net S3N14地震計", "観測点名ローマ字": "S3N14", "観測点コード": "N.S3N14", "緯度（度）": 38.4993, "経度（度）": 142.5002, "高さ（ｍ）": "-1092", "測器の深度（ｍ）": "1", "維持管理機関名": "防災科学技術研究所", "維持管理機関名（英語）": "NIED", "観測開始年（西暦）": "2016", "同月": "4", "観測機器名または観測項目": "海底地震計" }, "geometry": { "type": "Point", "coordinates": [ 142.5002, 38.4993 ] } },
{ "type": "Feature", "properties": { "観測の種類": "高感度（海底地震）", "name": "S-net S3N15地震計", "観測点名ローマ字": "S3N15", "観測点コード": "N.S3N15", "緯度（度）": 38.4487, "経度（度）": 142.8376, "高さ（ｍ）": "-1472", "測器の深度（ｍ）": "1", "維持管理機関名": "防災科学技術研究所", "維持管理機関名（英語）": "NIED", "観測開始年（西暦）": "2016", "同月": "4", "観測機器名または観測項目": "海底地震計" }, "geometry": { "type": "Point", "coordinates": [ 142.8376, 38.4487 ] } },
{ "type": "Feature", "properties": { "観測の種類": "高感度（海底地震）", "name": "S-net S3N16地震計", "観測点名ローマ字": "S3N16", "観測点コード": "N.S3N16", "緯度（度）": 38.4262, "経度（度）": 143.1703, "高さ（ｍ）": "-2420", "測器の深度（ｍ）": null, "維持管理機関名": "防災科学技術研究所", "維持管理機関名（英語）": "NIED", "観測開始年（西暦）": "2016", "同月": "4", "観測機器名または観測項目": "海底地震計" }, "geometry": { "type": "Point", "coordinates": [ 143.1703, 38.4262 ] } },
{ "type": "Feature", "properties": { "観測の種類": "高感度（海底地震）", "name": "S-net S3N17地震計", "観測点名ローマ字": "S3N17", "観測点コード": "N.S3N17", "緯度（度）": 38.3978, "経度（度）": 143.5139, "高さ（ｍ）": "-3020", "測器の深度（ｍ）": null, "維持管理機関名": "防災科学技術研究所", "維持管理機関名（英語）": "NIED", "観測開始年（西暦）": "2016", "同月": "4", "観測機器名または観測項目": "海底地震計" }, "geometry": { "type": "Point", "coordinates": [ 143.5139, 38.3978 ] } },
{ "type": "Feature", "properties": { "観測の種類": "高感度（海底地震）", "name": "S-net S3N18地震計", "観測点名ローマ字": "S3N18", "観測点コード": "N.S3N18", "緯度（度）": 38.3063, "経度（度）": 143.781, "高さ（ｍ）": "-5528", "測器の深度（ｍ）": null, "維持管理機関名": "防災科学技術研究所", "維持管理機関名（英語）": "NIED", "観測開始年（西暦）": "2016", "同月": "4", "観測機器名または観測項目": "海底地震計" }, "geometry": { "type": "Point", "coordinates": [ 143.781, 38.3063 ] } },
{ "type": "Feature", "properties": { "観測の種類": "高感度（海底地震）", "name": "S-net S3N19地震計", "観測点名ローマ字": "S3N19", "観測点コード": "N.S3N19", "緯度（度）": 38.0594, "経度（度）": 143.7441, "高さ（ｍ）": "-5591", "測器の深度（ｍ）": null, "維持管理機関名": "防災科学技術研究所", "維持管理機関名（英語）": "NIED", "観測開始年（西暦）": "2016", "同月": "4", "観測機器名または観測項目": "海底地震計" }, "geometry": { "type": "Point", "coordinates": [ 143.7441, 38.0594 ] } },
{ "type": "Feature", "properties": { "観測の種類": "高感度（海底地震）", "name": "S-net S3N20地震計", "観測点名ローマ字": "S3N20", "観測点コード": "N.S3N20", "緯度（度）": 37.9311, "経度（度）": 143.5675, "高さ（ｍ）": "-5225", "測器の深度（ｍ）": null, "維持管理機関名": "防災科学技術研究所", "維持管理機関名（英語）": "NIED", "観測開始年（西暦）": "2016", "同月": "4", "観測機器名または観測項目": "海底地震計" }, "geometry": { "type": "Point", "coordinates": [ 143.5675, 37.9311 ] } },
{ "type": "Feature", "properties": { "観測の種類": "高感度（海底地震）", "name": "S-net S3N21地震計", "観測点名ローマ字": "S3N21", "観測点コード": "N.S3N21", "緯度（度）": 37.9713, "経度（度）": 143.2454, "高さ（ｍ）": "-2779", "測器の深度（ｍ）": null, "維持管理機関名": "防災科学技術研究所", "維持管理機関名（英語）": "NIED", "観測開始年（西暦）": "2016", "同月": "4", "観測機器名または観測項目": "海底地震計" }, "geometry": { "type": "Point", "coordinates": [ 143.2454, 37.9713 ] } },
{ "type": "Feature", "properties": { "観測の種類": "高感度（海底地震）", "name": "S-net S3N22地震計", "観測点名ローマ字": "S3N22", "観測点コード": "N.S3N22", "緯度（度）": 37.9838, "経度（度）": 142.9072, "高さ（ｍ）": "-1645", "測器の深度（ｍ）": null, "維持管理機関名": "防災科学技術研究所", "維持管理機関名（英語）": "NIED", "観測開始年（西暦）": "2016", "同月": "4", "観測機器名または観測項目": "海底地震計" }, "geometry": { "type": "Point", "coordinates": [ 142.9072, 37.9838 ] } },
{ "type": "Feature", "properties": { "観測の種類": "高感度（海底地震）", "name": "S-net S3N23地震計", "観測点名ローマ字": "S3N23", "観測点コード": "N.S3N23", "緯度（度）": 38.027, "経度（度）": 142.5735, "高さ（ｍ）": "-1220", "測器の深度（ｍ）": "1", "維持管理機関名": "防災科学技術研究所", "維持管理機関名（英語）": "NIED", "観測開始年（西暦）": "2016", "同月": "4", "観測機器名または観測項目": "海底地震計" }, "geometry": { "type": "Point", "coordinates": [ 142.5735, 38.027 ] } },
{ "type": "Feature", "properties": { "観測の種類": "高感度（海底地震）", "name": "S-net S3N24地震計", "観測点名ローマ字": "S3N24", "観測点コード": "N.S3N24", "緯度（度）": 38.0569, "経度（度）": 142.234, "高さ（ｍ）": "-849", "測器の深度（ｍ）": "1", "維持管理機関名": "防災科学技術研究所", "維持管理機関名（英語）": "NIED", "観測開始年（西暦）": "2016", "同月": "4", "観測機器名または観測項目": "海底地震計" }, "geometry": { "type": "Point", "coordinates": [ 142.234, 38.0569 ] } },
{ "type": "Feature", "properties": { "観測の種類": "高感度（海底地震）", "name": "S-net S3N25地震計", "観測点名ローマ字": "S3N25", "観測点コード": "N.S3N25", "緯度（度）": 38.0972, "経度（度）": 141.8957, "高さ（ｍ）": "-230", "測器の深度（ｍ）": "1", "維持管理機関名": "防災科学技術研究所", "維持管理機関名（英語）": "NIED", "観測開始年（西暦）": "2016", "同月": "4", "観測機器名または観測項目": "海底地震計" }, "geometry": { "type": "Point", "coordinates": [ 141.8957, 38.0972 ] } },
{ "type": "Feature", "properties": { "観測の種類": "高感度（海底地震）", "name": "S-net S3N26地震計", "観測点名ローマ字": "S3N26", "観測点コード": "N.S3N26", "緯度（度）": 38.106, "経度（度）": 141.5572, "高さ（ｍ）": "-128", "測器の深度（ｍ）": "1", "維持管理機関名": "防災科学技術研究所", "維持管理機関名（英語）": "NIED", "観測開始年（西暦）": "2016", "同月": "4", "観測機器名または観測項目": "海底地震計" }, "geometry": { "type": "Point", "coordinates": [ 141.5572, 38.106 ] } },
{ "type": "Feature", "properties": { "観測の種類": "高感度（海底地震）", "name": "S-net S4N01地震計", "観測点名ローマ字": "S4N01", "観測点コード": "N.S4N01", "緯度（度）": 40.7881, "経度（度）": 141.7895, "高さ（ｍ）": "-139", "測器の深度（ｍ）": "1", "維持管理機関名": "防災科学技術研究所", "維持管理機関名（英語）": "NIED", "観測開始年（西暦）": "2016", "同月": "4", "観測機器名または観測項目": "海底地震計" }, "geometry": { "type": "Point", "coordinates": [ 141.7895, 40.7881 ] } },
{ "type": "Feature", "properties": { "観測の種類": "高感度（海底地震）", "name": "S-net S4N02地震計", "観測点名ローマ字": "S4N02", "観測点コード": "N.S4N02", "緯度（度）": 40.9069, "経度（度）": 142.1057, "高さ（ｍ）": "-858", "測器の深度（ｍ）": "1", "維持管理機関名": "防災科学技術研究所", "維持管理機関名（英語）": "NIED", "観測開始年（西暦）": "2016", "同月": "4", "観測機器名または観測項目": "海底地震計" }, "geometry": { "type": "Point", "coordinates": [ 142.1057, 40.9069 ] } },
{ "type": "Feature", "properties": { "観測の種類": "高感度（海底地震）", "name": "S-net S4N03地震計", "観測点名ローマ字": "S4N03", "観測点コード": "N.S4N03", "緯度（度）": 41.0156, "経度（度）": 142.4314, "高さ（ｍ）": "-1425", "測器の深度（ｍ）": "1", "維持管理機関名": "防災科学技術研究所", "維持管理機関名（英語）": "NIED", "観測開始年（西暦）": "2016", "同月": "4", "観測機器名または観測項目": "海底地震計" }, "geometry": { "type": "Point", "coordinates": [ 142.4314, 41.0156 ] } },
{ "type": "Feature", "properties": { "観測の種類": "高感度（海底地震）", "name": "S-net S4N04地震計", "観測点名ローマ字": "S4N04", "観測点コード": "N.S4N04", "緯度（度）": 41.0762, "経度（度）": 142.7706, "高さ（ｍ）": "-1798", "測器の深度（ｍ）": null, "維持管理機関名": "防災科学技術研究所", "維持管理機関名（英語）": "NIED", "観測開始年（西暦）": "2016", "同月": "4", "観測機器名または観測項目": "海底地震計" }, "geometry": { "type": "Point", "coordinates": [ 142.7706, 41.0762 ] } },
{ "type": "Feature", "properties": { "観測の種類": "高感度（海底地震）", "name": "S-net S4N05地震計", "観測点名ローマ字": "S4N05", "観測点コード": "N.S4N05", "緯度（度）": 41.0443, "経度（度）": 143.1138, "高さ（ｍ）": "-1940", "測器の深度（ｍ）": null, "維持管理機関名": "防災科学技術研究所", "維持管理機関名（英語）": "NIED", "観測開始年（西暦）": "2016", "同月": "4", "観測機器名または観測項目": "海底地震計" }, "geometry": { "type": "Point", "coordinates": [ 143.1138, 41.0443 ] } },
{ "type": "Feature", "properties": { "観測の種類": "高感度（海底地震）", "name": "S-net S4N06地震計", "観測点名ローマ字": "S4N06", "観測点コード": "N.S4N06", "緯度（度）": 40.9718, "経度（度）": 143.4481, "高さ（ｍ）": "-1970", "測器の深度（ｍ）": null, "維持管理機関名": "防災科学技術研究所", "維持管理機関名（英語）": "NIED", "観測開始年（西暦）": "2016", "同月": "4", "観測機器名または観測項目": "海底地震計" }, "geometry": { "type": "Point", "coordinates": [ 143.4481, 40.9718 ] } },
{ "type": "Feature", "properties": { "観測の種類": "高感度（海底地震）", "name": "S-net S4N07地震計", "観測点名ローマ字": "S4N07", "観測点コード": "N.S4N07", "緯度（度）": 40.882, "経度（度）": 143.7746, "高さ（ｍ）": "-2613", "測器の深度（ｍ）": null, "維持管理機関名": "防災科学技術研究所", "維持管理機関名（英語）": "NIED", "観測開始年（西暦）": "2016", "同月": "4", "観測機器名または観測項目": "海底地震計" }, "geometry": { "type": "Point", "coordinates": [ 143.7746, 40.882 ] } },
{ "type": "Feature", "properties": { "観測の種類": "高感度（海底地震）", "name": "S-net S4N08地震計", "観測点名ローマ字": "S4N08", "観測点コード": "N.S4N08", "緯度（度）": 40.7805, "経度（度）": 144.0905, "高さ（ｍ）": "-5060", "測器の深度（ｍ）": null, "維持管理機関名": "防災科学技術研究所", "維持管理機関名（英語）": "NIED", "観測開始年（西暦）": "2016", "同月": "4", "観測機器名または観測項目": "海底地震計" }, "geometry": { "type": "Point", "coordinates": [ 144.0905, 40.7805 ] } },
{ "type": "Feature", "properties": { "観測の種類": "高感度（海底地震）", "name": "S-net S4N09地震計", "観測点名ローマ字": "S4N09", "観測点コード": "N.S4N09", "緯度（度）": 40.5521, "経度（度）": 144.1332, "高さ（ｍ）": "-5095", "測器の深度（ｍ）": null, "維持管理機関名": "防災科学技術研究所", "維持管理機関名（英語）": "NIED", "観測開始年（西暦）": "2016", "同月": "4", "観測機器名または観測項目": "海底地震計" }, "geometry": { "type": "Point", "coordinates": [ 144.1332, 40.5521 ] } },
{ "type": "Feature", "properties": { "観測の種類": "高感度（海底地震）", "name": "S-net S4N10地震計", "観測点名ローマ字": "S4N10", "観測点コード": "N.S4N10", "緯度（度）": 40.4327, "経度（度）": 143.8887, "高さ（ｍ）": "-3897", "測器の深度（ｍ）": null, "維持管理機関名": "防災科学技術研究所", "維持管理機関名（英語）": "NIED", "観測開始年（西暦）": "2016", "同月": "4", "観測機器名または観測項目": "海底地震計" }, "geometry": { "type": "Point", "coordinates": [ 143.8887, 40.4327 ] } },
{ "type": "Feature", "properties": { "観測の種類": "高感度（海底地震）", "name": "S-net S4N11地震計", "観測点名ローマ字": "S4N11", "観測点コード": "N.S4N11", "緯度（度）": 40.4353, "経度（度）": 143.543, "高さ（ｍ）": "-2273", "測器の深度（ｍ）": null, "維持管理機関名": "防災科学技術研究所", "維持管理機関名（英語）": "NIED", "観測開始年（西暦）": "2016", "同月": "4", "観測機器名または観測項目": "海底地震計" }, "geometry": { "type": "Point", "coordinates": [ 143.543, 40.4353 ] } },
{ "type": "Feature", "properties": { "観測の種類": "高感度（海底地震）", "name": "S-net S4N12地震計", "観測点名ローマ字": "S4N12", "観測点コード": "N.S4N12", "緯度（度）": 40.4515, "経度（度）": 143.2015, "高さ（ｍ）": "-1711", "測器の深度（ｍ）": null, "維持管理機関名": "防災科学技術研究所", "維持管理機関名（英語）": "NIED", "観測開始年（西暦）": "2016", "同月": "4", "観測機器名または観測項目": "海底地震計" }, "geometry": { "type": "Point", "coordinates": [ 143.2015, 40.4515 ] } },
{ "type": "Feature", "properties": { "観測の種類": "高感度（海底地震）", "name": "S-net S4N13地震計", "観測点名ローマ字": "S4N13", "観測点コード": "N.S4N13", "緯度（度）": 40.5196, "経度（度）": 142.9617, "高さ（ｍ）": "-1537", "測器の深度（ｍ）": null, "維持管理機関名": "防災科学技術研究所", "維持管理機関名（英語）": "NIED", "観測開始年（西暦）": "2016", "同月": "4", "観測機器名または観測項目": "海底地震計" }, "geometry": { "type": "Point", "coordinates": [ 142.9617, 40.5196 ] } },
{ "type": "Feature", "properties": { "観測の種類": "高感度（海底地震）", "name": "S-net S4N14地震計", "観測点名ローマ字": "S4N14", "観測点コード": "N.S4N14", "緯度（度）": 40.5927, "経度（度）": 142.634, "高さ（ｍ）": "-1393", "測器の深度（ｍ）": "1", "維持管理機関名": "防災科学技術研究所", "維持管理機関名（英語）": "NIED", "観測開始年（西暦）": "2016", "同月": "4", "観測機器名または観測項目": "海底地震計" }, "geometry": { "type": "Point", "coordinates": [ 142.634, 40.5927 ] } },
{ "type": "Feature", "properties": { "観測の種類": "高感度（海底地震）", "name": "S-net S4N15地震計", "観測点名ローマ字": "S4N15", "観測点コード": "N.S4N15", "緯度（度）": 40.5933, "経度（度）": 142.2844, "高さ（ｍ）": "-816", "測器の深度（ｍ）": "1", "維持管理機関名": "防災科学技術研究所", "維持管理機関名（英語）": "NIED", "観測開始年（西暦）": "2016", "同月": "4", "観測機器名または観測項目": "海底地震計" }, "geometry": { "type": "Point", "coordinates": [ 142.2844, 40.5933 ] } },
{ "type": "Feature", "properties": { "観測の種類": "高感度（海底地震）", "name": "S-net S4N16地震計", "観測点名ローマ字": "S4N16", "観測点コード": "N.S4N16", "緯度（度）": 40.3295, "経度（度）": 142.2673, "高さ（ｍ）": "-559", "測器の深度（ｍ）": "1", "維持管理機関名": "防災科学技術研究所", "維持管理機関名（英語）": "NIED", "観測開始年（西暦）": "2016", "同月": "4", "観測機器名または観測項目": "海底地震計" }, "geometry": { "type": "Point", "coordinates": [ 142.2673, 40.3295 ] } },
{ "type": "Feature", "properties": { "観測の種類": "高感度（海底地震）", "name": "S-net S4N17地震計", "観測点名ローマ字": "S4N17", "観測点コード": "N.S4N17", "緯度（度）": 40.1165, "経度（度）": 142.3926, "高さ（ｍ）": "-681", "測器の深度（ｍ）": "1", "維持管理機関名": "防災科学技術研究所", "維持管理機関名（英語）": "NIED", "観測開始年（西暦）": "2016", "同月": "4", "観測機器名または観測項目": "海底地震計" }, "geometry": { "type": "Point", "coordinates": [ 142.3926, 40.1165 ] } },
{ "type": "Feature", "properties": { "観測の種類": "高感度（海底地震）", "name": "S-net S4N18地震計", "観測点名ローマ字": "S4N18", "観測点コード": "N.S4N18", "緯度（度）": 40.1088, "経度（度）": 142.6222, "高さ（ｍ）": "-969", "測器の深度（ｍ）": "1", "維持管理機関名": "防災科学技術研究所", "維持管理機関名（英語）": "NIED", "観測開始年（西暦）": "2016", "同月": "4", "観測機器名または観測項目": "海底地震計" }, "geometry": { "type": "Point", "coordinates": [ 142.6222, 40.1088 ] } },
{ "type": "Feature", "properties": { "観測の種類": "高感度（海底地震）", "name": "S-net S4N19地震計", "観測点名ローマ字": "S4N19", "観測点コード": "N.S4N19", "緯度（度）": 40.0904, "経度（度）": 142.9695, "高さ（ｍ）": "-1256", "測器の深度（ｍ）": "1", "維持管理機関名": "防災科学技術研究所", "維持管理機関名（英語）": "NIED", "観測開始年（西暦）": "2016", "同月": "4", "観測機器名または観測項目": "海底地震計" }, "geometry": { "type": "Point", "coordinates": [ 142.9695, 40.0904 ] } },
{ "type": "Feature", "properties": { "観測の種類": "高感度（海底地震）", "name": "S-net S4N20地震計", "観測点名ローマ字": "S4N20", "観測点コード": "N.S4N20", "緯度（度）": 40.0743, "経度（度）": 143.321, "高さ（ｍ）": "-1329", "測器の深度（ｍ）": "1", "維持管理機関名": "防災科学技術研究所", "維持管理機関名（英語）": "NIED", "観測開始年（西暦）": "2016", "同月": "4", "観測機器名または観測項目": "海底地震計" }, "geometry": { "type": "Point", "coordinates": [ 143.321, 40.0743 ] } },
{ "type": "Feature", "properties": { "観測の種類": "高感度（海底地震）", "name": "S-net S4N21地震計", "観測点名ローマ字": "S4N21", "観測点コード": "N.S4N21", "緯度（度）": 40.0863, "経度（度）": 143.6572, "高さ（ｍ）": "-2456", "測器の深度（ｍ）": null, "維持管理機関名": "防災科学技術研究所", "維持管理機関名（英語）": "NIED", "観測開始年（西暦）": "2016", "同月": "4", "観測機器名または観測項目": "海底地震計" }, "geometry": { "type": "Point", "coordinates": [ 143.6572, 40.0863 ] } },
{ "type": "Feature", "properties": { "観測の種類": "高感度（海底地震）", "name": "S-net S4N22地震計", "観測点名ローマ字": "S4N22", "観測点コード": "N.S4N22", "緯度（度）": 40.026, "経度（度）": 143.9547, "高さ（ｍ）": "-4107", "測器の深度（ｍ）": null, "維持管理機関名": "防災科学技術研究所", "維持管理機関名（英語）": "NIED", "観測開始年（西暦）": "2016", "同月": "4", "観測機器名または観測項目": "海底地震計" }, "geometry": { "type": "Point", "coordinates": [ 143.9547, 40.026 ] } },
{ "type": "Feature", "properties": { "観測の種類": "高感度（海底地震）", "name": "S-net S4N23地震計", "観測点名ローマ字": "S4N23", "観測点コード": "N.S4N23", "緯度（度）": 39.7718, "経度（度）": 143.9259, "高さ（ｍ）": "-4358", "測器の深度（ｍ）": null, "維持管理機関名": "防災科学技術研究所", "維持管理機関名（英語）": "NIED", "観測開始年（西暦）": "2016", "同月": "4", "観測機器名または観測項目": "海底地震計" }, "geometry": { "type": "Point", "coordinates": [ 143.9259, 39.7718 ] } },
{ "type": "Feature", "properties": { "観測の種類": "高感度（海底地震）", "name": "S-net S4N24地震計", "観測点名ローマ字": "S4N24", "観測点コード": "N.S4N24", "緯度（度）": 39.6388, "経度（度）": 143.7154, "高さ（ｍ）": "-2936", "測器の深度（ｍ）": null, "維持管理機関名": "防災科学技術研究所", "維持管理機関名（英語）": "NIED", "観測開始年（西暦）": "2016", "同月": "4", "観測機器名または観測項目": "海底地震計" }, "geometry": { "type": "Point", "coordinates": [ 143.7154, 39.6388 ] } },
{ "type": "Feature", "properties": { "観測の種類": "高感度（海底地震）", "name": "S-net S4N25地震計", "観測点名ローマ字": "S4N25", "観測点コード": "N.S4N25", "緯度（度）": 39.6976, "経度（度）": 143.3749, "高さ（ｍ）": "-2228", "測器の深度（ｍ）": null, "維持管理機関名": "防災科学技術研究所", "維持管理機関名（英語）": "NIED", "観測開始年（西暦）": "2016", "同月": "4", "観測機器名または観測項目": "海底地震計" }, "geometry": { "type": "Point", "coordinates": [ 143.3749, 39.6976 ] } },
{ "type": "Feature", "properties": { "観測の種類": "高感度（海底地震）", "name": "S-net S4N26地震計", "観測点名ローマ字": "S4N26", "観測点コード": "N.S4N26", "緯度（度）": 39.7245, "経度（度）": 143.0384, "高さ（ｍ）": "-1569", "測器の深度（ｍ）": null, "維持管理機関名": "防災科学技術研究所", "維持管理機関名（英語）": "NIED", "観測開始年（西暦）": "2016", "同月": "4", "観測機器名または観測項目": "海底地震計" }, "geometry": { "type": "Point", "coordinates": [ 143.0384, 39.7245 ] } },
{ "type": "Feature", "properties": { "観測の種類": "高感度（海底地震）", "name": "S-net S4N27地震計", "観測点名ローマ字": "S4N27", "観測点コード": "N.S4N27", "緯度（度）": 39.7445, "経度（度）": 142.6903, "高さ（ｍ）": "-914", "測器の深度（ｍ）": "1", "維持管理機関名": "防災科学技術研究所", "維持管理機関名（英語）": "NIED", "観測開始年（西暦）": "2016", "同月": "4", "観測機器名または観測項目": "海底地震計" }, "geometry": { "type": "Point", "coordinates": [ 142.6903, 39.7445 ] } },
{ "type": "Feature", "properties": { "観測の種類": "高感度（海底地震）", "name": "S-net S4N28地震計", "観測点名ローマ字": "S4N28", "観測点コード": "N.S4N28", "緯度（度）": 39.7385, "経度（度）": 142.3408, "高さ（ｍ）": "-569", "測器の深度（ｍ）": "1", "維持管理機関名": "防災科学技術研究所", "維持管理機関名（英語）": "NIED", "観測開始年（西暦）": "2016", "同月": "4", "観測機器名または観測項目": "海底地震計" }, "geometry": { "type": "Point", "coordinates": [ 142.3408, 39.7385 ] } },
{ "type": "Feature", "properties": { "観測の種類": "高感度（海底地震）", "name": "S-net S5N01地震計", "観測点名ローマ字": "S5N01", "観測点コード": "N.S5N01", "緯度（度）": 42.7688, "経度（度）": 145.7115, "高さ（ｍ）": "-2052", "測器の深度（ｍ）": null, "維持管理機関名": "防災科学技術研究所", "維持管理機関名（英語）": "NIED", "観測開始年（西暦）": "2016", "同月": "4", "観測機器名または観測項目": "海底地震計" }, "geometry": { "type": "Point", "coordinates": [ 145.7115, 42.7688 ] } },
{ "type": "Feature", "properties": { "観測の種類": "高感度（海底地震）", "name": "S-net S5N02地震計", "観測点名ローマ字": "S5N02", "観測点コード": "N.S5N02", "緯度（度）": 42.6403, "経度（度）": 145.4063, "高さ（ｍ）": "-2042", "測器の深度（ｍ）": null, "維持管理機関名": "防災科学技術研究所", "維持管理機関名（英語）": "NIED", "観測開始年（西暦）": "2016", "同月": "4", "観測機器名または観測項目": "海底地震計" }, "geometry": { "type": "Point", "coordinates": [ 145.4063, 42.6403 ] } },
{ "type": "Feature", "properties": { "観測の種類": "高感度（海底地震）", "name": "S-net S5N03地震計", "観測点名ローマ字": "S5N03", "観測点コード": "N.S5N03", "緯度（度）": 42.4802, "経度（度）": 145.1433, "高さ（ｍ）": "-1985", "測器の深度（ｍ）": null, "維持管理機関名": "防災科学技術研究所", "維持管理機関名（英語）": "NIED", "観測開始年（西暦）": "2016", "同月": "4", "観測機器名または観測項目": "海底地震計" }, "geometry": { "type": "Point", "coordinates": [ 145.1433, 42.4802 ] } },
{ "type": "Feature", "properties": { "観測の種類": "高感度（海底地震）", "name": "S-net S5N04地震計", "観測点名ローマ字": "S5N04", "観測点コード": "N.S5N04", "緯度（度）": 42.2286, "経度（度）": 145.204, "高さ（ｍ）": "-3149", "測器の深度（ｍ）": null, "維持管理機関名": "防災科学技術研究所", "維持管理機関名（英語）": "NIED", "観測開始年（西暦）": "2016", "同月": "4", "観測機器名または観測項目": "海底地震計" }, "geometry": { "type": "Point", "coordinates": [ 145.204, 42.2286 ] } },
{ "type": "Feature", "properties": { "観測の種類": "高感度（海底地震）", "name": "S-net S5N05地震計", "観測点名ローマ字": "S5N05", "観測点コード": "N.S5N05", "緯度（度）": 42.0615, "経度（度）": 145.437, "高さ（ｍ）": "-3813", "測器の深度（ｍ）": null, "維持管理機関名": "防災科学技術研究所", "維持管理機関名（英語）": "NIED", "観測開始年（西暦）": "2016", "同月": "4", "観測機器名または観測項目": "海底地震計" }, "geometry": { "type": "Point", "coordinates": [ 145.437, 42.0615 ] } },
{ "type": "Feature", "properties": { "観測の種類": "高感度（海底地震）", "name": "S-net S5N06地震計", "観測点名ローマ字": "S5N06", "観測点コード": "N.S5N06", "緯度（度）": 41.884, "経度（度）": 145.6544, "高さ（ｍ）": "-5619", "測器の深度（ｍ）": null, "維持管理機関名": "防災科学技術研究所", "維持管理機関名（英語）": "NIED", "観測開始年（西暦）": "2016", "同月": "4", "観測機器名または観測項目": "海底地震計" }, "geometry": { "type": "Point", "coordinates": [ 145.6544, 41.884 ] } },
{ "type": "Feature", "properties": { "観測の種類": "高感度（海底地震）", "name": "S-net S5N07地震計", "観測点名ローマ字": "S5N07", "観測点コード": "N.S5N07", "緯度（度）": 41.6637, "経度（度）": 145.5291, "高さ（ｍ）": "-5953", "測器の深度（ｍ）": null, "維持管理機関名": "防災科学技術研究所", "維持管理機関名（英語）": "NIED", "観測開始年（西暦）": "2016", "同月": "4", "観測機器名または観測項目": "海底地震計" }, "geometry": { "type": "Point", "coordinates": [ 145.5291, 41.6637 ] } },
{ "type": "Feature", "properties": { "観測の種類": "高感度（海底地震）", "name": "S-net S5N08地震計", "観測点名ローマ字": "S5N08", "観測点コード": "N.S5N08", "緯度（度）": 41.5301, "経度（度）": 145.2483, "高さ（ｍ）": "-5980", "測器の深度（ｍ）": null, "維持管理機関名": "防災科学技術研究所", "維持管理機関名（英語）": "NIED", "観測開始年（西暦）": "2016", "同月": "4", "観測機器名または観測項目": "海底地震計" }, "geometry": { "type": "Point", "coordinates": [ 145.2483, 41.5301 ] } },
{ "type": "Feature", "properties": { "観測の種類": "高感度（海底地震）", "name": "S-net S5N09地震計", "観測点名ローマ字": "S5N09", "観測点コード": "N.S5N09", "緯度（度）": 41.521, "経度（度）": 144.905, "高さ（ｍ）": "-5100", "測器の深度（ｍ）": null, "維持管理機関名": "防災科学技術研究所", "維持管理機関名（英語）": "NIED", "観測開始年（西暦）": "2016", "同月": "4", "観測機器名または観測項目": "海底地震計" }, "geometry": { "type": "Point", "coordinates": [ 144.905, 41.521 ] } },
{ "type": "Feature", "properties": { "観測の種類": "高感度（海底地震）", "name": "S-net S5N10地震計", "観測点名ローマ字": "S5N10", "観測点コード": "N.S5N10", "緯度（度）": 41.6541, "経度（度）": 144.6716, "高さ（ｍ）": "-4103", "測器の深度（ｍ）": null, "維持管理機関名": "防災科学技術研究所", "維持管理機関名（英語）": "NIED", "観測開始年（西暦）": "2016", "同月": "4", "観測機器名または観測項目": "海底地震計" }, "geometry": { "type": "Point", "coordinates": [ 144.6716, 41.6541 ] } },
{ "type": "Feature", "properties": { "観測の種類": "高感度（海底地震）", "name": "S-net S5N11地震計", "観測点名ローマ字": "S5N11", "観測点コード": "N.S5N11", "緯度（度）": 41.9072, "経度（度）": 144.6955, "高さ（ｍ）": "-2093", "測器の深度（ｍ）": null, "維持管理機関名": "防災科学技術研究所", "維持管理機関名（英語）": "NIED", "観測開始年（西暦）": "2016", "同月": "4", "観測機器名または観測項目": "海底地震計" }, "geometry": { "type": "Point", "coordinates": [ 144.6955, 41.9072 ] } },
{ "type": "Feature", "properties": { "観測の種類": "高感度（海底地震）", "name": "S-net S5N12地震計", "観測点名ローマ字": "S5N12", "観測点コード": "N.S5N12", "緯度（度）": 42.0784, "経度（度）": 144.6375, "高さ（ｍ）": "-1772", "測器の深度（ｍ）": null, "維持管理機関名": "防災科学技術研究所", "維持管理機関名（英語）": "NIED", "観測開始年（西暦）": "2016", "同月": "4", "観測機器名または観測項目": "海底地震計" }, "geometry": { "type": "Point", "coordinates": [ 144.6375, 42.0784 ] } },
{ "type": "Feature", "properties": { "観測の種類": "高感度（海底地震）", "name": "S-net S5N13地震計", "観測点名ローマ字": "S5N13", "観測点コード": "N.S5N13", "緯度（度）": 41.9792, "経度（度）": 144.3445, "高さ（ｍ）": "-1607", "測器の深度（ｍ）": null, "維持管理機関名": "防災科学技術研究所", "維持管理機関名（英語）": "NIED", "観測開始年（西暦）": "2016", "同月": "4", "観測機器名または観測項目": "海底地震計" }, "geometry": { "type": "Point", "coordinates": [ 144.3445, 41.9792 ] } },
{ "type": "Feature", "properties": { "観測の種類": "高感度（海底地震）", "name": "S-net S5N14地震計", "観測点名ローマ字": "S5N14", "観測点コード": "N.S5N14", "緯度（度）": 41.7475, "経度（度）": 144.1779, "高さ（ｍ）": "-1592", "測器の深度（ｍ）": null, "維持管理機関名": "防災科学技術研究所", "維持管理機関名（英語）": "NIED", "観測開始年（西暦）": "2016", "同月": "4", "観測機器名または観測項目": "海底地震計" }, "geometry": { "type": "Point", "coordinates": [ 144.1779, 41.7475 ] } },
{ "type": "Feature", "properties": { "観測の種類": "高感度（海底地震）", "name": "S-net S5N15地震計", "観測点名ローマ字": "S5N15", "観測点コード": "N.S5N15", "緯度（度）": 41.4961, "経度（度）": 144.0879, "高さ（ｍ）": "-1950", "測器の深度（ｍ）": null, "維持管理機関名": "防災科学技術研究所", "維持管理機関名（英語）": "NIED", "観測開始年（西暦）": "2016", "同月": "4", "観測機器名または観測項目": "海底地震計" }, "geometry": { "type": "Point", "coordinates": [ 144.0879, 41.4961 ] } },
{ "type": "Feature", "properties": { "観測の種類": "高感度（海底地震）", "name": "S-net S5N16地震計", "観測点名ローマ字": "S5N16", "観測点コード": "N.S5N16", "緯度（度）": 41.3742, "経度（度）": 143.8006, "高さ（ｍ）": "-2380", "測器の深度（ｍ）": null, "維持管理機関名": "防災科学技術研究所", "維持管理機関名（英語）": "NIED", "観測開始年（西暦）": "2016", "同月": "4", "観測機器名または観測項目": "海底地震計" }, "geometry": { "type": "Point", "coordinates": [ 143.8006, 41.3742 ] } },
{ "type": "Feature", "properties": { "観測の種類": "高感度（海底地震）", "name": "S-net S5N17地震計", "観測点名ローマ字": "S5N17", "観測点コード": "N.S5N17", "緯度（度）": 41.3643, "経度（度）": 143.453, "高さ（ｍ）": "-2023", "測器の深度（ｍ）": null, "維持管理機関名": "防災科学技術研究所", "維持管理機関名（英語）": "NIED", "観測開始年（西暦）": "2016", "同月": "4", "観測機器名または観測項目": "海底地震計" }, "geometry": { "type": "Point", "coordinates": [ 143.453, 41.3643 ] } },
{ "type": "Feature", "properties": { "観測の種類": "高感度（海底地震）", "name": "S-net S5N18地震計", "観測点名ローマ字": "S5N18", "観測点コード": "N.S5N18", "緯度（度）": 41.4351, "経度（度）": 143.1264, "高さ（ｍ）": "-1509", "測器の深度（ｍ）": null, "維持管理機関名": "防災科学技術研究所", "維持管理機関名（英語）": "NIED", "観測開始年（西暦）": "2016", "同月": "4", "観測機器名または観測項目": "海底地震計" }, "geometry": { "type": "Point", "coordinates": [ 143.1264, 41.4351 ] } },
{ "type": "Feature", "properties": { "観測の種類": "高感度（海底地震）", "name": "S-net S5N19地震計", "観測点名ローマ字": "S5N19", "観測点コード": "N.S5N19", "緯度（度）": 41.5607, "経度（度）": 142.8177, "高さ（ｍ）": "-986", "測器の深度（ｍ）": "1", "維持管理機関名": "防災科学技術研究所", "維持管理機関名（英語）": "NIED", "観測開始年（西暦）": "2016", "同月": "4", "観測機器名または観測項目": "海底地震計" }, "geometry": { "type": "Point", "coordinates": [ 142.8177, 41.5607 ] } },
{ "type": "Feature", "properties": { "観測の種類": "高感度（海底地震）", "name": "S-net S5N20地震計", "観測点名ローマ字": "S5N20", "観測点コード": "N.S5N20", "緯度（度）": 41.6095, "経度（度）": 142.4787, "高さ（ｍ）": "-1165", "測器の深度（ｍ）": "1", "維持管理機関名": "防災科学技術研究所", "維持管理機関名（英語）": "NIED", "観測開始年（西暦）": "2016", "同月": "4", "観測機器名または観測項目": "海底地震計" }, "geometry": { "type": "Point", "coordinates": [ 142.4787, 41.6095 ] } },
{ "type": "Feature", "properties": { "観測の種類": "高感度（海底地震）", "name": "S-net S5N21地震計", "観測点名ローマ字": "S5N21", "観測点コード": "N.S5N21", "緯度（度）": 41.4248, "経度（度）": 142.2193, "高さ（ｍ）": "-1189", "測器の深度（ｍ）": "1", "維持管理機関名": "防災科学技術研究所", "維持管理機関名（英語）": "NIED", "観測開始年（西暦）": "2016", "同月": "4", "観測機器名または観測項目": "海底地震計" }, "geometry": { "type": "Point", "coordinates": [ 142.2193, 41.4248 ] } },
{ "type": "Feature", "properties": { "観測の種類": "高感度（海底地震）", "name": "S-net S5N22地震計", "観測点名ローマ字": "S5N22", "観測点コード": "N.S5N22", "緯度（度）": 41.1989, "経度（度）": 142.0271, "高さ（ｍ）": "-1029", "測器の深度（ｍ）": "1", "維持管理機関名": "防災科学技術研究所", "維持管理機関名（英語）": "NIED", "観測開始年（西暦）": "2016", "同月": "4", "観測機器名または観測項目": "海底地震計" }, "geometry": { "type": "Point", "coordinates": [ 142.0271, 41.1989 ] } },
{ "type": "Feature", "properties": { "観測の種類": "高感度（海底地震）", "name": "S-net S5N23地震計", "観測点名ローマ字": "S5N23", "観測点コード": "N.S5N23", "緯度（度）": 40.954, "経度（度）": 141.8762, "高さ（ｍ）": "-529", "測器の深度（ｍ）": "1", "維持管理機関名": "防災科学技術研究所", "維持管理機関名（英語）": "NIED", "観測開始年（西暦）": "2016", "同月": "4", "観測機器名または観測項目": "海底地震計" }, "geometry": { "type": "Point", "coordinates": [ 141.8762, 40.954 ] } },
{ "type": "Feature", "properties": { "観測の種類": "高感度（海底地震）", "name": "S-net S6N01地震計", "観測点名ローマ字": "S6N01", "観測点コード": "N.S6N01", "緯度（度）": 42.8064, "経度（度）": 146.0211, "高さ（ｍ）": "-2427", "測器の深度（ｍ）": null, "維持管理機関名": "防災科学技術研究所", "維持管理機関名（英語）": "NIED", "観測開始年（西暦）": "2017", "同月": "4", "観測機器名または観測項目": "海底地震計" }, "geometry": { "type": "Point", "coordinates": [ 146.0211, 42.8064 ] } },
{ "type": "Feature", "properties": { "観測の種類": "高感度（海底地震）", "name": "S-net S6N02地震計", "観測点名ローマ字": "S6N02", "観測点コード": "N.S6N02", "緯度（度）": 42.5807, "経度（度）": 146.078, "高さ（ｍ）": "-2830", "測器の深度（ｍ）": null, "維持管理機関名": "防災科学技術研究所", "維持管理機関名（英語）": "NIED", "観測開始年（西暦）": "2017", "同月": "4", "観測機器名または観測項目": "海底地震計" }, "geometry": { "type": "Point", "coordinates": [ 146.078, 42.5807 ] } },
{ "type": "Feature", "properties": { "観測の種類": "高感度（海底地震）", "name": "S-net S6N03地震計", "観測点名ローマ字": "S6N03", "観測点コード": "N.S6N03", "緯度（度）": 42.0943, "経度（度）": 146.2316, "高さ（ｍ）": "-5710", "測器の深度（ｍ）": null, "維持管理機関名": "防災科学技術研究所", "維持管理機関名（英語）": "NIED", "観測開始年（西暦）": "2017", "同月": "4", "観測機器名または観測項目": "海底地震計" }, "geometry": { "type": "Point", "coordinates": [ 146.2316, 42.0943 ] } },
{ "type": "Feature", "properties": { "観測の種類": "高感度（海底地震）", "name": "S-net S6N04地震計", "観測点名ローマ字": "S6N04", "観測点コード": "N.S6N04", "緯度（度）": 41.6653, "経度（度）": 146.1747, "高さ（ｍ）": "-6950", "測器の深度（ｍ）": null, "維持管理機関名": "防災科学技術研究所", "維持管理機関名（英語）": "NIED", "観測開始年（西暦）": "2017", "同月": "4", "観測機器名または観測項目": "海底地震計" }, "geometry": { "type": "Point", "coordinates": [ 146.1747, 41.6653 ] } },
{ "type": "Feature", "properties": { "観測の種類": "高感度（海底地震）", "name": "S-net S6N05地震計", "観測点名ローマ字": "S6N05", "観測点コード": "N.S6N05", "緯度（度）": 41.3717, "経度（度）": 145.6053, "高さ（ｍ）": "-6680", "測器の深度（ｍ）": null, "維持管理機関名": "防災科学技術研究所", "維持管理機関名（英語）": "NIED", "観測開始年（西暦）": "2017", "同月": "4", "観測機器名または観測項目": "海底地震計" }, "geometry": { "type": "Point", "coordinates": [ 145.6053, 41.3717 ] } },
{ "type": "Feature", "properties": { "観測の種類": "高感度（海底地震）", "name": "S-net S6N06地震計", "観測点名ローマ字": "S6N06", "観測点コード": "N.S6N06", "緯度（度）": 40.8999, "経度（度）": 145.3929, "高さ（ｍ）": "-6012", "測器の深度（ｍ）": null, "維持管理機関名": "防災科学技術研究所", "維持管理機関名（英語）": "NIED", "観測開始年（西暦）": "2017", "同月": "4", "観測機器名または観測項目": "海底地震計" }, "geometry": { "type": "Point", "coordinates": [ 145.3929, 40.8999 ] } },
{ "type": "Feature", "properties": { "観測の種類": "高感度（海底地震）", "name": "S-net S6N07地震計", "観測点名ローマ字": "S6N07", "観測点コード": "N.S6N07", "緯度（度）": 40.536, "経度（度）": 144.9381, "高さ（ｍ）": "-6160", "測器の深度（ｍ）": null, "維持管理機関名": "防災科学技術研究所", "維持管理機関名（英語）": "NIED", "観測開始年（西暦）": "2017", "同月": "4", "観測機器名または観測項目": "海底地震計" }, "geometry": { "type": "Point", "coordinates": [ 144.9381, 40.536 ] } },
{ "type": "Feature", "properties": { "観測の種類": "高感度（海底地震）", "name": "S-net S6N08地震計", "観測点名ローマ字": "S6N08", "観測点コード": "N.S6N08", "緯度（度）": 40.0319, "経度（度）": 144.8089, "高さ（ｍ）": "-5900", "測器の深度（ｍ）": null, "維持管理機関名": "防災科学技術研究所", "維持管理機関名（英語）": "NIED", "観測開始年（西暦）": "2017", "同月": "4", "観測機器名または観測項目": "海底地震計" }, "geometry": { "type": "Point", "coordinates": [ 144.8089, 40.0319 ] } },
{ "type": "Feature", "properties": { "観測の種類": "高感度（海底地震）", "name": "S-net S6N09地震計", "観測点名ローマ字": "S6N09", "観測点コード": "N.S6N09", "緯度（度）": 39.5172, "経度（度）": 144.7191, "高さ（ｍ）": "-6054", "測器の深度（ｍ）": null, "維持管理機関名": "防災科学技術研究所", "維持管理機関名（英語）": "NIED", "観測開始年（西暦）": "2017", "同月": "4", "観測機器名または観測項目": "海底地震計" }, "geometry": { "type": "Point", "coordinates": [ 144.7191, 39.5172 ] } },
{ "type": "Feature", "properties": { "観測の種類": "高感度（海底地震）", "name": "S-net S6N10地震計", "観測点名ローマ字": "S6N10", "観測点コード": "N.S6N10", "緯度（度）": 39.0072, "経度（度）": 144.5915, "高さ（ｍ）": "-6160", "測器の深度（ｍ）": null, "維持管理機関名": "防災科学技術研究所", "維持管理機関名（英語）": "NIED", "観測開始年（西暦）": "2017", "同月": "4", "観測機器名または観測項目": "海底地震計" }, "geometry": { "type": "Point", "coordinates": [ 144.5915, 39.0072 ] } },
{ "type": "Feature", "properties": { "観測の種類": "高感度（海底地震）", "name": "S-net S6N11地震計", "観測点名ローマ字": "S6N11", "観測点コード": "N.S6N11", "緯度（度）": 38.499, "経度（度）": 144.4536, "高さ（ｍ）": "-6118", "測器の深度（ｍ）": null, "維持管理機関名": "防災科学技術研究所", "維持管理機関名（英語）": "NIED", "観測開始年（西暦）": "2017", "同月": "4", "観測機器名または観測項目": "海底地震計" }, "geometry": { "type": "Point", "coordinates": [ 144.4536, 38.499 ] } },
{ "type": "Feature", "properties": { "観測の種類": "高感度（海底地震）", "name": "S-net S6N12地震計", "観測点名ローマ字": "S6N12", "観測点コード": "N.S6N12", "緯度（度）": 37.9879, "経度（度）": 144.3357, "高さ（ｍ）": "-6111", "測器の深度（ｍ）": null, "維持管理機関名": "防災科学技術研究所", "維持管理機関名（英語）": "NIED", "観測開始年（西暦）": "2017", "同月": "4", "観測機器名または観測項目": "海底地震計" }, "geometry": { "type": "Point", "coordinates": [ 144.3357, 37.9879 ] } },
{ "type": "Feature", "properties": { "観測の種類": "高感度（海底地震）", "name": "S-net S6N13地震計", "観測点名ローマ字": "S6N13", "観測点コード": "N.S6N13", "緯度（度）": 37.4862, "経度（度）": 144.1757, "高さ（ｍ）": "-6174", "測器の深度（ｍ）": null, "維持管理機関名": "防災科学技術研究所", "維持管理機関名（英語）": "NIED", "観測開始年（西暦）": "2017", "同月": "4", "観測機器名または観測項目": "海底地震計" }, "geometry": { "type": "Point", "coordinates": [ 144.1757, 37.4862 ] } },
{ "type": "Feature", "properties": { "観測の種類": "高感度（海底地震）", "name": "S-net S6N14地震計", "観測点名ローマ字": "S6N14", "観測点コード": "N.S6N14", "緯度（度）": 37.012, "経度（度）": 143.9557, "高さ（ｍ）": "-6228", "測器の深度（ｍ）": null, "維持管理機関名": "防災科学技術研究所", "維持管理機関名（英語）": "NIED", "観測開始年（西暦）": "2017", "同月": "4", "観測機器名または観測項目": "海底地震計" }, "geometry": { "type": "Point", "coordinates": [ 143.9557, 37.012 ] } },
{ "type": "Feature", "properties": { "観測の種類": "高感度（海底地震）", "name": "S-net S6N15地震計", "観測点名ローマ字": "S6N15", "観測点コード": "N.S6N15", "緯度（度）": 36.5748, "経度（度）": 143.6059, "高さ（ｍ）": "-6433", "測器の深度（ｍ）": null, "維持管理機関名": "防災科学技術研究所", "維持管理機関名（英語）": "NIED", "観測開始年（西暦）": "2017", "同月": "4", "観測機器名または観測項目": "海底地震計" }, "geometry": { "type": "Point", "coordinates": [ 143.6059, 36.5748 ] } },
{ "type": "Feature", "properties": { "観測の種類": "高感度（海底地震）", "name": "S-net S6N16地震計", "観測点名ローマ字": "S6N16", "観測点コード": "N.S6N16", "緯度（度）": 36.1262, "経度（度）": 143.2823, "高さ（ｍ）": "-6513", "測器の深度（ｍ）": null, "維持管理機関名": "防災科学技術研究所", "維持管理機関名（英語）": "NIED", "観測開始年（西暦）": "2017", "同月": "4", "観測機器名または観測項目": "海底地震計" }, "geometry": { "type": "Point", "coordinates": [ 143.2823, 36.1262 ] } },
{ "type": "Feature", "properties": { "観測の種類": "高感度（海底地震）", "name": "S-net S6N17地震計", "観測点名ローマ字": "S6N17", "観測点コード": "N.S6N17", "緯度（度）": 35.6745, "経度（度）": 142.9688, "高さ（ｍ）": "-6625", "測器の深度（ｍ）": null, "維持管理機関名": "防災科学技術研究所", "維持管理機関名（英語）": "NIED", "観測開始年（西暦）": "2017", "同月": "4", "観測機器名または観測項目": "海底地震計" }, "geometry": { "type": "Point", "coordinates": [ 142.9688, 35.6745 ] } },
{ "type": "Feature", "properties": { "観測の種類": "高感度（海底地震）", "name": "S-net S6N18地震計", "観測点名ローマ字": "S6N18", "観測点コード": "N.S6N18", "緯度（度）": 35.2114, "経度（度）": 142.6799, "高さ（ｍ）": "-6319", "測器の深度（ｍ）": null, "維持管理機関名": "防災科学技術研究所", "維持管理機関名（英語）": "NIED", "観測開始年（西暦）": "2017", "同月": "4", "観測機器名または観測項目": "海底地震計" }, "geometry": { "type": "Point", "coordinates": [ 142.6799, 35.2114 ] } },
{ "type": "Feature", "properties": { "観測の種類": "高感度（海底地震）", "name": "S-net S6N19地震計", "観測点名ローマ字": "S6N19", "観測点コード": "N.S6N19", "緯度（度）": 34.7118, "経度（度）": 142.5208, "高さ（ｍ）": "-6284", "測器の深度（ｍ）": null, "維持管理機関名": "防災科学技術研究所", "維持管理機関名（英語）": "NIED", "観測開始年（西暦）": "2017", "同月": "4", "観測機器名または観測項目": "海底地震計" }, "geometry": { "type": "Point", "coordinates": [ 142.5208, 34.7118 ] } },
{ "type": "Feature", "properties": { "観測の種類": "高感度（海底地震）", "name": "S-net S6N20地震計", "観測点名ローマ字": "S6N20", "観測点コード": "N.S6N20", "緯度（度）": 34.2604, "経度（度）": 142.2389, "高さ（ｍ）": "-7830", "測器の深度（ｍ）": null, "維持管理機関名": "防災科学技術研究所", "維持管理機関名（英語）": "NIED", "観測開始年（西暦）": "2017", "同月": "4", "観測機器名または観測項目": "海底地震計" }, "geometry": { "type": "Point", "coordinates": [ 142.2389, 34.2604 ] } },
{ "type": "Feature", "properties": { "観測の種類": "高感度（海底地震）", "name": "S-net S6N21地震計", "観測点名ローマ字": "S6N21", "観測点コード": "N.S6N21", "緯度（度）": 33.9619, "経度（度）": 141.7291, "高さ（ｍ）": "-7797", "測器の深度（ｍ）": null, "維持管理機関名": "防災科学技術研究所", "維持管理機関名（英語）": "NIED", "観測開始年（西暦）": "2017", "同月": "4", "観測機器名または観測項目": "海底地震計" }, "geometry": { "type": "Point", "coordinates": [ 141.7291, 33.9619 ] } },
{ "type": "Feature", "properties": { "観測の種類": "高感度（海底地震）", "name": "S-net S6N22地震計", "観測点名ローマ字": "S6N22", "観測点コード": "N.S6N22", "緯度（度）": 33.8601, "経度（度）": 141.1281, "高さ（ｍ）": "-3941", "測器の深度（ｍ）": null, "維持管理機関名": "防災科学技術研究所", "維持管理機関名（英語）": "NIED", "観測開始年（西暦）": "2017", "同月": "4", "観測機器名または観測項目": "海底地震計" }, "geometry": { "type": "Point", "coordinates": [ 141.1281, 33.8601 ] } },
{ "type": "Feature", "properties": { "観測の種類": "高感度（海底地震）", "name": "S-net S6N23地震計", "観測点名ローマ字": "S6N23", "観測点コード": "N.S6N23", "緯度（度）": 33.9448, "経度（度）": 140.5189, "高さ（ｍ）": "-1723", "測器の深度（ｍ）": null, "維持管理機関名": "防災科学技術研究所", "維持管理機関名（英語）": "NIED", "観測開始年（西暦）": "2017", "同月": "4", "観測機器名または観測項目": "海底地震計" }, "geometry": { "type": "Point", "coordinates": [ 140.5189, 33.9448 ] } },
{ "type": "Feature", "properties": { "観測の種類": "高感度（海底地震）", "name": "S-net S6N24地震計", "観測点名ローマ字": "S6N24", "観測点コード": "N.S6N24", "緯度（度）": 34.1773, "経度（度）": 139.9814, "高さ（ｍ）": "-1276", "測器の深度（ｍ）": null, "維持管理機関名": "防災科学技術研究所", "維持管理機関名（英語）": "NIED", "観測開始年（西暦）": "2017", "同月": "4", "観測機器名または観測項目": "海底地震計" }, "geometry": { "type": "Point", "coordinates": [ 139.9814, 34.1773 ] } },
{ "type": "Feature", "properties": { "観測の種類": "高感度（海底地震）", "name": "S-net S6N25地震計", "観測点名ローマ字": "S6N25", "観測点コード": "N.S6N25", "緯度（度）": 34.6696, "経度（度）": 139.8167, "高さ（ｍ）": "-2411", "測器の深度（ｍ）": null, "維持管理機関名": "防災科学技術研究所", "維持管理機関名（英語）": "NIED", "観測開始年（西暦）": "2017", "同月": "4", "観測機器名または観測項目": "海底地震計" }, "geometry": { "type": "Point", "coordinates": [ 139.8167, 34.6696 ] } },
{ "type": "Feature", "properties": { "観測の種類": "高感度（海底地震）", "name": "釧路・十勝沖地震計1", "観測点名ローマ字": "Kushiro･Tokachi-oki-OBS1", "観測点コード": "KOB1", "緯度（度）": 41.687, "経度（度）": 144.3945, "高さ（ｍ）": "-2,329", "測器の深度（ｍ）": "NULL", "維持管理機関名": "海洋研究開発機構", "維持管理機関名（英語）": "JAMSTEC", "観測開始年（西暦）": "1999", "同月": "9", "観測機器名または観測項目": "サーボ加速度計(日本航空電子JA-5Ⅲ-A)" }, "geometry": { "type": "Point", "coordinates": [ 144.3945, 41.687 ] } },
{ "type": "Feature", "properties": { "観測の種類": "高感度（海底地震）", "name": "釧路・十勝沖地震計2", "観測点名ローマ字": "Kushiro･Tokachi-oki-OBS2", "観測点コード": "KOB2", "緯度（度）": 41.9408, "経度（度）": 145.0562, "高さ（ｍ）": "-3,428", "測器の深度（ｍ）": "NULL", "維持管理機関名": "海洋研究開発機構", "維持管理機関名（英語）": "JAMSTEC", "観測開始年（西暦）": "1999", "同月": "9", "観測機器名または観測項目": "サーボ加速度計(日本航空電子JA-5Ⅲ-A)" }, "geometry": { "type": "Point", "coordinates": [ 145.0562, 41.9408 ] } },
{ "type": "Feature", "properties": { "観測の種類": "高感度（海底地震）", "name": "釧路・十勝沖地震計3", "観測点名ローマ字": "Kushiro･Tokachi-oki-OBS3", "観測点コード": "KOB3", "緯度（度）": 42.2528, "経度（度）": 144.8107, "高さ（ｍ）": "-2,124", "測器の深度（ｍ）": "NULL", "維持管理機関名": "海洋研究開発機構", "維持管理機関名（英語）": "JAMSTEC", "観測開始年（西暦）": "1999", "同月": "9", "観測機器名または観測項目": "サーボ加速度計(日本航空電子JA-5Ⅲ-A)" }, "geometry": { "type": "Point", "coordinates": [ 144.8107, 42.2528 ] } },
{ "type": "Feature", "properties": { "観測の種類": "高感度（海底地震）", "name": "C0002", "観測点名ローマ字": "C0002", "観測点コード": "C0002", "緯度（度）": 33.3002, "経度（度）": 136.6358, "高さ（ｍ）": "-1,938", "測器の深度（ｍ）": "-900", "維持管理機関名": "海洋研究開発機構", "維持管理機関名（英語）": "JAMSTEC", "観測開始年（西暦）": "2013", "同月": "1", "観測機器名または観測項目": "GS-11D　ジオフォン" }, "geometry": { "type": "Point", "coordinates": [ 136.6358, 33.3002 ] } },
{ "type": "Feature", "properties": { "観測の種類": "高感度（海底地震）", "name": "C0010", "観測点名ローマ字": "C0010", "観測点コード": "C0010", "緯度（度）": 33.21, "経度（度）": 136.6865, "高さ（ｍ）": "-2,523", "測器の深度（ｍ）": "-600", "維持管理機関名": "海洋研究開発機構", "維持管理機関名（英語）": "JAMSTEC", "観測開始年（西暦）": "2016", "同月": "6", "観測機器名または観測項目": "GS-11D　ジオフォン" }, "geometry": { "type": "Point", "coordinates": [ 136.6865, 33.21 ] } },
{ "type": "Feature", "properties": { "観測の種類": "高感度（海底地震）", "name": "C0006", "観測点名ローマ字": "C0006", "観測点コード": "C0006", "緯度（度）": 33.0273, "経度（度）": 136.7941, "高さ（ｍ）": "-3,874", "測器の深度（ｍ）": "-415", "維持管理機関名": "海洋研究開発機構", "維持管理機関名（英語）": "JAMSTEC", "観測開始年（西暦）": "2018", "同月": "3", "観測機器名または観測項目": "GS-11D　ジオフォン" }, "geometry": { "type": "Point", "coordinates": [ 136.7941, 33.0273 ] } },
{ "type": "Feature", "properties": { "観測の種類": "地震計", "name": "つくば地中地殻活動観測場", "観測点名ローマ字": "Tsukuba", "観測点コード": null, "緯度（度）": 36.104, "経度（度）": 140.087, "高さ（ｍ）": "25.7", "測器の深度（ｍ）": "823", "維持管理機関名": "国土地理院", "維持管理機関名（英語）": "GSI", "観測開始年（西暦）": "1996", "同月": "11", "観測機器名または観測項目": "高感度地震計（陸上）" }, "geometry": { "type": "Point", "coordinates": [ 140.087, 36.104 ] } },
{ "type": "Feature", "properties": { "観測の種類": "高感度（陸）", "name": "御前崎        ", "観測点名ローマ字": "Omaezaki", "観測点コード": "OMAEZA", "緯度（度）": 34.605, "経度（度）": 138.2133, "高さ（ｍ）": "45", "測器の深度（ｍ）": "210", "維持管理機関名": "気象庁", "維持管理機関名（英語）": "JMA", "観測開始年（西暦）": "1974", "同月": "11", "観測機器名または観測項目": null }, "geometry": { "type": "Point", "coordinates": [ 138.2133, 34.605 ] } },
{ "type": "Feature", "properties": { "観測の種類": "高感度（陸）", "name": "東京          ", "観測点名ローマ字": "Tokyo", "観測点コード": "TOKYO ", "緯度（度）": 35.689, "経度（度）": 139.7558, "高さ（ｍ）": "18", "測器の深度（ｍ）": "0", "維持管理機関名": "気象庁", "維持管理機関名（英語）": "JMA", "観測開始年（西暦）": "1977", "同月": "5", "観測機器名または観測項目": null }, "geometry": { "type": "Point", "coordinates": [ 139.7558, 35.689 ] } },
{ "type": "Feature", "properties": { "観測の種類": "高感度（陸）", "name": "松代          ", "観測点名ローマ字": "Matsushiro", "観測点コード": "MATSUS", "緯度（度）": 36.5458, "経度（度）": 138.2038, "高さ（ｍ）": "406", "測器の深度（ｍ）": "0", "維持管理機関名": "気象庁", "維持管理機関名（英語）": "JMA", "観測開始年（西暦）": null, "同月": null, "観測機器名または観測項目": null }, "geometry": { "type": "Point", "coordinates": [ 138.2038, 36.5458 ] } },
{ "type": "Feature", "properties": { "観測の種類": "高感度（陸）", "name": "勝浦          ", "観測点名ローマ字": "Katsuura", "観測点コード": "KATSUU", "緯度（度）": 35.1512, "経度（度）": 140.312, "高さ（ｍ）": "10", "測器の深度（ｍ）": "0", "維持管理機関名": "気象庁", "維持管理機関名（英語）": "JMA", "観測開始年（西暦）": "1987", "同月": "3", "観測機器名または観測項目": null }, "geometry": { "type": "Point", "coordinates": [ 140.312, 35.1512 ] } },
{ "type": "Feature", "properties": { "観測の種類": "高感度（陸）", "name": "鎌田３", "観測点名ローマ字": "Kamata3", "観測点コード": "KAMAT3", "緯度（度）": 34.9338, "経度（度）": 139.0708, "高さ（ｍ）": "156", "測器の深度（ｍ）": "0", "維持管理機関名": "気象庁", "維持管理機関名（英語）": "JMA", "観測開始年（西暦）": "2012", "同月": "7", "観測機器名または観測項目": null }, "geometry": { "type": "Point", "coordinates": [ 139.0708, 34.9338 ] } },
{ "type": "Feature", "properties": { "観測の種類": "高感度（陸）", "name": "稚内恵北", "観測点名ローマ字": "Wakkanai-keihoku", "観測点コード": "WAKKA3", "緯度（度）": 45.3183, "経度（度）": 141.8937, "高さ（ｍ）": "60", "測器の深度（ｍ）": "0", "維持管理機関名": "気象庁", "維持管理機関名（英語）": "JMA", "観測開始年（西暦）": "1996", "同月": "1", "観測機器名または観測項目": null }, "geometry": { "type": "Point", "coordinates": [ 141.8937, 45.3183 ] } },
{ "type": "Feature", "properties": { "観測の種類": "高感度（陸）", "name": "宗谷枝幸      ", "観測点名ローマ字": "Souya-esashi", "観測点コード": "SOYAES", "緯度（度）": 44.9612, "経度（度）": 142.5803, "高さ（ｍ）": "10", "測器の深度（ｍ）": "0", "維持管理機関名": "気象庁", "維持管理機関名（英語）": "JMA", "観測開始年（西暦）": "1994", "同月": "4", "観測機器名または観測項目": null }, "geometry": { "type": "Point", "coordinates": [ 142.5803, 44.9612 ] } },
{ "type": "Feature", "properties": { "観測の種類": "高感度（陸）", "name": "礼文島", "観測点名ローマ字": "Rebunto", "観測点コード": "REBUNT", "緯度（度）": 45.4233, "経度（度）": 141.065, "高さ（ｍ）": "15", "測器の深度（ｍ）": "0", "維持管理機関名": "気象庁", "維持管理機関名（英語）": "JMA", "観測開始年（西暦）": "2013", "同月": "7", "観測機器名または観測項目": null }, "geometry": { "type": "Point", "coordinates": [ 141.065, 45.4233 ] } },
{ "type": "Feature", "properties": { "観測の種類": "高感度（陸）", "name": "利尻島        ", "観測点名ローマ字": "Rishirito", "観測点コード": "RISHIR", "緯度（度）": 45.14, "経度（度）": 141.3073, "高さ（ｍ）": "27", "測器の深度（ｍ）": "0", "維持管理機関名": "気象庁", "維持管理機関名（英語）": "JMA", "観測開始年（西暦）": "1994", "同月": "4", "観測機器名または観測項目": null }, "geometry": { "type": "Point", "coordinates": [ 141.3073, 45.14 ] } },
{ "type": "Feature", "properties": { "観測の種類": "高感度（陸）", "name": "上川朝日      ", "観測点名ローマ字": "Kamikawa-asahi", "観測点コード": "KAMIAS", "緯度（度）": 44.1188, "経度（度）": 142.593, "高さ（ｍ）": "220", "測器の深度（ｍ）": "0", "維持管理機関名": "気象庁", "維持管理機関名（英語）": "JMA", "観測開始年（西暦）": "1994", "同月": "4", "観測機器名または観測項目": null }, "geometry": { "type": "Point", "coordinates": [ 142.593, 44.1188 ] } },
{ "type": "Feature", "properties": { "観測の種類": "高感度（陸）", "name": "上川", "観測点名ローマ字": "Kamikawa", "観測点コード": "KAMIK2", "緯度（度）": 43.8752, "経度（度）": 142.7442, "高さ（ｍ）": "350", "測器の深度（ｍ）": "0", "維持管理機関名": "気象庁", "維持管理機関名（英語）": "JMA", "観測開始年（西暦）": "1997", "同月": "12", "観測機器名または観測項目": null }, "geometry": { "type": "Point", "coordinates": [ 142.7442, 43.8752 ] } },
{ "type": "Feature", "properties": { "観測の種類": "高感度（陸）", "name": "南富良野      ", "観測点名ローマ字": "Minamifurano", "観測点コード": "FURANO", "緯度（度）": 43.166, "経度（度）": 142.5897, "高さ（ｍ）": "360", "測器の深度（ｍ）": "0", "維持管理機関名": "気象庁", "維持管理機関名（英語）": "JMA", "観測開始年（西暦）": "1994", "同月": "4", "観測機器名または観測項目": null }, "geometry": { "type": "Point", "coordinates": [ 142.5897, 43.166 ] } },
{ "type": "Feature", "properties": { "観測の種類": "高感度（陸）", "name": "焼尻島        ", "観測点名ローマ字": "Yagishirito", "観測点コード": "YAGISH", "緯度（度）": 44.4292, "経度（度）": 141.4227, "高さ（ｍ）": "35", "測器の深度（ｍ）": "0", "維持管理機関名": "気象庁", "維持管理機関名（英語）": "JMA", "観測開始年（西暦）": "1994", "同月": "4", "観測機器名または観測項目": null }, "geometry": { "type": "Point", "coordinates": [ 141.4227, 44.4292 ] } },
{ "type": "Feature", "properties": { "観測の種類": "高感度（陸）", "name": "初山別        ", "観測点名ローマ字": "Shosanbetsu", "観測点コード": "SHOSAN", "緯度（度）": 44.402, "経度（度）": 141.8492, "高さ（ｍ）": "110", "測器の深度（ｍ）": "0", "維持管理機関名": "気象庁", "維持管理機関名（英語）": "JMA", "観測開始年（西暦）": "1994", "同月": "4", "観測機器名または観測項目": null }, "geometry": { "type": "Point", "coordinates": [ 141.8492, 44.402 ] } },
{ "type": "Feature", "properties": { "観測の種類": "高感度（陸）", "name": "恵庭          ", "観測点名ローマ字": "Eniwa", "観測点コード": "ENIWA ", "緯度（度）": 42.8427, "経度（度）": 141.4462, "高さ（ｍ）": "185", "測器の深度（ｍ）": "0", "維持管理機関名": "気象庁", "維持管理機関名（英語）": "JMA", "観測開始年（西暦）": "1994", "同月": "4", "観測機器名または観測項目": null }, "geometry": { "type": "Point", "coordinates": [ 141.4462, 42.8427 ] } },
{ "type": "Feature", "properties": { "観測の種類": "高感度（陸）", "name": "石狩聚富", "観測点名ローマ字": "Ishikari-shippu", "観測点コード": "SHIPPU", "緯度（度）": 43.2752, "経度（度）": 141.4175, "高さ（ｍ）": "60", "測器の深度（ｍ）": "0", "維持管理機関名": "気象庁", "維持管理機関名（英語）": "JMA", "観測開始年（西暦）": "2012", "同月": "11", "観測機器名または観測項目": null }, "geometry": { "type": "Point", "coordinates": [ 141.4175, 43.2752 ] } },
{ "type": "Feature", "properties": { "観測の種類": "高感度（陸）", "name": "空知北竜      ", "観測点名ローマ字": "Sorachi-hokuryu", "観測点コード": "HOKURY", "緯度（度）": 43.7453, "経度（度）": 141.721, "高さ（ｍ）": "195", "測器の深度（ｍ）": "0", "維持管理機関名": "気象庁", "維持管理機関名（英語）": "JMA", "観測開始年（西暦）": "1994", "同月": "4", "観測機器名または観測項目": null }, "geometry": { "type": "Point", "coordinates": [ 141.721, 43.7453 ] } },
{ "type": "Feature", "properties": { "観測の種類": "高感度（陸）", "name": "芦別          ", "観測点名ローマ字": "Ashibetsu", "観測点コード": "ASHIBE", "緯度（度）": 43.507, "経度（度）": 142.2193, "高さ（ｍ）": "187", "測器の深度（ｍ）": "0", "維持管理機関名": "気象庁", "維持管理機関名（英語）": "JMA", "観測開始年（西暦）": "1994", "同月": "4", "観測機器名または観測項目": null }, "geometry": { "type": "Point", "coordinates": [ 142.2193, 43.507 ] } },
{ "type": "Feature", "properties": { "観測の種類": "高感度（陸）", "name": "後志積丹      ", "観測点名ローマ字": "Shiribeshi-shakotan", "観測点コード": "SHAKOT", "緯度（度）": 43.3548, "経度（度）": 140.472, "高さ（ｍ）": "10", "測器の深度（ｍ）": "0", "維持管理機関名": "気象庁", "維持管理機関名（英語）": "JMA", "観測開始年（西暦）": "1994", "同月": "4", "観測機器名または観測項目": null }, "geometry": { "type": "Point", "coordinates": [ 140.472, 43.3548 ] } },
{ "type": "Feature", "properties": { "観測の種類": "高感度（陸）", "name": "後志島牧      ", "観測点名ローマ字": "Shiribeshi-shimamaki", "観測点コード": "SHIMAM", "緯度（度）": 42.6455, "経度（度）": 140.0413, "高さ（ｍ）": "72", "測器の深度（ｍ）": "0", "維持管理機関名": "気象庁", "維持管理機関名（英語）": "JMA", "観測開始年（西暦）": "1994", "同月": "4", "観測機器名または観測項目": null }, "geometry": { "type": "Point", "coordinates": [ 140.0413, 42.6455 ] } },
{ "type": "Feature", "properties": { "観測の種類": "高感度（陸）", "name": "渡島八雲", "観測点名ローマ字": "Oshima-yakumo", "観測点コード": "YAKUM2", "緯度（度）": 42.1197, "経度（度）": 140.3665, "高さ（ｍ）": "120", "測器の深度（ｍ）": "0", "維持管理機関名": "気象庁", "維持管理機関名（英語）": "JMA", "観測開始年（西暦）": "1998", "同月": "2", "観測機器名または観測項目": null }, "geometry": { "type": "Point", "coordinates": [ 140.3665, 42.1197 ] } },
{ "type": "Feature", "properties": { "観測の種類": "高感度（陸）", "name": "渡島南茅部", "観測点名ローマ字": "Oshima-minamikayabe", "観測点コード": "KAYABE", "緯度（度）": 41.8902, "経度（度）": 141.0288, "高さ（ｍ）": "10", "測器の深度（ｍ）": "0", "維持管理機関名": "気象庁", "維持管理機関名（英語）": "JMA", "観測開始年（西暦）": "1994", "同月": "4", "観測機器名または観測項目": null }, "geometry": { "type": "Point", "coordinates": [ 141.0288, 41.8902 ] } },
{ "type": "Feature", "properties": { "観測の種類": "高感度（陸）", "name": "渡島知内      ", "観測点名ローマ字": "Oshima-shiriuchi", "観測点コード": "SHIRIU", "緯度（度）": 41.5322, "経度（度）": 140.4143, "高さ（ｍ）": "55", "測器の深度（ｍ）": "0", "維持管理機関名": "気象庁", "維持管理機関名（英語）": "JMA", "観測開始年（西暦）": "1998", "同月": "2", "観測機器名または観測項目": null }, "geometry": { "type": "Point", "coordinates": [ 140.4143, 41.5322 ] } },
{ "type": "Feature", "properties": { "観測の種類": "高感度（陸）", "name": "渡島松前", "観測点名ローマ字": "Oshima-matsumae", "観測点コード": "OMATSU", "緯度（度）": 41.5248, "経度（度）": 140.0068, "高さ（ｍ）": "27", "測器の深度（ｍ）": "0", "維持管理機関名": "気象庁", "維持管理機関名（英語）": "JMA", "観測開始年（西暦）": "2013", "同月": "7", "観測機器名または観測項目": null }, "geometry": { "type": "Point", "coordinates": [ 140.0068, 41.5248 ] } },
{ "type": "Feature", "properties": { "観測の種類": "高感度（陸）", "name": "檜山せたな", "観測点名ローマ字": "Hiyama-setana", "観測点コード": "SETANA", "緯度（度）": 42.4225, "経度（度）": 139.8767, "高さ（ｍ）": "20", "測器の深度（ｍ）": "0", "維持管理機関名": "気象庁", "維持管理機関名（英語）": "JMA", "観測開始年（西暦）": "2012", "同月": "7", "観測機器名または観測項目": null }, "geometry": { "type": "Point", "coordinates": [ 139.8767, 42.4225 ] } },
{ "type": "Feature", "properties": { "観測の種類": "高感度（陸）", "name": "奥尻松江      ", "観測点名ローマ字": "Okushiri-matsue", "観測点コード": "OKUSHM", "緯度（度）": 42.0852, "経度（度）": 139.4717, "高さ（ｍ）": "79", "測器の深度（ｍ）": "0", "維持管理機関名": "気象庁", "維持管理機関名（英語）": "JMA", "観測開始年（西暦）": "2000", "同月": "11", "観測機器名または観測項目": null }, "geometry": { "type": "Point", "coordinates": [ 139.4717, 42.0852 ] } },
{ "type": "Feature", "properties": { "観測の種類": "高感度（陸）", "name": "網走常呂      ", "観測点名ローマ字": "Abashiri-tokoro", "観測点コード": "TOKOR2", "緯度（度）": 44.1186, "経度（度）": 144.0856, "高さ（ｍ）": "74", "測器の深度（ｍ）": "0", "維持管理機関名": "気象庁", "維持管理機関名（英語）": "JMA", "観測開始年（西暦）": "2021", "同月": "11", "観測機器名または観測項目": null }, "geometry": { "type": "Point", "coordinates": [ 144.0856, 44.1186 ] } },
{ "type": "Feature", "properties": { "観測の種類": "高感度（陸）", "name": "丸瀬布        ", "観測点名ローマ字": "Maruseppu", "観測点コード": "MARUSE", "緯度（度）": 44.0093, "経度（度）": 143.3558, "高さ（ｍ）": "460", "測器の深度（ｍ）": "0", "維持管理機関名": "気象庁", "維持管理機関名（英語）": "JMA", "観測開始年（西暦）": "1994", "同月": "4", "観測機器名または観測項目": null }, "geometry": { "type": "Point", "coordinates": [ 143.3558, 44.0093 ] } },
{ "type": "Feature", "properties": { "観測の種類": "高感度（陸）", "name": "登別          ", "観測点名ローマ字": "Noboribetsu", "観測点コード": "NOBORI", "緯度（度）": 42.4712, "経度（度）": 141.0347, "高さ（ｍ）": "110", "測器の深度（ｍ）": "0", "維持管理機関名": "気象庁", "維持管理機関名（英語）": "JMA", "観測開始年（西暦）": "1994", "同月": "4", "観測機器名または観測項目": null }, "geometry": { "type": "Point", "coordinates": [ 141.0347, 42.4712 ] } },
{ "type": "Feature", "properties": { "観測の種類": "高感度（陸）", "name": "胆振厚真", "観測点名ローマ字": "Iburi-atsuma", "観測点コード": "ATSUMA", "緯度（度）": 42.6225, "経度（度）": 141.9203, "高さ（ｍ）": "12", "測器の深度（ｍ）": "0", "維持管理機関名": "気象庁", "維持管理機関名（英語）": "JMA", "観測開始年（西暦）": "2012", "同月": "11", "観測機器名または観測項目": null }, "geometry": { "type": "Point", "coordinates": [ 141.9203, 42.6225 ] } },
{ "type": "Feature", "properties": { "観測の種類": "高感度（陸）", "name": "平取", "観測点名ローマ字": "Biratori", "観測点コード": "BIRAT2", "緯度（度）": 42.7808, "経度（度）": 142.3598, "高さ（ｍ）": "170", "測器の深度（ｍ）": "0", "維持管理機関名": "気象庁", "維持管理機関名（英語）": "JMA", "観測開始年（西暦）": "1996", "同月": "12", "観測機器名または観測項目": null }, "geometry": { "type": "Point", "coordinates": [ 142.3598, 42.7808 ] } },
{ "type": "Feature", "properties": { "観測の種類": "高感度（陸）", "name": "浦河野深      ", "観測点名ローマ字": "Urakawa-nobuka", "観測点コード": "NOBUKA", "緯度（度）": 42.2825, "経度（度）": 142.7488, "高さ（ｍ）": "115", "測器の深度（ｍ）": "0", "維持管理機関名": "気象庁", "維持管理機関名（英語）": "JMA", "観測開始年（西暦）": "2002", "同月": "3", "観測機器名または観測項目": null }, "geometry": { "type": "Point", "coordinates": [ 142.7488, 42.2825 ] } },
{ "type": "Feature", "properties": { "観測の種類": "高感度（陸）", "name": "えりも        ", "観測点名ローマ字": "Erimo", "観測点コード": "ERIMO ", "緯度（度）": 42.0185, "経度（度）": 143.1535, "高さ（ｍ）": "40", "測器の深度（ｍ）": "0", "維持管理機関名": "気象庁", "維持管理機関名（英語）": "JMA", "観測開始年（西暦）": "1994", "同月": "4", "観測機器名または観測項目": null }, "geometry": { "type": "Point", "coordinates": [ 143.1535, 42.0185 ] } },
{ "type": "Feature", "properties": { "観測の種類": "高感度（陸）", "name": "日高新ひだか", "観測点名ローマ字": "Hidaka-shinhidaka", "観測点コード": "SINHDK", "緯度（度）": 42.4098, "経度（度）": 142.4667, "高さ（ｍ）": "79", "測器の深度（ｍ）": "0", "維持管理機関名": "気象庁", "維持管理機関名（英語）": "JMA", "観測開始年（西暦）": "2012", "同月": "7", "観測機器名または観測項目": null }, "geometry": { "type": "Point", "coordinates": [ 142.4667, 42.4098 ] } },
{ "type": "Feature", "properties": { "観測の種類": "高感度（陸）", "name": "十勝足寄      ", "観測点名ローマ字": "Tokachi-ashoro", "観測点コード": "ASHORO", "緯度（度）": 43.2993, "経度（度）": 143.7657, "高さ（ｍ）": "210", "測器の深度（ｍ）": "0", "維持管理機関名": "気象庁", "維持管理機関名（英語）": "JMA", "観測開始年（西暦）": "1994", "同月": "4", "観測機器名または観測項目": null }, "geometry": { "type": "Point", "coordinates": [ 143.7657, 43.2993 ] } },
{ "type": "Feature", "properties": { "観測の種類": "高感度（陸）", "name": "十勝忠類      ", "観測点名ローマ字": "Tokachi-churui", "観測点コード": "CHURUI", "緯度（度）": 42.6168, "経度（度）": 143.3585, "高さ（ｍ）": "120", "測器の深度（ｍ）": "0", "維持管理機関名": "気象庁", "維持管理機関名（英語）": "JMA", "観測開始年（西暦）": "1994", "同月": "4", "観測機器名または観測項目": null }, "geometry": { "type": "Point", "coordinates": [ 143.3585, 42.6168 ] } },
{ "type": "Feature", "properties": { "観測の種類": "高感度（陸）", "name": "十勝広尾", "観測点名ローマ字": "Tokachi-hiroo", "観測点コード": "THIROO", "緯度（度）": 42.2912, "経度（度）": 143.2987, "高さ（ｍ）": "54", "測器の深度（ｍ）": "0", "維持管理機関名": "気象庁", "維持管理機関名（英語）": "JMA", "観測開始年（西暦）": "2012", "同月": "7", "観測機器名または観測項目": null }, "geometry": { "type": "Point", "coordinates": [ 143.2987, 42.2912 ] } },
{ "type": "Feature", "properties": { "観測の種類": "高感度（陸）", "name": "音別          ", "観測点名ローマ字": "Onbetsu", "観測点コード": "ONBETS", "緯度（度）": 42.9058, "経度（度）": 143.8308, "高さ（ｍ）": "60", "測器の深度（ｍ）": "0", "維持管理機関名": "気象庁", "維持管理機関名（英語）": "JMA", "観測開始年（西暦）": "1994", "同月": "4", "観測機器名または観測項目": null }, "geometry": { "type": "Point", "coordinates": [ 143.8308, 42.9058 ] } },
{ "type": "Feature", "properties": { "観測の種類": "高感度（陸）", "name": "厚岸          ", "観測点名ローマ字": "Akkeshi", "観測点コード": "AKKESH", "緯度（度）": 42.9987, "経度（度）": 144.6925, "高さ（ｍ）": "20", "測器の深度（ｍ）": "0", "維持管理機関名": "気象庁", "維持管理機関名（英語）": "JMA", "観測開始年（西暦）": "1994", "同月": "4", "観測機器名または観測項目": null }, "geometry": { "type": "Point", "coordinates": [ 144.6925, 42.9987 ] } },
{ "type": "Feature", "properties": { "観測の種類": "高感度（陸）", "name": "釧路浜中", "観測点名ローマ字": "Kushiro-hamanaka", "観測点コード": "HAMNAK", "緯度（度）": 43.0828, "経度（度）": 145.1607, "高さ（ｍ）": "48", "測器の深度（ｍ）": "0", "維持管理機関名": "気象庁", "維持管理機関名（英語）": "JMA", "観測開始年（西暦）": "2012", "同月": "11", "観測機器名または観測項目": null }, "geometry": { "type": "Point", "coordinates": [ 145.1607, 43.0828 ] } },
{ "type": "Feature", "properties": { "観測の種類": "高感度（陸）", "name": "中標津        ", "観測点名ローマ字": "Nakashibetsu", "観測点コード": "NAKASH", "緯度（度）": 43.5878, "経度（度）": 144.715, "高さ（ｍ）": "220", "測器の深度（ｍ）": "0", "維持管理機関名": "気象庁", "維持管理機関名（英語）": "JMA", "観測開始年（西暦）": "1994", "同月": "4", "観測機器名または観測項目": null }, "geometry": { "type": "Point", "coordinates": [ 144.715, 43.5878 ] } },
{ "type": "Feature", "properties": { "観測の種類": "高感度（陸）", "name": "羅臼          ", "観測点名ローマ字": "Rausu", "観測点コード": "RAUSU ", "緯度（度）": 43.9403, "経度（度）": 145.118, "高さ（ｍ）": "10", "測器の深度（ｍ）": "0", "維持管理機関名": "気象庁", "維持管理機関名（英語）": "JMA", "観測開始年（西暦）": "1994", "同月": "4", "観測機器名または観測項目": null }, "geometry": { "type": "Point", "coordinates": [ 145.118, 43.9403 ] } },
{ "type": "Feature", "properties": { "観測の種類": "高感度（陸）", "name": "根室豊里      ", "観測点名ローマ字": "Nemuro-toyosato", "観測点コード": "TOYOSA", "緯度（度）": 43.3675, "経度（度）": 145.7388, "高さ（ｍ）": "16", "測器の深度（ｍ）": "0", "維持管理機関名": "気象庁", "維持管理機関名（英語）": "JMA", "観測開始年（西暦）": "1999", "同月": "3", "観測機器名または観測項目": null }, "geometry": { "type": "Point", "coordinates": [ 145.7388, 43.3675 ] } },
{ "type": "Feature", "properties": { "観測の種類": "高感度（陸）", "name": "根室標津", "観測点名ローマ字": "Nemuro-shibetsu", "観測点コード": "SHIBET", "緯度（度）": 43.7755, "経度（度）": 145.0045, "高さ（ｍ）": "97", "測器の深度（ｍ）": "0", "維持管理機関名": "気象庁", "維持管理機関名（英語）": "JMA", "観測開始年（西暦）": "2013", "同月": "7", "観測機器名または観測項目": null }, "geometry": { "type": "Point", "coordinates": [ 145.0045, 43.7755 ] } },
{ "type": "Feature", "properties": { "観測の種類": "高感度（陸）", "name": "青森市浦", "観測点名ローマ字": "Aomori-shiura", "観測点コード": "SHIUR2", "緯度（度）": 41.0602, "経度（度）": 140.4077, "高さ（ｍ）": "60", "測器の深度（ｍ）": "0", "維持管理機関名": "気象庁", "維持管理機関名（英語）": "JMA", "観測開始年（西暦）": "1997", "同月": "1", "観測機器名または観測項目": null }, "geometry": { "type": "Point", "coordinates": [ 140.4077, 41.0602 ] } },
{ "type": "Feature", "properties": { "観測の種類": "高感度（陸）", "name": "青森岩崎      ", "観測点名ローマ字": "Aomori-iwasaki", "観測点コード": "IWASAK", "緯度（度）": 40.5955, "経度（度）": 140.0035, "高さ（ｍ）": "330", "測器の深度（ｍ）": "0", "維持管理機関名": "気象庁", "維持管理機関名（英語）": "JMA", "観測開始年（西暦）": "1994", "同月": "4", "観測機器名または観測項目": null }, "geometry": { "type": "Point", "coordinates": [ 140.0035, 40.5955 ] } },
{ "type": "Feature", "properties": { "観測の種類": "高感度（陸）", "name": "青森南郷      ", "観測点名ローマ字": "Aomori-nango", "観測点コード": "NANGO ", "緯度（度）": 40.3762, "経度（度）": 141.5117, "高さ（ｍ）": "270", "測器の深度（ｍ）": "0", "維持管理機関名": "気象庁", "維持管理機関名（英語）": "JMA", "観測開始年（西暦）": "1996", "同月": "3", "観測機器名または観測項目": null }, "geometry": { "type": "Point", "coordinates": [ 141.5117, 40.3762 ] } },
{ "type": "Feature", "properties": { "観測の種類": "高感度（陸）", "name": "青森天間林", "観測点名ローマ字": "Aomori-tenmabayashi", "観測点コード": "TENMAB", "緯度（度）": 40.7895, "経度（度）": 141.0647, "高さ（ｍ）": "130", "測器の深度（ｍ）": "0", "維持管理機関名": "気象庁", "維持管理機関名（英語）": "JMA", "観測開始年（西暦）": "1994", "同月": "4", "観測機器名または観測項目": null }, "geometry": { "type": "Point", "coordinates": [ 141.0647, 40.7895 ] } },
{ "type": "Feature", "properties": { "観測の種類": "高感度（陸）", "name": "青森大畑      ", "観測点名ローマ字": "Aomori-oohata", "観測点コード": "OHATA ", "緯度（度）": 41.3847, "経度（度）": 141.0447, "高さ（ｍ）": "80", "測器の深度（ｍ）": "0", "維持管理機関名": "気象庁", "維持管理機関名（英語）": "JMA", "観測開始年（西暦）": "1994", "同月": "4", "観測機器名または観測項目": null }, "geometry": { "type": "Point", "coordinates": [ 141.0447, 41.3847 ] } },
{ "type": "Feature", "properties": { "観測の種類": "高感度（陸）", "name": "青森東通", "観測点名ローマ字": "Aomori-higashidori", "観測点コード": "AOHIGA", "緯度（度）": 41.2652, "経度（度）": 141.3373, "高さ（ｍ）": "50", "測器の深度（ｍ）": "0", "維持管理機関名": "気象庁", "維持管理機関名（英語）": "JMA", "観測開始年（西暦）": "2012", "同月": "7", "観測機器名または観測項目": null }, "geometry": { "type": "Point", "coordinates": [ 141.3373, 41.2652 ] } },
{ "type": "Feature", "properties": { "観測の種類": "高感度（陸）", "name": "青森六ヶ所", "観測点名ローマ字": "Aomori-rokkasho", "観測点コード": "ROKKAS", "緯度（度）": 41.0072, "経度（度）": 141.3663, "高さ（ｍ）": "54", "測器の深度（ｍ）": "0", "維持管理機関名": "気象庁", "維持管理機関名（英語）": "JMA", "観測開始年（西暦）": "2012", "同月": "7", "観測機器名または観測項目": null }, "geometry": { "type": "Point", "coordinates": [ 141.3663, 41.0072 ] } },
{ "type": "Feature", "properties": { "観測の種類": "高感度（陸）", "name": "弘前百沢", "観測点名ローマ字": "Hirosaki-hyakuzawa", "観測点コード": "HYAKUZ", "緯度（度）": 40.6518, "経度（度）": 140.3588, "高さ（ｍ）": "220", "測器の深度（ｍ）": "0", "維持管理機関名": "気象庁", "維持管理機関名（英語）": "JMA", "観測開始年（西暦）": "2012", "同月": "7", "観測機器名または観測項目": null }, "geometry": { "type": "Point", "coordinates": [ 140.3588, 40.6518 ] } },
{ "type": "Feature", "properties": { "観測の種類": "高感度（陸）", "name": "宮古長沢        ", "観測点名ローマ字": "Miyako-nagasawa", "観測点コード": "MIYKNA", "緯度（度）": 39.5767, "経度（度）": 141.8197, "高さ（ｍ）": "200", "測器の深度（ｍ）": "0", "維持管理機関名": "気象庁", "維持管理機関名（英語）": "JMA", "観測開始年（西暦）": "2005", "同月": "9", "観測機器名または観測項目": null }, "geometry": { "type": "Point", "coordinates": [ 141.8197, 39.5767 ] } },
{ "type": "Feature", "properties": { "観測の種類": "高感度（陸）", "name": "岩手田野畑", "観測点名ローマ字": "Iwate-tanohata", "観測点コード": "TANOHA", "緯度（度）": 39.9415, "経度（度）": 141.86, "高さ（ｍ）": "200", "測器の深度（ｍ）": "0", "維持管理機関名": "気象庁", "維持管理機関名（英語）": "JMA", "観測開始年（西暦）": "1994", "同月": "4", "観測機器名または観測項目": null }, "geometry": { "type": "Point", "coordinates": [ 141.86, 39.9415 ] } },
{ "type": "Feature", "properties": { "観測の種類": "高感度（陸）", "name": "大船渡猪川", "観測点名ローマ字": "Oofunato-ikawa", "観測点コード": "OFUNAI", "緯度（度）": 39.083, "経度（度）": 141.6655, "高さ（ｍ）": "180", "測器の深度（ｍ）": "0", "維持管理機関名": "気象庁", "維持管理機関名（英語）": "JMA", "観測開始年（西暦）": "1994", "同月": "4", "観測機器名または観測項目": null }, "geometry": { "type": "Point", "coordinates": [ 141.6655, 39.083 ] } },
{ "type": "Feature", "properties": { "観測の種類": "高感度（陸）", "name": "岩手葛巻      ", "観測点名ローマ字": "Iwate-kuzumaki", "観測点コード": "KUZUMA", "緯度（度）": 39.9873, "経度（度）": 141.3263, "高さ（ｍ）": "620", "測器の深度（ｍ）": "0", "維持管理機関名": "気象庁", "維持管理機関名（英語）": "JMA", "観測開始年（西暦）": "1994", "同月": "4", "観測機器名または観測項目": null }, "geometry": { "type": "Point", "coordinates": [ 141.3263, 39.9873 ] } },
{ "type": "Feature", "properties": { "観測の種類": "高感度（陸）", "name": "岩手大迫      ", "観測点名ローマ字": "Iwate-oohasama", "観測点コード": "OHASAM", "緯度（度）": 39.4758, "経度（度）": 141.2888, "高さ（ｍ）": "210", "測器の深度（ｍ）": "0", "維持管理機関名": "気象庁", "維持管理機関名（英語）": "JMA", "観測開始年（西暦）": "1994", "同月": "4", "観測機器名または観測項目": null }, "geometry": { "type": "Point", "coordinates": [ 141.2888, 39.4758 ] } },
{ "type": "Feature", "properties": { "観測の種類": "高感度（陸）", "name": "一関舞川      ", "観測点名ローマ字": "Ichinoseki-maikawa", "観測点コード": "ICHINM", "緯度（度）": 38.9547, "経度（度）": 141.2163, "高さ（ｍ）": "70", "測器の深度（ｍ）": "0", "維持管理機関名": "気象庁", "維持管理機関名（英語）": "JMA", "観測開始年（西暦）": "1994", "同月": "4", "観測機器名または観測項目": null }, "geometry": { "type": "Point", "coordinates": [ 141.2163, 38.9547 ] } },
{ "type": "Feature", "properties": { "観測の種類": "高感度（陸）", "name": "久慈枝成沢", "観測点名ローマ字": "Kuji-edanarisawa", "観測点コード": "EDANAR", "緯度（度）": 40.2055, "経度（度）": 141.7097, "高さ（ｍ）": "74", "測器の深度（ｍ）": "0", "維持管理機関名": "気象庁", "維持管理機関名（英語）": "JMA", "観測開始年（西暦）": "2012", "同月": "11", "観測機器名または観測項目": null }, "geometry": { "type": "Point", "coordinates": [ 141.7097, 40.2055 ] } },
{ "type": "Feature", "properties": { "観測の種類": "高感度（陸）", "name": "岩手雫石", "観測点名ローマ字": "Iwate-shizukuishi", "観測点コード": "SIZUKU", "緯度（度）": 39.7415, "経度（度）": 140.9527, "高さ（ｍ）": "256", "測器の深度（ｍ）": "0", "維持管理機関名": "気象庁", "維持管理機関名（英語）": "JMA", "観測開始年（西暦）": "2012", "同月": "7", "観測機器名または観測項目": null }, "geometry": { "type": "Point", "coordinates": [ 140.9527, 39.7415 ] } },
{ "type": "Feature", "properties": { "観測の種類": "高感度（陸）", "name": "仙台大倉      ", "観測点名ローマ字": "Sendai-ookura", "観測点コード": "OKURA ", "緯度（度）": 38.3685, "経度（度）": 140.6606, "高さ（ｍ）": "390", "測器の深度（ｍ）": "0", "維持管理機関名": "気象庁", "維持管理機関名（英語）": "JMA", "観測開始年（西暦）": "1994", "同月": "4", "観測機器名または観測項目": null }, "geometry": { "type": "Point", "coordinates": [ 140.6606, 38.3685 ] } },
{ "type": "Feature", "properties": { "観測の種類": "高感度（陸）", "name": "石巻大瓜      ", "観測点名ローマ字": "Ishinomaki-oouri", "観測点コード": "OURI  ", "緯度（度）": 38.4573, "経度（度）": 141.3453, "高さ（ｍ）": "40", "測器の深度（ｍ）": "0", "維持管理機関名": "気象庁", "維持管理機関名（英語）": "JMA", "観測開始年（西暦）": "1994", "同月": "4", "観測機器名または観測項目": null }, "geometry": { "type": "Point", "coordinates": [ 141.3453, 38.4573 ] } },
{ "type": "Feature", "properties": { "観測の種類": "高感度（陸）", "name": "宮城丸森      ", "観測点名ローマ字": "Miyagi-marumori", "観測点コード": "MARUMO", "緯度（度）": 37.869, "経度（度）": 140.7897, "高さ（ｍ）": "100", "測器の深度（ｍ）": "0", "維持管理機関名": "気象庁", "維持管理機関名（英語）": "JMA", "観測開始年（西暦）": "1994", "同月": "4", "観測機器名または観測項目": null }, "geometry": { "type": "Point", "coordinates": [ 140.7897, 37.869 ] } },
{ "type": "Feature", "properties": { "観測の種類": "高感度（陸）", "name": "気仙沼本吉", "観測点名ローマ字": "Kesennuma-motoyoshi", "観測点コード": "MOTOYO", "緯度（度）": 38.8107, "経度（度）": 141.4737, "高さ（ｍ）": "67", "測器の深度（ｍ）": "0", "維持管理機関名": "気象庁", "維持管理機関名（英語）": "JMA", "観測開始年（西暦）": "2012", "同月": "11", "観測機器名または観測項目": null }, "geometry": { "type": "Point", "coordinates": [ 141.4737, 38.8107 ] } },
{ "type": "Feature", "properties": { "観測の種類": "高感度（陸）", "name": "大崎古川大崎", "観測点名ローマ字": "Oosaki-furukawaoosaki", "観測点コード": "FOSAKI", "緯度（度）": 38.6022, "経度（度）": 140.9112, "高さ（ｍ）": "29", "測器の深度（ｍ）": "0", "維持管理機関名": "気象庁", "維持管理機関名（英語）": "JMA", "観測開始年（西暦）": "2012", "同月": "11", "観測機器名または観測項目": null }, "geometry": { "type": "Point", "coordinates": [ 140.9112, 38.6022 ] } },
{ "type": "Feature", "properties": { "観測の種類": "高感度（陸）", "name": "石巻小渕浜", "観測点名ローマ字": "Ishinomaki-kobutihama", "観測点コード": "KOBUCH", "緯度（度）": 38.3107, "経度（度）": 141.4653, "高さ（ｍ）": "58", "測器の深度（ｍ）": "0", "維持管理機関名": "気象庁", "維持管理機関名（英語）": "JMA", "観測開始年（西暦）": "2012", "同月": "11", "観測機器名または観測項目": null }, "geometry": { "type": "Point", "coordinates": [ 141.4653, 38.3107 ] } },
{ "type": "Feature", "properties": { "観測の種類": "高感度（陸）", "name": "男鹿", "観測点名ローマ字": "Oga", "観測点コード": "OGA3  ", "緯度（度）": 39.9197, "経度（度）": 139.8069, "高さ（ｍ）": "95", "測器の深度（ｍ）": "0", "維持管理機関名": "気象庁", "維持管理機関名（英語）": "JMA", "観測開始年（西暦）": "2012", "同月": "4", "観測機器名または観測項目": null }, "geometry": { "type": "Point", "coordinates": [ 139.8069, 39.9197 ] } },
{ "type": "Feature", "properties": { "観測の種類": "高感度（陸）", "name": "秋田雄和      ", "観測点名ローマ字": "Akita-yuwa", "観測点コード": "YUWA  ", "緯度（度）": 39.5432, "経度（度）": 140.205, "高さ（ｍ）": "30", "測器の深度（ｍ）": "0", "維持管理機関名": "気象庁", "維持管理機関名（英語）": "JMA", "観測開始年（西暦）": "1996", "同月": "3", "観測機器名または観測項目": null }, "geometry": { "type": "Point", "coordinates": [ 140.205, 39.5432 ] } },
{ "type": "Feature", "properties": { "観測の種類": "高感度（陸）", "name": "秋田比内      ", "観測点名ローマ字": "Akita-hinai", "観測点コード": "HINAI ", "緯度（度）": 40.1913, "経度（度）": 140.6323, "高さ（ｍ）": "140", "測器の深度（ｍ）": "0", "維持管理機関名": "気象庁", "維持管理機関名（英語）": "JMA", "観測開始年（西暦）": "1994", "同月": "4", "観測機器名または観測項目": null }, "geometry": { "type": "Point", "coordinates": [ 140.6323, 40.1913 ] } },
{ "type": "Feature", "properties": { "観測の種類": "高感度（陸）", "name": "秋田六郷      ", "観測点名ローマ字": "Akita-rokugo", "観測点コード": "ROKUGO", "緯度（度）": 39.3992, "経度（度）": 140.6303, "高さ（ｍ）": "200", "測器の深度（ｍ）": "0", "維持管理機関名": "気象庁", "維持管理機関名（英語）": "JMA", "観測開始年（西暦）": "1994", "同月": "4", "観測機器名または観測項目": null }, "geometry": { "type": "Point", "coordinates": [ 140.6303, 39.3992 ] } },
{ "type": "Feature", "properties": { "観測の種類": "高感度（陸）", "name": "能代常盤", "観測点名ローマ字": "Noshiro-tokiwa", "観測点コード": "TOKIWA", "緯度（度）": 40.2718, "経度（度）": 140.1612, "高さ（ｍ）": "42", "測器の深度（ｍ）": "0", "維持管理機関名": "気象庁", "維持管理機関名（英語）": "JMA", "観測開始年（西暦）": "2012", "同月": "7", "観測機器名または観測項目": null }, "geometry": { "type": "Point", "coordinates": [ 140.1612, 40.2718 ] } },
{ "type": "Feature", "properties": { "観測の種類": "高感度（陸）", "name": "飛島          ", "観測点名ローマ字": "Tobishima", "観測点コード": "TOBISH", "緯度（度）": 39.1982, "経度（度）": 139.554, "高さ（ｍ）": "50", "測器の深度（ｍ）": "0", "維持管理機関名": "気象庁", "維持管理機関名（英語）": "JMA", "観測開始年（西暦）": "1994", "同月": "4", "観測機器名または観測項目": null }, "geometry": { "type": "Point", "coordinates": [ 139.554, 39.1982 ] } },
{ "type": "Feature", "properties": { "観測の種類": "高感度（陸）", "name": "山形金山      ", "観測点名ローマ字": "Yamagata-kaneyama", "観測点コード": "YKANEY", "緯度（度）": 38.9207, "経度（度）": 140.3557, "高さ（ｍ）": "220", "測器の深度（ｍ）": "0", "維持管理機関名": "気象庁", "維持管理機関名（英語）": "JMA", "観測開始年（西暦）": "1994", "同月": "4", "観測機器名または観測項目": null }, "geometry": { "type": "Point", "coordinates": [ 140.3557, 38.9207 ] } },
{ "type": "Feature", "properties": { "観測の種類": "高感度（陸）", "name": "山形温海      ", "観測点名ローマ字": "Yamagata-atsumi", "観測点コード": "YATSUM", "緯度（度）": 38.5958, "経度（度）": 139.7105, "高さ（ｍ）": "200", "測器の深度（ｍ）": "0", "維持管理機関名": "気象庁", "維持管理機関名（英語）": "JMA", "観測開始年（西暦）": "1994", "同月": "4", "観測機器名または観測項目": null }, "geometry": { "type": "Point", "coordinates": [ 139.7105, 38.5958 ] } },
{ "type": "Feature", "properties": { "観測の種類": "高感度（陸）", "name": "山形白鷹      ", "観測点名ローマ字": "Yamagata-shirataka", "観測点コード": "SHIRAT", "緯度（度）": 38.224, "経度（度）": 140.0622, "高さ（ｍ）": "300", "測器の深度（ｍ）": "0", "維持管理機関名": "気象庁", "維持管理機関名（英語）": "JMA", "観測開始年（西暦）": "1994", "同月": "4", "観測機器名または観測項目": null }, "geometry": { "type": "Point", "coordinates": [ 140.0622, 38.224 ] } },
{ "type": "Feature", "properties": { "観測の種類": "高感度（陸）", "name": "山形遊佐", "観測点名ローマ字": "Yamagata-yuza", "観測点コード": "YGYUZA", "緯度（度）": 39.0162, "経度（度）": 139.9305, "高さ（ｍ）": "28", "測器の深度（ｍ）": "0", "維持管理機関名": "気象庁", "維持管理機関名（英語）": "JMA", "観測開始年（西暦）": "2012", "同月": "7", "観測機器名または観測項目": null }, "geometry": { "type": "Point", "coordinates": [ 139.9305, 39.0162 ] } },
{ "type": "Feature", "properties": { "観測の種類": "高感度（陸）", "name": "米沢アルカディア", "観測点名ローマ字": "Yonezawa-arcadia", "観測点コード": "ARCADI", "緯度（度）": 37.9127, "経度（度）": 140.1435, "高さ（ｍ）": "245", "測器の深度（ｍ）": "0", "維持管理機関名": "気象庁", "維持管理機関名（英語）": "JMA", "観測開始年（西暦）": "2012", "同月": "7", "観測機器名または観測項目": null }, "geometry": { "type": "Point", "coordinates": [ 140.1435, 37.9127 ] } },
{ "type": "Feature", "properties": { "観測の種類": "高感度（陸）", "name": "いわき水石山  ", "観測点名ローマ字": "Iwaki-mizuishiyama", "観測点コード": "IWAKMZ", "緯度（度）": 37.1048, "経度（度）": 140.7983, "高さ（ｍ）": "650", "測器の深度（ｍ）": "0", "維持管理機関名": "気象庁", "維持管理機関名（英語）": "JMA", "観測開始年（西暦）": "2002", "同月": "3", "観測機器名または観測項目": null }, "geometry": { "type": "Point", "coordinates": [ 140.7983, 37.1048 ] } },
{ "type": "Feature", "properties": { "観測の種類": "高感度（陸）", "name": "福島川内      ", "観測点名ローマ字": "Fukushima-kawauchi", "観測点コード": "KAWAUC", "緯度（度）": 37.3695, "経度（度）": 140.8712, "高さ（ｍ）": "520", "測器の深度（ｍ）": "0", "維持管理機関名": "気象庁", "維持管理機関名（英語）": "JMA", "観測開始年（西暦）": "1994", "同月": "4", "観測機器名または観測項目": null }, "geometry": { "type": "Point", "coordinates": [ 140.8712, 37.3695 ] } },
{ "type": "Feature", "properties": { "観測の種類": "高感度（陸）", "name": "大玉大山      ", "観測点名ローマ字": "Ootama-ooyama", "観測点コード": "OTAMA2", "緯度（度）": 37.5598, "経度（度）": 140.3337, "高さ（ｍ）": "477", "測器の深度（ｍ）": "0", "維持管理機関名": "気象庁", "維持管理機関名（英語）": "JMA", "観測開始年（西暦）": "2016", "同月": "10", "観測機器名または観測項目": null }, "geometry": { "type": "Point", "coordinates": [ 140.3337, 37.5598 ] } },
{ "type": "Feature", "properties": { "観測の種類": "高感度（陸）", "name": "福島柳津      ", "観測点名ローマ字": "Fukushima-yanaizu", "観測点コード": "YANAIZ", "緯度（度）": 37.4098, "経度（度）": 139.7015, "高さ（ｍ）": "420", "測器の深度（ｍ）": "0", "維持管理機関名": "気象庁", "維持管理機関名（英語）": "JMA", "観測開始年（西暦）": "1994", "同月": "4", "観測機器名または観測項目": null }, "geometry": { "type": "Point", "coordinates": [ 139.7015, 37.4098 ] } },
{ "type": "Feature", "properties": { "観測の種類": "高感度（陸）", "name": "福島古殿", "観測点名ローマ字": "Fukushima-furudono", "観測点コード": "FURUDN", "緯度（度）": 37.0908, "経度（度）": 140.561, "高さ（ｍ）": "354", "測器の深度（ｍ）": "0", "維持管理機関名": "気象庁", "維持管理機関名（英語）": "JMA", "観測開始年（西暦）": "2012", "同月": "7", "観測機器名または観測項目": null }, "geometry": { "type": "Point", "coordinates": [ 140.561, 37.0908 ] } },
{ "type": "Feature", "properties": { "観測の種類": "高感度（陸）", "name": "南相馬栃窪", "観測点名ローマ字": "Minamisouma-tochikubo", "観測点コード": "MSOUMA", "緯度（度）": 37.7245, "経度（度）": 140.8873, "高さ（ｍ）": "53", "測器の深度（ｍ）": "0", "維持管理機関名": "気象庁", "維持管理機関名（英語）": "JMA", "観測開始年（西暦）": "2013", "同月": "7", "観測機器名または観測項目": null }, "geometry": { "type": "Point", "coordinates": [ 140.8873, 37.7245 ] } },
{ "type": "Feature", "properties": { "観測の種類": "高感度（陸）", "name": "常陸太田      ", "観測点名ローマ字": "Hitachi-ota", "観測点コード": "HITACH", "緯度（度）": 36.614, "経度（度）": 140.5653, "高さ（ｍ）": "215", "測器の深度（ｍ）": "0", "維持管理機関名": "気象庁", "維持管理機関名（英語）": "JMA", "観測開始年（西暦）": "1994", "同月": "4", "観測機器名または観測項目": null }, "geometry": { "type": "Point", "coordinates": [ 140.5653, 36.614 ] } },
{ "type": "Feature", "properties": { "観測の種類": "高感度（陸）", "name": "茨城八郷      ", "観測点名ローマ字": "Ibaraki-yasato", "観測点コード": "IYASAT", "緯度（度）": 36.2308, "経度（度）": 140.1907, "高さ（ｍ）": "31", "測器の深度（ｍ）": "0", "維持管理機関名": "気象庁", "維持管理機関名（英語）": "JMA", "観測開始年（西暦）": "1994", "同月": "4", "観測機器名または観測項目": null }, "geometry": { "type": "Point", "coordinates": [ 140.1907, 36.2308 ] } },
{ "type": "Feature", "properties": { "観測の種類": "高感度（陸）", "name": "ひたちなか山ノ上", "観測点名ローマ字": "Hitachinaka-yamanoue", "観測点コード": "YAMAUE", "緯度（度）": 36.3405, "経度（度）": 140.5868, "高さ（ｍ）": "20", "測器の深度（ｍ）": "0", "維持管理機関名": "気象庁", "維持管理機関名（英語）": "JMA", "観測開始年（西暦）": "2012", "同月": "7", "観測機器名または観測項目": null }, "geometry": { "type": "Point", "coordinates": [ 140.5868, 36.3405 ] } },
{ "type": "Feature", "properties": { "観測の種類": "高感度（陸）", "name": "潮来堀之内", "観測点名ローマ字": "Itako-horinouchi", "観測点コード": "ITAHOR", "緯度（度）": 35.9658, "経度（度）": 140.5258, "高さ（ｍ）": "11", "測器の深度（ｍ）": "0", "維持管理機関名": "気象庁", "維持管理機関名（英語）": "JMA", "観測開始年（西暦）": "2012", "同月": "7", "観測機器名または観測項目": null }, "geometry": { "type": "Point", "coordinates": [ 140.5258, 35.9658 ] } },
{ "type": "Feature", "properties": { "観測の種類": "高感度（陸）", "name": "栃木塩原      ", "観測点名ローマ字": "Tochigi-shiobara", "観測点コード": "SHIOBA", "緯度（度）": 36.9715, "経度（度）": 139.9165, "高さ（ｍ）": "460", "測器の深度（ｍ）": "0", "維持管理機関名": "気象庁", "維持管理機関名（英語）": "JMA", "観測開始年（西暦）": "1994", "同月": "4", "観測機器名または観測項目": null }, "geometry": { "type": "Point", "coordinates": [ 139.9165, 36.9715 ] } },
{ "type": "Feature", "properties": { "観測の種類": "高感度（陸）", "name": "足利          ", "観測点名ローマ字": "Ashikaga", "観測点コード": "ASHIKA", "緯度（度）": 36.4285, "経度（度）": 139.4508, "高さ（ｍ）": "241", "測器の深度（ｍ）": "0", "維持管理機関名": "気象庁", "維持管理機関名（英語）": "JMA", "観測開始年（西暦）": "1994", "同月": "4", "観測機器名または観測項目": null }, "geometry": { "type": "Point", "coordinates": [ 139.4508, 36.4285 ] } },
{ "type": "Feature", "properties": { "観測の種類": "高感度（陸）", "name": "群馬六合      ", "観測点名ローマ字": "Gunma-kuni", "観測点コード": "KUNI  ", "緯度（度）": 36.5652, "経度（度）": 138.6365, "高さ（ｍ）": "645", "測器の深度（ｍ）": "0", "維持管理機関名": "気象庁", "維持管理機関名（英語）": "JMA", "観測開始年（西暦）": "1994", "同月": "4", "観測機器名または観測項目": null }, "geometry": { "type": "Point", "coordinates": [ 138.6365, 36.5652 ] } },
{ "type": "Feature", "properties": { "観測の種類": "高感度（陸）", "name": "沼田      ", "観測点名ローマ字": "Numata", "観測点コード": "NUMATA", "緯度（度）": 36.7301, "経度（度）": 139.2232, "高さ（ｍ）": "722", "測器の深度（ｍ）": "0", "維持管理機関名": "気象庁", "維持管理機関名（英語）": "JMA", "観測開始年（西暦）": "2021", "同月": "2", "観測機器名または観測項目": null }, "geometry": { "type": "Point", "coordinates": [ 139.2232, 36.7301 ] } },
{ "type": "Feature", "properties": { "観測の種類": "高感度（陸）", "name": "飯能          ", "観測点名ローマ字": "Hanno", "観測点コード": "HANNOU2", "緯度（度）": 35.8396, "経度（度）": 139.2788, "高さ（ｍ）": "133", "測器の深度（ｍ）": "0", "維持管理機関名": "気象庁", "維持管理機関名（英語）": "JMA", "観測開始年（西暦）": "2020", "同月": "3", "観測機器名または観測項目": null }, "geometry": { "type": "Point", "coordinates": [ 139.2788, 35.8396 ] } },
{ "type": "Feature", "properties": { "観測の種類": "高感度（陸）", "name": "埼玉両神      ", "観測点名ローマ字": "Saitama-ryokami", "観測点コード": "RYOKAM", "緯度（度）": 36.0202, "経度（度）": 138.8978, "高さ（ｍ）": "480", "測器の深度（ｍ）": "0", "維持管理機関名": "気象庁", "維持管理機関名（英語）": "JMA", "観測開始年（西暦）": "1994", "同月": "4", "観測機器名または観測項目": null }, "geometry": { "type": "Point", "coordinates": [ 138.8978, 36.0202 ] } },
{ "type": "Feature", "properties": { "観測の種類": "高感度（陸）", "name": "銚子海鹿島   ", "観測点名ローマ字": "Choshi-ashikajima", "観測点コード": "CASHIK", "緯度（度）": 35.7211, "経度（度）": 140.8578, "高さ（ｍ）": "28", "測器の深度（ｍ）": "0", "維持管理機関名": "気象庁", "維持管理機関名（英語）": "JMA", "観測開始年（西暦）": "2019", "同月": "3", "観測機器名または観測項目": null }, "geometry": { "type": "Point", "coordinates": [ 140.8578, 35.7211 ] } },
{ "type": "Feature", "properties": { "観測の種類": "高感度（陸）", "name": "千葉長南", "観測点名ローマ字": "Chiba-chonan", "観測点コード": "CHONAN", "緯度（度）": 35.3843, "経度（度）": 140.2355, "高さ（ｍ）": "49", "測器の深度（ｍ）": "0", "維持管理機関名": "気象庁", "維持管理機関名（英語）": "JMA", "観測開始年（西暦）": "2019", "同月": "3", "観測機器名または観測項目": null }, "geometry": { "type": "Point", "coordinates": [ 140.2355, 35.3843 ] } },
{ "type": "Feature", "properties": { "観測の種類": "高感度（陸）", "name": "千葉三芳", "観測点名ローマ字": "Chiba-miyoshi", "観測点コード": "MIYOSH", "緯度（度）": 35.035, "経度（度）": 139.887, "高さ（ｍ）": "40", "測器の深度（ｍ）": "0", "維持管理機関名": "気象庁", "維持管理機関名（英語）": "JMA", "観測開始年（西暦）": "2004", "同月": "4", "観測機器名または観測項目": null }, "geometry": { "type": "Point", "coordinates": [ 139.887, 35.035 ] } },
{ "type": "Feature", "properties": { "観測の種類": "高感度（陸）", "name": "山武松尾", "観測点名ローマ字": "Sanmu-matsuo", "観測点コード": "SMATSU", "緯度（度）": 35.6427, "経度（度）": 140.4482, "高さ（ｍ）": "34", "測器の深度（ｍ）": "0", "維持管理機関名": "気象庁", "維持管理機関名（英語）": "JMA", "観測開始年（西暦）": "2012", "同月": "11", "観測機器名または観測項目": null }, "geometry": { "type": "Point", "coordinates": [ 140.4482, 35.6427 ] } },
{ "type": "Feature", "properties": { "観測の種類": "高感度（陸）", "name": "鴨川内浦", "観測点名ローマ字": "Kamogawa-uchiura", "観測点コード": "UCHIUR", "緯度（度）": 35.1597, "経度（度）": 140.199, "高さ（ｍ）": "80", "測器の深度（ｍ）": "0", "維持管理機関名": "気象庁", "維持管理機関名（英語）": "JMA", "観測開始年（西暦）": "2012", "同月": "11", "観測機器名または観測項目": null }, "geometry": { "type": "Point", "coordinates": [ 140.199, 35.1597 ] } },
{ "type": "Feature", "properties": { "観測の種類": "高感度（陸）", "name": "伊豆大島差木地", "観測点名ローマ字": "Izuooshima-sashikiji", "観測点コード": "OSHIM3", "緯度（度）": 34.7208, "経度（度）": 139.428, "高さ（ｍ）": "405", "測器の深度（ｍ）": "0", "維持管理機関名": "気象庁", "維持管理機関名（英語）": "JMA", "観測開始年（西暦）": "1997", "同月": "3", "観測機器名または観測項目": null }, "geometry": { "type": "Point", "coordinates": [ 139.428, 34.7208 ] } },
{ "type": "Feature", "properties": { "観測の種類": "高感度（陸）", "name": "利島東山", "観測点名ローマ字": "Toshima-higashiyama", "観測点コード": "TOSIMA", "緯度（度）": 34.5235, "経度（度）": 139.2883, "高さ（ｍ）": "147", "測器の深度（ｍ）": "0", "維持管理機関名": "気象庁", "維持管理機関名（英語）": "JMA", "観測開始年（西暦）": "2012", "同月": "7", "観測機器名または観測項目": null }, "geometry": { "type": "Point", "coordinates": [ 139.2883, 34.5235 ] } },
{ "type": "Feature", "properties": { "観測の種類": "高感度（陸）", "name": "新島大原", "観測点名ローマ字": "Niijima-ohara", "観測点コード": "NIIJOH", "緯度（度）": 34.356, "経度（度）": 139.2741, "高さ（ｍ）": "57", "測器の深度（ｍ）": "0", "維持管理機関名": "気象庁", "維持管理機関名（英語）": "JMA", "観測開始年（西暦）": "2010", "同月": "1", "観測機器名または観測項目": null }, "geometry": { "type": "Point", "coordinates": [ 139.2741, 34.356 ] } },
{ "type": "Feature", "properties": { "観測の種類": "高感度（陸）", "name": "式根島北", "観測点名ローマ字": "Shikineｊima-kita", "観測点コード": "SIKINE", "緯度（度）": 34.3347, "経度（度）": 139.2105, "高さ（ｍ）": "39", "測器の深度（ｍ）": "0", "維持管理機関名": "気象庁", "維持管理機関名（英語）": "JMA", "観測開始年（西暦）": "2012", "同月": "7", "観測機器名または観測項目": null }, "geometry": { "type": "Point", "coordinates": [ 139.2105, 34.3347 ] } },
{ "type": "Feature", "properties": { "観測の種類": "高感度（陸）", "name": "神津島        ", "観測点名ローマ字": "Kozushima", "観測点コード": "KOZUSH", "緯度（度）": 34.19, "経度（度）": 139.1338, "高さ（ｍ）": "138", "測器の深度（ｍ）": "0", "維持管理機関名": "気象庁", "維持管理機関名（英語）": "JMA", "観測開始年（西暦）": "1994", "同月": "4", "観測機器名または観測項目": null }, "geometry": { "type": "Point", "coordinates": [ 139.1338, 34.19 ] } },
{ "type": "Feature", "properties": { "観測の種類": "高感度（陸）", "name": "三宅島坪田", "観測点名ローマ字": "Miyakejima-tsubota", "観測点コード": "MIYKE4", "緯度（度）": 34.0605, "経度（度）": 139.5477, "高さ（ｍ）": "35", "測器の深度（ｍ）": "0", "維持管理機関名": "気象庁", "維持管理機関名（英語）": "JMA", "観測開始年（西暦）": "2016", "同月": "9", "観測機器名または観測項目": null }, "geometry": { "type": "Point", "coordinates": [ 139.5477, 34.0605 ] } },
{ "type": "Feature", "properties": { "観測の種類": "高感度（陸）", "name": "御蔵島西川", "観測点名ローマ字": "Mikurajima-nishikawa", "観測点コード": "MIKURA", "緯度（度）": 33.8923, "経度（度）": 139.5907, "高さ（ｍ）": "149", "測器の深度（ｍ）": "0", "維持管理機関名": "気象庁", "維持管理機関名（英語）": "JMA", "観測開始年（西暦）": "2012", "同月": "7", "観測機器名または観測項目": null }, "geometry": { "type": "Point", "coordinates": [ 139.5907, 33.8923 ] } },
{ "type": "Feature", "properties": { "観測の種類": "高感度（陸）", "name": "八丈島三根", "観測点名ローマ字": "Hachijojima-mitsune", "観測点コード": "HACHJ3", "緯度（度）": 33.1153, "経度（度）": 139.8138, "高さ（ｍ）": "70", "測器の深度（ｍ）": "0", "維持管理機関名": "気象庁", "維持管理機関名（英語）": "JMA", "観測開始年（西暦）": "1996", "同月": "12", "観測機器名または観測項目": null }, "geometry": { "type": "Point", "coordinates": [ 139.8138, 33.1153 ] } },
{ "type": "Feature", "properties": { "観測の種類": "高感度（陸）", "name": "八丈島樫立", "観測点名ローマ字": "Hachijojima-kashitate", "観測点コード": "HACHJK", "緯度（度）": 33.0723, "経度（度）": 139.7976, "高さ（ｍ）": "170", "測器の深度（ｍ）": "0", "維持管理機関名": "気象庁", "維持管理機関名（英語）": "JMA", "観測開始年（西暦）": "2009", "同月": "4", "観測機器名または観測項目": null }, "geometry": { "type": "Point", "coordinates": [ 139.7976, 33.0723 ] } },
{ "type": "Feature", "properties": { "観測の種類": "高感度（陸）", "name": "青ヶ島向沢", "観測点名ローマ字": "Aogashima-mukaizawa", "観測点コード": "AOGASM", "緯度（度）": 32.4637, "経度（度）": 139.7638, "高さ（ｍ）": "336", "測器の深度（ｍ）": "0", "維持管理機関名": "気象庁", "維持管理機関名（英語）": "JMA", "観測開始年（西暦）": "2012", "同月": "7", "観測機器名または観測項目": null }, "geometry": { "type": "Point", "coordinates": [ 139.7638, 32.4637 ] } },
{ "type": "Feature", "properties": { "観測の種類": "高感度（陸）", "name": "父島三日月山", "観測点名ローマ字": "Chichijima-mikazukiyama", "観測点コード": "CHIJI3", "緯度（度）": 27.0957, "経度（度）": 142.1845, "高さ（ｍ）": "145", "測器の深度（ｍ）": "0", "維持管理機関名": "気象庁", "維持管理機関名（英語）": "JMA", "観測開始年（西暦）": "1994", "同月": "4", "観測機器名または観測項目": null }, "geometry": { "type": "Point", "coordinates": [ 142.1845, 27.0957 ] } },
{ "type": "Feature", "properties": { "観測の種類": "高感度（陸）", "name": "母島中ノ平    ", "観測点名ローマ字": "Hahajima-nakanotaira", "観測点コード": "HAHAJ2", "緯度（度）": 26.6328, "経度（度）": 142.1757, "高さ（ｍ）": "108", "測器の深度（ｍ）": "0", "維持管理機関名": "気象庁", "維持管理機関名（英語）": "JMA", "観測開始年（西暦）": "2013", "同月": "4", "観測機器名または観測項目": null }, "geometry": { "type": "Point", "coordinates": [ 142.1757, 26.6328 ] } },
{ "type": "Feature", "properties": { "観測の種類": "高感度（陸）", "name": "横須賀        ", "観測点名ローマ字": "Yokosuka", "観測点コード": "YOKOSK", "緯度（度）": 35.2272, "経度（度）": 139.6622, "高さ（ｍ）": "80", "測器の深度（ｍ）": "0", "維持管理機関名": "気象庁", "維持管理機関名（英語）": "JMA", "観測開始年（西暦）": "1994", "同月": "4", "観測機器名または観測項目": null }, "geometry": { "type": "Point", "coordinates": [ 139.6622, 35.2272 ] } },
{ "type": "Feature", "properties": { "観測の種類": "高感度（陸）", "name": "小田原", "観測点名ローマ字": "Odawara", "観測点コード": "ODAWA2", "緯度（度）": 35.2665, "経度（度）": 139.085, "高さ（ｍ）": "380", "測器の深度（ｍ）": "0", "維持管理機関名": "気象庁", "維持管理機関名（英語）": "JMA", "観測開始年（西暦）": "1996", "同月": "4", "観測機器名または観測項目": null }, "geometry": { "type": "Point", "coordinates": [ 139.085, 35.2665 ] } },
{ "type": "Feature", "properties": { "観測の種類": "高感度（陸）", "name": "相模原若柳", "観測点名ローマ字": "Sagamihara-wakayanagi", "観測点コード": "SAGAMI", "緯度（度）": 35.6018, "経度（度）": 139.2085, "高さ（ｍ）": "226", "測器の深度（ｍ）": "0", "維持管理機関名": "気象庁", "維持管理機関名（英語）": "JMA", "観測開始年（西暦）": "2013", "同月": "7", "観測機器名または観測項目": null }, "geometry": { "type": "Point", "coordinates": [ 139.2085, 35.6018 ] } },
{ "type": "Feature", "properties": { "観測の種類": "高感度（陸）", "name": "粟島          ", "観測点名ローマ字": "Awashima", "観測点コード": "AWASHI", "緯度（度）": 38.459, "経度（度）": 139.2453, "高さ（ｍ）": "70", "測器の深度（ｍ）": "0", "維持管理機関名": "気象庁", "維持管理機関名（英語）": "JMA", "観測開始年（西暦）": "1994", "同月": "4", "観測機器名または観測項目": null }, "geometry": { "type": "Point", "coordinates": [ 139.2453, 38.459 ] } },
{ "type": "Feature", "properties": { "観測の種類": "高感度（陸）", "name": "佐渡島銀山", "観測点名ローマ字": "Sadogashima-ginzan", "観測点コード": "SADO  ", "緯度（度）": 38.04, "経度（度）": 138.2572, "高さ（ｍ）": "146", "測器の深度（ｍ）": "0", "維持管理機関名": "気象庁", "維持管理機関名（英語）": "JMA", "観測開始年（西暦）": "1994", "同月": "4", "観測機器名または観測項目": null }, "geometry": { "type": "Point", "coordinates": [ 138.2572, 38.04 ] } },
{ "type": "Feature", "properties": { "観測の種類": "高感度（陸）", "name": "新潟笹神      ", "観測点名ローマ字": "Niigata-sasakami", "観測点コード": "SASAKA", "緯度（度）": 37.8213, "経度（度）": 139.3138, "高さ（ｍ）": "145", "測器の深度（ｍ）": "0", "維持管理機関名": "気象庁", "維持管理機関名（英語）": "JMA", "観測開始年（西暦）": "1994", "同月": "4", "観測機器名または観測項目": null }, "geometry": { "type": "Point", "coordinates": [ 139.3138, 37.8213 ] } },
{ "type": "Feature", "properties": { "観測の種類": "高感度（陸）", "name": "新潟出雲崎", "観測点名ローマ字": "Niigata-izumozaki", "観測点コード": "IZUMOZ", "緯度（度）": 37.5347, "経度（度）": 138.7063, "高さ（ｍ）": "40", "測器の深度（ｍ）": "0", "維持管理機関名": "気象庁", "維持管理機関名（英語）": "JMA", "観測開始年（西暦）": "1994", "同月": "4", "観測機器名または観測項目": null }, "geometry": { "type": "Point", "coordinates": [ 138.7063, 37.5347 ] } },
{ "type": "Feature", "properties": { "観測の種類": "高感度（陸）", "name": "新潟魚沼", "観測点名ローマ字": "Niigata-uonuma", "観測点コード": "UONUMA", "緯度（度）": 37.2085, "経度（度）": 139.0565, "高さ（ｍ）": "226", "測器の深度（ｍ）": "0", "維持管理機関名": "気象庁", "維持管理機関名（英語）": "JMA", "観測開始年（西暦）": "2016", "同月": "5", "観測機器名または観測項目": null }, "geometry": { "type": "Point", "coordinates": [ 139.0565, 37.2085 ] } },
{ "type": "Feature", "properties": { "観測の種類": "高感度（陸）", "name": "上越中ノ俣", "観測点名ローマ字": "Joetsu-nakanomata", "観測点コード": "NAKAMA", "緯度（度）": 37.106, "経度（度）": 138.1598, "高さ（ｍ）": "140", "測器の深度（ｍ）": "0", "維持管理機関名": "気象庁", "維持管理機関名（英語）": "JMA", "観測開始年（西暦）": "1994", "同月": "4", "観測機器名または観測項目": null }, "geometry": { "type": "Point", "coordinates": [ 138.1598, 37.106 ] } },
{ "type": "Feature", "properties": { "観測の種類": "高感度（陸）", "name": "富山立山      ", "観測点名ローマ字": "Toyama-tateyama", "観測点コード": "TTATEY", "緯度（度）": 36.6082, "経度（度）": 137.3303, "高さ（ｍ）": "236", "測器の深度（ｍ）": "0", "維持管理機関名": "気象庁", "維持管理機関名（英語）": "JMA", "観測開始年（西暦）": "1994", "同月": "4", "観測機器名または観測項目": null }, "geometry": { "type": "Point", "coordinates": [ 137.3303, 36.6082 ] } },
{ "type": "Feature", "properties": { "観測の種類": "高感度（陸）", "name": "舳倉島        ", "観測点名ローマ字": "Hegurajima", "観測点コード": "HEGURA", "緯度（度）": 37.8505, "経度（度）": 136.9173, "高さ（ｍ）": "12", "測器の深度（ｍ）": "0", "維持管理機関名": "気象庁", "維持管理機関名（英語）": "JMA", "観測開始年（西暦）": "1994", "同月": "4", "観測機器名または観測項目": null }, "geometry": { "type": "Point", "coordinates": [ 136.9173, 37.8505 ] } },
{ "type": "Feature", "properties": { "観測の種類": "高感度（陸）", "name": "珠洲          ", "観測点名ローマ字": "Suzu", "観測点コード": "SUZU  ", "緯度（度）": 37.4503, "経度（度）": 137.3587, "高さ（ｍ）": "10", "測器の深度（ｍ）": "0", "維持管理機関名": "気象庁", "維持管理機関名（英語）": "JMA", "観測開始年（西暦）": "1994", "同月": "4", "観測機器名または観測項目": null }, "geometry": { "type": "Point", "coordinates": [ 137.3587, 37.4503 ] } },
{ "type": "Feature", "properties": { "観測の種類": "高感度（陸）", "name": "羽咋          ", "観測点名ローマ字": "Hakui", "観測点コード": "HAKUI ", "緯度（度）": 36.9272, "経度（度）": 136.7793, "高さ（ｍ）": "35", "測器の深度（ｍ）": "0", "維持管理機関名": "気象庁", "維持管理機関名（英語）": "JMA", "観測開始年（西暦）": "1994", "同月": "4", "観測機器名または観測項目": null }, "geometry": { "type": "Point", "coordinates": [ 136.7793, 36.9272 ] } },
{ "type": "Feature", "properties": { "観測の種類": "高感度（陸）", "name": "加賀          ", "観測点名ローマ字": "Kaga", "観測点コード": "KAGA  ", "緯度（度）": 36.2808, "経度（度）": 136.3282, "高さ（ｍ）": "25", "測器の深度（ｍ）": "0", "維持管理機関名": "気象庁", "維持管理機関名（英語）": "JMA", "観測開始年（西暦）": "1994", "同月": "4", "観測機器名または観測項目": null }, "geometry": { "type": "Point", "coordinates": [ 136.3282, 36.2808 ] } },
{ "type": "Feature", "properties": { "観測の種類": "高感度（陸）", "name": "福井美浜      ", "観測点名ローマ字": "Fukui-mihama", "観測点コード": "MIHAMA", "緯度（度）": 35.5317, "経度（度）": 135.981, "高さ（ｍ）": "161", "測器の深度（ｍ）": "0", "維持管理機関名": "気象庁", "維持管理機関名（英語）": "JMA", "観測開始年（西暦）": "1994", "同月": "4", "観測機器名または観測項目": null }, "geometry": { "type": "Point", "coordinates": [ 135.981, 35.5317 ] } },
{ "type": "Feature", "properties": { "観測の種類": "高感度（陸）", "name": "山梨下部      ", "観測点名ローマ字": "Yamanashi-shimobe", "観測点コード": "SHIMOB", "緯度（度）": 35.5008, "経度（度）": 138.5412, "高さ（ｍ）": "775", "測器の深度（ｍ）": "0", "維持管理機関名": "気象庁", "維持管理機関名（英語）": "JMA", "観測開始年（西暦）": "1994", "同月": "4", "観測機器名または観測項目": null }, "geometry": { "type": "Point", "coordinates": [ 138.5412, 35.5008 ] } },
{ "type": "Feature", "properties": { "観測の種類": "高感度（陸）", "name": "長野坂井      ", "観測点名ローマ字": "Nagano-sakai", "観測点コード": "NSAKAI", "緯度（度）": 36.4098, "経度（度）": 138.0975, "高さ（ｍ）": "930", "測器の深度（ｍ）": "0", "維持管理機関名": "気象庁", "維持管理機関名（英語）": "JMA", "観測開始年（西暦）": "1994", "同月": "4", "観測機器名または観測項目": null }, "geometry": { "type": "Point", "coordinates": [ 138.0975, 36.4098 ] } },
{ "type": "Feature", "properties": { "観測の種類": "高感度（陸）", "name": "長野高遠      ", "観測点名ローマ字": "Nagano-takato", "観測点コード": "TAKATO", "緯度（度）": 35.8767, "経度（度）": 138.1312, "高さ（ｍ）": "1180", "測器の深度（ｍ）": "0", "維持管理機関名": "気象庁", "維持管理機関名（英語）": "JMA", "観測開始年（西暦）": "1994", "同月": "4", "観測機器名または観測項目": null }, "geometry": { "type": "Point", "coordinates": [ 138.1312, 35.8767 ] } },
{ "type": "Feature", "properties": { "観測の種類": "高感度（陸）", "name": "長野泰阜      ", "観測点名ローマ字": "Nagano-yasuoka", "観測点コード": "YASUOK", "緯度（度）": 35.3627, "経度（度）": 137.8593, "高さ（ｍ）": "800", "測器の深度（ｍ）": "0", "維持管理機関名": "気象庁", "維持管理機関名（英語）": "JMA", "観測開始年（西暦）": "1994", "同月": "4", "観測機器名または観測項目": null }, "geometry": { "type": "Point", "coordinates": [ 137.8593, 35.3627 ] } },
{ "type": "Feature", "properties": { "観測の種類": "高感度（陸）", "name": "岐阜丹生川", "観測点名ローマ字": "Gifu-nyukawa", "観測点コード": "NIUKAW", "緯度（度）": 36.2263, "経度（度）": 137.3123, "高さ（ｍ）": "775", "測器の深度（ｍ）": "0", "維持管理機関名": "気象庁", "維持管理機関名（英語）": "JMA", "観測開始年（西暦）": "1994", "同月": "4", "観測機器名または観測項目": null }, "geometry": { "type": "Point", "coordinates": [ 137.3123, 36.2263 ] } },
{ "type": "Feature", "properties": { "観測の種類": "高感度（陸）", "name": "岐阜黒川      ", "観測点名ローマ字": "Gifu-kurokawa", "観測点コード": "KUROKA", "緯度（度）": 35.604, "経度（度）": 137.3542, "高さ（ｍ）": "580", "測器の深度（ｍ）": "0", "維持管理機関名": "気象庁", "維持管理機関名（英語）": "JMA", "観測開始年（西暦）": "1994", "同月": "4", "観測機器名または観測項目": null }, "geometry": { "type": "Point", "coordinates": [ 137.3542, 35.604 ] } },
{ "type": "Feature", "properties": { "観測の種類": "高感度（陸）", "name": "山県谷合", "観測点名ローマ字": "Yamagata-taniai", "観測点コード": "TANIAI", "緯度（度）": 35.5937, "経度（度）": 136.7355, "高さ（ｍ）": "109", "測器の深度（ｍ）": "0", "維持管理機関名": "気象庁", "維持管理機関名（英語）": "JMA", "観測開始年（西暦）": "2012", "同月": "11", "観測機器名または観測項目": null }, "geometry": { "type": "Point", "coordinates": [ 136.7355, 35.5937 ] } },
{ "type": "Feature", "properties": { "観測の種類": "高感度（陸）", "name": "下田", "観測点名ローマ字": "Shimoda", "観測点コード": "IZUSIM", "緯度（度）": 34.7212, "経度（度）": 138.875, "高さ（ｍ）": "135", "測器の深度（ｍ）": "0", "維持管理機関名": "気象庁", "維持管理機関名（英語）": "JMA", "観測開始年（西暦）": "1994", "同月": "4", "観測機器名または観測項目": null }, "geometry": { "type": "Point", "coordinates": [ 138.875, 34.7212 ] } },
{ "type": "Feature", "properties": { "観測の種類": "高感度（陸）", "name": "静岡黒俣      ", "観測点名ローマ字": "Shizuoka-kuromata", "観測点コード": "KUROMA", "緯度（度）": 35.0692, "経度（度）": 138.207, "高さ（ｍ）": "710", "測器の深度（ｍ）": "0", "維持管理機関名": "気象庁", "維持管理機関名（英語）": "JMA", "観測開始年（西暦）": "1996", "同月": "4", "観測機器名または観測項目": null }, "geometry": { "type": "Point", "coordinates": [ 138.207, 35.0692 ] } },
{ "type": "Feature", "properties": { "観測の種類": "高感度（陸）", "name": "静岡相良      ", "観測点名ローマ字": "Shizuoka-sagara", "観測点コード": "SAGARA", "緯度（度）": 34.6777, "経度（度）": 138.183, "高さ（ｍ）": "107", "測器の深度（ｍ）": "0", "維持管理機関名": "気象庁", "維持管理機関名（英語）": "JMA", "観測開始年（西暦）": "1994", "同月": "4", "観測機器名または観測項目": null }, "geometry": { "type": "Point", "coordinates": [ 138.183, 34.6777 ] } },
{ "type": "Feature", "properties": { "観測の種類": "高感度（陸）", "name": "浜松滝沢      ", "観測点名ローマ字": "Hamamatsu-takizawa", "観測点コード": "TAKISA", "緯度（度）": 34.8592, "経度（度）": 137.7185, "高さ（ｍ）": "150", "測器の深度（ｍ）": "0", "維持管理機関名": "気象庁", "維持管理機関名（英語）": "JMA", "観測開始年（西暦）": "2001", "同月": "3", "観測機器名または観測項目": null }, "geometry": { "type": "Point", "coordinates": [ 137.7185, 34.8592 ] } },
{ "type": "Feature", "properties": { "観測の種類": "高感度（陸）", "name": "伊豆八幡", "観測点名ローマ字": "Izu-hatsuma", "観測点コード": "HATUMA", "緯度（度）": 34.9587, "経度（度）": 139.0087, "高さ（ｍ）": "230", "測器の深度（ｍ）": "0", "維持管理機関名": "気象庁", "維持管理機関名（英語）": "JMA", "観測開始年（西暦）": "2012", "同月": "11", "観測機器名または観測項目": null }, "geometry": { "type": "Point", "coordinates": [ 139.0087, 34.9587 ] } },
{ "type": "Feature", "properties": { "観測の種類": "高感度（陸）", "name": "富士中野", "観測点名ローマ字": "Fuji-nakano", "観測点コード": "FJNAKA", "緯度（度）": 35.194, "経度（度）": 138.685, "高さ（ｍ）": "167", "測器の深度（ｍ）": "0", "維持管理機関名": "気象庁", "維持管理機関名（英語）": "JMA", "観測開始年（西暦）": "2012", "同月": "11", "観測機器名または観測項目": null }, "geometry": { "type": "Point", "coordinates": [ 138.685, 35.194 ] } },
{ "type": "Feature", "properties": { "観測の種類": "高感度（陸）", "name": "掛川篠場", "観測点名ローマ字": "Kakegawa-shinonba", "観測点コード": "SINONB", "緯度（度）": 34.751, "経度（度）": 137.9857, "高さ（ｍ）": "75", "測器の深度（ｍ）": "0", "維持管理機関名": "気象庁", "維持管理機関名（英語）": "JMA", "観測開始年（西暦）": "2012", "同月": "11", "観測機器名または観測項目": null }, "geometry": { "type": "Point", "coordinates": [ 137.9857, 34.751 ] } },
{ "type": "Feature", "properties": { "観測の種類": "高感度（陸）", "name": "愛知小原      ", "観測点名ローマ字": "Aichi-obara", "観測点コード": "OBARA ", "緯度（度）": 35.2688, "経度（度）": 137.2535, "高さ（ｍ）": "600", "測器の深度（ｍ）": "0", "維持管理機関名": "気象庁", "維持管理機関名（英語）": "JMA", "観測開始年（西暦）": "1994", "同月": "4", "観測機器名または観測項目": null }, "geometry": { "type": "Point", "coordinates": [ 137.2535, 35.2688 ] } },
{ "type": "Feature", "properties": { "観測の種類": "高感度（陸）", "name": "愛知渥美      ", "観測点名ローマ字": "Aichi-atsumi", "観測点コード": "ATSUMI", "緯度（度）": 34.6348, "経度（度）": 137.1398, "高さ（ｍ）": "30", "測器の深度（ｍ）": "0", "維持管理機関名": "気象庁", "維持管理機関名（英語）": "JMA", "観測開始年（西暦）": "1994", "同月": "4", "観測機器名または観測項目": null }, "geometry": { "type": "Point", "coordinates": [ 137.1398, 34.6348 ] } },
{ "type": "Feature", "properties": { "観測の種類": "高感度（陸）", "name": "新城作手", "観測点名ローマ字": "Shinshiro-tsukude", "観測点コード": "TSUKUD", "緯度（度）": 34.9688, "経度（度）": 137.4232, "高さ（ｍ）": "539", "測器の深度（ｍ）": "0", "維持管理機関名": "気象庁", "維持管理機関名（英語）": "JMA", "観測開始年（西暦）": "2022", "同月": "3", "観測機器名または観測項目": null }, "geometry": { "type": "Point", "coordinates": [ 137.4232, 34.9688 ] } },
{ "type": "Feature", "properties": { "観測の種類": "高感度（陸）", "name": "一宮千秋", "観測点名ローマ字": "Ichinomiya-chiaki", "観測点コード": "ICHIAK", "緯度（度）": 35.302, "経度（度）": 136.843, "高さ（ｍ）": "10", "測器の深度（ｍ）": "0", "維持管理機関名": "気象庁", "維持管理機関名（英語）": "JMA", "観測開始年（西暦）": "2012", "同月": "11", "観測機器名または観測項目": null }, "geometry": { "type": "Point", "coordinates": [ 136.843, 35.302 ] } },
{ "type": "Feature", "properties": { "観測の種類": "高感度（陸）", "name": "津片田薬王寺", "観測点名ローマ字": "Tsu-katadayakuoji", "観測点コード": "KATADA", "緯度（度）": 34.713, "経度（度）": 136.4165, "高さ（ｍ）": "30", "測器の深度（ｍ）": "0", "維持管理機関名": "気象庁", "維持管理機関名（英語）": "JMA", "観測開始年（西暦）": "1996", "同月": "4", "観測機器名または観測項目": null }, "geometry": { "type": "Point", "coordinates": [ 136.4165, 34.713 ] } },
{ "type": "Feature", "properties": { "観測の種類": "高感度（陸）", "name": "伊勢          ", "観測点名ローマ字": "Ise", "観測点コード": "ISE   ", "緯度（度）": 34.3945, "経度（度）": 136.7035, "高さ（ｍ）": "135", "測器の深度（ｍ）": "0", "維持管理機関名": "気象庁", "維持管理機関名（英語）": "JMA", "観測開始年（西暦）": "1994", "同月": "4", "観測機器名または観測項目": null }, "geometry": { "type": "Point", "coordinates": [ 136.7035, 34.3945 ] } },
{ "type": "Feature", "properties": { "観測の種類": "高感度（陸）", "name": "三重紀北", "観測点名ローマ字": "Mie-kihoku", "観測点コード": "KIHOKU", "緯度（度）": 34.239, "経度（度）": 136.2736, "高さ（ｍ）": "80", "測器の深度（ｍ）": "0", "維持管理機関名": "気象庁", "維持管理機関名（英語）": "JMA", "観測開始年（西暦）": "2005", "同月": "3", "観測機器名または観測項目": null }, "geometry": { "type": "Point", "coordinates": [ 136.2736, 34.239 ] } },
{ "type": "Feature", "properties": { "観測の種類": "高感度（陸）", "name": "三重御浜", "観測点名ローマ字": "Mie-mihama", "観測点コード": "MMIHAM", "緯度（度）": 33.819, "経度（度）": 136.0253, "高さ（ｍ）": "75", "測器の深度（ｍ）": "0", "維持管理機関名": "気象庁", "維持管理機関名（英語）": "JMA", "観測開始年（西暦）": "2012", "同月": "11", "観測機器名または観測項目": null }, "geometry": { "type": "Point", "coordinates": [ 136.0253, 33.819 ] } },
{ "type": "Feature", "properties": { "観測の種類": "高感度（陸）", "name": "滋賀永源寺", "観測点名ローマ字": "Shiga-eigenji", "観測点コード": "EIGENJ", "緯度（度）": 35.1385, "経度（度）": 136.3877, "高さ（ｍ）": "433", "測器の深度（ｍ）": "0", "維持管理機関名": "気象庁", "維持管理機関名（英語）": "JMA", "観測開始年（西暦）": "1996", "同月": "3", "観測機器名または観測項目": null }, "geometry": { "type": "Point", "coordinates": [ 136.3877, 35.1385 ] } },
{ "type": "Feature", "properties": { "観測の種類": "高感度（陸）", "name": "京都弥栄      ", "観測点名ローマ字": "Kyoto-yasaka", "観測点コード": "YASAKA", "緯度（度）": 35.6317, "経度（度）": 135.1012, "高さ（ｍ）": "260", "測器の深度（ｍ）": "0", "維持管理機関名": "気象庁", "維持管理機関名（英語）": "JMA", "観測開始年（西暦）": "1994", "同月": "4", "観測機器名または観測項目": null }, "geometry": { "type": "Point", "coordinates": [ 135.1012, 35.6317 ] } },
{ "type": "Feature", "properties": { "観測の種類": "高感度（陸）", "name": "京都和知      ", "観測点名ローマ字": "Kyoto-wachi", "観測点コード": "WACHI ", "緯度（度）": 35.2857, "経度（度）": 135.3987, "高さ（ｍ）": "172", "測器の深度（ｍ）": "0", "維持管理機関名": "気象庁", "維持管理機関名（英語）": "JMA", "観測開始年（西暦）": "1994", "同月": "4", "観測機器名または観測項目": null }, "geometry": { "type": "Point", "coordinates": [ 135.3987, 35.2857 ] } },
{ "type": "Feature", "properties": { "観測の種類": "高感度（陸）", "name": "奈良平群      ", "観測点名ローマ字": "Nara-heguri", "観測点コード": "HEGURI", "緯度（度）": 34.6568, "経度（度）": 135.6822, "高さ（ｍ）": "260", "測器の深度（ｍ）": "0", "維持管理機関名": "気象庁", "維持管理機関名（英語）": "JMA", "観測開始年（西暦）": "1994", "同月": "4", "観測機器名または観測項目": null }, "geometry": { "type": "Point", "coordinates": [ 135.6822, 34.6568 ] } },
{ "type": "Feature", "properties": { "観測の種類": "高感度（陸）", "name": "奈良天川", "観測点名ローマ字": "Nara-tenkawa", "観測点コード": "TENKAW", "緯度（度）": 34.27, "経度（度）": 135.8838, "高さ（ｍ）": "840", "測器の深度（ｍ）": "0", "維持管理機関名": "気象庁", "維持管理機関名（英語）": "JMA", "観測開始年（西暦）": "2012", "同月": "7", "観測機器名または観測項目": null }, "geometry": { "type": "Point", "coordinates": [ 135.8838, 34.27 ] } },
{ "type": "Feature", "properties": { "観測の種類": "高感度（陸）", "name": "和歌山高野", "観測点名ローマ字": "Wakayama-koya", "観測点コード": "KOUYA2", "緯度（度）": 34.2211, "経度（度）": 135.5896, "高さ（ｍ）": "809", "測器の深度（ｍ）": "0", "維持管理機関名": "気象庁", "維持管理機関名（英語）": "JMA", "観測開始年（西暦）": "2022", "同月": "3", "観測機器名または観測項目": null }, "geometry": { "type": "Point", "coordinates": [ 135.5896, 34.2211 ] } },
{ "type": "Feature", "properties": { "観測の種類": "高感度（陸）", "name": "和歌山南部川", "観測点名ローマ字": "Wakayama-minabegawa", "観測点コード": "MINABE", "緯度（度）": 33.8525, "経度（度）": 135.3518, "高さ（ｍ）": "170", "測器の深度（ｍ）": "0", "維持管理機関名": "気象庁", "維持管理機関名（英語）": "JMA", "観測開始年（西暦）": "1994", "同月": "4", "観測機器名または観測項目": null }, "geometry": { "type": "Point", "coordinates": [ 135.3518, 33.8525 ] } },
{ "type": "Feature", "properties": { "観測の種類": "高感度（陸）", "name": "田辺中辺路", "観測点名ローマ字": "Tanabe-nakahechi", "観測点コード": "TANABE", "緯度（度）": 33.8183, "経度（度）": 135.6108, "高さ（ｍ）": "337", "測器の深度（ｍ）": "0", "維持管理機関名": "気象庁", "維持管理機関名（英語）": "JMA", "観測開始年（西暦）": "2012", "同月": "11", "観測機器名または観測項目": null }, "geometry": { "type": "Point", "coordinates": [ 135.6108, 33.8183 ] } },
{ "type": "Feature", "properties": { "観測の種類": "高感度（陸）", "name": "和歌山串本", "観測点名ローマ字": "Wakayama-kushimoto", "観測点コード": "KUSIMO", "緯度（度）": 33.4498, "経度（度）": 135.7573, "高さ（ｍ）": "68", "測器の深度（ｍ）": "0", "維持管理機関名": "気象庁", "維持管理機関名（英語）": "JMA", "観測開始年（西暦）": "2012", "同月": "7", "観測機器名または観測項目": null }, "geometry": { "type": "Point", "coordinates": [ 135.7573, 33.4498 ] } },
{ "type": "Feature", "properties": { "観測の種類": "高感度（陸）", "name": "兵庫香住      ", "観測点名ローマ字": "Hyogo-kasumi", "観測点コード": "KASUMI", "緯度（度）": 35.5907, "経度（度）": 134.661, "高さ（ｍ）": "85", "測器の深度（ｍ）": "0", "維持管理機関名": "気象庁", "維持管理機関名（英語）": "JMA", "観測開始年（西暦）": "1997", "同月": "12", "観測機器名または観測項目": null }, "geometry": { "type": "Point", "coordinates": [ 134.661, 35.5907 ] } },
{ "type": "Feature", "properties": { "観測の種類": "高感度（陸）", "name": "加西          ", "観測点名ローマ字": "Kasai", "観測点コード": "KASAI ", "緯度（度）": 34.9858, "経度（度）": 134.8415, "高さ（ｍ）": "150", "測器の深度（ｍ）": "0", "維持管理機関名": "気象庁", "維持管理機関名（英語）": "JMA", "観測開始年（西暦）": "1994", "同月": "4", "観測機器名または観測項目": null }, "geometry": { "type": "Point", "coordinates": [ 134.8415, 34.9858 ] } },
{ "type": "Feature", "properties": { "観測の種類": "高感度（陸）", "name": "三木          ", "観測点名ローマ字": "Miki", "観測点コード": "MIKI  ", "緯度（度）": 34.8102, "経度（度）": 135.051, "高さ（ｍ）": "160", "測器の深度（ｍ）": "0", "維持管理機関名": "気象庁", "維持管理機関名（英語）": "JMA", "観測開始年（西暦）": "1996", "同月": "4", "観測機器名または観測項目": null }, "geometry": { "type": "Point", "coordinates": [ 135.051, 34.8102 ] } },
{ "type": "Feature", "properties": { "観測の種類": "高感度（陸）", "name": "淡路島長澤", "観測点名ローマ字": "Awajishima-nagasawa", "観測点コード": "AWJNGS", "緯度（度）": 34.4853, "経度（度）": 134.9023, "高さ（ｍ）": "211", "測器の深度（ｍ）": "0", "維持管理機関名": "気象庁", "維持管理機関名（英語）": "JMA", "観測開始年（西暦）": "2014", "同月": "3", "観測機器名または観測項目": null }, "geometry": { "type": "Point", "coordinates": [ 134.9023, 34.4853 ] } },
{ "type": "Feature", "properties": { "観測の種類": "高感度（陸）", "name": "倉吉          ", "観測点名ローマ字": "Kurayoshi", "観測点コード": "KURAYO", "緯度（度）": 35.3815, "経度（度）": 133.8172, "高さ（ｍ）": "174", "測器の深度（ｍ）": "0", "維持管理機関名": "気象庁", "維持管理機関名（英語）": "JMA", "観測開始年（西暦）": "1994", "同月": "4", "観測機器名または観測項目": null }, "geometry": { "type": "Point", "coordinates": [ 133.8172, 35.3815 ] } },
{ "type": "Feature", "properties": { "観測の種類": "高感度（陸）", "name": "松江西生馬", "観測点名ローマ字": "Matsue-nishiikuma", "観測点コード": "IKUMA ", "緯度（度）": 35.499, "経度（度）": 133.027, "高さ（ｍ）": "20", "測器の深度（ｍ）": "0", "維持管理機関名": "気象庁", "維持管理機関名（英語）": "JMA", "観測開始年（西暦）": "1994", "同月": "4", "観測機器名または観測項目": null }, "geometry": { "type": "Point", "coordinates": [ 133.027, 35.499 ] } },
{ "type": "Feature", "properties": { "観測の種類": "高感度（陸）", "name": "島根美郷", "観測点名ローマ字": "Shimane-misato", "観測点コード": "GOTSU2", "緯度（度）": 35.0635, "経度（度）": 132.507, "高さ（ｍ）": "150", "測器の深度（ｍ）": "0", "維持管理機関名": "気象庁", "維持管理機関名（英語）": "JMA", "観測開始年（西暦）": "2011", "同月": "3", "観測機器名または観測項目": null }, "geometry": { "type": "Point", "coordinates": [ 132.507, 35.0635 ] } },
{ "type": "Feature", "properties": { "観測の種類": "高感度（陸）", "name": "島根匹見      ", "観測点名ローマ字": "Shimane-hikimi", "観測点コード": "HIKIMI", "緯度（度）": 34.5345, "経度（度）": 131.9267, "高さ（ｍ）": "350", "測器の深度（ｍ）": "0", "維持管理機関名": "気象庁", "維持管理機関名（英語）": "JMA", "観測開始年（西暦）": "1997", "同月": "12", "観測機器名または観測項目": null }, "geometry": { "type": "Point", "coordinates": [ 131.9267, 34.5345 ] } },
{ "type": "Feature", "properties": { "観測の種類": "高感度（陸）", "name": "隠岐島後      ", "観測点名ローマ字": "Oki-dogo", "観測点コード": "OKI2", "緯度（度）": 36.2908, "経度（度）": 133.2482, "高さ（ｍ）": "106", "測器の深度（ｍ）": "0", "維持管理機関名": "気象庁", "維持管理機関名（英語）": "JMA", "観測開始年（西暦）": "2010", "同月": "12", "観測機器名または観測項目": null }, "geometry": { "type": "Point", "coordinates": [ 133.2482, 36.2908 ] } },
{ "type": "Feature", "properties": { "観測の種類": "高感度（陸）", "name": "出雲坂浦", "観測点名ローマ字": "Izumo-sakaura", "観測点コード": "SAKAUR", "緯度（度）": 35.5005, "経度（度）": 132.8487, "高さ（ｍ）": "166", "測器の深度（ｍ）": "0", "維持管理機関名": "気象庁", "維持管理機関名（英語）": "JMA", "観測開始年（西暦）": "2013", "同月": "7", "観測機器名または観測項目": null }, "geometry": { "type": "Point", "coordinates": [ 132.8487, 35.5005 ] } },
{ "type": "Feature", "properties": { "観測の種類": "高感度（陸）", "name": "岡山英田      ", "観測点名ローマ字": "Okayama-aida", "観測点コード": "AIDA  ", "緯度（度）": 34.9435, "経度（度）": 134.1653, "高さ（ｍ）": "170", "測器の深度（ｍ）": "0", "維持管理機関名": "気象庁", "維持管理機関名（英語）": "JMA", "観測開始年（西暦）": "1994", "同月": "4", "観測機器名または観測項目": null }, "geometry": { "type": "Point", "coordinates": [ 134.1653, 34.9435 ] } },
{ "type": "Feature", "properties": { "観測の種類": "高感度（陸）", "name": "広島西城      ", "観測点名ローマ字": "Hiroshima-saijo", "観測点コード": "SAIJYO", "緯度（度）": 35.0018, "経度（度）": 133.1137, "高さ（ｍ）": "470", "測器の深度（ｍ）": "0", "維持管理機関名": "気象庁", "維持管理機関名（英語）": "JMA", "観測開始年（西暦）": "1994", "同月": "4", "観測機器名または観測項目": null }, "geometry": { "type": "Point", "coordinates": [ 133.1137, 35.0018 ] } },
{ "type": "Feature", "properties": { "観測の種類": "高感度（陸）", "name": "広島上下      ", "観測点名ローマ字": "Hiroshima-joge", "観測点コード": "JOUGE ", "緯度（度）": 34.6443, "経度（度）": 133.1517, "高さ（ｍ）": "470", "測器の深度（ｍ）": "0", "維持管理機関名": "気象庁", "維持管理機関名（英語）": "JMA", "観測開始年（西暦）": "1994", "同月": "4", "観測機器名または観測項目": null }, "geometry": { "type": "Point", "coordinates": [ 133.1517, 34.6443 ] } },
{ "type": "Feature", "properties": { "観測の種類": "高感度（陸）", "name": "広島豊平      ", "観測点名ローマ字": "Hiroshima-toyohira", "観測点コード": "TOYOHI", "緯度（度）": 34.6657, "経度（度）": 132.4185, "高さ（ｍ）": "470", "測器の深度（ｍ）": "0", "維持管理機関名": "気象庁", "維持管理機関名（英語）": "JMA", "観測開始年（西暦）": "1996", "同月": "5", "観測機器名または観測項目": null }, "geometry": { "type": "Point", "coordinates": [ 132.4185, 34.6657 ] } },
{ "type": "Feature", "properties": { "観測の種類": "高感度（陸）", "name": "広島音戸", "観測点名ローマ字": "Hiroshima-ondo", "観測点コード": "ONDO", "緯度（度）": 34.1809, "経度（度）": 132.5301, "高さ（ｍ）": "54", "測器の深度（ｍ）": "0", "維持管理機関名": "気象庁", "維持管理機関名（英語）": "JMA", "観測開始年（西暦）": "2020", "同月": "3", "観測機器名または観測項目": null }, "geometry": { "type": "Point", "coordinates": [ 132.5301, 34.1809 ] } },
{ "type": "Feature", "properties": { "観測の種類": "高感度（陸）", "name": "坂出          ", "観測点名ローマ字": "Sakaide", "観測点コード": "SAKAID", "緯度（度）": 34.377, "経度（度）": 133.928, "高さ（ｍ）": "210", "測器の深度（ｍ）": "0", "維持管理機関名": "気象庁", "維持管理機関名（英語）": "JMA", "観測開始年（西暦）": "1994", "同月": "4", "観測機器名または観測項目": null }, "geometry": { "type": "Point", "coordinates": [ 133.928, 34.377 ] } },
{ "type": "Feature", "properties": { "観測の種類": "高感度（陸）", "name": "徳島相生      ", "観測点名ローマ字": "Tokushima-aioi", "観測点コード": "AIOI  ", "緯度（度）": 33.7957, "経度（度）": 134.4488, "高さ（ｍ）": "165", "測器の深度（ｍ）": "0", "維持管理機関名": "気象庁", "維持管理機関名（英語）": "JMA", "観測開始年（西暦）": "1994", "同月": "4", "観測機器名または観測項目": null }, "geometry": { "type": "Point", "coordinates": [ 134.4488, 33.7957 ] } },
{ "type": "Feature", "properties": { "観測の種類": "高感度（陸）", "name": "美馬穴吹", "観測点名ローマ字": "Mima-anabuki", "観測点コード": "MIMANA", "緯度（度）": 34.0432, "経度（度）": 134.1515, "高さ（ｍ）": "220", "測器の深度（ｍ）": "0", "維持管理機関名": "気象庁", "維持管理機関名（英語）": "JMA", "観測開始年（西暦）": "2012", "同月": "7", "観測機器名または観測項目": null }, "geometry": { "type": "Point", "coordinates": [ 134.1515, 34.0432 ] } },
{ "type": "Feature", "properties": { "観測の種類": "高感度（陸）", "name": "愛媛丹原      ", "観測点名ローマ字": "Ehime-tanbara", "観測点コード": "TANBAR", "緯度（度）": 33.7822, "経度（度）": 133.0462, "高さ（ｍ）": "410", "測器の深度（ｍ）": "0", "維持管理機関名": "気象庁", "維持管理機関名（英語）": "JMA", "観測開始年（西暦）": "1994", "同月": "4", "観測機器名または観測項目": null }, "geometry": { "type": "Point", "coordinates": [ 133.0462, 33.7822 ] } },
{ "type": "Feature", "properties": { "観測の種類": "高感度（陸）", "name": "愛媛長浜      ", "観測点名ローマ字": "Ehime-nagahama", "観測点コード": "NAGAHA", "緯度（度）": 33.5605, "経度（度）": 132.4762, "高さ（ｍ）": "230", "測器の深度（ｍ）": "0", "維持管理機関名": "気象庁", "維持管理機関名（英語）": "JMA", "観測開始年（西暦）": "1994", "同月": "4", "観測機器名または観測項目": null }, "geometry": { "type": "Point", "coordinates": [ 132.4762, 33.5605 ] } },
{ "type": "Feature", "properties": { "観測の種類": "高感度（陸）", "name": "愛媛広見      ", "観測点名ローマ字": "Ehime-hiromi", "観測点コード": "HIROMI", "緯度（度）": 33.217, "経度（度）": 132.622, "高さ（ｍ）": "450", "測器の深度（ｍ）": "0", "維持管理機関名": "気象庁", "維持管理機関名（英語）": "JMA", "観測開始年（西暦）": "1999", "同月": "3", "観測機器名または観測項目": null }, "geometry": { "type": "Point", "coordinates": [ 132.622, 33.217 ] } },
{ "type": "Feature", "properties": { "観測の種類": "高感度（陸）", "name": "室戸吉良川", "観測点名ローマ字": "Muroto-kiragawa", "観測点コード": "KIRAGA", "緯度（度）": 33.3897, "経度（度）": 134.1405, "高さ（ｍ）": "200", "測器の深度（ｍ）": "0", "維持管理機関名": "気象庁", "維持管理機関名（英語）": "JMA", "観測開始年（西暦）": "2000", "同月": "3", "観測機器名または観測項目": null }, "geometry": { "type": "Point", "coordinates": [ 134.1405, 33.3897 ] } },
{ "type": "Feature", "properties": { "観測の種類": "高感度（陸）", "name": "高知物部      ", "観測点名ローマ字": "Kochi-monobe", "観測点コード": "MONOBE", "緯度（度）": 33.7315, "経度（度）": 133.8763, "高さ（ｍ）": "550", "測器の深度（ｍ）": "0", "維持管理機関名": "気象庁", "維持管理機関名（英語）": "JMA", "観測開始年（西暦）": "1994", "同月": "4", "観測機器名または観測項目": null }, "geometry": { "type": "Point", "coordinates": [ 133.8763, 33.7315 ] } },
{ "type": "Feature", "properties": { "観測の種類": "高感度（陸）", "name": "高知窪川      ", "観測点名ローマ字": "Kochi-kubokawa", "観測点コード": "KUBOKA", "緯度（度）": 33.3128, "経度（度）": 133.0608, "高さ（ｍ）": "340", "測器の深度（ｍ）": "0", "維持管理機関名": "気象庁", "維持管理機関名（英語）": "JMA", "観測開始年（西暦）": "1994", "同月": "4", "観測機器名または観測項目": null }, "geometry": { "type": "Point", "coordinates": [ 133.0608, 33.3128 ] } },
{ "type": "Feature", "properties": { "観測の種類": "高感度（陸）", "name": "土佐清水      ", "観測点名ローマ字": "Tosashimizu", "観測点コード": "TOSASH", "緯度（度）": 32.8632, "経度（度）": 132.7997, "高さ（ｍ）": "180", "測器の深度（ｍ）": "0", "維持管理機関名": "気象庁", "維持管理機関名（英語）": "JMA", "観測開始年（西暦）": "1994", "同月": "4", "観測機器名または観測項目": null }, "geometry": { "type": "Point", "coordinates": [ 132.7997, 32.8632 ] } },
{ "type": "Feature", "properties": { "観測の種類": "高感度（陸）", "name": "高知春野", "観測点名ローマ字": "Kochi-haruno", "観測点コード": "KHARUN", "緯度（度）": 33.51, "経度（度）": 133.4988, "高さ（ｍ）": "26", "測器の深度（ｍ）": "0", "維持管理機関名": "気象庁", "維持管理機関名（英語）": "JMA", "観測開始年（西暦）": "2012", "同月": "11", "観測機器名または観測項目": null }, "geometry": { "type": "Point", "coordinates": [ 133.4988, 33.51 ] } },
{ "type": "Feature", "properties": { "観測の種類": "高感度（陸）", "name": "下松          ", "観測点名ローマ字": "Kudamatsu", "観測点コード": "KUDAMA", "緯度（度）": 34.0573, "経度（度）": 131.8713, "高さ（ｍ）": "220", "測器の深度（ｍ）": "0", "維持管理機関名": "気象庁", "維持管理機関名（英語）": "JMA", "観測開始年（西暦）": "1994", "同月": "4", "観測機器名または観測項目": null }, "geometry": { "type": "Point", "coordinates": [ 131.8713, 34.0573 ] } },
{ "type": "Feature", "properties": { "観測の種類": "高感度（陸）", "name": "山口豊田      ", "観測点名ローマ字": "Yamaguchi-toyota", "観測点コード": "YTOYOT", "緯度（度）": 34.2658, "経度（度）": 131.0622, "高さ（ｍ）": "120", "測器の深度（ｍ）": "0", "維持管理機関名": "気象庁", "維持管理機関名（英語）": "JMA", "観測開始年（西暦）": "1994", "同月": "4", "観測機器名または観測項目": null }, "geometry": { "type": "Point", "coordinates": [ 131.0622, 34.2658 ] } },
{ "type": "Feature", "properties": { "観測の種類": "高感度（陸）", "name": "萩見島", "観測点名ローマ字": "Hagi-mishima", "観測点コード": "HAGIMI", "緯度（度）": 34.7827, "経度（度）": 131.1413, "高さ（ｍ）": "19", "測器の深度（ｍ）": "0", "維持管理機関名": "気象庁", "維持管理機関名（英語）": "JMA", "観測開始年（西暦）": "2013", "同月": "7", "観測機器名または観測項目": null }, "geometry": { "type": "Point", "coordinates": [ 131.1413, 34.7827 ] } },
{ "type": "Feature", "properties": { "観測の種類": "高感度（陸）", "name": "福岡赤池      ", "観測点名ローマ字": "Fukuoka-akaike", "観測点コード": "AKAIKE", "緯度（度）": 33.7153, "経度（度）": 130.7928, "高さ（ｍ）": "130", "測器の深度（ｍ）": "0", "維持管理機関名": "気象庁", "維持管理機関名（英語）": "JMA", "観測開始年（西暦）": "1994", "同月": "4", "観測機器名または観測項目": null }, "geometry": { "type": "Point", "coordinates": [ 130.7928, 33.7153 ] } },
{ "type": "Feature", "properties": { "観測の種類": "高感度（陸）", "name": "福岡板屋      ", "観測点名ローマ字": "Fukuoka-itaya", "観測点コード": "ITAYA ", "緯度（度）": 33.4305, "経度（度）": 130.386, "高さ（ｍ）": "660", "測器の深度（ｍ）": "0", "維持管理機関名": "気象庁", "維持管理機関名（英語）": "JMA", "観測開始年（西暦）": "1996", "同月": "8", "観測機器名または観測項目": null }, "geometry": { "type": "Point", "coordinates": [ 130.386, 33.4305 ] } },
{ "type": "Feature", "properties": { "観測の種類": "高感度（陸）", "name": "佐賀嬉野      ", "観測点名ローマ字": "Saga-ureshino", "観測点コード": "URESHI", "緯度（度）": 33.0965, "経度（度）": 129.9467, "高さ（ｍ）": "160", "測器の深度（ｍ）": "0", "維持管理機関名": "気象庁", "維持管理機関名（英語）": "JMA", "観測開始年（西暦）": "1994", "同月": "4", "観測機器名または観測項目": null }, "geometry": { "type": "Point", "coordinates": [ 129.9467, 33.0965 ] } },
{ "type": "Feature", "properties": { "観測の種類": "高感度（陸）", "name": "長崎野母崎     ", "観測点名ローマ字": "Nagasaki-nomozaki", "観測点コード": "NOMOZA", "緯度（度）": 32.6327, "経度（度）": 129.7987, "高さ（ｍ）": "20", "測器の深度（ｍ）": "0", "維持管理機関名": "気象庁", "維持管理機関名（英語）": "JMA", "観測開始年（西暦）": "2005", "同月": "9", "観測機器名または観測項目": null }, "geometry": { "type": "Point", "coordinates": [ 129.7987, 32.6327 ] } },
{ "type": "Feature", "properties": { "観測の種類": "高感度（陸）", "name": "対馬上県      ", "観測点名ローマ字": "Tsushima-kamiagata", "観測点コード": "TSUSHM", "緯度（度）": 34.5275, "経度（度）": 129.3963, "高さ（ｍ）": "70", "測器の深度（ｍ）": "0", "維持管理機関名": "気象庁", "維持管理機関名（英語）": "JMA", "観測開始年（西暦）": "1994", "同月": "4", "観測機器名または観測項目": null }, "geometry": { "type": "Point", "coordinates": [ 129.3963, 34.5275 ] } },
{ "type": "Feature", "properties": { "観測の種類": "高感度（陸）", "name": "壱岐          ", "観測点名ローマ字": "Iki", "観測点コード": "IKI   ", "緯度（度）": 33.7988, "経度（度）": 129.7297, "高さ（ｍ）": "70", "測器の深度（ｍ）": "0", "維持管理機関名": "気象庁", "維持管理機関名（英語）": "JMA", "観測開始年（西暦）": "1994", "同月": "4", "観測機器名または観測項目": null }, "geometry": { "type": "Point", "coordinates": [ 129.7297, 33.7988 ] } },
{ "type": "Feature", "properties": { "観測の種類": "高感度（陸）", "name": "福江島富江", "観測点名ローマ字": "Fukuejima-tomie", "観測点コード": "FUKUE2", "緯度（度）": 32.6588, "経度（度）": 128.7473, "高さ（ｍ）": "120", "測器の深度（ｍ）": "0", "維持管理機関名": "気象庁", "維持管理機関名（英語）": "JMA", "観測開始年（西暦）": "1994", "同月": "9", "観測機器名または観測項目": null }, "geometry": { "type": "Point", "coordinates": [ 128.7473, 32.6588 ] } },
{ "type": "Feature", "properties": { "観測の種類": "高感度（陸）", "name": "対馬美津島", "観測点名ローマ字": "Tsushima-mitsushima", "観測点コード": "MITSUS", "緯度（度）": 34.3385, "経度（度）": 129.3848, "高さ（ｍ）": "28", "測器の深度（ｍ）": "0", "維持管理機関名": "気象庁", "維持管理機関名（英語）": "JMA", "観測開始年（西暦）": "2013", "同月": "7", "観測機器名または観測項目": null }, "geometry": { "type": "Point", "coordinates": [ 129.3848, 34.3385 ] } },
{ "type": "Feature", "properties": { "観測の種類": "高感度（陸）", "name": "熊本泉", "観測点名ローマ字": "Kumamoto-izumi", "観測点コード": "KUIZU3", "緯度（度）": 32.549, "経度（度）": 130.8127, "高さ（ｍ）": "250", "測器の深度（ｍ）": "0", "維持管理機関名": "気象庁", "維持管理機関名（英語）": "JMA", "観測開始年（西暦）": "2013", "同月": "4", "観測機器名または観測項目": null }, "geometry": { "type": "Point", "coordinates": [ 130.8127, 32.549 ] } },
{ "type": "Feature", "properties": { "観測の種類": "高感度（陸）", "name": "玉名          ", "観測点名ローマ字": "Tamana", "観測点コード": "TAMANA", "緯度（度）": 32.967, "経度（度）": 130.5305, "高さ（ｍ）": "230", "測器の深度（ｍ）": "0", "維持管理機関名": "気象庁", "維持管理機関名（英語）": "JMA", "観測開始年（西暦）": "1994", "同月": "4", "観測機器名または観測項目": null }, "geometry": { "type": "Point", "coordinates": [ 130.5305, 32.967 ] } },
{ "type": "Feature", "properties": { "観測の種類": "高感度（陸）", "name": "本渡          ", "観測点名ローマ字": "Hondo", "観測点コード": "HONDO ", "緯度（度）": 32.4683, "経度（度）": 130.1345, "高さ（ｍ）": "70", "測器の深度（ｍ）": "0", "維持管理機関名": "気象庁", "維持管理機関名（英語）": "JMA", "観測開始年（西暦）": "1994", "同月": "4", "観測機器名または観測項目": null }, "geometry": { "type": "Point", "coordinates": [ 130.1345, 32.4683 ] } },
{ "type": "Feature", "properties": { "観測の種類": "高感度（陸）", "name": "大分国見      ", "観測点名ローマ字": "Ooita-kunimi", "観測点コード": "KUNIMI", "緯度（度）": 33.6357, "経度（度）": 131.5665, "高さ（ｍ）": "120", "測器の深度（ｍ）": "0", "維持管理機関名": "気象庁", "維持管理機関名（英語）": "JMA", "観測開始年（西暦）": "1994", "同月": "4", "観測機器名または観測項目": null }, "geometry": { "type": "Point", "coordinates": [ 131.5665, 33.6357 ] } },
{ "type": "Feature", "properties": { "観測の種類": "高感度（陸）", "name": "別府天間", "観測点名ローマ字": "Beppu-amama", "観測点コード": "BEPPUA", "緯度（度）": 33.3363, "経度（度）": 131.4072, "高さ（ｍ）": "434", "測器の深度（ｍ）": "0", "維持管理機関名": "気象庁", "維持管理機関名（英語）": "JMA", "観測開始年（西暦）": "2010", "同月": "2", "観測機器名または観測項目": null }, "geometry": { "type": "Point", "coordinates": [ 131.4072, 33.3363 ] } },
{ "type": "Feature", "properties": { "観測の種類": "高感度（陸）", "name": "臼杵          ", "観測点名ローマ字": "Usuki", "観測点コード": "USUKI ", "緯度（度）": 33.069, "経度（度）": 131.7482, "高さ（ｍ）": "140", "測器の深度（ｍ）": "0", "維持管理機関名": "気象庁", "維持管理機関名（英語）": "JMA", "観測開始年（西暦）": "1994", "同月": "4", "観測機器名または観測項目": null }, "geometry": { "type": "Point", "coordinates": [ 131.7482, 33.069 ] } },
{ "type": "Feature", "properties": { "観測の種類": "高感度（陸）", "name": "大分中津江", "観測点名ローマ字": "Ooita-nakatsue", "観測点コード": "NAKATS", "緯度（度）": 33.125, "経度（度）": 130.8767, "高さ（ｍ）": "540", "測器の深度（ｍ）": "0", "維持管理機関名": "気象庁", "維持管理機関名（英語）": "JMA", "観測開始年（西暦）": "1994", "同月": "4", "観測機器名または観測項目": null }, "geometry": { "type": "Point", "coordinates": [ 130.8767, 33.125 ] } },
{ "type": "Feature", "properties": { "観測の種類": "高感度（陸）", "name": "佐伯蒲江", "観測点名ローマ字": "Saiki-kamae", "観測点コード": "SKAMAE", "緯度（度）": 32.798, "経度（度）": 131.901, "高さ（ｍ）": "6", "測器の深度（ｍ）": "0", "維持管理機関名": "気象庁", "維持管理機関名（英語）": "JMA", "観測開始年（西暦）": "2012", "同月": "7", "観測機器名または観測項目": null }, "geometry": { "type": "Point", "coordinates": [ 131.901, 32.798 ] } },
{ "type": "Feature", "properties": { "観測の種類": "高感度（陸）", "name": "宮崎北方      ", "観測点名ローマ字": "Miyazaki-kitakata", "観測点コード": "KITAKA", "緯度（度）": 32.5571, "経度（度）": 131.5286, "高さ（ｍ）": "180", "測器の深度（ｍ）": "0", "維持管理機関名": "気象庁", "維持管理機関名（英語）": "JMA", "観測開始年（西暦）": "1997", "同月": "3", "観測機器名または観測項目": null }, "geometry": { "type": "Point", "coordinates": [ 131.5286, 32.5571 ] } },
{ "type": "Feature", "properties": { "観測の種類": "高感度（陸）", "name": "宮崎都農      ", "観測点名ローマ字": "Miyazaki-tsuno", "観測点コード": "TSUNO ", "緯度（度）": 32.249, "経度（度）": 131.5022, "高さ（ｍ）": "130", "測器の深度（ｍ）": "0", "維持管理機関名": "気象庁", "維持管理機関名（英語）": "JMA", "観測開始年（西暦）": "1997", "同月": "3", "観測機器名または観測項目": null }, "geometry": { "type": "Point", "coordinates": [ 131.5022, 32.249 ] } },
{ "type": "Feature", "properties": { "観測の種類": "高感度（陸）", "name": "宮崎高崎      ", "観測点名ローマ字": "Miyazaki-takazaki", "観測点コード": "TAKAZA", "緯度（度）": 31.9047, "経度（度）": 131.0857, "高さ（ｍ）": "170", "測器の深度（ｍ）": "0", "維持管理機関名": "気象庁", "維持管理機関名（英語）": "JMA", "観測開始年（西暦）": "1996", "同月": "3", "観測機器名または観測項目": null }, "geometry": { "type": "Point", "coordinates": [ 131.0857, 31.9047 ] } },
{ "type": "Feature", "properties": { "観測の種類": "高感度（陸）", "name": "串間奈留      ", "観測点名ローマ字": "Kushima-naru", "観測点コード": "NARU  ", "緯度（度）": 31.53, "経度（度）": 131.2693, "高さ（ｍ）": "80", "測器の深度（ｍ）": "0", "維持管理機関名": "気象庁", "維持管理機関名（英語）": "JMA", "観測開始年（西暦）": "2000", "同月": "3", "観測機器名または観測項目": null }, "geometry": { "type": "Point", "coordinates": [ 131.2693, 31.53 ] } },
{ "type": "Feature", "properties": { "観測の種類": "高感度（陸）", "name": "日向日知屋", "観測点名ローマ字": "Hyuga-hichiya", "観測点コード": "HICHIY", "緯度（度）": 32.443, "経度（度）": 131.6367, "高さ（ｍ）": "53", "測器の深度（ｍ）": "0", "維持管理機関名": "気象庁", "維持管理機関名（英語）": "JMA", "観測開始年（西暦）": "2012", "同月": "7", "観測機器名または観測項目": null }, "geometry": { "type": "Point", "coordinates": [ 131.6367, 32.443 ] } },
{ "type": "Feature", "properties": { "観測の種類": "高感度（陸）", "name": "日南北郷", "観測点名ローマ字": "Nichinan-kitagou", "観測点コード": "NICHIN", "緯度（度）": 31.662, "経度（度）": 131.376, "高さ（ｍ）": "38", "測器の深度（ｍ）": "0", "維持管理機関名": "気象庁", "維持管理機関名（英語）": "JMA", "観測開始年（西暦）": "2013", "同月": "7", "観測機器名または観測項目": null }, "geometry": { "type": "Point", "coordinates": [ 131.376, 31.662 ] } },
{ "type": "Feature", "properties": { "観測の種類": "高感度（陸）", "name": "大口          ", "観測点名ローマ字": "Ookuchi", "観測点コード": "OKUCHI", "緯度（度）": 32.1435, "経度（度）": 130.5962, "高さ（ｍ）": "440", "測器の深度（ｍ）": "0", "維持管理機関名": "気象庁", "維持管理機関名（英語）": "JMA", "観測開始年（西暦）": "1994", "同月": "4", "観測機器名または観測項目": null }, "geometry": { "type": "Point", "coordinates": [ 130.5962, 32.1435 ] } },
{ "type": "Feature", "properties": { "観測の種類": "高感度（陸）", "name": "鹿児島田代", "観測点名ローマ字": "Kagoshima-tashiro", "観測点コード": "TASHR2", "緯度（度）": 31.1698, "経度（度）": 130.9193, "高さ（ｍ）": "430", "測器の深度（ｍ）": "0", "維持管理機関名": "気象庁", "維持管理機関名（英語）": "JMA", "観測開始年（西暦）": "1997", "同月": "3", "観測機器名または観測項目": null }, "geometry": { "type": "Point", "coordinates": [ 130.9193, 31.1698 ] } },
{ "type": "Feature", "properties": { "観測の種類": "高感度（陸）", "name": "鹿児島錫山", "観測点名ローマ字": "Kagoshima-suzuyama", "観測点コード": "SUZUYA", "緯度（度）": 31.5093, "経度（度）": 130.4527, "高さ（ｍ）": "400", "測器の深度（ｍ）": "0", "維持管理機関名": "気象庁", "維持管理機関名（英語）": "JMA", "観測開始年（西暦）": "1994", "同月": "4", "観測機器名または観測項目": null }, "geometry": { "type": "Point", "coordinates": [ 130.4527, 31.5093 ] } },
{ "type": "Feature", "properties": { "観測の種類": "高感度（陸）", "name": "下甑島        ", "観測点名ローマ字": "Shimokoshikijima", "観測点コード": "KOSHIK", "緯度（度）": 31.6815, "経度（度）": 129.7137, "高さ（ｍ）": "240", "測器の深度（ｍ）": "0", "維持管理機関名": "気象庁", "維持管理機関名（英語）": "JMA", "観測開始年（西暦）": "1994", "同月": "4", "観測機器名または観測項目": null }, "geometry": { "type": "Point", "coordinates": [ 129.7137, 31.6815 ] } },
{ "type": "Feature", "properties": { "観測の種類": "高感度（陸）", "name": "口永良部島", "観測点名ローマ字": "Kuchierabujima", "観測点コード": "KUCHIE", "緯度（度）": 30.4657, "経度（度）": 130.1935, "高さ（ｍ）": "20", "測器の深度（ｍ）": "0", "維持管理機関名": "気象庁", "維持管理機関名（英語）": "JMA", "観測開始年（西暦）": "1994", "同月": "4", "観測機器名または観測項目": null }, "geometry": { "type": "Point", "coordinates": [ 130.1935, 30.4657 ] } },
{ "type": "Feature", "properties": { "観測の種類": "高感度（陸）", "name": "種子島西之表", "観測点名ローマ字": "Tanegashima-nishinoomote", "観測点コード": "TANEG3", "緯度（度）": 30.658, "経度（度）": 130.9773, "高さ（ｍ）": "240", "測器の深度（ｍ）": "0", "維持管理機関名": "気象庁", "維持管理機関名（英語）": "JMA", "観測開始年（西暦）": "1994", "同月": "4", "観測機器名または観測項目": null }, "geometry": { "type": "Point", "coordinates": [ 130.9773, 30.658 ] } },
{ "type": "Feature", "properties": { "観測の種類": "高感度（陸）", "name": "南種子", "観測点名ローマ字": "Minamitane", "観測点コード": "MITANE", "緯度（度）": 30.3973, "経度（度）": 130.9003, "高さ（ｍ）": "186", "測器の深度（ｍ）": "0", "維持管理機関名": "気象庁", "維持管理機関名（英語）": "JMA", "観測開始年（西暦）": "2012", "同月": "7", "観測機器名または観測項目": null }, "geometry": { "type": "Point", "coordinates": [ 130.9003, 30.3973 ] } },
{ "type": "Feature", "properties": { "観測の種類": "高感度（陸）", "name": "屋久島平内", "観測点名ローマ字": "Yakushima-hirauchi", "観測点コード": "YAKUHI", "緯度（度）": 30.2378, "経度（度）": 130.5097, "高さ（ｍ）": "90", "測器の深度（ｍ）": "0", "維持管理機関名": "気象庁", "維持管理機関名（英語）": "JMA", "観測開始年（西暦）": "2010", "同月": "2", "観測機器名または観測項目": null }, "geometry": { "type": "Point", "coordinates": [ 130.5097, 30.2378 ] } },
{ "type": "Feature", "properties": { "観測の種類": "高感度（陸）", "name": "中之島        ", "観測点名ローマ字": "Nakanoshima", "観測点コード": "NAKANO", "緯度（度）": 29.8448, "経度（度）": 129.8725, "高さ（ｍ）": "240", "測器の深度（ｍ）": "0", "維持管理機関名": "気象庁", "維持管理機関名（英語）": "JMA", "観測開始年（西暦）": "1994", "同月": "4", "観測機器名または観測項目": null }, "geometry": { "type": "Point", "coordinates": [ 129.8725, 29.8448 ] } },
{ "type": "Feature", "properties": { "観測の種類": "高感度（陸）", "name": "宝島", "観測点名ローマ字": "Takarajima", "観測点コード": "TAKARA", "緯度（度）": 29.1532, "経度（度）": 129.203, "高さ（ｍ）": "35", "測器の深度（ｍ）": "0", "維持管理機関名": "気象庁", "維持管理機関名（英語）": "JMA", "観測開始年（西暦）": "2010", "同月": "1", "観測機器名または観測項目": null }, "geometry": { "type": "Point", "coordinates": [ 129.203, 29.1532 ] } },
{ "type": "Feature", "properties": { "観測の種類": "高感度（陸）", "name": "奄美大島龍郷", "観測点名ローマ字": "Amamiooshima-tatsugo", "観測点コード": "AMAMI ", "緯度（度）": 28.4152, "経度（度）": 129.603, "高さ（ｍ）": "15", "測器の深度（ｍ）": "0", "維持管理機関名": "気象庁", "維持管理機関名（英語）": "JMA", "観測開始年（西暦）": "1994", "同月": "4", "観測機器名または観測項目": null }, "geometry": { "type": "Point", "coordinates": [ 129.603, 28.4152 ] } },
{ "type": "Feature", "properties": { "観測の種類": "高感度（陸）", "name": "奄美大島西古見", "観測点名ローマ字": "Amamiooshima-nishikomi ", "観測点コード": "AMAMIN", "緯度（度）": 28.2429, "経度（度）": 129.1754, "高さ（ｍ）": "10", "測器の深度（ｍ）": "0", "維持管理機関名": "気象庁", "維持管理機関名（英語）": "JMA", "観測開始年（西暦）": "2009", "同月": "3", "観測機器名または観測項目": null }, "geometry": { "type": "Point", "coordinates": [ 129.1754, 28.2429 ] } },
{ "type": "Feature", "properties": { "観測の種類": "高感度（陸）", "name": "喜界島        ", "観測点名ローマ字": "Kikaijima", "観測点コード": "KIKAIJ", "緯度（度）": 28.3183, "経度（度）": 129.9698, "高さ（ｍ）": "130", "測器の深度（ｍ）": "0", "維持管理機関名": "気象庁", "維持管理機関名（英語）": "JMA", "観測開始年（西暦）": "1994", "同月": "4", "観測機器名または観測項目": null }, "geometry": { "type": "Point", "coordinates": [ 129.9698, 28.3183 ] } },
{ "type": "Feature", "properties": { "観測の種類": "高感度（陸）", "name": "徳之島        ", "観測点名ローマ字": "Tokunoshima", "観測点コード": "TOKUNO", "緯度（度）": 27.7895, "経度（度）": 128.9485, "高さ（ｍ）": "170", "測器の深度（ｍ）": "0", "維持管理機関名": "気象庁", "維持管理機関名（英語）": "JMA", "観測開始年（西暦）": "1994", "同月": "4", "観測機器名または観測項目": null }, "geometry": { "type": "Point", "coordinates": [ 128.9485, 27.7895 ] } },
{ "type": "Feature", "properties": { "観測の種類": "高感度（陸）", "name": "沖永良部島", "観測点名ローマ字": "Okinoerabujima", "観測点コード": "OKIERJ", "緯度（度）": 27.3612, "経度（度）": 128.5708, "高さ（ｍ）": "235", "測器の深度（ｍ）": "0", "維持管理機関名": "気象庁", "維持管理機関名（英語）": "JMA", "観測開始年（西暦）": "2009", "同月": "12", "観測機器名または観測項目": null }, "geometry": { "type": "Point", "coordinates": [ 128.5708, 27.3612 ] } },
{ "type": "Feature", "properties": { "観測の種類": "高感度（陸）", "name": "与論島", "観測点名ローマ字": "Yoronjima", "観測点コード": "YORONJ", "緯度（度）": 27.0245, "経度（度）": 128.4503, "高さ（ｍ）": "26", "測器の深度（ｍ）": "0", "維持管理機関名": "気象庁", "維持管理機関名（英語）": "JMA", "観測開始年（西暦）": "2012", "同月": "7", "観測機器名または観測項目": null }, "geometry": { "type": "Point", "coordinates": [ 128.4503, 27.0245 ] } },
{ "type": "Feature", "properties": { "観測の種類": "高感度（陸）", "name": "沖縄国頭      ", "観測点名ローマ字": "Okinawa-kunigami", "観測点コード": "KUNIGA", "緯度（度）": 26.836, "経度（度）": 128.2725, "高さ（ｍ）": "220", "測器の深度（ｍ）": "0", "維持管理機関名": "気象庁", "維持管理機関名（英語）": "JMA", "観測開始年（西暦）": "1994", "同月": "4", "観測機器名または観測項目": null }, "geometry": { "type": "Point", "coordinates": [ 128.2725, 26.836 ] } },
{ "type": "Feature", "properties": { "観測の種類": "高感度（陸）", "name": "名護豊原", "観測点名ローマ字": "Nago-toyohara", "観測点コード": "NAGOT", "緯度（度）": 26.5184, "経度（度）": 128.0222, "高さ（ｍ）": "46", "測器の深度（ｍ）": "0", "維持管理機関名": "気象庁", "維持管理機関名（英語）": "JMA", "観測開始年（西暦）": "2010", "同月": "2", "観測機器名または観測項目": null }, "geometry": { "type": "Point", "coordinates": [ 128.0222, 26.5184 ] } },
{ "type": "Feature", "properties": { "観測の種類": "高感度（陸）", "name": "粟国島        ", "観測点名ローマ字": "Agunijima", "観測点コード": "AGUNI2", "緯度（度）": 26.5925, "経度（度）": 127.239, "高さ（ｍ）": "14", "測器の深度（ｍ）": "0", "維持管理機関名": "気象庁", "維持管理機関名（英語）": "JMA", "観測開始年（西暦）": "2022", "同月": "3", "観測機器名または観測項目": null }, "geometry": { "type": "Point", "coordinates": [ 127.239, 26.5925 ] } },
{ "type": "Feature", "properties": { "観測の種類": "高感度（陸）", "name": "伊平屋島      ", "観測点名ローマ字": "Iheyajima", "観測点コード": "IHEYA ", "緯度（度）": 27.0387, "経度（度）": 127.9653, "高さ（ｍ）": "25", "測器の深度（ｍ）": "0", "維持管理機関名": "気象庁", "維持管理機関名（英語）": "JMA", "観測開始年（西暦）": "1994", "同月": "4", "観測機器名または観測項目": null }, "geometry": { "type": "Point", "coordinates": [ 127.9653, 27.0387 ] } },
{ "type": "Feature", "properties": { "観測の種類": "高感度（陸）", "name": "沖縄玉城", "観測点名ローマ字": "Okinawa-tamagusuku", "観測点コード": "TAMAG4", "緯度（度）": 26.144, "経度（度）": 127.7832, "高さ（ｍ）": "138", "測器の深度（ｍ）": "0", "維持管理機関名": "気象庁", "維持管理機関名（英語）": "JMA", "観測開始年（西暦）": "2012", "同月": "3", "観測機器名または観測項目": null }, "geometry": { "type": "Point", "coordinates": [ 127.7832, 26.144 ] } },
{ "type": "Feature", "properties": { "観測の種類": "高感度（陸）", "name": "久米島仲里", "観測点名ローマ字": "Kumejima-nakazato", "観測点コード": "KUMEJ2", "緯度（度）": 26.3298, "経度（度）": 126.7842, "高さ（ｍ）": "71", "測器の深度（ｍ）": "0", "維持管理機関名": "気象庁", "維持管理機関名（英語）": "JMA", "観測開始年（西暦）": "1994", "同月": "4", "観測機器名または観測項目": null }, "geometry": { "type": "Point", "coordinates": [ 126.7842, 26.3298 ] } },
{ "type": "Feature", "properties": { "観測の種類": "高感度（陸）", "name": "南大東池之沢", "観測点名ローマ字": "Minamidaitojima-ikenosawa", "観測点コード": "MINAM2", "緯度（度）": 25.8198, "経度（度）": 131.2237, "高さ（ｍ）": "50", "測器の深度（ｍ）": "0", "維持管理機関名": "気象庁", "維持管理機関名（英語）": "JMA", "観測開始年（西暦）": "1994", "同月": "4", "観測機器名または観測項目": null }, "geometry": { "type": "Point", "coordinates": [ 131.2237, 25.8198 ] } },
{ "type": "Feature", "properties": { "観測の種類": "高感度（陸）", "name": "北大東島", "観測点名ローマ字": "Kitadaitoujima", "観測点コード": "KDAITO", "緯度（度）": 25.9495, "経度（度）": 131.2968, "高さ（ｍ）": "41", "測器の深度（ｍ）": "0", "維持管理機関名": "気象庁", "維持管理機関名（英語）": "JMA", "観測開始年（西暦）": "2013", "同月": "7", "観測機器名または観測項目": null }, "geometry": { "type": "Point", "coordinates": [ 131.2968, 25.9495 ] } },
{ "type": "Feature", "properties": { "観測の種類": "高感度（陸）", "name": "多良間島      ", "観測点名ローマ字": "Taramajima", "観測点コード": "TARAMA", "緯度（度）": 24.6425, "経度（度）": 124.7052, "高さ（ｍ）": "7", "測器の深度（ｍ）": "0", "維持管理機関名": "気象庁", "維持管理機関名（英語）": "JMA", "観測開始年（西暦）": "1994", "同月": "4", "観測機器名または観測項目": null }, "geometry": { "type": "Point", "coordinates": [ 124.7052, 24.6425 ] } },
{ "type": "Feature", "properties": { "観測の種類": "高感度（陸）", "name": "宮古島上野", "観測点名ローマ字": "Miyakojima-ueno", "観測点コード": "MIYKJ3", "緯度（度）": 24.7408, "経度（度）": 125.3277, "高さ（ｍ）": "46", "測器の深度（ｍ）": "0", "維持管理機関名": "気象庁", "維持管理機関名（英語）": "JMA", "観測開始年（西暦）": "2013", "同月": "5", "観測機器名または観測項目": null }, "geometry": { "type": "Point", "coordinates": [ 125.3277, 24.7408 ] } },
{ "type": "Feature", "properties": { "観測の種類": "高感度（陸）", "name": "沖縄城辺      ", "観測点名ローマ字": "Okinawa-gusukube", "観測点コード": "OKIGUS", "緯度（度）": 24.7637, "経度（度）": 125.4053, "高さ（ｍ）": "60", "測器の深度（ｍ）": "0", "維持管理機関名": "気象庁", "維持管理機関名（英語）": "JMA", "観測開始年（西暦）": "2000", "同月": "6", "観測機器名または観測項目": null }, "geometry": { "type": "Point", "coordinates": [ 125.4053, 24.7637 ] } },
{ "type": "Feature", "properties": { "観測の種類": "高感度（陸）", "name": "池間島", "観測点名ローマ字": "Ikemajima", "観測点コード": "IKEMAJ", "緯度（度）": 24.9236, "経度（度）": 125.2476, "高さ（ｍ）": "11", "測器の深度（ｍ）": "0", "維持管理機関名": "気象庁", "維持管理機関名（英語）": "JMA", "観測開始年（西暦）": "2009", "同月": "12", "観測機器名または観測項目": null }, "geometry": { "type": "Point", "coordinates": [ 125.2476, 24.9236 ] } },
{ "type": "Feature", "properties": { "観測の種類": "高感度（陸）", "name": "伊良部島", "観測点名ローマ字": "Irabujima", "観測点コード": "IRABU2", "緯度（度）": 24.8335, "経度（度）": 125.1938, "高さ（ｍ）": "49", "測器の深度（ｍ）": "0", "維持管理機関名": "気象庁", "維持管理機関名（英語）": "JMA", "観測開始年（西暦）": "2020", "同月": "2", "観測機器名または観測項目": null }, "geometry": { "type": "Point", "coordinates": [ 125.1938, 24.8335 ] } },
{ "type": "Feature", "properties": { "観測の種類": "高感度（陸）", "name": "石垣島新川", "観測点名ローマ字": "Ishigakijima-arakawa", "観測点コード": "ISHIG2", "緯度（度）": 24.369, "経度（度）": 124.1432, "高さ（ｍ）": "78", "測器の深度（ｍ）": "0", "維持管理機関名": "気象庁", "維持管理機関名（英語）": "JMA", "観測開始年（西暦）": "1994", "同月": "4", "観測機器名または観測項目": null }, "geometry": { "type": "Point", "coordinates": [ 124.1432, 24.369 ] } },
{ "type": "Feature", "properties": { "観測の種類": "高感度（陸）", "name": "石垣島平久保", "観測点名ローマ字": "Ishigakijima-hirakubo", "観測点コード": "ISHIGH", "緯度（度）": 24.5869, "経度（度）": 124.3107, "高さ（ｍ）": "13", "測器の深度（ｍ）": "0", "維持管理機関名": "気象庁", "維持管理機関名（英語）": "JMA", "観測開始年（西暦）": "2010", "同月": "2", "観測機器名または観測項目": null }, "geometry": { "type": "Point", "coordinates": [ 124.3107, 24.5869 ] } },
{ "type": "Feature", "properties": { "観測の種類": "高感度（陸）", "name": "沖縄黒島      ", "観測点名ローマ字": "Okinawa-kuroshima", "観測点コード": "KUROSH", "緯度（度）": 24.2417, "経度（度）": 124.0077, "高さ（ｍ）": "9", "測器の深度（ｍ）": "0", "維持管理機関名": "気象庁", "維持管理機関名（英語）": "JMA", "観測開始年（西暦）": "2000", "同月": "6", "観測機器名または観測項目": null }, "geometry": { "type": "Point", "coordinates": [ 124.0077, 24.2417 ] } },
{ "type": "Feature", "properties": { "観測の種類": "高感度（陸）", "name": "波照間島", "観測点名ローマ字": "Haterumajima", "観測点コード": "HATER2", "緯度（度）": 24.062, "経度（度）": 123.7778, "高さ（ｍ）": "41", "測器の深度（ｍ）": "0", "維持管理機関名": "気象庁", "維持管理機関名（英語）": "JMA", "観測開始年（西暦）": "2021", "同月": "1", "観測機器名または観測項目": null }, "geometry": { "type": "Point", "coordinates": [ 123.7778, 24.062 ] } },
{ "type": "Feature", "properties": { "観測の種類": "高感度（陸）", "name": "西表島 上原", "観測点名ローマ字": "Iriomotejima uehara", "観測点コード": "IRIOMU", "緯度（度）": 24.4248, "経度（度）": 123.7908, "高さ（ｍ）": "5", "測器の深度（ｍ）": "0", "維持管理機関名": "気象庁", "維持管理機関名（英語）": "JMA", "観測開始年（西暦）": "2021", "同月": "2", "観測機器名または観測項目": null }, "geometry": { "type": "Point", "coordinates": [ 123.7908, 24.4248 ] } },
{ "type": "Feature", "properties": { "観測の種類": "高感度（陸）", "name": "与那国島      ", "観測点名ローマ字": "Yonagunijima", "観測点コード": "YONAGU", "緯度（度）": 24.4672, "経度（度）": 123.0113, "高さ（ｍ）": "32", "測器の深度（ｍ）": "0", "維持管理機関名": "気象庁", "維持管理機関名（英語）": "JMA", "観測開始年（西暦）": "1999", "同月": "3", "観測機器名または観測項目": null }, "geometry": { "type": "Point", "coordinates": [ 123.0113, 24.4672 ] } },
{ "type": "Feature", "properties": { "観測の種類": "高感度（陸）", "name": "与那国島久部良", "観測点名ローマ字": "Yonagunijima-kubura", "観測点コード": "YONAGK", "緯度（度）": 24.4511, "経度（度）": 122.9452, "高さ（ｍ）": "15", "測器の深度（ｍ）": "0", "維持管理機関名": "気象庁", "維持管理機関名（英語）": "JMA", "観測開始年（西暦）": "2010", "同月": "2", "観測機器名または観測項目": null }, "geometry": { "type": "Point", "coordinates": [ 122.9452, 24.4511 ] } },
{ "type": "Feature", "properties": { "観測の種類": "高感度（海底）", "name": "東海１        ", "観測点名ローマ字": "Tokai1", "観測点コード": "TK1OBS", "緯度（度）": 33.7683, "経度（度）": 137.5867, "高さ（ｍ）": "-2202", "測器の深度（ｍ）": "0", "維持管理機関名": "気象庁", "維持管理機関名（英語）": "JMA", "観測開始年（西暦）": "1978", "同月": "8", "観測機器名または観測項目": null }, "geometry": { "type": "Point", "coordinates": [ 137.5867, 33.7683 ] } },
{ "type": "Feature", "properties": { "観測の種類": "高感度（海底）", "name": "東海２        ", "観測点名ローマ字": "Tokai2", "観測点コード": "TK2OBS", "緯度（度）": 33.95, "経度（度）": 137.7533, "高さ（ｍ）": "-1542", "測器の深度（ｍ）": "0", "維持管理機関名": "気象庁", "維持管理機関名（英語）": "JMA", "観測開始年（西暦）": "1978", "同月": "8", "観測機器名または観測項目": null }, "geometry": { "type": "Point", "coordinates": [ 137.7533, 33.95 ] } },
{ "type": "Feature", "properties": { "観測の種類": "高感度（海底）", "name": "東海３        ", "観測点名ローマ字": "Tokai3", "観測点コード": "TK3OBS", "緯度（度）": 34.1683, "経度（度）": 137.9617, "高さ（ｍ）": "-817", "測器の深度（ｍ）": "0", "維持管理機関名": "気象庁", "維持管理機関名（英語）": "JMA", "観測開始年（西暦）": "1978", "同月": "8", "観測機器名または観測項目": null }, "geometry": { "type": "Point", "coordinates": [ 137.9617, 34.1683 ] } },
{ "type": "Feature", "properties": { "観測の種類": "高感度（海底）", "name": "東海４        ", "観測点名ローマ字": "Tokai4", "観測点コード": "TK4OBS", "緯度（度）": 34.3883, "経度（度）": 137.8717, "高さ（ｍ）": "-722", "測器の深度（ｍ）": "0", "維持管理機関名": "気象庁", "維持管理機関名（英語）": "JMA", "観測開始年（西暦）": "1978", "同月": "8", "観測機器名または観測項目": null }, "geometry": { "type": "Point", "coordinates": [ 137.8717, 34.3883 ] } },
{ "type": "Feature", "properties": { "観測の種類": "高感度（海底）", "name": "房総１        ", "観測点名ローマ字": "Boso1", "観測点コード": "BS1OBS", "緯度（度）": 34.6568, "経度（度）": 140.9747, "高さ（ｍ）": "-4011", "測器の深度（ｍ）": "0", "維持管理機関名": "気象庁", "維持管理機関名（英語）": "JMA", "観測開始年（西暦）": "1988", "同月": "1", "観測機器名または観測項目": null }, "geometry": { "type": "Point", "coordinates": [ 140.9747, 34.6568 ] } },
{ "type": "Feature", "properties": { "観測の種類": "高感度（海底）", "name": "房総２        ", "観測点名ローマ字": "Boso2", "観測点コード": "BS2OBS", "緯度（度）": 34.7547, "経度（度）": 140.7512, "高さ（ｍ）": "-2090", "測器の深度（ｍ）": "0", "維持管理機関名": "気象庁", "維持管理機関名（英語）": "JMA", "観測開始年（西暦）": "1988", "同月": "1", "観測機器名または観測項目": null }, "geometry": { "type": "Point", "coordinates": [ 140.7512, 34.7547 ] } },
{ "type": "Feature", "properties": { "観測の種類": "高感度（海底）", "name": "房総３        ", "観測点名ローマ字": "Boso3", "観測点コード": "BS3OBS", "緯度（度）": 34.805, "経度（度）": 140.507, "高さ（ｍ）": "-1898", "測器の深度（ｍ）": "0", "維持管理機関名": "気象庁", "維持管理機関名（英語）": "JMA", "観測開始年（西暦）": "1988", "同月": "1", "観測機器名または観測項目": null }, "geometry": { "type": "Point", "coordinates": [ 140.507, 34.805 ] } },
{ "type": "Feature", "properties": { "観測の種類": "高感度（海底）", "name": "房総４        ", "観測点名ローマ字": "Boso4", "観測点コード": "BS4OBS", "緯度（度）": 34.9933, "経度（度）": 140.3347, "高さ（ｍ）": "-658", "測器の深度（ｍ）": "0", "維持管理機関名": "気象庁", "維持管理機関名（英語）": "JMA", "観測開始年（西暦）": "1988", "同月": "1", "観測機器名または観測項目": null }, "geometry": { "type": "Point", "coordinates": [ 140.3347, 34.9933 ] } },
{ "type": "Feature", "properties": { "観測の種類": "高感度（海底）", "name": "東南海１", "観測点名ローマ字": "Tonankai1", "観測点コード": "TT1OBS", "緯度（度）": 33.6222, "経度（度）": 136.7847, "高さ（ｍ）": "-2068", "測器の深度（ｍ）": "0", "維持管理機関名": "気象庁", "維持管理機関名（英語）": "JMA", "観測開始年（西暦）": "2008", "同月": "10", "観測機器名または観測項目": null }, "geometry": { "type": "Point", "coordinates": [ 136.7847, 33.6222 ] } },
{ "type": "Feature", "properties": { "観測の種類": "高感度（海底）", "name": "東南海２", "観測点名ローマ字": "Tonankai2", "観測点コード": "TT2OBS", "緯度（度）": 33.7346, "経度（度）": 137.0272, "高さ（ｍ）": "-2010", "測器の深度（ｍ）": "0", "維持管理機関名": "気象庁", "維持管理機関名（英語）": "JMA", "観測開始年（西暦）": "2008", "同月": "10", "観測機器名または観測項目": null }, "geometry": { "type": "Point", "coordinates": [ 137.0272, 33.7346 ] } },
{ "type": "Feature", "properties": { "観測の種類": "高感度（海底）", "name": "東南海３", "観測点名ローマ字": "Tonankai3", "観測点コード": "TT3OBS", "緯度（度）": 33.863, "経度（度）": 137.3977, "高さ（ｍ）": "-1000", "測器の深度（ｍ）": "0", "維持管理機関名": "気象庁", "維持管理機関名（英語）": "JMA", "観測開始年（西暦）": "2008", "同月": "10", "観測機器名または観測項目": null }, "geometry": { "type": "Point", "coordinates": [ 137.3977, 33.863 ] } },
{ "type": "Feature", "properties": { "観測の種類": "高感度（海底）", "name": "東南海４", "観測点名ローマ字": "Tonankai4", "観測点コード": "TT4OBS", "緯度（度）": 34.008, "経度（度）": 137.5381, "高さ（ｍ）": "-1836", "測器の深度（ｍ）": "0", "維持管理機関名": "気象庁", "維持管理機関名（英語）": "JMA", "観測開始年（西暦）": "2008", "同月": "10", "観測機器名または観測項目": null }, "geometry": { "type": "Point", "coordinates": [ 137.5381, 34.008 ] } },
{ "type": "Feature", "properties": { "観測の種類": "高感度（海底）", "name": "東南海５", "観測点名ローマ字": "Tonankai5", "観測点コード": "TT5OBS", "緯度（度）": 34.2521, "経度（度）": 137.7164, "高さ（ｍ）": "-1019", "測器の深度（ｍ）": "0", "維持管理機関名": "気象庁", "維持管理機関名（英語）": "JMA", "観測開始年（西暦）": "2008", "同月": "10", "観測機器名または観測項目": null }, "geometry": { "type": "Point", "coordinates": [ 137.7164, 34.2521 ] } },
{ "type": "Feature", "properties": { "観測の種類": "高感度地震計(地下)", "name": "草薙(静岡栗原)", "観測点名ローマ字": "Kusanagi（Shizuoka-Kurihara)", "観測点コード": "KNG", "緯度（度）": 34.9914, "経度（度）": 138.4324, "高さ（ｍ）": "21", "測器の深度（ｍ）": "334", "維持管理機関名": "産業技術総合研究所/地質調査総合センター", "維持管理機関名（英語）": "GSJ", "観測開始年（西暦）": "1996", "同月": "NULL", "観測機器名または観測項目": "MarkProducts製地震計(地下)2Hz" }, "geometry": { "type": "Point", "coordinates": [ 138.4324, 34.9914 ] } },
{ "type": "Feature", "properties": { "観測の種類": "高感度地震計(地下)", "name": "豊田下山(豊田神殿)", "観測点名ローマ字": "Toyota-shimoyama(Toyota-Kandono)", "観測点コード": "TYS", "緯度（度）": 35.0406, "経度（度）": 137.358, "高さ（ｍ）": "480", "測器の深度（ｍ）": "196", "維持管理機関名": "産業技術総合研究所/地質調査総合センター", "維持管理機関名（英語）": "GSJ", "観測開始年（西暦）": "2008", "同月": "NULL", "観測機器名または観測項目": "ミツトヨ製高感度地震計(地下)1Hz" }, "geometry": { "type": "Point", "coordinates": [ 137.358, 35.0406 ] } },
{ "type": "Feature", "properties": { "観測の種類": "高感度地震計(地下)", "name": "宮川", "観測点名ローマ字": "Miyagawa", "観測点コード": "SGR", "緯度（度）": 36.3513, "経度（度）": 137.1816, "高さ（ｍ）": "386", "測器の深度（ｍ）": "301", "維持管理機関名": "産業技術総合研究所/地質調査総合センター", "維持管理機関名（英語）": "GSJ", "観測開始年（西暦）": "1998", "同月": "6", "観測機器名または観測項目": "アカシ製高感度地震計(地下)1Hz" }, "geometry": { "type": "Point", "coordinates": [ 137.1816, 36.3513 ] } },
{ "type": "Feature", "properties": { "観測の種類": "高感度地震計(地下)", "name": "西尾善明", "観測点名ローマ字": "Nisho-zenmyo", "観測点コード": "NSZ", "緯度（度）": 34.8444, "経度（度）": 137.1056, "高さ（ｍ）": "39", "測器の深度（ｍ）": "194", "維持管理機関名": "産業技術総合研究所/地質調査総合センター", "維持管理機関名（英語）": "GSJ", "観測開始年（西暦）": "2013", "同月": "6", "観測機器名または観測項目": "ミツトヨ製高感度地震計(地下)1Hz" }, "geometry": { "type": "Point", "coordinates": [ 137.1056, 34.8444 ] } },
{ "type": "Feature", "properties": { "観測の種類": "高感度地震計(地下)", "name": "安濃(津安濃)", "観測点名ローマ字": "Anou(Tsu-Anou)", "観測点コード": "ANO", "緯度（度）": 34.7871, "経度（度）": 136.4017, "高さ（ｍ）": "166", "測器の深度（ｍ）": "236", "維持管理機関名": "産業技術総合研究所/地質調査総合センター", "維持管理機関名（英語）": "GSJ", "観測開始年（西暦）": "2010", "同月": "2", "観測機器名または観測項目": "ミツトヨ製高感度地震計(地下)1Hz" }, "geometry": { "type": "Point", "coordinates": [ 136.4017, 34.7871 ] } },
{ "type": "Feature", "properties": { "観測の種類": "高感度地震計(地下)", "name": "飯高赤桶(松阪飯高)", "観測点名ローマ字": "Iitaka-akou(Matsusaka-Iitaka)", "観測点コード": "ITA", "緯度（度）": 34.453, "経度（度）": 136.3129, "高さ（ｍ）": "296", "測器の深度（ｍ）": "596", "維持管理機関名": "産業技術総合研究所/地質調査総合センター", "維持管理機関名（英語）": "GSJ", "観測開始年（西暦）": "2008", "同月": "NULL", "観測機器名または観測項目": "ミツトヨ製高感度地震計(地下)1Hz" }, "geometry": { "type": "Point", "coordinates": [ 136.3129, 34.453 ] } },
{ "type": "Feature", "properties": { "観測の種類": "高感度地震計(地下)", "name": "秦荘(愛荘香之庄)", "観測点名ローマ字": "Hatasho(Aishou-Konoshou)", "観測点コード": "HTS", "緯度（度）": 35.1547, "経度（度）": 136.2528, "高さ（ｍ）": "127", "測器の深度（ｍ）": "435", "維持管理機関名": "産業技術総合研究所/地質調査総合センター", "維持管理機関名（英語）": "GSJ", "観測開始年（西暦）": "1996", "同月": "NULL", "観測機器名または観測項目": "MarkProducts製地震計(地下)2Hz" }, "geometry": { "type": "Point", "coordinates": [ 136.2528, 35.1547 ] } },
{ "type": "Feature", "properties": { "観測の種類": "高感度地震計(地下)", "name": "海山(紀北海山)", "観測点名ローマ字": "Miyama(Kihoku-Miyama)", "観測点コード": "MYM", "緯度（度）": 34.1124, "経度（度）": 136.1816, "高さ（ｍ）": "29", "測器の深度（ｍ）": "200", "維持管理機関名": "産業技術総合研究所/地質調査総合センター", "維持管理機関名（英語）": "GSJ", "観測開始年（西暦）": "2008", "同月": "NULL", "観測機器名または観測項目": "ミツトヨ製高感度地震計(地下)1Hz" }, "geometry": { "type": "Point", "coordinates": [ 136.1816, 34.1124 ] } },
{ "type": "Feature", "properties": { "観測の種類": "高感度地震計(地下)", "name": "井内浦(熊野磯崎)", "観測点名ローマ字": "Ichiura(Kumano-Isozaki)", "観測点コード": "ICU", "緯度（度）": 33.9002, "経度（度）": 136.138, "高さ（ｍ）": "28", "測器の深度（ｍ）": "125", "維持管理機関名": "産業技術総合研究所/地質調査総合センター", "維持管理機関名（英語）": "GSJ", "観測開始年（西暦）": "2007", "同月": "5", "観測機器名または観測項目": "MarkProducts製地震計(地下)2Hz" }, "geometry": { "type": "Point", "coordinates": [ 136.138, 33.9002 ] } },
{ "type": "Feature", "properties": { "観測の種類": "高感度地震計(地下)", "name": "花折", "観測点名ローマ字": "Hanaore", "観測点コード": "HNO", "緯度（度）": 35.1897, "経度（度）": 135.8542, "高さ（ｍ）": "476", "測器の深度（ｍ）": "269", "維持管理機関名": "産業技術総合研究所/地質調査総合センター", "維持管理機関名（英語）": "GSJ", "観測開始年（西暦）": "1998", "同月": "NULL", "観測機器名または観測項目": "MarkProducts製地震計(地下)2Hz" }, "geometry": { "type": "Point", "coordinates": [ 135.8542, 35.1897 ] } },
{ "type": "Feature", "properties": { "観測の種類": "高感度地震計(地下)", "name": "串本津荷", "観測点名ローマ字": "Kushimoto-tsuga", "観測点コード": "KST", "緯度（度）": 33.5202, "経度（度）": 135.8361, "高さ（ｍ）": "26", "測器の深度（ｍ）": "197", "維持管理機関名": "産業技術総合研究所/地質調査総合センター", "維持管理機関名（英語）": "GSJ", "観測開始年（西暦）": "2008", "同月": "NULL", "観測機器名または観測項目": "ミツトヨ製高感度地震計(地下)1Hz" }, "geometry": { "type": "Point", "coordinates": [ 135.8361, 33.5202 ] } },
{ "type": "Feature", "properties": { "観測の種類": "高感度地震計(地下)", "name": "大原", "観測点名ローマ字": "Ohara", "観測点コード": "OHR", "緯度（度）": 35.1104, "経度（度）": 135.8193, "高さ（ｍ）": "218", "測器の深度（ｍ）": "277", "維持管理機関名": "産業技術総合研究所/地質調査総合センター", "維持管理機関名（英語）": "GSJ", "観測開始年（西暦）": "1998", "同月": "NULL", "観測機器名または観測項目": "MarkProducts製地震計(地下)2Hz" }, "geometry": { "type": "Point", "coordinates": [ 135.8193, 35.1104 ] } },
{ "type": "Feature", "properties": { "観測の種類": "高感度地震計(地下)", "name": "広陵", "観測点名ローマ字": "Kouryou", "観測点コード": "KRY", "緯度（度）": 34.5752, "経度（度）": 135.7479, "高さ（ｍ）": "45", "測器の深度（ｍ）": "506", "維持管理機関名": "産業技術総合研究所/地質調査総合センター", "維持管理機関名（英語）": "GSJ", "観測開始年（西暦）": "1996", "同月": "NULL", "観測機器名または観測項目": "MarkProducts製地震計(地下)2Hz" }, "geometry": { "type": "Point", "coordinates": [ 135.7479, 34.5752 ] } },
{ "type": "Feature", "properties": { "観測の種類": "高感度地震計(地下)", "name": "本宮三越(田辺本宮)", "観測点名ローマ字": "Hongu-mikoshi(Tanabe-Hongu)", "観測点コード": "HGM", "緯度（度）": 33.8673, "経度（度）": 135.7318, "高さ（ｍ）": "120", "測器の深度（ｍ）": "196", "維持管理機関名": "産業技術総合研究所/地質調査総合センター", "維持管理機関名（英語）": "GSJ", "観測開始年（西暦）": "2007", "同月": "6", "観測機器名または観測項目": "MarkProducts製地震計(地下)2Hz" }, "geometry": { "type": "Point", "coordinates": [ 135.7318, 33.8673 ] } },
{ "type": "Feature", "properties": { "観測の種類": "高感度地震計(地下)", "name": "天王寺", "観測点名ローマ字": "Ten'nouji", "観測点コード": "TNN", "緯度（度）": 34.6591, "経度（度）": 135.5118, "高さ（ｍ）": "15", "測器の深度（ｍ）": "541", "維持管理機関名": "産業技術総合研究所/地質調査総合センター", "維持管理機関名（英語）": "GSJ", "観測開始年（西暦）": "1996", "同月": "NULL", "観測機器名または観測項目": "MarkProducts製地震計(地下)2Hz" }, "geometry": { "type": "Point", "coordinates": [ 135.5118, 34.6591 ] } },
{ "type": "Feature", "properties": { "観測の種類": "高感度地震計(地下)", "name": "池田", "観測点名ローマ字": "Ikeda", "観測点コード": "IKD", "緯度（度）": 34.8194, "経度（度）": 135.4362, "高さ（ｍ）": "36", "測器の深度（ｍ）": "674", "維持管理機関名": "産業技術総合研究所/地質調査総合センター", "維持管理機関名（英語）": "GSJ", "観測開始年（西暦）": "1996", "同月": "6", "観測機器名または観測項目": "MarkProducts製地震計(地下)2Hz" }, "geometry": { "type": "Point", "coordinates": [ 135.4362, 34.8194 ] } },
{ "type": "Feature", "properties": { "観測の種類": "高感度地震計(地下)", "name": "猪名川", "観測点名ローマ字": "Inagawa", "観測点コード": "ING", "緯度（度）": 34.89, "経度（度）": 135.3744, "高さ（ｍ）": "86", "測器の深度（ｍ）": "822", "維持管理機関名": "産業技術総合研究所/地質調査総合センター", "維持管理機関名（英語）": "GSJ", "観測開始年（西暦）": "1996", "同月": "NULL", "観測機器名または観測項目": "アカシ製高感度地震計(地下)1Hz" }, "geometry": { "type": "Point", "coordinates": [ 135.3744, 34.89 ] } },
{ "type": "Feature", "properties": { "観測の種類": "高感度地震計(地下)", "name": "宝塚", "観測点名ローマ字": "Takarazuka", "観測点コード": "TKZ", "緯度（度）": 34.8209, "経度（度）": 135.333, "高さ（ｍ）": "82", "測器の深度（ｍ）": "293", "維持管理機関名": "産業技術総合研究所/地質調査総合センター", "維持管理機関名（英語）": "GSJ", "観測開始年（西暦）": "1996", "同月": "6", "観測機器名または観測項目": "アカシ製高感度地震計(地下)1Hz" }, "geometry": { "type": "Point", "coordinates": [ 135.333, 34.8209 ] } },
{ "type": "Feature", "properties": { "観測の種類": "高感度地震計(地下)", "name": "根来(岩出東坂本)", "観測点名ローマ字": "Negoro(Iwade-Higasisakamoto)", "観測点コード": "NGR", "緯度（度）": 34.2823, "経度（度）": 135.3291, "高さ（ｍ）": "105", "測器の深度（ｍ）": "614", "維持管理機関名": "産業技術総合研究所/地質調査総合センター", "維持管理機関名（英語）": "GSJ", "観測開始年（西暦）": "1996", "同月": "NULL", "観測機器名または観測項目": "MarkProducts製地震計(地下)2Hz" }, "geometry": { "type": "Point", "coordinates": [ 135.3291, 34.2823 ] } },
{ "type": "Feature", "properties": { "観測の種類": "高感度地震計(地下)", "name": "日高川和佐", "観測点名ローマ字": "Hidakagawa-Wasa", "観測点コード": "HDW", "緯度（度）": 33.8862, "経度（度）": 135.1988, "高さ（ｍ）": "54", "測器の深度（ｍ）": "583", "維持管理機関名": "産業技術総合研究所/地質調査総合センター", "維持管理機関名（英語）": "GSJ", "観測開始年（西暦）": "2022", "同月": "2", "観測機器名または観測項目": "ミツトヨ製高感度地震計(地下)1Hz" }, "geometry": { "type": "Point", "coordinates": [ 135.1988, 33.8862 ] } },
{ "type": "Feature", "properties": { "観測の種類": "高感度地震計(地下)", "name": "安富", "観測点名ローマ字": "Yasutomi", "観測点コード": "YST", "緯度（度）": 34.9854, "経度（度）": 134.6081, "高さ（ｍ）": "126", "測器の深度（ｍ）": "285", "維持管理機関名": "産業技術総合研究所/地質調査総合センター", "維持管理機関名（英語）": "GSJ", "観測開始年（西暦）": "1998", "同月": "NULL", "観測機器名または観測項目": "MarkProducts製地震計(地下)2Hz" }, "geometry": { "type": "Point", "coordinates": [ 134.6081, 34.9854 ] } },
{ "type": "Feature", "properties": { "観測の種類": "高感度地震計(地下)", "name": "阿南桑野", "観測点名ローマ字": "Anan-kuwano", "観測点コード": "ANK", "緯度（度）": 33.8658, "経度（度）": 134.6049, "高さ（ｍ）": "38", "測器の深度（ｍ）": "616", "維持管理機関名": "産業技術総合研究所/地質調査総合センター", "維持管理機関名（英語）": "GSJ", "観測開始年（西暦）": "2008", "同月": "NULL", "観測機器名または観測項目": "ミツトヨ製高感度地震計(地下)1Hz" }, "geometry": { "type": "Point", "coordinates": [ 134.6049, 33.8658 ] } },
{ "type": "Feature", "properties": { "観測の種類": "高感度地震計(地下)", "name": "板東(鳴門大麻)", "観測点名ローマ字": "Bando(Naruto-ooasa)", "観測点コード": "BND", "緯度（度）": 34.1445, "経度（度）": 134.514, "高さ（ｍ）": "3", "測器の深度（ｍ）": "496", "維持管理機関名": "産業技術総合研究所/地質調査総合センター", "維持管理機関名（英語）": "GSJ", "観測開始年（西暦）": "1996", "同月": "NULL", "観測機器名または観測項目": "MarkProducts製地震計(地下)2Hz" }, "geometry": { "type": "Point", "coordinates": [ 134.514, 34.1445 ] } },
{ "type": "Feature", "properties": { "観測の種類": "高感度地震計(地下)", "name": "室戸(室戸岬)", "観測点名ローマ字": "Muroto(Murotomisaki)", "観測点コード": "MUR", "緯度（度）": 33.2854, "経度（度）": 134.1563, "高さ（ｍ）": "62", "測器の深度（ｍ）": "198", "維持管理機関名": "産業技術総合研究所/地質調査総合センター", "維持管理機関名（英語）": "GSJ", "観測開始年（西暦）": "2008", "同月": "NULL", "観測機器名または観測項目": "ミツトヨ製高感度地震計(地下)1Hz" }, "geometry": { "type": "Point", "coordinates": [ 134.1563, 33.2854 ] } },
{ "type": "Feature", "properties": { "観測の種類": "高感度地震計(地下)", "name": "綾川千疋", "観測点名ローマ字": "Ayagawa-Sembiki", "観測点コード": "AYS", "緯度（度）": 34.2167, "経度（度）": 134.0045, "高さ（ｍ）": "148", "測器の深度（ｍ）": "192", "維持管理機関名": "産業技術総合研究所/地質調査総合センター", "維持管理機関名（英語）": "GSJ", "観測開始年（西暦）": "2023", "同月": "3", "観測機器名または観測項目": "日本システム工業製高感度地震計(地下)1Hz" }, "geometry": { "type": "Point", "coordinates": [ 134.0045, 34.2167 ] } },
{ "type": "Feature", "properties": { "観測の種類": "高感度地震計(地下)", "name": "高知市(高知五台山)", "観測点名ローマ字": "Kochi-city(Kouchi-Godaisan)", "観測点コード": "KOC", "緯度（度）": 33.5504, "経度（度）": 133.5991, "高さ（ｍ）": "5", "測器の深度（ｍ）": "596", "維持管理機関名": "産業技術総合研究所/地質調査総合センター", "維持管理機関名（英語）": "GSJ", "観測開始年（西暦）": "2008", "同月": "NULL", "観測機器名または観測項目": "ミツトヨ製高感度地震計(地下)1Hz" }, "geometry": { "type": "Point", "coordinates": [ 133.5991, 33.5504 ] } },
{ "type": "Feature", "properties": { "観測の種類": "高感度地震計(地下)", "name": "新居浜黒島", "観測点名ローマ字": "Niihama-Kuroshima", "観測点コード": "NHK", "緯度（度）": 33.9903, "経度（度）": 133.3424, "高さ（ｍ）": "10", "測器の深度（ｍ）": "196", "維持管理機関名": "産業技術総合研究所/地質調査総合センター", "維持管理機関名（英語）": "GSJ", "観測開始年（西暦）": "2012", "同月": "2", "観測機器名または観測項目": "ミツトヨ製高感度地震計(地下)1Hz" }, "geometry": { "type": "Point", "coordinates": [ 133.3424, 33.9903 ] } },
{ "type": "Feature", "properties": { "観測の種類": "高感度地震計(地下)", "name": "須崎(須崎大谷)", "観測点名ローマ字": "Susaki(Suzasi-Ootani)", "観測点コード": "SSK", "緯度（度）": 33.3896, "経度（度）": 133.3227, "高さ（ｍ）": "17", "測器の深度（ｍ）": "201", "維持管理機関名": "産業技術総合研究所/地質調査総合センター", "維持管理機関名（英語）": "GSJ", "観測開始年（西暦）": "2010", "同月": "1", "観測機器名または観測項目": "ミツトヨ製高感度地震計(地下)1Hz" }, "geometry": { "type": "Point", "coordinates": [ 133.3227, 33.3896 ] } },
{ "type": "Feature", "properties": { "観測の種類": "高感度地震計(地下)", "name": "土佐清水(土佐清水松尾)", "観測点名ローマ字": "Tosa-shimizu(Tosashimizu-Matsuo)", "観測点コード": "TSS", "緯度（度）": 32.7358, "経度（度）": 132.9757, "高さ（ｍ）": "125", "測器の深度（ｍ）": "250", "維持管理機関名": "産業技術総合研究所/地質調査総合センター", "維持管理機関名（英語）": "GSJ", "観測開始年（西暦）": "2008", "同月": "NULL", "観測機器名または観測項目": "ミツトヨ製高感度地震計(地下)1Hz" }, "geometry": { "type": "Point", "coordinates": [ 132.9757, 32.7358 ] } },
{ "type": "Feature", "properties": { "観測の種類": "高感度地震計(地下)", "name": "松山(松山南江戸)", "観測点名ローマ字": "Matsuyama(Matsuyama-Minamiedo)", "観測点コード": "MAT", "緯度（度）": 33.8424, "経度（度）": 132.7396, "高さ（ｍ）": "48", "測器の深度（ｍ）": "596", "維持管理機関名": "産業技術総合研究所/地質調査総合センター", "維持管理機関名（英語）": "GSJ", "観測開始年（西暦）": "2008", "同月": "NULL", "観測機器名または観測項目": "ミツトヨ製高感度地震計(地下)1Hz" }, "geometry": { "type": "Point", "coordinates": [ 132.7396, 33.8424 ] } },
{ "type": "Feature", "properties": { "観測の種類": "高感度地震計(地下)", "name": "宇和(西予宇和)", "観測点名ローマ字": "Uwa(Seiyo-Uwa)", "観測点コード": "UWA", "緯度（度）": 33.3856, "経度（度）": 132.4823, "高さ（ｍ）": "214", "測器の深度（ｍ）": "196", "維持管理機関名": "産業技術総合研究所/地質調査総合センター", "維持管理機関名（英語）": "GSJ", "観測開始年（西暦）": "2008", "同月": "NULL", "観測機器名または観測項目": "ミツトヨ製高感度地震計(地下)1Hz" }, "geometry": { "type": "Point", "coordinates": [ 132.4823, 33.3856 ] } },
{ "type": "Feature", "properties": { "観測の種類": "高感度地震計(地下)", "name": "佐伯蒲江", "観測点名ローマ字": "Saiki-Kamae", "観測点コード": "SIK", "緯度（度）": 32.7982, "経度（度）": 131.9011, "高さ（ｍ）": "6", "測器の深度（ｍ）": "196", "維持管理機関名": "産業技術総合研究所/地質調査総合センター", "維持管理機関名（英語）": "GSJ", "観測開始年（西暦）": "2024", "同月": "3", "観測機器名または観測項目": "日本システム工業製高感度地震計(地下)1Hz" }, "geometry": { "type": "Point", "coordinates": [ 131.9011, 32.7982 ] } }
]
}
