{
"type": "FeatureCollection",
"name": "ＧＮＳＳ，ＳＬＲ，ＶＬＢＩ",
"crs": { "type": "name", "properties": { "name": "urn:ogc:def:crs:OGC:1.3:CRS84" } },
"features": [
{ "type": "Feature", "properties": { "観測の種類": "GPS", "name": "礼文島", "観測点名ローマ字": null, "観測点コード": "REBN", "緯度（度）": 45.4569, "経度（度）": 140.9697, "高さ（ｍ）": 31, "測器の深度（ｍ）": null, "維持管理機関名": "北海道大学大学院理学研究院", "維持管理機関名（英語）": null, "観測開始年（西暦）": 1994, "同月": 6, "観測機器名または観測項目": null }, "geometry": { "type": "Point", "coordinates": [ 140.9697, 45.4569 ] } },
{ "type": "Feature", "properties": { "観測の種類": "GPS", "name": "弟子屈", "観測点名ローマ字": null, "観測点コード": "TES", "緯度（度）": 43.4855, "経度（度）": 144.3992, "高さ（ｍ）": 205, "測器の深度（ｍ）": null, "維持管理機関名": "北海道大学大学院理学研究院", "維持管理機関名（英語）": null, "観測開始年（西暦）": 2003, "同月": 10, "観測機器名または観測項目": null }, "geometry": { "type": "Point", "coordinates": [ 144.3992, 43.4855 ] } },
{ "type": "Feature", "properties": { "観測の種類": "GPS", "name": "仁伏", "観測点名ローマ字": null, "観測点コード": "TNBT", "緯度（度）": 43.6357, "経度（度）": 144.3863, "高さ（ｍ）": 175, "測器の深度（ｍ）": null, "維持管理機関名": "北海道大学大学院理学研究院", "維持管理機関名（英語）": null, "観測開始年（西暦）": 2003, "同月": 10, "観測機器名または観測項目": null }, "geometry": { "type": "Point", "coordinates": [ 144.3863, 43.6357 ] } },
{ "type": "Feature", "properties": { "観測の種類": "GPS", "name": "仁多", "観測点名ローマ字": null, "観測点コード": "TNIT", "緯度（度）": 43.4971, "経度（度）": 144.5035, "高さ（ｍ）": 170, "測器の深度（ｍ）": null, "維持管理機関名": "北海道大学大学院理学研究院", "維持管理機関名（英語）": null, "観測開始年（西暦）": 2003, "同月": 10, "観測機器名または観測項目": null }, "geometry": { "type": "Point", "coordinates": [ 144.5035, 43.4971 ] } },
{ "type": "Feature", "properties": { "観測の種類": "GPS", "name": "ポント", "観測点名ローマ字": null, "観測点コード": "TPOT", "緯度（度）": 43.5581, "経度（度）": 144.3212, "高さ（ｍ）": 136, "測器の深度（ｍ）": null, "維持管理機関名": "北海道大学大学院理学研究院", "維持管理機関名（英語）": null, "観測開始年（西暦）": 2003, "同月": 10, "観測機器名または観測項目": null }, "geometry": { "type": "Point", "coordinates": [ 144.3212, 43.5581 ] } },
{ "type": "Feature", "properties": { "観測の種類": "GPS", "name": "美留和", "観測点名ローマ字": null, "観測点コード": "TBRW", "緯度（度）": 43.5821, "経度（度）": 144.4565, "高さ（ｍ）": 213, "測器の深度（ｍ）": null, "維持管理機関名": "北海道大学大学院理学研究院", "維持管理機関名（英語）": null, "観測開始年（西暦）": 2003, "同月": 10, "観測機器名または観測項目": null }, "geometry": { "type": "Point", "coordinates": [ 144.4565, 43.5821 ] } },
{ "type": "Feature", "properties": { "観測の種類": "GPS", "name": "兵安", "観測点名ローマ字": null, "観測点コード": "HIAN", "緯度（度）": 44.9122, "経度（度）": 142.3108, "高さ（ｍ）": 79, "測器の深度（ｍ）": null, "維持管理機関名": "北海道大学大学院理学研究院", "維持管理機関名（英語）": null, "観測開始年（西暦）": 2007, "同月": 4, "観測機器名または観測項目": null }, "geometry": { "type": "Point", "coordinates": [ 142.3108, 44.9122 ] } },
{ "type": "Feature", "properties": { "観測の種類": "GPS", "name": "松音知", "観測点名ローマ字": null, "観測点コード": "MCNS", "緯度（度）": 44.9344, "経度（度）": 142.2154, "高さ（ｍ）": 51, "測器の深度（ｍ）": null, "維持管理機関名": "北海道大学大学院理学研究院", "維持管理機関名（英語）": null, "観測開始年（西暦）": 2007, "同月": 4, "観測機器名または観測項目": null }, "geometry": { "type": "Point", "coordinates": [ 142.2154, 44.9344 ] } },
{ "type": "Feature", "properties": { "観測の種類": "GPS", "name": "知駒", "観測点名ローマ字": null, "観測点コード": "SRKM", "緯度（度）": 44.9592, "経度（度）": 142.1143, "高さ（ｍ）": 248, "測器の深度（ｍ）": null, "維持管理機関名": "北海道大学大学院理学研究院", "維持管理機関名（英語）": null, "観測開始年（西暦）": 2007, "同月": 4, "観測機器名または観測項目": null }, "geometry": { "type": "Point", "coordinates": [ 142.1143, 44.9592 ] } },
{ "type": "Feature", "properties": { "観測の種類": "GPS", "name": "上問寒", "観測点名ローマ字": null, "観測点コード": "KTIK", "緯度（度）": 45.0136, "経度（度）": 142.0802, "高さ（ｍ）": 35, "測器の深度（ｍ）": null, "維持管理機関名": "北海道大学大学院理学研究院", "維持管理機関名（英語）": null, "観測開始年（西暦）": 2007, "同月": 4, "観測機器名または観測項目": null }, "geometry": { "type": "Point", "coordinates": [ 142.0802, 45.0136 ] } },
{ "type": "Feature", "properties": { "観測の種類": "GPS", "name": "十六線", "観測点名ローマ字": null, "観測点コード": "JRSN", "緯度（度）": 45.0384, "経度（度）": 141.9892, "高さ（ｍ）": 238, "測器の深度（ｍ）": null, "維持管理機関名": "北海道大学大学院理学研究院", "維持管理機関名（英語）": null, "観測開始年（西暦）": 2007, "同月": 4, "観測機器名または観測項目": null }, "geometry": { "type": "Point", "coordinates": [ 141.9892, 45.0384 ] } },
{ "type": "Feature", "properties": { "観測の種類": "GPS", "name": "雪崩", "観測点名ローマ字": null, "観測点コード": "NDRK", "緯度（度）": 44.9299, "経度（度）": 141.9639, "高さ（ｍ）": 249, "測器の深度（ｍ）": null, "維持管理機関名": "北海道大学大学院理学研究院", "維持管理機関名（英語）": null, "観測開始年（西暦）": 2007, "同月": 4, "観測機器名または観測項目": null }, "geometry": { "type": "Point", "coordinates": [ 141.9639, 44.9299 ] } },
{ "type": "Feature", "properties": { "観測の種類": "GPS", "name": "清川", "観測点名ローマ字": null, "観測点コード": "KYKW", "緯度（度）": 44.7453, "経度（度）": 141.8781, "高さ（ｍ）": 33, "測器の深度（ｍ）": null, "維持管理機関名": "北海道大学大学院理学研究院", "維持管理機関名（英語）": null, "観測開始年（西暦）": 2007, "同月": 4, "観測機器名または観測項目": null }, "geometry": { "type": "Point", "coordinates": [ 141.8781, 44.7453 ] } },
{ "type": "Feature", "properties": { "観測の種類": "GPS", "name": "西産士", "観測点名ローマ字": null, "観測点コード": "NUBS", "緯度（度）": 44.9173, "経度（度）": 141.8379, "高さ（ｍ）": 25, "測器の深度（ｍ）": null, "維持管理機関名": "北海道大学大学院理学研究院", "維持管理機関名（英語）": null, "観測開始年（西暦）": 2007, "同月": 4, "観測機器名または観測項目": null }, "geometry": { "type": "Point", "coordinates": [ 141.8379, 44.9173 ] } },
{ "type": "Feature", "properties": { "観測の種類": "GPS", "name": "男能富", "観測点名ローマ字": null, "観測点コード": "DNNP", "緯度（度）": 44.8642, "経度（度）": 141.9224, "高さ（ｍ）": 21, "測器の深度（ｍ）": null, "維持管理機関名": "北海道大学大学院理学研究院", "維持管理機関名（英語）": null, "観測開始年（西暦）": 2007, "同月": 4, "観測機器名または観測項目": null }, "geometry": { "type": "Point", "coordinates": [ 141.9224, 44.8642 ] } },
{ "type": "Feature", "properties": { "観測の種類": "GPS", "name": "若柳", "観測点名ローマ字": null, "観測点コード": "WYG_", "緯度（度）": 38.7422, "経度（度）": 141.1199, "高さ（ｍ）": 18, "測器の深度（ｍ）": null, "維持管理機関名": "東北大学大学院理学研究科", "維持管理機関名（英語）": null, "観測開始年（西暦）": 1996, "同月": 5, "観測機器名または観測項目": null }, "geometry": { "type": "Point", "coordinates": [ 141.1199, 38.7422 ] } },
{ "type": "Feature", "properties": { "観測の種類": "GPS", "name": "男鹿", "観測点名ローマ字": null, "観測点コード": "OGA_", "緯度（度）": 39.9017, "経度（度）": 139.7705, "高さ（ｍ）": 359, "測器の深度（ｍ）": null, "維持管理機関名": "東北大学大学院理学研究科", "維持管理機関名（英語）": null, "観測開始年（西暦）": 1999, "同月": 6, "観測機器名または観測項目": null }, "geometry": { "type": "Point", "coordinates": [ 139.7705, 39.9017 ] } },
{ "type": "Feature", "properties": { "観測の種類": "GPS", "name": "大東", "観測点名ローマ字": null, "観測点コード": "DIT_", "緯度（度）": 39.0646, "経度（度）": 141.4218, "高さ（ｍ）": 400, "測器の深度（ｍ）": null, "維持管理機関名": "東北大学大学院理学研究科", "維持管理機関名（英語）": null, "観測開始年（西暦）": 2000, "同月": 5, "観測機器名または観測項目": null }, "geometry": { "type": "Point", "coordinates": [ 141.4218, 39.0646 ] } },
{ "type": "Feature", "properties": { "観測の種類": "GPS", "name": "秋田", "観測点名ローマ字": null, "観測点コード": "AKT_", "緯度（度）": 39.7463, "経度（度）": 140.0826, "高さ（ｍ）": 25, "測器の深度（ｍ）": null, "維持管理機関名": "東北大学大学院理学研究科", "維持管理機関名（英語）": null, "観測開始年（西暦）": 1994, "同月": 7, "観測機器名または観測項目": null }, "geometry": { "type": "Point", "coordinates": [ 140.0826, 39.7463 ] } },
{ "type": "Feature", "properties": { "観測の種類": "GPS", "name": "本荘", "観測点名ローマ字": null, "観測点コード": "HOJ_", "緯度（度）": 39.3433, "経度（度）": 140.168, "高さ（ｍ）": 98, "測器の深度（ｍ）": null, "維持管理機関名": "東北大学大学院理学研究科", "維持管理機関名（英語）": null, "観測開始年（西暦）": 1994, "同月": 7, "観測機器名または観測項目": null }, "geometry": { "type": "Point", "coordinates": [ 140.168, 39.3433 ] } },
{ "type": "Feature", "properties": { "観測の種類": "GPS", "name": "北上", "観測点名ローマ字": null, "観測点コード": "KGJ_", "緯度（度）": 39.3892, "経度（度）": 141.5615, "高さ（ｍ）": 374, "測器の深度（ｍ）": null, "維持管理機関名": "東北大学大学院理学研究科", "維持管理機関名（英語）": null, "観測開始年（西暦）": 1994, "同月": 7, "観測機器名または観測項目": null }, "geometry": { "type": "Point", "coordinates": [ 141.5615, 39.3892 ] } },
{ "type": "Feature", "properties": { "観測の種類": "GPS", "name": "青葉山", "観測点名ローマ字": null, "観測点コード": "AOB_", "緯度（度）": 38.2516, "経度（度）": 140.8442, "高さ（ｍ）": 144, "測器の深度（ｍ）": null, "維持管理機関名": "東北大学大学院理学研究科", "維持管理機関名（英語）": null, "観測開始年（西暦）": 1994, "同月": 7, "観測機器名または観測項目": null }, "geometry": { "type": "Point", "coordinates": [ 140.8442, 38.2516 ] } },
{ "type": "Feature", "properties": { "観測の種類": "GPS", "name": "階上", "観測点名ローマ字": null, "観測点コード": "HSK_", "緯度（度）": 40.4304, "経度（度）": 141.5789, "高さ（ｍ）": 144, "測器の深度（ｍ）": null, "維持管理機関名": "東北大学大学院理学研究科", "維持管理機関名（英語）": null, "観測開始年（西暦）": 1994, "同月": 7, "観測機器名または観測項目": null }, "geometry": { "type": "Point", "coordinates": [ 141.5789, 40.4304 ] } },
{ "type": "Feature", "properties": { "観測の種類": "GPS", "name": "深浦", "観測点名ローマ字": null, "観測点コード": "FKU_", "緯度（度）": 40.6346, "経度（度）": 139.9119, "高さ（ｍ）": 184, "測器の深度（ｍ）": null, "維持管理機関名": "東北大学大学院理学研究科", "維持管理機関名（英語）": null, "観測開始年（西暦）": 1994, "同月": 12, "観測機器名または観測項目": null }, "geometry": { "type": "Point", "coordinates": [ 139.9119, 40.6346 ] } },
{ "type": "Feature", "properties": { "観測の種類": "GPS", "name": "陸中普代", "観測点名ローマ字": null, "観測点コード": "FDA_", "緯度（度）": 40.0116, "経度（度）": 141.855, "高さ（ｍ）": 255, "測器の深度（ｍ）": null, "維持管理機関名": "東北大学大学院理学研究科", "維持管理機関名（英語）": null, "観測開始年（西暦）": 1995, "同月": 1, "観測機器名または観測項目": null }, "geometry": { "type": "Point", "coordinates": [ 141.855, 40.0116 ] } },
{ "type": "Feature", "properties": { "観測の種類": "GPS", "name": "宮古", "観測点名ローマ字": null, "観測点コード": "MYK_", "緯度（度）": 39.5932, "経度（度）": 141.9769, "高さ（ｍ）": 76, "測器の深度（ｍ）": null, "維持管理機関名": "東北大学大学院理学研究科", "維持管理機関名（英語）": null, "観測開始年（西暦）": 1996, "同月": 7, "観測機器名または観測項目": null }, "geometry": { "type": "Point", "coordinates": [ 141.9769, 39.5932 ] } },
{ "type": "Feature", "properties": { "観測の種類": "GPS", "name": "江島", "観測点名ローマ字": null, "観測点コード": "EN3_", "緯度（度）": 38.3979, "経度（度）": 141.5977, "高さ（ｍ）": 36, "測器の深度（ｍ）": null, "維持管理機関名": "東北大学大学院理学研究科", "維持管理機関名（英語）": null, "観測開始年（西暦）": 1997, "同月": 3, "観測機器名または観測項目": null }, "geometry": { "type": "Point", "coordinates": [ 141.5977, 38.3979 ] } },
{ "type": "Feature", "properties": { "観測の種類": "GPS", "name": "岩城", "観測点名ローマ字": null, "観測点コード": "IW3_", "緯度（度）": 39.5552, "経度（度）": 140.1111, "高さ（ｍ）": 57, "測器の深度（ｍ）": null, "維持管理機関名": "東北大学大学院理学研究科", "維持管理機関名（英語）": null, "観測開始年（西暦）": 1996, "同月": 5, "観測機器名または観測項目": null }, "geometry": { "type": "Point", "coordinates": [ 140.1111, 39.5552 ] } },
{ "type": "Feature", "properties": { "観測の種類": "GPS", "name": "村山", "観測点名ローマ字": null, "観測点コード": "MR3_", "緯度（度）": 38.4982, "経度（度）": 140.4224, "高さ（ｍ）": 270, "測器の深度（ｍ）": null, "維持管理機関名": "東北大学大学院理学研究科", "維持管理機関名（英語）": null, "観測開始年（西暦）": 1996, "同月": 5, "観測機器名または観測項目": null }, "geometry": { "type": "Point", "coordinates": [ 140.4224, 38.4982 ] } },
{ "type": "Feature", "properties": { "観測の種類": "GPS", "name": "金華山", "観測点名ローマ字": null, "観測点コード": "KNK_", "緯度（度）": 38.2765, "経度（度）": 141.5823, "高さ（ｍ）": 77, "測器の深度（ｍ）": null, "維持管理機関名": "東北大学大学院理学研究科", "維持管理機関名（英語）": null, "観測開始年（西暦）": 2003, "同月": 2, "観測機器名または観測項目": null }, "geometry": { "type": "Point", "coordinates": [ 141.5823, 38.2765 ] } },
{ "type": "Feature", "properties": { "観測の種類": "GPS", "name": "栃尾", "観測点名ローマ字": null, "観測点コード": "TCH2", "緯度（度）": 36.2463, "経度（度）": 137.5139, "高さ（ｍ）": 795, "測器の深度（ｍ）": null, "維持管理機関名": "京都大学防災研究所", "維持管理機関名（英語）": null, "観測開始年（西暦）": 2022, "同月": 1, "観測機器名または観測項目": null }, "geometry": { "type": "Point", "coordinates": [ 137.5139, 36.2463 ] } },
{ "type": "Feature", "properties": { "観測の種類": "GPS", "name": "砂防", "観測点名ローマ字": null, "観測点コード": "SABO", "緯度（度）": 36.2577, "経度（度）": 137.5744, "高さ（ｍ）": 1201, "測器の深度（ｍ）": null, "維持管理機関名": "京都大学防災研究所", "維持管理機関名（英語）": null, "観測開始年（西暦）": 2005, "同月": 8, "観測機器名または観測項目": null }, "geometry": { "type": "Point", "coordinates": [ 137.5744, 36.2577 ] } },
{ "type": "Feature", "properties": { "観測の種類": "GPS", "name": "大無雁", "観測点名ローマ字": null, "観測点コード": "OMKR", "緯度（度）": 36.2969, "経度（度）": 137.1198, "高さ（ｍ）": 528, "測器の深度（ｍ）": null, "維持管理機関名": "名古屋大学大学院環境学研究科", "維持管理機関名（英語）": null, "観測開始年（西暦）": 2005, "同月": 10, "観測機器名または観測項目": null }, "geometry": { "type": "Point", "coordinates": [ 137.1198, 36.2969 ] } },
{ "type": "Feature", "properties": { "観測の種類": "GPS", "name": "東谷", "観測点名ローマ字": null, "観測点コード": "HGSD", "緯度（度）": 36.4218, "経度（度）": 137.4428, "高さ（ｍ）": 1483, "測器の深度（ｍ）": null, "維持管理機関名": "名古屋大学大学院環境学研究科", "維持管理機関名（英語）": null, "観測開始年（西暦）": 2005, "同月": 10, "観測機器名または観測項目": null }, "geometry": { "type": "Point", "coordinates": [ 137.4428, 36.4218 ] } },
{ "type": "Feature", "properties": { "観測の種類": "GPS", "name": "飛騨天文台", "観測点名ローマ字": null, "観測点コード": "HIDA", "緯度（度）": 36.2517, "経度（度）": 137.3059, "高さ（ｍ）": 1312, "測器の深度（ｍ）": null, "維持管理機関名": "京都大学防災研究所", "維持管理機関名（英語）": null, "観測開始年（西暦）": 2006, "同月": 10, "観測機器名または観測項目": null }, "geometry": { "type": "Point", "coordinates": [ 137.3059, 36.2517 ] } },
{ "type": "Feature", "properties": { "観測の種類": "GPS", "name": "万波", "観測点名ローマ字": null, "観測点コード": "MNNM", "緯度（度）": 36.384, "経度（度）": 137.1162, "高さ（ｍ）": 1054, "測器の深度（ｍ）": null, "維持管理機関名": "名古屋大学大学院環境学研究科", "維持管理機関名（英語）": null, "観測開始年（西暦）": 2008, "同月": 1, "観測機器名または観測項目": null }, "geometry": { "type": "Point", "coordinates": [ 137.1162, 36.384 ] } },
{ "type": "Feature", "properties": { "観測の種類": "GPS", "name": "浜島", "観測点名ローマ字": null, "観測点コード": "HAMA", "緯度（度）": 34.2973, "経度（度）": 136.7611, "高さ（ｍ）": null, "測器の深度（ｍ）": null, "維持管理機関名": "名古屋大学大学院環境学研究科", "維持管理機関名（英語）": null, "観測開始年（西暦）": null, "同月": null, "観測機器名または観測項目": null }, "geometry": { "type": "Point", "coordinates": [ 136.7611, 34.2973 ] } },
{ "type": "Feature", "properties": { "観測の種類": "GPS", "name": "尾鷲", "観測点名ローマ字": null, "観測点コード": "OWAS", "緯度（度）": 34.0613, "経度（度）": 136.2121, "高さ（ｍ）": null, "測器の深度（ｍ）": null, "維持管理機関名": "名古屋大学大学院環境学研究科", "維持管理機関名（英語）": null, "観測開始年（西暦）": null, "同月": null, "観測機器名または観測項目": null }, "geometry": { "type": "Point", "coordinates": [ 136.2121, 34.0613 ] } },
{ "type": "Feature", "properties": { "観測の種類": "GPS", "name": "宇久井中学校", "観測点名ローマ字": null, "観測点コード": "UGUI", "緯度（度）": 33.6624, "経度（度）": 135.9682, "高さ（ｍ）": null, "測器の深度（ｍ）": null, "維持管理機関名": "名古屋大学大学院環境学研究科", "維持管理機関名（英語）": null, "観測開始年（西暦）": null, "同月": null, "観測機器名または観測項目": null }, "geometry": { "type": "Point", "coordinates": [ 135.9682, 33.6624 ] } },
{ "type": "Feature", "properties": { "観測の種類": "GPS", "name": "三輪崎小学校", "観測点名ローマ字": null, "観測点コード": "MWSK", "緯度（度）": 33.6853, "経度（度）": 135.9809, "高さ（ｍ）": null, "測器の深度（ｍ）": null, "維持管理機関名": "名古屋大学大学院環境学研究科", "維持管理機関名（英語）": null, "観測開始年（西暦）": 2016, "同月": 4, "観測機器名または観測項目": null }, "geometry": { "type": "Point", "coordinates": [ 135.9809, 33.6853 ] } },
{ "type": "Feature", "properties": { "観測の種類": "GPS", "name": "東員町役場", "観測点名ローマ字": null, "観測点コード": "TOIN", "緯度（度）": 35.0743, "経度（度）": 136.5835, "高さ（ｍ）": null, "測器の深度（ｍ）": null, "維持管理機関名": "名古屋大学大学院環境学研究科", "維持管理機関名（英語）": null, "観測開始年（西暦）": 2013, "同月": 8, "観測機器名または観測項目": null }, "geometry": { "type": "Point", "coordinates": [ 136.5835, 35.0743 ] } },
{ "type": "Feature", "properties": { "観測の種類": "GPS", "name": "一色南部小学校", "観測点名ローマ字": null, "観測点コード": "1SKN", "緯度（度）": 34.8101, "経度（度）": 137.0173, "高さ（ｍ）": null, "測器の深度（ｍ）": null, "維持管理機関名": "名古屋大学大学院環境学研究科", "維持管理機関名（英語）": null, "観測開始年（西暦）": 2014, "同月": 6, "観測機器名または観測項目": null }, "geometry": { "type": "Point", "coordinates": [ 137.0173, 34.8101 ] } },
{ "type": "Feature", "properties": { "観測の種類": "GPS", "name": "永源寺中学校", "観測点名ローマ字": null, "観測点コード": "EIGN", "緯度（度）": 35.08, "経度（度）": 136.2835, "高さ（ｍ）": null, "測器の深度（ｍ）": null, "維持管理機関名": "名古屋大学大学院環境学研究科", "維持管理機関名（英語）": null, "観測開始年（西暦）": 2015, "同月": 1, "観測機器名または観測項目": null }, "geometry": { "type": "Point", "coordinates": [ 136.2835, 35.08 ] } },
{ "type": "Feature", "properties": { "観測の種類": "GPS", "name": "蒲郡北部小学校", "観測点名ローマ字": null, "観測点コード": "GMGR", "緯度（度）": 34.8428, "経度（度）": 137.2319, "高さ（ｍ）": null, "測器の深度（ｍ）": null, "維持管理機関名": "名古屋大学大学院環境学研究科", "維持管理機関名（英語）": null, "観測開始年（西暦）": 2015, "同月": 3, "観測機器名または観測項目": null }, "geometry": { "type": "Point", "coordinates": [ 137.2319, 34.8428 ] } },
{ "type": "Feature", "properties": { "観測の種類": "GPS", "name": "いこいの村愛知", "観測点名ローマ字": null, "観測点コード": "IKOI", "緯度（度）": 35.1643, "経度（度）": 137.4335, "高さ（ｍ）": null, "測器の深度（ｍ）": null, "維持管理機関名": "名古屋大学大学院環境学研究科", "維持管理機関名（英語）": null, "観測開始年（西暦）": 2015, "同月": 3, "観測機器名または観測項目": null }, "geometry": { "type": "Point", "coordinates": [ 137.4335, 35.1643 ] } },
{ "type": "Feature", "properties": { "観測の種類": "GPS", "name": "飯森高原", "観測点名ローマ字": null, "観測点コード": "IIMR", "緯度（度）": 35.9001, "経度（度）": 137.512, "高さ（ｍ）": null, "測器の深度（ｍ）": null, "維持管理機関名": "名古屋大学大学院環境学研究科", "維持管理機関名（英語）": null, "観測開始年（西暦）": 2014, "同月": 10, "観測機器名または観測項目": null }, "geometry": { "type": "Point", "coordinates": [ 137.512, 35.9001 ] } },
{ "type": "Feature", "properties": { "観測の種類": "GPS", "name": "東大木曽観測所", "観測点名ローマ字": null, "観測点コード": "KSAO", "緯度（度）": 35.7984, "経度（度）": 137.6261, "高さ（ｍ）": null, "測器の深度（ｍ）": null, "維持管理機関名": "名古屋大学大学院環境学研究科", "維持管理機関名（英語）": null, "観測開始年（西暦）": 2016, "同月": 2, "観測機器名または観測項目": null }, "geometry": { "type": "Point", "coordinates": [ 137.6261, 35.7984 ] } },
{ "type": "Feature", "properties": { "観測の種類": "GPS", "name": "マイアスキー場", "観測点名ローマ字": null, "観測点コード": "MIAS", "緯度（度）": 35.9248, "経度（度）": 137.5003, "高さ（ｍ）": null, "測器の深度（ｍ）": null, "維持管理機関名": "名古屋大学大学院環境学研究科", "維持管理機関名（英語）": null, "観測開始年（西暦）": 2015, "同月": 11, "観測機器名または観測項目": null }, "geometry": { "type": "Point", "coordinates": [ 137.5003, 35.9248 ] } },
{ "type": "Feature", "properties": { "観測の種類": "GPS", "name": "松原スポーツ公園", "観測点名ローマ字": null, "観測点コード": "MTBR", "緯度（度）": 35.7981, "経度（度）": 137.5412, "高さ（ｍ）": null, "測器の深度（ｍ）": null, "維持管理機関名": "名古屋大学大学院環境学研究科", "維持管理機関名（英語）": null, "観測開始年（西暦）": 2015, "同月": 11, "観測機器名または観測項目": null }, "geometry": { "type": "Point", "coordinates": [ 137.5412, 35.7981 ] } },
{ "type": "Feature", "properties": { "観測の種類": "GPS", "name": "三浦国有林", "観測点名ローマ字": null, "観測点コード": "MIUR", "緯度（度）": 35.8576, "経度（度）": 137.4014, "高さ（ｍ）": null, "測器の深度（ｍ）": null, "維持管理機関名": "名古屋大学大学院環境学研究科", "維持管理機関名（英語）": null, "観測開始年（西暦）": 2015, "同月": 11, "観測機器名または観測項目": null }, "geometry": { "type": "Point", "coordinates": [ 137.4014, 35.8576 ] } },
{ "type": "Feature", "properties": { "観測の種類": "GPS", "name": "宇治", "観測点名ローマ字": null, "観測点コード": "UJIC", "緯度（度）": 34.9093, "経度（度）": 135.7983, "高さ（ｍ）": 33, "測器の深度（ｍ）": null, "維持管理機関名": "京都大学防災研究所", "維持管理機関名（英語）": null, "観測開始年（西暦）": 1988, "同月": 5, "観測機器名または観測項目": null }, "geometry": { "type": "Point", "coordinates": [ 135.7983, 34.9093 ] } },
{ "type": "Feature", "properties": { "観測の種類": "GPS", "name": "白浜", "観測点名ローマ字": null, "観測点コード": "SRH2", "緯度（度）": 33.6805, "経度（度）": 135.3685, "高さ（ｍ）": 32, "測器の深度（ｍ）": null, "維持管理機関名": "京都大学防災研究所", "維持管理機関名（英語）": null, "観測開始年（西暦）": 2015, "同月": 7, "観測機器名または観測項目": null }, "geometry": { "type": "Point", "coordinates": [ 135.3685, 33.6805 ] } },
{ "type": "Feature", "properties": { "観測の種類": "GPS", "name": "潮岬", "観測点名ローマ字": null, "観測点コード": "SHI2", "緯度（度）": 33.4463, "経度（度）": 135.7562, "高さ（ｍ）": 60, "測器の深度（ｍ）": null, "維持管理機関名": "京都大学防災研究所", "維持管理機関名（英語）": null, "観測開始年（西暦）": 2022, "同月": 3, "観測機器名または観測項目": null }, "geometry": { "type": "Point", "coordinates": [ 135.7562, 33.4463 ] } },
{ "type": "Feature", "properties": { "観測の種類": "GPS", "name": "迫西川", "観測点名ローマ字": null, "観測点コード": "SENK", "緯度（度）": 33.9661, "経度（度）": 135.6166, "高さ（ｍ）": 860, "測器の深度（ｍ）": null, "維持管理機関名": "京都大学防災研究所", "維持管理機関名（英語）": null, "観測開始年（西暦）": 2007, "同月": 12, "観測機器名または観測項目": null }, "geometry": { "type": "Point", "coordinates": [ 135.6166, 33.9661 ] } },
{ "type": "Feature", "properties": { "観測の種類": "GPS", "name": "伊島", "観測点名ローマ字": null, "観測点コード": "ISIM", "緯度（度）": 33.8433, "経度（度）": 134.8035, "高さ（ｍ）": 9, "測器の深度（ｍ）": null, "維持管理機関名": "京都大学防災研究所", "維持管理機関名（英語）": null, "観測開始年（西暦）": 2016, "同月": 2, "観測機器名または観測項目": null }, "geometry": { "type": "Point", "coordinates": [ 134.8035, 33.8433 ] } },
{ "type": "Feature", "properties": { "観測の種類": "GPS", "name": "美浜三尾", "観測点名ローマ字": null, "観測点コード": "MHMO", "緯度（度）": 33.8921, "経度（度）": 135.0866, "高さ（ｍ）": 23, "測器の深度（ｍ）": null, "維持管理機関名": "京都大学防災研究所", "維持管理機関名（英語）": null, "観測開始年（西暦）": 2017, "同月": 6, "観測機器名または観測項目": null }, "geometry": { "type": "Point", "coordinates": [ 135.0866, 33.8921 ] } },
{ "type": "Feature", "properties": { "観測の種類": "GPS", "name": "宮崎", "観測点名ローマ字": null, "観測点コード": "MYZO", "緯度（度）": 31.8112, "経度（度）": 131.4331, "高さ（ｍ）": 19, "測器の深度（ｍ）": null, "維持管理機関名": "京都大学防災研究所", "維持管理機関名（英語）": null, "観測開始年（西暦）": 2017, "同月": 8, "観測機器名または観測項目": null }, "geometry": { "type": "Point", "coordinates": [ 131.4331, 31.8112 ] } },
{ "type": "Feature", "properties": { "観測の種類": "GPS", "name": "阿武山", "観測点名ローマ字": null, "観測点コード": "ABUY", "緯度（度）": 34.8623, "経度（度）": 135.5699, "高さ（ｍ）": 203, "測器の深度（ｍ）": null, "維持管理機関名": "京都大学防災研究所", "維持管理機関名（英語）": null, "観測開始年（西暦）": 2018, "同月": 6, "観測機器名または観測項目": null }, "geometry": { "type": "Point", "coordinates": [ 135.5699, 34.8623 ] } },
{ "type": "Feature", "properties": { "観測の種類": "GPS", "name": "観音寺伊吹島", "観測点名ローマ字": null, "観測点コード": "IBUK", "緯度（度）": 34.1281, "経度（度）": 133.5331, "高さ（ｍ）": 56, "測器の深度（ｍ）": null, "維持管理機関名": "京都大学防災研究所", "維持管理機関名（英語）": null, "観測開始年（西暦）": 2012, "同月": 1, "観測機器名または観測項目": null }, "geometry": { "type": "Point", "coordinates": [ 133.5331, 34.1281 ] } },
{ "type": "Feature", "properties": { "観測の種類": "GPS", "name": "今治朝倉", "観測点名ローマ字": null, "観測点コード": "IMBR", "緯度（度）": 33.9995, "経度（度）": 133.0169, "高さ（ｍ）": 46, "測器の深度（ｍ）": null, "維持管理機関名": "京都大学防災研究所", "維持管理機関名（英語）": null, "観測開始年（西暦）": 2013, "同月": 1, "観測機器名または観測項目": null }, "geometry": { "type": "Point", "coordinates": [ 133.0169, 33.9995 ] } },
{ "type": "Feature", "properties": { "観測の種類": "GPS", "name": "上島魚島", "観測点名ローマ字": null, "観測点コード": "UOSM", "緯度（度）": 34.1777, "経度（度）": 133.32, "高さ（ｍ）": 59, "測器の深度（ｍ）": null, "維持管理機関名": "京都大学防災研究所", "維持管理機関名（英語）": null, "観測開始年（西暦）": 2012, "同月": 1, "観測機器名または観測項目": null }, "geometry": { "type": "Point", "coordinates": [ 133.32, 34.1777 ] } },
{ "type": "Feature", "properties": { "観測の種類": "GPS", "name": "浄土山", "観測点名ローマ字": null, "観測点コード": "JODO", "緯度（度）": 36.5664, "経度（度）": 137.6059, "高さ（ｍ）": 2879, "測器の深度（ｍ）": null, "維持管理機関名": "富山大学", "維持管理機関名（英語）": null, "観測開始年（西暦）": 1996, "同月": null, "観測機器名または観測項目": null }, "geometry": { "type": "Point", "coordinates": [ 137.6059, 36.5664 ] } },
{ "type": "Feature", "properties": { "観測の種類": "VLBI", "name": "石岡", "観測点名ローマ字": "Ishioka", "観測点コード": "Is", "緯度（度）": 36.2092, "経度（度）": 140.219, "高さ（ｍ）": 124, "測器の深度（ｍ）": "NULL", "維持管理機関名": "国土地理院", "維持管理機関名（英語）": "GSI", "観測開始年（西暦）": 2015, "同月": 2, "観測機器名または観測項目": "VLBI" }, "geometry": { "type": "Point", "coordinates": [ 140.219, 36.2092 ] } },
{ "type": "Feature", "properties": { "観測の種類": "GNSS", "name": "つくば１", "観測点名ローマ字": "TSUKUBA1", "観測点コード": "92110", "緯度（度）": 36.1061, "経度（度）": 140.0872, "高さ（ｍ）": 30, "測器の深度（ｍ）": null, "維持管理機関名": "国土地理院", "維持管理機関名（英語）": "GSI", "観測開始年（西暦）": 1993, "同月": 4, "観測機器名または観測項目": "TRIMBLE Alloy" }, "geometry": { "type": "Point", "coordinates": [ 140.0872, 36.1061 ] } },
{ "type": "Feature", "properties": { "観測の種類": "GNSS", "name": "佐野", "観測点名ローマ字": "SANO", "観測点コード": "93001", "緯度（度）": 36.2952, "経度（度）": 139.5423, "高さ（ｍ）": 28, "測器の深度（ｍ）": null, "維持管理機関名": "国土地理院", "維持管理機関名（英語）": "GSI", "観測開始年（西暦）": 1994, "同月": 4, "観測機器名または観測項目": "TOPCON NET-G5" }, "geometry": { "type": "Point", "coordinates": [ 139.5423, 36.2952 ] } },
{ "type": "Feature", "properties": { "観測の種類": "GNSS", "name": "八郷", "観測点名ローマ字": "YASATO", "観測点コード": "93002", "緯度（度）": 36.2633, "経度（度）": 140.1743, "高さ（ｍ）": 53, "測器の深度（ｍ）": null, "維持管理機関名": "国土地理院", "維持管理機関名（英語）": "GSI", "観測開始年（西暦）": 1994, "同月": 4, "観測機器名または観測項目": "TRIMBLE Alloy" }, "geometry": { "type": "Point", "coordinates": [ 140.1743, 36.2633 ] } },
{ "type": "Feature", "properties": { "観測の種類": "GNSS", "name": "三和", "観測点名ローマ字": "SANWA", "観測点コード": "93003", "緯度（度）": 36.2037, "経度（度）": 139.8105, "高さ（ｍ）": 28, "測器の深度（ｍ）": null, "維持管理機関名": "国土地理院", "維持管理機関名（英語）": "GSI", "観測開始年（西暦）": 1994, "同月": 4, "観測機器名または観測項目": "TOPCON NET-G5" }, "geometry": { "type": "Point", "coordinates": [ 139.8105, 36.2037 ] } },
{ "type": "Feature", "properties": { "観測の種類": "GNSS", "name": "鉾田", "観測点名ローマ字": "HOKOTA", "観測点コード": "93004", "緯度（度）": 36.1813, "経度（度）": 140.5445, "高さ（ｍ）": 44, "測器の深度（ｍ）": null, "維持管理機関名": "国土地理院", "維持管理機関名（英語）": "GSI", "観測開始年（西暦）": 1994, "同月": 4, "観測機器名または観測項目": "TRIMBLE Alloy" }, "geometry": { "type": "Point", "coordinates": [ 140.5445, 36.1813 ] } },
{ "type": "Feature", "properties": { "観測の種類": "GNSS", "name": "江南", "観測点名ローマ字": "KOUNAN", "観測点コード": "93005", "緯度（度）": 36.121, "経度（度）": 139.3452, "高さ（ｍ）": 54, "測器の深度（ｍ）": null, "維持管理機関名": "国土地理院", "維持管理機関名（英語）": "GSI", "観測開始年（西暦）": 1994, "同月": 4, "観測機器名または観測項目": "TRIMBLE NetR9" }, "geometry": { "type": "Point", "coordinates": [ 139.3452, 36.121 ] } },
{ "type": "Feature", "properties": { "観測の種類": "GNSS", "name": "出島", "観測点名ローマ字": "DEJIMA", "観測点コード": "93006", "緯度（度）": 36.0969, "経度（度）": 140.3432, "高さ（ｍ）": 30, "測器の深度（ｍ）": null, "維持管理機関名": "国土地理院", "維持管理機関名（英語）": "GSI", "観測開始年（西暦）": 1994, "同月": 4, "観測機器名または観測項目": "TOPCON NET-G5" }, "geometry": { "type": "Point", "coordinates": [ 140.3432, 36.0969 ] } },
{ "type": "Feature", "properties": { "観測の種類": "GNSS", "name": "久喜", "観測点名ローマ字": "KUKI", "観測点コード": "93007", "緯度（度）": 36.0872, "経度（度）": 139.6367, "高さ（ｍ）": 17, "測器の深度（ｍ）": null, "維持管理機関名": "国土地理院", "維持管理機関名（英語）": "GSI", "観測開始年（西暦）": 1994, "同月": 4, "観測機器名または観測項目": "TOPCON NET-G5" }, "geometry": { "type": "Point", "coordinates": [ 139.6367, 36.0872 ] } },
{ "type": "Feature", "properties": { "観測の種類": "GNSS", "name": "桜川", "観測点名ローマ字": "SAKURAGAWA", "観測点コード": "93010", "緯度（度）": 35.9704, "経度（度）": 140.403, "高さ（ｍ）": 18, "測器の深度（ｍ）": null, "維持管理機関名": "国土地理院", "維持管理機関名（英語）": "GSI", "観測開始年（西暦）": 1994, "同月": 4, "観測機器名または観測項目": "TRIMBLE Alloy" }, "geometry": { "type": "Point", "coordinates": [ 140.403, 35.9704 ] } },
{ "type": "Feature", "properties": { "観測の種類": "GNSS", "name": "川越", "観測点名ローマ字": "KAWAGOE", "観測点コード": "93011", "緯度（度）": 35.9255, "経度（度）": 139.4643, "高さ（ｍ）": 23, "測器の深度（ｍ）": null, "維持管理機関名": "国土地理院", "維持管理機関名（英語）": "GSI", "観測開始年（西暦）": 1994, "同月": 4, "観測機器名または観測項目": "TOPCON NET-G5" }, "geometry": { "type": "Point", "coordinates": [ 139.4643, 35.9255 ] } },
{ "type": "Feature", "properties": { "観測の種類": "GNSS", "name": "守谷", "観測点名ローマ字": "MORIYA", "観測点コード": "93012", "緯度（度）": 35.9403, "経度（度）": 139.9927, "高さ（ｍ）": 24, "測器の深度（ｍ）": null, "維持管理機関名": "国土地理院", "維持管理機関名（英語）": "GSI", "観測開始年（西暦）": 1994, "同月": 4, "観測機器名または観測項目": "TOPCON NET-G5" }, "geometry": { "type": "Point", "coordinates": [ 139.9927, 35.9403 ] } },
{ "type": "Feature", "properties": { "観測の種類": "GNSS", "name": "大宮", "観測点名ローマ字": "OOMIYA", "観測点コード": "93013", "緯度（度）": 35.9375, "経度（度）": 139.6519, "高さ（ｍ）": 17, "測器の深度（ｍ）": null, "維持管理機関名": "国土地理院", "維持管理機関名（英語）": "GSI", "観測開始年（西暦）": 1994, "同月": 4, "観測機器名または観測項目": "TOPCON NET-G5" }, "geometry": { "type": "Point", "coordinates": [ 139.6519, 35.9375 ] } },
{ "type": "Feature", "properties": { "観測の種類": "GNSS", "name": "利根", "観測点名ローマ字": "TONE", "観測点コード": "93014", "緯度（度）": 35.8736, "経度（度）": 140.1455, "高さ（ｍ）": 9, "測器の深度（ｍ）": null, "維持管理機関名": "国土地理院", "維持管理機関名（英語）": "GSI", "観測開始年（西暦）": 1994, "同月": 4, "観測機器名または観測項目": "TOPCON NET-G5" }, "geometry": { "type": "Point", "coordinates": [ 140.1455, 35.8736 ] } },
{ "type": "Feature", "properties": { "観測の種類": "GNSS", "name": "大栄", "観測点名ローマ字": "TAIEI", "観測点コード": "93015", "緯度（度）": 35.8033, "経度（度）": 140.407, "高さ（ｍ）": 45, "測器の深度（ｍ）": null, "維持管理機関名": "国土地理院", "維持管理機関名（英語）": "GSI", "観測開始年（西暦）": 1994, "同月": 4, "観測機器名または観測項目": "TRIMBLE NetR9" }, "geometry": { "type": "Point", "coordinates": [ 140.407, 35.8033 ] } },
{ "type": "Feature", "properties": { "観測の種類": "GNSS", "name": "足立", "観測点名ローマ字": "ADACHI", "観測点コード": "93016", "緯度（度）": 35.7802, "経度（度）": 139.8128, "高さ（ｍ）": 7, "測器の深度（ｍ）": null, "維持管理機関名": "国土地理院", "維持管理機関名（英語）": "GSI", "観測開始年（西暦）": 1994, "同月": 4, "観測機器名または観測項目": "TRIMBLE Alloy" }, "geometry": { "type": "Point", "coordinates": [ 139.8128, 35.7802 ] } },
{ "type": "Feature", "properties": { "観測の種類": "GNSS", "name": "白井", "観測点名ローマ字": "SHIROI", "観測点コード": "93018", "緯度（度）": 35.7865, "経度（度）": 140.0248, "高さ（ｍ）": 33, "測器の深度（ｍ）": null, "維持管理機関名": "国土地理院", "維持管理機関名（英語）": "GSI", "観測開始年（西暦）": 1994, "同月": 4, "観測機器名または観測項目": "TRIMBLE Alloy" }, "geometry": { "type": "Point", "coordinates": [ 140.0248, 35.7865 ] } },
{ "type": "Feature", "properties": { "観測の種類": "GNSS", "name": "小金井", "観測点名ローマ字": "KOGANEI", "観測点コード": "93019", "緯度（度）": 35.7104, "経度（度）": 139.4883, "高さ（ｍ）": 85, "測器の深度（ｍ）": null, "維持管理機関名": "国土地理院", "維持管理機関名（英語）": "GSI", "観測開始年（西暦）": 1994, "同月": 4, "観測機器名または観測項目": "TOPCON NET-G5" }, "geometry": { "type": "Point", "coordinates": [ 139.4883, 35.7104 ] } },
{ "type": "Feature", "properties": { "観測の種類": "GNSS", "name": "富里", "観測点名ローマ字": "TOMISATO", "観測点コード": "93020", "緯度（度）": 35.7175, "経度（度）": 140.3152, "高さ（ｍ）": 41, "測器の深度（ｍ）": null, "維持管理機関名": "国土地理院", "維持管理機関名（英語）": "GSI", "観測開始年（西暦）": 1994, "同月": 4, "観測機器名または観測項目": "TOPCON NET-G5" }, "geometry": { "type": "Point", "coordinates": [ 140.3152, 35.7175 ] } },
{ "type": "Feature", "properties": { "観測の種類": "GNSS", "name": "干潟", "観測点名ローマ字": "HIKATA", "観測点コード": "93021", "緯度（度）": 35.7773, "経度（度）": 140.6468, "高さ（ｍ）": 57, "測器の深度（ｍ）": null, "維持管理機関名": "国土地理院", "維持管理機関名（英語）": "GSI", "観測開始年（西暦）": 1994, "同月": 4, "観測機器名または観測項目": "TRIMBLE NetR9" }, "geometry": { "type": "Point", "coordinates": [ 140.6468, 35.7773 ] } },
{ "type": "Feature", "properties": { "観測の種類": "GNSS", "name": "銚子", "観測点名ローマ字": "CHOUSHI", "観測点コード": "93022", "緯度（度）": 35.7264, "経度（度）": 140.8372, "高さ（ｍ）": 27, "測器の深度（ｍ）": null, "維持管理機関名": "国土地理院", "維持管理機関名（英語）": "GSI", "観測開始年（西暦）": 1994, "同月": 4, "観測機器名または観測項目": "TOPCON NET-G5" }, "geometry": { "type": "Point", "coordinates": [ 140.8372, 35.7264 ] } },
{ "type": "Feature", "properties": { "観測の種類": "GNSS", "name": "千葉市川", "観測点名ローマ字": "CHIBAICHIKAWA", "観測点コード": "93023", "緯度（度）": 35.6755, "経度（度）": 139.9024, "高さ（ｍ）": 7, "測器の深度（ｍ）": null, "維持管理機関名": "国土地理院", "維持管理機関名（英語）": "GSI", "観測開始年（西暦）": 1994, "同月": 4, "観測機器名または観測項目": "TRIMBLE Alloy" }, "geometry": { "type": "Point", "coordinates": [ 139.9024, 35.6755 ] } },
{ "type": "Feature", "properties": { "観測の種類": "GNSS", "name": "千葉松尾", "観測点名ローマ字": "CHIBAMATSUO", "観測点コード": "93024", "緯度（度）": 35.6424, "経度（度）": 140.4483, "高さ（ｍ）": 44, "測器の深度（ｍ）": null, "維持管理機関名": "国土地理院", "維持管理機関名（英語）": "GSI", "観測開始年（西暦）": 1994, "同月": 4, "観測機器名または観測項目": "TRIMBLE Alloy" }, "geometry": { "type": "Point", "coordinates": [ 140.4483, 35.6424 ] } },
{ "type": "Feature", "properties": { "観測の種類": "GNSS", "name": "千葉緑", "観測点名ローマ字": "CHIBAMIDORI", "観測点コード": "93025", "緯度（度）": 35.5441, "経度（度）": 140.1866, "高さ（ｍ）": 50, "測器の深度（ｍ）": null, "維持管理機関名": "国土地理院", "維持管理機関名（英語）": "GSI", "観測開始年（西暦）": 1994, "同月": 4, "観測機器名または観測項目": "TOPCON NET-G5" }, "geometry": { "type": "Point", "coordinates": [ 140.1866, 35.5441 ] } },
{ "type": "Feature", "properties": { "観測の種類": "GNSS", "name": "神奈川川崎", "観測点名ローマ字": "KANAGAWAKAWASAKI", "観測点コード": "93026", "緯度（度）": 35.5634, "経度（度）": 139.6734, "高さ（ｍ）": 11, "測器の深度（ｍ）": null, "維持管理機関名": "国土地理院", "維持管理機関名（英語）": "GSI", "観測開始年（西暦）": 1994, "同月": 4, "観測機器名または観測項目": "TOPCON NET-G5" }, "geometry": { "type": "Point", "coordinates": [ 139.6734, 35.5634 ] } },
{ "type": "Feature", "properties": { "観測の種類": "GNSS", "name": "大網白里", "観測点名ローマ字": "OOAMISHIRASATO", "観測点コード": "93027", "緯度（度）": 35.5301, "経度（度）": 140.3182, "高さ（ｍ）": 24, "測器の深度（ｍ）": null, "維持管理機関名": "国土地理院", "維持管理機関名（英語）": "GSI", "観測開始年（西暦）": 1994, "同月": 4, "観測機器名または観測項目": "TRIMBLE Alloy" }, "geometry": { "type": "Point", "coordinates": [ 140.3182, 35.5301 ] } },
{ "type": "Feature", "properties": { "観測の種類": "GNSS", "name": "町田", "観測点名ローマ字": "MACHIDA", "観測点コード": "93028", "緯度（度）": 35.5214, "経度（度）": 139.4678, "高さ（ｍ）": 87, "測器の深度（ｍ）": null, "維持管理機関名": "国土地理院", "維持管理機関名（英語）": "GSI", "観測開始年（西暦）": 1994, "同月": 4, "観測機器名または観測項目": "TRIMBLE Alloy" }, "geometry": { "type": "Point", "coordinates": [ 139.4678, 35.5214 ] } },
{ "type": "Feature", "properties": { "観測の種類": "GNSS", "name": "厚木", "観測点名ローマ字": "ATSUGI", "観測点コード": "93029", "緯度（度）": 35.4826, "経度（度）": 139.3226, "高さ（ｍ）": 68, "測器の深度（ｍ）": null, "維持管理機関名": "国土地理院", "維持管理機関名（英語）": "GSI", "観測開始年（西暦）": 1994, "同月": 4, "観測機器名または観測項目": "TRIMBLE Alloy" }, "geometry": { "type": "Point", "coordinates": [ 139.3226, 35.4826 ] } },
{ "type": "Feature", "properties": { "観測の種類": "GNSS", "name": "市原１", "観測点名ローマ字": "ICHIHARA1", "観測点コード": "93030", "緯度（度）": 35.4478, "経度（度）": 140.0513, "高さ（ｍ）": 45, "測器の深度（ｍ）": null, "維持管理機関名": "国土地理院", "維持管理機関名（英語）": "GSI", "観測開始年（西暦）": 1994, "同月": 4, "観測機器名または観測項目": "TRIMBLE Alloy" }, "geometry": { "type": "Point", "coordinates": [ 140.0513, 35.4478 ] } },
{ "type": "Feature", "properties": { "観測の種類": "GNSS", "name": "山北", "観測点名ローマ字": "YAMAKITA", "観測点コード": "93031", "緯度（度）": 35.4154, "経度（度）": 139.0452, "高さ（ｍ）": 331, "測器の深度（ｍ）": null, "維持管理機関名": "国土地理院", "維持管理機関名（英語）": "GSI", "観測開始年（西暦）": 1994, "同月": 4, "観測機器名または観測項目": "TRIMBLE Alloy" }, "geometry": { "type": "Point", "coordinates": [ 139.0452, 35.4154 ] } },
{ "type": "Feature", "properties": { "観測の種類": "GNSS", "name": "長生", "観測点名ローマ字": "CHOUSEI", "観測点コード": "93033", "緯度（度）": 35.4211, "経度（度）": 140.3374, "高さ（ｍ）": 12, "測器の深度（ｍ）": null, "維持管理機関名": "国土地理院", "維持管理機関名（英語）": "GSI", "観測開始年（西暦）": 1994, "同月": 4, "観測機器名または観測項目": "TRIMBLE Alloy" }, "geometry": { "type": "Point", "coordinates": [ 140.3374, 35.4211 ] } },
{ "type": "Feature", "properties": { "観測の種類": "GNSS", "name": "藤沢", "観測点名ローマ字": "FUJISAWA", "観測点コード": "93034", "緯度（度）": 35.3267, "経度（度）": 139.4661, "高さ（ｍ）": 9, "測器の深度（ｍ）": null, "維持管理機関名": "国土地理院", "維持管理機関名（英語）": "GSI", "観測開始年（西暦）": 1994, "同月": 4, "観測機器名または観測項目": "TRIMBLE Alloy" }, "geometry": { "type": "Point", "coordinates": [ 139.4661, 35.3267 ] } },
{ "type": "Feature", "properties": { "観測の種類": "GNSS", "name": "二宮", "観測点名ローマ字": "NINOMIYA", "観測点コード": "93035", "緯度（度）": 35.3049, "経度（度）": 139.2627, "高さ（ｍ）": 81, "測器の深度（ｍ）": null, "維持管理機関名": "国土地理院", "維持管理機関名（英語）": "GSI", "観測開始年（西暦）": 1994, "同月": 4, "観測機器名または観測項目": "TOPCON NET-G5" }, "geometry": { "type": "Point", "coordinates": [ 139.2627, 35.3049 ] } },
{ "type": "Feature", "properties": { "観測の種類": "GNSS", "name": "富津", "観測点名ローマ字": "FUTTSU", "観測点コード": "93036", "緯度（度）": 35.3117, "経度（度）": 139.8255, "高さ（ｍ）": 11, "測器の深度（ｍ）": null, "維持管理機関名": "国土地理院", "維持管理機関名（英語）": "GSI", "観測開始年（西暦）": 1994, "同月": 4, "観測機器名または観測項目": "TRIMBLE Alloy" }, "geometry": { "type": "Point", "coordinates": [ 139.8255, 35.3117 ] } },
{ "type": "Feature", "properties": { "観測の種類": "GNSS", "name": "市原２", "観測点名ローマ字": "ICHIHARA2", "観測点コード": "93037", "緯度（度）": 35.3331, "経度（度）": 140.1468, "高さ（ｍ）": 62, "測器の深度（ｍ）": null, "維持管理機関名": "国土地理院", "維持管理機関名（英語）": "GSI", "観測開始年（西暦）": 1994, "同月": 4, "観測機器名または観測項目": "TRIMBLE Alloy" }, "geometry": { "type": "Point", "coordinates": [ 140.1468, 35.3331 ] } },
{ "type": "Feature", "properties": { "観測の種類": "GNSS", "name": "御殿場", "観測点名ローマ字": "GOTENBA", "観測点コード": "93038", "緯度（度）": 35.3216, "経度（度）": 138.8817, "高さ（ｍ）": 649, "測器の深度（ｍ）": null, "維持管理機関名": "国土地理院", "維持管理機関名（英語）": "GSI", "観測開始年（西暦）": 1994, "同月": 4, "観測機器名または観測項目": "TOPCON NET-G5" }, "geometry": { "type": "Point", "coordinates": [ 138.8817, 35.3216 ] } },
{ "type": "Feature", "properties": { "観測の種類": "GNSS", "name": "鋸南", "観測点名ローマ字": "KYONAN", "観測点コード": "93039", "緯度（度）": 35.1437, "経度（度）": 139.8436, "高さ（ｍ）": 21, "測器の深度（ｍ）": null, "維持管理機関名": "国土地理院", "維持管理機関名（英語）": "GSI", "観測開始年（西暦）": 1994, "同月": 4, "観測機器名または観測項目": "TRIMBLE Alloy" }, "geometry": { "type": "Point", "coordinates": [ 139.8436, 35.1437 ] } },
{ "type": "Feature", "properties": { "観測の種類": "GNSS", "name": "勝浦", "観測点名ローマ字": "KATSUURA", "観測点コード": "93041", "緯度（度）": 35.1659, "経度（度）": 140.268, "高さ（ｍ）": 95, "測器の深度（ｍ）": null, "維持管理機関名": "国土地理院", "維持管理機関名（英語）": "GSI", "観測開始年（西暦）": 1994, "同月": 4, "観測機器名または観測項目": "TRIMBLE Alloy" }, "geometry": { "type": "Point", "coordinates": [ 140.268, 35.1659 ] } },
{ "type": "Feature", "properties": { "観測の種類": "GNSS", "name": "静岡清水町", "観測点名ローマ字": "SIZUOKASIMIZUCHO", "観測点コード": "93043", "緯度（度）": 35.11, "経度（度）": 138.9019, "高さ（ｍ）": 27, "測器の深度（ｍ）": null, "維持管理機関名": "国土地理院", "維持管理機関名（英語）": "GSI", "観測開始年（西暦）": 1994, "同月": 4, "観測機器名または観測項目": "TOPCON NET-G5" }, "geometry": { "type": "Point", "coordinates": [ 138.9019, 35.11 ] } },
{ "type": "Feature", "properties": { "観測の種類": "GNSS", "name": "鴨川", "観測点名ローマ字": "KAMOGAWA", "観測点コード": "93044", "緯度（度）": 35.1119, "経度（度）": 140.0793, "高さ（ｍ）": 14, "測器の深度（ｍ）": null, "維持管理機関名": "国土地理院", "維持管理機関名（英語）": "GSI", "観測開始年（西暦）": 1994, "同月": 4, "観測機器名または観測項目": "TRIMBLE Alloy" }, "geometry": { "type": "Point", "coordinates": [ 140.0793, 35.1119 ] } },
{ "type": "Feature", "properties": { "観測の種類": "GNSS", "name": "鹿野山", "観測点名ローマ字": "KANOUZAN", "観測点コード": "93045", "緯度（度）": 35.2548, "経度（度）": 139.9543, "高さ（ｍ）": 347, "測器の深度（ｍ）": null, "維持管理機関名": "国土地理院", "維持管理機関名（英語）": "GSI", "観測開始年（西暦）": 1994, "同月": 4, "観測機器名または観測項目": "TRIMBLE Alloy" }, "geometry": { "type": "Point", "coordinates": [ 139.9543, 35.2548 ] } },
{ "type": "Feature", "properties": { "観測の種類": "GNSS", "name": "大仁", "観測点名ローマ字": "OOHITO", "観測点コード": "93046", "緯度（度）": 35.0148, "経度（度）": 138.9979, "高さ（ｍ）": 292, "測器の深度（ｍ）": null, "維持管理機関名": "国土地理院", "維持管理機関名（英語）": "GSI", "観測開始年（西暦）": 1994, "同月": 4, "観測機器名または観測項目": "TOPCON NET-G5" }, "geometry": { "type": "Point", "coordinates": [ 138.9979, 35.0148 ] } },
{ "type": "Feature", "properties": { "観測の種類": "GNSS", "name": "館山", "観測点名ローマ字": "TATEYAMA", "観測点コード": "93047", "緯度（度）": 34.9541, "経度（度）": 139.8641, "高さ（ｍ）": 106, "測器の深度（ｍ）": null, "維持管理機関名": "国土地理院", "維持管理機関名（英語）": "GSI", "観測開始年（西暦）": 1994, "同月": 4, "観測機器名または観測項目": "TOPCON NET-G5" }, "geometry": { "type": "Point", "coordinates": [ 139.8641, 34.9541 ] } },
{ "type": "Feature", "properties": { "観測の種類": "GNSS", "name": "天城湯ヶ島１", "観測点名ローマ字": "AMAGIYUGASHIMA1", "観測点コード": "93049", "緯度（度）": 34.9161, "経度（度）": 138.9248, "高さ（ｍ）": 144, "測器の深度（ｍ）": null, "維持管理機関名": "国土地理院", "維持管理機関名（英語）": "GSI", "観測開始年（西暦）": 1994, "同月": 4, "観測機器名または観測項目": "TOPCON NET-G5" }, "geometry": { "type": "Point", "coordinates": [ 138.9248, 34.9161 ] } },
{ "type": "Feature", "properties": { "観測の種類": "GNSS", "name": "引佐", "観測点名ローマ字": "INASA", "観測点コード": "93050", "緯度（度）": 34.8353, "経度（度）": 137.6723, "高さ（ｍ）": 41, "測器の深度（ｍ）": null, "維持管理機関名": "国土地理院", "維持管理機関名（英語）": "GSI", "観測開始年（西暦）": 1994, "同月": 4, "観測機器名または観測項目": "TOPCON NET-G5" }, "geometry": { "type": "Point", "coordinates": [ 137.6723, 34.8353 ] } },
{ "type": "Feature", "properties": { "観測の種類": "GNSS", "name": "大島１", "観測点名ローマ字": "OOSHIMA1", "観測点コード": "93051", "緯度（度）": 34.7844, "経度（度）": 139.3814, "高さ（ｍ）": 97, "測器の深度（ｍ）": null, "維持管理機関名": "国土地理院", "維持管理機関名（英語）": "GSI", "観測開始年（西暦）": 1994, "同月": 4, "観測機器名または観測項目": "TRIMBLE Alloy" }, "geometry": { "type": "Point", "coordinates": [ 139.3814, 34.7844 ] } },
{ "type": "Feature", "properties": { "観測の種類": "GNSS", "name": "河津", "観測点名ローマ字": "KAWAZU", "観測点コード": "93053", "緯度（度）": 34.7514, "経度（度）": 138.9898, "高さ（ｍ）": 12, "測器の深度（ｍ）": null, "維持管理機関名": "国土地理院", "維持管理機関名（英語）": "GSI", "観測開始年（西暦）": 1994, "同月": 4, "観測機器名または観測項目": "TRIMBLE Alloy" }, "geometry": { "type": "Point", "coordinates": [ 138.9898, 34.7514 ] } },
{ "type": "Feature", "properties": { "観測の種類": "GNSS", "name": "大島２", "観測点名ローマ字": "OOSHIMA2", "観測点コード": "93055", "緯度（度）": 34.6868, "経度（度）": 139.4332, "高さ（ｍ）": 76, "測器の深度（ｍ）": null, "維持管理機関名": "国土地理院", "維持管理機関名（英語）": "GSI", "観測開始年（西暦）": 1994, "同月": 4, "観測機器名または観測項目": "TRIMBLE Alloy" }, "geometry": { "type": "Point", "coordinates": [ 139.4332, 34.6868 ] } },
{ "type": "Feature", "properties": { "観測の種類": "GNSS", "name": "新島", "観測点名ローマ字": "NIIJIMA", "観測点コード": "93057", "緯度（度）": 34.3718, "経度（度）": 139.2579, "高さ（ｍ）": 19, "測器の深度（ｍ）": null, "維持管理機関名": "国土地理院", "維持管理機関名（英語）": "GSI", "観測開始年（西暦）": 1994, "同月": 4, "観測機器名または観測項目": "TRIMBLE Alloy" }, "geometry": { "type": "Point", "coordinates": [ 139.2579, 34.3718 ] } },
{ "type": "Feature", "properties": { "観測の種類": "GNSS", "name": "三宅１", "観測点名ローマ字": "MIYAKE1", "観測点コード": "93059", "緯度（度）": 34.1211, "経度（度）": 139.5038, "高さ（ｍ）": 50, "測器の深度（ｍ）": null, "維持管理機関名": "国土地理院", "維持管理機関名（英語）": "GSI", "観測開始年（西暦）": 1994, "同月": 4, "観測機器名または観測項目": "TOPCON NET-G5" }, "geometry": { "type": "Point", "coordinates": [ 139.5038, 34.1211 ] } },
{ "type": "Feature", "properties": { "観測の種類": "GNSS", "name": "三宅２", "観測点名ローマ字": "MIYAKE2", "観測点コード": "93060", "緯度（度）": 34.0591, "経度（度）": 139.5472, "高さ（ｍ）": 43, "測器の深度（ｍ）": null, "維持管理機関名": "国土地理院", "維持管理機関名（英語）": "GSI", "観測開始年（西暦）": 1994, "同月": 4, "観測機器名または観測項目": "TOPCON NET-G5" }, "geometry": { "type": "Point", "coordinates": [ 139.5472, 34.0591 ] } },
{ "type": "Feature", "properties": { "観測の種類": "GNSS", "name": "伊東八幡野", "観測点名ローマ字": "ITOUYAHATANO", "観測点コード": "93062", "緯度（度）": 34.8785, "経度（度）": 139.1244, "高さ（ｍ）": 21, "測器の深度（ｍ）": null, "維持管理機関名": "国土地理院", "維持管理機関名（英語）": "GSI", "観測開始年（西暦）": 1994, "同月": 4, "観測機器名または観測項目": "TRIMBLE Alloy" }, "geometry": { "type": "Point", "coordinates": [ 139.1244, 34.8785 ] } },
{ "type": "Feature", "properties": { "観測の種類": "GNSS", "name": "秋川", "観測点名ローマ字": "AKIKAWA", "観測点コード": "93063", "緯度（度）": 35.7238, "経度（度）": 139.2681, "高さ（ｍ）": 161, "測器の深度（ｍ）": null, "維持管理機関名": "国土地理院", "維持管理機関名（英語）": "GSI", "観測開始年（西暦）": 1994, "同月": 4, "観測機器名または観測項目": "TRIMBLE Alloy" }, "geometry": { "type": "Point", "coordinates": [ 139.2681, 35.7238 ] } },
{ "type": "Feature", "properties": { "観測の種類": "GNSS", "name": "山梨大月", "観測点名ローマ字": "YAMANASHIOOTSUKI", "観測点コード": "93064", "緯度（度）": 35.6233, "経度（度）": 138.9759, "高さ（ｍ）": 432, "測器の深度（ｍ）": null, "維持管理機関名": "国土地理院", "維持管理機関名（英語）": "GSI", "観測開始年（西暦）": 1994, "同月": 4, "観測機器名または観測項目": "TRIMBLE Alloy" }, "geometry": { "type": "Point", "coordinates": [ 138.9759, 35.6233 ] } },
{ "type": "Feature", "properties": { "観測の種類": "GNSS", "name": "藤野", "観測点名ローマ字": "FUJINO", "観測点コード": "93065", "緯度（度）": 35.6103, "経度（度）": 139.1572, "高さ（ｍ）": 201, "測器の深度（ｍ）": null, "維持管理機関名": "国土地理院", "維持管理機関名（英語）": "GSI", "観測開始年（西暦）": 1994, "同月": 4, "観測機器名または観測項目": "TRIMBLE Alloy" }, "geometry": { "type": "Point", "coordinates": [ 139.1572, 35.6103 ] } },
{ "type": "Feature", "properties": { "観測の種類": "GNSS", "name": "秦野", "観測点名ローマ字": "HADANO", "観測点コード": "93066", "緯度（度）": 35.4285, "経度（度）": 139.2049, "高さ（ｍ）": 766, "測器の深度（ｍ）": null, "維持管理機関名": "国土地理院", "維持管理機関名（英語）": "GSI", "観測開始年（西暦）": 1994, "同月": 4, "観測機器名または観測項目": "TOPCON NET-G5" }, "geometry": { "type": "Point", "coordinates": [ 139.2049, 35.4285 ] } },
{ "type": "Feature", "properties": { "観測の種類": "GNSS", "name": "横須賀", "観測点名ローマ字": "YOKOSUKA", "観測点コード": "93067", "緯度（度）": 35.2671, "経度（度）": 139.6648, "高さ（ｍ）": 27, "測器の深度（ｍ）": null, "維持管理機関名": "国土地理院", "維持管理機関名（英語）": "GSI", "観測開始年（西暦）": 1994, "同月": 4, "観測機器名または観測項目": "TOPCON NET-G5" }, "geometry": { "type": "Point", "coordinates": [ 139.6648, 35.2671 ] } },
{ "type": "Feature", "properties": { "観測の種類": "GNSS", "name": "箱根", "観測点名ローマ字": "HAKONE", "観測点コード": "93068", "緯度（度）": 35.2455, "経度（度）": 139.0493, "高さ（ｍ）": 559, "測器の深度（ｍ）": null, "維持管理機関名": "国土地理院", "維持管理機関名（英語）": "GSI", "観測開始年（西暦）": 1994, "同月": 4, "観測機器名または観測項目": "TRIMBLE Alloy" }, "geometry": { "type": "Point", "coordinates": [ 139.0493, 35.2455 ] } },
{ "type": "Feature", "properties": { "観測の種類": "GNSS", "name": "中富", "観測点名ローマ字": "NAKATOMI", "観測点コード": "93069", "緯度（度）": 35.4436, "経度（度）": 138.4452, "高さ（ｍ）": 263, "測器の深度（ｍ）": null, "維持管理機関名": "国土地理院", "維持管理機関名（英語）": "GSI", "観測開始年（西暦）": 1994, "同月": 4, "観測機器名または観測項目": "TRIMBLE Alloy" }, "geometry": { "type": "Point", "coordinates": [ 138.4452, 35.4436 ] } },
{ "type": "Feature", "properties": { "観測の種類": "GNSS", "name": "富士吉田", "観測点名ローマ字": "FUJIYOSHIDA", "観測点コード": "93070", "緯度（度）": 35.4966, "経度（度）": 138.814, "高さ（ｍ）": 745, "測器の深度（ｍ）": null, "維持管理機関名": "国土地理院", "維持管理機関名（英語）": "GSI", "観測開始年（西暦）": 1994, "同月": 4, "観測機器名または観測項目": "TRIMBLE Alloy" }, "geometry": { "type": "Point", "coordinates": [ 138.814, 35.4966 ] } },
{ "type": "Feature", "properties": { "観測の種類": "GNSS", "name": "富士宮１", "観測点名ローマ字": "FUJINOMIYA1", "観測点コード": "93071", "緯度（度）": 35.3621, "経度（度）": 138.5634, "高さ（ｍ）": 687, "測器の深度（ｍ）": null, "維持管理機関名": "国土地理院", "維持管理機関名（英語）": "GSI", "観測開始年（西暦）": 1994, "同月": 4, "観測機器名または観測項目": "TRIMBLE Alloy" }, "geometry": { "type": "Point", "coordinates": [ 138.5634, 35.3621 ] } },
{ "type": "Feature", "properties": { "観測の種類": "GNSS", "name": "裾野１", "観測点名ローマ字": "SUSONO1", "観測点コード": "93072", "緯度（度）": 35.3055, "経度（度）": 138.7707, "高さ（ｍ）": 1454, "測器の深度（ｍ）": null, "維持管理機関名": "国土地理院", "維持管理機関名（英語）": "GSI", "観測開始年（西暦）": 1994, "同月": 4, "観測機器名または観測項目": "TOPCON NET-G5" }, "geometry": { "type": "Point", "coordinates": [ 138.7707, 35.3055 ] } },
{ "type": "Feature", "properties": { "観測の種類": "GNSS", "name": "南部", "観測点名ローマ字": "NANBU", "観測点コード": "93073", "緯度（度）": 35.2895, "経度（度）": 138.4457, "高さ（ｍ）": 148, "測器の深度（ｍ）": null, "維持管理機関名": "国土地理院", "維持管理機関名（英語）": "GSI", "観測開始年（西暦）": 1994, "同月": 4, "観測機器名または観測項目": "TRIMBLE Alloy" }, "geometry": { "type": "Point", "coordinates": [ 138.4457, 35.2895 ] } },
{ "type": "Feature", "properties": { "観測の種類": "GNSS", "name": "静岡１", "観測点名ローマ字": "SHIZUOKA1", "観測点コード": "93074", "緯度（度）": 35.201, "経度（度）": 138.2535, "高さ（ｍ）": 1084, "測器の深度（ｍ）": null, "維持管理機関名": "国土地理院", "維持管理機関名（英語）": "GSI", "観測開始年（西暦）": 1994, "同月": 4, "観測機器名または観測項目": "TOPCON NET-G5" }, "geometry": { "type": "Point", "coordinates": [ 138.2535, 35.201 ] } },
{ "type": "Feature", "properties": { "観測の種類": "GNSS", "name": "富士宮２", "観測点名ローマ字": "FUJINOMIYA2", "観測点コード": "93075", "緯度（度）": 35.2032, "経度（度）": 138.617, "高さ（ｍ）": 171, "測器の深度（ｍ）": null, "維持管理機関名": "国土地理院", "維持管理機関名（英語）": "GSI", "観測開始年（西暦）": 1994, "同月": 4, "観測機器名または観測項目": "TRIMBLE Alloy" }, "geometry": { "type": "Point", "coordinates": [ 138.617, 35.2032 ] } },
{ "type": "Feature", "properties": { "観測の種類": "GNSS", "name": "富士", "観測点名ローマ字": "FUJI", "観測点コード": "93076", "緯度（度）": 35.1736, "経度（度）": 138.7215, "高さ（ｍ）": 93, "測器の深度（ｍ）": null, "維持管理機関名": "国土地理院", "維持管理機関名（英語）": "GSI", "観測開始年（西暦）": 1994, "同月": 4, "観測機器名または観測項目": "TOPCON NET-G5" }, "geometry": { "type": "Point", "coordinates": [ 138.7215, 35.1736 ] } },
{ "type": "Feature", "properties": { "観測の種類": "GNSS", "name": "静岡清水市１", "観測点名ローマ字": "SIZUOKASIMIZUSI1", "観測点コード": "93077", "緯度（度）": 35.0674, "経度（度）": 138.5247, "高さ（ｍ）": 16, "測器の深度（ｍ）": null, "維持管理機関名": "国土地理院", "維持管理機関名（英語）": "GSI", "観測開始年（西暦）": 1994, "同月": 4, "観測機器名または観測項目": "TRIMBLE Alloy" }, "geometry": { "type": "Point", "coordinates": [ 138.5247, 35.0674 ] } },
{ "type": "Feature", "properties": { "観測の種類": "GNSS", "name": "静岡２", "観測点名ローマ字": "SHIZUOKA2", "観測点コード": "93078", "緯度（度）": 35.1035, "経度（度）": 138.3687, "高さ（ｍ）": 225, "測器の深度（ｍ）": null, "維持管理機関名": "国土地理院", "維持管理機関名（英語）": "GSI", "観測開始年（西暦）": 1994, "同月": 4, "観測機器名または観測項目": "TRIMBLE Alloy" }, "geometry": { "type": "Point", "coordinates": [ 138.3687, 35.1035 ] } },
{ "type": "Feature", "properties": { "観測の種類": "GNSS", "name": "本川根", "観測点名ローマ字": "HONKAWANE", "観測点コード": "93079", "緯度（度）": 35.1039, "経度（度）": 138.1349, "高さ（ｍ）": 307, "測器の深度（ｍ）": null, "維持管理機関名": "国土地理院", "維持管理機関名（英語）": "GSI", "観測開始年（西暦）": 1994, "同月": 4, "観測機器名または観測項目": "TOPCON NET-G5" }, "geometry": { "type": "Point", "coordinates": [ 138.1349, 35.1039 ] } },
{ "type": "Feature", "properties": { "観測の種類": "GNSS", "name": "静岡３", "観測点名ローマ字": "SHIZUOKA3", "観測点コード": "93081", "緯度（度）": 34.9905, "経度（度）": 138.3783, "高さ（ｍ）": 24, "測器の深度（ｍ）": null, "維持管理機関名": "国土地理院", "維持管理機関名（英語）": "GSI", "観測開始年（西暦）": 1994, "同月": 4, "観測機器名または観測項目": "TRIMBLE Alloy" }, "geometry": { "type": "Point", "coordinates": [ 138.3783, 34.9905 ] } },
{ "type": "Feature", "properties": { "観測の種類": "GNSS", "name": "東栄", "観測点名ローマ字": "TOUEI", "観測点コード": "93084", "緯度（度）": 35.0793, "経度（度）": 137.6952, "高さ（ｍ）": 304, "測器の深度（ｍ）": null, "維持管理機関名": "国土地理院", "維持管理機関名（英語）": "GSI", "観測開始年（西暦）": 1994, "同月": 4, "観測機器名または観測項目": "TOPCON NET-G5" }, "geometry": { "type": "Point", "coordinates": [ 137.6952, 35.0793 ] } },
{ "type": "Feature", "properties": { "観測の種類": "GNSS", "name": "西伊豆", "観測点名ローマ字": "NISHIIZU", "観測点コード": "93085", "緯度（度）": 34.7761, "経度（度）": 138.7861, "高さ（ｍ）": 14, "測器の深度（ｍ）": null, "維持管理機関名": "国土地理院", "維持管理機関名（英語）": "GSI", "観測開始年（西暦）": 1994, "同月": 4, "観測機器名または観測項目": "TRIMBLE Alloy" }, "geometry": { "type": "Point", "coordinates": [ 138.7861, 34.7761 ] } },
{ "type": "Feature", "properties": { "観測の種類": "GNSS", "name": "南伊豆２", "観測点名ローマ字": "MINAMIIZU2", "観測点コード": "93086", "緯度（度）": 34.61, "経度（度）": 138.8384, "高さ（ｍ）": 81, "測器の深度（ｍ）": null, "維持管理機関名": "国土地理院", "維持管理機関名（英語）": "GSI", "観測開始年（西暦）": 1994, "同月": 4, "観測機器名または観測項目": "TOPCON NET-G5" }, "geometry": { "type": "Point", "coordinates": [ 138.8384, 34.61 ] } },
{ "type": "Feature", "properties": { "観測の種類": "GNSS", "name": "静岡森", "観測点名ローマ字": "SHIZUOKAMORI", "観測点コード": "93089", "緯度（度）": 34.8439, "経度（度）": 137.9321, "高さ（ｍ）": 62, "測器の深度（ｍ）": null, "維持管理機関名": "国土地理院", "維持管理機関名（英語）": "GSI", "観測開始年（西暦）": 1994, "同月": 4, "観測機器名または観測項目": "TOPCON NET-G5" }, "geometry": { "type": "Point", "coordinates": [ 137.9321, 34.8439 ] } },
{ "type": "Feature", "properties": { "観測の種類": "GNSS", "name": "天竜", "観測点名ローマ字": "TENRYUU", "観測点コード": "93090", "緯度（度）": 34.9413, "経度（度）": 137.8179, "高さ（ｍ）": 72, "測器の深度（ｍ）": null, "維持管理機関名": "国土地理院", "維持管理機関名（英語）": "GSI", "観測開始年（西暦）": 1994, "同月": 4, "観測機器名または観測項目": "TRIMBLE Alloy" }, "geometry": { "type": "Point", "coordinates": [ 137.8179, 34.9413 ] } },
{ "type": "Feature", "properties": { "観測の種類": "GNSS", "name": "静岡相良１", "観測点名ローマ字": "SHIZUOKASAGARA1", "観測点コード": "93091", "緯度（度）": 34.7578, "経度（度）": 138.1369, "高さ（ｍ）": 171, "測器の深度（ｍ）": null, "維持管理機関名": "国土地理院", "維持管理機関名（英語）": "GSI", "観測開始年（西暦）": 1994, "同月": 4, "観測機器名または観測項目": "TOPCON NET-G5" }, "geometry": { "type": "Point", "coordinates": [ 138.1369, 34.7578 ] } },
{ "type": "Feature", "properties": { "観測の種類": "GNSS", "name": "榛原", "観測点名ローマ字": "HAIBARA", "観測点コード": "93092", "緯度（度）": 34.7383, "経度（度）": 138.2256, "高さ（ｍ）": 8, "測器の深度（ｍ）": null, "維持管理機関名": "国土地理院", "維持管理機関名（英語）": "GSI", "観測開始年（西暦）": 1994, "同月": 4, "観測機器名または観測項目": "TRIMBLE Alloy" }, "geometry": { "type": "Point", "coordinates": [ 138.2256, 34.7383 ] } },
{ "type": "Feature", "properties": { "観測の種類": "GNSS", "name": "大東１", "観測点名ローマ字": "DAITOU1", "観測点コード": "93093", "緯度（度）": 34.7153, "経度（度）": 138.0535, "高さ（ｍ）": 18, "測器の深度（ｍ）": null, "維持管理機関名": "国土地理院", "維持管理機関名（英語）": "GSI", "観測開始年（西暦）": 1994, "同月": 4, "観測機器名または観測項目": "TOPCON NET-G5" }, "geometry": { "type": "Point", "coordinates": [ 138.0535, 34.7153 ] } },
{ "type": "Feature", "properties": { "観測の種類": "GNSS", "name": "浜岡１", "観測点名ローマ字": "HAMAOKA1", "観測点コード": "93094", "緯度（度）": 34.6429, "経度（度）": 138.1293, "高さ（ｍ）": 22, "測器の深度（ｍ）": null, "維持管理機関名": "国土地理院", "維持管理機関名（英語）": "GSI", "観測開始年（西暦）": 1994, "同月": 4, "観測機器名または観測項目": "TOPCON NET-G5" }, "geometry": { "type": "Point", "coordinates": [ 138.1293, 34.6429 ] } },
{ "type": "Feature", "properties": { "観測の種類": "GNSS", "name": "浅羽", "観測点名ローマ字": "ASABA", "観測点コード": "93095", "緯度（度）": 34.6704, "経度（度）": 137.9374, "高さ（ｍ）": 10, "測器の深度（ｍ）": null, "維持管理機関名": "国土地理院", "維持管理機関名（英語）": "GSI", "観測開始年（西暦）": 1994, "同月": 4, "観測機器名または観測項目": "TRIMBLE NetR9" }, "geometry": { "type": "Point", "coordinates": [ 137.9374, 34.6704 ] } },
{ "type": "Feature", "properties": { "観測の種類": "GNSS", "name": "袋井", "観測点名ローマ字": "FUKUROI", "観測点コード": "93096", "緯度（度）": 34.7554, "経度（度）": 137.9113, "高さ（ｍ）": 16, "測器の深度（ｍ）": null, "維持管理機関名": "国土地理院", "維持管理機関名（英語）": "GSI", "観測開始年（西暦）": 1994, "同月": 4, "観測機器名または観測項目": "TRIMBLE Alloy" }, "geometry": { "type": "Point", "coordinates": [ 137.9113, 34.7554 ] } },
{ "type": "Feature", "properties": { "観測の種類": "GNSS", "name": "浜北", "観測点名ローマ字": "HAMAKITA", "観測点コード": "93097", "緯度（度）": 34.7928, "経度（度）": 137.7918, "高さ（ｍ）": 24, "測器の深度（ｍ）": null, "維持管理機関名": "国土地理院", "維持管理機関名（英語）": "GSI", "観測開始年（西暦）": 1994, "同月": 4, "観測機器名または観測項目": "TOPCON NET-G5" }, "geometry": { "type": "Point", "coordinates": [ 137.7918, 34.7928 ] } },
{ "type": "Feature", "properties": { "観測の種類": "GNSS", "name": "竜洋", "観測点名ローマ字": "RYUUYOU", "観測点コード": "93098", "緯度（度）": 34.6719, "経度（度）": 137.8234, "高さ（ｍ）": 9, "測器の深度（ｍ）": null, "維持管理機関名": "国土地理院", "維持管理機関名（英語）": "GSI", "観測開始年（西暦）": 1994, "同月": 4, "観測機器名または観測項目": "TOPCON NET-G5" }, "geometry": { "type": "Point", "coordinates": [ 137.8234, 34.6719 ] } },
{ "type": "Feature", "properties": { "観測の種類": "GNSS", "name": "鳳来", "観測点名ローマ字": "HOURAI", "観測点コード": "93099", "緯度（度）": 34.9377, "経度（度）": 137.5755, "高さ（ｍ）": 91, "測器の深度（ｍ）": null, "維持管理機関名": "国土地理院", "維持管理機関名（英語）": "GSI", "観測開始年（西暦）": 1994, "同月": 4, "観測機器名または観測項目": "TOPCON NET-G5" }, "geometry": { "type": "Point", "coordinates": [ 137.5755, 34.9377 ] } },
{ "type": "Feature", "properties": { "観測の種類": "GNSS", "name": "愛知一宮町", "観測点名ローマ字": "AICHIICHINOMIYA", "観測点コード": "93102", "緯度（度）": 34.8648, "経度（度）": 137.434, "高さ（ｍ）": 40, "測器の深度（ｍ）": null, "維持管理機関名": "国土地理院", "維持管理機関名（英語）": "GSI", "観測開始年（西暦）": 1994, "同月": 4, "観測機器名または観測項目": "TOPCON NET-G5" }, "geometry": { "type": "Point", "coordinates": [ 137.434, 34.8648 ] } },
{ "type": "Feature", "properties": { "観測の種類": "GNSS", "name": "三ヶ日", "観測点名ローマ字": "MIKKABI", "観測点コード": "93103", "緯度（度）": 34.8087, "経度（度）": 137.5543, "高さ（ｍ）": 28, "測器の深度（ｍ）": null, "維持管理機関名": "国土地理院", "維持管理機関名（英語）": "GSI", "観測開始年（西暦）": 1994, "同月": 4, "観測機器名または観測項目": "TRIMBLE NetR9" }, "geometry": { "type": "Point", "coordinates": [ 137.5543, 34.8087 ] } },
{ "type": "Feature", "properties": { "観測の種類": "GNSS", "name": "湖西", "観測点名ローマ字": "KOSAI", "観測点コード": "93104", "緯度（度）": 34.7181, "経度（度）": 137.5149, "高さ（ｍ）": 21, "測器の深度（ｍ）": null, "維持管理機関名": "国土地理院", "維持管理機関名（英語）": "GSI", "観測開始年（西暦）": 1994, "同月": 4, "観測機器名または観測項目": "TRIMBLE Alloy" }, "geometry": { "type": "Point", "coordinates": [ 137.5149, 34.7181 ] } },
{ "type": "Feature", "properties": { "観測の種類": "GNSS", "name": "稚内", "観測点名ローマ字": "WAKKANAI", "観測点コード": "940001", "緯度（度）": 45.403, "経度（度）": 141.7504, "高さ（ｍ）": 48, "測器の深度（ｍ）": null, "維持管理機関名": "国土地理院", "維持管理機関名（英語）": "GSI", "観測開始年（西暦）": 1995, "同月": 4, "観測機器名または観測項目": "TRIMBLE Alloy" }, "geometry": { "type": "Point", "coordinates": [ 141.7504, 45.403 ] } },
{ "type": "Feature", "properties": { "観測の種類": "GNSS", "name": "興部", "観測点名ローマ字": "OKOPPE", "観測点コード": "940002", "緯度（度）": 44.4337, "経度（度）": 143.2242, "高さ（ｍ）": 25, "測器の深度（ｍ）": null, "維持管理機関名": "国土地理院", "維持管理機関名（英語）": "GSI", "観測開始年（西暦）": 1995, "同月": 4, "観測機器名または観測項目": "TRIMBLE Alloy" }, "geometry": { "type": "Point", "coordinates": [ 143.2242, 44.4337 ] } },
{ "type": "Feature", "properties": { "観測の種類": "GNSS", "name": "羽幌", "観測点名ローマ字": "HABORO", "観測点コード": "940003", "緯度（度）": 44.398, "経度（度）": 141.7563, "高さ（ｍ）": 25, "測器の深度（ｍ）": null, "維持管理機関名": "国土地理院", "維持管理機関名（英語）": "GSI", "観測開始年（西暦）": 1995, "同月": 4, "観測機器名または観測項目": "TOPCON NET-G5" }, "geometry": { "type": "Point", "coordinates": [ 141.7563, 44.398 ] } },
{ "type": "Feature", "properties": { "観測の種類": "GNSS", "name": "斜里", "観測点名ローマ字": "SHARI", "観測点コード": "940004", "緯度（度）": 43.9157, "経度（度）": 144.6758, "高さ（ｍ）": 9, "測器の深度（ｍ）": null, "維持管理機関名": "国土地理院", "維持管理機関名（英語）": "GSI", "観測開始年（西暦）": 1995, "同月": 4, "観測機器名または観測項目": "TOPCON NET-G5" }, "geometry": { "type": "Point", "coordinates": [ 144.6758, 43.9157 ] } },
{ "type": "Feature", "properties": { "観測の種類": "GNSS", "name": "弟子屈", "観測点名ローマ字": "TESHIKAGA", "観測点コード": "940005", "緯度（度）": 43.5079, "経度（度）": 144.449, "高さ（ｍ）": 146, "測器の深度（ｍ）": null, "維持管理機関名": "国土地理院", "維持管理機関名（英語）": "GSI", "観測開始年（西暦）": 1995, "同月": 4, "観測機器名または観測項目": "TRIMBLE Alloy" }, "geometry": { "type": "Point", "coordinates": [ 144.449, 43.5079 ] } },
{ "type": "Feature", "properties": { "観測の種類": "GNSS", "name": "美瑛", "観測点名ローマ字": "BIEI", "観測点コード": "940007", "緯度（度）": 43.5897, "経度（度）": 142.4825, "高さ（ｍ）": 251, "測器の深度（ｍ）": null, "維持管理機関名": "国土地理院", "維持管理機関名（英語）": "GSI", "観測開始年（西暦）": 1995, "同月": 4, "観測機器名または観測項目": "TRIMBLE Alloy" }, "geometry": { "type": "Point", "coordinates": [ 142.4825, 43.5897 ] } },
{ "type": "Feature", "properties": { "観測の種類": "GNSS", "name": "増毛", "観測点名ローマ字": "MASHIKE", "観測点コード": "940008", "緯度（度）": 43.854, "経度（度）": 141.5104, "高さ（ｍ）": 20, "測器の深度（ｍ）": null, "維持管理機関名": "国土地理院", "維持管理機関名（英語）": "GSI", "観測開始年（西暦）": 1995, "同月": 4, "観測機器名または観測項目": "TOPCON NET-G5" }, "geometry": { "type": "Point", "coordinates": [ 141.5104, 43.854 ] } },
{ "type": "Feature", "properties": { "観測の種類": "GNSS", "name": "浜中", "観測点名ローマ字": "HAMANAKA", "観測点コード": "940009", "緯度（度）": 43.0701, "経度（度）": 145.1296, "高さ（ｍ）": 49, "測器の深度（ｍ）": null, "維持管理機関名": "国土地理院", "維持管理機関名（英語）": "GSI", "観測開始年（西暦）": 1995, "同月": 4, "観測機器名または観測項目": "TRIMBLE Alloy" }, "geometry": { "type": "Point", "coordinates": [ 145.1296, 43.0701 ] } },
{ "type": "Feature", "properties": { "観測の種類": "GNSS", "name": "釧路市", "観測点名ローマ字": "KUSHIROSHI", "観測点コード": "940010", "緯度（度）": 42.9633, "経度（度）": 144.4319, "高さ（ｍ）": 40, "測器の深度（ｍ）": null, "維持管理機関名": "国土地理院", "維持管理機関名（英語）": "GSI", "観測開始年（西暦）": 1995, "同月": 4, "観測機器名または観測項目": "TRIMBLE Alloy" }, "geometry": { "type": "Point", "coordinates": [ 144.4319, 42.9633 ] } },
{ "type": "Feature", "properties": { "観測の種類": "GNSS", "name": "池田", "観測点名ローマ字": "IKEDA", "観測点コード": "940011", "緯度（度）": 43.0286, "経度（度）": 143.4592, "高さ（ｍ）": 31, "測器の深度（ｍ）": null, "維持管理機関名": "国土地理院", "維持管理機関名（英語）": "GSI", "観測開始年（西暦）": 1995, "同月": 4, "観測機器名または観測項目": "TOPCON NET-G5" }, "geometry": { "type": "Point", "coordinates": [ 143.4592, 43.0286 ] } },
{ "type": "Feature", "properties": { "観測の種類": "GNSS", "name": "占冠", "観測点名ローマ字": "SHIMUKAPPU", "観測点コード": "940012", "緯度（度）": 42.9805, "経度（度）": 142.402, "高さ（ｍ）": 359, "測器の深度（ｍ）": null, "維持管理機関名": "国土地理院", "維持管理機関名（英語）": "GSI", "観測開始年（西暦）": 1995, "同月": 4, "観測機器名または観測項目": "TRIMBLE Alloy" }, "geometry": { "type": "Point", "coordinates": [ 142.402, 42.9805 ] } },
{ "type": "Feature", "properties": { "観測の種類": "GNSS", "name": "小樽１", "観測点名ローマ字": "OTARU1", "観測点コード": "940013", "緯度（度）": 43.1779, "経度（度）": 141.0309, "高さ（ｍ）": 80, "測器の深度（ｍ）": null, "維持管理機関名": "国土地理院", "維持管理機関名（英語）": "GSI", "観測開始年（西暦）": 1995, "同月": 4, "観測機器名または観測項目": "TOPCON NET-G5" }, "geometry": { "type": "Point", "coordinates": [ 141.0309, 43.1779 ] } },
{ "type": "Feature", "properties": { "観測の種類": "GNSS", "name": "長沼", "観測点名ローマ字": "NAGANUMA", "観測点コード": "940014", "緯度（度）": 42.9833, "経度（度）": 141.7307, "高さ（ｍ）": 55, "測器の深度（ｍ）": null, "維持管理機関名": "国土地理院", "維持管理機関名（英語）": "GSI", "観測開始年（西暦）": 1995, "同月": 4, "観測機器名または観測項目": "TRIMBLE Alloy" }, "geometry": { "type": "Point", "coordinates": [ 141.7307, 42.9833 ] } },
{ "type": "Feature", "properties": { "観測の種類": "GNSS", "name": "広尾", "観測点名ローマ字": "HIROO", "観測点コード": "940015", "緯度（度）": 42.3216, "経度（度）": 143.331, "高さ（ｍ）": 27, "測器の深度（ｍ）": null, "維持管理機関名": "国土地理院", "維持管理機関名（英語）": "GSI", "観測開始年（西暦）": 1995, "同月": 4, "観測機器名または観測項目": "TOPCON NET-G5" }, "geometry": { "type": "Point", "coordinates": [ 143.331, 42.3216 ] } },
{ "type": "Feature", "properties": { "観測の種類": "GNSS", "name": "静内", "観測点名ローマ字": "SHIZUNAI", "観測点コード": "940016", "緯度（度）": 42.3569, "経度（度）": 142.3646, "高さ（ｍ）": 44, "測器の深度（ｍ）": null, "維持管理機関名": "国土地理院", "維持管理機関名（英語）": "GSI", "観測開始年（西暦）": 1995, "同月": 4, "観測機器名または観測項目": "TOPCON NET-G5" }, "geometry": { "type": "Point", "coordinates": [ 142.3646, 42.3569 ] } },
{ "type": "Feature", "properties": { "観測の種類": "GNSS", "name": "瀬棚", "観測点名ローマ字": "SETANA", "観測点コード": "940017", "緯度（度）": 42.4507, "経度（度）": 139.8577, "高さ（ｍ）": 41, "測器の深度（ｍ）": null, "維持管理機関名": "国土地理院", "維持管理機関名（英語）": "GSI", "観測開始年（西暦）": 1995, "同月": 4, "観測機器名または観測項目": "TRIMBLE Alloy" }, "geometry": { "type": "Point", "coordinates": [ 139.8577, 42.4507 ] } },
{ "type": "Feature", "properties": { "観測の種類": "GNSS", "name": "室蘭", "観測点名ローマ字": "MURORAN", "観測点コード": "940018", "緯度（度）": 42.3742, "経度（度）": 140.9424, "高さ（ｍ）": 110, "測器の深度（ｍ）": null, "維持管理機関名": "国土地理院", "維持管理機関名（英語）": "GSI", "観測開始年（西暦）": 1995, "同月": 4, "観測機器名または観測項目": "TRIMBLE Alloy" }, "geometry": { "type": "Point", "coordinates": [ 140.9424, 42.3742 ] } },
{ "type": "Feature", "properties": { "観測の種類": "GNSS", "name": "えりも１", "観測点名ローマ字": "ERIMO1", "観測点コード": "940019", "緯度（度）": 42.0059, "経度（度）": 143.1565, "高さ（ｍ）": 24, "測器の深度（ｍ）": null, "維持管理機関名": "国土地理院", "維持管理機関名（英語）": "GSI", "観測開始年（西暦）": 1995, "同月": 4, "観測機器名または観測項目": "TRIMBLE Alloy" }, "geometry": { "type": "Point", "coordinates": [ 143.1565, 42.0059 ] } },
{ "type": "Feature", "properties": { "観測の種類": "GNSS", "name": "奥尻１", "観測点名ローマ字": "OKUSHIRI", "観測点コード": "940020", "緯度（度）": 42.1535, "経度（度）": 139.5196, "高さ（ｍ）": 35, "測器の深度（ｍ）": null, "維持管理機関名": "国土地理院", "維持管理機関名（英語）": "GSI", "観測開始年（西暦）": 1995, "同月": 4, "観測機器名または観測項目": "TOPCON NET-G5" }, "geometry": { "type": "Point", "coordinates": [ 139.5196, 42.1535 ] } },
{ "type": "Feature", "properties": { "観測の種類": "GNSS", "name": "函館", "観測点名ローマ字": "HAKODATE", "観測点コード": "940022", "緯度（度）": 41.8261, "経度（度）": 140.7478, "高さ（ｍ）": 48, "測器の深度（ｍ）": null, "維持管理機関名": "国土地理院", "維持管理機関名（英語）": "GSI", "観測開始年（西暦）": 1995, "同月": 4, "観測機器名または観測項目": "TOPCON NET-G5" }, "geometry": { "type": "Point", "coordinates": [ 140.7478, 41.8261 ] } },
{ "type": "Feature", "properties": { "観測の種類": "GNSS", "name": "松前", "観測点名ローマ字": "MATSUMAE", "観測点コード": "940023", "緯度（度）": 41.4664, "経度（度）": 140.0407, "高さ（ｍ）": 92, "測器の深度（ｍ）": null, "維持管理機関名": "国土地理院", "維持管理機関名（英語）": "GSI", "観測開始年（西暦）": 1995, "同月": 4, "観測機器名または観測項目": "TRIMBLE Alloy" }, "geometry": { "type": "Point", "coordinates": [ 140.0407, 41.4664 ] } },
{ "type": "Feature", "properties": { "観測の種類": "GNSS", "name": "むつ", "観測点名ローマ字": "MUTSU", "観測点コード": "940024", "緯度（度）": 41.3008, "経度（度）": 141.2133, "高さ（ｍ）": 24, "測器の深度（ｍ）": null, "維持管理機関名": "国土地理院", "維持管理機関名（英語）": "GSI", "観測開始年（西暦）": 1995, "同月": 4, "観測機器名または観測項目": "TRIMBLE Alloy" }, "geometry": { "type": "Point", "coordinates": [ 141.2133, 41.3008 ] } },
{ "type": "Feature", "properties": { "観測の種類": "GNSS", "name": "鰺ヶ沢", "観測点名ローマ字": "AJIGASAWA", "観測点コード": "940026", "緯度（度）": 40.779, "経度（度）": 140.273, "高さ（ｍ）": 25, "測器の深度（ｍ）": null, "維持管理機関名": "国土地理院", "維持管理機関名（英語）": "GSI", "観測開始年（西暦）": 1995, "同月": 4, "観測機器名または観測項目": "TOPCON NET-G5" }, "geometry": { "type": "Point", "coordinates": [ 140.273, 40.779 ] } },
{ "type": "Feature", "properties": { "観測の種類": "GNSS", "name": "久慈", "観測点名ローマ字": "KUJI", "観測点コード": "940027", "緯度（度）": 40.1334, "経度（度）": 141.7891, "高さ（ｍ）": 53, "測器の深度（ｍ）": null, "維持管理機関名": "国土地理院", "維持管理機関名（英語）": "GSI", "観測開始年（西暦）": 1995, "同月": 4, "観測機器名または観測項目": "TOPCON NET-G5" }, "geometry": { "type": "Point", "coordinates": [ 141.7891, 40.1334 ] } },
{ "type": "Feature", "properties": { "観測の種類": "GNSS", "name": "宮古", "観測点名ローマ字": "MIYAKO", "観測点コード": "940028", "緯度（度）": 39.5724, "経度（度）": 141.94, "高さ（ｍ）": 10, "測器の深度（ｍ）": null, "維持管理機関名": "国土地理院", "維持管理機関名（英語）": "GSI", "観測開始年（西暦）": 1995, "同月": 4, "観測機器名または観測項目": "TOPCON NET-G5" }, "geometry": { "type": "Point", "coordinates": [ 141.94, 39.5724 ] } },
{ "type": "Feature", "properties": { "観測の種類": "GNSS", "name": "水沢１", "観測点名ローマ字": "MIZUSAWA1", "観測点コード": "940029", "緯度（度）": 39.1106, "経度（度）": 141.204, "高さ（ｍ）": 131, "測器の深度（ｍ）": null, "維持管理機関名": "国土地理院", "維持管理機関名（英語）": "GSI", "観測開始年（西暦）": 1995, "同月": 4, "観測機器名または観測項目": "TOPCON NET-G5" }, "geometry": { "type": "Point", "coordinates": [ 141.204, 39.1106 ] } },
{ "type": "Feature", "properties": { "観測の種類": "GNSS", "name": "男鹿１", "観測点名ローマ字": "OGA1", "観測点コード": "940030", "緯度（度）": 39.9679, "経度（度）": 139.7762, "高さ（ｍ）": 32, "測器の深度（ｍ）": null, "維持管理機関名": "国土地理院", "維持管理機関名（英語）": "GSI", "観測開始年（西暦）": 1995, "同月": 4, "観測機器名または観測項目": "TRIMBLE Alloy" }, "geometry": { "type": "Point", "coordinates": [ 139.7762, 39.9679 ] } },
{ "type": "Feature", "properties": { "観測の種類": "GNSS", "name": "本荘", "観測点名ローマ字": "HONJOU", "観測点コード": "940031", "緯度（度）": 39.3987, "経度（度）": 140.0483, "高さ（ｍ）": 29, "測器の深度（ｍ）": null, "維持管理機関名": "国土地理院", "維持管理機関名（英語）": "GSI", "観測開始年（西暦）": 1995, "同月": 4, "観測機器名または観測項目": "TOPCON NET-G5" }, "geometry": { "type": "Point", "coordinates": [ 140.0483, 39.3987 ] } },
{ "type": "Feature", "properties": { "観測の種類": "GNSS", "name": "酒田", "観測点名ローマ字": "SAKATA", "観測点コード": "940032", "緯度（度）": 38.8946, "経度（度）": 139.8089, "高さ（ｍ）": 13, "測器の深度（ｍ）": null, "維持管理機関名": "国土地理院", "維持管理機関名（英語）": "GSI", "観測開始年（西暦）": 1995, "同月": 4, "観測機器名または観測項目": "TOPCON NET-G5" }, "geometry": { "type": "Point", "coordinates": [ 139.8089, 38.8946 ] } },
{ "type": "Feature", "properties": { "観測の種類": "GNSS", "name": "山形新庄", "観測点名ローマ字": "YAMAGATASHINJOU", "観測点コード": "940033", "緯度（度）": 38.7586, "経度（度）": 140.3188, "高さ（ｍ）": 141, "測器の深度（ｍ）": null, "維持管理機関名": "国土地理院", "維持管理機関名（英語）": "GSI", "観測開始年（西暦）": 1995, "同月": 4, "観測機器名または観測項目": "TRIMBLE Alloy" }, "geometry": { "type": "Point", "coordinates": [ 140.3188, 38.7586 ] } },
{ "type": "Feature", "properties": { "観測の種類": "GNSS", "name": "天童", "観測点名ローマ字": "TENDOU", "観測点コード": "940035", "緯度（度）": 38.331, "経度（度）": 140.3661, "高さ（ｍ）": 124, "測器の深度（ｍ）": null, "維持管理機関名": "国土地理院", "維持管理機関名（英語）": "GSI", "観測開始年（西暦）": 1995, "同月": 4, "観測機器名または観測項目": "TOPCON NET-G5" }, "geometry": { "type": "Point", "coordinates": [ 140.3661, 38.331 ] } },
{ "type": "Feature", "properties": { "観測の種類": "GNSS", "name": "女川", "観測点名ローマ字": "ONAGAWA", "観測点コード": "940036", "緯度（度）": 38.4492, "経度（度）": 141.4412, "高さ（ｍ）": 37, "測器の深度（ｍ）": null, "維持管理機関名": "国土地理院", "維持管理機関名（英語）": "GSI", "観測開始年（西暦）": 1995, "同月": 4, "観測機器名または観測項目": "TRIMBLE Alloy" }, "geometry": { "type": "Point", "coordinates": [ 141.4412, 38.4492 ] } },
{ "type": "Feature", "properties": { "観測の種類": "GNSS", "name": "利府", "観測点名ローマ字": "RIFU", "観測点コード": "940037", "緯度（度）": 38.3175, "経度（度）": 140.9542, "高さ（ｍ）": 32, "測器の深度（ｍ）": null, "維持管理機関名": "国土地理院", "維持管理機関名（英語）": "GSI", "観測開始年（西暦）": 1995, "同月": 4, "観測機器名または観測項目": "TOPCON NET-G5" }, "geometry": { "type": "Point", "coordinates": [ 140.9542, 38.3175 ] } },
{ "type": "Feature", "properties": { "観測の種類": "GNSS", "name": "相馬１", "観測点名ローマ字": "SOUMA1", "観測点コード": "940038", "緯度（度）": 37.8007, "経度（度）": 140.9081, "高さ（ｍ）": 30, "測器の深度（ｍ）": null, "維持管理機関名": "国土地理院", "維持管理機関名（英語）": "GSI", "観測開始年（西暦）": 1995, "同月": 4, "観測機器名または観測項目": "TOPCON NET-G5" }, "geometry": { "type": "Point", "coordinates": [ 140.9081, 37.8007 ] } },
{ "type": "Feature", "properties": { "観測の種類": "GNSS", "name": "山都", "観測点名ローマ字": "YAMATO", "観測点コード": "940040", "緯度（度）": 37.6437, "経度（度）": 139.7915, "高さ（ｍ）": 198, "測器の深度（ｍ）": null, "維持管理機関名": "国土地理院", "維持管理機関名（英語）": "GSI", "観測開始年（西暦）": 1995, "同月": 4, "観測機器名または観測項目": "TOPCON NET-G5" }, "geometry": { "type": "Point", "coordinates": [ 139.7915, 37.6437 ] } },
{ "type": "Feature", "properties": { "観測の種類": "GNSS", "name": "いわき", "観測点名ローマ字": "IWAKI", "観測点コード": "940041", "緯度（度）": 37.0907, "経度（度）": 140.9025, "高さ（ｍ）": 168, "測器の深度（ｍ）": null, "維持管理機関名": "国土地理院", "維持管理機関名（英語）": "GSI", "観測開始年（西暦）": 1995, "同月": 4, "観測機器名または観測項目": "TOPCON NET-G5" }, "geometry": { "type": "Point", "coordinates": [ 140.9025, 37.0907 ] } },
{ "type": "Feature", "properties": { "観測の種類": "GNSS", "name": "日立", "観測点名ローマ字": "HITACHI", "観測点コード": "940042", "緯度（度）": 36.5399, "経度（度）": 140.6119, "高さ（ｍ）": 112, "測器の深度（ｍ）": null, "維持管理機関名": "国土地理院", "維持管理機関名（英語）": "GSI", "観測開始年（西暦）": 1995, "同月": 4, "観測機器名または観測項目": "TOPCON NET-G5" }, "geometry": { "type": "Point", "coordinates": [ 140.6119, 36.5399 ] } },
{ "type": "Feature", "properties": { "観測の種類": "GNSS", "name": "栃木", "観測点名ローマ字": "TOCHIGI", "観測点コード": "940043", "緯度（度）": 36.4018, "経度（度）": 139.7264, "高さ（ｍ）": 59, "測器の深度（ｍ）": null, "維持管理機関名": "国土地理院", "維持管理機関名（英語）": "GSI", "観測開始年（西暦）": 1995, "同月": 4, "観測機器名または観測項目": "TRIMBLE NetR9" }, "geometry": { "type": "Point", "coordinates": [ 139.7264, 36.4018 ] } },
{ "type": "Feature", "properties": { "観測の種類": "GNSS", "name": "新治", "観測点名ローマ字": "NIIHARU", "観測点コード": "940044", "緯度（度）": 36.697, "経度（度）": 138.9063, "高さ（ｍ）": 552, "測器の深度（ｍ）": null, "維持管理機関名": "国土地理院", "維持管理機関名（英語）": "GSI", "観測開始年（西暦）": 1995, "同月": 4, "観測機器名または観測項目": "TOPCON NET-G5" }, "geometry": { "type": "Point", "coordinates": [ 138.9063, 36.697 ] } },
{ "type": "Feature", "properties": { "観測の種類": "GNSS", "name": "富岡", "観測点名ローマ字": "TOMIOKA", "観測点コード": "940045", "緯度（度）": 36.259, "経度（度）": 138.8654, "高さ（ｍ）": 180, "測器の深度（ｍ）": null, "維持管理機関名": "国土地理院", "維持管理機関名（英語）": "GSI", "観測開始年（西暦）": 1995, "同月": 4, "観測機器名または観測項目": "TOPCON NET-G5" }, "geometry": { "type": "Point", "coordinates": [ 138.8654, 36.259 ] } },
{ "type": "Feature", "properties": { "観測の種類": "GNSS", "name": "大町", "観測点名ローマ字": "OOMACHI", "観測点コード": "940046", "緯度（度）": 36.4998, "経度（度）": 137.8511, "高さ（ｍ）": 729, "測器の深度（ｍ）": null, "維持管理機関名": "国土地理院", "維持管理機関名（英語）": "GSI", "観測開始年（西暦）": 1995, "同月": 4, "観測機器名または観測項目": "TOPCON NET-G5" }, "geometry": { "type": "Point", "coordinates": [ 137.8511, 36.4998 ] } },
{ "type": "Feature", "properties": { "観測の種類": "GNSS", "name": "箕輪", "観測点名ローマ字": "MINOWA", "観測点コード": "940047", "緯度（度）": 35.9236, "経度（度）": 137.9438, "高さ（ｍ）": 861, "測器の深度（ｍ）": null, "維持管理機関名": "国土地理院", "維持管理機関名（英語）": "GSI", "観測開始年（西暦）": 1995, "同月": 4, "観測機器名または観測項目": "TRIMBLE NetR9" }, "geometry": { "type": "Point", "coordinates": [ 137.9438, 35.9236 ] } },
{ "type": "Feature", "properties": { "観測の種類": "GNSS", "name": "中道", "観測点名ローマ字": "NAKAMICHI", "観測点コード": "940048", "緯度（度）": 35.5903, "経度（度）": 138.5833, "高さ（ｍ）": 345, "測器の深度（ｍ）": null, "維持管理機関名": "国土地理院", "維持管理機関名（英語）": "GSI", "観測開始年（西暦）": 1995, "同月": 4, "観測機器名または観測項目": "TRIMBLE NetR9" }, "geometry": { "type": "Point", "coordinates": [ 138.5833, 35.5903 ] } },
{ "type": "Feature", "properties": { "観測の種類": "GNSS", "name": "村上", "観測点名ローマ字": "MURAKAMI", "観測点コード": "940049", "緯度（度）": 38.2307, "経度（度）": 139.5096, "高さ（ｍ）": 34, "測器の深度（ｍ）": null, "維持管理機関名": "国土地理院", "維持管理機関名（英語）": "GSI", "観測開始年（西暦）": 1995, "同月": 4, "観測機器名または観測項目": "TOPCON NET-G5" }, "geometry": { "type": "Point", "coordinates": [ 139.5096, 38.2307 ] } },
{ "type": "Feature", "properties": { "観測の種類": "GNSS", "name": "新潟", "観測点名ローマ字": "NIIGATA", "観測点コード": "940050", "緯度（度）": 37.8965, "経度（度）": 138.9889, "高さ（ｍ）": 13, "測器の深度（ｍ）": null, "維持管理機関名": "国土地理院", "維持管理機関名（英語）": "GSI", "観測開始年（西暦）": 1995, "同月": 4, "観測機器名または観測項目": "TOPCON NET-G5" }, "geometry": { "type": "Point", "coordinates": [ 138.9889, 37.8965 ] } },
{ "type": "Feature", "properties": { "観測の種類": "GNSS", "name": "柏崎１", "観測点名ローマ字": "KASHIWAZAKI1", "観測点コード": "940051", "緯度（度）": 37.3977, "経度（度）": 138.5744, "高さ（ｍ）": 11, "測器の深度（ｍ）": null, "維持管理機関名": "国土地理院", "維持管理機関名（英語）": "GSI", "観測開始年（西暦）": 1995, "同月": 4, "観測機器名または観測項目": "TRIMBLE Alloy" }, "geometry": { "type": "Point", "coordinates": [ 138.5744, 37.3977 ] } },
{ "type": "Feature", "properties": { "観測の種類": "GNSS", "name": "入善", "観測点名ローマ字": "NYUUZEN", "観測点コード": "940052", "緯度（度）": 36.929, "経度（度）": 137.4872, "高さ（ｍ）": 28, "測器の深度（ｍ）": null, "維持管理機関名": "国土地理院", "維持管理機関名（英語）": "GSI", "観測開始年（西暦）": 1995, "同月": 4, "観測機器名または観測項目": "TOPCON NET-G5" }, "geometry": { "type": "Point", "coordinates": [ 137.4872, 36.929 ] } },
{ "type": "Feature", "properties": { "観測の種類": "GNSS", "name": "輪島", "観測点名ローマ字": "WAJIMA", "観測点コード": "940053", "緯度（度）": 37.3824, "経度（度）": 136.8892, "高さ（ｍ）": 14, "測器の深度（ｍ）": null, "維持管理機関名": "国土地理院", "維持管理機関名（英語）": "GSI", "観測開始年（西暦）": 1995, "同月": 4, "観測機器名または観測項目": "TOPCON NET-G5" }, "geometry": { "type": "Point", "coordinates": [ 136.8892, 37.3824 ] } },
{ "type": "Feature", "properties": { "観測の種類": "GNSS", "name": "内灘", "観測点名ローマ字": "UCHINADA", "観測点コード": "940054", "緯度（度）": 36.6634, "経度（度）": 136.6499, "高さ（ｍ）": 52, "測器の深度（ｍ）": null, "維持管理機関名": "国土地理院", "維持管理機関名（英語）": "GSI", "観測開始年（西暦）": 1995, "同月": 4, "観測機器名または観測項目": "TOPCON NET-G5" }, "geometry": { "type": "Point", "coordinates": [ 136.6499, 36.6634 ] } },
{ "type": "Feature", "properties": { "観測の種類": "GNSS", "name": "三国", "観測点名ローマ字": "MIKUNI", "観測点コード": "940055", "緯度（度）": 36.2312, "経度（度）": 136.173, "高さ（ｍ）": 27, "測器の深度（ｍ）": null, "維持管理機関名": "国土地理院", "維持管理機関名（英語）": "GSI", "観測開始年（西暦）": 1995, "同月": 4, "観測機器名または観測項目": "TOPCON NET-G5" }, "geometry": { "type": "Point", "coordinates": [ 136.173, 36.2312 ] } },
{ "type": "Feature", "properties": { "観測の種類": "GNSS", "name": "敦賀", "観測点名ローマ字": "TSURUGA", "観測点コード": "940056", "緯度（度）": 35.6026, "経度（度）": 136.1058, "高さ（ｍ）": 84, "測器の深度（ｍ）": null, "維持管理機関名": "国土地理院", "維持管理機関名（英語）": "GSI", "観測開始年（西暦）": 1995, "同月": 4, "観測機器名または観測項目": "TOPCON NET-G5" }, "geometry": { "type": "Point", "coordinates": [ 136.1058, 35.6026 ] } },
{ "type": "Feature", "properties": { "観測の種類": "GNSS", "name": "宮津", "観測点名ローマ字": "MIYAZU", "観測点コード": "940057", "緯度（度）": 35.5499, "経度（度）": 135.2334, "高さ（ｍ）": 8, "測器の深度（ｍ）": null, "維持管理機関名": "国土地理院", "維持管理機関名（英語）": "GSI", "観測開始年（西暦）": 1995, "同月": 4, "観測機器名または観測項目": "TRIMBLE NetR9" }, "geometry": { "type": "Point", "coordinates": [ 135.2334, 35.5499 ] } },
{ "type": "Feature", "properties": { "観測の種類": "GNSS", "name": "高山", "観測点名ローマ字": "TAKAYAMA", "観測点コード": "940058", "緯度（度）": 36.136, "経度（度）": 137.3479, "高さ（ｍ）": 771, "測器の深度（ｍ）": null, "維持管理機関名": "国土地理院", "維持管理機関名（英語）": "GSI", "観測開始年（西暦）": 1995, "同月": 4, "観測機器名または観測項目": "TOPCON NET-G5" }, "geometry": { "type": "Point", "coordinates": [ 137.3479, 36.136 ] } },
{ "type": "Feature", "properties": { "観測の種類": "GNSS", "name": "下呂", "観測点名ローマ字": "GERO", "観測点コード": "940059", "緯度（度）": 35.8005, "経度（度）": 137.2484, "高さ（ｍ）": 365, "測器の深度（ｍ）": null, "維持管理機関名": "国土地理院", "維持管理機関名（英語）": "GSI", "観測開始年（西暦）": 1995, "同月": 4, "観測機器名または観測項目": "TRIMBLE Alloy" }, "geometry": { "type": "Point", "coordinates": [ 137.2484, 35.8005 ] } },
{ "type": "Feature", "properties": { "観測の種類": "GNSS", "name": "美濃", "観測点名ローマ字": "MINO", "観測点コード": "940060", "緯度（度）": 35.5261, "経度（度）": 136.9, "高さ（ｍ）": 62, "測器の深度（ｍ）": null, "維持管理機関名": "国土地理院", "維持管理機関名（英語）": "GSI", "観測開始年（西暦）": 1995, "同月": 4, "観測機器名または観測項目": "TRIMBLE Alloy" }, "geometry": { "type": "Point", "coordinates": [ 136.9, 35.5261 ] } },
{ "type": "Feature", "properties": { "観測の種類": "GNSS", "name": "中津川", "観測点名ローマ字": "NAKATSUGAWA", "観測点コード": "940061", "緯度（度）": 35.3968, "経度（度）": 137.4676, "高さ（ｍ）": 492, "測器の深度（ｍ）": null, "維持管理機関名": "国土地理院", "維持管理機関名（英語）": "GSI", "観測開始年（西暦）": 1995, "同月": 4, "観測機器名または観測項目": "TOPCON NET-G5" }, "geometry": { "type": "Point", "coordinates": [ 137.4676, 35.3968 ] } },
{ "type": "Feature", "properties": { "観測の種類": "GNSS", "name": "八日市", "観測点名ローマ字": "YOUKAICHI", "観測点コード": "940062", "緯度（度）": 35.0947, "経度（度）": 136.1582, "高さ（ｍ）": 118, "測器の深度（ｍ）": null, "維持管理機関名": "国土地理院", "維持管理機関名（英語）": "GSI", "観測開始年（西暦）": 1995, "同月": 4, "観測機器名または観測項目": "TOPCON NET-G5" }, "geometry": { "type": "Point", "coordinates": [ 136.1582, 35.0947 ] } },
{ "type": "Feature", "properties": { "観測の種類": "GNSS", "name": "日進", "観測点名ローマ字": "NISSHIN", "観測点コード": "940063", "緯度（度）": 35.1281, "経度（度）": 137.0413, "高さ（ｍ）": 62, "測器の深度（ｍ）": null, "維持管理機関名": "国土地理院", "維持管理機関名（英語）": "GSI", "観測開始年（西暦）": 1995, "同月": 4, "観測機器名または観測項目": "TOPCON NET-G5" }, "geometry": { "type": "Point", "coordinates": [ 137.0413, 35.1281 ] } },
{ "type": "Feature", "properties": { "観測の種類": "GNSS", "name": "津", "観測点名ローマ字": "TSU", "観測点コード": "940064", "緯度（度）": 34.759, "経度（度）": 136.5023, "高さ（ｍ）": 9, "測器の深度（ｍ）": null, "維持管理機関名": "国土地理院", "維持管理機関名（英語）": "GSI", "観測開始年（西暦）": 1995, "同月": 4, "観測機器名または観測項目": "TRIMBLE NetR9" }, "geometry": { "type": "Point", "coordinates": [ 136.5023, 34.759 ] } },
{ "type": "Feature", "properties": { "観測の種類": "GNSS", "name": "鳥羽", "観測点名ローマ字": "TOBA", "観測点コード": "940065", "緯度（度）": 34.4654, "経度（度）": 136.8511, "高さ（ｍ）": 42, "測器の深度（ｍ）": null, "維持管理機関名": "国土地理院", "維持管理機関名（英語）": "GSI", "観測開始年（西暦）": 1995, "同月": 4, "観測機器名または観測項目": "TRIMBLE NetR9" }, "geometry": { "type": "Point", "coordinates": [ 136.8511, 34.4654 ] } },
{ "type": "Feature", "properties": { "観測の種類": "GNSS", "name": "尾鷲", "観測点名ローマ字": "OWASE", "観測点コード": "940066", "緯度（度）": 34.0607, "経度（度）": 136.1984, "高さ（ｍ）": 20, "測器の深度（ｍ）": null, "維持管理機関名": "国土地理院", "維持管理機関名（英語）": "GSI", "観測開始年（西暦）": 1995, "同月": 4, "観測機器名または観測項目": "TOPCON NET-G5" }, "geometry": { "type": "Point", "coordinates": [ 136.1984, 34.0607 ] } },
{ "type": "Feature", "properties": { "観測の種類": "GNSS", "name": "箕面", "観測点名ローマ字": "MINOO", "観測点コード": "940067", "緯度（度）": 34.838, "経度（度）": 135.501, "高さ（ｍ）": 99, "測器の深度（ｍ）": null, "維持管理機関名": "国土地理院", "維持管理機関名（英語）": "GSI", "観測開始年（西暦）": 1995, "同月": 4, "観測機器名または観測項目": "TOPCON NET-G5" }, "geometry": { "type": "Point", "coordinates": [ 135.501, 34.838 ] } },
{ "type": "Feature", "properties": { "観測の種類": "GNSS", "name": "奈良吉野", "観測点名ローマ字": "NARAYOSHINO", "観測点コード": "940068", "緯度（度）": 34.3923, "経度（度）": 135.8514, "高さ（ｍ）": 161, "測器の深度（ｍ）": null, "維持管理機関名": "国土地理院", "維持管理機関名（英語）": "GSI", "観測開始年（西暦）": 1995, "同月": 4, "観測機器名または観測項目": "TRIMBLE Alloy" }, "geometry": { "type": "Point", "coordinates": [ 135.8514, 34.3923 ] } },
{ "type": "Feature", "properties": { "観測の種類": "GNSS", "name": "和歌山海南", "観測点名ローマ字": "WAKAYAMAKAINAN", "観測点コード": "940069", "緯度（度）": 34.1577, "経度（度）": 135.2215, "高さ（ｍ）": 11, "測器の深度（ｍ）": null, "維持管理機関名": "国土地理院", "維持管理機関名（英語）": "GSI", "観測開始年（西暦）": 1995, "同月": 4, "観測機器名または観測項目": "TRIMBLE Alloy" }, "geometry": { "type": "Point", "coordinates": [ 135.2215, 34.1577 ] } },
{ "type": "Feature", "properties": { "観測の種類": "GNSS", "name": "串本", "観測点名ローマ字": "KUSHIMOTO", "観測点コード": "940070", "緯度（度）": 33.4834, "経度（度）": 135.7644, "高さ（ｍ）": 13, "測器の深度（ｍ）": null, "維持管理機関名": "国土地理院", "維持管理機関名（英語）": "GSI", "観測開始年（西暦）": 1995, "同月": 4, "観測機器名または観測項目": "TRIMBLE Alloy" }, "geometry": { "type": "Point", "coordinates": [ 135.7644, 33.4834 ] } },
{ "type": "Feature", "properties": { "観測の種類": "GNSS", "name": "兵庫御津", "観測点名ローマ字": "HYOUGOMITSU", "観測点コード": "940071", "緯度（度）": 34.7848, "経度（度）": 134.5504, "高さ（ｍ）": 6, "測器の深度（ｍ）": null, "維持管理機関名": "国土地理院", "維持管理機関名（英語）": "GSI", "観測開始年（西暦）": 1995, "同月": 4, "観測機器名または観測項目": "TRIMBLE Alloy" }, "geometry": { "type": "Point", "coordinates": [ 134.5504, 34.7848 ] } },
{ "type": "Feature", "properties": { "観測の種類": "GNSS", "name": "松江", "観測点名ローマ字": "MATSUE", "観測点コード": "940074", "緯度（度）": 35.4339, "経度（度）": 133.0587, "高さ（ｍ）": 35, "測器の深度（ｍ）": null, "維持管理機関名": "国土地理院", "維持管理機関名（英語）": "GSI", "観測開始年（西暦）": 1995, "同月": 4, "観測機器名または観測項目": "TOPCON NET-G5" }, "geometry": { "type": "Point", "coordinates": [ 133.0587, 35.4339 ] } },
{ "type": "Feature", "properties": { "観測の種類": "GNSS", "name": "江津", "観測点名ローマ字": "GOUTSU", "観測点コード": "940075", "緯度（度）": 35.0028, "経度（度）": 132.209, "高さ（ｍ）": 31, "測器の深度（ｍ）": null, "維持管理機関名": "国土地理院", "維持管理機関名（英語）": "GSI", "観測開始年（西暦）": 1995, "同月": 4, "観測機器名または観測項目": "TRIMBLE Alloy" }, "geometry": { "type": "Point", "coordinates": [ 132.209, 35.0028 ] } },
{ "type": "Feature", "properties": { "観測の種類": "GNSS", "name": "須佐", "観測点名ローマ字": "SUSA", "観測点コード": "940076", "緯度（度）": 34.6165, "経度（度）": 131.6104, "高さ（ｍ）": 39, "測器の深度（ｍ）": null, "維持管理機関名": "国土地理院", "維持管理機関名（英語）": "GSI", "観測開始年（西暦）": 1995, "同月": 4, "観測機器名または観測項目": "TOPCON NET-G5" }, "geometry": { "type": "Point", "coordinates": [ 131.6104, 34.6165 ] } },
{ "type": "Feature", "properties": { "観測の種類": "GNSS", "name": "笠岡", "観測点名ローマ字": "KASAOKA", "観測点コード": "940077", "緯度（度）": 34.5488, "経度（度）": 133.528, "高さ（ｍ）": 58, "測器の深度（ｍ）": null, "維持管理機関名": "国土地理院", "維持管理機関名（英語）": "GSI", "観測開始年（西暦）": 1995, "同月": 4, "観測機器名または観測項目": "TOPCON NET-G5" }, "geometry": { "type": "Point", "coordinates": [ 133.528, 34.5488 ] } },
{ "type": "Feature", "properties": { "観測の種類": "GNSS", "name": "広島熊野", "観測点名ローマ字": "HIROSHIMAKUMANO", "観測点コード": "940078", "緯度（度）": 34.3404, "経度（度）": 132.5754, "高さ（ｍ）": 260, "測器の深度（ｍ）": null, "維持管理機関名": "国土地理院", "維持管理機関名（英語）": "GSI", "観測開始年（西暦）": 1995, "同月": 4, "観測機器名または観測項目": "TRIMBLE Alloy" }, "geometry": { "type": "Point", "coordinates": [ 132.5754, 34.3404 ] } },
{ "type": "Feature", "properties": { "観測の種類": "GNSS", "name": "下関", "観測点名ローマ字": "SHIMONOSEKI", "観測点コード": "940079", "緯度（度）": 33.9966, "経度（度）": 130.9136, "高さ（ｍ）": 43, "測器の深度（ｍ）": null, "維持管理機関名": "国土地理院", "維持管理機関名（英語）": "GSI", "観測開始年（西暦）": 1995, "同月": 4, "観測機器名または観測項目": "TOPCON NET-G5" }, "geometry": { "type": "Point", "coordinates": [ 130.9136, 33.9966 ] } },
{ "type": "Feature", "properties": { "観測の種類": "GNSS", "name": "室戸", "観測点名ローマ字": "MUROTO", "観測点コード": "940082", "緯度（度）": 33.3159, "経度（度）": 134.1221, "高さ（ｍ）": 279, "測器の深度（ｍ）": null, "維持管理機関名": "国土地理院", "維持管理機関名（英語）": "GSI", "観測開始年（西暦）": 1995, "同月": 4, "観測機器名または観測項目": "TOPCON NET-G5" }, "geometry": { "type": "Point", "coordinates": [ 134.1221, 33.3159 ] } },
{ "type": "Feature", "properties": { "観測の種類": "GNSS", "name": "高知", "観測点名ローマ字": "KOUCHI", "観測点コード": "940083", "緯度（度）": 33.5291, "経度（度）": 133.5783, "高さ（ｍ）": 34, "測器の深度（ｍ）": null, "維持管理機関名": "国土地理院", "維持管理機関名（英語）": "GSI", "観測開始年（西暦）": 1995, "同月": 4, "観測機器名または観測項目": "TOPCON NET-G5" }, "geometry": { "type": "Point", "coordinates": [ 133.5783, 33.5291 ] } },
{ "type": "Feature", "properties": { "観測の種類": "GNSS", "name": "土佐清水", "観測点名ローマ字": "TOSASHIMIZU", "観測点コード": "940085", "緯度（度）": 32.7557, "経度（度）": 132.9664, "高さ（ｍ）": 40, "測器の深度（ｍ）": null, "維持管理機関名": "国土地理院", "維持管理機関名（英語）": "GSI", "観測開始年（西暦）": 1995, "同月": 4, "観測機器名または観測項目": "TOPCON NET-G5" }, "geometry": { "type": "Point", "coordinates": [ 132.9664, 32.7557 ] } },
{ "type": "Feature", "properties": { "観測の種類": "GNSS", "name": "伊方", "観測点名ローマ字": "IKATA", "観測点コード": "940086", "緯度（度）": 33.469, "経度（度）": 132.2812, "高さ（ｍ）": 160, "測器の深度（ｍ）": null, "維持管理機関名": "国土地理院", "維持管理機関名（英語）": "GSI", "観測開始年（西暦）": 1995, "同月": 4, "観測機器名または観測項目": "TOPCON NET-G5" }, "geometry": { "type": "Point", "coordinates": [ 132.2812, 33.469 ] } },
{ "type": "Feature", "properties": { "観測の種類": "GNSS", "name": "古賀", "観測点名ローマ字": "KOGA", "観測点コード": "940087", "緯度（度）": 33.7307, "経度（度）": 130.4768, "高さ（ｍ）": 17, "測器の深度（ｍ）": null, "維持管理機関名": "国土地理院", "維持管理機関名（英語）": "GSI", "観測開始年（西暦）": 1995, "同月": 4, "観測機器名または観測項目": "TOPCON NET-G5" }, "geometry": { "type": "Point", "coordinates": [ 130.4768, 33.7307 ] } },
{ "type": "Feature", "properties": { "観測の種類": "GNSS", "name": "安岐", "観測点名ローマ字": "AKI", "観測点コード": "940088", "緯度（度）": 33.4615, "経度（度）": 131.6914, "高さ（ｍ）": 20, "測器の深度（ｍ）": null, "維持管理機関名": "国土地理院", "維持管理機関名（英語）": "GSI", "観測開始年（西暦）": 1995, "同月": 4, "観測機器名または観測項目": "TRIMBLE Alloy" }, "geometry": { "type": "Point", "coordinates": [ 131.6914, 33.4615 ] } },
{ "type": "Feature", "properties": { "観測の種類": "GNSS", "name": "日田", "観測点名ローマ字": "HITA", "観測点コード": "940089", "緯度（度）": 33.3311, "経度（度）": 130.9678, "高さ（ｍ）": 117, "測器の深度（ｍ）": null, "維持管理機関名": "国土地理院", "維持管理機関名（英語）": "GSI", "観測開始年（西暦）": 1995, "同月": 4, "観測機器名または観測項目": "TOPCON NET-G5" }, "geometry": { "type": "Point", "coordinates": [ 130.9678, 33.3311 ] } },
{ "type": "Feature", "properties": { "観測の種類": "GNSS", "name": "大分佐伯", "観測点名ローマ字": "OOITASAIKI", "観測点コード": "940090", "緯度（度）": 32.9246, "経度（度）": 131.8764, "高さ（ｍ）": 9, "測器の深度（ｍ）": null, "維持管理機関名": "国土地理院", "維持管理機関名（英語）": "GSI", "観測開始年（西暦）": 1995, "同月": 4, "観測機器名または観測項目": "TOPCON NET-G5" }, "geometry": { "type": "Point", "coordinates": [ 131.8764, 32.9246 ] } },
{ "type": "Feature", "properties": { "観測の種類": "GNSS", "name": "玄海", "観測点名ローマ字": "GENKAI", "観測点コード": "940091", "緯度（度）": 33.4761, "経度（度）": 129.8503, "高さ（ｍ）": 7, "測器の深度（ｍ）": null, "維持管理機関名": "国土地理院", "維持管理機関名（英語）": "GSI", "観測開始年（西暦）": 1995, "同月": 4, "観測機器名または観測項目": "TRIMBLE NetR9" }, "geometry": { "type": "Point", "coordinates": [ 129.8503, 33.4761 ] } },
{ "type": "Feature", "properties": { "観測の種類": "GNSS", "name": "千丁", "観測点名ローマ字": "SENCHOU", "観測点コード": "940093", "緯度（度）": 32.5464, "経度（度）": 130.6456, "高さ（ｍ）": 7, "測器の深度（ｍ）": null, "維持管理機関名": "国土地理院", "維持管理機関名（英語）": "GSI", "観測開始年（西暦）": 1995, "同月": 4, "観測機器名または観測項目": "TRIMBLE Alloy" }, "geometry": { "type": "Point", "coordinates": [ 130.6456, 32.5464 ] } },
{ "type": "Feature", "properties": { "観測の種類": "GNSS", "name": "佐土原", "観測点名ローマ字": "SADOWARA", "観測点コード": "940095", "緯度（度）": 32.0218, "経度（度）": 131.4697, "高さ（ｍ）": 23, "測器の深度（ｍ）": null, "維持管理機関名": "国土地理院", "維持管理機関名（英語）": "GSI", "観測開始年（西暦）": 1995, "同月": 4, "観測機器名または観測項目": "TRIMBLE Alloy" }, "geometry": { "type": "Point", "coordinates": [ 131.4697, 32.0218 ] } },
{ "type": "Feature", "properties": { "観測の種類": "GNSS", "name": "阿久根", "観測点名ローマ字": "AKUNE", "観測点コード": "940096", "緯度（度）": 32.0132, "経度（度）": 130.1901, "高さ（ｍ）": 72, "測器の深度（ｍ）": null, "維持管理機関名": "国土地理院", "維持管理機関名（英語）": "GSI", "観測開始年（西暦）": 1995, "同月": 4, "観測機器名または観測項目": "TOPCON NET-G5" }, "geometry": { "type": "Point", "coordinates": [ 130.1901, 32.0132 ] } },
{ "type": "Feature", "properties": { "観測の種類": "GNSS", "name": "枕崎", "観測点名ローマ字": "MAKURAZAKI", "観測点コード": "940098", "緯度（度）": 31.2646, "経度（度）": 130.2995, "高さ（ｍ）": 11, "測器の深度（ｍ）": null, "維持管理機関名": "国土地理院", "維持管理機関名（英語）": "GSI", "観測開始年（西暦）": 1995, "同月": 4, "観測機器名または観測項目": "TOPCON NET-G5" }, "geometry": { "type": "Point", "coordinates": [ 130.2995, 31.2646 ] } },
{ "type": "Feature", "properties": { "観測の種類": "GNSS", "name": "内之浦", "観測点名ローマ字": "UCHINOURA", "観測点コード": "940099", "緯度（度）": 31.2585, "経度（度）": 131.0875, "高さ（ｍ）": 268, "測器の深度（ｍ）": null, "維持管理機関名": "国土地理院", "維持管理機関名（英語）": "GSI", "観測開始年（西暦）": 1995, "同月": 4, "観測機器名または観測項目": "TRIMBLE Alloy" }, "geometry": { "type": "Point", "coordinates": [ 131.0875, 31.2585 ] } },
{ "type": "Feature", "properties": { "観測の種類": "GNSS", "name": "鹿屋", "観測点名ローマ字": "KANOYA", "観測点コード": "942004", "緯度（度）": 31.4253, "経度（度）": 130.8786, "高さ（ｍ）": 104, "測器の深度（ｍ）": null, "維持管理機関名": "国土地理院", "維持管理機関名（英語）": "GSI", "観測開始年（西暦）": 1995, "同月": 4, "観測機器名または観測項目": "TRIMBLE NetR9" }, "geometry": { "type": "Point", "coordinates": [ 130.8786, 31.4253 ] } },
{ "type": "Feature", "properties": { "観測の種類": "GNSS", "name": "八丈", "観測点名ローマ字": "HACHIJOU", "観測点コード": "95113", "緯度（度）": 33.1199, "経度（度）": 139.7972, "高さ（ｍ）": 68, "測器の深度（ｍ）": null, "維持管理機関名": "国土地理院", "維持管理機関名（英語）": "GSI", "観測開始年（西暦）": 1996, "同月": 3, "観測機器名または観測項目": "TRIMBLE Alloy" }, "geometry": { "type": "Point", "coordinates": [ 139.7972, 33.1199 ] } },
{ "type": "Feature", "properties": { "観測の種類": "GNSS", "name": "初島", "観測点名ローマ字": "HATSUSHIMA", "観測点コード": "95105", "緯度（度）": 35.0406, "経度（度）": 139.171, "高さ（ｍ）": 38, "測器の深度（ｍ）": null, "維持管理機関名": "国土地理院", "維持管理機関名（英語）": "GSI", "観測開始年（西暦）": 1996, "同月": 4, "観測機器名または観測項目": "TOPCON NET-G5" }, "geometry": { "type": "Point", "coordinates": [ 139.171, 35.0406 ] } },
{ "type": "Feature", "properties": { "観測の種類": "GNSS", "name": "猿払", "観測点名ローマ字": "SARUFUTSU", "観測点コード": "950101", "緯度（度）": 45.3358, "経度（度）": 142.1697, "高さ（ｍ）": 17, "測器の深度（ｍ）": null, "維持管理機関名": "国土地理院", "維持管理機関名（英語）": "GSI", "観測開始年（西暦）": 1996, "同月": 4, "観測機器名または観測項目": "TOPCON NET-G5" }, "geometry": { "type": "Point", "coordinates": [ 142.1697, 45.3358 ] } },
{ "type": "Feature", "properties": { "観測の種類": "GNSS", "name": "礼文", "観測点名ローマ字": "REBUN", "観測点コード": "950102", "緯度（度）": 45.276, "経度（度）": 141.0382, "高さ（ｍ）": 36, "測器の深度（ｍ）": null, "維持管理機関名": "国土地理院", "維持管理機関名（英語）": "GSI", "観測開始年（西暦）": 1996, "同月": 4, "観測機器名または観測項目": "TOPCON NET-G5" }, "geometry": { "type": "Point", "coordinates": [ 141.0382, 45.276 ] } },
{ "type": "Feature", "properties": { "観測の種類": "GNSS", "name": "枝幸", "観測点名ローマ字": "ESASHI", "観測点コード": "950103", "緯度（度）": 45.0024, "経度（度）": 142.5371, "高さ（ｍ）": 15, "測器の深度（ｍ）": null, "維持管理機関名": "国土地理院", "維持管理機関名（英語）": "GSI", "観測開始年（西暦）": 1996, "同月": 4, "観測機器名または観測項目": "TRIMBLE Alloy" }, "geometry": { "type": "Point", "coordinates": [ 142.5371, 45.0024 ] } },
{ "type": "Feature", "properties": { "観測の種類": "GNSS", "name": "天塩", "観測点名ローマ字": "TESHIO", "観測点コード": "950104", "緯度（度）": 44.8925, "経度（度）": 141.7414, "高さ（ｍ）": 11, "測器の深度（ｍ）": null, "維持管理機関名": "国土地理院", "維持管理機関名（英語）": "GSI", "観測開始年（西暦）": 1996, "同月": 4, "観測機器名または観測項目": "TRIMBLE Alloy" }, "geometry": { "type": "Point", "coordinates": [ 141.7414, 44.8925 ] } },
{ "type": "Feature", "properties": { "観測の種類": "GNSS", "name": "音威子府", "観測点名ローマ字": "OTOINEPPU", "観測点コード": "950105", "緯度（度）": 44.7285, "経度（度）": 142.2652, "高さ（ｍ）": 49, "測器の深度（ｍ）": null, "維持管理機関名": "国土地理院", "維持管理機関名（英語）": "GSI", "観測開始年（西暦）": 1996, "同月": 4, "観測機器名または観測項目": "TRIMBLE Alloy" }, "geometry": { "type": "Point", "coordinates": [ 142.2652, 44.7285 ] } },
{ "type": "Feature", "properties": { "観測の種類": "GNSS", "name": "天売島", "観測点名ローマ字": "TEURIJIMA", "観測点コード": "950106", "緯度（度）": 44.4271, "経度（度）": 141.3301, "高さ（ｍ）": 20, "測器の深度（ｍ）": null, "維持管理機関名": "国土地理院", "維持管理機関名（英語）": "GSI", "観測開始年（西暦）": 1996, "同月": 4, "観測機器名または観測項目": "TOPCON NET-G5" }, "geometry": { "type": "Point", "coordinates": [ 141.3301, 44.4271 ] } },
{ "type": "Feature", "properties": { "観測の種類": "GNSS", "name": "下川", "観測点名ローマ字": "SHIMOKAWA", "観測点コード": "950107", "緯度（度）": 44.2946, "経度（度）": 142.6256, "高さ（ｍ）": 155, "測器の深度（ｍ）": null, "維持管理機関名": "国土地理院", "維持管理機関名（英語）": "GSI", "観測開始年（西暦）": 1996, "同月": 4, "観測機器名または観測項目": "TRIMBLE Alloy" }, "geometry": { "type": "Point", "coordinates": [ 142.6256, 44.2946 ] } },
{ "type": "Feature", "properties": { "観測の種類": "GNSS", "name": "常呂", "観測点名ローマ字": "TOKORO", "観測点コード": "950108", "緯度（度）": 44.0639, "経度（度）": 144.0298, "高さ（ｍ）": 11, "測器の深度（ｍ）": null, "維持管理機関名": "国土地理院", "維持管理機関名（英語）": "GSI", "観測開始年（西暦）": 1996, "同月": 4, "観測機器名または観測項目": "TOPCON NET-G5" }, "geometry": { "type": "Point", "coordinates": [ 144.0298, 44.0639 ] } },
{ "type": "Feature", "properties": { "観測の種類": "GNSS", "name": "羅臼", "観測点名ローマ字": "RAUSU", "観測点コード": "950109", "緯度（度）": 44.0192, "経度（度）": 145.1861, "高さ（ｍ）": 87, "測器の深度（ｍ）": null, "維持管理機関名": "国土地理院", "維持管理機関名（英語）": "GSI", "観測開始年（西暦）": 1996, "同月": 4, "観測機器名または観測項目": "TRIMBLE Alloy" }, "geometry": { "type": "Point", "coordinates": [ 145.1861, 44.0192 ] } },
{ "type": "Feature", "properties": { "観測の種類": "GNSS", "name": "幌加内", "観測点名ローマ字": "HOROKANAI", "観測点コード": "950110", "緯度（度）": 44.0068, "経度（度）": 142.1517, "高さ（ｍ）": 163, "測器の深度（ｍ）": null, "維持管理機関名": "国土地理院", "維持管理機関名（英語）": "GSI", "観測開始年（西暦）": 1996, "同月": 4, "観測機器名または観測項目": "TRIMBLE Alloy" }, "geometry": { "type": "Point", "coordinates": [ 142.1517, 44.0068 ] } },
{ "type": "Feature", "properties": { "観測の種類": "GNSS", "name": "丸瀬布", "観測点名ローマ字": "MARUSEPPU", "観測点コード": "950111", "緯度（度）": 44.0056, "経度（度）": 143.3337, "高さ（ｍ）": 200, "測器の深度（ｍ）": null, "維持管理機関名": "国土地理院", "維持管理機関名（英語）": "GSI", "観測開始年（西暦）": 1996, "同月": 4, "観測機器名または観測項目": "TOPCON NET-G5" }, "geometry": { "type": "Point", "coordinates": [ 143.3337, 44.0056 ] } },
{ "type": "Feature", "properties": { "観測の種類": "GNSS", "name": "音別", "観測点名ローマ字": "ONBETSU", "観測点コード": "950112", "緯度（度）": 42.8945, "経度（度）": 143.9269, "高さ（ｍ）": 12, "測器の深度（ｍ）": null, "維持管理機関名": "国土地理院", "維持管理機関名（英語）": "GSI", "観測開始年（西暦）": 1996, "同月": 4, "観測機器名または観測項目": "TOPCON NET-G5" }, "geometry": { "type": "Point", "coordinates": [ 143.9269, 42.8945 ] } },
{ "type": "Feature", "properties": { "観測の種類": "GNSS", "name": "中標津", "観測点名ローマ字": "NAKASHIBETSU", "観測点コード": "950113", "緯度（度）": 43.5494, "経度（度）": 144.987, "高さ（ｍ）": 51, "測器の深度（ｍ）": null, "維持管理機関名": "国土地理院", "維持管理機関名（英語）": "GSI", "観測開始年（西暦）": 1996, "同月": 4, "観測機器名または観測項目": "TRIMBLE Alloy" }, "geometry": { "type": "Point", "coordinates": [ 144.987, 43.5494 ] } },
{ "type": "Feature", "properties": { "観測の種類": "GNSS", "name": "北見", "観測点名ローマ字": "KITAMI", "観測点コード": "950114", "緯度（度）": 43.8489, "経度（度）": 143.7873, "高さ（ｍ）": 175, "測器の深度（ｍ）": null, "維持管理機関名": "国土地理院", "維持管理機関名（英語）": "GSI", "観測開始年（西暦）": 1996, "同月": 4, "観測機器名または観測項目": "TRIMBLE Alloy" }, "geometry": { "type": "Point", "coordinates": [ 143.7873, 43.8489 ] } },
{ "type": "Feature", "properties": { "観測の種類": "GNSS", "name": "標津", "観測点名ローマ字": "SHIBETSU", "観測点コード": "950115", "緯度（度）": 43.6618, "経度（度）": 145.1314, "高さ（ｍ）": 8, "測器の深度（ｍ）": null, "維持管理機関名": "国土地理院", "維持管理機関名（英語）": "GSI", "観測開始年（西暦）": 1996, "同月": 4, "観測機器名または観測項目": "TOPCON NET-G5" }, "geometry": { "type": "Point", "coordinates": [ 145.1314, 43.6618 ] } },
{ "type": "Feature", "properties": { "観測の種類": "GNSS", "name": "別海１", "観測点名ローマ字": "BEKKAI1", "観測点コード": "950116", "緯度（度）": 43.4087, "経度（度）": 144.7743, "高さ（ｍ）": 108, "測器の深度（ｍ）": null, "維持管理機関名": "国土地理院", "維持管理機関名（英語）": "GSI", "観測開始年（西暦）": 1996, "同月": 4, "観測機器名または観測項目": "TRIMBLE Alloy" }, "geometry": { "type": "Point", "coordinates": [ 144.7743, 43.4087 ] } },
{ "type": "Feature", "properties": { "観測の種類": "GNSS", "name": "厚田", "観測点名ローマ字": "ATSUTA", "観測点コード": "950117", "緯度（度）": 43.4047, "経度（度）": 141.4312, "高さ（ｍ）": 44, "測器の深度（ｍ）": null, "維持管理機関名": "国土地理院", "維持管理機関名（英語）": "GSI", "観測開始年（西暦）": 1996, "同月": 4, "観測機器名または観測項目": "TOPCON NET-G5" }, "geometry": { "type": "Point", "coordinates": [ 141.4312, 43.4047 ] } },
{ "type": "Feature", "properties": { "観測の種類": "GNSS", "name": "別海２", "観測点名ローマ字": "BEKKAI2", "観測点コード": "950118", "緯度（度）": 43.3825, "経度（度）": 145.115, "高さ（ｍ）": 31, "測器の深度（ｍ）": null, "維持管理機関名": "国土地理院", "維持管理機関名（英語）": "GSI", "観測開始年（西暦）": 1996, "同月": 4, "観測機器名または観測項目": "TRIMBLE Alloy" }, "geometry": { "type": "Point", "coordinates": [ 145.115, 43.3825 ] } },
{ "type": "Feature", "properties": { "観測の種類": "GNSS", "name": "根室２", "観測点名ローマ字": "NEMURO2", "観測点コード": "950119", "緯度（度）": 43.3669, "経度（度）": 145.8011, "高さ（ｍ）": 18, "測器の深度（ｍ）": null, "維持管理機関名": "国土地理院", "維持管理機関名（英語）": "GSI", "観測開始年（西暦）": 1996, "同月": 4, "観測機器名または観測項目": "TOPCON NET-G5" }, "geometry": { "type": "Point", "coordinates": [ 145.8011, 43.3669 ] } },
{ "type": "Feature", "properties": { "観測の種類": "GNSS", "name": "積丹", "観測点名ローマ字": "SHAKOTAN", "観測点コード": "950120", "緯度（度）": 43.2926, "経度（度）": 140.5971, "高さ（ｍ）": 13, "測器の深度（ｍ）": null, "維持管理機関名": "国土地理院", "維持管理機関名（英語）": "GSI", "観測開始年（西暦）": 1996, "同月": 4, "観測機器名または観測項目": "TOPCON NET-G5" }, "geometry": { "type": "Point", "coordinates": [ 140.5971, 43.2926 ] } },
{ "type": "Feature", "properties": { "観測の種類": "GNSS", "name": "足寄", "観測点名ローマ字": "ASHORO", "観測点コード": "950121", "緯度（度）": 43.2895, "経度（度）": 143.5624, "高さ（ｍ）": 117, "測器の深度（ｍ）": null, "維持管理機関名": "国土地理院", "維持管理機関名（英語）": "GSI", "観測開始年（西暦）": 1996, "同月": 4, "観測機器名または観測項目": "TOPCON NET-G5" }, "geometry": { "type": "Point", "coordinates": [ 143.5624, 43.2895 ] } },
{ "type": "Feature", "properties": { "観測の種類": "GNSS", "name": "鶴居", "観測点名ローマ字": "TSURUI", "観測点コード": "950122", "緯度（度）": 43.2329, "経度（度）": 144.325, "高さ（ｍ）": 44, "測器の深度（ｍ）": null, "維持管理機関名": "国土地理院", "維持管理機関名（英語）": "GSI", "観測開始年（西暦）": 1996, "同月": 4, "観測機器名または観測項目": "TOPCON NET-G5" }, "geometry": { "type": "Point", "coordinates": [ 144.325, 43.2329 ] } },
{ "type": "Feature", "properties": { "観測の種類": "GNSS", "name": "阿寒１", "観測点名ローマ字": "AKAN1", "観測点コード": "950124", "緯度（度）": 43.1206, "経度（度）": 144.1265, "高さ（ｍ）": 38, "測器の深度（ｍ）": null, "維持管理機関名": "国土地理院", "維持管理機関名（英語）": "GSI", "観測開始年（西暦）": 1996, "同月": 4, "観測機器名または観測項目": "TOPCON NET-G5" }, "geometry": { "type": "Point", "coordinates": [ 144.1265, 43.1206 ] } },
{ "type": "Feature", "properties": { "観測の種類": "GNSS", "name": "厚岸", "観測点名ローマ字": "AKKESHI", "観測点コード": "950125", "緯度（度）": 43.0576, "経度（度）": 144.843, "高さ（ｍ）": 30, "測器の深度（ｍ）": null, "維持管理機関名": "国土地理院", "維持管理機関名（英語）": "GSI", "観測開始年（西暦）": 1996, "同月": 4, "観測機器名または観測項目": "TOPCON NET-G5" }, "geometry": { "type": "Point", "coordinates": [ 144.843, 43.0576 ] } },
{ "type": "Feature", "properties": { "観測の種類": "GNSS", "name": "泊", "観測点名ローマ字": "TOMARI", "観測点コード": "950126", "緯度（度）": 43.0568, "経度（度）": 140.4992, "高さ（ｍ）": 28, "測器の深度（ｍ）": null, "維持管理機関名": "国土地理院", "維持管理機関名（英語）": "GSI", "観測開始年（西暦）": 1996, "同月": 4, "観測機器名または観測項目": "TOPCON NET-G5" }, "geometry": { "type": "Point", "coordinates": [ 140.4992, 43.0568 ] } },
{ "type": "Feature", "properties": { "観測の種類": "GNSS", "name": "共和", "観測点名ローマ字": "KYOUWA", "観測点コード": "950127", "緯度（度）": 42.9853, "経度（度）": 140.5439, "高さ（ｍ）": 41, "測器の深度（ｍ）": null, "維持管理機関名": "国土地理院", "維持管理機関名（英語）": "GSI", "観測開始年（西暦）": 1996, "同月": 4, "観測機器名または観測項目": "TRIMBLE NetR9" }, "geometry": { "type": "Point", "coordinates": [ 140.5439, 42.9853 ] } },
{ "type": "Feature", "properties": { "観測の種類": "GNSS", "name": "札幌", "観測点名ローマ字": "SAPPORO", "観測点コード": "950128", "緯度（度）": 42.9714, "経度（度）": 141.2903, "高さ（ｍ）": 172, "測器の深度（ｍ）": null, "維持管理機関名": "国土地理院", "維持管理機関名（英語）": "GSI", "観測開始年（西暦）": 1996, "同月": 4, "観測機器名または観測項目": "TRIMBLE Alloy" }, "geometry": { "type": "Point", "coordinates": [ 141.2903, 42.9714 ] } },
{ "type": "Feature", "properties": { "観測の種類": "GNSS", "name": "蘭越", "観測点名ローマ字": "RANKOSHI", "観測点コード": "950130", "緯度（度）": 42.8027, "経度（度）": 140.6035, "高さ（ｍ）": 57, "測器の深度（ｍ）": null, "維持管理機関名": "国土地理院", "維持管理機関名（英語）": "GSI", "観測開始年（西暦）": 1996, "同月": 4, "観測機器名または観測項目": "TRIMBLE Alloy" }, "geometry": { "type": "Point", "coordinates": [ 140.6035, 42.8027 ] } },
{ "type": "Feature", "properties": { "観測の種類": "GNSS", "name": "厚真", "観測点名ローマ字": "ATSUMA", "観測点コード": "950132", "緯度（度）": 42.7294, "経度（度）": 141.864, "高さ（ｍ）": 22, "測器の深度（ｍ）": null, "維持管理機関名": "国土地理院", "維持管理機関名（英語）": "GSI", "観測開始年（西暦）": 1996, "同月": 4, "観測機器名または観測項目": "TRIMBLE NetR9" }, "geometry": { "type": "Point", "coordinates": [ 141.864, 42.7294 ] } },
{ "type": "Feature", "properties": { "観測の種類": "GNSS", "name": "平取", "観測点名ローマ字": "BIRATORI", "観測点コード": "950133", "緯度（度）": 42.7272, "経度（度）": 142.2958, "高さ（ｍ）": 92, "測器の深度（ｍ）": null, "維持管理機関名": "国土地理院", "維持管理機関名（英語）": "GSI", "観測開始年（西暦）": 1996, "同月": 4, "観測機器名または観測項目": "TOPCON NET-G5" }, "geometry": { "type": "Point", "coordinates": [ 142.2958, 42.7272 ] } },
{ "type": "Feature", "properties": { "観測の種類": "GNSS", "name": "中札内", "観測点名ローマ字": "NAKASATSUNAI", "観測点コード": "950134", "緯度（度）": 42.6993, "経度（度）": 143.1033, "高さ（ｍ）": 209, "測器の深度（ｍ）": null, "維持管理機関名": "国土地理院", "維持管理機関名（英語）": "GSI", "観測開始年（西暦）": 1996, "同月": 4, "観測機器名または観測項目": "TRIMBLE Alloy" }, "geometry": { "type": "Point", "coordinates": [ 143.1033, 42.6993 ] } },
{ "type": "Feature", "properties": { "観測の種類": "GNSS", "name": "大滝", "観測点名ローマ字": "OOTAKI", "観測点コード": "950135", "緯度（度）": 42.6679, "経度（度）": 141.075, "高さ（ｍ）": 390, "測器の深度（ｍ）": null, "維持管理機関名": "国土地理院", "維持管理機関名（英語）": "GSI", "観測開始年（西暦）": 1996, "同月": 4, "観測機器名または観測項目": "TOPCON NET-G5" }, "geometry": { "type": "Point", "coordinates": [ 141.075, 42.6679 ] } },
{ "type": "Feature", "properties": { "観測の種類": "GNSS", "name": "苫小牧", "観測点名ローマ字": "TOMAKOMAI", "観測点コード": "950136", "緯度（度）": 42.6555, "経度（度）": 141.6023, "高さ（ｍ）": 20, "測器の深度（ｍ）": null, "維持管理機関名": "国土地理院", "維持管理機関名（英語）": "GSI", "観測開始年（西暦）": 1996, "同月": 4, "観測機器名または観測項目": "TRIMBLE Alloy" }, "geometry": { "type": "Point", "coordinates": [ 141.6023, 42.6555 ] } },
{ "type": "Feature", "properties": { "観測の種類": "GNSS", "name": "洞爺", "観測点名ローマ字": "TOUYA", "観測点コード": "950137", "緯度（度）": 42.6463, "経度（度）": 140.8257, "高さ（ｍ）": 101, "測器の深度（ｍ）": null, "維持管理機関名": "国土地理院", "維持管理機関名（英語）": "GSI", "観測開始年（西暦）": 1996, "同月": 4, "観測機器名または観測項目": "TRIMBLE Alloy" }, "geometry": { "type": "Point", "coordinates": [ 140.8257, 42.6463 ] } },
{ "type": "Feature", "properties": { "観測の種類": "GNSS", "name": "大樹", "観測点名ローマ字": "TAIKI", "観測点コード": "950138", "緯度（度）": 42.5516, "経度（度）": 143.4611, "高さ（ｍ）": 64, "測器の深度（ｍ）": null, "維持管理機関名": "国土地理院", "維持管理機関名（英語）": "GSI", "観測開始年（西暦）": 1996, "同月": 4, "観測機器名または観測項目": "TOPCON NET-G5" }, "geometry": { "type": "Point", "coordinates": [ 143.4611, 42.5516 ] } },
{ "type": "Feature", "properties": { "観測の種類": "GNSS", "name": "白老", "観測点名ローマ字": "SHIRAOI", "観測点コード": "950139", "緯度（度）": 42.5498, "経度（度）": 141.3615, "高さ（ｍ）": 11, "測器の深度（ｍ）": null, "維持管理機関名": "国土地理院", "維持管理機関名（英語）": "GSI", "観測開始年（西暦）": 1996, "同月": 4, "観測機器名または観測項目": "TOPCON NET-G5" }, "geometry": { "type": "Point", "coordinates": [ 141.3615, 42.5498 ] } },
{ "type": "Feature", "properties": { "観測の種類": "GNSS", "name": "長万部", "観測点名ローマ字": "OSHAMANBE", "観測点コード": "950140", "緯度（度）": 42.4944, "経度（度）": 140.3542, "高さ（ｍ）": 15, "測器の深度（ｍ）": null, "維持管理機関名": "国土地理院", "維持管理機関名（英語）": "GSI", "観測開始年（西暦）": 1996, "同月": 4, "観測機器名または観測項目": "TOPCON NET-G5" }, "geometry": { "type": "Point", "coordinates": [ 140.3542, 42.4944 ] } },
{ "type": "Feature", "properties": { "観測の種類": "GNSS", "name": "門別", "観測点名ローマ字": "MONBETSU", "観測点コード": "950141", "緯度（度）": 42.4813, "経度（度）": 142.0602, "高さ（ｍ）": 15, "測器の深度（ｍ）": null, "維持管理機関名": "国土地理院", "維持管理機関名（英語）": "GSI", "観測開始年（西暦）": 1996, "同月": 4, "観測機器名または観測項目": "TRIMBLE Alloy" }, "geometry": { "type": "Point", "coordinates": [ 142.0602, 42.4813 ] } },
{ "type": "Feature", "properties": { "観測の種類": "GNSS", "name": "三石", "観測点名ローマ字": "MITSUISHI", "観測点コード": "950142", "緯度（度）": 42.2477, "経度（度）": 142.5674, "高さ（ｍ）": 39, "測器の深度（ｍ）": null, "維持管理機関名": "国土地理院", "維持管理機関名（英語）": "GSI", "観測開始年（西暦）": 1996, "同月": 4, "観測機器名または観測項目": "TOPCON NET-G5" }, "geometry": { "type": "Point", "coordinates": [ 142.5674, 42.2477 ] } },
{ "type": "Feature", "properties": { "観測の種類": "GNSS", "name": "八雲", "観測点名ローマ字": "YAKUMO", "観測点コード": "950143", "緯度（度）": 42.2437, "経度（度）": 140.2505, "高さ（ｍ）": 33, "測器の深度（ｍ）": null, "維持管理機関名": "国土地理院", "維持管理機関名（英語）": "GSI", "観測開始年（西暦）": 1996, "同月": 4, "観測機器名または観測項目": "TOPCON NET-G5" }, "geometry": { "type": "Point", "coordinates": [ 140.2505, 42.2437 ] } },
{ "type": "Feature", "properties": { "観測の種類": "GNSS", "name": "様似", "観測点名ローマ字": "SAMANI", "観測点コード": "950144", "緯度（度）": 42.1309, "経度（度）": 142.9354, "高さ（ｍ）": 9, "測器の深度（ｍ）": null, "維持管理機関名": "国土地理院", "維持管理機関名（英語）": "GSI", "観測開始年（西暦）": 1996, "同月": 4, "観測機器名または観測項目": "TOPCON NET-G5" }, "geometry": { "type": "Point", "coordinates": [ 142.9354, 42.1309 ] } },
{ "type": "Feature", "properties": { "観測の種類": "GNSS", "name": "熊石", "観測点名ローマ字": "KUMAISHI", "観測点コード": "950145", "緯度（度）": 42.1309, "経度（度）": 140.0039, "高さ（ｍ）": 61, "測器の深度（ｍ）": null, "維持管理機関名": "国土地理院", "維持管理機関名（英語）": "GSI", "観測開始年（西暦）": 1996, "同月": 4, "観測機器名または観測項目": "TRIMBLE Alloy" }, "geometry": { "type": "Point", "coordinates": [ 140.0039, 42.1309 ] } },
{ "type": "Feature", "properties": { "観測の種類": "GNSS", "name": "北海道森", "観測点名ローマ字": "MORI", "観測点コード": "950146", "緯度（度）": 42.0986, "経度（度）": 140.5689, "高さ（ｍ）": 55, "測器の深度（ｍ）": null, "維持管理機関名": "国土地理院", "維持管理機関名（英語）": "GSI", "観測開始年（西暦）": 1996, "同月": 4, "観測機器名または観測項目": "TOPCON NET-G5" }, "geometry": { "type": "Point", "coordinates": [ 140.5689, 42.0986 ] } },
{ "type": "Feature", "properties": { "観測の種類": "GNSS", "name": "鹿部", "観測点名ローマ字": "SHIKABE", "観測点コード": "950147", "緯度（度）": 42.043, "経度（度）": 140.8055, "高さ（ｍ）": 9, "測器の深度（ｍ）": null, "維持管理機関名": "国土地理院", "維持管理機関名（英語）": "GSI", "観測開始年（西暦）": 1996, "同月": 4, "観測機器名または観測項目": "TOPCON NET-G5" }, "geometry": { "type": "Point", "coordinates": [ 140.8055, 42.043 ] } },
{ "type": "Feature", "properties": { "観測の種類": "GNSS", "name": "佐井", "観測点名ローマ字": "SAI", "観測点コード": "950150", "緯度（度）": 41.4553, "経度（度）": 140.8805, "高さ（ｍ）": 19, "測器の深度（ｍ）": null, "維持管理機関名": "国土地理院", "維持管理機関名（英語）": "GSI", "観測開始年（西暦）": 1996, "同月": 4, "観測機器名または観測項目": "TRIMBLE Alloy" }, "geometry": { "type": "Point", "coordinates": [ 140.8805, 41.4553 ] } },
{ "type": "Feature", "properties": { "観測の種類": "GNSS", "name": "蟹田", "観測点名ローマ字": "KANITA", "観測点コード": "950151", "緯度（度）": 41.0432, "経度（度）": 140.6359, "高さ（ｍ）": 9, "測器の深度（ｍ）": null, "維持管理機関名": "国土地理院", "維持管理機関名（英語）": "GSI", "観測開始年（西暦）": 1996, "同月": 4, "観測機器名または観測項目": "TOPCON NET-G5" }, "geometry": { "type": "Point", "coordinates": [ 140.6359, 41.0432 ] } },
{ "type": "Feature", "properties": { "観測の種類": "GNSS", "name": "六ヶ所", "観測点名ローマ字": "ROKKASHO", "観測点コード": "950152", "緯度（度）": 40.9682, "経度（度）": 141.368, "高さ（ｍ）": 24, "測器の深度（ｍ）": null, "維持管理機関名": "国土地理院", "維持管理機関名（英語）": "GSI", "観測開始年（西暦）": 1996, "同月": 4, "観測機器名または観測項目": "TRIMBLE Alloy" }, "geometry": { "type": "Point", "coordinates": [ 141.368, 40.9682 ] } },
{ "type": "Feature", "properties": { "観測の種類": "GNSS", "name": "十和田", "観測点名ローマ字": "TOWADA", "観測点コード": "950153", "緯度（度）": 40.6251, "経度（度）": 141.1978, "高さ（ｍ）": 79, "測器の深度（ｍ）": null, "維持管理機関名": "国土地理院", "維持管理機関名（英語）": "GSI", "観測開始年（西暦）": 1996, "同月": 4, "観測機器名または観測項目": "TOPCON NET-G5" }, "geometry": { "type": "Point", "coordinates": [ 141.1978, 40.6251 ] } },
{ "type": "Feature", "properties": { "観測の種類": "GNSS", "name": "岩崎", "観測点名ローマ字": "IWASAKI", "観測点コード": "950154", "緯度（度）": 40.5776, "経度（度）": 139.9281, "高さ（ｍ）": 11, "測器の深度（ｍ）": null, "維持管理機関名": "国土地理院", "維持管理機関名（英語）": "GSI", "観測開始年（西暦）": 1996, "同月": 4, "観測機器名または観測項目": "TRIMBLE Alloy" }, "geometry": { "type": "Point", "coordinates": [ 139.9281, 40.5776 ] } },
{ "type": "Feature", "properties": { "観測の種類": "GNSS", "name": "大鰐", "観測点名ローマ字": "OOWANI", "観測点コード": "950155", "緯度（度）": 40.5236, "経度（度）": 140.5782, "高さ（ｍ）": 102, "測器の深度（ｍ）": null, "維持管理機関名": "国土地理院", "維持管理機関名（英語）": "GSI", "観測開始年（西暦）": 1996, "同月": 4, "観測機器名または観測項目": "TOPCON NET-G5" }, "geometry": { "type": "Point", "coordinates": [ 140.5782, 40.5236 ] } },
{ "type": "Feature", "properties": { "観測の種類": "GNSS", "name": "八戸", "観測点名ローマ字": "HACHINOHE", "観測点コード": "950156", "緯度（度）": 40.5154, "経度（度）": 141.5113, "高さ（ｍ）": 9, "測器の深度（ｍ）": null, "維持管理機関名": "国土地理院", "維持管理機関名（英語）": "GSI", "観測開始年（西暦）": 1996, "同月": 4, "観測機器名または観測項目": "TRIMBLE Alloy" }, "geometry": { "type": "Point", "coordinates": [ 141.5113, 40.5154 ] } },
{ "type": "Feature", "properties": { "観測の種類": "GNSS", "name": "田子", "観測点名ローマ字": "TAKKO", "観測点コード": "950157", "緯度（度）": 40.2911, "経度（度）": 141.0765, "高さ（ｍ）": 163, "測器の深度（ｍ）": null, "維持管理機関名": "国土地理院", "維持管理機関名（英語）": "GSI", "観測開始年（西暦）": 1996, "同月": 4, "観測機器名または観測項目": "TOPCON NET-G5" }, "geometry": { "type": "Point", "coordinates": [ 141.0765, 40.2911 ] } },
{ "type": "Feature", "properties": { "観測の種類": "GNSS", "name": "種市", "観測点名ローマ字": "TANEICHI", "観測点コード": "950158", "緯度（度）": 40.4052, "経度（度）": 141.7131, "高さ（ｍ）": 22, "測器の深度（ｍ）": null, "維持管理機関名": "国土地理院", "維持管理機関名（英語）": "GSI", "観測開始年（西暦）": 1996, "同月": 4, "観測機器名または観測項目": "TRIMBLE Alloy" }, "geometry": { "type": "Point", "coordinates": [ 141.7131, 40.4052 ] } },
{ "type": "Feature", "properties": { "観測の種類": "GNSS", "name": "二戸", "観測点名ローマ字": "NINOHE", "観測点コード": "950159", "緯度（度）": 40.2911, "経度（度）": 141.2937, "高さ（ｍ）": 93, "測器の深度（ｍ）": null, "維持管理機関名": "国土地理院", "維持管理機関名（英語）": "GSI", "観測開始年（西暦）": 1996, "同月": 4, "観測機器名または観測項目": "TOPCON NET-G5" }, "geometry": { "type": "Point", "coordinates": [ 141.2937, 40.2911 ] } },
{ "type": "Feature", "properties": { "観測の種類": "GNSS", "name": "葛巻", "観測点名ローマ字": "KUZUMAKI", "観測点コード": "950160", "緯度（度）": 40.0486, "経度（度）": 141.462, "高さ（ｍ）": 478, "測器の深度（ｍ）": null, "維持管理機関名": "国土地理院", "維持管理機関名（英語）": "GSI", "観測開始年（西暦）": 1996, "同月": 4, "観測機器名または観測項目": "TRIMBLE Alloy" }, "geometry": { "type": "Point", "coordinates": [ 141.462, 40.0486 ] } },
{ "type": "Feature", "properties": { "観測の種類": "GNSS", "name": "岩手", "観測点名ローマ字": "IWATE", "観測点コード": "950161", "緯度（度）": 39.9806, "経度（度）": 141.2251, "高さ（ｍ）": 273, "測器の深度（ｍ）": null, "維持管理機関名": "国土地理院", "維持管理機関名（英語）": "GSI", "観測開始年（西暦）": 1996, "同月": 4, "観測機器名または観測項目": "TRIMBLE Alloy" }, "geometry": { "type": "Point", "coordinates": [ 141.2251, 39.9806 ] } },
{ "type": "Feature", "properties": { "観測の種類": "GNSS", "name": "岩泉１", "観測点名ローマ字": "IWAIZUMI1", "観測点コード": "950162", "緯度（度）": 39.8694, "経度（度）": 141.9506, "高さ（ｍ）": 168, "測器の深度（ｍ）": null, "維持管理機関名": "国土地理院", "維持管理機関名（英語）": "GSI", "観測開始年（西暦）": 1996, "同月": 4, "観測機器名または観測項目": "TRIMBLE Alloy" }, "geometry": { "type": "Point", "coordinates": [ 141.9506, 39.8694 ] } },
{ "type": "Feature", "properties": { "観測の種類": "GNSS", "name": "玉山", "観測点名ローマ字": "TAMAYAMA", "観測点コード": "950163", "緯度（度）": 39.8512, "経度（度）": 141.1649, "高さ（ｍ）": 193, "測器の深度（ｍ）": null, "維持管理機関名": "国土地理院", "維持管理機関名（英語）": "GSI", "観測開始年（西暦）": 1996, "同月": 4, "観測機器名または観測項目": "TOPCON NET-G5" }, "geometry": { "type": "Point", "coordinates": [ 141.1649, 39.8512 ] } },
{ "type": "Feature", "properties": { "観測の種類": "GNSS", "name": "岩泉２", "観測点名ローマ字": "IWAIZUMI2", "観測点コード": "950164", "緯度（度）": 39.8492, "経度（度）": 141.8039, "高さ（ｍ）": 127, "測器の深度（ｍ）": null, "維持管理機関名": "国土地理院", "維持管理機関名（英語）": "GSI", "観測開始年（西暦）": 1996, "同月": 4, "観測機器名または観測項目": "TRIMBLE NetR9" }, "geometry": { "type": "Point", "coordinates": [ 141.8039, 39.8492 ] } },
{ "type": "Feature", "properties": { "観測の種類": "GNSS", "name": "雫石", "観測点名ローマ字": "SHIZUKUISHI", "観測点コード": "950165", "緯度（度）": 39.7011, "経度（度）": 140.9645, "高さ（ｍ）": 218, "測器の深度（ｍ）": null, "維持管理機関名": "国土地理院", "維持管理機関名（英語）": "GSI", "観測開始年（西暦）": 1996, "同月": 4, "観測機器名または観測項目": "TRIMBLE Alloy" }, "geometry": { "type": "Point", "coordinates": [ 140.9645, 39.7011 ] } },
{ "type": "Feature", "properties": { "観測の種類": "GNSS", "name": "矢巾", "観測点名ローマ字": "YAHABA", "観測点コード": "950166", "緯度（度）": 39.5966, "経度（度）": 141.1721, "高さ（ｍ）": 110, "測器の深度（ｍ）": null, "維持管理機関名": "国土地理院", "維持管理機関名（英語）": "GSI", "観測開始年（西暦）": 1996, "同月": 4, "観測機器名または観測項目": "TOPCON NET-G5" }, "geometry": { "type": "Point", "coordinates": [ 141.1721, 39.5966 ] } },
{ "type": "Feature", "properties": { "観測の種類": "GNSS", "name": "山田", "観測点名ローマ字": "YAMADA", "観測点コード": "950167", "緯度（度）": 39.4581, "経度（度）": 141.9553, "高さ（ｍ）": 29, "測器の深度（ｍ）": null, "維持管理機関名": "国土地理院", "維持管理機関名（英語）": "GSI", "観測開始年（西暦）": 1996, "同月": 4, "観測機器名または観測項目": "TOPCON NET-G5" }, "geometry": { "type": "Point", "coordinates": [ 141.9553, 39.4581 ] } },
{ "type": "Feature", "properties": { "観測の種類": "GNSS", "name": "釜石", "観測点名ローマ字": "KAMAISHI", "観測点コード": "950170", "緯度（度）": 39.2535, "経度（度）": 141.7981, "高さ（ｍ）": 59, "測器の深度（ｍ）": null, "維持管理機関名": "国土地理院", "維持管理機関名（英語）": "GSI", "観測開始年（西暦）": 1996, "同月": 4, "観測機器名または観測項目": "TRIMBLE Alloy" }, "geometry": { "type": "Point", "coordinates": [ 141.7981, 39.2535 ] } },
{ "type": "Feature", "properties": { "観測の種類": "GNSS", "name": "大船渡", "観測点名ローマ字": "OOFUNATO", "観測点コード": "950171", "緯度（度）": 39.0238, "経度（度）": 141.7399, "高さ（ｍ）": 66, "測器の深度（ｍ）": null, "維持管理機関名": "国土地理院", "維持管理機関名（英語）": "GSI", "観測開始年（西暦）": 1996, "同月": 4, "観測機器名または観測項目": "TOPCON NET-G5" }, "geometry": { "type": "Point", "coordinates": [ 141.7399, 39.0238 ] } },
{ "type": "Feature", "properties": { "観測の種類": "GNSS", "name": "気仙沼", "観測点名ローマ字": "KESENNUMA", "観測点コード": "950172", "緯度（度）": 38.9028, "経度（度）": 141.5726, "高さ（ｍ）": 41, "測器の深度（ｍ）": null, "維持管理機関名": "国土地理院", "維持管理機関名（英語）": "GSI", "観測開始年（西暦）": 1996, "同月": 4, "観測機器名または観測項目": "TRIMBLE Alloy" }, "geometry": { "type": "Point", "coordinates": [ 141.5726, 38.9028 ] } },
{ "type": "Feature", "properties": { "観測の種類": "GNSS", "name": "栗駒", "観測点名ローマ字": "KURIKOMA", "観測点コード": "950173", "緯度（度）": 38.8153, "経度（度）": 140.9906, "高さ（ｍ）": 67, "測器の深度（ｍ）": null, "維持管理機関名": "国土地理院", "維持管理機関名（英語）": "GSI", "観測開始年（西暦）": 1996, "同月": 4, "観測機器名または観測項目": "TOPCON NET-G5" }, "geometry": { "type": "Point", "coordinates": [ 140.9906, 38.8153 ] } },
{ "type": "Feature", "properties": { "観測の種類": "GNSS", "name": "鳴子", "観測点名ローマ字": "NARUKO", "観測点コード": "950174", "緯度（度）": 38.7489, "経度（度）": 140.8017, "高さ（ｍ）": 302, "測器の深度（ｍ）": null, "維持管理機関名": "国土地理院", "維持管理機関名（英語）": "GSI", "観測開始年（西暦）": 1996, "同月": 4, "観測機器名または観測項目": "TRIMBLE Alloy" }, "geometry": { "type": "Point", "coordinates": [ 140.8017, 38.7489 ] } },
{ "type": "Feature", "properties": { "観測の種類": "GNSS", "name": "志津川", "観測点名ローマ字": "SHIZUGAWA", "観測点コード": "950175", "緯度（度）": 38.6827, "経度（度）": 141.4494, "高さ（ｍ）": 42, "測器の深度（ｍ）": null, "維持管理機関名": "国土地理院", "維持管理機関名（英語）": "GSI", "観測開始年（西暦）": 1996, "同月": 4, "観測機器名または観測項目": "TOPCON NET-G5" }, "geometry": { "type": "Point", "coordinates": [ 141.4494, 38.6827 ] } },
{ "type": "Feature", "properties": { "観測の種類": "GNSS", "name": "涌谷", "観測点名ローマ字": "WAKUYA", "観測点コード": "950176", "緯度（度）": 38.5395, "経度（度）": 141.1476, "高さ（ｍ）": 24, "測器の深度（ｍ）": null, "維持管理機関名": "国土地理院", "維持管理機関名（英語）": "GSI", "観測開始年（西暦）": 1996, "同月": 4, "観測機器名または観測項目": "TOPCON NET-G5" }, "geometry": { "type": "Point", "coordinates": [ 141.1476, 38.5395 ] } },
{ "type": "Feature", "properties": { "観測の種類": "GNSS", "name": "宮城川崎", "観測点名ローマ字": "MIYAGIKAWASAKI", "観測点コード": "950178", "緯度（度）": 38.2057, "経度（度）": 140.6429, "高さ（ｍ）": 196, "測器の深度（ｍ）": null, "維持管理機関名": "国土地理院", "維持管理機関名（英語）": "GSI", "観測開始年（西暦）": 1996, "同月": 4, "観測機器名または観測項目": "TRIMBLE Alloy" }, "geometry": { "type": "Point", "coordinates": [ 140.6429, 38.2057 ] } },
{ "type": "Feature", "properties": { "観測の種類": "GNSS", "name": "亘理", "観測点名ローマ字": "WATARI", "観測点コード": "950179", "緯度（度）": 38.0297, "経度（度）": 140.844, "高さ（ｍ）": 38, "測器の深度（ｍ）": null, "維持管理機関名": "国土地理院", "維持管理機関名（英語）": "GSI", "観測開始年（西暦）": 1996, "同月": 4, "観測機器名または観測項目": "TOPCON NET-G5" }, "geometry": { "type": "Point", "coordinates": [ 140.844, 38.0297 ] } },
{ "type": "Feature", "properties": { "観測の種類": "GNSS", "name": "七ヶ宿", "観測点名ローマ字": "SHICHIKASHUKU", "観測点コード": "950180", "緯度（度）": 37.9899, "経度（度）": 140.4426, "高さ（ｍ）": 349, "測器の深度（ｍ）": null, "維持管理機関名": "国土地理院", "維持管理機関名（英語）": "GSI", "観測開始年（西暦）": 1996, "同月": 4, "観測機器名または観測項目": "TRIMBLE Alloy" }, "geometry": { "type": "Point", "coordinates": [ 140.4426, 37.9899 ] } },
{ "type": "Feature", "properties": { "観測の種類": "GNSS", "name": "大館", "観測点名ローマ字": "OODATE", "観測点コード": "950181", "緯度（度）": 40.325, "経度（度）": 140.5774, "高さ（ｍ）": 98, "測器の深度（ｍ）": null, "維持管理機関名": "国土地理院", "維持管理機関名（英語）": "GSI", "観測開始年（西暦）": 1996, "同月": 4, "観測機器名または観測項目": "TRIMBLE Alloy" }, "geometry": { "type": "Point", "coordinates": [ 140.5774, 40.325 ] } },
{ "type": "Feature", "properties": { "観測の種類": "GNSS", "name": "藤里", "観測点名ローマ字": "FUJISATO", "観測点コード": "950182", "緯度（度）": 40.2712, "経度（度）": 140.2637, "高さ（ｍ）": 37, "測器の深度（ｍ）": null, "維持管理機関名": "国土地理院", "維持管理機関名（英語）": "GSI", "観測開始年（西暦）": 1996, "同月": 4, "観測機器名または観測項目": "TRIMBLE Alloy" }, "geometry": { "type": "Point", "coordinates": [ 140.2637, 40.2712 ] } },
{ "type": "Feature", "properties": { "観測の種類": "GNSS", "name": "鹿角", "観測点名ローマ字": "KAZUNO", "観測点コード": "950183", "緯度（度）": 40.2154, "経度（度）": 140.7873, "高さ（ｍ）": 128, "測器の深度（ｍ）": null, "維持管理機関名": "国土地理院", "維持管理機関名（英語）": "GSI", "観測開始年（西暦）": 1996, "同月": 4, "観測機器名または観測項目": "TRIMBLE Alloy" }, "geometry": { "type": "Point", "coordinates": [ 140.7873, 40.2154 ] } },
{ "type": "Feature", "properties": { "観測の種類": "GNSS", "name": "阿仁", "観測点名ローマ字": "ANI", "観測点コード": "950185", "緯度（度）": 40.0069, "経度（度）": 140.402, "高さ（ｍ）": 131, "測器の深度（ｍ）": null, "維持管理機関名": "国土地理院", "維持管理機関名（英語）": "GSI", "観測開始年（西暦）": 1996, "同月": 4, "観測機器名または観測項目": "TOPCON NET-G5" }, "geometry": { "type": "Point", "coordinates": [ 140.402, 40.0069 ] } },
{ "type": "Feature", "properties": { "観測の種類": "GNSS", "name": "五城目", "観測点名ローマ字": "GOJOUME", "観測点コード": "950186", "緯度（度）": 39.9361, "経度（度）": 140.1324, "高さ（ｍ）": 19, "測器の深度（ｍ）": null, "維持管理機関名": "国土地理院", "維持管理機関名（英語）": "GSI", "観測開始年（西暦）": 1996, "同月": 4, "観測機器名または観測項目": "TRIMBLE Alloy" }, "geometry": { "type": "Point", "coordinates": [ 140.1324, 39.9361 ] } },
{ "type": "Feature", "properties": { "観測の種類": "GNSS", "name": "西木", "観測点名ローマ字": "NISHIKI", "観測点コード": "950187", "緯度（度）": 39.7492, "経度（度）": 140.5971, "高さ（ｍ）": 174, "測器の深度（ｍ）": null, "維持管理機関名": "国土地理院", "維持管理機関名（英語）": "GSI", "観測開始年（西暦）": 1996, "同月": 4, "観測機器名または観測項目": "TRIMBLE Alloy" }, "geometry": { "type": "Point", "coordinates": [ 140.5971, 39.7492 ] } },
{ "type": "Feature", "properties": { "観測の種類": "GNSS", "name": "河辺", "観測点名ローマ字": "KAWABE", "観測点コード": "950188", "緯度（度）": 39.6583, "経度（度）": 140.2342, "高さ（ｍ）": 36, "測器の深度（ｍ）": null, "維持管理機関名": "国土地理院", "維持管理機関名（英語）": "GSI", "観測開始年（西暦）": 1996, "同月": 4, "観測機器名または観測項目": "TOPCON NET-G5" }, "geometry": { "type": "Point", "coordinates": [ 140.2342, 39.6583 ] } },
{ "type": "Feature", "properties": { "観測の種類": "GNSS", "name": "西仙北", "観測点名ローマ字": "NISHISENBOKU", "観測点コード": "950189", "緯度（度）": 39.5493, "経度（度）": 140.3866, "高さ（ｍ）": 44, "測器の深度（ｍ）": null, "維持管理機関名": "国土地理院", "維持管理機関名（英語）": "GSI", "観測開始年（西暦）": 1996, "同月": 4, "観測機器名または観測項目": "TRIMBLE Alloy" }, "geometry": { "type": "Point", "coordinates": [ 140.3866, 39.5493 ] } },
{ "type": "Feature", "properties": { "観測の種類": "GNSS", "name": "横手", "観測点名ローマ字": "YOKOTE", "観測点コード": "950190", "緯度（度）": 39.327, "経度（度）": 140.5598, "高さ（ｍ）": 64, "測器の深度（ｍ）": null, "維持管理機関名": "国土地理院", "維持管理機関名（英語）": "GSI", "観測開始年（西暦）": 1996, "同月": 4, "観測機器名または観測項目": "TRIMBLE NetR9" }, "geometry": { "type": "Point", "coordinates": [ 140.5598, 39.327 ] } },
{ "type": "Feature", "properties": { "観測の種類": "GNSS", "name": "象潟", "観測点名ローマ字": "KISAKATA", "観測点コード": "950191", "緯度（度）": 39.2061, "経度（度）": 139.9077, "高さ（ｍ）": 9, "測器の深度（ｍ）": null, "維持管理機関名": "国土地理院", "維持管理機関名（英語）": "GSI", "観測開始年（西暦）": 1996, "同月": 4, "観測機器名または観測項目": "TRIMBLE Alloy" }, "geometry": { "type": "Point", "coordinates": [ 139.9077, 39.2061 ] } },
{ "type": "Feature", "properties": { "観測の種類": "GNSS", "name": "鳥海", "観測点名ローマ字": "CHOUKAI", "観測点コード": "950192", "緯度（度）": 39.1642, "経度（度）": 140.162, "高さ（ｍ）": 258, "測器の深度（ｍ）": null, "維持管理機関名": "国土地理院", "維持管理機関名（英語）": "GSI", "観測開始年（西暦）": 1996, "同月": 4, "観測機器名または観測項目": "TRIMBLE Alloy" }, "geometry": { "type": "Point", "coordinates": [ 140.162, 39.1642 ] } },
{ "type": "Feature", "properties": { "観測の種類": "GNSS", "name": "皆瀬", "観測点名ローマ字": "MINASE", "観測点コード": "950193", "緯度（度）": 39.0519, "経度（度）": 140.6296, "高さ（ｍ）": 303, "測器の深度（ｍ）": null, "維持管理機関名": "国土地理院", "維持管理機関名（英語）": "GSI", "観測開始年（西暦）": 1996, "同月": 4, "観測機器名または観測項目": "TOPCON NET-G5" }, "geometry": { "type": "Point", "coordinates": [ 140.6296, 39.0519 ] } },
{ "type": "Feature", "properties": { "観測の種類": "GNSS", "name": "飛島", "観測点名ローマ字": "TOBISHIMA", "観測点コード": "950194", "緯度（度）": 39.1856, "経度（度）": 139.5477, "高さ（ｍ）": 7, "測器の深度（ｍ）": null, "維持管理機関名": "国土地理院", "維持管理機関名（英語）": "GSI", "観測開始年（西暦）": 1996, "同月": 4, "観測機器名または観測項目": "TOPCON NET-G5" }, "geometry": { "type": "Point", "coordinates": [ 139.5477, 39.1856 ] } },
{ "type": "Feature", "properties": { "観測の種類": "GNSS", "name": "立川", "観測点名ローマ字": "TACHIKAWA", "観測点コード": "950195", "緯度（度）": 38.7597, "経度（度）": 139.9574, "高さ（ｍ）": 21, "測器の深度（ｍ）": null, "維持管理機関名": "国土地理院", "維持管理機関名（英語）": "GSI", "観測開始年（西暦）": 1996, "同月": 4, "観測機器名または観測項目": "TRIMBLE Alloy" }, "geometry": { "type": "Point", "coordinates": [ 139.9574, 38.7597 ] } },
{ "type": "Feature", "properties": { "観測の種類": "GNSS", "name": "朝日", "観測点名ローマ字": "ASAHI", "観測点コード": "950196", "緯度（度）": 38.594, "経度（度）": 139.8318, "高さ（ｍ）": 110, "測器の深度（ｍ）": null, "維持管理機関名": "国土地理院", "維持管理機関名（英語）": "GSI", "観測開始年（西暦）": 1996, "同月": 4, "観測機器名または観測項目": "TOPCON NET-G5" }, "geometry": { "type": "Point", "coordinates": [ 139.8318, 38.594 ] } },
{ "type": "Feature", "properties": { "観測の種類": "GNSS", "name": "山形小国", "観測点名ローマ字": "YAMAGATAOGUNI", "観測点コード": "950197", "緯度（度）": 38.1462, "経度（度）": 139.7423, "高さ（ｍ）": 188, "測器の深度（ｍ）": null, "維持管理機関名": "国土地理院", "維持管理機関名（英語）": "GSI", "観測開始年（西暦）": 1996, "同月": 4, "観測機器名または観測項目": "TRIMBLE Alloy" }, "geometry": { "type": "Point", "coordinates": [ 139.7423, 38.1462 ] } },
{ "type": "Feature", "properties": { "観測の種類": "GNSS", "name": "米沢", "観測点名ローマ字": "YONEZAWA", "観測点コード": "950198", "緯度（度）": 37.9636, "経度（度）": 140.0935, "高さ（ｍ）": 232, "測器の深度（ｍ）": null, "維持管理機関名": "国土地理院", "維持管理機関名（英語）": "GSI", "観測開始年（西暦）": 1996, "同月": 4, "観測機器名または観測項目": "TRIMBLE Alloy" }, "geometry": { "type": "Point", "coordinates": [ 140.0935, 37.9636 ] } },
{ "type": "Feature", "properties": { "観測の種類": "GNSS", "name": "白鷹", "観測点名ローマ字": "SHIRATAKA", "観測点コード": "950199", "緯度（度）": 38.1975, "経度（度）": 140.0776, "高さ（ｍ）": 219, "測器の深度（ｍ）": null, "維持管理機関名": "国土地理院", "維持管理機関名（英語）": "GSI", "観測開始年（西暦）": 1996, "同月": 4, "観測機器名または観測項目": "TRIMBLE NetR9" }, "geometry": { "type": "Point", "coordinates": [ 140.0776, 38.1975 ] } },
{ "type": "Feature", "properties": { "観測の種類": "GNSS", "name": "福島", "観測点名ローマ字": "FUKUSHIMA", "観測点コード": "950200", "緯度（度）": 37.6833, "経度（度）": 140.4665, "高さ（ｍ）": 173, "測器の深度（ｍ）": null, "維持管理機関名": "国土地理院", "維持管理機関名（英語）": "GSI", "観測開始年（西暦）": 1996, "同月": 4, "観測機器名または観測項目": "TOPCON NET-G5" }, "geometry": { "type": "Point", "coordinates": [ 140.4665, 37.6833 ] } },
{ "type": "Feature", "properties": { "観測の種類": "GNSS", "name": "浪江", "観測点名ローマ字": "NAMIE", "観測点コード": "950201", "緯度（度）": 37.5606, "経度（度）": 140.7551, "高さ（ｍ）": 435, "測器の深度（ｍ）": null, "維持管理機関名": "国土地理院", "維持管理機関名（英語）": "GSI", "観測開始年（西暦）": 1996, "同月": 4, "観測機器名または観測項目": "TOPCON NET-G5" }, "geometry": { "type": "Point", "coordinates": [ 140.7551, 37.5606 ] } },
{ "type": "Feature", "properties": { "観測の種類": "GNSS", "name": "猪苗代１", "観測点名ローマ字": "INAWASHIRO1", "観測点コード": "950202", "緯度（度）": 37.5669, "経度（度）": 140.0727, "高さ（ｍ）": 632, "測器の深度（ｍ）": null, "維持管理機関名": "国土地理院", "維持管理機関名（英語）": "GSI", "観測開始年（西暦）": 1996, "同月": 4, "観測機器名または観測項目": "TRIMBLE Alloy" }, "geometry": { "type": "Point", "coordinates": [ 140.0727, 37.5669 ] } },
{ "type": "Feature", "properties": { "観測の種類": "GNSS", "name": "小高", "観測点名ローマ字": "ODAKA", "観測点コード": "950203", "緯度（度）": 37.5337, "経度（度）": 141.0066, "高さ（ｍ）": 12, "測器の深度（ｍ）": null, "維持管理機関名": "国土地理院", "維持管理機関名（英語）": "GSI", "観測開始年（西暦）": 1996, "同月": 4, "観測機器名または観測項目": "TRIMBLE Alloy" }, "geometry": { "type": "Point", "coordinates": [ 141.0066, 37.5337 ] } },
{ "type": "Feature", "properties": { "観測の種類": "GNSS", "name": "金山", "観測点名ローマ字": "KANEYAMA", "観測点コード": "950204", "緯度（度）": 37.4735, "経度（度）": 139.5286, "高さ（ｍ）": 301, "測器の深度（ｍ）": null, "維持管理機関名": "国土地理院", "維持管理機関名（英語）": "GSI", "観測開始年（西暦）": 1996, "同月": 4, "観測機器名または観測項目": "TRIMBLE Alloy" }, "geometry": { "type": "Point", "coordinates": [ 139.5286, 37.4735 ] } },
{ "type": "Feature", "properties": { "観測の種類": "GNSS", "name": "滝根", "観測点名ローマ字": "TAKINE", "観測点コード": "950205", "緯度（度）": 37.3255, "経度（度）": 140.6621, "高さ（ｍ）": 459, "測器の深度（ｍ）": null, "維持管理機関名": "国土地理院", "維持管理機関名（英語）": "GSI", "観測開始年（西暦）": 1996, "同月": 4, "観測機器名または観測項目": "TRIMBLE Alloy" }, "geometry": { "type": "Point", "coordinates": [ 140.6621, 37.3255 ] } },
{ "type": "Feature", "properties": { "観測の種類": "GNSS", "name": "只見", "観測点名ローマ字": "TADAMI", "観測点コード": "950206", "緯度（度）": 37.3028, "経度（度）": 139.3644, "高さ（ｍ）": 424, "測器の深度（ｍ）": null, "維持管理機関名": "国土地理院", "維持管理機関名（英語）": "GSI", "観測開始年（西暦）": 1996, "同月": 4, "観測機器名または観測項目": "TOPCON NET-G5" }, "geometry": { "type": "Point", "coordinates": [ 139.3644, 37.3028 ] } },
{ "type": "Feature", "properties": { "観測の種類": "GNSS", "name": "福島南郷", "観測点名ローマ字": "FUKUSHIMANANGOU", "観測点コード": "950207", "緯度（度）": 37.2815, "経度（度）": 139.5038, "高さ（ｍ）": 475, "測器の深度（ｍ）": null, "維持管理機関名": "国土地理院", "維持管理機関名（英語）": "GSI", "観測開始年（西暦）": 1996, "同月": 4, "観測機器名または観測項目": "TOPCON NET-G5" }, "geometry": { "type": "Point", "coordinates": [ 139.5038, 37.2815 ] } },
{ "type": "Feature", "properties": { "観測の種類": "GNSS", "name": "下郷", "観測点名ローマ字": "SHIMOGOU", "観測点コード": "950209", "緯度（度）": 37.2611, "経度（度）": 139.8714, "高さ（ｍ）": 481, "測器の深度（ｍ）": null, "維持管理機関名": "国土地理院", "維持管理機関名（英語）": "GSI", "観測開始年（西暦）": 1996, "同月": 4, "観測機器名または観測項目": "TOPCON NET-G5" }, "geometry": { "type": "Point", "coordinates": [ 139.8714, 37.2611 ] } },
{ "type": "Feature", "properties": { "観測の種類": "GNSS", "name": "白河", "観測点名ローマ字": "SHIRAKAWA", "観測点コード": "950210", "緯度（度）": 37.1263, "経度（度）": 140.2599, "高さ（ｍ）": 351, "測器の深度（ｍ）": null, "維持管理機関名": "国土地理院", "維持管理機関名（英語）": "GSI", "観測開始年（西暦）": 1996, "同月": 4, "観測機器名または観測項目": "TRIMBLE Alloy" }, "geometry": { "type": "Point", "coordinates": [ 140.2599, 37.1263 ] } },
{ "type": "Feature", "properties": { "観測の種類": "GNSS", "name": "古殿", "観測点名ローマ字": "FURUDONO", "観測点コード": "950211", "緯度（度）": 37.0893, "経度（度）": 140.5617, "高さ（ｍ）": 353, "測器の深度（ｍ）": null, "維持管理機関名": "国土地理院", "維持管理機関名（英語）": "GSI", "観測開始年（西暦）": 1996, "同月": 4, "観測機器名または観測項目": "TOPCON NET-G5" }, "geometry": { "type": "Point", "coordinates": [ 140.5617, 37.0893 ] } },
{ "type": "Feature", "properties": { "観測の種類": "GNSS", "name": "矢祭", "観測点名ローマ字": "YAMATSURI", "観測点コード": "950212", "緯度（度）": 36.8621, "経度（度）": 140.4133, "高さ（ｍ）": 166, "測器の深度（ｍ）": null, "維持管理機関名": "国土地理院", "維持管理機関名（英語）": "GSI", "観測開始年（西暦）": 1996, "同月": 4, "観測機器名または観測項目": "TRIMBLE Alloy" }, "geometry": { "type": "Point", "coordinates": [ 140.4133, 36.8621 ] } },
{ "type": "Feature", "properties": { "観測の種類": "GNSS", "name": "美和", "観測点名ローマ字": "MIWA", "観測点コード": "950213", "緯度（度）": 36.6506, "経度（度）": 140.2934, "高さ（ｍ）": 291, "測器の深度（ｍ）": null, "維持管理機関名": "国土地理院", "維持管理機関名（英語）": "GSI", "観測開始年（西暦）": 1996, "同月": 4, "観測機器名または観測項目": "TRIMBLE Alloy" }, "geometry": { "type": "Point", "coordinates": [ 140.2934, 36.6506 ] } },
{ "type": "Feature", "properties": { "観測の種類": "GNSS", "name": "北茨城", "観測点名ローマ字": "KITAIBARAKI", "観測点コード": "950214", "緯度（度）": 36.8003, "経度（度）": 140.7539, "高さ（ｍ）": 35, "測器の深度（ｍ）": null, "維持管理機関名": "国土地理院", "維持管理機関名（英語）": "GSI", "観測開始年（西暦）": 1996, "同月": 4, "観測機器名または観測項目": "TOPCON NET-G5" }, "geometry": { "type": "Point", "coordinates": [ 140.7539, 36.8003 ] } },
{ "type": "Feature", "properties": { "観測の種類": "GNSS", "name": "岩瀬", "観測点名ローマ字": "IWASE", "観測点コード": "950215", "緯度（度）": 36.3649, "経度（度）": 140.078, "高さ（ｍ）": 59, "測器の深度（ｍ）": null, "維持管理機関名": "国土地理院", "維持管理機関名（英語）": "GSI", "観測開始年（西暦）": 1996, "同月": 4, "観測機器名または観測項目": "TOPCON NET-G5" }, "geometry": { "type": "Point", "coordinates": [ 140.078, 36.3649 ] } },
{ "type": "Feature", "properties": { "観測の種類": "GNSS", "name": "水戸", "観測点名ローマ字": "MITO", "観測点コード": "950216", "緯度（度）": 36.3444, "経度（度）": 140.4763, "高さ（ｍ）": 32, "測器の深度（ｍ）": null, "維持管理機関名": "国土地理院", "維持管理機関名（英語）": "GSI", "観測開始年（西暦）": 1996, "同月": 4, "観測機器名または観測項目": "TRIMBLE Alloy" }, "geometry": { "type": "Point", "coordinates": [ 140.4763, 36.3444 ] } },
{ "type": "Feature", "properties": { "観測の種類": "GNSS", "name": "大田原", "観測点名ローマ字": "OOTAWARA", "観測点コード": "950217", "緯度（度）": 36.8542, "経度（度）": 140.0393, "高さ（ｍ）": 200, "測器の深度（ｍ）": null, "維持管理機関名": "国土地理院", "維持管理機関名（英語）": "GSI", "観測開始年（西暦）": 1996, "同月": 4, "観測機器名または観測項目": "TOPCON NET-G5" }, "geometry": { "type": "Point", "coordinates": [ 140.0393, 36.8542 ] } },
{ "type": "Feature", "properties": { "観測の種類": "GNSS", "name": "日光", "観測点名ローマ字": "NIKKOU", "観測点コード": "950218", "緯度（度）": 36.666, "経度（度）": 139.6193, "高さ（ｍ）": 348, "測器の深度（ｍ）": null, "維持管理機関名": "国土地理院", "維持管理機関名（英語）": "GSI", "観測開始年（西暦）": 1996, "同月": 4, "観測機器名または観測項目": "TRIMBLE Alloy" }, "geometry": { "type": "Point", "coordinates": [ 139.6193, 36.666 ] } },
{ "type": "Feature", "properties": { "観測の種類": "GNSS", "name": "宇都宮", "観測点名ローマ字": "UTSUNOMIYA", "観測点コード": "950219", "緯度（度）": 36.5989, "経度（度）": 139.9235, "高さ（ｍ）": 141, "測器の深度（ｍ）": null, "維持管理機関名": "国土地理院", "維持管理機関名（英語）": "GSI", "観測開始年（西暦）": 1996, "同月": 4, "観測機器名または観測項目": "TOPCON NET-G5" }, "geometry": { "type": "Point", "coordinates": [ 139.9235, 36.5989 ] } },
{ "type": "Feature", "properties": { "観測の種類": "GNSS", "name": "片品", "観測点名ローマ字": "KATASHINA", "観測点コード": "950220", "緯度（度）": 36.7697, "経度（度）": 139.2249, "高さ（ｍ）": 825, "測器の深度（ｍ）": null, "維持管理機関名": "国土地理院", "維持管理機関名（英語）": "GSI", "観測開始年（西暦）": 1996, "同月": 4, "観測機器名または観測項目": "TRIMBLE Alloy" }, "geometry": { "type": "Point", "coordinates": [ 139.2249, 36.7697 ] } },
{ "type": "Feature", "properties": { "観測の種類": "GNSS", "name": "嬬恋", "観測点名ローマ字": "TSUMAGOI", "観測点コード": "950221", "緯度（度）": 36.508, "経度（度）": 138.5527, "高さ（ｍ）": 971, "測器の深度（ｍ）": null, "維持管理機関名": "国土地理院", "維持管理機関名（英語）": "GSI", "観測開始年（西暦）": 1996, "同月": 4, "観測機器名または観測項目": "TOPCON NET-G5" }, "geometry": { "type": "Point", "coordinates": [ 138.5527, 36.508 ] } },
{ "type": "Feature", "properties": { "観測の種類": "GNSS", "name": "桐生", "観測点名ローマ字": "KIRYUU", "観測点コード": "950222", "緯度（度）": 36.4216, "経度（度）": 139.3304, "高さ（ｍ）": 153, "測器の深度（ｍ）": null, "維持管理機関名": "国土地理院", "維持管理機関名（英語）": "GSI", "観測開始年（西暦）": 1996, "同月": 4, "観測機器名または観測項目": "TOPCON NET-G5" }, "geometry": { "type": "Point", "coordinates": [ 139.3304, 36.4216 ] } },
{ "type": "Feature", "properties": { "観測の種類": "GNSS", "name": "秩父", "観測点名ローマ字": "CHICHIBU", "観測点コード": "950223", "緯度（度）": 35.9869, "経度（度）": 139.0757, "高さ（ｍ）": 242, "測器の深度（ｍ）": null, "維持管理機関名": "国土地理院", "維持管理機関名（英語）": "GSI", "観測開始年（西暦）": 1996, "同月": 4, "観測機器名または観測項目": "TOPCON NET-G5" }, "geometry": { "type": "Point", "coordinates": [ 139.0757, 35.9869 ] } },
{ "type": "Feature", "properties": { "観測の種類": "GNSS", "name": "越谷", "観測点名ローマ字": "KOSHIGAYA", "観測点コード": "950224", "緯度（度）": 35.896, "経度（度）": 139.796, "高さ（ｍ）": 10, "測器の深度（ｍ）": null, "維持管理機関名": "国土地理院", "維持管理機関名（英語）": "GSI", "観測開始年（西暦）": 1996, "同月": 4, "観測機器名または観測項目": "TOPCON NET-G5" }, "geometry": { "type": "Point", "coordinates": [ 139.796, 35.896 ] } },
{ "type": "Feature", "properties": { "観測の種類": "GNSS", "name": "千葉花見川", "観測点名ローマ字": "CHIBAHANAMIGAWA", "観測点コード": "950225", "緯度（度）": 35.6572, "経度（度）": 140.0481, "高さ（ｍ）": 8, "測器の深度（ｍ）": null, "維持管理機関名": "国土地理院", "維持管理機関名（英語）": "GSI", "観測開始年（西暦）": 1996, "同月": 4, "観測機器名または観測項目": "TRIMBLE Alloy" }, "geometry": { "type": "Point", "coordinates": [ 140.0481, 35.6572 ] } },
{ "type": "Feature", "properties": { "観測の種類": "GNSS", "name": "千葉大原", "観測点名ローマ字": "CHIBAOOHARA", "観測点コード": "950226", "緯度（度）": 35.2432, "経度（度）": 140.3849, "高さ（ｍ）": 11, "測器の深度（ｍ）": null, "維持管理機関名": "国土地理院", "維持管理機関名（英語）": "GSI", "観測開始年（西暦）": 1996, "同月": 4, "観測機器名または観測項目": "TOPCON NET-G5" }, "geometry": { "type": "Point", "coordinates": [ 140.3849, 35.2432 ] } },
{ "type": "Feature", "properties": { "観測の種類": "GNSS", "name": "丸山", "観測点名ローマ字": "MARUYAMA", "観測点コード": "950227", "緯度（度）": 35.0028, "経度（度）": 139.9749, "高さ（ｍ）": 11, "測器の深度（ｍ）": null, "維持管理機関名": "国土地理院", "維持管理機関名（英語）": "GSI", "観測開始年（西暦）": 1996, "同月": 4, "観測機器名または観測項目": "TOPCON NET-G5" }, "geometry": { "type": "Point", "coordinates": [ 139.9749, 35.0028 ] } },
{ "type": "Feature", "properties": { "観測の種類": "GNSS", "name": "世田谷", "観測点名ローマ字": "SETAGAYA", "観測点コード": "950228", "緯度（度）": 35.6637, "経度（度）": 139.6307, "高さ（ｍ）": 46, "測器の深度（ｍ）": null, "維持管理機関名": "国土地理院", "維持管理機関名（英語）": "GSI", "観測開始年（西暦）": 1996, "同月": 4, "観測機器名または観測項目": "TRIMBLE Alloy" }, "geometry": { "type": "Point", "coordinates": [ 139.6307, 35.6637 ] } },
{ "type": "Feature", "properties": { "観測の種類": "GNSS", "name": "大井", "観測点名ローマ字": "OOI", "観測点コード": "950229", "緯度（度）": 35.3362, "経度（度）": 139.1626, "高さ（ｍ）": 105, "測器の深度（ｍ）": null, "維持管理機関名": "国土地理院", "維持管理機関名（英語）": "GSI", "観測開始年（西暦）": 1996, "同月": 4, "観測機器名または観測項目": "TRIMBLE Alloy" }, "geometry": { "type": "Point", "coordinates": [ 139.1626, 35.3362 ] } },
{ "type": "Feature", "properties": { "観測の種類": "GNSS", "name": "小田原", "観測点名ローマ字": "ODAWARA", "観測点コード": "950230", "緯度（度）": 35.2686, "経度（度）": 139.1424, "高さ（ｍ）": 25, "測器の深度（ｍ）": null, "維持管理機関名": "国土地理院", "維持管理機関名（英語）": "GSI", "観測開始年（西暦）": 1996, "同月": 4, "観測機器名または観測項目": "TOPCON NET-G5" }, "geometry": { "type": "Point", "coordinates": [ 139.1424, 35.2686 ] } },
{ "type": "Feature", "properties": { "観測の種類": "GNSS", "name": "粟島浦", "観測点名ローマ字": "AWASHIMAURA", "観測点コード": "950231", "緯度（度）": 38.4654, "経度（度）": 139.2534, "高さ（ｍ）": 9, "測器の深度（ｍ）": null, "維持管理機関名": "国土地理院", "維持管理機関名（英語）": "GSI", "観測開始年（西暦）": 1996, "同月": 4, "観測機器名または観測項目": "TOPCON NET-G5" }, "geometry": { "type": "Point", "coordinates": [ 139.2534, 38.4654 ] } },
{ "type": "Feature", "properties": { "観測の種類": "GNSS", "name": "両津１", "観測点名ローマ字": "RYOUTSU1", "観測点コード": "950232", "緯度（度）": 38.3193, "経度（度）": 138.5131, "高さ（ｍ）": 48, "測器の深度（ｍ）": null, "維持管理機関名": "国土地理院", "維持管理機関名（英語）": "GSI", "観測開始年（西暦）": 1996, "同月": 4, "観測機器名または観測項目": "TRIMBLE Alloy" }, "geometry": { "type": "Point", "coordinates": [ 138.5131, 38.3193 ] } },
{ "type": "Feature", "properties": { "観測の種類": "GNSS", "name": "両津２", "観測点名ローマ字": "RYOUTSU2", "観測点コード": "950233", "緯度（度）": 38.0633, "経度（度）": 138.4717, "高さ（ｍ）": 8, "測器の深度（ｍ）": null, "維持管理機関名": "国土地理院", "維持管理機関名（英語）": "GSI", "観測開始年（西暦）": 1996, "同月": 4, "観測機器名または観測項目": "TRIMBLE Alloy" }, "geometry": { "type": "Point", "coordinates": [ 138.4717, 38.0633 ] } },
{ "type": "Feature", "properties": { "観測の種類": "GNSS", "name": "小木", "観測点名ローマ字": "OGI", "観測点コード": "950235", "緯度（度）": 37.8159, "経度（度）": 138.2731, "高さ（ｍ）": 7, "測器の深度（ｍ）": null, "維持管理機関名": "国土地理院", "維持管理機関名（英語）": "GSI", "観測開始年（西暦）": 1996, "同月": 4, "観測機器名または観測項目": "TRIMBLE Alloy" }, "geometry": { "type": "Point", "coordinates": [ 138.2731, 37.8159 ] } },
{ "type": "Feature", "properties": { "観測の種類": "GNSS", "name": "鹿瀬", "観測点名ローマ字": "KANOSE", "観測点コード": "950236", "緯度（度）": 37.6859, "経度（度）": 139.4779, "高さ（ｍ）": 75, "測器の深度（ｍ）": null, "維持管理機関名": "国土地理院", "維持管理機関名（英語）": "GSI", "観測開始年（西暦）": 1996, "同月": 4, "観測機器名または観測項目": "TOPCON NET-G5" }, "geometry": { "type": "Point", "coordinates": [ 139.4779, 37.6859 ] } },
{ "type": "Feature", "properties": { "観測の種類": "GNSS", "name": "寺泊", "観測点名ローマ字": "TERADOMARI", "観測点コード": "950237", "緯度（度）": 37.6675, "経度（度）": 138.7805, "高さ（ｍ）": 29, "測器の深度（ｍ）": null, "維持管理機関名": "国土地理院", "維持管理機関名（英語）": "GSI", "観測開始年（西暦）": 1996, "同月": 4, "観測機器名または観測項目": "TOPCON NET-G5" }, "geometry": { "type": "Point", "coordinates": [ 138.7805, 37.6675 ] } },
{ "type": "Feature", "properties": { "観測の種類": "GNSS", "name": "新潟加茂", "観測点名ローマ字": "NIIGATAKAMO", "観測点コード": "950238", "緯度（度）": 37.6623, "経度（度）": 139.0591, "高さ（ｍ）": 19, "測器の深度（ｍ）": null, "維持管理機関名": "国土地理院", "維持管理機関名（英語）": "GSI", "観測開始年（西暦）": 1996, "同月": 4, "観測機器名または観測項目": "TRIMBLE NetR9" }, "geometry": { "type": "Point", "coordinates": [ 139.0591, 37.6623 ] } },
{ "type": "Feature", "properties": { "観測の種類": "GNSS", "name": "栃尾", "観測点名ローマ字": "TOCHIO", "観測点コード": "950239", "緯度（度）": 37.4677, "経度（度）": 138.998, "高さ（ｍ）": 124, "測器の深度（ｍ）": null, "維持管理機関名": "国土地理院", "維持管理機関名（英語）": "GSI", "観測開始年（西暦）": 1996, "同月": 4, "観測機器名または観測項目": "TRIMBLE Alloy" }, "geometry": { "type": "Point", "coordinates": [ 138.998, 37.4677 ] } },
{ "type": "Feature", "properties": { "観測の種類": "GNSS", "name": "小千谷", "観測点名ローマ字": "OJIYA", "観測点コード": "950240", "緯度（度）": 37.3113, "経度（度）": 138.79, "高さ（ｍ）": 64, "測器の深度（ｍ）": null, "維持管理機関名": "国土地理院", "維持管理機関名（英語）": "GSI", "観測開始年（西暦）": 1996, "同月": 4, "観測機器名または観測項目": "TOPCON NET-G5" }, "geometry": { "type": "Point", "coordinates": [ 138.79, 37.3113 ] } },
{ "type": "Feature", "properties": { "観測の種類": "GNSS", "name": "大潟", "観測点名ローマ字": "OOGATA", "観測点コード": "950241", "緯度（度）": 37.2311, "経度（度）": 138.3336, "高さ（ｍ）": 38, "測器の深度（ｍ）": null, "維持管理機関名": "国土地理院", "維持管理機関名（英語）": "GSI", "観測開始年（西暦）": 1996, "同月": 4, "観測機器名または観測項目": "TOPCON NET-G5" }, "geometry": { "type": "Point", "coordinates": [ 138.3336, 37.2311 ] } },
{ "type": "Feature", "properties": { "観測の種類": "GNSS", "name": "新潟大和", "観測点名ローマ字": "NIIGATAYAMATO", "観測点コード": "950242", "緯度（度）": 37.166, "経度（度）": 138.9337, "高さ（ｍ）": 135, "測器の深度（ｍ）": null, "維持管理機関名": "国土地理院", "維持管理機関名（英語）": "GSI", "観測開始年（西暦）": 1996, "同月": 4, "観測機器名または観測項目": "TOPCON NET-G5" }, "geometry": { "type": "Point", "coordinates": [ 138.9337, 37.166 ] } },
{ "type": "Feature", "properties": { "観測の種類": "GNSS", "name": "名立", "観測点名ローマ字": "NADACHI", "観測点コード": "950243", "緯度（度）": 37.1608, "経度（度）": 138.1002, "高さ（ｍ）": 255, "測器の深度（ｍ）": null, "維持管理機関名": "国土地理院", "維持管理機関名（英語）": "GSI", "観測開始年（西暦）": 1996, "同月": 4, "観測機器名または観測項目": "TOPCON NET-G5" }, "geometry": { "type": "Point", "coordinates": [ 138.1002, 37.1608 ] } },
{ "type": "Feature", "properties": { "観測の種類": "GNSS", "name": "松之山", "観測点名ローマ字": "MATSUNOYAMA", "観測点コード": "950244", "緯度（度）": 37.0791, "経度（度）": 138.6087, "高さ（ｍ）": 407, "測器の深度（ｍ）": null, "維持管理機関名": "国土地理院", "維持管理機関名（英語）": "GSI", "観測開始年（西暦）": 1996, "同月": 4, "観測機器名または観測項目": "TRIMBLE Alloy" }, "geometry": { "type": "Point", "coordinates": [ 138.6087, 37.0791 ] } },
{ "type": "Feature", "properties": { "観測の種類": "GNSS", "name": "糸魚川１", "観測点名ローマ字": "ITOIGAWA1", "観測点コード": "950245", "緯度（度）": 37.0452, "経度（度）": 137.8739, "高さ（ｍ）": 13, "測器の深度（ｍ）": null, "維持管理機関名": "国土地理院", "維持管理機関名（英語）": "GSI", "観測開始年（西暦）": 1996, "同月": 4, "観測機器名または観測項目": "TRIMBLE Alloy" }, "geometry": { "type": "Point", "coordinates": [ 137.8739, 37.0452 ] } },
{ "type": "Feature", "properties": { "観測の種類": "GNSS", "name": "塩沢", "観測点名ローマ字": "SHIOZAWA", "観測点コード": "950246", "緯度（度）": 36.9935, "経度（度）": 138.8309, "高さ（ｍ）": 266, "測器の深度（ｍ）": null, "維持管理機関名": "国土地理院", "維持管理機関名（英語）": "GSI", "観測開始年（西暦）": 1996, "同月": 4, "観測機器名または観測項目": "TRIMBLE Alloy" }, "geometry": { "type": "Point", "coordinates": [ 138.8309, 36.9935 ] } },
{ "type": "Feature", "properties": { "観測の種類": "GNSS", "name": "妙高高原", "観測点名ローマ字": "MYOUKOUKOUGEN", "観測点コード": "950247", "緯度（度）": 36.8654, "経度（度）": 138.1987, "高さ（ｍ）": 583, "測器の深度（ｍ）": null, "維持管理機関名": "国土地理院", "維持管理機関名（英語）": "GSI", "観測開始年（西暦）": 1996, "同月": 4, "観測機器名または観測項目": "TRIMBLE Alloy" }, "geometry": { "type": "Point", "coordinates": [ 138.1987, 36.8654 ] } },
{ "type": "Feature", "properties": { "観測の種類": "GNSS", "name": "高岡", "観測点名ローマ字": "TAKAOKA", "観測点コード": "950248", "緯度（度）": 36.7406, "経度（度）": 136.9961, "高さ（ｍ）": 12, "測器の深度（ｍ）": null, "維持管理機関名": "国土地理院", "維持管理機関名（英語）": "GSI", "観測開始年（西暦）": 1996, "同月": 4, "観測機器名または観測項目": "TOPCON NET-G5" }, "geometry": { "type": "Point", "coordinates": [ 136.9961, 36.7406 ] } },
{ "type": "Feature", "properties": { "観測の種類": "GNSS", "name": "大山", "観測点名ローマ字": "OOYAMA", "観測点コード": "950250", "緯度（度）": 36.5787, "経度（度）": 137.4399, "高さ（ｍ）": 589, "測器の深度（ｍ）": null, "維持管理機関名": "国土地理院", "維持管理機関名（英語）": "GSI", "観測開始年（西暦）": 1996, "同月": 4, "観測機器名または観測項目": "TOPCON NET-G5" }, "geometry": { "type": "Point", "coordinates": [ 137.4399, 36.5787 ] } },
{ "type": "Feature", "properties": { "観測の種類": "GNSS", "name": "上平", "観測点名ローマ字": "KAMITAIRA", "観測点コード": "950251", "緯度（度）": 36.4019, "経度（度）": 136.9206, "高さ（ｍ）": 319, "測器の深度（ｍ）": null, "維持管理機関名": "国土地理院", "維持管理機関名（英語）": "GSI", "観測開始年（西暦）": 1996, "同月": 4, "観測機器名または観測項目": "TOPCON NET-G5" }, "geometry": { "type": "Point", "coordinates": [ 136.9206, 36.4019 ] } },
{ "type": "Feature", "properties": { "観測の種類": "GNSS", "name": "舳倉島", "観測点名ローマ字": "HEKURAJIMA", "観測点コード": "950252", "緯度（度）": 37.8505, "経度（度）": 136.9193, "高さ（ｍ）": 13, "測器の深度（ｍ）": null, "維持管理機関名": "国土地理院", "維持管理機関名（英語）": "GSI", "観測開始年（西暦）": 1996, "同月": 4, "観測機器名または観測項目": "TRIMBLE NetR9" }, "geometry": { "type": "Point", "coordinates": [ 136.9193, 37.8505 ] } },
{ "type": "Feature", "properties": { "観測の種類": "GNSS", "name": "珠洲", "観測点名ローマ字": "SUZU", "観測点コード": "950253", "緯度（度）": 37.446, "経度（度）": 137.2701, "高さ（ｍ）": 13, "測器の深度（ｍ）": null, "維持管理機関名": "国土地理院", "維持管理機関名（英語）": "GSI", "観測開始年（西暦）": 1996, "同月": 4, "観測機器名または観測項目": "TRIMBLE Alloy" }, "geometry": { "type": "Point", "coordinates": [ 137.2701, 37.446 ] } },
{ "type": "Feature", "properties": { "観測の種類": "GNSS", "name": "小松", "観測点名ローマ字": "KOMATSU", "観測点コード": "950255", "緯度（度）": 36.3945, "経度（度）": 136.3889, "高さ（ｍ）": 10, "測器の深度（ｍ）": null, "維持管理機関名": "国土地理院", "維持管理機関名（英語）": "GSI", "観測開始年（西暦）": 1996, "同月": 4, "観測機器名または観測項目": "TRIMBLE Alloy" }, "geometry": { "type": "Point", "coordinates": [ 136.3889, 36.3945 ] } },
{ "type": "Feature", "properties": { "観測の種類": "GNSS", "name": "白峰", "観測点名ローマ字": "SHIRAMINE", "観測点コード": "950256", "緯度（度）": 36.1653, "経度（度）": 136.6339, "高さ（ｍ）": 533, "測器の深度（ｍ）": null, "維持管理機関名": "国土地理院", "維持管理機関名（英語）": "GSI", "観測開始年（西暦）": 1996, "同月": 4, "観測機器名または観測項目": "TRIMBLE Alloy" }, "geometry": { "type": "Point", "coordinates": [ 136.6339, 36.1653 ] } },
{ "type": "Feature", "properties": { "観測の種類": "GNSS", "name": "丸岡", "観測点名ローマ字": "MARUOKA", "観測点コード": "950257", "緯度（度）": 36.1456, "経度（度）": 136.2789, "高さ（ｍ）": 17, "測器の深度（ｍ）": null, "維持管理機関名": "国土地理院", "維持管理機関名（英語）": "GSI", "観測開始年（西暦）": 1996, "同月": 4, "観測機器名または観測項目": "TOPCON NET-G5" }, "geometry": { "type": "Point", "coordinates": [ 136.2789, 36.1456 ] } },
{ "type": "Feature", "properties": { "観測の種類": "GNSS", "name": "大野", "観測点名ローマ字": "OONO", "観測点コード": "950258", "緯度（度）": 35.9849, "経度（度）": 136.5049, "高さ（ｍ）": 182, "測器の深度（ｍ）": null, "維持管理機関名": "国土地理院", "維持管理機関名（英語）": "GSI", "観測開始年（西暦）": 1996, "同月": 4, "観測機器名または観測項目": "TRIMBLE Alloy" }, "geometry": { "type": "Point", "coordinates": [ 136.5049, 35.9849 ] } },
{ "type": "Feature", "properties": { "観測の種類": "GNSS", "name": "越前", "観測点名ローマ字": "ECHIZEN", "観測点コード": "950259", "緯度（度）": 35.945, "経度（度）": 135.9898, "高さ（ｍ）": 77, "測器の深度（ｍ）": null, "維持管理機関名": "国土地理院", "維持管理機関名（英語）": "GSI", "観測開始年（西暦）": 1996, "同月": 4, "観測機器名または観測項目": "TOPCON NET-G5" }, "geometry": { "type": "Point", "coordinates": [ 135.9898, 35.945 ] } },
{ "type": "Feature", "properties": { "観測の種類": "GNSS", "name": "今庄", "観測点名ローマ字": "IMAJOU", "観測点コード": "950260", "緯度（度）": 35.7928, "経度（度）": 136.1974, "高さ（ｍ）": 112, "測器の深度（ｍ）": null, "維持管理機関名": "国土地理院", "維持管理機関名（英語）": "GSI", "観測開始年（西暦）": 1996, "同月": 4, "観測機器名または観測項目": "TRIMBLE NetR9" }, "geometry": { "type": "Point", "coordinates": [ 136.1974, 35.7928 ] } },
{ "type": "Feature", "properties": { "観測の種類": "GNSS", "name": "三方", "観測点名ローマ字": "MIKATA", "観測点コード": "950261", "緯度（度）": 35.5344, "経度（度）": 135.9076, "高さ（ｍ）": 24, "測器の深度（ｍ）": null, "維持管理機関名": "国土地理院", "維持管理機関名（英語）": "GSI", "観測開始年（西暦）": 1996, "同月": 4, "観測機器名または観測項目": "TRIMBLE Alloy" }, "geometry": { "type": "Point", "coordinates": [ 135.9076, 35.5344 ] } },
{ "type": "Feature", "properties": { "観測の種類": "GNSS", "name": "小淵沢", "観測点名ローマ字": "KOBUCHIZAWA", "観測点コード": "950263", "緯度（度）": 35.856, "経度（度）": 138.3164, "高さ（ｍ）": 845, "測器の深度（ｍ）": null, "維持管理機関名": "国土地理院", "維持管理機関名（英語）": "GSI", "観測開始年（西暦）": 1996, "同月": 4, "観測機器名または観測項目": "TRIMBLE Alloy" }, "geometry": { "type": "Point", "coordinates": [ 138.3164, 35.856 ] } },
{ "type": "Feature", "properties": { "観測の種類": "GNSS", "name": "牧丘", "観測点名ローマ字": "MAKIOKA", "観測点コード": "950264", "緯度（度）": 35.7469, "経度（度）": 138.6951, "高さ（ｍ）": 622, "測器の深度（ｍ）": null, "維持管理機関名": "国土地理院", "維持管理機関名（英語）": "GSI", "観測開始年（西暦）": 1996, "同月": 4, "観測機器名または観測項目": "TRIMBLE Alloy" }, "geometry": { "type": "Point", "coordinates": [ 138.6951, 35.7469 ] } },
{ "type": "Feature", "properties": { "観測の種類": "GNSS", "name": "山ノ内", "観測点名ローマ字": "YAMANOUCHI", "観測点コード": "950265", "緯度（度）": 36.8017, "経度（度）": 138.4362, "高さ（ｍ）": 689, "測器の深度（ｍ）": null, "維持管理機関名": "国土地理院", "維持管理機関名（英語）": "GSI", "観測開始年（西暦）": 1996, "同月": 4, "観測機器名または観測項目": "TOPCON NET-G5" }, "geometry": { "type": "Point", "coordinates": [ 138.4362, 36.8017 ] } },
{ "type": "Feature", "properties": { "観測の種類": "GNSS", "name": "白馬", "観測点名ローマ字": "HAKUBA", "観測点コード": "950266", "緯度（度）": 36.7065, "経度（度）": 137.8723, "高さ（ｍ）": 687, "測器の深度（ｍ）": null, "維持管理機関名": "国土地理院", "維持管理機関名（英語）": "GSI", "観測開始年（西暦）": 1996, "同月": 4, "観測機器名または観測項目": "TOPCON NET-G5" }, "geometry": { "type": "Point", "coordinates": [ 137.8723, 36.7065 ] } },
{ "type": "Feature", "properties": { "観測の種類": "GNSS", "name": "長野", "観測点名ローマ字": "NAGANO", "観測点コード": "950267", "緯度（度）": 36.6652, "経度（度）": 138.2475, "高さ（ｍ）": 344, "測器の深度（ｍ）": null, "維持管理機関名": "国土地理院", "維持管理機関名（英語）": "GSI", "観測開始年（西暦）": 1996, "同月": 4, "観測機器名または観測項目": "TRIMBLE Alloy" }, "geometry": { "type": "Point", "coordinates": [ 138.2475, 36.6652 ] } },
{ "type": "Feature", "properties": { "観測の種類": "GNSS", "name": "東部", "観測点名ローマ字": "TOUBU", "観測点コード": "950268", "緯度（度）": 36.3862, "経度（度）": 138.3225, "高さ（ｍ）": 696, "測器の深度（ｍ）": null, "維持管理機関名": "国土地理院", "維持管理機関名（英語）": "GSI", "観測開始年（西暦）": 1996, "同月": 4, "観測機器名または観測項目": "TRIMBLE Alloy" }, "geometry": { "type": "Point", "coordinates": [ 138.3225, 36.3862 ] } },
{ "type": "Feature", "properties": { "観測の種類": "GNSS", "name": "軽井沢", "観測点名ローマ字": "KARUIZAWA", "観測点コード": "950269", "緯度（度）": 36.346, "経度（度）": 138.6378, "高さ（ｍ）": 948, "測器の深度（ｍ）": null, "維持管理機関名": "国土地理院", "維持管理機関名（英語）": "GSI", "観測開始年（西暦）": 1996, "同月": 4, "観測機器名または観測項目": "TOPCON NET-G5" }, "geometry": { "type": "Point", "coordinates": [ 138.6378, 36.346 ] } },
{ "type": "Feature", "properties": { "観測の種類": "GNSS", "name": "豊科", "観測点名ローマ字": "TOYOSHINA", "観測点コード": "950270", "緯度（度）": 36.3224, "経度（度）": 137.9028, "高さ（ｍ）": 536, "測器の深度（ｍ）": null, "維持管理機関名": "国土地理院", "維持管理機関名（英語）": "GSI", "観測開始年（西暦）": 1996, "同月": 4, "観測機器名または観測項目": "TOPCON NET-G5" }, "geometry": { "type": "Point", "coordinates": [ 137.9028, 36.3224 ] } },
{ "type": "Feature", "properties": { "観測の種類": "GNSS", "name": "和田", "観測点名ローマ字": "WADA", "観測点コード": "950271", "緯度（度）": 36.2085, "経度（度）": 138.2165, "高さ（ｍ）": 820, "測器の深度（ｍ）": null, "維持管理機関名": "国土地理院", "維持管理機関名（英語）": "GSI", "観測開始年（西暦）": 1996, "同月": 4, "観測機器名または観測項目": "TOPCON NET-G5" }, "geometry": { "type": "Point", "coordinates": [ 138.2165, 36.2085 ] } },
{ "type": "Feature", "properties": { "観測の種類": "GNSS", "name": "八千穂", "観測点名ローマ字": "YACHIHO", "観測点コード": "950272", "緯度（度）": 36.1306, "経度（度）": 138.461, "高さ（ｍ）": 893, "測器の深度（ｍ）": null, "維持管理機関名": "国土地理院", "維持管理機関名（英語）": "GSI", "観測開始年（西暦）": 1996, "同月": 4, "観測機器名または観測項目": "TRIMBLE Alloy" }, "geometry": { "type": "Point", "coordinates": [ 138.461, 36.1306 ] } },
{ "type": "Feature", "properties": { "観測の種類": "GNSS", "name": "塩尻", "観測点名ローマ字": "SHIOJIRI", "観測点コード": "950273", "緯度（度）": 36.1211, "経度（度）": 137.983, "高さ（ｍ）": 769, "測器の深度（ｍ）": null, "維持管理機関名": "国土地理院", "維持管理機関名（英語）": "GSI", "観測開始年（西暦）": 1996, "同月": 4, "観測機器名または観測項目": "TOPCON NET-G5" }, "geometry": { "type": "Point", "coordinates": [ 137.983, 36.1211 ] } },
{ "type": "Feature", "properties": { "観測の種類": "GNSS", "name": "上松", "観測点名ローマ字": "AGEMATSU", "観測点コード": "950274", "緯度（度）": 35.7836, "経度（度）": 137.6963, "高さ（ｍ）": 777, "測器の深度（ｍ）": null, "維持管理機関名": "国土地理院", "維持管理機関名（英語）": "GSI", "観測開始年（西暦）": 1996, "同月": 4, "観測機器名または観測項目": "TRIMBLE Alloy" }, "geometry": { "type": "Point", "coordinates": [ 137.6963, 35.7836 ] } },
{ "type": "Feature", "properties": { "観測の種類": "GNSS", "name": "大鹿", "観測点名ローマ字": "OOSHIKA", "観測点コード": "950275", "緯度（度）": 35.5561, "経度（度）": 138.0383, "高さ（ｍ）": 726, "測器の深度（ｍ）": null, "維持管理機関名": "国土地理院", "維持管理機関名（英語）": "GSI", "観測開始年（西暦）": 1996, "同月": 4, "観測機器名または観測項目": "TRIMBLE Alloy" }, "geometry": { "type": "Point", "coordinates": [ 138.0383, 35.5561 ] } },
{ "type": "Feature", "properties": { "観測の種類": "GNSS", "name": "飯田", "観測点名ローマ字": "IIDA", "観測点コード": "950276", "緯度（度）": 35.5211, "経度（度）": 137.8152, "高さ（ｍ）": 528, "測器の深度（ｍ）": null, "維持管理機関名": "国土地理院", "維持管理機関名（英語）": "GSI", "観測開始年（西暦）": 1996, "同月": 4, "観測機器名または観測項目": "TRIMBLE Alloy" }, "geometry": { "type": "Point", "coordinates": [ 137.8152, 35.5211 ] } },
{ "type": "Feature", "properties": { "観測の種類": "GNSS", "name": "南信濃", "観測点名ローマ字": "MINAMISHINANO", "観測点コード": "950277", "緯度（度）": 35.3171, "経度（度）": 137.9253, "高さ（ｍ）": 398, "測器の深度（ｍ）": null, "維持管理機関名": "国土地理院", "維持管理機関名（英語）": "GSI", "観測開始年（西暦）": 1996, "同月": 4, "観測機器名または観測項目": "TOPCON NET-G5" }, "geometry": { "type": "Point", "coordinates": [ 137.9253, 35.3171 ] } },
{ "type": "Feature", "properties": { "観測の種類": "GNSS", "name": "根羽", "観測点名ローマ字": "NEBA", "観測点コード": "950278", "緯度（度）": 35.247, "経度（度）": 137.5877, "高さ（ｍ）": 638, "測器の深度（ｍ）": null, "維持管理機関名": "国土地理院", "維持管理機関名（英語）": "GSI", "観測開始年（西暦）": 1996, "同月": 4, "観測機器名または観測項目": "TOPCON NET-G5" }, "geometry": { "type": "Point", "coordinates": [ 137.5877, 35.247 ] } },
{ "type": "Feature", "properties": { "観測の種類": "GNSS", "name": "宮川", "観測点名ローマ字": "MIYAGAWA", "観測点コード": "950279", "緯度（度）": 36.3355, "経度（度）": 137.1472, "高さ（ｍ）": 480, "測器の深度（ｍ）": null, "維持管理機関名": "国土地理院", "維持管理機関名（英語）": "GSI", "観測開始年（西暦）": 1996, "同月": 4, "観測機器名または観測項目": "TRIMBLE Alloy" }, "geometry": { "type": "Point", "coordinates": [ 137.1472, 36.3355 ] } },
{ "type": "Feature", "properties": { "観測の種類": "GNSS", "name": "荘川", "観測点名ローマ字": "SHOUKAWA", "観測点コード": "950280", "緯度（度）": 36.033, "経度（度）": 136.9528, "高さ（ｍ）": 805, "測器の深度（ｍ）": null, "維持管理機関名": "国土地理院", "維持管理機関名（英語）": "GSI", "観測開始年（西暦）": 1996, "同月": 4, "観測機器名または観測項目": "TRIMBLE Alloy" }, "geometry": { "type": "Point", "coordinates": [ 136.9528, 36.033 ] } },
{ "type": "Feature", "properties": { "観測の種類": "GNSS", "name": "高根", "観測点名ローマ字": "TAKANE", "観測点コード": "950281", "緯度（度）": 35.9735, "経度（度）": 137.5349, "高さ（ｍ）": 1309, "測器の深度（ｍ）": null, "維持管理機関名": "国土地理院", "維持管理機関名（英語）": "GSI", "観測開始年（西暦）": 1996, "同月": 4, "観測機器名または観測項目": "TRIMBLE Alloy" }, "geometry": { "type": "Point", "coordinates": [ 137.5349, 35.9735 ] } },
{ "type": "Feature", "properties": { "観測の種類": "GNSS", "name": "白鳥", "観測点名ローマ字": "SHIROTORI", "観測点コード": "950282", "緯度（度）": 35.8669, "経度（度）": 136.8632, "高さ（ｍ）": 364, "測器の深度（ｍ）": null, "維持管理機関名": "国土地理院", "維持管理機関名（英語）": "GSI", "観測開始年（西暦）": 1996, "同月": 4, "観測機器名または観測項目": "TOPCON NET-G5" }, "geometry": { "type": "Point", "coordinates": [ 136.8632, 35.8669 ] } },
{ "type": "Feature", "properties": { "観測の種類": "GNSS", "name": "八幡", "観測点名ローマ字": "HACHIMAN", "観測点コード": "950283", "緯度（度）": 35.7578, "経度（度）": 136.9753, "高さ（ｍ）": 247, "測器の深度（ｍ）": null, "維持管理機関名": "国土地理院", "維持管理機関名（英語）": "GSI", "観測開始年（西暦）": 1996, "同月": 4, "観測機器名または観測項目": "TRIMBLE Alloy" }, "geometry": { "type": "Point", "coordinates": [ 136.9753, 35.7578 ] } },
{ "type": "Feature", "properties": { "観測の種類": "GNSS", "name": "付知", "観測点名ローマ字": "TSUKECHI", "観測点コード": "950284", "緯度（度）": 35.6572, "経度（度）": 137.4248, "高さ（ｍ）": 472, "測器の深度（ｍ）": null, "維持管理機関名": "国土地理院", "維持管理機関名（英語）": "GSI", "観測開始年（西暦）": 1996, "同月": 4, "観測機器名または観測項目": "TRIMBLE Alloy" }, "geometry": { "type": "Point", "coordinates": [ 137.4248, 35.6572 ] } },
{ "type": "Feature", "properties": { "観測の種類": "GNSS", "name": "藤橋", "観測点名ローマ字": "FUJIHASHI", "観測点コード": "950285", "緯度（度）": 35.6362, "経度（度）": 136.4888, "高さ（ｍ）": 229, "測器の深度（ｍ）": null, "維持管理機関名": "国土地理院", "維持管理機関名（英語）": "GSI", "観測開始年（西暦）": 1996, "同月": 4, "観測機器名または観測項目": "TRIMBLE Alloy" }, "geometry": { "type": "Point", "coordinates": [ 136.4888, 35.6362 ] } },
{ "type": "Feature", "properties": { "観測の種類": "GNSS", "name": "根尾", "観測点名ローマ字": "NEO", "観測点コード": "950286", "緯度（度）": 35.6329, "経度（度）": 136.6114, "高さ（ｍ）": 186, "測器の深度（ｍ）": null, "維持管理機関名": "国土地理院", "維持管理機関名（英語）": "GSI", "観測開始年（西暦）": 1996, "同月": 4, "観測機器名または観測項目": "TOPCON NET-G5" }, "geometry": { "type": "Point", "coordinates": [ 136.6114, 35.6329 ] } },
{ "type": "Feature", "properties": { "観測の種類": "GNSS", "name": "加茂白川", "観測点名ローマ字": "KAMOSHIRAKAWA", "観測点コード": "950287", "緯度（度）": 35.6121, "経度（度）": 137.1741, "高さ（ｍ）": 202, "測器の深度（ｍ）": null, "維持管理機関名": "国土地理院", "維持管理機関名（英語）": "GSI", "観測開始年（西暦）": 1996, "同月": 4, "観測機器名または観測項目": "TRIMBLE NetR9" }, "geometry": { "type": "Point", "coordinates": [ 137.1741, 35.6121 ] } },
{ "type": "Feature", "properties": { "観測の種類": "GNSS", "name": "本巣", "観測点名ローマ字": "MOTOSU", "観測点コード": "950288", "緯度（度）": 35.4883, "経度（度）": 136.6873, "高さ（ｍ）": 43, "測器の深度（ｍ）": null, "維持管理機関名": "国土地理院", "維持管理機関名（英語）": "GSI", "観測開始年（西暦）": 1996, "同月": 4, "観測機器名または観測項目": "TRIMBLE Alloy" }, "geometry": { "type": "Point", "coordinates": [ 136.6873, 35.4883 ] } },
{ "type": "Feature", "properties": { "観測の種類": "GNSS", "name": "八百津", "観測点名ローマ字": "YAOTSU", "観測点コード": "950289", "緯度（度）": 35.4787, "経度（度）": 137.1247, "高さ（ｍ）": 167, "測器の深度（ｍ）": null, "維持管理機関名": "国土地理院", "維持管理機関名（英語）": "GSI", "観測開始年（西暦）": 1996, "同月": 4, "観測機器名または観測項目": "TRIMBLE Alloy" }, "geometry": { "type": "Point", "coordinates": [ 137.1247, 35.4787 ] } },
{ "type": "Feature", "properties": { "観測の種類": "GNSS", "name": "垂井", "観測点名ローマ字": "TARUI", "観測点コード": "950291", "緯度（度）": 35.3717, "経度（度）": 136.5497, "高さ（ｍ）": 24, "測器の深度（ｍ）": null, "維持管理機関名": "国土地理院", "維持管理機関名（英語）": "GSI", "観測開始年（西暦）": 1996, "同月": 4, "観測機器名または観測項目": "TOPCON NET-G5" }, "geometry": { "type": "Point", "coordinates": [ 136.5497, 35.3717 ] } },
{ "type": "Feature", "properties": { "観測の種類": "GNSS", "name": "多治見", "観測点名ローマ字": "TAJIMI", "観測点コード": "950292", "緯度（度）": 35.3674, "経度（度）": 137.1102, "高さ（ｍ）": 208, "測器の深度（ｍ）": null, "維持管理機関名": "国土地理院", "維持管理機関名（英語）": "GSI", "観測開始年（西暦）": 1996, "同月": 4, "観測機器名または観測項目": "TOPCON NET-G5" }, "geometry": { "type": "Point", "coordinates": [ 137.1102, 35.3674 ] } },
{ "type": "Feature", "properties": { "観測の種類": "GNSS", "name": "串原", "観測点名ローマ字": "KUSHIHARA", "観測点コード": "950293", "緯度（度）": 35.262, "経度（度）": 137.4056, "高さ（ｍ）": 454, "測器の深度（ｍ）": null, "維持管理機関名": "国土地理院", "維持管理機関名（英語）": "GSI", "観測開始年（西暦）": 1996, "同月": 4, "観測機器名または観測項目": "TOPCON NET-G5" }, "geometry": { "type": "Point", "coordinates": [ 137.4056, 35.262 ] } },
{ "type": "Feature", "properties": { "観測の種類": "GNSS", "name": "南濃", "観測点名ローマ字": "NANNOU", "観測点コード": "950294", "緯度（度）": 35.2279, "経度（度）": 136.5934, "高さ（ｍ）": 36, "測器の深度（ｍ）": null, "維持管理機関名": "国土地理院", "維持管理機関名（英語）": "GSI", "観測開始年（西暦）": 1996, "同月": 4, "観測機器名または観測項目": "TRIMBLE Alloy" }, "geometry": { "type": "Point", "coordinates": [ 136.5934, 35.2279 ] } },
{ "type": "Feature", "properties": { "観測の種類": "GNSS", "name": "春野", "観測点名ローマ字": "HARUNO", "観測点コード": "950295", "緯度（度）": 35.0315, "経度（度）": 137.9804, "高さ（ｍ）": 295, "測器の深度（ｍ）": null, "維持管理機関名": "国土地理院", "維持管理機関名（英語）": "GSI", "観測開始年（西暦）": 1996, "同月": 4, "観測機器名または観測項目": "TOPCON NET-G5" }, "geometry": { "type": "Point", "coordinates": [ 137.9804, 35.0315 ] } },
{ "type": "Feature", "properties": { "観測の種類": "GNSS", "name": "静岡清水市２", "観測点名ローマ字": "SIZUOKASIMIZUSI2", "観測点コード": "950296", "緯度（度）": 34.9865, "経度（度）": 138.5157, "高さ（ｍ）": 14, "測器の深度（ｍ）": null, "維持管理機関名": "国土地理院", "維持管理機関名（英語）": "GSI", "観測開始年（西暦）": 1996, "同月": 4, "観測機器名または観測項目": "TOPCON NET-G5" }, "geometry": { "type": "Point", "coordinates": [ 138.5157, 34.9865 ] } },
{ "type": "Feature", "properties": { "観測の種類": "GNSS", "name": "天城湯ヶ島２", "観測点名ローマ字": "AMAGIYUGASHIMA2", "観測点コード": "950297", "緯度（度）": 34.8656, "経度（度）": 138.9223, "高さ（ｍ）": 425, "測器の深度（ｍ）": null, "維持管理機関名": "国土地理院", "維持管理機関名（英語）": "GSI", "観測開始年（西暦）": 1996, "同月": 4, "観測機器名または観測項目": "TRIMBLE Alloy" }, "geometry": { "type": "Point", "coordinates": [ 138.9223, 34.8656 ] } },
{ "type": "Feature", "properties": { "観測の種類": "GNSS", "name": "愛知大口", "観測点名ローマ字": "AICHIOOGUCHI", "観測点コード": "950298", "緯度（度）": 35.3348, "経度（度）": 136.93, "高さ（ｍ）": 38, "測器の深度（ｍ）": null, "維持管理機関名": "国土地理院", "維持管理機関名（英語）": "GSI", "観測開始年（西暦）": 1996, "同月": 4, "観測機器名または観測項目": "TOPCON NET-G5" }, "geometry": { "type": "Point", "coordinates": [ 136.93, 35.3348 ] } },
{ "type": "Feature", "properties": { "観測の種類": "GNSS", "name": "甚目寺", "観測点名ローマ字": "JIMOKUJI", "観測点コード": "950299", "緯度（度）": 35.1901, "経度（度）": 136.8288, "高さ（ｍ）": 8, "測器の深度（ｍ）": null, "維持管理機関名": "国土地理院", "維持管理機関名（英語）": "GSI", "観測開始年（西暦）": 1996, "同月": 4, "観測機器名または観測項目": "TOPCON NET-G5" }, "geometry": { "type": "Point", "coordinates": [ 136.8288, 35.1901 ] } },
{ "type": "Feature", "properties": { "観測の種類": "GNSS", "name": "愛知豊田", "観測点名ローマ字": "AICHITOYOTA", "観測点コード": "950300", "緯度（度）": 35.1388, "経度（度）": 137.2536, "高さ（ｍ）": 112, "測器の深度（ｍ）": null, "維持管理機関名": "国土地理院", "維持管理機関名（英語）": "GSI", "観測開始年（西暦）": 1996, "同月": 4, "観測機器名または観測項目": "TOPCON NET-G5" }, "geometry": { "type": "Point", "coordinates": [ 137.2536, 35.1388 ] } },
{ "type": "Feature", "properties": { "観測の種類": "GNSS", "name": "下山", "観測点名ローマ字": "SHIMOYAMA", "観測点コード": "950301", "緯度（度）": 35.0395, "経度（度）": 137.3132, "高さ（ｍ）": 399, "測器の深度（ｍ）": null, "維持管理機関名": "国土地理院", "維持管理機関名（英語）": "GSI", "観測開始年（西暦）": 1996, "同月": 4, "観測機器名または観測項目": "TRIMBLE Alloy" }, "geometry": { "type": "Point", "coordinates": [ 137.3132, 35.0395 ] } },
{ "type": "Feature", "properties": { "観測の種類": "GNSS", "name": "知立", "観測点名ローマ字": "CHIRYUU", "観測点コード": "950302", "緯度（度）": 34.995, "経度（度）": 137.0598, "高さ（ｍ）": 14, "測器の深度（ｍ）": null, "維持管理機関名": "国土地理院", "維持管理機関名（英語）": "GSI", "観測開始年（西暦）": 1996, "同月": 4, "観測機器名または観測項目": "TRIMBLE NetR9" }, "geometry": { "type": "Point", "coordinates": [ 137.0598, 34.995 ] } },
{ "type": "Feature", "properties": { "観測の種類": "GNSS", "name": "額田", "観測点名ローマ字": "NUKATA", "観測点コード": "950303", "緯度（度）": 34.9197, "経度（度）": 137.2999, "高さ（ｍ）": 99, "測器の深度（ｍ）": null, "維持管理機関名": "国土地理院", "維持管理機関名（英語）": "GSI", "観測開始年（西暦）": 1996, "同月": 4, "観測機器名または観測項目": "TRIMBLE Alloy" }, "geometry": { "type": "Point", "coordinates": [ 137.2999, 34.9197 ] } },
{ "type": "Feature", "properties": { "観測の種類": "GNSS", "name": "常滑１", "観測点名ローマ字": "TOKONAME1", "観測点コード": "950304", "緯度（度）": 34.8234, "経度（度）": 136.8676, "高さ（ｍ）": 35, "測器の深度（ｍ）": null, "維持管理機関名": "国土地理院", "維持管理機関名（英語）": "GSI", "観測開始年（西暦）": 1996, "同月": 4, "観測機器名または観測項目": "TRIMBLE Alloy" }, "geometry": { "type": "Point", "coordinates": [ 136.8676, 34.8234 ] } },
{ "type": "Feature", "properties": { "観測の種類": "GNSS", "name": "幡豆", "観測点名ローマ字": "HAZU", "観測点コード": "950305", "緯度（度）": 34.7949, "経度（度）": 137.119, "高さ（ｍ）": 19, "測器の深度（ｍ）": null, "維持管理機関名": "国土地理院", "維持管理機関名（英語）": "GSI", "観測開始年（西暦）": 1996, "同月": 4, "観測機器名または観測項目": "TOPCON NET-G5" }, "geometry": { "type": "Point", "coordinates": [ 137.119, 34.7949 ] } },
{ "type": "Feature", "properties": { "観測の種類": "GNSS", "name": "田原", "観測点名ローマ字": "TAHARA", "観測点コード": "950306", "緯度（度）": 34.6487, "経度（度）": 137.2778, "高さ（ｍ）": 26, "測器の深度（ｍ）": null, "維持管理機関名": "国土地理院", "維持管理機関名（英語）": "GSI", "観測開始年（西暦）": 1996, "同月": 4, "観測機器名または観測項目": "TRIMBLE Alloy" }, "geometry": { "type": "Point", "coordinates": [ 137.2778, 34.6487 ] } },
{ "type": "Feature", "properties": { "観測の種類": "GNSS", "name": "渥美", "観測点名ローマ字": "ATSUMI", "観測点コード": "950307", "緯度（度）": 34.6092, "経度（度）": 137.0681, "高さ（ｍ）": 11, "測器の深度（ｍ）": null, "維持管理機関名": "国土地理院", "維持管理機関名（英語）": "GSI", "観測開始年（西暦）": 1996, "同月": 4, "観測機器名または観測項目": "TOPCON NET-G5" }, "geometry": { "type": "Point", "coordinates": [ 137.0681, 34.6092 ] } },
{ "type": "Feature", "properties": { "観測の種類": "GNSS", "name": "楠", "観測点名ローマ字": "KUSU", "観測点コード": "950309", "緯度（度）": 34.9138, "経度（度）": 136.6365, "高さ（ｍ）": 7, "測器の深度（ｍ）": null, "維持管理機関名": "国土地理院", "維持管理機関名（英語）": "GSI", "観測開始年（西暦）": 1996, "同月": 4, "観測機器名または観測項目": "TOPCON NET-G5" }, "geometry": { "type": "Point", "coordinates": [ 136.6365, 34.9138 ] } },
{ "type": "Feature", "properties": { "観測の種類": "GNSS", "name": "上野", "観測点名ローマ字": "UENO", "観測点コード": "950310", "緯度（度）": 34.7429, "経度（度）": 136.1835, "高さ（ｍ）": 181, "測器の深度（ｍ）": null, "維持管理機関名": "国土地理院", "維持管理機関名（英語）": "GSI", "観測開始年（西暦）": 1996, "同月": 4, "観測機器名または観測項目": "TOPCON NET-G5" }, "geometry": { "type": "Point", "coordinates": [ 136.1835, 34.7429 ] } },
{ "type": "Feature", "properties": { "観測の種類": "GNSS", "name": "松阪", "観測点名ローマ字": "MATSUSAKA", "観測点コード": "950311", "緯度（度）": 34.547, "経度（度）": 136.5507, "高さ（ｍ）": 22, "測器の深度（ｍ）": null, "維持管理機関名": "国土地理院", "維持管理機関名（英語）": "GSI", "観測開始年（西暦）": 1996, "同月": 4, "観測機器名または観測項目": "TRIMBLE Alloy" }, "geometry": { "type": "Point", "coordinates": [ 136.5507, 34.547 ] } },
{ "type": "Feature", "properties": { "観測の種類": "GNSS", "name": "飯高", "観測点名ローマ字": "IITAKA", "観測点コード": "950312", "緯度（度）": 34.4331, "経度（度）": 136.3343, "高さ（ｍ）": 173, "測器の深度（ｍ）": null, "維持管理機関名": "国土地理院", "維持管理機関名（英語）": "GSI", "観測開始年（西暦）": 1996, "同月": 4, "観測機器名または観測項目": "TRIMBLE Alloy" }, "geometry": { "type": "Point", "coordinates": [ 136.3343, 34.4331 ] } },
{ "type": "Feature", "properties": { "観測の種類": "GNSS", "name": "志摩", "観測点名ローマ字": "SHIMA", "観測点コード": "950314", "緯度（度）": 34.2534, "経度（度）": 136.8206, "高さ（ｍ）": 17, "測器の深度（ｍ）": null, "維持管理機関名": "国土地理院", "維持管理機関名（英語）": "GSI", "観測開始年（西暦）": 1996, "同月": 4, "観測機器名または観測項目": "TRIMBLE Alloy" }, "geometry": { "type": "Point", "coordinates": [ 136.8206, 34.2534 ] } },
{ "type": "Feature", "properties": { "観測の種類": "GNSS", "name": "三重熊野", "観測点名ローマ字": "MIEKUMANO", "観測点コード": "950315", "緯度（度）": 33.8751, "経度（度）": 136.0859, "高さ（ｍ）": 16, "測器の深度（ｍ）": null, "維持管理機関名": "国土地理院", "維持管理機関名（英語）": "GSI", "観測開始年（西暦）": 1996, "同月": 4, "観測機器名または観測項目": "TRIMBLE Alloy" }, "geometry": { "type": "Point", "coordinates": [ 136.0859, 33.8751 ] } },
{ "type": "Feature", "properties": { "観測の種類": "GNSS", "name": "鵜殿", "観測点名ローマ字": "UDONO", "観測点コード": "950316", "緯度（度）": 33.7413, "経度（度）": 136.0109, "高さ（ｍ）": 23, "測器の深度（ｍ）": null, "維持管理機関名": "国土地理院", "維持管理機関名（英語）": "GSI", "観測開始年（西暦）": 1996, "同月": 4, "観測機器名または観測項目": "TOPCON NET-G5" }, "geometry": { "type": "Point", "coordinates": [ 136.0109, 33.7413 ] } },
{ "type": "Feature", "properties": { "観測の種類": "GNSS", "name": "余呉", "観測点名ローマ字": "YOGO", "観測点コード": "950317", "緯度（度）": 35.5573, "経度（度）": 136.1979, "高さ（ｍ）": 169, "測器の深度（ｍ）": null, "維持管理機関名": "国土地理院", "維持管理機関名（英語）": "GSI", "観測開始年（西暦）": 1996, "同月": 4, "観測機器名または観測項目": "TRIMBLE NetR9" }, "geometry": { "type": "Point", "coordinates": [ 136.1979, 35.5573 ] } },
{ "type": "Feature", "properties": { "観測の種類": "GNSS", "name": "マキノ", "観測点名ローマ字": "MAKINO", "観測点コード": "950318", "緯度（度）": 35.4663, "経度（度）": 136.0537, "高さ（ｍ）": 102, "測器の深度（ｍ）": null, "維持管理機関名": "国土地理院", "維持管理機関名（英語）": "GSI", "観測開始年（西暦）": 1996, "同月": 4, "観測機器名または観測項目": "TRIMBLE Alloy" }, "geometry": { "type": "Point", "coordinates": [ 136.0537, 35.4663 ] } },
{ "type": "Feature", "properties": { "観測の種類": "GNSS", "name": "朽木", "観測点名ローマ字": "KUTSUKI", "観測点コード": "950319", "緯度（度）": 35.3513, "経度（度）": 135.9132, "高さ（ｍ）": 192, "測器の深度（ｍ）": null, "維持管理機関名": "国土地理院", "維持管理機関名（英語）": "GSI", "観測開始年（西暦）": 1996, "同月": 4, "観測機器名または観測項目": "TOPCON NET-G5" }, "geometry": { "type": "Point", "coordinates": [ 135.9132, 35.3513 ] } },
{ "type": "Feature", "properties": { "観測の種類": "GNSS", "name": "安曇川", "観測点名ローマ字": "ADOGAWA", "観測点コード": "950320", "緯度（度）": 35.319, "経度（度）": 136.0628, "高さ（ｍ）": 92, "測器の深度（ｍ）": null, "維持管理機関名": "国土地理院", "維持管理機関名（英語）": "GSI", "観測開始年（西暦）": 1996, "同月": 4, "観測機器名または観測項目": "TRIMBLE Alloy" }, "geometry": { "type": "Point", "coordinates": [ 136.0628, 35.319 ] } },
{ "type": "Feature", "properties": { "観測の種類": "GNSS", "name": "彦根", "観測点名ローマ字": "HIKONE", "観測点コード": "950321", "緯度（度）": 35.2694, "経度（度）": 136.2356, "高さ（ｍ）": 92, "測器の深度（ｍ）": null, "維持管理機関名": "国土地理院", "維持管理機関名（英語）": "GSI", "観測開始年（西暦）": 1996, "同月": 4, "観測機器名または観測項目": "TRIMBLE Alloy" }, "geometry": { "type": "Point", "coordinates": [ 136.2356, 35.2694 ] } },
{ "type": "Feature", "properties": { "観測の種類": "GNSS", "name": "大津１", "観測点名ローマ字": "OOTSU1", "観測点コード": "950322", "緯度（度）": 35.137, "経度（度）": 135.8708, "高さ（ｍ）": 183, "測器の深度（ｍ）": null, "維持管理機関名": "国土地理院", "維持管理機関名（英語）": "GSI", "観測開始年（西暦）": 1996, "同月": 4, "観測機器名または観測項目": "TRIMBLE Alloy" }, "geometry": { "type": "Point", "coordinates": [ 135.8708, 35.137 ] } },
{ "type": "Feature", "properties": { "観測の種類": "GNSS", "name": "水口", "観測点名ローマ字": "MINAKUCHI", "観測点コード": "950323", "緯度（度）": 34.9864, "経度（度）": 136.145, "高さ（ｍ）": 179, "測器の深度（ｍ）": null, "維持管理機関名": "国土地理院", "維持管理機関名（英語）": "GSI", "観測開始年（西暦）": 1996, "同月": 4, "観測機器名または観測項目": "TRIMBLE Alloy" }, "geometry": { "type": "Point", "coordinates": [ 136.145, 34.9864 ] } },
{ "type": "Feature", "properties": { "観測の種類": "GNSS", "name": "大津２", "観測点名ローマ字": "OOTSU2", "観測点コード": "950324", "緯度（度）": 34.9396, "経度（度）": 135.9062, "高さ（ｍ）": 93, "測器の深度（ｍ）": null, "維持管理機関名": "国土地理院", "維持管理機関名（英語）": "GSI", "観測開始年（西暦）": 1996, "同月": 4, "観測機器名または観測項目": "TRIMBLE Alloy" }, "geometry": { "type": "Point", "coordinates": [ 135.9062, 34.9396 ] } },
{ "type": "Feature", "properties": { "観測の種類": "GNSS", "name": "信楽", "観測点名ローマ字": "SHIGARAKI", "観測点コード": "950326", "緯度（度）": 34.8693, "経度（度）": 136.0548, "高さ（ｍ）": 306, "測器の深度（ｍ）": null, "維持管理機関名": "国土地理院", "維持管理機関名（英語）": "GSI", "観測開始年（西暦）": 1996, "同月": 4, "観測機器名または観測項目": "TRIMBLE Alloy" }, "geometry": { "type": "Point", "coordinates": [ 136.0548, 34.8693 ] } },
{ "type": "Feature", "properties": { "観測の種類": "GNSS", "name": "丹後", "観測点名ローマ字": "TANGO", "観測点コード": "950327", "緯度（度）": 35.7524, "経度（度）": 135.1732, "高さ（ｍ）": 29, "測器の深度（ｍ）": null, "維持管理機関名": "国土地理院", "維持管理機関名（英語）": "GSI", "観測開始年（西暦）": 1996, "同月": 4, "観測機器名または観測項目": "TRIMBLE Alloy" }, "geometry": { "type": "Point", "coordinates": [ 135.1732, 35.7524 ] } },
{ "type": "Feature", "properties": { "観測の種類": "GNSS", "name": "久美浜", "観測点名ローマ字": "KUMIHAMA", "観測点コード": "950328", "緯度（度）": 35.5557, "経度（度）": 134.9323, "高さ（ｍ）": 32, "測器の深度（ｍ）": null, "維持管理機関名": "国土地理院", "維持管理機関名（英語）": "GSI", "観測開始年（西暦）": 1996, "同月": 4, "観測機器名または観測項目": "TRIMBLE NetR9" }, "geometry": { "type": "Point", "coordinates": [ 134.9323, 35.5557 ] } },
{ "type": "Feature", "properties": { "観測の種類": "GNSS", "name": "福知山", "観測点名ローマ字": "FUKUCHIYAMA", "観測点コード": "950329", "緯度（度）": 35.2923, "経度（度）": 135.164, "高さ（ｍ）": 72, "測器の深度（ｍ）": null, "維持管理機関名": "国土地理院", "維持管理機関名（英語）": "GSI", "観測開始年（西暦）": 1996, "同月": 4, "観測機器名または観測項目": "TOPCON NET-G5" }, "geometry": { "type": "Point", "coordinates": [ 135.164, 35.2923 ] } },
{ "type": "Feature", "properties": { "観測の種類": "GNSS", "name": "瑞穂", "観測点名ローマ字": "MIZUHO", "観測点コード": "950331", "緯度（度）": 35.1638, "経度（度）": 135.3669, "高さ（ｍ）": 227, "測器の深度（ｍ）": null, "維持管理機関名": "国土地理院", "維持管理機関名（英語）": "GSI", "観測開始年（西暦）": 1996, "同月": 4, "観測機器名または観測項目": "TOPCON NET-G5" }, "geometry": { "type": "Point", "coordinates": [ 135.3669, 35.1638 ] } },
{ "type": "Feature", "properties": { "観測の種類": "GNSS", "name": "亀岡", "観測点名ローマ字": "KYOTOKAMEOKA", "観測点コード": "950332", "緯度（度）": 35.0776, "経度（度）": 135.5645, "高さ（ｍ）": 131, "測器の深度（ｍ）": null, "維持管理機関名": "国土地理院", "維持管理機関名（英語）": "GSI", "観測開始年（西暦）": 1996, "同月": 4, "観測機器名または観測項目": "TOPCON NET-G5" }, "geometry": { "type": "Point", "coordinates": [ 135.5645, 35.0776 ] } },
{ "type": "Feature", "properties": { "観測の種類": "GNSS", "name": "京都西京", "観測点名ローマ字": "KYOTONISHIKYOU", "観測点コード": "950333", "緯度（度）": 34.9886, "経度（度）": 135.6654, "高さ（ｍ）": 182, "測器の深度（ｍ）": null, "維持管理機関名": "国土地理院", "維持管理機関名（英語）": "GSI", "観測開始年（西暦）": 1996, "同月": 4, "観測機器名または観測項目": "TRIMBLE Alloy" }, "geometry": { "type": "Point", "coordinates": [ 135.6654, 34.9886 ] } },
{ "type": "Feature", "properties": { "観測の種類": "GNSS", "name": "京都加茂", "観測点名ローマ字": "KYOTOKAMO", "観測点コード": "950334", "緯度（度）": 34.747, "経度（度）": 135.8641, "高さ（ｍ）": 49, "測器の深度（ｍ）": null, "維持管理機関名": "国土地理院", "維持管理機関名（英語）": "GSI", "観測開始年（西暦）": 1996, "同月": 4, "観測機器名または観測項目": "TOPCON NET-G5" }, "geometry": { "type": "Point", "coordinates": [ 135.8641, 34.747 ] } },
{ "type": "Feature", "properties": { "観測の種類": "GNSS", "name": "交野", "観測点名ローマ字": "KATANO", "観測点コード": "950335", "緯度（度）": 34.7778, "経度（度）": 135.6855, "高さ（ｍ）": 37, "測器の深度（ｍ）": null, "維持管理機関名": "国土地理院", "維持管理機関名（英語）": "GSI", "観測開始年（西暦）": 1996, "同月": 4, "観測機器名または観測項目": "TRIMBLE Alloy" }, "geometry": { "type": "Point", "coordinates": [ 135.6855, 34.7778 ] } },
{ "type": "Feature", "properties": { "観測の種類": "GNSS", "name": "堺", "観測点名ローマ字": "SAKAI", "観測点コード": "950337", "緯度（度）": 34.5273, "経度（度）": 135.4813, "高さ（ｍ）": 36, "測器の深度（ｍ）": null, "維持管理機関名": "国土地理院", "維持管理機関名（英語）": "GSI", "観測開始年（西暦）": 1996, "同月": 4, "観測機器名または観測項目": "TOPCON NET-G5" }, "geometry": { "type": "Point", "coordinates": [ 135.4813, 34.5273 ] } },
{ "type": "Feature", "properties": { "観測の種類": "GNSS", "name": "河南", "観測点名ローマ字": "KANAN", "観測点コード": "950338", "緯度（度）": 34.4791, "経度（度）": 135.6273, "高さ（ｍ）": 109, "測器の深度（ｍ）": null, "維持管理機関名": "国土地理院", "維持管理機関名（英語）": "GSI", "観測開始年（西暦）": 1996, "同月": 4, "観測機器名または観測項目": "TRIMBLE Alloy" }, "geometry": { "type": "Point", "coordinates": [ 135.6273, 34.4791 ] } },
{ "type": "Feature", "properties": { "観測の種類": "GNSS", "name": "河内長野", "観測点名ローマ字": "KAWACHINAGANO", "観測点コード": "950339", "緯度（度）": 34.4248, "経度（度）": 135.5869, "高さ（ｍ）": 263, "測器の深度（ｍ）": null, "維持管理機関名": "国土地理院", "維持管理機関名（英語）": "GSI", "観測開始年（西暦）": 1996, "同月": 4, "観測機器名または観測項目": "TOPCON NET-G5" }, "geometry": { "type": "Point", "coordinates": [ 135.5869, 34.4248 ] } },
{ "type": "Feature", "properties": { "観測の種類": "GNSS", "name": "熊取", "観測点名ローマ字": "KUMATORI", "観測点コード": "950340", "緯度（度）": 34.4065, "経度（度）": 135.3642, "高さ（ｍ）": 54, "測器の深度（ｍ）": null, "維持管理機関名": "国土地理院", "維持管理機関名（英語）": "GSI", "観測開始年（西暦）": 1996, "同月": 4, "観測機器名または観測項目": "TRIMBLE Alloy" }, "geometry": { "type": "Point", "coordinates": [ 135.3642, 34.4065 ] } },
{ "type": "Feature", "properties": { "観測の種類": "GNSS", "name": "村岡", "観測点名ローマ字": "MURAOKA", "観測点コード": "950341", "緯度（度）": 35.4367, "経度（度）": 134.5825, "高さ（ｍ）": 551, "測器の深度（ｍ）": null, "維持管理機関名": "国土地理院", "維持管理機関名（英語）": "GSI", "観測開始年（西暦）": 1996, "同月": 4, "観測機器名または観測項目": "TOPCON NET-G5" }, "geometry": { "type": "Point", "coordinates": [ 134.5825, 35.4367 ] } },
{ "type": "Feature", "properties": { "観測の種類": "GNSS", "name": "和田山", "観測点名ローマ字": "WADAYAMA", "観測点コード": "950342", "緯度（度）": 35.3149, "経度（度）": 134.8185, "高さ（ｍ）": 221, "測器の深度（ｍ）": null, "維持管理機関名": "国土地理院", "維持管理機関名（英語）": "GSI", "観測開始年（西暦）": 1996, "同月": 4, "観測機器名または観測項目": "TRIMBLE NetR9" }, "geometry": { "type": "Point", "coordinates": [ 134.8185, 35.3149 ] } },
{ "type": "Feature", "properties": { "観測の種類": "GNSS", "name": "西紀", "観測点名ローマ字": "NISHIKI", "観測点コード": "950343", "緯度（度）": 35.1053, "経度（度）": 135.1819, "高さ（ｍ）": 220, "測器の深度（ｍ）": null, "維持管理機関名": "国土地理院", "維持管理機関名（英語）": "GSI", "観測開始年（西暦）": 1996, "同月": 4, "観測機器名または観測項目": "TOPCON NET-G5" }, "geometry": { "type": "Point", "coordinates": [ 135.1819, 35.1053 ] } },
{ "type": "Feature", "properties": { "観測の種類": "GNSS", "name": "兵庫一宮", "観測点名ローマ字": "HYOUGOICHINOMIYA", "観測点コード": "950344", "緯度（度）": 35.0945, "経度（度）": 134.586, "高さ（ｍ）": 173, "測器の深度（ｍ）": null, "維持管理機関名": "国土地理院", "維持管理機関名（英語）": "GSI", "観測開始年（西暦）": 1996, "同月": 4, "観測機器名または観測項目": "TRIMBLE Alloy" }, "geometry": { "type": "Point", "coordinates": [ 134.586, 35.0945 ] } },
{ "type": "Feature", "properties": { "観測の種類": "GNSS", "name": "山南", "観測点名ローマ字": "SANNAN", "観測点コード": "950345", "緯度（度）": 35.0908, "経度（度）": 134.9726, "高さ（ｍ）": 103, "測器の深度（ｍ）": null, "維持管理機関名": "国土地理院", "維持管理機関名（英語）": "GSI", "観測開始年（西暦）": 1996, "同月": 4, "観測機器名または観測項目": "TOPCON NET-G5" }, "geometry": { "type": "Point", "coordinates": [ 134.9726, 35.0908 ] } },
{ "type": "Feature", "properties": { "観測の種類": "GNSS", "name": "南光", "観測点名ローマ字": "NANKOU", "観測点コード": "950346", "緯度（度）": 34.9976, "経度（度）": 134.4038, "高さ（ｍ）": 118, "測器の深度（ｍ）": null, "維持管理機関名": "国土地理院", "維持管理機関名（英語）": "GSI", "観測開始年（西暦）": 1996, "同月": 4, "観測機器名または観測項目": "TOPCON NET-G5" }, "geometry": { "type": "Point", "coordinates": [ 134.4038, 34.9976 ] } },
{ "type": "Feature", "properties": { "観測の種類": "GNSS", "name": "兵庫市川", "観測点名ローマ字": "HYOUGOICHIKAWA", "観測点コード": "950347", "緯度（度）": 34.9847, "経度（度）": 134.7673, "高さ（ｍ）": 88, "測器の深度（ｍ）": null, "維持管理機関名": "国土地理院", "維持管理機関名（英語）": "GSI", "観測開始年（西暦）": 1996, "同月": 4, "観測機器名または観測項目": "TRIMBLE Alloy" }, "geometry": { "type": "Point", "coordinates": [ 134.7673, 34.9847 ] } },
{ "type": "Feature", "properties": { "観測の種類": "GNSS", "name": "猪名川", "観測点名ローマ字": "HYOUGOINAGAWA", "観測点コード": "950348", "緯度（度）": 34.9768, "経度（度）": 135.326, "高さ（ｍ）": 195, "測器の深度（ｍ）": null, "維持管理機関名": "国土地理院", "維持管理機関名（英語）": "GSI", "観測開始年（西暦）": 1996, "同月": 4, "観測機器名または観測項目": "TRIMBLE NetR9" }, "geometry": { "type": "Point", "coordinates": [ 135.326, 34.9768 ] } },
{ "type": "Feature", "properties": { "観測の種類": "GNSS", "name": "三田", "観測点名ローマ字": "SANDA", "観測点コード": "950349", "緯度（度）": 34.9448, "経度（度）": 135.1764, "高さ（ｍ）": 183, "測器の深度（ｍ）": null, "維持管理機関名": "国土地理院", "維持管理機関名（英語）": "GSI", "観測開始年（西暦）": 1996, "同月": 4, "観測機器名または観測項目": "TRIMBLE Alloy" }, "geometry": { "type": "Point", "coordinates": [ 135.1764, 34.9448 ] } },
{ "type": "Feature", "properties": { "観測の種類": "GNSS", "name": "新宮", "観測点名ローマ字": "SHINGUU", "観測点コード": "950350", "緯度（度）": 34.8973, "経度（度）": 134.5452, "高さ（ｍ）": 42, "測器の深度（ｍ）": null, "維持管理機関名": "国土地理院", "維持管理機関名（英語）": "GSI", "観測開始年（西暦）": 1996, "同月": 4, "観測機器名または観測項目": "TRIMBLE Alloy" }, "geometry": { "type": "Point", "coordinates": [ 134.5452, 34.8973 ] } },
{ "type": "Feature", "properties": { "観測の種類": "GNSS", "name": "神戸北", "観測点名ローマ字": "KOBEKITA", "観測点コード": "950351", "緯度（度）": 34.8122, "経度（度）": 135.2159, "高さ（ｍ）": 275, "測器の深度（ｍ）": null, "維持管理機関名": "国土地理院", "維持管理機関名（英語）": "GSI", "観測開始年（西暦）": 1996, "同月": 4, "観測機器名または観測項目": "TRIMBLE Alloy" }, "geometry": { "type": "Point", "coordinates": [ 135.2159, 34.8122 ] } },
{ "type": "Feature", "properties": { "観測の種類": "GNSS", "name": "宝塚", "観測点名ローマ字": "TAKARAZUKA", "観測点コード": "950353", "緯度（度）": 34.7909, "経度（度）": 135.3418, "高さ（ｍ）": 93, "測器の深度（ｍ）": null, "維持管理機関名": "国土地理院", "維持管理機関名（英語）": "GSI", "観測開始年（西暦）": 1996, "同月": 4, "観測機器名または観測項目": "TOPCON NET-G5" }, "geometry": { "type": "Point", "coordinates": [ 135.3418, 34.7909 ] } },
{ "type": "Feature", "properties": { "観測の種類": "GNSS", "name": "加古川", "観測点名ローマ字": "KAKOGAWA", "観測点コード": "950354", "緯度（度）": 34.787, "経度（度）": 134.8288, "高さ（ｍ）": 11, "測器の深度（ｍ）": null, "維持管理機関名": "国土地理院", "維持管理機関名（英語）": "GSI", "観測開始年（西暦）": 1996, "同月": 4, "観測機器名または観測項目": "TOPCON NET-G5" }, "geometry": { "type": "Point", "coordinates": [ 134.8288, 34.787 ] } },
{ "type": "Feature", "properties": { "観測の種類": "GNSS", "name": "西宮", "観測点名ローマ字": "NISHIMIYA", "観測点コード": "950355", "緯度（度）": 34.7243, "経度（度）": 135.3804, "高さ（ｍ）": 7, "測器の深度（ｍ）": null, "維持管理機関名": "国土地理院", "維持管理機関名（英語）": "GSI", "観測開始年（西暦）": 1996, "同月": 4, "観測機器名または観測項目": "TRIMBLE Alloy" }, "geometry": { "type": "Point", "coordinates": [ 135.3804, 34.7243 ] } },
{ "type": "Feature", "properties": { "観測の種類": "GNSS", "name": "神戸中央", "観測点名ローマ字": "KOBECHUUOU", "観測点コード": "950356", "緯度（度）": 34.687, "経度（度）": 135.1723, "高さ（ｍ）": 48, "測器の深度（ｍ）": null, "維持管理機関名": "国土地理院", "維持管理機関名（英語）": "GSI", "観測開始年（西暦）": 1996, "同月": 4, "観測機器名または観測項目": "TRIMBLE Alloy" }, "geometry": { "type": "Point", "coordinates": [ 135.1723, 34.687 ] } },
{ "type": "Feature", "properties": { "観測の種類": "GNSS", "name": "家島", "観測点名ローマ字": "IESHIMA", "観測点コード": "950357", "緯度（度）": 34.6699, "経度（度）": 134.5196, "高さ（ｍ）": 66, "測器の深度（ｍ）": null, "維持管理機関名": "国土地理院", "維持管理機関名（英語）": "GSI", "観測開始年（西暦）": 1996, "同月": 4, "観測機器名または観測項目": "TOPCON NET-G5" }, "geometry": { "type": "Point", "coordinates": [ 134.5196, 34.6699 ] } },
{ "type": "Feature", "properties": { "観測の種類": "GNSS", "name": "淡路", "観測点名ローマ字": "AWAJI", "観測点コード": "950359", "緯度（度）": 34.5771, "経度（度）": 135.0241, "高さ（ｍ）": 13, "測器の深度（ｍ）": null, "維持管理機関名": "国土地理院", "維持管理機関名（英語）": "GSI", "観測開始年（西暦）": 1996, "同月": 4, "観測機器名または観測項目": "TOPCON NET-G5" }, "geometry": { "type": "Point", "coordinates": [ 135.0241, 34.5771 ] } },
{ "type": "Feature", "properties": { "観測の種類": "GNSS", "name": "淡路一宮", "観測点名ローマ字": "AWAJIICHINOMIYA", "観測点コード": "950360", "緯度（度）": 34.4933, "経度（度）": 134.861, "高さ（ｍ）": 13, "測器の深度（ｍ）": null, "維持管理機関名": "国土地理院", "維持管理機関名（英語）": "GSI", "観測開始年（西暦）": 1996, "同月": 4, "観測機器名または観測項目": "TRIMBLE Alloy" }, "geometry": { "type": "Point", "coordinates": [ 134.861, 34.4933 ] } },
{ "type": "Feature", "properties": { "観測の種類": "GNSS", "name": "洲本", "観測点名ローマ字": "SUMOTO", "観測点コード": "950361", "緯度（度）": 34.3498, "経度（度）": 134.8815, "高さ（ｍ）": 70, "測器の深度（ｍ）": null, "維持管理機関名": "国土地理院", "維持管理機関名（英語）": "GSI", "観測開始年（西暦）": 1996, "同月": 4, "観測機器名または観測項目": "TRIMBLE Alloy" }, "geometry": { "type": "Point", "coordinates": [ 134.8815, 34.3498 ] } },
{ "type": "Feature", "properties": { "観測の種類": "GNSS", "name": "西淡", "観測点名ローマ字": "SEIDAN", "観測点コード": "950362", "緯度（度）": 34.3343, "経度（度）": 134.7352, "高さ（ｍ）": 9, "測器の深度（ｍ）": null, "維持管理機関名": "国土地理院", "維持管理機関名（英語）": "GSI", "観測開始年（西暦）": 1996, "同月": 4, "観測機器名または観測項目": "TRIMBLE Alloy" }, "geometry": { "type": "Point", "coordinates": [ 134.7352, 34.3343 ] } },
{ "type": "Feature", "properties": { "観測の種類": "GNSS", "name": "南淡", "観測点名ローマ字": "NANDAN", "観測点コード": "950363", "緯度（度）": 34.2237, "経度（度）": 134.7365, "高さ（ｍ）": 13, "測器の深度（ｍ）": null, "維持管理機関名": "国土地理院", "維持管理機関名（英語）": "GSI", "観測開始年（西暦）": 1996, "同月": 4, "観測機器名または観測項目": "TOPCON NET-G5" }, "geometry": { "type": "Point", "coordinates": [ 134.7365, 34.2237 ] } },
{ "type": "Feature", "properties": { "観測の種類": "GNSS", "name": "室生", "観測点名ローマ字": "MUROU", "観測点コード": "950364", "緯度（度）": 34.567, "経度（度）": 136.0504, "高さ（ｍ）": 328, "測器の深度（ｍ）": null, "維持管理機関名": "国土地理院", "維持管理機関名（英語）": "GSI", "観測開始年（西暦）": 1996, "同月": 4, "観測機器名または観測項目": "TRIMBLE Alloy" }, "geometry": { "type": "Point", "coordinates": [ 136.0504, 34.567 ] } },
{ "type": "Feature", "properties": { "観測の種類": "GNSS", "name": "広陵", "観測点名ローマ字": "KOURYOU", "観測点コード": "950365", "緯度（度）": 34.5392, "経度（度）": 135.731, "高さ（ｍ）": 70, "測器の深度（ｍ）": null, "維持管理機関名": "国土地理院", "維持管理機関名（英語）": "GSI", "観測開始年（西暦）": 1996, "同月": 4, "観測機器名または観測項目": "TRIMBLE Alloy" }, "geometry": { "type": "Point", "coordinates": [ 135.731, 34.5392 ] } },
{ "type": "Feature", "properties": { "観測の種類": "GNSS", "name": "五條", "観測点名ローマ字": "GOJOU", "観測点コード": "950366", "緯度（度）": 34.3883, "経度（度）": 135.7042, "高さ（ｍ）": 234, "測器の深度（ｍ）": null, "維持管理機関名": "国土地理院", "維持管理機関名（英語）": "GSI", "観測開始年（西暦）": 1996, "同月": 4, "観測機器名または観測項目": "TOPCON NET-G5" }, "geometry": { "type": "Point", "coordinates": [ 135.7042, 34.3883 ] } },
{ "type": "Feature", "properties": { "観測の種類": "GNSS", "name": "下北山", "観測点名ローマ字": "SHIMOKITAYAMA", "観測点コード": "950367", "緯度（度）": 34.0382, "経度（度）": 135.9637, "高さ（ｍ）": 246, "測器の深度（ｍ）": null, "維持管理機関名": "国土地理院", "維持管理機関名（英語）": "GSI", "観測開始年（西暦）": 1996, "同月": 4, "観測機器名または観測項目": "TRIMBLE Alloy" }, "geometry": { "type": "Point", "coordinates": [ 135.9637, 34.0382 ] } },
{ "type": "Feature", "properties": { "観測の種類": "GNSS", "name": "打田", "観測点名ローマ字": "UCHITA", "観測点コード": "950368", "緯度（度）": 34.2561, "経度（度）": 135.358, "高さ（ｍ）": 31, "測器の深度（ｍ）": null, "維持管理機関名": "国土地理院", "維持管理機関名（英語）": "GSI", "観測開始年（西暦）": 1996, "同月": 4, "観測機器名または観測項目": "TRIMBLE Alloy" }, "geometry": { "type": "Point", "coordinates": [ 135.358, 34.2561 ] } },
{ "type": "Feature", "properties": { "観測の種類": "GNSS", "name": "和歌山", "観測点名ローマ字": "WAKAYAMA", "観測点コード": "950369", "緯度（度）": 34.2715, "経度（度）": 135.066, "高さ（ｍ）": 51, "測器の深度（ｍ）": null, "維持管理機関名": "国土地理院", "維持管理機関名（英語）": "GSI", "観測開始年（西暦）": 1996, "同月": 4, "観測機器名または観測項目": "TOPCON NET-G5" }, "geometry": { "type": "Point", "coordinates": [ 135.066, 34.2715 ] } },
{ "type": "Feature", "properties": { "観測の種類": "GNSS", "name": "高野", "観測点名ローマ字": "KOUYA", "観測点コード": "950370", "緯度（度）": 34.2218, "経度（度）": 135.5901, "高さ（ｍ）": 807, "測器の深度（ｍ）": null, "維持管理機関名": "国土地理院", "維持管理機関名（英語）": "GSI", "観測開始年（西暦）": 1996, "同月": 4, "観測機器名または観測項目": "TRIMBLE Alloy" }, "geometry": { "type": "Point", "coordinates": [ 135.5901, 34.2218 ] } },
{ "type": "Feature", "properties": { "観測の種類": "GNSS", "name": "和歌山美山", "観測点名ローマ字": "WAKAYAMAMIYAMA", "観測点コード": "950371", "緯度（度）": 33.9617, "経度（度）": 135.3849, "高さ（ｍ）": 223, "測器の深度（ｍ）": null, "維持管理機関名": "国土地理院", "維持管理機関名（英語）": "GSI", "観測開始年（西暦）": 1996, "同月": 4, "観測機器名または観測項目": "TRIMBLE Alloy" }, "geometry": { "type": "Point", "coordinates": [ 135.3849, 33.9617 ] } },
{ "type": "Feature", "properties": { "観測の種類": "GNSS", "name": "川辺", "観測点名ローマ字": "KAWABE", "観測点コード": "950372", "緯度（度）": 33.9139, "経度（度）": 135.1801, "高さ（ｍ）": 28, "測器の深度（ｍ）": null, "維持管理機関名": "国土地理院", "維持管理機関名（英語）": "GSI", "観測開始年（西暦）": 1996, "同月": 4, "観測機器名または観測項目": "TOPCON NET-G5" }, "geometry": { "type": "Point", "coordinates": [ 135.1801, 33.9139 ] } },
{ "type": "Feature", "properties": { "観測の種類": "GNSS", "name": "中辺路", "観測点名ローマ字": "NAKAHECHI", "観測点コード": "950374", "緯度（度）": 33.7855, "経度（度）": 135.5084, "高さ（ｍ）": 188, "測器の深度（ｍ）": null, "維持管理機関名": "国土地理院", "維持管理機関名（英語）": "GSI", "観測開始年（西暦）": 1996, "同月": 4, "観測機器名または観測項目": "TRIMBLE Alloy" }, "geometry": { "type": "Point", "coordinates": [ 135.5084, 33.7855 ] } },
{ "type": "Feature", "properties": { "観測の種類": "GNSS", "name": "那智勝浦", "観測点名ローマ字": "NACHIKATSUURA", "観測点コード": "950376", "緯度（度）": 33.5839, "経度（度）": 135.9207, "高さ（ｍ）": 10, "測器の深度（ｍ）": null, "維持管理機関名": "国土地理院", "維持管理機関名（英語）": "GSI", "観測開始年（西暦）": 1996, "同月": 4, "観測機器名または観測項目": "TOPCON NET-G5" }, "geometry": { "type": "Point", "coordinates": [ 135.9207, 33.5839 ] } },
{ "type": "Feature", "properties": { "観測の種類": "GNSS", "name": "鹿野", "観測点名ローマ字": "SHIKANO", "観測点コード": "950378", "緯度（度）": 35.4568, "経度（度）": 134.0467, "高さ（ｍ）": 66, "測器の深度（ｍ）": null, "維持管理機関名": "国土地理院", "維持管理機関名（英語）": "GSI", "観測開始年（西暦）": 1996, "同月": 4, "観測機器名または観測項目": "TRIMBLE Alloy" }, "geometry": { "type": "Point", "coordinates": [ 134.0467, 35.4568 ] } },
{ "type": "Feature", "properties": { "観測の種類": "GNSS", "name": "溝口", "観測点名ローマ字": "MIZOGUCHI", "観測点コード": "950379", "緯度（度）": 35.3455, "経度（度）": 133.4391, "高さ（ｍ）": 90, "測器の深度（ｍ）": null, "維持管理機関名": "国土地理院", "維持管理機関名（英語）": "GSI", "観測開始年（西暦）": 1996, "同月": 4, "観測機器名または観測項目": "TOPCON NET-G5" }, "geometry": { "type": "Point", "coordinates": [ 133.4391, 35.3455 ] } },
{ "type": "Feature", "properties": { "観測の種類": "GNSS", "name": "智頭", "観測点名ローマ字": "CHIZU", "観測点コード": "950380", "緯度（度）": 35.2659, "経度（度）": 134.2374, "高さ（ｍ）": 185, "測器の深度（ｍ）": null, "維持管理機関名": "国土地理院", "維持管理機関名（英語）": "GSI", "観測開始年（西暦）": 1996, "同月": 4, "観測機器名または観測項目": "TOPCON NET-G5" }, "geometry": { "type": "Point", "coordinates": [ 134.2374, 35.2659 ] } },
{ "type": "Feature", "properties": { "観測の種類": "GNSS", "name": "日南", "観測点名ローマ字": "NICHINAN", "観測点コード": "950381", "緯度（度）": 35.1646, "経度（度）": 133.3085, "高さ（ｍ）": 321, "測器の深度（ｍ）": null, "維持管理機関名": "国土地理院", "維持管理機関名（英語）": "GSI", "観測開始年（西暦）": 1996, "同月": 4, "観測機器名または観測項目": "TRIMBLE Alloy" }, "geometry": { "type": "Point", "coordinates": [ 133.3085, 35.1646 ] } },
{ "type": "Feature", "properties": { "観測の種類": "GNSS", "name": "五箇", "観測点名ローマ字": "GOKA", "観測点コード": "950382", "緯度（度）": 36.2853, "経度（度）": 133.2399, "高さ（ｍ）": 43, "測器の深度（ｍ）": null, "維持管理機関名": "国土地理院", "維持管理機関名（英語）": "GSI", "観測開始年（西暦）": 1996, "同月": 4, "観測機器名または観測項目": "TRIMBLE Alloy" }, "geometry": { "type": "Point", "coordinates": [ 133.2399, 36.2853 ] } },
{ "type": "Feature", "properties": { "観測の種類": "GNSS", "name": "西ノ島", "観測点名ローマ字": "NISHINOSHIMA", "観測点コード": "950383", "緯度（度）": 36.0932, "経度（度）": 132.9844, "高さ（ｍ）": 7, "測器の深度（ｍ）": null, "維持管理機関名": "国土地理院", "維持管理機関名（英語）": "GSI", "観測開始年（西暦）": 1996, "同月": 4, "観測機器名または観測項目": "TOPCON NET-G5" }, "geometry": { "type": "Point", "coordinates": [ 132.9844, 36.0932 ] } },
{ "type": "Feature", "properties": { "観測の種類": "GNSS", "name": "出雲", "観測点名ローマ字": "IZUMO", "観測点コード": "950384", "緯度（度）": 35.3926, "経度（度）": 132.7432, "高さ（ｍ）": 9, "測器の深度（ｍ）": null, "維持管理機関名": "国土地理院", "維持管理機関名（英語）": "GSI", "観測開始年（西暦）": 1996, "同月": 4, "観測機器名または観測項目": "TRIMBLE Alloy" }, "geometry": { "type": "Point", "coordinates": [ 132.7432, 35.3926 ] } },
{ "type": "Feature", "properties": { "観測の種類": "GNSS", "name": "仁多", "観測点名ローマ字": "NITA", "観測点コード": "950385", "緯度（度）": 35.1956, "経度（度）": 132.9954, "高さ（ｍ）": 308, "測器の深度（ｍ）": null, "維持管理機関名": "国土地理院", "維持管理機関名（英語）": "GSI", "観測開始年（西暦）": 1996, "同月": 4, "観測機器名または観測項目": "TOPCON NET-G5" }, "geometry": { "type": "Point", "coordinates": [ 132.9954, 35.1956 ] } },
{ "type": "Feature", "properties": { "観測の種類": "GNSS", "name": "大田", "観測点名ローマ字": "OODA", "観測点コード": "950386", "緯度（度）": 35.186, "経度（度）": 132.5073, "高さ（ｍ）": 41, "測器の深度（ｍ）": null, "維持管理機関名": "国土地理院", "維持管理機関名（英語）": "GSI", "観測開始年（西暦）": 1996, "同月": 4, "観測機器名または観測項目": "TRIMBLE Alloy" }, "geometry": { "type": "Point", "coordinates": [ 132.5073, 35.186 ] } },
{ "type": "Feature", "properties": { "観測の種類": "GNSS", "name": "赤来", "観測点名ローマ字": "AKAGI", "観測点コード": "950387", "緯度（度）": 35.0198, "経度（度）": 132.7205, "高さ（ｍ）": 439, "測器の深度（ｍ）": null, "維持管理機関名": "国土地理院", "維持管理機関名（英語）": "GSI", "観測開始年（西暦）": 1996, "同月": 4, "観測機器名または観測項目": "TOPCON NET-G5" }, "geometry": { "type": "Point", "coordinates": [ 132.7205, 35.0198 ] } },
{ "type": "Feature", "properties": { "観測の種類": "GNSS", "name": "三隅", "観測点名ローマ字": "MISUMI", "観測点コード": "950388", "緯度（度）": 34.7673, "経度（度）": 131.9231, "高さ（ｍ）": 32, "測器の深度（ｍ）": null, "維持管理機関名": "国土地理院", "維持管理機関名（英語）": "GSI", "観測開始年（西暦）": 1996, "同月": 4, "観測機器名または観測項目": "TOPCON NET-G5" }, "geometry": { "type": "Point", "coordinates": [ 131.9231, 34.7673 ] } },
{ "type": "Feature", "properties": { "観測の種類": "GNSS", "name": "中和", "観測点名ローマ字": "CHUUKA", "観測点コード": "950389", "緯度（度）": 35.2635, "経度（度）": 133.7925, "高さ（ｍ）": 566, "測器の深度（ｍ）": null, "維持管理機関名": "国土地理院", "維持管理機関名（英語）": "GSI", "観測開始年（西暦）": 1996, "同月": 4, "観測機器名または観測項目": "TOPCON NET-G5" }, "geometry": { "type": "Point", "coordinates": [ 133.7925, 35.2635 ] } },
{ "type": "Feature", "properties": { "観測の種類": "GNSS", "name": "岡山大原", "観測点名ローマ字": "OKAYAMAOOHARA", "観測点コード": "950390", "緯度（度）": 35.0996, "経度（度）": 134.3196, "高さ（ｍ）": 285, "測器の深度（ｍ）": null, "維持管理機関名": "国土地理院", "維持管理機関名（英語）": "GSI", "観測開始年（西暦）": 1996, "同月": 4, "観測機器名または観測項目": "TRIMBLE Alloy" }, "geometry": { "type": "Point", "coordinates": [ 134.3196, 35.0996 ] } },
{ "type": "Feature", "properties": { "観測の種類": "GNSS", "name": "作東", "観測点名ローマ字": "SAKUTOU", "観測点コード": "950391", "緯度（度）": 35.0209, "経度（度）": 134.2348, "高さ（ｍ）": 191, "測器の深度（ｍ）": null, "維持管理機関名": "国土地理院", "維持管理機関名（英語）": "GSI", "観測開始年（西暦）": 1996, "同月": 4, "観測機器名または観測項目": "TOPCON NET-G5" }, "geometry": { "type": "Point", "coordinates": [ 134.2348, 35.0209 ] } },
{ "type": "Feature", "properties": { "観測の種類": "GNSS", "name": "落合", "観測点名ローマ字": "OCHIAI", "観測点コード": "950392", "緯度（度）": 35.003, "経度（度）": 133.7345, "高さ（ｍ）": 136, "測器の深度（ｍ）": null, "維持管理機関名": "国土地理院", "維持管理機関名（英語）": "GSI", "観測開始年（西暦）": 1996, "同月": 4, "観測機器名または観測項目": "TRIMBLE Alloy" }, "geometry": { "type": "Point", "coordinates": [ 133.7345, 35.003 ] } },
{ "type": "Feature", "properties": { "観測の種類": "GNSS", "name": "岡山中央", "観測点名ローマ字": "OKAYAMACHUUOU", "観測点コード": "950393", "緯度（度）": 34.9825, "経度（度）": 133.9609, "高さ（ｍ）": 166, "測器の深度（ｍ）": null, "維持管理機関名": "国土地理院", "維持管理機関名（英語）": "GSI", "観測開始年（西暦）": 1996, "同月": 4, "観測機器名または観測項目": "TRIMBLE Alloy" }, "geometry": { "type": "Point", "coordinates": [ 133.9609, 34.9825 ] } },
{ "type": "Feature", "properties": { "観測の種類": "GNSS", "name": "高梁", "観測点名ローマ字": "TAKAHASHI", "観測点コード": "950394", "緯度（度）": 34.8097, "経度（度）": 133.5981, "高さ（ｍ）": 436, "測器の深度（ｍ）": null, "維持管理機関名": "国土地理院", "維持管理機関名（英語）": "GSI", "観測開始年（西暦）": 1996, "同月": 4, "観測機器名または観測項目": "TOPCON NET-G5" }, "geometry": { "type": "Point", "coordinates": [ 133.5981, 34.8097 ] } },
{ "type": "Feature", "properties": { "観測の種類": "GNSS", "name": "岡山御津", "観測点名ローマ字": "OKAYAMAMITSU", "観測点コード": "950395", "緯度（度）": 34.7914, "経度（度）": 133.929, "高さ（ｍ）": 77, "測器の深度（ｍ）": null, "維持管理機関名": "国土地理院", "維持管理機関名（英語）": "GSI", "観測開始年（西暦）": 1996, "同月": 4, "観測機器名または観測項目": "TOPCON NET-G5" }, "geometry": { "type": "Point", "coordinates": [ 133.929, 34.7914 ] } },
{ "type": "Feature", "properties": { "観測の種類": "GNSS", "name": "邑久", "観測点名ローマ字": "OKU", "観測点コード": "950396", "緯度（度）": 34.6577, "経度（度）": 134.1658, "高さ（ｍ）": 117, "測器の深度（ｍ）": null, "維持管理機関名": "国土地理院", "維持管理機関名（英語）": "GSI", "観測開始年（西暦）": 1996, "同月": 4, "観測機器名または観測項目": "TOPCON NET-G5" }, "geometry": { "type": "Point", "coordinates": [ 134.1658, 34.6577 ] } },
{ "type": "Feature", "properties": { "観測の種類": "GNSS", "name": "倉敷１", "観測点名ローマ字": "KURASHIKI", "観測点コード": "950397", "緯度（度）": 34.4386, "経度（度）": 133.7967, "高さ（ｍ）": 23, "測器の深度（ｍ）": null, "維持管理機関名": "国土地理院", "維持管理機関名（英語）": "GSI", "観測開始年（西暦）": 1996, "同月": 4, "観測機器名または観測項目": "TOPCON NET-G5" }, "geometry": { "type": "Point", "coordinates": [ 133.7967, 34.4386 ] } },
{ "type": "Feature", "properties": { "観測の種類": "GNSS", "name": "西城", "観測点名ローマ字": "SAIJYOU", "観測点コード": "950398", "緯度（度）": 34.9435, "経度（度）": 133.1202, "高さ（ｍ）": 356, "測器の深度（ｍ）": null, "維持管理機関名": "国土地理院", "維持管理機関名（英語）": "GSI", "観測開始年（西暦）": 1996, "同月": 4, "観測機器名または観測項目": "TOPCON NET-G5" }, "geometry": { "type": "Point", "coordinates": [ 133.1202, 34.9435 ] } },
{ "type": "Feature", "properties": { "観測の種類": "GNSS", "name": "芸北", "観測点名ローマ字": "GEIHOKU", "観測点コード": "950399", "緯度（度）": 34.7269, "経度（度）": 132.2773, "高さ（ｍ）": 588, "測器の深度（ｍ）": null, "維持管理機関名": "国土地理院", "維持管理機関名（英語）": "GSI", "観測開始年（西暦）": 1996, "同月": 4, "観測機器名または観測項目": "TOPCON NET-G5" }, "geometry": { "type": "Point", "coordinates": [ 132.2773, 34.7269 ] } },
{ "type": "Feature", "properties": { "観測の種類": "GNSS", "name": "千代田", "観測点名ローマ字": "CHIYODA", "観測点コード": "950400", "緯度（度）": 34.6788, "経度（度）": 132.5402, "高さ（ｍ）": 277, "測器の深度（ｍ）": null, "維持管理機関名": "国土地理院", "維持管理機関名（英語）": "GSI", "観測開始年（西暦）": 1996, "同月": 4, "観測機器名または観測項目": "TOPCON NET-G5" }, "geometry": { "type": "Point", "coordinates": [ 132.5402, 34.6788 ] } },
{ "type": "Feature", "properties": { "観測の種類": "GNSS", "name": "上下", "観測点名ローマ字": "JOUGE", "観測点コード": "950401", "緯度（度）": 34.6725, "経度（度）": 133.1075, "高さ（ｍ）": 383, "測器の深度（ｍ）": null, "維持管理機関名": "国土地理院", "維持管理機関名（英語）": "GSI", "観測開始年（西暦）": 1996, "同月": 4, "観測機器名または観測項目": "TOPCON NET-G5" }, "geometry": { "type": "Point", "coordinates": [ 133.1075, 34.6725 ] } },
{ "type": "Feature", "properties": { "観測の種類": "GNSS", "name": "豊栄", "観測点名ローマ字": "HIROSIMATOYOSAKA", "観測点コード": "950402", "緯度（度）": 34.5713, "経度（度）": 132.824, "高さ（ｍ）": 392, "測器の深度（ｍ）": null, "維持管理機関名": "国土地理院", "維持管理機関名（英語）": "GSI", "観測開始年（西暦）": 1996, "同月": 4, "観測機器名または観測項目": "TRIMBLE Alloy" }, "geometry": { "type": "Point", "coordinates": [ 132.824, 34.5713 ] } },
{ "type": "Feature", "properties": { "観測の種類": "GNSS", "name": "広島１", "観測点名ローマ字": "HIROSHIMA1", "観測点コード": "950403", "緯度（度）": 34.5392, "経度（度）": 132.4635, "高さ（ｍ）": 161, "測器の深度（ｍ）": null, "維持管理機関名": "国土地理院", "維持管理機関名（英語）": "GSI", "観測開始年（西暦）": 1996, "同月": 4, "観測機器名または観測項目": "TRIMBLE Alloy" }, "geometry": { "type": "Point", "coordinates": [ 132.4635, 34.5392 ] } },
{ "type": "Feature", "properties": { "観測の種類": "GNSS", "name": "三原", "観測点名ローマ字": "MIHARA", "観測点コード": "950405", "緯度（度）": 34.3787, "経度（度）": 133.0098, "高さ（ｍ）": 27, "測器の深度（ｍ）": null, "維持管理機関名": "国土地理院", "維持管理機関名（英語）": "GSI", "観測開始年（西暦）": 1996, "同月": 4, "観測機器名または観測項目": "TRIMBLE NetR9" }, "geometry": { "type": "Point", "coordinates": [ 133.0098, 34.3787 ] } },
{ "type": "Feature", "properties": { "観測の種類": "GNSS", "name": "萩１", "観測点名ローマ字": "HAGI1", "観測点コード": "950407", "緯度（度）": 34.4399, "経度（度）": 131.4165, "高さ（ｍ）": 21, "測器の深度（ｍ）": null, "維持管理機関名": "国土地理院", "維持管理機関名（英語）": "GSI", "観測開始年（西暦）": 1996, "同月": 4, "観測機器名または観測項目": "TRIMBLE Alloy" }, "geometry": { "type": "Point", "coordinates": [ 131.4165, 34.4399 ] } },
{ "type": "Feature", "properties": { "観測の種類": "GNSS", "name": "豊北", "観測点名ローマ字": "HOUHOKU", "観測点コード": "950408", "緯度（度）": 34.2946, "経度（度）": 130.9431, "高さ（ｍ）": 94, "測器の深度（ｍ）": null, "維持管理機関名": "国土地理院", "維持管理機関名（英語）": "GSI", "観測開始年（西暦）": 1996, "同月": 4, "観測機器名または観測項目": "TOPCON NET-G5" }, "geometry": { "type": "Point", "coordinates": [ 130.9431, 34.2946 ] } },
{ "type": "Feature", "properties": { "観測の種類": "GNSS", "name": "阿東", "観測点名ローマ字": "ATOU", "観測点コード": "950409", "緯度（度）": 34.2837, "経度（度）": 131.5628, "高さ（ｍ）": 273, "測器の深度（ｍ）": null, "維持管理機関名": "国土地理院", "維持管理機関名（英語）": "GSI", "観測開始年（西暦）": 1996, "同月": 4, "観測機器名または観測項目": "TRIMBLE NetR9" }, "geometry": { "type": "Point", "coordinates": [ 131.5628, 34.2837 ] } },
{ "type": "Feature", "properties": { "観測の種類": "GNSS", "name": "錦", "観測点名ローマ字": "NISHIKI", "観測点コード": "950410", "緯度（度）": 34.2591, "経度（度）": 131.9533, "高さ（ｍ）": 126, "測器の深度（ｍ）": null, "維持管理機関名": "国土地理院", "維持管理機関名（英語）": "GSI", "観測開始年（西暦）": 1996, "同月": 4, "観測機器名または観測項目": "TRIMBLE NetR9" }, "geometry": { "type": "Point", "coordinates": [ 131.9533, 34.2591 ] } },
{ "type": "Feature", "properties": { "観測の種類": "GNSS", "name": "美東", "観測点名ローマ字": "MITOU", "観測点コード": "950411", "緯度（度）": 34.1895, "経度（度）": 131.3461, "高さ（ｍ）": 103, "測器の深度（ｍ）": null, "維持管理機関名": "国土地理院", "維持管理機関名（英語）": "GSI", "観測開始年（西暦）": 1996, "同月": 4, "観測機器名または観測項目": "TOPCON NET-G5" }, "geometry": { "type": "Point", "coordinates": [ 131.3461, 34.1895 ] } },
{ "type": "Feature", "properties": { "観測の種類": "GNSS", "name": "防府", "観測点名ローマ字": "HOUFU", "観測点コード": "950412", "緯度（度）": 34.0572, "経度（度）": 131.5308, "高さ（ｍ）": 12, "測器の深度（ｍ）": null, "維持管理機関名": "国土地理院", "維持管理機関名（英語）": "GSI", "観測開始年（西暦）": 1996, "同月": 4, "観測機器名または観測項目": "TRIMBLE Alloy" }, "geometry": { "type": "Point", "coordinates": [ 131.5308, 34.0572 ] } },
{ "type": "Feature", "properties": { "観測の種類": "GNSS", "name": "宇部", "観測点名ローマ字": "UBE", "観測点コード": "950413", "緯度（度）": 33.9777, "経度（度）": 131.286, "高さ（ｍ）": 72, "測器の深度（ｍ）": null, "維持管理機関名": "国土地理院", "維持管理機関名（英語）": "GSI", "観測開始年（西暦）": 1996, "同月": 4, "観測機器名または観測項目": "TOPCON NET-G5" }, "geometry": { "type": "Point", "coordinates": [ 131.286, 33.9777 ] } },
{ "type": "Feature", "properties": { "観測の種類": "GNSS", "name": "柳井", "観測点名ローマ字": "YANAI", "観測点コード": "950414", "緯度（度）": 33.9751, "経度（度）": 132.1044, "高さ（ｍ）": 13, "測器の深度（ｍ）": null, "維持管理機関名": "国土地理院", "維持管理機関名（英語）": "GSI", "観測開始年（西暦）": 1996, "同月": 4, "観測機器名または観測項目": "TOPCON NET-G5" }, "geometry": { "type": "Point", "coordinates": [ 132.1044, 33.9751 ] } },
{ "type": "Feature", "properties": { "観測の種類": "GNSS", "name": "徳島吉野", "観測点名ローマ字": "TOKUSHIMAYOSHINO", "観測点コード": "950415", "緯度（度）": 34.097, "経度（度）": 134.352, "高さ（ｍ）": 28, "測器の深度（ｍ）": null, "維持管理機関名": "国土地理院", "維持管理機関名（英語）": "GSI", "観測開始年（西暦）": 1996, "同月": 4, "観測機器名または観測項目": "TRIMBLE NetR9" }, "geometry": { "type": "Point", "coordinates": [ 134.352, 34.097 ] } },
{ "type": "Feature", "properties": { "観測の種類": "GNSS", "name": "徳島", "観測点名ローマ字": "TOKUSHIMA", "観測点コード": "950416", "緯度（度）": 34.0599, "経度（度）": 134.5601, "高さ（ｍ）": 6, "測器の深度（ｍ）": null, "維持管理機関名": "国土地理院", "維持管理機関名（英語）": "GSI", "観測開始年（西暦）": 1996, "同月": 4, "観測機器名または観測項目": "TOPCON NET-G5" }, "geometry": { "type": "Point", "coordinates": [ 134.5601, 34.0599 ] } },
{ "type": "Feature", "properties": { "観測の種類": "GNSS", "name": "山川", "観測点名ローマ字": "YAMAKAWA", "観測点コード": "950418", "緯度（度）": 34.0384, "経度（度）": 134.2302, "高さ（ｍ）": 49, "測器の深度（ｍ）": null, "維持管理機関名": "国土地理院", "維持管理機関名（英語）": "GSI", "観測開始年（西暦）": 1996, "同月": 4, "観測機器名または観測項目": "TOPCON NET-G5" }, "geometry": { "type": "Point", "coordinates": [ 134.2302, 34.0384 ] } },
{ "type": "Feature", "properties": { "観測の種類": "GNSS", "name": "山城", "観測点名ローマ字": "YAMASHIRO", "観測点コード": "950419", "緯度（度）": 33.9367, "経度（度）": 133.6813, "高さ（ｍ）": 796, "測器の深度（ｍ）": null, "維持管理機関名": "国土地理院", "維持管理機関名（英語）": "GSI", "観測開始年（西暦）": 1996, "同月": 4, "観測機器名または観測項目": "TOPCON NET-G5" }, "geometry": { "type": "Point", "coordinates": [ 133.6813, 33.9367 ] } },
{ "type": "Feature", "properties": { "観測の種類": "GNSS", "name": "上勝", "観測点名ローマ字": "KAMIKATSU", "観測点コード": "950420", "緯度（度）": 33.8789, "経度（度）": 134.3891, "高さ（ｍ）": 289, "測器の深度（ｍ）": null, "維持管理機関名": "国土地理院", "維持管理機関名（英語）": "GSI", "観測開始年（西暦）": 1996, "同月": 4, "観測機器名または観測項目": "TRIMBLE NetR9" }, "geometry": { "type": "Point", "coordinates": [ 134.3891, 33.8789 ] } },
{ "type": "Feature", "properties": { "観測の種類": "GNSS", "name": "一宇", "観測点名ローマ字": "ICHIU", "観測点コード": "950421", "緯度（度）": 33.8775, "経度（度）": 134.0582, "高さ（ｍ）": 1371, "測器の深度（ｍ）": null, "維持管理機関名": "国土地理院", "維持管理機関名（英語）": "GSI", "観測開始年（西暦）": 1996, "同月": 4, "観測機器名または観測項目": "TRIMBLE Alloy" }, "geometry": { "type": "Point", "coordinates": [ 134.0582, 33.8775 ] } },
{ "type": "Feature", "properties": { "観測の種類": "GNSS", "name": "阿南２", "観測点名ローマ字": "ANAN2", "観測点コード": "950422", "緯度（度）": 33.8302, "経度（度）": 134.6678, "高さ（ｍ）": 10, "測器の深度（ｍ）": null, "維持管理機関名": "国土地理院", "維持管理機関名（英語）": "GSI", "観測開始年（西暦）": 1996, "同月": 4, "観測機器名または観測項目": "TOPCON NET-G5" }, "geometry": { "type": "Point", "coordinates": [ 134.6678, 33.8302 ] } },
{ "type": "Feature", "properties": { "観測の種類": "GNSS", "name": "日和佐", "観測点名ローマ字": "HIWASA", "観測点コード": "950423", "緯度（度）": 33.7251, "経度（度）": 134.533, "高さ（ｍ）": 7, "測器の深度（ｍ）": null, "維持管理機関名": "国土地理院", "維持管理機関名（英語）": "GSI", "観測開始年（西暦）": 1996, "同月": 4, "観測機器名または観測項目": "TRIMBLE Alloy" }, "geometry": { "type": "Point", "coordinates": [ 134.533, 33.7251 ] } },
{ "type": "Feature", "properties": { "観測の種類": "GNSS", "name": "徳島海南", "観測点名ローマ字": "TOKUSHIMAKAINAN", "観測点コード": "950424", "緯度（度）": 33.6185, "経度（度）": 134.372, "高さ（ｍ）": 14, "測器の深度（ｍ）": null, "維持管理機関名": "国土地理院", "維持管理機関名（英語）": "GSI", "観測開始年（西暦）": 1996, "同月": 4, "観測機器名または観測項目": "TOPCON NET-G5" }, "geometry": { "type": "Point", "coordinates": [ 134.372, 33.6185 ] } },
{ "type": "Feature", "properties": { "観測の種類": "GNSS", "name": "内海", "観測点名ローマ字": "UCHINOMI", "観測点コード": "950425", "緯度（度）": 34.4724, "経度（度）": 134.3142, "高さ（ｍ）": 7, "測器の深度（ｍ）": null, "維持管理機関名": "国土地理院", "維持管理機関名（英語）": "GSI", "観測開始年（西暦）": 1996, "同月": 4, "観測機器名または観測項目": "TOPCON NET-G5" }, "geometry": { "type": "Point", "coordinates": [ 134.3142, 34.4724 ] } },
{ "type": "Feature", "properties": { "観測の種類": "GNSS", "name": "香川大川", "観測点名ローマ字": "KAGAWAOOKAWA", "観測点コード": "950426", "緯度（度）": 34.2546, "経度（度）": 134.242, "高さ（ｍ）": 104, "測器の深度（ｍ）": null, "維持管理機関名": "国土地理院", "維持管理機関名（英語）": "GSI", "観測開始年（西暦）": 1996, "同月": 4, "観測機器名または観測項目": "TRIMBLE Alloy" }, "geometry": { "type": "Point", "coordinates": [ 134.242, 34.2546 ] } },
{ "type": "Feature", "properties": { "観測の種類": "GNSS", "name": "三野", "観測点名ローマ字": "MINO", "観測点コード": "950427", "緯度（度）": 34.2174, "経度（度）": 133.7151, "高さ（ｍ）": 16, "測器の深度（ｍ）": null, "維持管理機関名": "国土地理院", "維持管理機関名（英語）": "GSI", "観測開始年（西暦）": 1996, "同月": 4, "観測機器名または観測項目": "TOPCON NET-G5" }, "geometry": { "type": "Point", "coordinates": [ 133.7151, 34.2174 ] } },
{ "type": "Feature", "properties": { "観測の種類": "GNSS", "name": "豊浜", "観測点名ローマ字": "TOYOHAMA", "観測点コード": "950428", "緯度（度）": 34.0681, "経度（度）": 133.6475, "高さ（ｍ）": 23, "測器の深度（ｍ）": null, "維持管理機関名": "国土地理院", "維持管理機関名（英語）": "GSI", "観測開始年（西暦）": 1996, "同月": 4, "観測機器名または観測項目": "TOPCON NET-G5" }, "geometry": { "type": "Point", "coordinates": [ 133.6475, 34.0681 ] } },
{ "type": "Feature", "properties": { "観測の種類": "GNSS", "name": "琴南", "観測点名ローマ字": "KOTONAMI", "観測点コード": "950429", "緯度（度）": 34.1642, "経度（度）": 133.9255, "高さ（ｍ）": 184, "測器の深度（ｍ）": null, "維持管理機関名": "国土地理院", "維持管理機関名（英語）": "GSI", "観測開始年（西暦）": 1996, "同月": 4, "観測機器名または観測項目": "TRIMBLE Alloy" }, "geometry": { "type": "Point", "coordinates": [ 133.9255, 34.1642 ] } },
{ "type": "Feature", "properties": { "観測の種類": "GNSS", "name": "伊予三島", "観測点名ローマ字": "IYOMISHIMA", "観測点コード": "950431", "緯度（度）": 33.9387, "経度（度）": 133.5382, "高さ（ｍ）": 724, "測器の深度（ｍ）": null, "維持管理機関名": "国土地理院", "維持管理機関名（英語）": "GSI", "観測開始年（西暦）": 1996, "同月": 4, "観測機器名または観測項目": "TRIMBLE Alloy" }, "geometry": { "type": "Point", "coordinates": [ 133.5382, 33.9387 ] } },
{ "type": "Feature", "properties": { "観測の種類": "GNSS", "name": "愛媛川内", "観測点名ローマ字": "EHIMEKAWAUCHI", "観測点コード": "950433", "緯度（度）": 33.7965, "経度（度）": 132.9116, "高さ（ｍ）": 137, "測器の深度（ｍ）": null, "維持管理機関名": "国土地理院", "維持管理機関名（英語）": "GSI", "観測開始年（西暦）": 1996, "同月": 4, "観測機器名または観測項目": "TRIMBLE Alloy" }, "geometry": { "type": "Point", "coordinates": [ 132.9116, 33.7965 ] } },
{ "type": "Feature", "properties": { "観測の種類": "GNSS", "name": "伊予", "観測点名ローマ字": "IYO", "観測点コード": "950434", "緯度（度）": 33.7226, "経度（度）": 132.684, "高さ（ｍ）": 56, "測器の深度（ｍ）": null, "維持管理機関名": "国土地理院", "維持管理機関名（英語）": "GSI", "観測開始年（西暦）": 1996, "同月": 4, "観測機器名または観測項目": "TOPCON NET-G5" }, "geometry": { "type": "Point", "coordinates": [ 132.684, 33.7226 ] } },
{ "type": "Feature", "properties": { "観測の種類": "GNSS", "name": "美川", "観測点名ローマ字": "MIKAWA", "観測点コード": "950435", "緯度（度）": 33.5692, "経度（度）": 132.9379, "高さ（ｍ）": 1510, "測器の深度（ｍ）": null, "維持管理機関名": "国土地理院", "維持管理機関名（英語）": "GSI", "観測開始年（西暦）": 1996, "同月": 4, "観測機器名または観測項目": "TOPCON NET-G5" }, "geometry": { "type": "Point", "coordinates": [ 132.9379, 33.5692 ] } },
{ "type": "Feature", "properties": { "観測の種類": "GNSS", "name": "肱川", "観測点名ローマ字": "HIJIKAWA", "観測点コード": "950436", "緯度（度）": 33.4468, "経度（度）": 132.6934, "高さ（ｍ）": 205, "測器の深度（ｍ）": null, "維持管理機関名": "国土地理院", "維持管理機関名（英語）": "GSI", "観測開始年（西暦）": 1996, "同月": 4, "観測機器名または観測項目": "TOPCON NET-G5" }, "geometry": { "type": "Point", "coordinates": [ 132.6934, 33.4468 ] } },
{ "type": "Feature", "properties": { "観測の種類": "GNSS", "name": "御荘", "観測点名ローマ字": "MISHOU", "観測点コード": "950437", "緯度（度）": 32.9639, "経度（度）": 132.5618, "高さ（ｍ）": 16, "測器の深度（ｍ）": null, "維持管理機関名": "国土地理院", "維持管理機関名（英語）": "GSI", "観測開始年（西暦）": 1996, "同月": 4, "観測機器名または観測項目": "TRIMBLE Alloy" }, "geometry": { "type": "Point", "coordinates": [ 132.5618, 32.9639 ] } },
{ "type": "Feature", "properties": { "観測の種類": "GNSS", "name": "香北", "観測点名ローマ字": "KAHOKU", "観測点コード": "950439", "緯度（度）": 33.6542, "経度（度）": 133.805, "高さ（ｍ）": 169, "測器の深度（ｍ）": null, "維持管理機関名": "国土地理院", "維持管理機関名（英語）": "GSI", "観測開始年（西暦）": 1996, "同月": 4, "観測機器名または観測項目": "TOPCON NET-G5" }, "geometry": { "type": "Point", "coordinates": [ 133.805, 33.6542 ] } },
{ "type": "Feature", "properties": { "観測の種類": "GNSS", "name": "馬路", "観測点名ローマ字": "UMAJI", "観測点コード": "950440", "緯度（度）": 33.6038, "経度（度）": 134.1069, "高さ（ｍ）": 463, "測器の深度（ｍ）": null, "維持管理機関名": "国土地理院", "維持管理機関名（英語）": "GSI", "観測開始年（西暦）": 1996, "同月": 4, "観測機器名または観測項目": "TRIMBLE Alloy" }, "geometry": { "type": "Point", "coordinates": [ 134.1069, 33.6038 ] } },
{ "type": "Feature", "properties": { "観測の種類": "GNSS", "name": "東洋", "観測点名ローマ字": "TOUYOU", "観測点コード": "950441", "緯度（度）": 33.5278, "経度（度）": 134.2808, "高さ（ｍ）": 12, "測器の深度（ｍ）": null, "維持管理機関名": "国土地理院", "維持管理機関名（英語）": "GSI", "観測開始年（西暦）": 1996, "同月": 4, "観測機器名または観測項目": "TOPCON NET-G5" }, "geometry": { "type": "Point", "coordinates": [ 134.2808, 33.5278 ] } },
{ "type": "Feature", "properties": { "観測の種類": "GNSS", "name": "安芸", "観測点名ローマ字": "AKI", "観測点コード": "950442", "緯度（度）": 33.5057, "経度（度）": 133.9036, "高さ（ｍ）": 12, "測器の深度（ｍ）": null, "維持管理機関名": "国土地理院", "維持管理機関名（英語）": "GSI", "観測開始年（西暦）": 1996, "同月": 4, "観測機器名または観測項目": "TRIMBLE Alloy" }, "geometry": { "type": "Point", "coordinates": [ 133.9036, 33.5057 ] } },
{ "type": "Feature", "properties": { "観測の種類": "GNSS", "name": "佐川", "観測点名ローマ字": "SAKAWA", "観測点コード": "950443", "緯度（度）": 33.4684, "経度（度）": 133.2809, "高さ（ｍ）": 113, "測器の深度（ｍ）": null, "維持管理機関名": "国土地理院", "維持管理機関名（英語）": "GSI", "観測開始年（西暦）": 1996, "同月": 4, "観測機器名または観測項目": "TRIMBLE NetR9" }, "geometry": { "type": "Point", "coordinates": [ 133.2809, 33.4684 ] } },
{ "type": "Feature", "properties": { "観測の種類": "GNSS", "name": "高知田野", "観測点名ローマ字": "KOUCHITANO", "観測点コード": "950444", "緯度（度）": 33.4278, "経度（度）": 134.0071, "高さ（ｍ）": 9, "測器の深度（ｍ）": null, "維持管理機関名": "国土地理院", "維持管理機関名（英語）": "GSI", "観測開始年（西暦）": 1996, "同月": 4, "観測機器名または観測項目": "TOPCON NET-G5" }, "geometry": { "type": "Point", "coordinates": [ 134.0071, 33.4278 ] } },
{ "type": "Feature", "properties": { "観測の種類": "GNSS", "name": "須崎", "観測点名ローマ字": "SUSAKI", "観測点コード": "950445", "緯度（度）": 33.4077, "経度（度）": 133.403, "高さ（ｍ）": 144, "測器の深度（ｍ）": null, "維持管理機関名": "国土地理院", "維持管理機関名（英語）": "GSI", "観測開始年（西暦）": 1996, "同月": 4, "観測機器名または観測項目": "TOPCON NET-G5" }, "geometry": { "type": "Point", "coordinates": [ 133.403, 33.4077 ] } },
{ "type": "Feature", "properties": { "観測の種類": "GNSS", "name": "西土佐", "観測点名ローマ字": "NISHITOSA", "観測点コード": "950447", "緯度（度）": 33.1716, "経度（度）": 132.7927, "高さ（ｍ）": 77, "測器の深度（ｍ）": null, "維持管理機関名": "国土地理院", "維持管理機関名（英語）": "GSI", "観測開始年（西暦）": 1996, "同月": 4, "観測機器名または観測項目": "TRIMBLE Alloy" }, "geometry": { "type": "Point", "coordinates": [ 132.7927, 33.1716 ] } },
{ "type": "Feature", "properties": { "観測の種類": "GNSS", "name": "大方", "観測点名ローマ字": "OOGATA", "観測点コード": "950448", "緯度（度）": 32.9912, "経度（度）": 132.9992, "高さ（ｍ）": 25, "測器の深度（ｍ）": null, "維持管理機関名": "国土地理院", "維持管理機関名（英語）": "GSI", "観測開始年（西暦）": 1996, "同月": 4, "観測機器名または観測項目": "TOPCON NET-G5" }, "geometry": { "type": "Point", "coordinates": [ 132.9992, 32.9912 ] } },
{ "type": "Feature", "properties": { "観測の種類": "GNSS", "name": "高知大月", "観測点名ローマ字": "KOUCHIOOTSUKI", "観測点コード": "950449", "緯度（度）": 32.8406, "経度（度）": 132.7037, "高さ（ｍ）": 83, "測器の深度（ｍ）": null, "維持管理機関名": "国土地理院", "維持管理機関名（英語）": "GSI", "観測開始年（西暦）": 1996, "同月": 4, "観測機器名または観測項目": "TOPCON NET-G5" }, "geometry": { "type": "Point", "coordinates": [ 132.7037, 32.8406 ] } },
{ "type": "Feature", "properties": { "観測の種類": "GNSS", "name": "前原", "観測点名ローマ字": "MAEBARU", "観測点コード": "950450", "緯度（度）": 33.5361, "経度（度）": 130.2508, "高さ（ｍ）": 46, "測器の深度（ｍ）": null, "維持管理機関名": "国土地理院", "維持管理機関名（英語）": "GSI", "観測開始年（西暦）": 1996, "同月": 4, "観測機器名または観測項目": "TOPCON NET-G5" }, "geometry": { "type": "Point", "coordinates": [ 130.2508, 33.5361 ] } },
{ "type": "Feature", "properties": { "観測の種類": "GNSS", "name": "筑紫野", "観測点名ローマ字": "CHIKUSHINO", "観測点コード": "950451", "緯度（度）": 33.5004, "経度（度）": 130.522, "高さ（ｍ）": 55, "測器の深度（ｍ）": null, "維持管理機関名": "国土地理院", "維持管理機関名（英語）": "GSI", "観測開始年（西暦）": 1996, "同月": 4, "観測機器名または観測項目": "TRIMBLE Alloy" }, "geometry": { "type": "Point", "coordinates": [ 130.522, 33.5004 ] } },
{ "type": "Feature", "properties": { "観測の種類": "GNSS", "name": "小石原", "観測点名ローマ字": "KOISHIWARA", "観測点コード": "950452", "緯度（度）": 33.4655, "経度（度）": 130.8287, "高さ（ｍ）": 495, "測器の深度（ｍ）": null, "維持管理機関名": "国土地理院", "維持管理機関名（英語）": "GSI", "観測開始年（西暦）": 1996, "同月": 4, "観測機器名または観測項目": "TOPCON NET-G5" }, "geometry": { "type": "Point", "coordinates": [ 130.8287, 33.4655 ] } },
{ "type": "Feature", "properties": { "観測の種類": "GNSS", "name": "八女", "観測点名ローマ字": "YAME", "観測点コード": "950453", "緯度（度）": 33.2059, "経度（度）": 130.5646, "高さ（ｍ）": 37, "測器の深度（ｍ）": null, "維持管理機関名": "国土地理院", "維持管理機関名（英語）": "GSI", "観測開始年（西暦）": 1996, "同月": 4, "観測機器名または観測項目": "TOPCON NET-G5" }, "geometry": { "type": "Point", "coordinates": [ 130.5646, 33.2059 ] } },
{ "type": "Feature", "properties": { "観測の種類": "GNSS", "name": "佐賀", "観測点名ローマ字": "SAGA", "観測点コード": "950454", "緯度（度）": 33.2749, "経度（度）": 130.2687, "高さ（ｍ）": 10, "測器の深度（ｍ）": null, "維持管理機関名": "国土地理院", "維持管理機関名（英語）": "GSI", "観測開始年（西暦）": 1996, "同月": 4, "観測機器名または観測項目": "TRIMBLE Alloy" }, "geometry": { "type": "Point", "coordinates": [ 130.2687, 33.2749 ] } },
{ "type": "Feature", "properties": { "観測の種類": "GNSS", "name": "佐賀鹿島", "観測点名ローマ字": "SAGAKASHIMA", "観測点コード": "950455", "緯度（度）": 33.0985, "経度（度）": 130.0942, "高さ（ｍ）": 20, "測器の深度（ｍ）": null, "維持管理機関名": "国土地理院", "維持管理機関名（英語）": "GSI", "観測開始年（西暦）": 1996, "同月": 4, "観測機器名または観測項目": "TOPCON NET-G5" }, "geometry": { "type": "Point", "coordinates": [ 130.0942, 33.0985 ] } },
{ "type": "Feature", "properties": { "観測の種類": "GNSS", "name": "上対馬", "観測点名ローマ字": "KAMITSUSHIMA", "観測点コード": "950456", "緯度（度）": 34.6556, "経度（度）": 129.4821, "高さ（ｍ）": 37, "測器の深度（ｍ）": null, "維持管理機関名": "国土地理院", "維持管理機関名（英語）": "GSI", "観測開始年（西暦）": 1996, "同月": 4, "観測機器名または観測項目": "TRIMBLE Alloy" }, "geometry": { "type": "Point", "coordinates": [ 129.4821, 34.6556 ] } },
{ "type": "Feature", "properties": { "観測の種類": "GNSS", "name": "美津島", "観測点名ローマ字": "MITSUSHIMA", "観測点コード": "950457", "緯度（度）": 34.2682, "経度（度）": 129.3115, "高さ（ｍ）": 13, "測器の深度（ｍ）": null, "維持管理機関名": "国土地理院", "維持管理機関名（英語）": "GSI", "観測開始年（西暦）": 1996, "同月": 4, "観測機器名または観測項目": "TOPCON NET-G5" }, "geometry": { "type": "Point", "coordinates": [ 129.3115, 34.2682 ] } },
{ "type": "Feature", "properties": { "観測の種類": "GNSS", "name": "石田", "観測点名ローマ字": "ISHIDA", "観測点コード": "950458", "緯度（度）": 33.7427, "経度（度）": 129.7347, "高さ（ｍ）": 96, "測器の深度（ｍ）": null, "維持管理機関名": "国土地理院", "維持管理機関名（英語）": "GSI", "観測開始年（西暦）": 1996, "同月": 4, "観測機器名または観測項目": "TRIMBLE Alloy" }, "geometry": { "type": "Point", "coordinates": [ 129.7347, 33.7427 ] } },
{ "type": "Feature", "properties": { "観測の種類": "GNSS", "name": "平戸", "観測点名ローマ字": "HIRADO", "観測点コード": "950459", "緯度（度）": 33.3622, "経度（度）": 129.537, "高さ（ｍ）": 141, "測器の深度（ｍ）": null, "維持管理機関名": "国土地理院", "維持管理機関名（英語）": "GSI", "観測開始年（西暦）": 1996, "同月": 4, "観測機器名または観測項目": "TOPCON NET-G5" }, "geometry": { "type": "Point", "coordinates": [ 129.537, 33.3622 ] } },
{ "type": "Feature", "properties": { "観測の種類": "GNSS", "name": "西海", "観測点名ローマ字": "SAIKAI", "観測点コード": "950460", "緯度（度）": 33.0631, "経度（度）": 129.6907, "高さ（ｍ）": 79, "測器の深度（ｍ）": null, "維持管理機関名": "国土地理院", "維持管理機関名（英語）": "GSI", "観測開始年（西暦）": 1996, "同月": 4, "観測機器名または観測項目": "TOPCON NET-G5" }, "geometry": { "type": "Point", "coordinates": [ 129.6907, 33.0631 ] } },
{ "type": "Feature", "properties": { "観測の種類": "GNSS", "name": "長崎国見", "観測点名ローマ字": "NAGASAKIKUNIMI", "観測点コード": "950461", "緯度（度）": 32.8707, "経度（度）": 130.2713, "高さ（ｍ）": 11, "測器の深度（ｍ）": null, "維持管理機関名": "国土地理院", "維持管理機関名（英語）": "GSI", "観測開始年（西暦）": 1996, "同月": 4, "観測機器名または観測項目": "TOPCON NET-G5" }, "geometry": { "type": "Point", "coordinates": [ 130.2713, 32.8707 ] } },
{ "type": "Feature", "properties": { "観測の種類": "GNSS", "name": "福江", "観測点名ローマ字": "FUKUE", "観測点コード": "950462", "緯度（度）": 32.6694, "経度（度）": 128.8431, "高さ（ｍ）": 120, "測器の深度（ｍ）": null, "維持管理機関名": "国土地理院", "維持管理機関名（英語）": "GSI", "観測開始年（西暦）": 1996, "同月": 4, "観測機器名または観測項目": "TRIMBLE Alloy" }, "geometry": { "type": "Point", "coordinates": [ 128.8431, 32.6694 ] } },
{ "type": "Feature", "properties": { "観測の種類": "GNSS", "name": "加津佐", "観測点名ローマ字": "KAZUSA", "観測点コード": "950463", "緯度（度）": 32.6369, "経度（度）": 130.1546, "高さ（ｍ）": 39, "測器の深度（ｍ）": null, "維持管理機関名": "国土地理院", "維持管理機関名（英語）": "GSI", "観測開始年（西暦）": 1996, "同月": 4, "観測機器名または観測項目": "TOPCON NET-G5" }, "geometry": { "type": "Point", "coordinates": [ 130.1546, 32.6369 ] } },
{ "type": "Feature", "properties": { "観測の種類": "GNSS", "name": "玉名", "観測点名ローマ字": "TAMANA", "観測点コード": "950464", "緯度（度）": 32.9335, "経度（度）": 130.5477, "高さ（ｍ）": 19, "測器の深度（ｍ）": null, "維持管理機関名": "国土地理院", "維持管理機関名（英語）": "GSI", "観測開始年（西暦）": 1996, "同月": 4, "観測機器名または観測項目": "TOPCON NET-G5" }, "geometry": { "type": "Point", "coordinates": [ 130.5477, 32.9335 ] } },
{ "type": "Feature", "properties": { "観測の種類": "GNSS", "name": "熊本", "観測点名ローマ字": "KUMAMOTO", "観測点コード": "950465", "緯度（度）": 32.8421, "経度（度）": 130.7648, "高さ（ｍ）": 59, "測器の深度（ｍ）": null, "維持管理機関名": "国土地理院", "維持管理機関名（英語）": "GSI", "観測開始年（西暦）": 1996, "同月": 4, "観測機器名または観測項目": "TRIMBLE NetR9" }, "geometry": { "type": "Point", "coordinates": [ 130.7648, 32.8421 ] } },
{ "type": "Feature", "properties": { "観測の種類": "GNSS", "name": "清和", "観測点名ローマ字": "SEIWA", "観測点コード": "950466", "緯度（度）": 32.7407, "経度（度）": 131.0993, "高さ（ｍ）": 692, "測器の深度（ｍ）": null, "維持管理機関名": "国土地理院", "維持管理機関名（英語）": "GSI", "観測開始年（西暦）": 1996, "同月": 4, "観測機器名または観測項目": "TRIMBLE Alloy" }, "geometry": { "type": "Point", "coordinates": [ 131.0993, 32.7407 ] } },
{ "type": "Feature", "properties": { "観測の種類": "GNSS", "name": "天草", "観測点名ローマ字": "AMAKUSA", "観測点コード": "950467", "緯度（度）": 32.3262, "経度（度）": 129.9873, "高さ（ｍ）": 34, "測器の深度（ｍ）": null, "維持管理機関名": "国土地理院", "維持管理機関名（英語）": "GSI", "観測開始年（西暦）": 1996, "同月": 4, "観測機器名または観測項目": "TOPCON NET-G5" }, "geometry": { "type": "Point", "coordinates": [ 129.9873, 32.3262 ] } },
{ "type": "Feature", "properties": { "観測の種類": "GNSS", "name": "芦北", "観測点名ローマ字": "ASHIKITA", "観測点コード": "950468", "緯度（度）": 32.2992, "経度（度）": 130.5068, "高さ（ｍ）": 10, "測器の深度（ｍ）": null, "維持管理機関名": "国土地理院", "維持管理機関名（英語）": "GSI", "観測開始年（西暦）": 1996, "同月": 4, "観測機器名または観測項目": "TOPCON NET-G5" }, "geometry": { "type": "Point", "coordinates": [ 130.5068, 32.2992 ] } },
{ "type": "Feature", "properties": { "観測の種類": "GNSS", "name": "熊本相良", "観測点名ローマ字": "KUMAMOTOSAGARA", "観測点コード": "950469", "緯度（度）": 32.2387, "経度（度）": 130.8026, "高さ（ｍ）": 161, "測器の深度（ｍ）": null, "維持管理機関名": "国土地理院", "維持管理機関名（英語）": "GSI", "観測開始年（西暦）": 1996, "同月": 4, "観測機器名または観測項目": "TRIMBLE Alloy" }, "geometry": { "type": "Point", "coordinates": [ 130.8026, 32.2387 ] } },
{ "type": "Feature", "properties": { "観測の種類": "GNSS", "name": "大分国見", "観測点名ローマ字": "OOITAKUNIMI", "観測点コード": "950470", "緯度（度）": 33.6712, "経度（度）": 131.5642, "高さ（ｍ）": 8, "測器の深度（ｍ）": null, "維持管理機関名": "国土地理院", "維持管理機関名（英語）": "GSI", "観測開始年（西暦）": 1996, "同月": 4, "観測機器名または観測項目": "TOPCON NET-G5" }, "geometry": { "type": "Point", "coordinates": [ 131.5642, 33.6712 ] } },
{ "type": "Feature", "properties": { "観測の種類": "GNSS", "name": "本耶馬渓", "観測点名ローマ字": "HONYABAKEI", "観測点コード": "950471", "緯度（度）": 33.4962, "経度（度）": 131.1689, "高さ（ｍ）": 96, "測器の深度（ｍ）": null, "維持管理機関名": "国土地理院", "維持管理機関名（英語）": "GSI", "観測開始年（西暦）": 1996, "同月": 4, "観測機器名または観測項目": "TRIMBLE NetR9" }, "geometry": { "type": "Point", "coordinates": [ 131.1689, 33.4962 ] } },
{ "type": "Feature", "properties": { "観測の種類": "GNSS", "name": "湯布院", "観測点名ローマ字": "YUFUIN", "観測点コード": "950472", "緯度（度）": 33.254, "経度（度）": 131.3473, "高さ（ｍ）": 455, "測器の深度（ｍ）": null, "維持管理機関名": "国土地理院", "維持管理機関名（英語）": "GSI", "観測開始年（西暦）": 1996, "同月": 4, "観測機器名または観測項目": "TOPCON NET-G5" }, "geometry": { "type": "Point", "coordinates": [ 131.3473, 33.254 ] } },
{ "type": "Feature", "properties": { "観測の種類": "GNSS", "name": "佐賀関", "観測点名ローマ字": "SAGANOSEKI", "観測点コード": "950473", "緯度（度）": 33.2394, "経度（度）": 131.7981, "高さ（ｍ）": 23, "測器の深度（ｍ）": null, "維持管理機関名": "国土地理院", "維持管理機関名（英語）": "GSI", "観測開始年（西暦）": 1996, "同月": 4, "観測機器名または観測項目": "TRIMBLE Alloy" }, "geometry": { "type": "Point", "coordinates": [ 131.7981, 33.2394 ] } },
{ "type": "Feature", "properties": { "観測の種類": "GNSS", "name": "久住", "観測点名ローマ字": "KUJUU", "観測点コード": "950474", "緯度（度）": 33.009, "経度（度）": 131.2861, "高さ（ｍ）": 547, "測器の深度（ｍ）": null, "維持管理機関名": "国土地理院", "維持管理機関名（英語）": "GSI", "観測開始年（西暦）": 1996, "同月": 4, "観測機器名または観測項目": "TOPCON NET-G5" }, "geometry": { "type": "Point", "coordinates": [ 131.2861, 33.009 ] } },
{ "type": "Feature", "properties": { "観測の種類": "GNSS", "name": "大分三重", "観測点名ローマ字": "OOITAMIE", "観測点コード": "950475", "緯度（度）": 32.9869, "経度（度）": 131.5878, "高さ（ｍ）": 169, "測器の深度（ｍ）": null, "維持管理機関名": "国土地理院", "維持管理機関名（英語）": "GSI", "観測開始年（西暦）": 1996, "同月": 4, "観測機器名または観測項目": "TRIMBLE Alloy" }, "geometry": { "type": "Point", "coordinates": [ 131.5878, 32.9869 ] } },
{ "type": "Feature", "properties": { "観測の種類": "GNSS", "name": "北川", "観測点名ローマ字": "KITAGAWA", "観測点コード": "950476", "緯度（度）": 32.704, "経度（度）": 131.7568, "高さ（ｍ）": 550, "測器の深度（ｍ）": null, "維持管理機関名": "国土地理院", "維持管理機関名（英語）": "GSI", "観測開始年（西暦）": 1996, "同月": 4, "観測機器名または観測項目": "TOPCON NET-G5" }, "geometry": { "type": "Point", "coordinates": [ 131.7568, 32.704 ] } },
{ "type": "Feature", "properties": { "観測の種類": "GNSS", "name": "日之影", "観測点名ローマ字": "HINOKAGE", "観測点コード": "950477", "緯度（度）": 32.6848, "経度（度）": 131.3276, "高さ（ｍ）": 314, "測器の深度（ｍ）": null, "維持管理機関名": "国土地理院", "維持管理機関名（英語）": "GSI", "観測開始年（西暦）": 1996, "同月": 4, "観測機器名または観測項目": "TOPCON NET-G5" }, "geometry": { "type": "Point", "coordinates": [ 131.3276, 32.6848 ] } },
{ "type": "Feature", "properties": { "観測の種類": "GNSS", "name": "椎葉", "観測点名ローマ字": "SHIIBA", "観測点コード": "950478", "緯度（度）": 32.4566, "経度（度）": 131.1489, "高さ（ｍ）": 585, "測器の深度（ｍ）": null, "維持管理機関名": "国土地理院", "維持管理機関名（英語）": "GSI", "観測開始年（西暦）": 1996, "同月": 4, "観測機器名または観測項目": "TRIMBLE NetR9" }, "geometry": { "type": "Point", "coordinates": [ 131.1489, 32.4566 ] } },
{ "type": "Feature", "properties": { "観測の種類": "GNSS", "name": "西米良", "観測点名ローマ字": "NISHIMERA", "観測点コード": "950479", "緯度（度）": 32.2459, "経度（度）": 131.1852, "高さ（ｍ）": 911, "測器の深度（ｍ）": null, "維持管理機関名": "国土地理院", "維持管理機関名（英語）": "GSI", "観測開始年（西暦）": 1996, "同月": 4, "観測機器名または観測項目": "TOPCON NET-G5" }, "geometry": { "type": "Point", "coordinates": [ 131.1852, 32.2459 ] } },
{ "type": "Feature", "properties": { "観測の種類": "GNSS", "name": "川南", "観測点名ローマ字": "KAWAMINAMI", "観測点コード": "950480", "緯度（度）": 32.1704, "経度（度）": 131.5158, "高さ（ｍ）": 68, "測器の深度（ｍ）": null, "維持管理機関名": "国土地理院", "維持管理機関名（英語）": "GSI", "観測開始年（西暦）": 1996, "同月": 4, "観測機器名または観測項目": "TOPCON NET-G5" }, "geometry": { "type": "Point", "coordinates": [ 131.5158, 32.1704 ] } },
{ "type": "Feature", "properties": { "観測の種類": "GNSS", "name": "野尻", "観測点名ローマ字": "NOJIRI", "観測点コード": "950481", "緯度（度）": 31.9651, "経度（度）": 131.0786, "高さ（ｍ）": 185, "測器の深度（ｍ）": null, "維持管理機関名": "国土地理院", "維持管理機関名（英語）": "GSI", "観測開始年（西暦）": 1996, "同月": 4, "観測機器名または観測項目": "TOPCON NET-G5" }, "geometry": { "type": "Point", "coordinates": [ 131.0786, 31.9651 ] } },
{ "type": "Feature", "properties": { "観測の種類": "GNSS", "name": "都城", "観測点名ローマ字": "MIYAKONOJOU", "観測点コード": "950482", "緯度（度）": 31.7403, "経度（度）": 131.0215, "高さ（ｍ）": 171, "測器の深度（ｍ）": null, "維持管理機関名": "国土地理院", "維持管理機関名（英語）": "GSI", "観測開始年（西暦）": 1996, "同月": 4, "観測機器名または観測項目": "TOPCON NET-G5" }, "geometry": { "type": "Point", "coordinates": [ 131.0215, 31.7403 ] } },
{ "type": "Feature", "properties": { "観測の種類": "GNSS", "name": "北郷", "観測点名ローマ字": "KITAGOU", "観測点コード": "950483", "緯度（度）": 31.6765, "経度（度）": 131.3689, "高さ（ｍ）": 55, "測器の深度（ｍ）": null, "維持管理機関名": "国土地理院", "維持管理機関名（英語）": "GSI", "観測開始年（西暦）": 1996, "同月": 4, "観測機器名または観測項目": "TOPCON NET-G5" }, "geometry": { "type": "Point", "coordinates": [ 131.3689, 31.6765 ] } },
{ "type": "Feature", "properties": { "観測の種類": "GNSS", "name": "串間１", "観測点名ローマ字": "KUSHIMA1", "観測点コード": "950484", "緯度（度）": 31.4694, "経度（度）": 131.2174, "高さ（ｍ）": 31, "測器の深度（ｍ）": null, "維持管理機関名": "国土地理院", "維持管理機関名（英語）": "GSI", "観測開始年（西暦）": 1996, "同月": 4, "観測機器名または観測項目": "TOPCON NET-G5" }, "geometry": { "type": "Point", "coordinates": [ 131.2174, 31.4694 ] } },
{ "type": "Feature", "properties": { "観測の種類": "GNSS", "name": "鹿児島大口", "観測点名ローマ字": "KAGOSHIMAOOKUCHI", "観測点コード": "950485", "緯度（度）": 32.0575, "経度（度）": 130.5978, "高さ（ｍ）": 183, "測器の深度（ｍ）": null, "維持管理機関名": "国土地理院", "維持管理機関名（英語）": "GSI", "観測開始年（西暦）": 1996, "同月": 4, "観測機器名または観測項目": "TOPCON NET-G5" }, "geometry": { "type": "Point", "coordinates": [ 130.5978, 32.0575 ] } },
{ "type": "Feature", "properties": { "観測の種類": "GNSS", "name": "牧園", "観測点名ローマ字": "MAKIZONO", "観測点コード": "950486", "緯度（度）": 31.8555, "経度（度）": 130.7597, "高さ（ｍ）": 223, "測器の深度（ｍ）": null, "維持管理機関名": "国土地理院", "維持管理機関名（英語）": "GSI", "観測開始年（西暦）": 1996, "同月": 4, "観測機器名または観測項目": "TRIMBLE Alloy" }, "geometry": { "type": "Point", "coordinates": [ 130.7597, 31.8555 ] } },
{ "type": "Feature", "properties": { "観測の種類": "GNSS", "name": "鹿児島鹿島", "観測点名ローマ字": "KAGOSHIMAKASHIMA", "観測点コード": "950487", "緯度（度）": 31.7687, "経度（度）": 129.7954, "高さ（ｍ）": 19, "測器の深度（ｍ）": null, "維持管理機関名": "国土地理院", "維持管理機関名（英語）": "GSI", "観測開始年（西暦）": 1996, "同月": 4, "観測機器名または観測項目": "TRIMBLE Alloy" }, "geometry": { "type": "Point", "coordinates": [ 129.7954, 31.7687 ] } },
{ "type": "Feature", "properties": { "観測の種類": "GNSS", "name": "串木野", "観測点名ローマ字": "KUSHIKINO", "観測点コード": "950488", "緯度（度）": 31.7174, "経度（度）": 130.2781, "高さ（ｍ）": 30, "測器の深度（ｍ）": null, "維持管理機関名": "国土地理院", "維持管理機関名（英語）": "GSI", "観測開始年（西暦）": 1996, "同月": 4, "観測機器名または観測項目": "TRIMBLE Alloy" }, "geometry": { "type": "Point", "coordinates": [ 130.2781, 31.7174 ] } },
{ "type": "Feature", "properties": { "観測の種類": "GNSS", "name": "鹿児島福山", "観測点名ローマ字": "KAGOSIMAFUKUYAMA", "観測点コード": "950489", "緯度（度）": 31.6174, "経度（度）": 130.8361, "高さ（ｍ）": 420, "測器の深度（ｍ）": null, "維持管理機関名": "国土地理院", "維持管理機関名（英語）": "GSI", "観測開始年（西暦）": 1996, "同月": 4, "観測機器名または観測項目": "TRIMBLE Alloy" }, "geometry": { "type": "Point", "coordinates": [ 130.8361, 31.6174 ] } },
{ "type": "Feature", "properties": { "観測の種類": "GNSS", "name": "指宿", "観測点名ローマ字": "IBUSUKI", "観測点コード": "950490", "緯度（度）": 31.2352, "経度（度）": 130.6404, "高さ（ｍ）": 16, "測器の深度（ｍ）": null, "維持管理機関名": "国土地理院", "維持管理機関名（英語）": "GSI", "観測開始年（西暦）": 1996, "同月": 4, "観測機器名または観測項目": "TOPCON NET-G5" }, "geometry": { "type": "Point", "coordinates": [ 130.6404, 31.2352 ] } },
{ "type": "Feature", "properties": { "観測の種類": "GNSS", "name": "佐多", "観測点名ローマ字": "SATA", "観測点コード": "950491", "緯度（度）": 31.1062, "経度（度）": 130.7231, "高さ（ｍ）": 337, "測器の深度（ｍ）": null, "維持管理機関名": "国土地理院", "維持管理機関名（英語）": "GSI", "観測開始年（西暦）": 1996, "同月": 4, "観測機器名または観測項目": "TOPCON NET-G5" }, "geometry": { "type": "Point", "coordinates": [ 130.7231, 31.1062 ] } },
{ "type": "Feature", "properties": { "観測の種類": "GNSS", "name": "中種子", "観測点名ローマ字": "NAKATANE", "観測点コード": "950492", "緯度（度）": 30.5309, "経度（度）": 130.9642, "高さ（ｍ）": 100, "測器の深度（ｍ）": null, "維持管理機関名": "国土地理院", "維持管理機関名（英語）": "GSI", "観測開始年（西暦）": 1996, "同月": 4, "観測機器名または観測項目": "TRIMBLE Alloy" }, "geometry": { "type": "Point", "coordinates": [ 130.9642, 30.5309 ] } },
{ "type": "Feature", "properties": { "観測の種類": "GNSS", "name": "上屋久１", "観測点名ローマ字": "KAMIYAKU1", "観測点コード": "950493", "緯度（度）": 30.3817, "経度（度）": 130.6384, "高さ（ｍ）": 147, "測器の深度（ｍ）": null, "維持管理機関名": "国土地理院", "維持管理機関名（英語）": "GSI", "観測開始年（西暦）": 1996, "同月": 4, "観測機器名または観測項目": "TOPCON NET-G5" }, "geometry": { "type": "Point", "coordinates": [ 130.6384, 30.3817 ] } },
{ "type": "Feature", "properties": { "観測の種類": "GNSS", "name": "名瀬", "観測点名ローマ字": "NAZE", "観測点コード": "950494", "緯度（度）": 28.3991, "経度（度）": 129.489, "高さ（ｍ）": 169, "測器の深度（ｍ）": null, "維持管理機関名": "国土地理院", "維持管理機関名（英語）": "GSI", "観測開始年（西暦）": 1996, "同月": 4, "観測機器名または観測項目": "TRIMBLE Alloy" }, "geometry": { "type": "Point", "coordinates": [ 129.489, 28.3991 ] } },
{ "type": "Feature", "properties": { "観測の種類": "GNSS", "name": "与論", "観測点名ローマ字": "YORON", "観測点コード": "950495", "緯度（度）": 27.0322, "経度（度）": 128.4323, "高さ（ｍ）": 89, "測器の深度（ｍ）": null, "維持管理機関名": "国土地理院", "維持管理機関名（英語）": "GSI", "観測開始年（西暦）": 1996, "同月": 4, "観測機器名または観測項目": "TRIMBLE Alloy" }, "geometry": { "type": "Point", "coordinates": [ 128.4323, 27.0322 ] } },
{ "type": "Feature", "properties": { "観測の種類": "GNSS", "name": "本部", "観測点名ローマ字": "MOTOBU", "観測点コード": "950496", "緯度（度）": 26.6948, "経度（度）": 127.8984, "高さ（ｍ）": 38, "測器の深度（ｍ）": null, "維持管理機関名": "国土地理院", "維持管理機関名（英語）": "GSI", "観測開始年（西暦）": 1996, "同月": 4, "観測機器名または観測項目": "TRIMBLE Alloy" }, "geometry": { "type": "Point", "coordinates": [ 127.8984, 26.6948 ] } },
{ "type": "Feature", "properties": { "観測の種類": "GNSS", "name": "南大東", "観測点名ローマ字": "MINAMIDAITOU", "観測点コード": "950497", "緯度（度）": 25.8312, "経度（度）": 131.2278, "高さ（ｍ）": 19, "測器の深度（ｍ）": null, "維持管理機関名": "国土地理院", "維持管理機関名（英語）": "GSI", "観測開始年（西暦）": 1996, "同月": 4, "観測機器名または観測項目": "TOPCON NET-G5" }, "geometry": { "type": "Point", "coordinates": [ 131.2278, 25.8312 ] } },
{ "type": "Feature", "properties": { "観測の種類": "GNSS", "name": "城辺", "観測点名ローマ字": "GUSUKUBE", "観測点コード": "950498", "緯度（度）": 24.7531, "経度（度）": 125.3738, "高さ（ｍ）": 98, "測器の深度（ｍ）": null, "維持管理機関名": "国土地理院", "維持管理機関名（英語）": "GSI", "観測開始年（西暦）": 1996, "同月": 4, "観測機器名または観測項目": "TRIMBLE Alloy" }, "geometry": { "type": "Point", "coordinates": [ 125.3738, 24.7531 ] } },
{ "type": "Feature", "properties": { "観測の種類": "GNSS", "name": "西表島", "観測点名ローマ字": "IRIOMOTEJIMA", "観測点コード": "950500", "緯度（度）": 24.4263, "経度（度）": 123.792, "高さ（ｍ）": 14, "測器の深度（ｍ）": null, "維持管理機関名": "国土地理院", "維持管理機関名（英語）": "GSI", "観測開始年（西暦）": 1996, "同月": 4, "観測機器名または観測項目": "TOPCON NET-G5" }, "geometry": { "type": "Point", "coordinates": [ 123.792, 24.4263 ] } },
{ "type": "Feature", "properties": { "観測の種類": "GNSS", "name": "利尻", "観測点名ローマ字": "RISHIRI", "観測点コード": "960501", "緯度（度）": 45.1377, "経度（度）": 141.1671, "高さ（ｍ）": 27, "測器の深度（ｍ）": null, "維持管理機関名": "国土地理院", "維持管理機関名（英語）": "GSI", "観測開始年（西暦）": 1997, "同月": 4, "観測機器名または観測項目": "TRIMBLE Alloy" }, "geometry": { "type": "Point", "coordinates": [ 141.1671, 45.1377 ] } },
{ "type": "Feature", "properties": { "観測の種類": "GNSS", "name": "雄武", "観測点名ローマ字": "OUMU", "観測点コード": "960502", "緯度（度）": 44.582, "経度（度）": 142.9645, "高さ（ｍ）": 16, "測器の深度（ｍ）": null, "維持管理機関名": "国土地理院", "維持管理機関名（英語）": "GSI", "観測開始年（西暦）": 1997, "同月": 4, "観測機器名または観測項目": "TOPCON NET-G5" }, "geometry": { "type": "Point", "coordinates": [ 142.9645, 44.582 ] } },
{ "type": "Feature", "properties": { "観測の種類": "GNSS", "name": "湧別", "観測点名ローマ字": "YUUBETSU", "観測点コード": "960503", "緯度（度）": 44.2197, "経度（度）": 143.6157, "高さ（ｍ）": 10, "測器の深度（ｍ）": null, "維持管理機関名": "国土地理院", "維持管理機関名（英語）": "GSI", "観測開始年（西暦）": 1997, "同月": 4, "観測機器名または観測項目": "TOPCON NET-G5" }, "geometry": { "type": "Point", "coordinates": [ 143.6157, 44.2197 ] } },
{ "type": "Feature", "properties": { "観測の種類": "GNSS", "name": "滝上", "観測点名ローマ字": "TAKINOUE", "観測点コード": "960504", "緯度（度）": 44.1919, "経度（度）": 143.0768, "高さ（ｍ）": 138, "測器の深度（ｍ）": null, "維持管理機関名": "国土地理院", "維持管理機関名（英語）": "GSI", "観測開始年（西暦）": 1997, "同月": 4, "観測機器名または観測項目": "TOPCON NET-G5" }, "geometry": { "type": "Point", "coordinates": [ 143.0768, 44.1919 ] } },
{ "type": "Feature", "properties": { "観測の種類": "GNSS", "name": "網走", "観測点名ローマ字": "ABASHIRI", "観測点コード": "960505", "緯度（度）": 43.9888, "経度（度）": 144.2933, "高さ（ｍ）": 41, "測器の深度（ｍ）": null, "維持管理機関名": "国土地理院", "維持管理機関名（英語）": "GSI", "観測開始年（西暦）": 1997, "同月": 4, "観測機器名または観測項目": "TOPCON NET-G5" }, "geometry": { "type": "Point", "coordinates": [ 144.2933, 43.9888 ] } },
{ "type": "Feature", "properties": { "観測の種類": "GNSS", "name": "愛別", "観測点名ローマ字": "AIBETSU", "観測点コード": "960506", "緯度（度）": 43.9084, "経度（度）": 142.5777, "高さ（ｍ）": 218, "測器の深度（ｍ）": null, "維持管理機関名": "国土地理院", "維持管理機関名（英語）": "GSI", "観測開始年（西暦）": 1997, "同月": 4, "観測機器名または観測項目": "TOPCON NET-G5" }, "geometry": { "type": "Point", "coordinates": [ 142.5777, 43.9084 ] } },
{ "type": "Feature", "properties": { "観測の種類": "GNSS", "name": "美幌", "観測点名ローマ字": "BIHORO", "観測点コード": "960507", "緯度（度）": 43.8281, "経度（度）": 144.1153, "高さ（ｍ）": 20, "測器の深度（ｍ）": null, "維持管理機関名": "国土地理院", "維持管理機関名（英語）": "GSI", "観測開始年（西暦）": 1997, "同月": 4, "観測機器名または観測項目": "TRIMBLE Alloy" }, "geometry": { "type": "Point", "coordinates": [ 144.1153, 43.8281 ] } },
{ "type": "Feature", "properties": { "観測の種類": "GNSS", "name": "旭川", "観測点名ローマ字": "ASAHIKAWA", "観測点コード": "960508", "緯度（度）": 43.7385, "経度（度）": 142.4096, "高さ（ｍ）": 144, "測器の深度（ｍ）": null, "維持管理機関名": "国土地理院", "維持管理機関名（英語）": "GSI", "観測開始年（西暦）": 1997, "同月": 4, "観測機器名または観測項目": "TOPCON NET-G5" }, "geometry": { "type": "Point", "coordinates": [ 142.4096, 43.7385 ] } },
{ "type": "Feature", "properties": { "観測の種類": "GNSS", "name": "北竜", "観測点名ローマ字": "HOKURYUU", "観測点コード": "960509", "緯度（度）": 43.7408, "経度（度）": 141.8738, "高さ（ｍ）": 65, "測器の深度（ｍ）": null, "維持管理機関名": "国土地理院", "維持管理機関名（英語）": "GSI", "観測開始年（西暦）": 1997, "同月": 4, "観測機器名または観測項目": "TOPCON NET-G5" }, "geometry": { "type": "Point", "coordinates": [ 141.8738, 43.7408 ] } },
{ "type": "Feature", "properties": { "観測の種類": "GNSS", "name": "上川", "観測点名ローマ字": "KAMIKAWA", "観測点コード": "960510", "緯度（度）": 43.7714, "経度（度）": 142.903, "高さ（ｍ）": 495, "測器の深度（ｍ）": null, "維持管理機関名": "国土地理院", "維持管理機関名（英語）": "GSI", "観測開始年（西暦）": 1997, "同月": 4, "観測機器名または観測項目": "TRIMBLE Alloy" }, "geometry": { "type": "Point", "coordinates": [ 142.903, 43.7714 ] } },
{ "type": "Feature", "properties": { "観測の種類": "GNSS", "name": "置戸", "観測点名ローマ字": "OKETO", "観測点コード": "960511", "緯度（度）": 43.6705, "経度（度）": 143.5782, "高さ（ｍ）": 235, "測器の深度（ｍ）": null, "維持管理機関名": "国土地理院", "維持管理機関名（英語）": "GSI", "観測開始年（西暦）": 1997, "同月": 4, "観測機器名または観測項目": "TRIMBLE Alloy" }, "geometry": { "type": "Point", "coordinates": [ 143.5782, 43.6705 ] } },
{ "type": "Feature", "properties": { "観測の種類": "GNSS", "name": "根室３", "観測点名ローマ字": "NEMURO3", "観測点コード": "960512", "緯度（度）": 43.2321, "経度（度）": 145.2589, "高さ（ｍ）": 42, "測器の深度（ｍ）": null, "維持管理機関名": "国土地理院", "維持管理機関名（英語）": "GSI", "観測開始年（西暦）": 1997, "同月": 4, "観測機器名または観測項目": "TOPCON NET-G5" }, "geometry": { "type": "Point", "coordinates": [ 145.2589, 43.2321 ] } },
{ "type": "Feature", "properties": { "観測の種類": "GNSS", "name": "阿寒２", "観測点名ローマ字": "AKAN2", "観測点コード": "960513", "緯度（度）": 43.4388, "経度（度）": 144.0796, "高さ（ｍ）": 436, "測器の深度（ｍ）": null, "維持管理機関名": "国土地理院", "維持管理機関名（英語）": "GSI", "観測開始年（西暦）": 1997, "同月": 4, "観測機器名または観測項目": "TRIMBLE Alloy" }, "geometry": { "type": "Point", "coordinates": [ 144.0796, 43.4388 ] } },
{ "type": "Feature", "properties": { "観測の種類": "GNSS", "name": "富良野", "観測点名ローマ字": "FURANO", "観測点コード": "960514", "緯度（度）": 43.3363, "経度（度）": 142.3953, "高さ（ｍ）": 179, "測器の深度（ｍ）": null, "維持管理機関名": "国土地理院", "維持管理機関名（英語）": "GSI", "観測開始年（西暦）": 1997, "同月": 4, "観測機器名または観測項目": "TOPCON NET-G5" }, "geometry": { "type": "Point", "coordinates": [ 142.3953, 43.3363 ] } },
{ "type": "Feature", "properties": { "観測の種類": "GNSS", "name": "標茶", "観測点名ローマ字": "SHIBECHA", "観測点コード": "960515", "緯度（度）": 43.307, "経度（度）": 144.5977, "高さ（ｍ）": 40, "測器の深度（ｍ）": null, "維持管理機関名": "国土地理院", "維持管理機関名（英語）": "GSI", "観測開始年（西暦）": 1997, "同月": 4, "観測機器名または観測項目": "TOPCON NET-G5" }, "geometry": { "type": "Point", "coordinates": [ 144.5977, 43.307 ] } },
{ "type": "Feature", "properties": { "観測の種類": "GNSS", "name": "三笠", "観測点名ローマ字": "MIKASA", "観測点コード": "960516", "緯度（度）": 43.2484, "経度（度）": 141.8909, "高さ（ｍ）": 47, "測器の深度（ｍ）": null, "維持管理機関名": "国土地理院", "維持管理機関名（英語）": "GSI", "観測開始年（西暦）": 1997, "同月": 4, "観測機器名または観測項目": "TRIMBLE Alloy" }, "geometry": { "type": "Point", "coordinates": [ 141.8909, 43.2484 ] } },
{ "type": "Feature", "properties": { "観測の種類": "GNSS", "name": "小樽２", "観測点名ローマ字": "OTARU2", "観測点コード": "960517", "緯度（度）": 43.2095, "経度（度）": 140.8606, "高さ（ｍ）": 8, "測器の深度（ｍ）": null, "維持管理機関名": "国土地理院", "維持管理機関名（英語）": "GSI", "観測開始年（西暦）": 1997, "同月": 4, "観測機器名または観測項目": "TRIMBLE Alloy" }, "geometry": { "type": "Point", "coordinates": [ 140.8606, 43.2095 ] } },
{ "type": "Feature", "properties": { "観測の種類": "GNSS", "name": "新得", "観測点名ローマ字": "SHINTOKU", "観測点コード": "960518", "緯度（度）": 43.1655, "経度（度）": 142.8097, "高さ（ｍ）": 410, "測器の深度（ｍ）": null, "維持管理機関名": "国土地理院", "維持管理機関名（英語）": "GSI", "観測開始年（西暦）": 1997, "同月": 4, "観測機器名または観測項目": "TOPCON NET-G5" }, "geometry": { "type": "Point", "coordinates": [ 142.8097, 43.1655 ] } },
{ "type": "Feature", "properties": { "観測の種類": "GNSS", "name": "根室４", "観測点名ローマ字": "NEMURO4", "観測点コード": "960519", "緯度（度）": 43.1952, "経度（度）": 145.5205, "高さ（ｍ）": 54, "測器の深度（ｍ）": null, "維持管理機関名": "国土地理院", "維持管理機関名（英語）": "GSI", "観測開始年（西暦）": 1997, "同月": 4, "観測機器名または観測項目": "TOPCON NET-G5" }, "geometry": { "type": "Point", "coordinates": [ 145.5205, 43.1952 ] } },
{ "type": "Feature", "properties": { "観測の種類": "GNSS", "name": "江別", "観測点名ローマ字": "EBETSU", "観測点コード": "960520", "緯度（度）": 43.0776, "経度（度）": 141.5401, "高さ（ｍ）": 23, "測器の深度（ｍ）": null, "維持管理機関名": "国土地理院", "維持管理機関名（英語）": "GSI", "観測開始年（西暦）": 1997, "同月": 4, "観測機器名または観測項目": "TRIMBLE Alloy" }, "geometry": { "type": "Point", "coordinates": [ 141.5401, 43.0776 ] } },
{ "type": "Feature", "properties": { "観測の種類": "GNSS", "name": "帯広", "観測点名ローマ字": "OBIHIRO", "観測点コード": "960521", "緯度（度）": 42.9389, "経度（度）": 143.1706, "高さ（ｍ）": 45, "測器の深度（ｍ）": null, "維持管理機関名": "国土地理院", "維持管理機関名（英語）": "GSI", "観測開始年（西暦）": 1997, "同月": 4, "観測機器名または観測項目": "TOPCON NET-G5" }, "geometry": { "type": "Point", "coordinates": [ 143.1706, 42.9389 ] } },
{ "type": "Feature", "properties": { "観測の種類": "GNSS", "name": "恵庭", "観測点名ローマ字": "ENIWA", "観測点コード": "960522", "緯度（度）": 42.8844, "経度（度）": 141.5774, "高さ（ｍ）": 36, "測器の深度（ｍ）": null, "維持管理機関名": "国土地理院", "維持管理機関名（英語）": "GSI", "観測開始年（西暦）": 1997, "同月": 4, "観測機器名または観測項目": "TRIMBLE Alloy" }, "geometry": { "type": "Point", "coordinates": [ 141.5774, 42.8844 ] } },
{ "type": "Feature", "properties": { "観測の種類": "GNSS", "name": "千歳", "観測点名ローマ字": "CHITOSE", "観測点コード": "960523", "緯度（度）": 42.7732, "経度（度）": 141.4071, "高さ（ｍ）": 297, "測器の深度（ｍ）": null, "維持管理機関名": "国土地理院", "維持管理機関名（英語）": "GSI", "観測開始年（西暦）": 1997, "同月": 4, "観測機器名または観測項目": "TOPCON NET-G5" }, "geometry": { "type": "Point", "coordinates": [ 141.4071, 42.7732 ] } },
{ "type": "Feature", "properties": { "観測の種類": "GNSS", "name": "虻田", "観測点名ローマ字": "ABUTA", "観測点コード": "960525", "緯度（度）": 42.5514, "経度（度）": 140.7676, "高さ（ｍ）": 26, "測器の深度（ｍ）": null, "維持管理機関名": "国土地理院", "維持管理機関名（英語）": "GSI", "観測開始年（西暦）": 1997, "同月": 4, "観測機器名または観測項目": "TOPCON NET-G5" }, "geometry": { "type": "Point", "coordinates": [ 140.7676, 42.5514 ] } },
{ "type": "Feature", "properties": { "観測の種類": "GNSS", "name": "伊達", "観測点名ローマ字": "DATE", "観測点コード": "960526", "緯度（度）": 42.4739, "経度（度）": 140.8764, "高さ（ｍ）": 23, "測器の深度（ｍ）": null, "維持管理機関名": "国土地理院", "維持管理機関名（英語）": "GSI", "観測開始年（西暦）": 1997, "同月": 4, "観測機器名または観測項目": "TOPCON NET-G5" }, "geometry": { "type": "Point", "coordinates": [ 140.8764, 42.4739 ] } },
{ "type": "Feature", "properties": { "観測の種類": "GNSS", "name": "奥尻２", "観測点名ローマ字": "OKUSHIRI2", "観測点コード": "960527", "緯度（度）": 42.0605, "経度（度）": 139.4461, "高さ（ｍ）": 26, "測器の深度（ｍ）": null, "維持管理機関名": "国土地理院", "維持管理機関名（英語）": "GSI", "観測開始年（西暦）": 1997, "同月": 4, "観測機器名または観測項目": "TRIMBLE Alloy" }, "geometry": { "type": "Point", "coordinates": [ 139.4461, 42.0605 ] } },
{ "type": "Feature", "properties": { "観測の種類": "GNSS", "name": "砂原", "観測点名ローマ字": "SAWARA", "観測点コード": "960528", "緯度（度）": 42.1231, "経度（度）": 140.6669, "高さ（ｍ）": 12, "測器の深度（ｍ）": null, "維持管理機関名": "国土地理院", "維持管理機関名（英語）": "GSI", "観測開始年（西暦）": 1997, "同月": 4, "観測機器名または観測項目": "TOPCON NET-G5" }, "geometry": { "type": "Point", "coordinates": [ 140.6669, 42.1231 ] } },
{ "type": "Feature", "properties": { "観測の種類": "GNSS", "name": "七飯", "観測点名ローマ字": "NANAE", "観測点コード": "960529", "緯度（度）": 41.9767, "経度（度）": 140.7154, "高さ（ｍ）": 169, "測器の深度（ｍ）": null, "維持管理機関名": "国土地理院", "維持管理機関名（英語）": "GSI", "観測開始年（西暦）": 1997, "同月": 4, "観測機器名または観測項目": "TOPCON NET-G5" }, "geometry": { "type": "Point", "coordinates": [ 140.7154, 41.9767 ] } },
{ "type": "Feature", "properties": { "観測の種類": "GNSS", "name": "上ノ国", "観測点名ローマ字": "KAMINOKUNI", "観測点コード": "960530", "緯度（度）": 41.803, "経度（度）": 140.0712, "高さ（ｍ）": 40, "測器の深度（ｍ）": null, "維持管理機関名": "国土地理院", "維持管理機関名（英語）": "GSI", "観測開始年（西暦）": 1997, "同月": 4, "観測機器名または観測項目": "TOPCON NET-G5" }, "geometry": { "type": "Point", "coordinates": [ 140.0712, 41.803 ] } },
{ "type": "Feature", "properties": { "観測の種類": "GNSS", "name": "釧路町", "観測点名ローマ字": "KUSHIROCHOU", "観測点コード": "960531", "緯度（度）": 42.9826, "経度（度）": 144.7191, "高さ（ｍ）": 23, "測器の深度（ｍ）": null, "維持管理機関名": "国土地理院", "維持管理機関名（英語）": "GSI", "観測開始年（西暦）": 1997, "同月": 4, "観測機器名または観測項目": "TOPCON NET-G5" }, "geometry": { "type": "Point", "coordinates": [ 144.7191, 42.9826 ] } },
{ "type": "Feature", "properties": { "観測の種類": "GNSS", "name": "えりも２", "観測点名ローマ字": "ERIMO2", "観測点コード": "960532", "緯度（度）": 42.1256, "経度（度）": 143.3157, "高さ（ｍ）": 8, "測器の深度（ｍ）": null, "維持管理機関名": "国土地理院", "維持管理機関名（英語）": "GSI", "観測開始年（西暦）": 1997, "同月": 4, "観測機器名または観測項目": "TOPCON NET-G5" }, "geometry": { "type": "Point", "coordinates": [ 143.3157, 42.1256 ] } },
{ "type": "Feature", "properties": { "観測の種類": "GNSS", "name": "東通", "観測点名ローマ字": "HIGASHIDOORI", "観測点コード": "960533", "緯度（度）": 41.4047, "経度（度）": 141.4476, "高さ（ｍ）": 34, "測器の深度（ｍ）": null, "維持管理機関名": "国土地理院", "維持管理機関名（英語）": "GSI", "観測開始年（西暦）": 1997, "同月": 4, "観測機器名または観測項目": "TRIMBLE Alloy" }, "geometry": { "type": "Point", "coordinates": [ 141.4476, 41.4047 ] } },
{ "type": "Feature", "properties": { "観測の種類": "GNSS", "name": "今別", "観測点名ローマ字": "IMABETSU", "観測点コード": "960534", "緯度（度）": 41.1851, "経度（度）": 140.4908, "高さ（ｍ）": 9, "測器の深度（ｍ）": null, "維持管理機関名": "国土地理院", "維持管理機関名（英語）": "GSI", "観測開始年（西暦）": 1997, "同月": 4, "観測機器名または観測項目": "TOPCON NET-G5" }, "geometry": { "type": "Point", "coordinates": [ 140.4908, 41.1851 ] } },
{ "type": "Feature", "properties": { "観測の種類": "GNSS", "name": "脇野沢", "観測点名ローマ字": "WAKINOSAWA", "観測点コード": "960535", "緯度（度）": 41.1455, "経度（度）": 140.822, "高さ（ｍ）": 21, "測器の深度（ｍ）": null, "維持管理機関名": "国土地理院", "維持管理機関名（英語）": "GSI", "観測開始年（西暦）": 1997, "同月": 4, "観測機器名または観測項目": "TOPCON NET-G5" }, "geometry": { "type": "Point", "coordinates": [ 140.822, 41.1455 ] } },
{ "type": "Feature", "properties": { "観測の種類": "GNSS", "name": "野辺地", "観測点名ローマ字": "NOHEJI", "観測点コード": "960537", "緯度（度）": 40.8624, "経度（度）": 141.1318, "高さ（ｍ）": 33, "測器の深度（ｍ）": null, "維持管理機関名": "国土地理院", "維持管理機関名（英語）": "GSI", "観測開始年（西暦）": 1997, "同月": 4, "観測機器名または観測項目": "TOPCON NET-G5" }, "geometry": { "type": "Point", "coordinates": [ 141.1318, 40.8624 ] } },
{ "type": "Feature", "properties": { "観測の種類": "GNSS", "name": "浪岡", "観測点名ローマ字": "NAMIOKA", "観測点コード": "960538", "緯度（度）": 40.7063, "経度（度）": 140.5892, "高さ（ｍ）": 30, "測器の深度（ｍ）": null, "維持管理機関名": "国土地理院", "維持管理機関名（英語）": "GSI", "観測開始年（西暦）": 1997, "同月": 4, "観測機器名または観測項目": "TOPCON NET-G5" }, "geometry": { "type": "Point", "coordinates": [ 140.5892, 40.7063 ] } },
{ "type": "Feature", "properties": { "観測の種類": "GNSS", "name": "三沢", "観測点名ローマ字": "MISAWA", "観測点コード": "960539", "緯度（度）": 40.6764, "経度（度）": 141.3762, "高さ（ｍ）": 50, "測器の深度（ｍ）": null, "維持管理機関名": "国土地理院", "維持管理機関名（英語）": "GSI", "観測開始年（西暦）": 1997, "同月": 4, "観測機器名または観測項目": "TOPCON NET-G5" }, "geometry": { "type": "Point", "coordinates": [ 141.3762, 40.6764 ] } },
{ "type": "Feature", "properties": { "観測の種類": "GNSS", "name": "弘前", "観測点名ローマ字": "HIROSAKI", "観測点コード": "960540", "緯度（度）": 40.6243, "経度（度）": 140.4785, "高さ（ｍ）": 29, "測器の深度（ｍ）": null, "維持管理機関名": "国土地理院", "維持管理機関名（英語）": "GSI", "観測開始年（西暦）": 1997, "同月": 4, "観測機器名または観測項目": "TRIMBLE Alloy" }, "geometry": { "type": "Point", "coordinates": [ 140.4785, 40.6243 ] } },
{ "type": "Feature", "properties": { "観測の種類": "GNSS", "name": "黒石", "観測点名ローマ字": "KUROISHI", "観測点コード": "960541", "緯度（度）": 40.6436, "経度（度）": 140.8034, "高さ（ｍ）": 705, "測器の深度（ｍ）": null, "維持管理機関名": "国土地理院", "維持管理機関名（英語）": "GSI", "観測開始年（西暦）": 1997, "同月": 4, "観測機器名または観測項目": "TRIMBLE NetR9" }, "geometry": { "type": "Point", "coordinates": [ 140.8034, 40.6436 ] } },
{ "type": "Feature", "properties": { "観測の種類": "GNSS", "name": "金木", "観測点名ローマ字": "KANAGI", "観測点コード": "960542", "緯度（度）": 40.9102, "経度（度）": 140.4516, "高さ（ｍ）": 20, "測器の深度（ｍ）": null, "維持管理機関名": "国土地理院", "維持管理機関名（英語）": "GSI", "観測開始年（西暦）": 1997, "同月": 4, "観測機器名または観測項目": "TRIMBLE Alloy" }, "geometry": { "type": "Point", "coordinates": [ 140.4516, 40.9102 ] } },
{ "type": "Feature", "properties": { "観測の種類": "GNSS", "name": "岩手松尾", "観測点名ローマ字": "IWATEMATSUO", "観測点コード": "960543", "緯度（度）": 39.9531, "経度（度）": 141.0663, "高さ（ｍ）": 277, "測器の深度（ｍ）": null, "維持管理機関名": "国土地理院", "維持管理機関名（英語）": "GSI", "観測開始年（西暦）": 1997, "同月": 4, "観測機器名または観測項目": "TRIMBLE Alloy" }, "geometry": { "type": "Point", "coordinates": [ 141.0663, 39.9531 ] } },
{ "type": "Feature", "properties": { "観測の種類": "GNSS", "name": "湯田", "観測点名ローマ字": "YUDA", "観測点コード": "960544", "緯度（度）": 39.3513, "経度（度）": 140.7692, "高さ（ｍ）": 260, "測器の深度（ｍ）": null, "維持管理機関名": "国土地理院", "維持管理機関名（英語）": "GSI", "観測開始年（西暦）": 1997, "同月": 4, "観測機器名または観測項目": "TRIMBLE Alloy" }, "geometry": { "type": "Point", "coordinates": [ 140.7692, 39.3513 ] } },
{ "type": "Feature", "properties": { "観測の種類": "GNSS", "name": "川井", "観測点名ローマ字": "KAWAI", "観測点コード": "960547", "緯度（度）": 39.5961, "経度（度）": 141.6753, "高さ（ｍ）": 238, "測器の深度（ｍ）": null, "維持管理機関名": "国土地理院", "維持管理機関名（英語）": "GSI", "観測開始年（西暦）": 1997, "同月": 4, "観測機器名または観測項目": "TRIMBLE Alloy" }, "geometry": { "type": "Point", "coordinates": [ 141.6753, 39.5961 ] } },
{ "type": "Feature", "properties": { "観測の種類": "GNSS", "name": "矢本", "観測点名ローマ字": "YAMOTO", "観測点コード": "960549", "緯度（度）": 38.425, "経度（度）": 141.213, "高さ（ｍ）": 8, "測器の深度（ｍ）": null, "維持管理機関名": "国土地理院", "維持管理機関名（英語）": "GSI", "観測開始年（西暦）": 1997, "同月": 4, "観測機器名または観測項目": "TRIMBLE NetR9" }, "geometry": { "type": "Point", "coordinates": [ 141.213, 38.425 ] } },
{ "type": "Feature", "properties": { "観測の種類": "GNSS", "name": "牡鹿", "観測点名ローマ字": "OSHIKA", "観測点コード": "960550", "緯度（度）": 38.3012, "経度（度）": 141.5007, "高さ（ｍ）": 75, "測器の深度（ｍ）": null, "維持管理機関名": "国土地理院", "維持管理機関名（英語）": "GSI", "観測開始年（西暦）": 1997, "同月": 4, "観測機器名または観測項目": "TOPCON NET-G5" }, "geometry": { "type": "Point", "coordinates": [ 141.5007, 38.3012 ] } },
{ "type": "Feature", "properties": { "観測の種類": "GNSS", "name": "男鹿２", "観測点名ローマ字": "OGA2", "観測点コード": "960551", "緯度（度）": 39.8911, "経度（度）": 139.8489, "高さ（ｍ）": 28, "測器の深度（ｍ）": null, "維持管理機関名": "国土地理院", "維持管理機関名（英語）": "GSI", "観測開始年（西暦）": 1997, "同月": 4, "観測機器名または観測項目": "TOPCON NET-G5" }, "geometry": { "type": "Point", "coordinates": [ 139.8489, 39.8911 ] } },
{ "type": "Feature", "properties": { "観測の種類": "GNSS", "name": "天王", "観測点名ローマ字": "TENNOU", "観測点コード": "960552", "緯度（度）": 39.8258, "経度（度）": 140.0447, "高さ（ｍ）": 19, "測器の深度（ｍ）": null, "維持管理機関名": "国土地理院", "維持管理機関名（英語）": "GSI", "観測開始年（西暦）": 1997, "同月": 4, "観測機器名または観測項目": "TOPCON NET-G5" }, "geometry": { "type": "Point", "coordinates": [ 140.0447, 39.8258 ] } },
{ "type": "Feature", "properties": { "観測の種類": "GNSS", "name": "田沢湖", "観測点名ローマ字": "TAZAWAKO", "観測点コード": "960553", "緯度（度）": 39.7027, "経度（度）": 140.7329, "高さ（ｍ）": 242, "測器の深度（ｍ）": null, "維持管理機関名": "国土地理院", "維持管理機関名（英語）": "GSI", "観測開始年（西暦）": 1997, "同月": 4, "観測機器名または観測項目": "TRIMBLE Alloy" }, "geometry": { "type": "Point", "coordinates": [ 140.7329, 39.7027 ] } },
{ "type": "Feature", "properties": { "観測の種類": "GNSS", "name": "湯沢", "観測点名ローマ字": "YUZAWA", "観測点コード": "960554", "緯度（度）": 39.1991, "経度（度）": 140.5067, "高さ（ｍ）": 98, "測器の深度（ｍ）": null, "維持管理機関名": "国土地理院", "維持管理機関名（英語）": "GSI", "観測開始年（西暦）": 1997, "同月": 4, "観測機器名または観測項目": "TRIMBLE Alloy" }, "geometry": { "type": "Point", "coordinates": [ 140.5067, 39.1991 ] } },
{ "type": "Feature", "properties": { "観測の種類": "GNSS", "name": "遊佐", "観測点名ローマ字": "YUZA", "観測点コード": "960555", "緯度（度）": 39.016, "経度（度）": 139.9275, "高さ（ｍ）": 28, "測器の深度（ｍ）": null, "維持管理機関名": "国土地理院", "維持管理機関名（英語）": "GSI", "観測開始年（西暦）": 1997, "同月": 4, "観測機器名または観測項目": "TRIMBLE Alloy" }, "geometry": { "type": "Point", "coordinates": [ 139.9275, 39.016 ] } },
{ "type": "Feature", "properties": { "観測の種類": "GNSS", "name": "村山", "観測点名ローマ字": "MURAYAMA", "観測点コード": "960556", "緯度（度）": 38.4968, "経度（度）": 140.3652, "高さ（ｍ）": 89, "測器の深度（ｍ）": null, "維持管理機関名": "国土地理院", "維持管理機関名（英語）": "GSI", "観測開始年（西暦）": 1997, "同月": 4, "観測機器名または観測項目": "TRIMBLE Alloy" }, "geometry": { "type": "Point", "coordinates": [ 140.3652, 38.4968 ] } },
{ "type": "Feature", "properties": { "観測の種類": "GNSS", "name": "上山", "観測点名ローマ字": "KAMINOYAMA", "観測点コード": "960557", "緯度（度）": 38.1481, "経度（度）": 140.2712, "高さ（ｍ）": 183, "測器の深度（ｍ）": null, "維持管理機関名": "国土地理院", "維持管理機関名（英語）": "GSI", "観測開始年（西暦）": 1997, "同月": 4, "観測機器名または観測項目": "TRIMBLE Alloy" }, "geometry": { "type": "Point", "coordinates": [ 140.2712, 38.1481 ] } },
{ "type": "Feature", "properties": { "観測の種類": "GNSS", "name": "猪苗代２", "観測点名ローマ字": "INAWASHIRO2", "観測点コード": "960559", "緯度（度）": 37.616, "経度（度）": 140.2057, "高さ（ｍ）": 731, "測器の深度（ｍ）": null, "維持管理機関名": "国土地理院", "維持管理機関名（英語）": "GSI", "観測開始年（西暦）": 1997, "同月": 4, "観測機器名または観測項目": "TRIMBLE NetR9" }, "geometry": { "type": "Point", "coordinates": [ 140.2057, 37.616 ] } },
{ "type": "Feature", "properties": { "観測の種類": "GNSS", "name": "二本松", "観測点名ローマ字": "NIHONMATSU", "観測点コード": "960560", "緯度（度）": 37.6207, "経度（度）": 140.3729, "高さ（ｍ）": 568, "測器の深度（ｍ）": null, "維持管理機関名": "国土地理院", "維持管理機関名（英語）": "GSI", "観測開始年（西暦）": 1997, "同月": 4, "観測機器名または観測項目": "TOPCON NET-G5" }, "geometry": { "type": "Point", "coordinates": [ 140.3729, 37.6207 ] } },
{ "type": "Feature", "properties": { "観測の種類": "GNSS", "name": "福島郡山２", "観測点名ローマ字": "FUKUSIMAKOORIYA2", "観測点コード": "960561", "緯度（度）": 37.4245, "経度（度）": 140.1359, "高さ（ｍ）": 521, "測器の深度（ｍ）": null, "維持管理機関名": "国土地理院", "維持管理機関名（英語）": "GSI", "観測開始年（西暦）": 1997, "同月": 4, "観測機器名または観測項目": "TRIMBLE Alloy" }, "geometry": { "type": "Point", "coordinates": [ 140.1359, 37.4245 ] } },
{ "type": "Feature", "properties": { "観測の種類": "GNSS", "name": "舘岩", "観測点名ローマ字": "TATEIWA", "観測点コード": "960563", "緯度（度）": 37.0972, "経度（度）": 139.5862, "高さ（ｍ）": 756, "測器の深度（ｍ）": null, "維持管理機関名": "国土地理院", "維持管理機関名（英語）": "GSI", "観測開始年（西暦）": 1997, "同月": 4, "観測機器名または観測項目": "TOPCON NET-G5" }, "geometry": { "type": "Point", "coordinates": [ 139.5862, 37.0972 ] } },
{ "type": "Feature", "properties": { "観測の種類": "GNSS", "name": "黒川", "観測点名ローマ字": "KUROKAWA", "観測点コード": "960564", "緯度（度）": 38.0562, "経度（度）": 139.4617, "高さ（ｍ）": 74, "測器の深度（ｍ）": null, "維持管理機関名": "国土地理院", "維持管理機関名（英語）": "GSI", "観測開始年（西暦）": 1997, "同月": 4, "観測機器名または観測項目": "TOPCON NET-G5" }, "geometry": { "type": "Point", "coordinates": [ 139.4617, 38.0562 ] } },
{ "type": "Feature", "properties": { "観測の種類": "GNSS", "name": "金井", "観測点名ローマ字": "KANAI", "観測点コード": "960565", "緯度（度）": 38.0237, "経度（度）": 138.3699, "高さ（ｍ）": 22, "測器の深度（ｍ）": null, "維持管理機関名": "国土地理院", "維持管理機関名（英語）": "GSI", "観測開始年（西暦）": 1997, "同月": 4, "観測機器名または観測項目": "TOPCON NET-G5" }, "geometry": { "type": "Point", "coordinates": [ 138.3699, 38.0237 ] } },
{ "type": "Feature", "properties": { "観測の種類": "GNSS", "name": "出雲崎", "観測点名ローマ字": "IZUMOZAKI", "観測点コード": "960566", "緯度（度）": 37.5358, "経度（度）": 138.7069, "高さ（ｍ）": 44, "測器の深度（ｍ）": null, "維持管理機関名": "国土地理院", "維持管理機関名（英語）": "GSI", "観測開始年（西暦）": 1997, "同月": 4, "観測機器名または観測項目": "TRIMBLE Alloy" }, "geometry": { "type": "Point", "coordinates": [ 138.7069, 37.5358 ] } },
{ "type": "Feature", "properties": { "観測の種類": "GNSS", "name": "柏崎２", "観測点名ローマ字": "KASHIWAZAKI2", "観測点コード": "960567", "緯度（度）": 37.3485, "経度（度）": 138.5164, "高さ（ｍ）": 17, "測器の深度（ｍ）": null, "維持管理機関名": "国土地理院", "維持管理機関名（英語）": "GSI", "観測開始年（西暦）": 1997, "同月": 4, "観測機器名または観測項目": "TOPCON NET-G5" }, "geometry": { "type": "Point", "coordinates": [ 138.5164, 37.3485 ] } },
{ "type": "Feature", "properties": { "観測の種類": "GNSS", "name": "守門", "観測点名ローマ字": "SUMON", "観測点コード": "960568", "緯度（度）": 37.3199, "経度（度）": 139.0203, "高さ（ｍ）": 181, "測器の深度（ｍ）": null, "維持管理機関名": "国土地理院", "維持管理機関名（英語）": "GSI", "観測開始年（西暦）": 1997, "同月": 4, "観測機器名または観測項目": "TOPCON NET-G5" }, "geometry": { "type": "Point", "coordinates": [ 139.0203, 37.3199 ] } },
{ "type": "Feature", "properties": { "観測の種類": "GNSS", "name": "新井", "観測点名ローマ字": "ARAI", "観測点コード": "960569", "緯度（度）": 37.0567, "経度（度）": 138.2426, "高さ（ｍ）": 33, "測器の深度（ｍ）": null, "維持管理機関名": "国土地理院", "維持管理機関名（英語）": "GSI", "観測開始年（西暦）": 1997, "同月": 4, "観測機器名または観測項目": "TRIMBLE Alloy" }, "geometry": { "type": "Point", "coordinates": [ 138.2426, 37.0567 ] } },
{ "type": "Feature", "properties": { "観測の種類": "GNSS", "name": "糸魚川２", "観測点名ローマ字": "ITOIGAWA2", "観測点コード": "960570", "緯度（度）": 36.9509, "経度（度）": 137.8939, "高さ（ｍ）": 196, "測器の深度（ｍ）": null, "維持管理機関名": "国土地理院", "維持管理機関名（英語）": "GSI", "観測開始年（西暦）": 1997, "同月": 4, "観測機器名または観測項目": "TRIMBLE Alloy" }, "geometry": { "type": "Point", "coordinates": [ 137.8939, 36.9509 ] } },
{ "type": "Feature", "properties": { "観測の種類": "GNSS", "name": "小須戸", "観測点名ローマ字": "KOSUDO", "観測点コード": "960571", "緯度（度）": 37.7521, "経度（度）": 139.0739, "高さ（ｍ）": 9, "測器の深度（ｍ）": null, "維持管理機関名": "国土地理院", "維持管理機関名（英語）": "GSI", "観測開始年（西暦）": 1997, "同月": 4, "観測機器名または観測項目": "TOPCON NET-G5" }, "geometry": { "type": "Point", "coordinates": [ 139.0739, 37.7521 ] } },
{ "type": "Feature", "properties": { "観測の種類": "GNSS", "name": "滑川", "観測点名ローマ字": "NAMERIKAWA", "観測点コード": "960572", "緯度（度）": 36.737, "経度（度）": 137.3695, "高さ（ｍ）": 28, "測器の深度（ｍ）": null, "維持管理機関名": "国土地理院", "維持管理機関名（英語）": "GSI", "観測開始年（西暦）": 1997, "同月": 4, "観測機器名または観測項目": "TRIMBLE NetR9" }, "geometry": { "type": "Point", "coordinates": [ 137.3695, 36.737 ] } },
{ "type": "Feature", "properties": { "観測の種類": "GNSS", "name": "砺波", "観測点名ローマ字": "TONAMI", "観測点コード": "960573", "緯度（度）": 36.6496, "経度（度）": 137.0319, "高さ（ｍ）": 50, "測器の深度（ｍ）": null, "維持管理機関名": "国土地理院", "維持管理機関名（英語）": "GSI", "観測開始年（西暦）": 1997, "同月": 4, "観測機器名または観測項目": "TRIMBLE NetR9" }, "geometry": { "type": "Point", "coordinates": [ 137.0319, 36.6496 ] } },
{ "type": "Feature", "properties": { "観測の種類": "GNSS", "name": "能都", "観測点名ローマ字": "NOTO", "観測点コード": "960574", "緯度（度）": 37.307, "経度（度）": 137.1385, "高さ（ｍ）": 91, "測器の深度（ｍ）": null, "維持管理機関名": "国土地理院", "維持管理機関名（英語）": "GSI", "観測開始年（西暦）": 1997, "同月": 4, "観測機器名または観測項目": "TRIMBLE NetR9" }, "geometry": { "type": "Point", "coordinates": [ 137.1385, 37.307 ] } },
{ "type": "Feature", "properties": { "観測の種類": "GNSS", "name": "富来", "観測点名ローマ字": "TOGI", "観測点コード": "960575", "緯度（度）": 37.1567, "経度（度）": 136.7188, "高さ（ｍ）": 12, "測器の深度（ｍ）": null, "維持管理機関名": "国土地理院", "維持管理機関名（英語）": "GSI", "観測開始年（西暦）": 1997, "同月": 4, "観測機器名または観測項目": "TRIMBLE NetR9" }, "geometry": { "type": "Point", "coordinates": [ 136.7188, 37.1567 ] } },
{ "type": "Feature", "properties": { "観測の種類": "GNSS", "name": "能登島", "観測点名ローマ字": "NOTOJIMA", "観測点コード": "960576", "緯度（度）": 37.1232, "経度（度）": 136.9961, "高さ（ｍ）": 36, "測器の深度（ｍ）": null, "維持管理機関名": "国土地理院", "維持管理機関名（英語）": "GSI", "観測開始年（西暦）": 1997, "同月": 4, "観測機器名または観測項目": "TOPCON NET-G5" }, "geometry": { "type": "Point", "coordinates": [ 136.9961, 37.1232 ] } },
{ "type": "Feature", "properties": { "観測の種類": "GNSS", "name": "押水", "観測点名ローマ字": "OSHIMIZU", "観測点コード": "960577", "緯度（度）": 36.8175, "経度（度）": 136.7557, "高さ（ｍ）": 23, "測器の深度（ｍ）": null, "維持管理機関名": "国土地理院", "維持管理機関名（英語）": "GSI", "観測開始年（西暦）": 1997, "同月": 4, "観測機器名または観測項目": "TRIMBLE Alloy" }, "geometry": { "type": "Point", "coordinates": [ 136.7557, 36.8175 ] } },
{ "type": "Feature", "properties": { "観測の種類": "GNSS", "name": "鳥越", "観測点名ローマ字": "TORIGOE", "観測点コード": "960578", "緯度（度）": 36.3701, "経度（度）": 136.6053, "高さ（ｍ）": 185, "測器の深度（ｍ）": null, "維持管理機関名": "国土地理院", "維持管理機関名（英語）": "GSI", "観測開始年（西暦）": 1997, "同月": 4, "観測機器名または観測項目": "TOPCON NET-G5" }, "geometry": { "type": "Point", "coordinates": [ 136.6053, 36.3701 ] } },
{ "type": "Feature", "properties": { "観測の種類": "GNSS", "name": "鯖江", "観測点名ローマ字": "SABAE", "観測点コード": "960579", "緯度（度）": 35.9689, "経度（度）": 136.185, "高さ（ｍ）": 17, "測器の深度（ｍ）": null, "維持管理機関名": "国土地理院", "維持管理機関名（英語）": "GSI", "観測開始年（西暦）": 1997, "同月": 4, "観測機器名または観測項目": "TOPCON NET-G5" }, "geometry": { "type": "Point", "coordinates": [ 136.185, 35.9689 ] } },
{ "type": "Feature", "properties": { "観測の種類": "GNSS", "name": "河野", "観測点名ローマ字": "KOUNO", "観測点コード": "960580", "緯度（度）": 35.8368, "経度（度）": 136.056, "高さ（ｍ）": 41, "測器の深度（ｍ）": null, "維持管理機関名": "国土地理院", "維持管理機関名（英語）": "GSI", "観測開始年（西暦）": 1997, "同月": 4, "観測機器名または観測項目": "TRIMBLE Alloy" }, "geometry": { "type": "Point", "coordinates": [ 136.056, 35.8368 ] } },
{ "type": "Feature", "properties": { "観測の種類": "GNSS", "name": "里美", "観測点名ローマ字": "SATOMI", "観測点コード": "960581", "緯度（度）": 36.743, "経度（度）": 140.4976, "高さ（ｍ）": 270, "測器の深度（ｍ）": null, "維持管理機関名": "国土地理院", "維持管理機関名（英語）": "GSI", "観測開始年（西暦）": 1997, "同月": 4, "観測機器名または観測項目": "TOPCON NET-G5" }, "geometry": { "type": "Point", "coordinates": [ 140.4976, 36.743 ] } },
{ "type": "Feature", "properties": { "観測の種類": "GNSS", "name": "下館", "観測点名ローマ字": "SHIMODATE", "観測点コード": "960582", "緯度（度）": 36.3007, "経度（度）": 139.9878, "高さ（ｍ）": 35, "測器の深度（ｍ）": null, "維持管理機関名": "国土地理院", "維持管理機関名（英語）": "GSI", "観測開始年（西暦）": 1997, "同月": 4, "観測機器名または観測項目": "TRIMBLE Alloy" }, "geometry": { "type": "Point", "coordinates": [ 139.9878, 36.3007 ] } },
{ "type": "Feature", "properties": { "観測の種類": "GNSS", "name": "石下", "観測点名ローマ字": "ISHIGE", "観測点コード": "960583", "緯度（度）": 36.1148, "経度（度）": 139.9315, "高さ（ｍ）": 27, "測器の深度（ｍ）": null, "維持管理機関名": "国土地理院", "維持管理機関名（英語）": "GSI", "観測開始年（西暦）": 1997, "同月": 4, "観測機器名または観測項目": "TRIMBLE NetR9" }, "geometry": { "type": "Point", "coordinates": [ 139.9315, 36.1148 ] } },
{ "type": "Feature", "properties": { "観測の種類": "GNSS", "name": "阿見", "観測点名ローマ字": "AMI", "観測点コード": "960584", "緯度（度）": 36.0313, "経度（度）": 140.2025, "高さ（ｍ）": 32, "測器の深度（ｍ）": null, "維持管理機関名": "国土地理院", "維持管理機関名（英語）": "GSI", "観測開始年（西暦）": 1997, "同月": 4, "観測機器名または観測項目": "TOPCON NET-G5" }, "geometry": { "type": "Point", "coordinates": [ 140.2025, 36.0313 ] } },
{ "type": "Feature", "properties": { "観測の種類": "GNSS", "name": "那須", "観測点名ローマ字": "NASU", "観測点コード": "960585", "緯度（度）": 36.9523, "経度（度）": 140.1648, "高さ（ｍ）": 260, "測器の深度（ｍ）": null, "維持管理機関名": "国土地理院", "維持管理機関名（英語）": "GSI", "観測開始年（西暦）": 1997, "同月": 4, "観測機器名または観測項目": "TOPCON NET-G5" }, "geometry": { "type": "Point", "coordinates": [ 140.1648, 36.9523 ] } },
{ "type": "Feature", "properties": { "観測の種類": "GNSS", "name": "塩原", "観測点名ローマ字": "SHIOBARA", "観測点コード": "960586", "緯度（度）": 36.9796, "経度（度）": 139.8058, "高さ（ｍ）": 567, "測器の深度（ｍ）": null, "維持管理機関名": "国土地理院", "維持管理機関名（英語）": "GSI", "観測開始年（西暦）": 1997, "同月": 4, "観測機器名または観測項目": "TRIMBLE Alloy" }, "geometry": { "type": "Point", "coordinates": [ 139.8058, 36.9796 ] } },
{ "type": "Feature", "properties": { "観測の種類": "GNSS", "name": "塩谷", "観測点名ローマ字": "SHIOYA", "観測点コード": "960587", "緯度（度）": 36.7764, "経度（度）": 139.8543, "高さ（ｍ）": 260, "測器の深度（ｍ）": null, "維持管理機関名": "国土地理院", "維持管理機関名（英語）": "GSI", "観測開始年（西暦）": 1997, "同月": 4, "観測機器名または観測項目": "TRIMBLE Alloy" }, "geometry": { "type": "Point", "coordinates": [ 139.8543, 36.7764 ] } },
{ "type": "Feature", "properties": { "観測の種類": "GNSS", "name": "烏山", "観測点名ローマ字": "KARASUYAMA", "観測点コード": "960588", "緯度（度）": 36.6925, "経度（度）": 140.1577, "高さ（ｍ）": 112, "測器の深度（ｍ）": null, "維持管理機関名": "国土地理院", "維持管理機関名（英語）": "GSI", "観測開始年（西暦）": 1997, "同月": 4, "観測機器名または観測項目": "TOPCON NET-G5" }, "geometry": { "type": "Point", "coordinates": [ 140.1577, 36.6925 ] } },
{ "type": "Feature", "properties": { "観測の種類": "GNSS", "name": "足尾", "観測点名ローマ字": "ASHIO", "観測点コード": "960589", "緯度（度）": 36.6242, "経度（度）": 139.4906, "高さ（ｍ）": 1292, "測器の深度（ｍ）": null, "維持管理機関名": "国土地理院", "維持管理機関名（英語）": "GSI", "観測開始年（西暦）": 1997, "同月": 4, "観測機器名または観測項目": "TOPCON NET-G5" }, "geometry": { "type": "Point", "coordinates": [ 139.4906, 36.6242 ] } },
{ "type": "Feature", "properties": { "観測の種類": "GNSS", "name": "茂木", "観測点名ローマ字": "MOTEGI", "観測点コード": "960590", "緯度（度）": 36.5422, "経度（度）": 140.1793, "高さ（ｍ）": 136, "測器の深度（ｍ）": null, "維持管理機関名": "国土地理院", "維持管理機関名（英語）": "GSI", "観測開始年（西暦）": 1997, "同月": 4, "観測機器名または観測項目": "TRIMBLE Alloy" }, "geometry": { "type": "Point", "coordinates": [ 140.1793, 36.5422 ] } },
{ "type": "Feature", "properties": { "観測の種類": "GNSS", "name": "草津", "観測点名ローマ字": "KUSATSU", "観測点コード": "960591", "緯度（度）": 36.6163, "経度（度）": 138.5915, "高さ（ｍ）": 1234, "測器の深度（ｍ）": null, "維持管理機関名": "国土地理院", "維持管理機関名（英語）": "GSI", "観測開始年（西暦）": 1997, "同月": 4, "観測機器名または観測項目": "TRIMBLE Alloy" }, "geometry": { "type": "Point", "coordinates": [ 138.5915, 36.6163 ] } },
{ "type": "Feature", "properties": { "観測の種類": "GNSS", "name": "藤岡", "観測点名ローマ字": "FUJIOKA", "観測点コード": "960592", "緯度（度）": 36.2347, "経度（度）": 139.0666, "高さ（ｍ）": 137, "測器の深度（ｍ）": null, "維持管理機関名": "国土地理院", "維持管理機関名（英語）": "GSI", "観測開始年（西暦）": 1997, "同月": 4, "観測機器名または観測項目": "TRIMBLE Alloy" }, "geometry": { "type": "Point", "coordinates": [ 139.0666, 36.2347 ] } },
{ "type": "Feature", "properties": { "観測の種類": "GNSS", "name": "万場", "観測点名ローマ字": "MANBA", "観測点コード": "960593", "緯度（度）": 36.1428, "経度（度）": 138.9124, "高さ（ｍ）": 921, "測器の深度（ｍ）": null, "維持管理機関名": "国土地理院", "維持管理機関名（英語）": "GSI", "観測開始年（西暦）": 1997, "同月": 4, "観測機器名または観測項目": "TRIMBLE NetR9" }, "geometry": { "type": "Point", "coordinates": [ 138.9124, 36.1428 ] } },
{ "type": "Feature", "properties": { "観測の種類": "GNSS", "name": "大島３", "観測点名ローマ字": "OOSHIMA3", "観測点コード": "960594", "緯度（度）": 34.7615, "経度（度）": 139.434, "高さ（ｍ）": 101, "測器の深度（ｍ）": null, "維持管理機関名": "国土地理院", "維持管理機関名（英語）": "GSI", "観測開始年（西暦）": 1997, "同月": 4, "観測機器名または観測項目": "TOPCON NET-G5" }, "geometry": { "type": "Point", "coordinates": [ 139.434, 34.7615 ] } },
{ "type": "Feature", "properties": { "観測の種類": "GNSS", "name": "大島４", "観測点名ローマ字": "OOSHIMA4", "観測点コード": "960595", "緯度（度）": 34.7376, "経度（度）": 139.3586, "高さ（ｍ）": 47, "測器の深度（ｍ）": null, "維持管理機関名": "国土地理院", "維持管理機関名（英語）": "GSI", "観測開始年（西暦）": 1997, "同月": 4, "観測機器名または観測項目": "TOPCON NET-G5" }, "geometry": { "type": "Point", "coordinates": [ 139.3586, 34.7376 ] } },
{ "type": "Feature", "properties": { "観測の種類": "GNSS", "name": "利島", "観測点名ローマ字": "TOSHIMA", "観測点コード": "960596", "緯度（度）": 34.5196, "経度（度）": 139.2709, "高さ（ｍ）": 261, "測器の深度（ｍ）": null, "維持管理機関名": "国土地理院", "維持管理機関名（英語）": "GSI", "観測開始年（西暦）": 1997, "同月": 4, "観測機器名または観測項目": "TRIMBLE Alloy" }, "geometry": { "type": "Point", "coordinates": [ 139.2709, 34.5196 ] } },
{ "type": "Feature", "properties": { "観測の種類": "GNSS", "name": "式根島", "観測点名ローマ字": "SHIKINEJIMA", "観測点コード": "960597", "緯度（度）": 34.3331, "経度（度）": 139.2109, "高さ（ｍ）": 38, "測器の深度（ｍ）": null, "維持管理機関名": "国土地理院", "維持管理機関名（英語）": "GSI", "観測開始年（西暦）": 1997, "同月": 4, "観測機器名または観測項目": "TRIMBLE Alloy" }, "geometry": { "type": "Point", "coordinates": [ 139.2109, 34.3331 ] } },
{ "type": "Feature", "properties": { "観測の種類": "GNSS", "name": "神津島２", "観測点名ローマ字": "KOUZUSHIMA2", "観測点コード": "960598", "緯度（度）": 34.2399, "経度（度）": 139.1376, "高さ（ｍ）": 12, "測器の深度（ｍ）": null, "維持管理機関名": "国土地理院", "維持管理機関名（英語）": "GSI", "観測開始年（西暦）": 1997, "同月": 4, "観測機器名または観測項目": "TOPCON NET-G5" }, "geometry": { "type": "Point", "coordinates": [ 139.1376, 34.2399 ] } },
{ "type": "Feature", "properties": { "観測の種類": "GNSS", "name": "三宅３", "観測点名ローマ字": "MIYAKE3", "観測点コード": "960599", "緯度（度）": 34.0938, "経度（度）": 139.5618, "高さ（ｍ）": 40, "測器の深度（ｍ）": null, "維持管理機関名": "国土地理院", "維持管理機関名（英語）": "GSI", "観測開始年（西暦）": 1997, "同月": 4, "観測機器名または観測項目": "TRIMBLE NetR9" }, "geometry": { "type": "Point", "coordinates": [ 139.5618, 34.0938 ] } },
{ "type": "Feature", "properties": { "観測の種類": "GNSS", "name": "三宅４", "観測点名ローマ字": "MIYAKE4", "観測点コード": "960600", "緯度（度）": 34.0758, "経度（度）": 139.4788, "高さ（ｍ）": 36, "測器の深度（ｍ）": null, "維持管理機関名": "国土地理院", "維持管理機関名（英語）": "GSI", "観測開始年（西暦）": 1997, "同月": 4, "観測機器名または観測項目": "TRIMBLE Alloy" }, "geometry": { "type": "Point", "coordinates": [ 139.4788, 34.0758 ] } },
{ "type": "Feature", "properties": { "観測の種類": "GNSS", "name": "御蔵島", "観測点名ローマ字": "MIKURAJIMA", "観測点コード": "960601", "緯度（度）": 33.8841, "経度（度）": 139.6129, "高さ（ｍ）": 425, "測器の深度（ｍ）": null, "維持管理機関名": "国土地理院", "維持管理機関名（英語）": "GSI", "観測開始年（西暦）": 1997, "同月": 4, "観測機器名または観測項目": "TOPCON NET-G5" }, "geometry": { "type": "Point", "coordinates": [ 139.6129, 33.8841 ] } },
{ "type": "Feature", "properties": { "観測の種類": "GNSS", "name": "青ヶ島", "観測点名ローマ字": "AOGASHIMA", "観測点コード": "960602", "緯度（度）": 32.4635, "経度（度）": 139.7646, "高さ（ｍ）": 338, "測器の深度（ｍ）": null, "維持管理機関名": "国土地理院", "維持管理機関名（英語）": "GSI", "観測開始年（西暦）": 1997, "同月": 4, "観測機器名または観測項目": "TOPCON NET-G5" }, "geometry": { "type": "Point", "coordinates": [ 139.7646, 32.4635 ] } },
{ "type": "Feature", "properties": { "観測の種類": "GNSS", "name": "母島", "観測点名ローマ字": "HAHAJIMA", "観測点コード": "960603", "緯度（度）": 26.6351, "経度（度）": 142.1628, "高さ（ｍ）": 37, "測器の深度（ｍ）": null, "維持管理機関名": "国土地理院", "維持管理機関名（英語）": "GSI", "観測開始年（西暦）": 1997, "同月": 4, "観測機器名または観測項目": "TRIMBLE Alloy" }, "geometry": { "type": "Point", "coordinates": [ 142.1628, 26.6351 ] } },
{ "type": "Feature", "properties": { "観測の種類": "GNSS", "name": "硫黄島１", "観測点名ローマ字": "IOTO1", "観測点コード": "960604", "緯度（度）": 24.7802, "経度（度）": 141.3244, "高さ（ｍ）": 131, "測器の深度（ｍ）": null, "維持管理機関名": "国土地理院", "維持管理機関名（英語）": "GSI", "観測開始年（西暦）": 1997, "同月": 4, "観測機器名または観測項目": "TRIMBLE Alloy" }, "geometry": { "type": "Point", "coordinates": [ 141.3244, 24.7802 ] } },
{ "type": "Feature", "properties": { "観測の種類": "GNSS", "name": "硫黄島２", "観測点名ローマ字": "IOTO2", "観測点コード": "960605", "緯度（度）": 24.7507, "経度（度）": 141.2888, "高さ（ｍ）": 167, "測器の深度（ｍ）": null, "維持管理機関名": "国土地理院", "維持管理機関名（英語）": "GSI", "観測開始年（西暦）": 1997, "同月": 4, "観測機器名または観測項目": "TRIMBLE Alloy" }, "geometry": { "type": "Point", "coordinates": [ 141.2888, 24.7507 ] } },
{ "type": "Feature", "properties": { "観測の種類": "GNSS", "name": "山梨一宮", "観測点名ローマ字": "YAMANASIITINOMIY", "観測点コード": "960606", "緯度（度）": 35.6495, "経度（度）": 138.6904, "高さ（ｍ）": 341, "測器の深度（ｍ）": null, "維持管理機関名": "国土地理院", "維持管理機関名（英語）": "GSI", "観測開始年（西暦）": 1997, "同月": 4, "観測機器名または観測項目": "TOPCON NET-G5" }, "geometry": { "type": "Point", "coordinates": [ 138.6904, 35.6495 ] } },
{ "type": "Feature", "properties": { "観測の種類": "GNSS", "name": "道志", "観測点名ローマ字": "DOUSHI", "観測点コード": "960607", "緯度（度）": 35.5119, "経度（度）": 139.0258, "高さ（ｍ）": 697, "測器の深度（ｍ）": null, "維持管理機関名": "国土地理院", "維持管理機関名（英語）": "GSI", "観測開始年（西暦）": 1997, "同月": 4, "観測機器名または観測項目": "TRIMBLE Alloy" }, "geometry": { "type": "Point", "coordinates": [ 139.0258, 35.5119 ] } },
{ "type": "Feature", "properties": { "観測の種類": "GNSS", "name": "松本", "観測点名ローマ字": "MATSUMOTO", "観測点コード": "960608", "緯度（度）": 36.239, "経度（度）": 137.9846, "高さ（ｍ）": 606, "測器の深度（ｍ）": null, "維持管理機関名": "国土地理院", "維持管理機関名（英語）": "GSI", "観測開始年（西暦）": 1997, "同月": 4, "観測機器名または観測項目": "TOPCON NET-G5" }, "geometry": { "type": "Point", "coordinates": [ 137.9846, 36.239 ] } },
{ "type": "Feature", "properties": { "観測の種類": "GNSS", "name": "梓川", "観測点名ローマ字": "AZUSAGAWA", "観測点コード": "960609", "緯度（度）": 36.2284, "経度（度）": 137.8718, "高さ（ｍ）": 649, "測器の深度（ｍ）": null, "維持管理機関名": "国土地理院", "維持管理機関名（英語）": "GSI", "観測開始年（西暦）": 1997, "同月": 4, "観測機器名または観測項目": "TOPCON NET-G5" }, "geometry": { "type": "Point", "coordinates": [ 137.8718, 36.2284 ] } },
{ "type": "Feature", "properties": { "観測の種類": "GNSS", "name": "佐久", "観測点名ローマ字": "SAKU", "観測点コード": "960610", "緯度（度）": 36.2847, "経度（度）": 138.4993, "高さ（ｍ）": 748, "測器の深度（ｍ）": null, "維持管理機関名": "国土地理院", "維持管理機関名（英語）": "GSI", "観測開始年（西暦）": 1997, "同月": 4, "観測機器名または観測項目": "TRIMBLE Alloy" }, "geometry": { "type": "Point", "coordinates": [ 138.4993, 36.2847 ] } },
{ "type": "Feature", "properties": { "観測の種類": "GNSS", "name": "奈川", "観測点名ローマ字": "NAGAWA", "観測点コード": "960611", "緯度（度）": 36.0847, "経度（度）": 137.6826, "高さ（ｍ）": 1090, "測器の深度（ｍ）": null, "維持管理機関名": "国土地理院", "維持管理機関名（英語）": "GSI", "観測開始年（西暦）": 1997, "同月": 4, "観測機器名または観測項目": "TOPCON NET-G5" }, "geometry": { "type": "Point", "coordinates": [ 137.6826, 36.0847 ] } },
{ "type": "Feature", "properties": { "観測の種類": "GNSS", "name": "茅野", "観測点名ローマ字": "CHINO", "観測点コード": "960612", "緯度（度）": 36.0262, "経度（度）": 138.2145, "高さ（ｍ）": 982, "測器の深度（ｍ）": null, "維持管理機関名": "国土地理院", "維持管理機関名（英語）": "GSI", "観測開始年（西暦）": 1997, "同月": 4, "観測機器名または観測項目": "TRIMBLE Alloy" }, "geometry": { "type": "Point", "coordinates": [ 138.2145, 36.0262 ] } },
{ "type": "Feature", "properties": { "観測の種類": "GNSS", "name": "川上", "観測点名ローマ字": "KAWAKAMI", "観測点コード": "960613", "緯度（度）": 35.9741, "経度（度）": 138.583, "高さ（ｍ）": 1195, "測器の深度（ｍ）": null, "維持管理機関名": "国土地理院", "維持管理機関名（英語）": "GSI", "観測開始年（西暦）": 1997, "同月": 4, "観測機器名または観測項目": "TRIMBLE NetR9" }, "geometry": { "type": "Point", "coordinates": [ 138.583, 35.9741 ] } },
{ "type": "Feature", "properties": { "観測の種類": "GNSS", "name": "三岳", "観測点名ローマ字": "MITAKE", "観測点コード": "960614", "緯度（度）": 35.88, "経度（度）": 137.5983, "高さ（ｍ）": 953, "測器の深度（ｍ）": null, "維持管理機関名": "国土地理院", "維持管理機関名（英語）": "GSI", "観測開始年（西暦）": 1997, "同月": 4, "観測機器名または観測項目": "TRIMBLE Alloy" }, "geometry": { "type": "Point", "coordinates": [ 137.5983, 35.88 ] } },
{ "type": "Feature", "properties": { "観測の種類": "GNSS", "name": "駒ヶ根", "観測点名ローマ字": "KOMAGANE", "観測点コード": "960615", "緯度（度）": 35.7263, "経度（度）": 137.9839, "高さ（ｍ）": 657, "測器の深度（ｍ）": null, "維持管理機関名": "国土地理院", "維持管理機関名（英語）": "GSI", "観測開始年（西暦）": 1997, "同月": 4, "観測機器名または観測項目": "TRIMBLE Alloy" }, "geometry": { "type": "Point", "coordinates": [ 137.9839, 35.7263 ] } },
{ "type": "Feature", "properties": { "観測の種類": "GNSS", "name": "浪合", "観測点名ローマ字": "NAMIAI", "観測点コード": "960616", "緯度（度）": 35.3437, "経度（度）": 137.6764, "高さ（ｍ）": 1456, "測器の深度（ｍ）": null, "維持管理機関名": "国土地理院", "維持管理機関名（英語）": "GSI", "観測開始年（西暦）": 1997, "同月": 4, "観測機器名または観測項目": "TOPCON NET-G5" }, "geometry": { "type": "Point", "coordinates": [ 137.6764, 35.3437 ] } },
{ "type": "Feature", "properties": { "観測の種類": "GNSS", "name": "大野白川", "観測点名ローマ字": "OONOSHIRAKAWA", "観測点コード": "960617", "緯度（度）": 36.2615, "経度（度）": 136.9043, "高さ（ｍ）": 533, "測器の深度（ｍ）": null, "維持管理機関名": "国土地理院", "維持管理機関名（英語）": "GSI", "観測開始年（西暦）": 1997, "同月": 4, "観測機器名または観測項目": "TOPCON NET-G5" }, "geometry": { "type": "Point", "coordinates": [ 136.9043, 36.2615 ] } },
{ "type": "Feature", "properties": { "観測の種類": "GNSS", "name": "上宝", "観測点名ローマ字": "KAMITAKARA", "観測点コード": "960618", "緯度（度）": 36.2856, "経度（度）": 137.363, "高さ（ｍ）": 634, "測器の深度（ｍ）": null, "維持管理機関名": "国土地理院", "維持管理機関名（英語）": "GSI", "観測開始年（西暦）": 1997, "同月": 4, "観測機器名または観測項目": "TRIMBLE Alloy" }, "geometry": { "type": "Point", "coordinates": [ 137.363, 36.2856 ] } },
{ "type": "Feature", "properties": { "観測の種類": "GNSS", "name": "萩原", "観測点名ローマ字": "HAGIWARA", "観測点コード": "960619", "緯度（度）": 35.9116, "経度（度）": 137.2007, "高さ（ｍ）": 459, "測器の深度（ｍ）": null, "維持管理機関名": "国土地理院", "維持管理機関名（英語）": "GSI", "観測開始年（西暦）": 1997, "同月": 4, "観測機器名または観測項目": "TRIMBLE Alloy" }, "geometry": { "type": "Point", "coordinates": [ 137.2007, 35.9116 ] } },
{ "type": "Feature", "properties": { "観測の種類": "GNSS", "name": "賀茂", "観測点名ローマ字": "KAMO", "観測点コード": "960620", "緯度（度）": 34.855, "経度（度）": 138.7765, "高さ（ｍ）": 12, "測器の深度（ｍ）": null, "維持管理機関名": "国土地理院", "維持管理機関名（英語）": "GSI", "観測開始年（西暦）": 1997, "同月": 4, "観測機器名または観測項目": "TOPCON NET-G5" }, "geometry": { "type": "Point", "coordinates": [ 138.7765, 34.855 ] } },
{ "type": "Feature", "properties": { "観測の種類": "GNSS", "name": "裾野２", "観測点名ローマ字": "SUSONO2", "観測点コード": "960621", "緯度（度）": 35.2044, "経度（度）": 138.9284, "高さ（ｍ）": 268, "測器の深度（ｍ）": null, "維持管理機関名": "国土地理院", "維持管理機関名（英語）": "GSI", "観測開始年（西暦）": 1997, "同月": 4, "観測機器名または観測項目": "TRIMBLE Alloy" }, "geometry": { "type": "Point", "coordinates": [ 138.9284, 35.2044 ] } },
{ "type": "Feature", "properties": { "観測の種類": "GNSS", "name": "小笠", "観測点名ローマ字": "OGASA", "観測点コード": "960622", "緯度（度）": 34.6799, "経度（度）": 138.0983, "高さ（ｍ）": 13, "測器の深度（ｍ）": null, "維持管理機関名": "国土地理院", "維持管理機関名（英語）": "GSI", "観測開始年（西暦）": 1997, "同月": 4, "観測機器名または観測項目": "TOPCON NET-G5" }, "geometry": { "type": "Point", "coordinates": [ 138.0983, 34.6799 ] } },
{ "type": "Feature", "properties": { "観測の種類": "GNSS", "name": "静岡相良２", "観測点名ローマ字": "SHIZUOKASAGARA2", "観測点コード": "960623", "緯度（度）": 34.6778, "経度（度）": 138.183, "高さ（ｍ）": 112, "測器の深度（ｍ）": null, "維持管理機関名": "国土地理院", "維持管理機関名（英語）": "GSI", "観測開始年（西暦）": 1997, "同月": 4, "観測機器名または観測項目": "TOPCON NET-G5" }, "geometry": { "type": "Point", "coordinates": [ 138.183, 34.6778 ] } },
{ "type": "Feature", "properties": { "観測の種類": "GNSS", "name": "大東２", "観測点名ローマ字": "DAITOU2", "観測点コード": "960624", "緯度（度）": 34.6664, "経度（度）": 138.0465, "高さ（ｍ）": 14, "測器の深度（ｍ）": null, "維持管理機関名": "国土地理院", "維持管理機関名（英語）": "GSI", "観測開始年（西暦）": 1997, "同月": 4, "観測機器名または観測項目": "TOPCON NET-G5" }, "geometry": { "type": "Point", "coordinates": [ 138.0465, 34.6664 ] } },
{ "type": "Feature", "properties": { "観測の種類": "GNSS", "name": "浜岡２", "観測点名ローマ字": "HAMAOKA2", "観測点コード": "960625", "緯度（度）": 34.6345, "経度（度）": 138.159, "高さ（ｍ）": 25, "測器の深度（ｍ）": null, "維持管理機関名": "国土地理院", "維持管理機関名（英語）": "GSI", "観測開始年（西暦）": 1997, "同月": 4, "観測機器名または観測項目": "TOPCON NET-G5" }, "geometry": { "type": "Point", "coordinates": [ 138.159, 34.6345 ] } },
{ "type": "Feature", "properties": { "観測の種類": "GNSS", "name": "沼津", "観測点名ローマ字": "NUMAZU", "観測点コード": "960626", "緯度（度）": 35.0472, "経度（度）": 138.9069, "高さ（ｍ）": 8, "測器の深度（ｍ）": null, "維持管理機関名": "国土地理院", "維持管理機関名（英語）": "GSI", "観測開始年（西暦）": 1997, "同月": 4, "観測機器名または観測項目": "TOPCON NET-G5" }, "geometry": { "type": "Point", "coordinates": [ 138.9069, 35.0472 ] } },
{ "type": "Feature", "properties": { "観測の種類": "GNSS", "name": "つくば３", "観測点名ローマ字": "TSUKUBA3", "観測点コード": "960627", "緯度（度）": 36.1036, "経度（度）": 140.0863, "高さ（ｍ）": 30, "測器の深度（ｍ）": null, "維持管理機関名": "国土地理院", "維持管理機関名（英語）": "GSI", "観測開始年（西暦）": 1997, "同月": 4, "観測機器名または観測項目": "TRIMBLE Alloy" }, "geometry": { "type": "Point", "coordinates": [ 140.0863, 36.1036 ] } },
{ "type": "Feature", "properties": { "観測の種類": "GNSS", "name": "瀬戸", "観測点名ローマ字": "SETO", "観測点コード": "960629", "緯度（度）": 35.2391, "経度（度）": 137.0736, "高さ（ｍ）": 118, "測器の深度（ｍ）": null, "維持管理機関名": "国土地理院", "維持管理機関名（英語）": "GSI", "観測開始年（西暦）": 1997, "同月": 4, "観測機器名または観測項目": "TRIMBLE Alloy" }, "geometry": { "type": "Point", "coordinates": [ 137.0736, 35.2391 ] } },
{ "type": "Feature", "properties": { "観測の種類": "GNSS", "name": "名古屋", "観測点名ローマ字": "NAGOYA", "観測点コード": "960630", "緯度（度）": 35.1684, "経度（度）": 136.9658, "高さ（ｍ）": 57, "測器の深度（ｍ）": null, "維持管理機関名": "国土地理院", "維持管理機関名（英語）": "GSI", "観測開始年（西暦）": 1997, "同月": 4, "観測機器名または観測項目": "TOPCON NET-G5" }, "geometry": { "type": "Point", "coordinates": [ 136.9658, 35.1684 ] } },
{ "type": "Feature", "properties": { "観測の種類": "GNSS", "name": "知多", "観測点名ローマ字": "CHITA", "観測点コード": "960631", "緯度（度）": 34.9844, "経度（度）": 136.8627, "高さ（ｍ）": 17, "測器の深度（ｍ）": null, "維持管理機関名": "国土地理院", "維持管理機関名（英語）": "GSI", "観測開始年（西暦）": 1997, "同月": 4, "観測機器名または観測項目": "TRIMBLE Alloy" }, "geometry": { "type": "Point", "coordinates": [ 136.8627, 34.9844 ] } },
{ "type": "Feature", "properties": { "観測の種類": "GNSS", "name": "常滑２", "観測点名ローマ字": "TOKONAME2", "観測点コード": "960632", "緯度（度）": 34.9044, "経度（度）": 136.8319, "高さ（ｍ）": 9, "測器の深度（ｍ）": null, "維持管理機関名": "国土地理院", "維持管理機関名（英語）": "GSI", "観測開始年（西暦）": 1997, "同月": 4, "観測機器名または観測項目": "TOPCON NET-G5" }, "geometry": { "type": "Point", "coordinates": [ 136.8319, 34.9044 ] } },
{ "type": "Feature", "properties": { "観測の種類": "GNSS", "name": "桑名", "観測点名ローマ字": "KUWANA", "観測点コード": "960633", "緯度（度）": 35.0509, "経度（度）": 136.6942, "高さ（ｍ）": 6, "測器の深度（ｍ）": null, "維持管理機関名": "国土地理院", "維持管理機関名（英語）": "GSI", "観測開始年（西暦）": 1997, "同月": 4, "観測機器名または観測項目": "TRIMBLE Alloy" }, "geometry": { "type": "Point", "coordinates": [ 136.6942, 35.0509 ] } },
{ "type": "Feature", "properties": { "観測の種類": "GNSS", "name": "関", "観測点名ローマ字": "SEKI", "観測点コード": "960634", "緯度（度）": 34.8549, "経度（度）": 136.3933, "高さ（ｍ）": 106, "測器の深度（ｍ）": null, "維持管理機関名": "国土地理院", "維持管理機関名（英語）": "GSI", "観測開始年（西暦）": 1997, "同月": 4, "観測機器名または観測項目": "TRIMBLE Alloy" }, "geometry": { "type": "Point", "coordinates": [ 136.3933, 34.8549 ] } },
{ "type": "Feature", "properties": { "観測の種類": "GNSS", "name": "白山", "観測点名ローマ字": "HAKUSAN", "観測点コード": "960635", "緯度（度）": 34.6488, "経度（度）": 136.3298, "高さ（ｍ）": 68, "測器の深度（ｍ）": null, "維持管理機関名": "国土地理院", "維持管理機関名（英語）": "GSI", "観測開始年（西暦）": 1997, "同月": 4, "観測機器名または観測項目": "TRIMBLE Alloy" }, "geometry": { "type": "Point", "coordinates": [ 136.3298, 34.6488 ] } },
{ "type": "Feature", "properties": { "観測の種類": "GNSS", "name": "度会", "観測点名ローマ字": "WATARAI", "観測点コード": "960636", "緯度（度）": 34.4314, "経度（度）": 136.6284, "高さ（ｍ）": 29, "測器の深度（ｍ）": null, "維持管理機関名": "国土地理院", "維持管理機関名（英語）": "GSI", "観測開始年（西暦）": 1997, "同月": 4, "観測機器名または観測項目": "TOPCON NET-G5" }, "geometry": { "type": "Point", "coordinates": [ 136.6284, 34.4314 ] } },
{ "type": "Feature", "properties": { "観測の種類": "GNSS", "name": "紀伊長島", "観測点名ローマ字": "KIINAGASHIMA", "観測点コード": "960637", "緯度（度）": 34.2082, "経度（度）": 136.3429, "高さ（ｍ）": 7, "測器の深度（ｍ）": null, "維持管理機関名": "国土地理院", "維持管理機関名（英語）": "GSI", "観測開始年（西暦）": 1997, "同月": 4, "観測機器名または観測項目": "TRIMBLE Alloy" }, "geometry": { "type": "Point", "coordinates": [ 136.3429, 34.2082 ] } },
{ "type": "Feature", "properties": { "観測の種類": "GNSS", "name": "虎姫", "観測点名ローマ字": "TORAHIME", "観測点コード": "960638", "緯度（度）": 35.4204, "経度（度）": 136.2647, "高さ（ｍ）": 99, "測器の深度（ｍ）": null, "維持管理機関名": "国土地理院", "維持管理機関名（英語）": "GSI", "観測開始年（西暦）": 1997, "同月": 4, "観測機器名または観測項目": "TOPCON NET-G5" }, "geometry": { "type": "Point", "coordinates": [ 136.2647, 35.4204 ] } },
{ "type": "Feature", "properties": { "観測の種類": "GNSS", "name": "野洲", "観測点名ローマ字": "YASU", "観測点コード": "960639", "緯度（度）": 35.0857, "経度（度）": 136.0412, "高さ（ｍ）": 98, "測器の深度（ｍ）": null, "維持管理機関名": "国土地理院", "維持管理機関名（英語）": "GSI", "観測開始年（西暦）": 1997, "同月": 4, "観測機器名または観測項目": "TOPCON NET-G5" }, "geometry": { "type": "Point", "coordinates": [ 136.0412, 35.0857 ] } },
{ "type": "Feature", "properties": { "観測の種類": "GNSS", "name": "網野", "観測点名ローマ字": "AMINO", "観測点コード": "960640", "緯度（度）": 35.6851, "経度（度）": 135.034, "高さ（ｍ）": 14, "測器の深度（ｍ）": null, "維持管理機関名": "国土地理院", "維持管理機関名（英語）": "GSI", "観測開始年（西暦）": 1997, "同月": 4, "観測機器名または観測項目": "TOPCON NET-G5" }, "geometry": { "type": "Point", "coordinates": [ 135.034, 35.6851 ] } },
{ "type": "Feature", "properties": { "観測の種類": "GNSS", "name": "舞鶴", "観測点名ローマ字": "MAIZURU", "観測点コード": "960641", "緯度（度）": 35.4822, "経度（度）": 135.4158, "高さ（ｍ）": 10, "測器の深度（ｍ）": null, "維持管理機関名": "国土地理院", "維持管理機関名（英語）": "GSI", "観測開始年（西暦）": 1997, "同月": 4, "観測機器名または観測項目": "TRIMBLE Alloy" }, "geometry": { "type": "Point", "coordinates": [ 135.4158, 35.4822 ] } },
{ "type": "Feature", "properties": { "観測の種類": "GNSS", "name": "京都美山", "観測点名ローマ字": "KYOTOMIYAMA", "観測点コード": "960642", "緯度（度）": 35.2759, "経度（度）": 135.5495, "高さ（ｍ）": 194, "測器の深度（ｍ）": null, "維持管理機関名": "国土地理院", "維持管理機関名（英語）": "GSI", "観測開始年（西暦）": 1997, "同月": 4, "観測機器名または観測項目": "TRIMBLE Alloy" }, "geometry": { "type": "Point", "coordinates": [ 135.5495, 35.2759 ] } },
{ "type": "Feature", "properties": { "観測の種類": "GNSS", "name": "京都左京２", "観測点名ローマ字": "KYOTOSAKYOU2", "観測点コード": "960643", "緯度（度）": 35.0531, "経度（度）": 135.7733, "高さ（ｍ）": 75, "測器の深度（ｍ）": null, "維持管理機関名": "国土地理院", "維持管理機関名（英語）": "GSI", "観測開始年（西暦）": 1997, "同月": 4, "観測機器名または観測項目": "TOPCON NET-G5" }, "geometry": { "type": "Point", "coordinates": [ 135.7733, 35.0531 ] } },
{ "type": "Feature", "properties": { "観測の種類": "GNSS", "name": "京都伏見", "観測点名ローマ字": "KYOTOFUSHIMI", "観測点コード": "960644", "緯度（度）": 34.9526, "経度（度）": 135.7724, "高さ（ｍ）": 39, "測器の深度（ｍ）": null, "維持管理機関名": "国土地理院", "維持管理機関名（英語）": "GSI", "観測開始年（西暦）": 1997, "同月": 4, "観測機器名または観測項目": "TOPCON NET-G5" }, "geometry": { "type": "Point", "coordinates": [ 135.7724, 34.9526 ] } },
{ "type": "Feature", "properties": { "観測の種類": "GNSS", "name": "香住", "観測点名ローマ字": "KASUMI", "観測点コード": "960645", "緯度（度）": 35.6212, "経度（度）": 134.6774, "高さ（ｍ）": 34, "測器の深度（ｍ）": null, "維持管理機関名": "国土地理院", "維持管理機関名（英語）": "GSI", "観測開始年（西暦）": 1997, "同月": 4, "観測機器名または観測項目": "TRIMBLE Alloy" }, "geometry": { "type": "Point", "coordinates": [ 134.6774, 35.6212 ] } },
{ "type": "Feature", "properties": { "観測の種類": "GNSS", "name": "兵庫日高", "観測点名ローマ字": "HYOUGOHIDAKA", "観測点コード": "960646", "緯度（度）": 35.4613, "経度（度）": 134.7287, "高さ（ｍ）": 88, "測器の深度（ｍ）": null, "維持管理機関名": "国土地理院", "維持管理機関名（英語）": "GSI", "観測開始年（西暦）": 1997, "同月": 4, "観測機器名または観測項目": "TRIMBLE Alloy" }, "geometry": { "type": "Point", "coordinates": [ 134.7287, 35.4613 ] } },
{ "type": "Feature", "properties": { "観測の種類": "GNSS", "name": "青垣", "観測点名ローマ字": "AOGAKI", "観測点コード": "960647", "緯度（度）": 35.2379, "経度（度）": 135.022, "高さ（ｍ）": 125, "測器の深度（ｍ）": null, "維持管理機関名": "国土地理院", "維持管理機関名（英語）": "GSI", "観測開始年（西暦）": 1997, "同月": 4, "観測機器名または観測項目": "TOPCON NET-G5" }, "geometry": { "type": "Point", "coordinates": [ 135.022, 35.2379 ] } },
{ "type": "Feature", "properties": { "観測の種類": "GNSS", "name": "生野", "観測点名ローマ字": "IKUNO", "観測点コード": "960648", "緯度（度）": 35.1627, "経度（度）": 134.7712, "高さ（ｍ）": 380, "測器の深度（ｍ）": null, "維持管理機関名": "国土地理院", "維持管理機関名（英語）": "GSI", "観測開始年（西暦）": 1997, "同月": 4, "観測機器名または観測項目": "TRIMBLE Alloy" }, "geometry": { "type": "Point", "coordinates": [ 134.7712, 35.1627 ] } },
{ "type": "Feature", "properties": { "観測の種類": "GNSS", "name": "滝野", "観測点名ローマ字": "TAKINO", "観測点コード": "960649", "緯度（度）": 34.9362, "経度（度）": 134.945, "高さ（ｍ）": 64, "測器の深度（ｍ）": null, "維持管理機関名": "国土地理院", "維持管理機関名（英語）": "GSI", "観測開始年（西暦）": 1997, "同月": 4, "観測機器名または観測項目": "TRIMBLE NetR9" }, "geometry": { "type": "Point", "coordinates": [ 134.945, 34.9362 ] } },
{ "type": "Feature", "properties": { "観測の種類": "GNSS", "name": "かつらぎ", "観測点名ローマ字": "KATSURAGI", "観測点コード": "960650", "緯度（度）": 34.3118, "経度（度）": 135.5283, "高さ（ｍ）": 149, "測器の深度（ｍ）": null, "維持管理機関名": "国土地理院", "維持管理機関名（英語）": "GSI", "観測開始年（西暦）": 1997, "同月": 4, "観測機器名または観測項目": "TOPCON NET-G5" }, "geometry": { "type": "Point", "coordinates": [ 135.5283, 34.3118 ] } },
{ "type": "Feature", "properties": { "観測の種類": "GNSS", "name": "広川", "観測点名ローマ字": "HIROKAWA", "観測点コード": "960652", "緯度（度）": 34.0254, "経度（度）": 135.1677, "高さ（ｍ）": 9, "測器の深度（ｍ）": null, "維持管理機関名": "国土地理院", "維持管理機関名（英語）": "GSI", "観測開始年（西暦）": 1997, "同月": 4, "観測機器名または観測項目": "TRIMBLE Alloy" }, "geometry": { "type": "Point", "coordinates": [ 135.1677, 34.0254 ] } },
{ "type": "Feature", "properties": { "観測の種類": "GNSS", "name": "すさみ２", "観測点名ローマ字": "SUSAMI2", "観測点コード": "960653", "緯度（度）": 33.5544, "経度（度）": 135.4962, "高さ（ｍ）": 10, "測器の深度（ｍ）": null, "維持管理機関名": "国土地理院", "維持管理機関名（英語）": "GSI", "観測開始年（西暦）": 1997, "同月": 4, "観測機器名または観測項目": "TRIMBLE Alloy" }, "geometry": { "type": "Point", "coordinates": [ 135.4962, 33.5544 ] } },
{ "type": "Feature", "properties": { "観測の種類": "GNSS", "name": "八東", "観測点名ローマ字": "HATTOU", "観測点コード": "960655", "緯度（度）": 35.3614, "経度（度）": 134.3253, "高さ（ｍ）": 122, "測器の深度（ｍ）": null, "維持管理機関名": "国土地理院", "維持管理機関名（英語）": "GSI", "観測開始年（西暦）": 1997, "同月": 4, "観測機器名または観測項目": "TRIMBLE Alloy" }, "geometry": { "type": "Point", "coordinates": [ 134.3253, 35.3614 ] } },
{ "type": "Feature", "properties": { "観測の種類": "GNSS", "name": "美保関", "観測点名ローマ字": "MIHONOSEKI", "観測点コード": "960656", "緯度（度）": 35.5635, "経度（度）": 133.1379, "高さ（ｍ）": 9, "測器の深度（ｍ）": null, "維持管理機関名": "国土地理院", "維持管理機関名（英語）": "GSI", "観測開始年（西暦）": 1997, "同月": 4, "観測機器名または観測項目": "TOPCON NET-G5" }, "geometry": { "type": "Point", "coordinates": [ 133.1379, 35.5635 ] } },
{ "type": "Feature", "properties": { "観測の種類": "GNSS", "name": "石見", "観測点名ローマ字": "SHIMANEIWAMI", "観測点コード": "960657", "緯度（度）": 34.8927, "経度（度）": 132.4573, "高さ（ｍ）": 191, "測器の深度（ｍ）": null, "維持管理機関名": "国土地理院", "維持管理機関名（英語）": "GSI", "観測開始年（西暦）": 1997, "同月": 4, "観測機器名または観測項目": "TRIMBLE NetR9" }, "geometry": { "type": "Point", "coordinates": [ 132.4573, 34.8927 ] } },
{ "type": "Feature", "properties": { "観測の種類": "GNSS", "name": "匹見", "観測点名ローマ字": "HIKIMI", "観測点コード": "960658", "緯度（度）": 34.5711, "経度（度）": 132.0136, "高さ（ｍ）": 265, "測器の深度（ｍ）": null, "維持管理機関名": "国土地理院", "維持管理機関名（英語）": "GSI", "観測開始年（西暦）": 1997, "同月": 4, "観測機器名または観測項目": "TOPCON NET-G5" }, "geometry": { "type": "Point", "coordinates": [ 132.0136, 34.5711 ] } },
{ "type": "Feature", "properties": { "観測の種類": "GNSS", "name": "柿木", "観測点名ローマ字": "KAKINOKI", "観測点コード": "960659", "緯度（度）": 34.4397, "経度（度）": 131.8643, "高さ（ｍ）": 189, "測器の深度（ｍ）": null, "維持管理機関名": "国土地理院", "維持管理機関名（英語）": "GSI", "観測開始年（西暦）": 1997, "同月": 4, "観測機器名または観測項目": "TRIMBLE Alloy" }, "geometry": { "type": "Point", "coordinates": [ 131.8643, 34.4397 ] } },
{ "type": "Feature", "properties": { "観測の種類": "GNSS", "name": "岡山新庄", "観測点名ローマ字": "OKAYAMASHINJOU", "観測点コード": "960660", "緯度（度）": 35.1697, "経度（度）": 133.564, "高さ（ｍ）": 567, "測器の深度（ｍ）": null, "維持管理機関名": "国土地理院", "維持管理機関名（英語）": "GSI", "観測開始年（西暦）": 1997, "同月": 4, "観測機器名または観測項目": "TRIMBLE Alloy" }, "geometry": { "type": "Point", "coordinates": [ 133.564, 35.1697 ] } },
{ "type": "Feature", "properties": { "観測の種類": "GNSS", "name": "神郷", "観測点名ローマ字": "SHINGOU", "観測点コード": "960662", "緯度（度）": 34.9934, "経度（度）": 133.3963, "高さ（ｍ）": 257, "測器の深度（ｍ）": null, "維持管理機関名": "国土地理院", "維持管理機関名（英語）": "GSI", "観測開始年（西暦）": 1997, "同月": 4, "観測機器名または観測項目": "TRIMBLE Alloy" }, "geometry": { "type": "Point", "coordinates": [ 133.3963, 34.9934 ] } },
{ "type": "Feature", "properties": { "観測の種類": "GNSS", "name": "三次", "観測点名ローマ字": "HIROSHIMAMIYOSHI", "観測点コード": "960663", "緯度（度）": 34.8116, "経度（度）": 132.8516, "高さ（ｍ）": 164, "測器の深度（ｍ）": null, "維持管理機関名": "国土地理院", "維持管理機関名（英語）": "GSI", "観測開始年（西暦）": 1997, "同月": 4, "観測機器名または観測項目": "TOPCON NET-G5" }, "geometry": { "type": "Point", "coordinates": [ 132.8516, 34.8116 ] } },
{ "type": "Feature", "properties": { "観測の種類": "GNSS", "name": "豊松", "観測点名ローマ字": "TOYOMATSU", "観測点コード": "960664", "緯度（度）": 34.7778, "経度（度）": 133.3376, "高さ（ｍ）": 518, "測器の深度（ｍ）": null, "維持管理機関名": "国土地理院", "維持管理機関名（英語）": "GSI", "観測開始年（西暦）": 1997, "同月": 4, "観測機器名または観測項目": "TRIMBLE Alloy" }, "geometry": { "type": "Point", "coordinates": [ 133.3376, 34.7778 ] } },
{ "type": "Feature", "properties": { "観測の種類": "GNSS", "name": "広島佐伯", "観測点名ローマ字": "HIROSHIMASAIKI", "観測点コード": "960665", "緯度（度）": 34.3703, "経度（度）": 132.1947, "高さ（ｍ）": 369, "測器の深度（ｍ）": null, "維持管理機関名": "国土地理院", "維持管理機関名（英語）": "GSI", "観測開始年（西暦）": 1997, "同月": 4, "観測機器名または観測項目": "TRIMBLE Alloy" }, "geometry": { "type": "Point", "coordinates": [ 132.1947, 34.3703 ] } },
{ "type": "Feature", "properties": { "観測の種類": "GNSS", "name": "江田島", "観測点名ローマ字": "ETAJIMA", "観測点コード": "960666", "緯度（度）": 34.2609, "経度（度）": 132.4555, "高さ（ｍ）": 25, "測器の深度（ｍ）": null, "維持管理機関名": "国土地理院", "維持管理機関名（英語）": "GSI", "観測開始年（西暦）": 1997, "同月": 4, "観測機器名または観測項目": "TRIMBLE Alloy" }, "geometry": { "type": "Point", "coordinates": [ 132.4555, 34.2609 ] } },
{ "type": "Feature", "properties": { "観測の種類": "GNSS", "name": "木江", "観測点名ローマ字": "KINOE", "観測点コード": "960667", "緯度（度）": 34.2101, "経度（度）": 132.8844, "高さ（ｍ）": 13, "測器の深度（ｍ）": null, "維持管理機関名": "国土地理院", "維持管理機関名（英語）": "GSI", "観測開始年（西暦）": 1997, "同月": 4, "観測機器名または観測項目": "TRIMBLE Alloy" }, "geometry": { "type": "Point", "coordinates": [ 132.8844, 34.2101 ] } },
{ "type": "Feature", "properties": { "観測の種類": "GNSS", "name": "萩２", "観測点名ローマ字": "HAGI2", "観測点コード": "960668", "緯度（度）": 34.7643, "経度（度）": 131.1524, "高さ（ｍ）": 8, "測器の深度（ｍ）": null, "維持管理機関名": "国土地理院", "維持管理機関名（英語）": "GSI", "観測開始年（西暦）": 1997, "同月": 4, "観測機器名または観測項目": "TOPCON NET-G5" }, "geometry": { "type": "Point", "coordinates": [ 131.1524, 34.7643 ] } },
{ "type": "Feature", "properties": { "観測の種類": "GNSS", "name": "長門", "観測点名ローマ字": "NAGATO", "観測点コード": "960669", "緯度（度）": 34.3421, "経度（度）": 131.1762, "高さ（ｍ）": 44, "測器の深度（ｍ）": null, "維持管理機関名": "国土地理院", "維持管理機関名（英語）": "GSI", "観測開始年（西暦）": 1997, "同月": 4, "観測機器名または観測項目": "TRIMBLE NetR9" }, "geometry": { "type": "Point", "coordinates": [ 131.1762, 34.3421 ] } },
{ "type": "Feature", "properties": { "観測の種類": "GNSS", "name": "山口豊田", "観測点名ローマ字": "YAMAGUCHITOYOTA", "観測点コード": "960670", "緯度（度）": 34.1798, "経度（度）": 131.0657, "高さ（ｍ）": 38, "測器の深度（ｍ）": null, "維持管理機関名": "国土地理院", "維持管理機関名（英語）": "GSI", "観測開始年（西暦）": 1997, "同月": 4, "観測機器名または観測項目": "TOPCON NET-G5" }, "geometry": { "type": "Point", "coordinates": [ 131.0657, 34.1798 ] } },
{ "type": "Feature", "properties": { "観測の種類": "GNSS", "name": "東和", "観測点名ローマ字": "TOUWA", "観測点コード": "960672", "緯度（度）": 33.9099, "経度（度）": 132.3583, "高さ（ｍ）": 8, "測器の深度（ｍ）": null, "維持管理機関名": "国土地理院", "維持管理機関名（英語）": "GSI", "観測開始年（西暦）": 1997, "同月": 4, "観測機器名または観測項目": "TOPCON NET-G5" }, "geometry": { "type": "Point", "coordinates": [ 132.3583, 33.9099 ] } },
{ "type": "Feature", "properties": { "観測の種類": "GNSS", "name": "鳴門", "観測点名ローマ字": "NARUTO", "観測点コード": "960673", "緯度（度）": 34.1718, "経度（度）": 134.605, "高さ（ｍ）": 6, "測器の深度（ｍ）": null, "維持管理機関名": "国土地理院", "維持管理機関名（英語）": "GSI", "観測開始年（西暦）": 1997, "同月": 4, "観測機器名または観測項目": "TOPCON NET-G5" }, "geometry": { "type": "Point", "coordinates": [ 134.605, 34.1718 ] } },
{ "type": "Feature", "properties": { "観測の種類": "GNSS", "name": "三好", "観測点名ローマ字": "TOKUSHIMAMIYOSHI", "観測点コード": "960674", "緯度（度）": 34.0397, "経度（度）": 133.875, "高さ（ｍ）": 97, "測器の深度（ｍ）": null, "維持管理機関名": "国土地理院", "維持管理機関名（英語）": "GSI", "観測開始年（西暦）": 1997, "同月": 4, "観測機器名または観測項目": "TRIMBLE NetR9" }, "geometry": { "type": "Point", "coordinates": [ 133.875, 34.0397 ] } },
{ "type": "Feature", "properties": { "観測の種類": "GNSS", "name": "上那賀", "観測点名ローマ字": "KAMINAKA", "観測点コード": "960675", "緯度（度）": 33.7895, "経度（度）": 134.3015, "高さ（ｍ）": 295, "測器の深度（ｍ）": null, "維持管理機関名": "国土地理院", "維持管理機関名（英語）": "GSI", "観測開始年（西暦）": 1997, "同月": 4, "観測機器名または観測項目": "TRIMBLE Alloy" }, "geometry": { "type": "Point", "coordinates": [ 134.3015, 33.7895 ] } },
{ "type": "Feature", "properties": { "観測の種類": "GNSS", "name": "直島", "観測点名ローマ字": "NAOSHIMA", "観測点コード": "960676", "緯度（度）": 34.4455, "経度（度）": 133.9987, "高さ（ｍ）": 8, "測器の深度（ｍ）": null, "維持管理機関名": "国土地理院", "維持管理機関名（英語）": "GSI", "観測開始年（西暦）": 1997, "同月": 4, "観測機器名または観測項目": "TOPCON NET-G5" }, "geometry": { "type": "Point", "coordinates": [ 133.9987, 34.4455 ] } },
{ "type": "Feature", "properties": { "観測の種類": "GNSS", "name": "丸亀", "観測点名ローマ字": "MARUGAME", "観測点コード": "960677", "緯度（度）": 34.3834, "経度（度）": 133.7807, "高さ（ｍ）": 7, "測器の深度（ｍ）": null, "維持管理機関名": "国土地理院", "維持管理機関名（英語）": "GSI", "観測開始年（西暦）": 1997, "同月": 4, "観測機器名または観測項目": "TOPCON NET-G5" }, "geometry": { "type": "Point", "coordinates": [ 133.7807, 34.3834 ] } },
{ "type": "Feature", "properties": { "観測の種類": "GNSS", "name": "弓削", "観測点名ローマ字": "YUGE", "観測点コード": "960678", "緯度（度）": 34.2524, "経度（度）": 133.1891, "高さ（ｍ）": 23, "測器の深度（ｍ）": null, "維持管理機関名": "国土地理院", "維持管理機関名（英語）": "GSI", "観測開始年（西暦）": 1997, "同月": 4, "観測機器名または観測項目": "TRIMBLE Alloy" }, "geometry": { "type": "Point", "coordinates": [ 133.1891, 34.2524 ] } },
{ "type": "Feature", "properties": { "観測の種類": "GNSS", "name": "北条", "観測点名ローマ字": "HOUJOU", "観測点コード": "960679", "緯度（度）": 33.9595, "経度（度）": 132.7817, "高さ（ｍ）": 12, "測器の深度（ｍ）": null, "維持管理機関名": "国土地理院", "維持管理機関名（英語）": "GSI", "観測開始年（西暦）": 1997, "同月": 4, "観測機器名または観測項目": "TOPCON NET-G5" }, "geometry": { "type": "Point", "coordinates": [ 132.7817, 33.9595 ] } },
{ "type": "Feature", "properties": { "観測の種類": "GNSS", "name": "長浜", "観測点名ローマ字": "NAGAHAMA", "観測点コード": "960680", "緯度（度）": 33.6116, "経度（度）": 132.4873, "高さ（ｍ）": 164, "測器の深度（ｍ）": null, "維持管理機関名": "国土地理院", "維持管理機関名（英語）": "GSI", "観測開始年（西暦）": 1997, "同月": 4, "観測機器名または観測項目": "TOPCON NET-G5" }, "geometry": { "type": "Point", "coordinates": [ 132.4873, 33.6116 ] } },
{ "type": "Feature", "properties": { "観測の種類": "GNSS", "name": "宇和島", "観測点名ローマ字": "UWAJIMA", "観測点コード": "960681", "緯度（度）": 33.1776, "経度（度）": 132.5438, "高さ（ｍ）": 150, "測器の深度（ｍ）": null, "維持管理機関名": "国土地理院", "維持管理機関名（英語）": "GSI", "観測開始年（西暦）": 1997, "同月": 4, "観測機器名または観測項目": "TOPCON NET-G5" }, "geometry": { "type": "Point", "coordinates": [ 132.5438, 33.1776 ] } },
{ "type": "Feature", "properties": { "観測の種類": "GNSS", "name": "窪川", "観測点名ローマ字": "KUBOKAWA", "観測点コード": "960684", "緯度（度）": 33.2154, "経度（度）": 133.1286, "高さ（ｍ）": 228, "測器の深度（ｍ）": null, "維持管理機関名": "国土地理院", "維持管理機関名（英語）": "GSI", "観測開始年（西暦）": 1997, "同月": 4, "観測機器名または観測項目": "TOPCON NET-G5" }, "geometry": { "type": "Point", "coordinates": [ 133.1286, 33.2154 ] } },
{ "type": "Feature", "properties": { "観測の種類": "GNSS", "name": "直方", "観測点名ローマ字": "NOOGATA", "観測点コード": "960685", "緯度（度）": 33.7455, "経度（度）": 130.7495, "高さ（ｍ）": 27, "測器の深度（ｍ）": null, "維持管理機関名": "国土地理院", "維持管理機関名（英語）": "GSI", "観測開始年（西暦）": 1997, "同月": 4, "観測機器名または観測項目": "TRIMBLE Alloy" }, "geometry": { "type": "Point", "coordinates": [ 130.7495, 33.7455 ] } },
{ "type": "Feature", "properties": { "観測の種類": "GNSS", "name": "行橋", "観測点名ローマ字": "YUKUHASHI", "観測点コード": "960686", "緯度（度）": 33.6974, "経度（度）": 131.0165, "高さ（ｍ）": 23, "測器の深度（ｍ）": null, "維持管理機関名": "国土地理院", "維持管理機関名（英語）": "GSI", "観測開始年（西暦）": 1997, "同月": 4, "観測機器名または観測項目": "TRIMBLE Alloy" }, "geometry": { "type": "Point", "coordinates": [ 131.0165, 33.6974 ] } },
{ "type": "Feature", "properties": { "観測の種類": "GNSS", "name": "田川", "観測点名ローマ字": "TAGAWA", "観測点コード": "960687", "緯度（度）": 33.6405, "経度（度）": 130.8239, "高さ（ｍ）": 55, "測器の深度（ｍ）": null, "維持管理機関名": "国土地理院", "維持管理機関名（英語）": "GSI", "観測開始年（西暦）": 1997, "同月": 4, "観測機器名または観測項目": "TOPCON NET-G5" }, "geometry": { "type": "Point", "coordinates": [ 130.8239, 33.6405 ] } },
{ "type": "Feature", "properties": { "観測の種類": "GNSS", "name": "田主丸", "観測点名ローマ字": "TANUSHIMARU", "観測点コード": "960688", "緯度（度）": 33.3272, "経度（度）": 130.7012, "高さ（ｍ）": 53, "測器の深度（ｍ）": null, "維持管理機関名": "国土地理院", "維持管理機関名（英語）": "GSI", "観測開始年（西暦）": 1997, "同月": 4, "観測機器名または観測項目": "TRIMBLE NetR9" }, "geometry": { "type": "Point", "coordinates": [ 130.7012, 33.3272 ] } },
{ "type": "Feature", "properties": { "観測の種類": "GNSS", "name": "山内", "観測点名ローマ字": "YAMAUCHI", "観測点コード": "960689", "緯度（度）": 33.196, "経度（度）": 129.9401, "高さ（ｍ）": 107, "測器の深度（ｍ）": null, "維持管理機関名": "国土地理院", "維持管理機関名（英語）": "GSI", "観測開始年（西暦）": 1997, "同月": 4, "観測機器名または観測項目": "TRIMBLE NetR9" }, "geometry": { "type": "Point", "coordinates": [ 129.9401, 33.196 ] } },
{ "type": "Feature", "properties": { "観測の種類": "GNSS", "name": "吉井", "観測点名ローマ字": "YOSHII", "観測点コード": "960690", "緯度（度）": 33.2661, "経度（度）": 129.69, "高さ（ｍ）": 82, "測器の深度（ｍ）": null, "維持管理機関名": "国土地理院", "維持管理機関名（英語）": "GSI", "観測開始年（西暦）": 1997, "同月": 4, "観測機器名または観測項目": "TRIMBLE NetR9" }, "geometry": { "type": "Point", "coordinates": [ 129.69, 33.2661 ] } },
{ "type": "Feature", "properties": { "観測の種類": "GNSS", "name": "宇久", "観測点名ローマ字": "UKU", "観測点コード": "960691", "緯度（度）": 33.2558, "経度（度）": 129.1255, "高さ（ｍ）": 61, "測器の深度（ｍ）": null, "維持管理機関名": "国土地理院", "維持管理機関名（英語）": "GSI", "観測開始年（西暦）": 1997, "同月": 4, "観測機器名または観測項目": "TRIMBLE Alloy" }, "geometry": { "type": "Point", "coordinates": [ 129.1255, 33.2558 ] } },
{ "type": "Feature", "properties": { "観測の種類": "GNSS", "name": "若松", "観測点名ローマ字": "WAKAMATSU", "観測点コード": "960692", "緯度（度）": 32.8856, "経度（度）": 129.0263, "高さ（ｍ）": 29, "測器の深度（ｍ）": null, "維持管理機関名": "国土地理院", "維持管理機関名（英語）": "GSI", "観測開始年（西暦）": 1997, "同月": 4, "観測機器名または観測項目": "TOPCON NET-G5" }, "geometry": { "type": "Point", "coordinates": [ 129.0263, 32.8856 ] } },
{ "type": "Feature", "properties": { "観測の種類": "GNSS", "name": "愛野", "観測点名ローマ字": "AINO", "観測点コード": "960693", "緯度（度）": 32.7957, "経度（度）": 130.1664, "高さ（ｍ）": 112, "測器の深度（ｍ）": null, "維持管理機関名": "国土地理院", "維持管理機関名（英語）": "GSI", "観測開始年（西暦）": 1997, "同月": 4, "観測機器名または観測項目": "TOPCON NET-G5" }, "geometry": { "type": "Point", "coordinates": [ 130.1664, 32.7957 ] } },
{ "type": "Feature", "properties": { "観測の種類": "GNSS", "name": "島原", "観測点名ローマ字": "SHIMABARA", "観測点コード": "960694", "緯度（度）": 32.793, "経度（度）": 130.336, "高さ（ｍ）": 177, "測器の深度（ｍ）": null, "維持管理機関名": "国土地理院", "維持管理機関名（英語）": "GSI", "観測開始年（西暦）": 1997, "同月": 4, "観測機器名または観測項目": "TOPCON NET-G5" }, "geometry": { "type": "Point", "coordinates": [ 130.336, 32.793 ] } },
{ "type": "Feature", "properties": { "観測の種類": "GNSS", "name": "小浜", "観測点名ローマ字": "OBAMA", "観測点コード": "960695", "緯度（度）": 32.7123, "経度（度）": 130.2167, "高さ（ｍ）": 230, "測器の深度（ｍ）": null, "維持管理機関名": "国土地理院", "維持管理機関名（英語）": "GSI", "観測開始年（西暦）": 1997, "同月": 4, "観測機器名または観測項目": "TRIMBLE NetR9" }, "geometry": { "type": "Point", "coordinates": [ 130.2167, 32.7123 ] } },
{ "type": "Feature", "properties": { "観測の種類": "GNSS", "name": "深江", "観測点名ローマ字": "FUKAE", "観測点コード": "960696", "緯度（度）": 32.7226, "経度（度）": 130.3523, "高さ（ｍ）": 38, "測器の深度（ｍ）": null, "維持管理機関名": "国土地理院", "維持管理機関名（英語）": "GSI", "観測開始年（西暦）": 1997, "同月": 4, "観測機器名または観測項目": "TOPCON NET-G5" }, "geometry": { "type": "Point", "coordinates": [ 130.3523, 32.7226 ] } },
{ "type": "Feature", "properties": { "観測の種類": "GNSS", "name": "西有家", "観測点名ローマ字": "NISHIARIE", "観測点コード": "960697", "緯度（度）": 32.6607, "経度（度）": 130.2907, "高さ（ｍ）": 51, "測器の深度（ｍ）": null, "維持管理機関名": "国土地理院", "維持管理機関名（英語）": "GSI", "観測開始年（西暦）": 1997, "同月": 4, "観測機器名または観測項目": "TOPCON NET-G5" }, "geometry": { "type": "Point", "coordinates": [ 130.2907, 32.6607 ] } },
{ "type": "Feature", "properties": { "観測の種類": "GNSS", "name": "玉之浦", "観測点名ローマ字": "TAMANOURA", "観測点コード": "960698", "緯度（度）": 32.6343, "経度（度）": 128.6194, "高さ（ｍ）": 9, "測器の深度（ｍ）": null, "維持管理機関名": "国土地理院", "維持管理機関名（英語）": "GSI", "観測開始年（西暦）": 1997, "同月": 4, "観測機器名または観測項目": "TOPCON NET-G5" }, "geometry": { "type": "Point", "coordinates": [ 128.6194, 32.6343 ] } },
{ "type": "Feature", "properties": { "観測の種類": "GNSS", "name": "熊本小国", "観測点名ローマ字": "KUMAMOTOOGUNI", "観測点コード": "960699", "緯度（度）": 33.122, "経度（度）": 131.0629, "高さ（ｍ）": 437, "測器の深度（ｍ）": null, "維持管理機関名": "国土地理院", "維持管理機関名（英語）": "GSI", "観測開始年（西暦）": 1997, "同月": 4, "観測機器名または観測項目": "TRIMBLE Alloy" }, "geometry": { "type": "Point", "coordinates": [ 131.0629, 33.122 ] } },
{ "type": "Feature", "properties": { "観測の種類": "GNSS", "name": "鹿本", "観測点名ローマ字": "KAMOTO", "観測点コード": "960700", "緯度（度）": 33.0113, "経度（度）": 130.7486, "高さ（ｍ）": 83, "測器の深度（ｍ）": null, "維持管理機関名": "国土地理院", "維持管理機関名（英語）": "GSI", "観測開始年（西暦）": 1997, "同月": 4, "観測機器名または観測項目": "TOPCON NET-G5" }, "geometry": { "type": "Point", "coordinates": [ 130.7486, 33.0113 ] } },
{ "type": "Feature", "properties": { "観測の種類": "GNSS", "name": "長陽", "観測点名ローマ字": "CHOUYOU", "観測点コード": "960701", "緯度（度）": 32.8707, "経度（度）": 130.9962, "高さ（ｍ）": 418, "測器の深度（ｍ）": null, "維持管理機関名": "国土地理院", "維持管理機関名（英語）": "GSI", "観測開始年（西暦）": 1997, "同月": 4, "観測機器名または観測項目": "TOPCON NET-G5" }, "geometry": { "type": "Point", "coordinates": [ 130.9962, 32.8707 ] } },
{ "type": "Feature", "properties": { "観測の種類": "GNSS", "name": "泉", "観測点名ローマ字": "IZUMI", "観測点コード": "960702", "緯度（度）": 32.5767, "経度（度）": 130.7949, "高さ（ｍ）": 255, "測器の深度（ｍ）": null, "維持管理機関名": "国土地理院", "維持管理機関名（英語）": "GSI", "観測開始年（西暦）": 1997, "同月": 4, "観測機器名または観測項目": "TOPCON NET-G5" }, "geometry": { "type": "Point", "coordinates": [ 130.7949, 32.5767 ] } },
{ "type": "Feature", "properties": { "観測の種類": "GNSS", "name": "阿蘇", "観測点名ローマ字": "ASO", "観測点コード": "960703", "緯度（度）": 32.9507, "経度（度）": 131.0934, "高さ（ｍ）": 511, "測器の深度（ｍ）": null, "維持管理機関名": "国土地理院", "維持管理機関名（英語）": "GSI", "観測開始年（西暦）": 1997, "同月": 4, "観測機器名または観測項目": "TOPCON NET-G5" }, "geometry": { "type": "Point", "coordinates": [ 131.0934, 32.9507 ] } },
{ "type": "Feature", "properties": { "観測の種類": "GNSS", "name": "高森", "観測点名ローマ字": "TAKAMORI", "観測点コード": "960704", "緯度（度）": 32.845, "経度（度）": 131.1321, "高さ（ｍ）": 618, "測器の深度（ｍ）": null, "維持管理機関名": "国土地理院", "維持管理機関名（英語）": "GSI", "観測開始年（西暦）": 1997, "同月": 4, "観測機器名または観測項目": "TRIMBLE NetR9" }, "geometry": { "type": "Point", "coordinates": [ 131.1321, 32.845 ] } },
{ "type": "Feature", "properties": { "観測の種類": "GNSS", "name": "宇佐", "観測点名ローマ字": "USA", "観測点コード": "960705", "緯度（度）": 33.5371, "経度（度）": 131.3566, "高さ（ｍ）": 38, "測器の深度（ｍ）": null, "維持管理機関名": "国土地理院", "維持管理機関名（英語）": "GSI", "観測開始年（西暦）": 1997, "同月": 4, "観測機器名または観測項目": "TRIMBLE Alloy" }, "geometry": { "type": "Point", "coordinates": [ 131.3566, 33.5371 ] } },
{ "type": "Feature", "properties": { "観測の種類": "GNSS", "name": "日出", "観測点名ローマ字": "HIJI", "観測点コード": "960706", "緯度（度）": 33.3499, "経度（度）": 131.5884, "高さ（ｍ）": 8, "測器の深度（ｍ）": null, "維持管理機関名": "国土地理院", "維持管理機関名（英語）": "GSI", "観測開始年（西暦）": 1997, "同月": 4, "観測機器名または観測項目": "TOPCON NET-G5" }, "geometry": { "type": "Point", "coordinates": [ 131.5884, 33.3499 ] } },
{ "type": "Feature", "properties": { "観測の種類": "GNSS", "name": "玖珠", "観測点名ローマ字": "KUSU", "観測点コード": "960707", "緯度（度）": 33.2703, "経度（度）": 131.1211, "高さ（ｍ）": 348, "測器の深度（ｍ）": null, "維持管理機関名": "国土地理院", "維持管理機関名（英語）": "GSI", "観測開始年（西暦）": 1997, "同月": 4, "観測機器名または観測項目": "TRIMBLE Alloy" }, "geometry": { "type": "Point", "coordinates": [ 131.1211, 33.2703 ] } },
{ "type": "Feature", "properties": { "観測の種類": "GNSS", "name": "大分", "観測点名ローマ字": "OOITA", "観測点コード": "960709", "緯度（度）": 33.2284, "経度（度）": 131.5795, "高さ（ｍ）": 75, "測器の深度（ｍ）": null, "維持管理機関名": "国土地理院", "維持管理機関名（英語）": "GSI", "観測開始年（西暦）": 1997, "同月": 4, "観測機器名または観測項目": "TOPCON NET-G5" }, "geometry": { "type": "Point", "coordinates": [ 131.5795, 33.2284 ] } },
{ "type": "Feature", "properties": { "観測の種類": "GNSS", "name": "前津江", "観測点名ローマ字": "MAETSUE", "観測点コード": "960710", "緯度（度）": 33.1906, "経度（度）": 130.9157, "高さ（ｍ）": 845, "測器の深度（ｍ）": null, "維持管理機関名": "国土地理院", "維持管理機関名（英語）": "GSI", "観測開始年（西暦）": 1997, "同月": 4, "観測機器名または観測項目": "TRIMBLE Alloy" }, "geometry": { "type": "Point", "coordinates": [ 130.9157, 33.1906 ] } },
{ "type": "Feature", "properties": { "観測の種類": "GNSS", "name": "北方", "観測点名ローマ字": "KITAKATA", "観測点コード": "960711", "緯度（度）": 32.557, "経度（度）": 131.5307, "高さ（ｍ）": 94, "測器の深度（ｍ）": null, "維持管理機関名": "国土地理院", "維持管理機関名（英語）": "GSI", "観測開始年（西暦）": 1997, "同月": 4, "観測機器名または観測項目": "TOPCON NET-G5" }, "geometry": { "type": "Point", "coordinates": [ 131.5307, 32.557 ] } },
{ "type": "Feature", "properties": { "観測の種類": "GNSS", "name": "宮崎南郷", "観測点名ローマ字": "MIYAZAKINANGOU", "観測点コード": "960712", "緯度（度）": 32.3844, "経度（度）": 131.334, "高さ（ｍ）": 254, "測器の深度（ｍ）": null, "維持管理機関名": "国土地理院", "維持管理機関名（英語）": "GSI", "観測開始年（西暦）": 1997, "同月": 4, "観測機器名または観測項目": "TRIMBLE Alloy" }, "geometry": { "type": "Point", "coordinates": [ 131.334, 32.3844 ] } },
{ "type": "Feature", "properties": { "観測の種類": "GNSS", "name": "新富", "観測点名ローマ字": "SHINTOMI", "観測点コード": "960713", "緯度（度）": 32.0691, "経度（度）": 131.486, "高さ（ｍ）": 25, "測器の深度（ｍ）": null, "維持管理機関名": "国土地理院", "維持管理機関名（英語）": "GSI", "観測開始年（西暦）": 1997, "同月": 4, "観測機器名または観測項目": "TOPCON NET-G5" }, "geometry": { "type": "Point", "coordinates": [ 131.486, 32.0691 ] } },
{ "type": "Feature", "properties": { "観測の種類": "GNSS", "name": "えびの", "観測点名ローマ字": "EBINO", "観測点コード": "960714", "緯度（度）": 32.0477, "経度（度）": 130.8656, "高さ（ｍ）": 255, "測器の深度（ｍ）": null, "維持管理機関名": "国土地理院", "維持管理機関名（英語）": "GSI", "観測開始年（西暦）": 1997, "同月": 4, "観測機器名または観測項目": "TOPCON NET-G5" }, "geometry": { "type": "Point", "coordinates": [ 130.8656, 32.0477 ] } },
{ "type": "Feature", "properties": { "観測の種類": "GNSS", "name": "宮崎田野", "観測点名ローマ字": "MIYAZAKITANO", "観測点コード": "960715", "緯度（度）": 31.8421, "経度（度）": 131.3063, "高さ（ｍ）": 143, "測器の深度（ｍ）": null, "維持管理機関名": "国土地理院", "維持管理機関名（英語）": "GSI", "観測開始年（西暦）": 1997, "同月": 4, "観測機器名または観測項目": "TRIMBLE Alloy" }, "geometry": { "type": "Point", "coordinates": [ 131.3063, 31.8421 ] } },
{ "type": "Feature", "properties": { "観測の種類": "GNSS", "name": "串間２", "観測点名ローマ字": "KUSHIMA2", "観測点コード": "960716", "緯度（度）": 31.3991, "経度（度）": 131.3059, "高さ（ｍ）": 16, "測器の深度（ｍ）": null, "維持管理機関名": "国土地理院", "維持管理機関名（英語）": "GSI", "観測開始年（西暦）": 1997, "同月": 4, "観測機器名または観測項目": "TRIMBLE Alloy" }, "geometry": { "type": "Point", "coordinates": [ 131.3059, 31.3991 ] } },
{ "type": "Feature", "properties": { "観測の種類": "GNSS", "name": "東", "観測点名ローマ字": "AZUMA", "観測点コード": "960717", "緯度（度）": 32.1971, "経度（度）": 130.1797, "高さ（ｍ）": 90, "測器の深度（ｍ）": null, "維持管理機関名": "国土地理院", "維持管理機関名（英語）": "GSI", "観測開始年（西暦）": 1997, "同月": 4, "観測機器名または観測項目": "TOPCON NET-G5" }, "geometry": { "type": "Point", "coordinates": [ 130.1797, 32.1971 ] } },
{ "type": "Feature", "properties": { "観測の種類": "GNSS", "name": "宮之城", "観測点名ローマ字": "MIYANOJOU", "観測点コード": "960718", "緯度（度）": 31.9088, "経度（度）": 130.4397, "高さ（ｍ）": 61, "測器の深度（ｍ）": null, "維持管理機関名": "国土地理院", "維持管理機関名（英語）": "GSI", "観測開始年（西暦）": 1997, "同月": 4, "観測機器名または観測項目": "TRIMBLE NetR9" }, "geometry": { "type": "Point", "coordinates": [ 130.4397, 31.9088 ] } },
{ "type": "Feature", "properties": { "観測の種類": "GNSS", "name": "桜島", "観測点名ローマ字": "SAKURAJIMA", "観測点コード": "960719", "緯度（度）": 31.6241, "経度（度）": 130.6519, "高さ（ｍ）": 11, "測器の深度（ｍ）": null, "維持管理機関名": "国土地理院", "維持管理機関名（英語）": "GSI", "観測開始年（西暦）": 1997, "同月": 4, "観測機器名または観測項目": "TRIMBLE Alloy" }, "geometry": { "type": "Point", "coordinates": [ 130.6519, 31.6241 ] } },
{ "type": "Feature", "properties": { "観測の種類": "GNSS", "name": "鹿児島２", "観測点名ローマ字": "KAGOSHIMA2", "観測点コード": "960720", "緯度（度）": 31.5918, "経度（度）": 130.7085, "高さ（ｍ）": 35, "測器の深度（ｍ）": null, "維持管理機関名": "国土地理院", "維持管理機関名（英語）": "GSI", "観測開始年（西暦）": 1997, "同月": 4, "観測機器名または観測項目": "TOPCON NET-G5" }, "geometry": { "type": "Point", "coordinates": [ 130.7085, 31.5918 ] } },
{ "type": "Feature", "properties": { "観測の種類": "GNSS", "name": "鹿児島３", "観測点名ローマ字": "KAGOSHIMA3", "観測点コード": "960721", "緯度（度）": 31.5522, "経度（度）": 130.6374, "高さ（ｍ）": 49, "測器の深度（ｍ）": null, "維持管理機関名": "国土地理院", "維持管理機関名（英語）": "GSI", "観測開始年（西暦）": 1997, "同月": 4, "観測機器名または観測項目": "TRIMBLE NetR9" }, "geometry": { "type": "Point", "coordinates": [ 130.6374, 31.5522 ] } },
{ "type": "Feature", "properties": { "観測の種類": "GNSS", "name": "垂水", "観測点名ローマ字": "TARUMIZU", "観測点コード": "960722", "緯度（度）": 31.4962, "経度（度）": 130.6994, "高さ（ｍ）": 9, "測器の深度（ｍ）": null, "維持管理機関名": "国土地理院", "維持管理機関名（英語）": "GSI", "観測開始年（西暦）": 1997, "同月": 4, "観測機器名または観測項目": "TRIMBLE Alloy" }, "geometry": { "type": "Point", "coordinates": [ 130.6994, 31.4962 ] } },
{ "type": "Feature", "properties": { "観測の種類": "GNSS", "name": "鹿児島三島", "観測点名ローマ字": "KAGOSHIMAMISHIMA", "観測点コード": "960723", "緯度（度）": 30.7847, "経度（度）": 130.275, "高さ（ｍ）": 122, "測器の深度（ｍ）": null, "維持管理機関名": "国土地理院", "維持管理機関名（英語）": "GSI", "観測開始年（西暦）": 1997, "同月": 4, "観測機器名または観測項目": "TOPCON NET-G5" }, "geometry": { "type": "Point", "coordinates": [ 130.275, 30.7847 ] } },
{ "type": "Feature", "properties": { "観測の種類": "GNSS", "name": "西之表", "観測点名ローマ字": "NISHINOOMOTE", "観測点コード": "960724", "緯度（度）": 30.7533, "経度（度）": 131.0286, "高さ（ｍ）": 164, "測器の深度（ｍ）": null, "維持管理機関名": "国土地理院", "維持管理機関名（英語）": "GSI", "観測開始年（西暦）": 1997, "同月": 4, "観測機器名または観測項目": "TOPCON NET-G5" }, "geometry": { "type": "Point", "coordinates": [ 131.0286, 30.7533 ] } },
{ "type": "Feature", "properties": { "観測の種類": "GNSS", "name": "口永良部島", "観測点名ローマ字": "KUCHINOERABUJIMA", "観測点コード": "960725", "緯度（度）": 30.4614, "経度（度）": 130.1982, "高さ（ｍ）": 63, "測器の深度（ｍ）": null, "維持管理機関名": "国土地理院", "維持管理機関名（英語）": "GSI", "観測開始年（西暦）": 1997, "同月": 4, "観測機器名または観測項目": "TRIMBLE Alloy" }, "geometry": { "type": "Point", "coordinates": [ 130.1982, 30.4614 ] } },
{ "type": "Feature", "properties": { "観測の種類": "GNSS", "name": "南種子", "観測点名ローマ字": "MINAMITANE", "観測点コード": "960726", "緯度（度）": 30.3987, "経度（度）": 130.9032, "高さ（ｍ）": 187, "測器の深度（ｍ）": null, "維持管理機関名": "国土地理院", "維持管理機関名（英語）": "GSI", "観測開始年（西暦）": 1997, "同月": 4, "観測機器名または観測項目": "TOPCON NET-G5" }, "geometry": { "type": "Point", "coordinates": [ 130.9032, 30.3987 ] } },
{ "type": "Feature", "properties": { "観測の種類": "GNSS", "name": "上屋久２", "観測点名ローマ字": "KAMIYAKU2", "観測点コード": "960727", "緯度（度）": 30.3958, "経度（度）": 130.4244, "高さ（ｍ）": 9, "測器の深度（ｍ）": null, "維持管理機関名": "国土地理院", "維持管理機関名（英語）": "GSI", "観測開始年（西暦）": 1997, "同月": 4, "観測機器名または観測項目": "TOPCON NET-G5" }, "geometry": { "type": "Point", "coordinates": [ 130.4244, 30.3958 ] } },
{ "type": "Feature", "properties": { "観測の種類": "GNSS", "name": "屋久", "観測点名ローマ字": "YAKU", "観測点コード": "960728", "緯度（度）": 30.2364, "経度（度）": 130.5545, "高さ（ｍ）": 58, "測器の深度（ｍ）": null, "維持管理機関名": "国土地理院", "維持管理機関名（英語）": "GSI", "観測開始年（西暦）": 1997, "同月": 4, "観測機器名または観測項目": "TRIMBLE NetR9" }, "geometry": { "type": "Point", "coordinates": [ 130.5545, 30.2364 ] } },
{ "type": "Feature", "properties": { "観測の種類": "GNSS", "name": "十島", "観測点名ローマ字": "TOSHIMA", "観測点コード": "960729", "緯度（度）": 29.6153, "経度（度）": 129.7057, "高さ（ｍ）": 109, "測器の深度（ｍ）": null, "維持管理機関名": "国土地理院", "維持管理機関名（英語）": "GSI", "観測開始年（西暦）": 1997, "同月": 4, "観測機器名または観測項目": "TOPCON NET-G5" }, "geometry": { "type": "Point", "coordinates": [ 129.7057, 29.6153 ] } },
{ "type": "Feature", "properties": { "観測の種類": "GNSS", "name": "笠利", "観測点名ローマ字": "KASARI", "観測点コード": "960730", "緯度（度）": 28.4872, "経度（度）": 129.6936, "高さ（ｍ）": 12, "測器の深度（ｍ）": null, "維持管理機関名": "国土地理院", "維持管理機関名（英語）": "GSI", "観測開始年（西暦）": 1997, "同月": 4, "観測機器名または観測項目": "TOPCON NET-G5" }, "geometry": { "type": "Point", "coordinates": [ 129.6936, 28.4872 ] } },
{ "type": "Feature", "properties": { "観測の種類": "GNSS", "name": "喜界１", "観測点名ローマ字": "KIKAI1", "観測点コード": "960731", "緯度（度）": 28.3711, "経度（度）": 130.029, "高さ（ｍ）": 10, "測器の深度（ｍ）": null, "維持管理機関名": "国土地理院", "維持管理機関名（英語）": "GSI", "観測開始年（西暦）": 1997, "同月": 4, "観測機器名または観測項目": "TRIMBLE Alloy" }, "geometry": { "type": "Point", "coordinates": [ 130.029, 28.3711 ] } },
{ "type": "Feature", "properties": { "観測の種類": "GNSS", "name": "喜界２", "観測点名ローマ字": "KIKAI2", "観測点コード": "960732", "緯度（度）": 28.294, "経度（度）": 129.9217, "高さ（ｍ）": 13, "測器の深度（ｍ）": null, "維持管理機関名": "国土地理院", "維持管理機関名（英語）": "GSI", "観測開始年（西暦）": 1997, "同月": 4, "観測機器名または観測項目": "TOPCON NET-G5" }, "geometry": { "type": "Point", "coordinates": [ 129.9217, 28.294 ] } },
{ "type": "Feature", "properties": { "観測の種類": "GNSS", "name": "瀬戸内", "観測点名ローマ字": "SETOUCHI", "観測点コード": "960733", "緯度（度）": 28.1376, "経度（度）": 129.3204, "高さ（ｍ）": 7, "測器の深度（ｍ）": null, "維持管理機関名": "国土地理院", "維持管理機関名（英語）": "GSI", "観測開始年（西暦）": 1997, "同月": 4, "観測機器名または観測項目": "TOPCON NET-G5" }, "geometry": { "type": "Point", "coordinates": [ 129.3204, 28.1376 ] } },
{ "type": "Feature", "properties": { "観測の種類": "GNSS", "name": "和泊", "観測点名ローマ字": "WADOMARI", "観測点コード": "960735", "緯度（度）": 27.4012, "経度（度）": 128.6507, "高さ（ｍ）": 29, "測器の深度（ｍ）": null, "維持管理機関名": "国土地理院", "維持管理機関名（英語）": "GSI", "観測開始年（西暦）": 1997, "同月": 4, "観測機器名または観測項目": "TRIMBLE Alloy" }, "geometry": { "type": "Point", "coordinates": [ 128.6507, 27.4012 ] } },
{ "type": "Feature", "properties": { "観測の種類": "GNSS", "name": "伊是名", "観測点名ローマ字": "IZENA", "観測点コード": "960736", "緯度（度）": 26.9445, "経度（度）": 127.9451, "高さ（ｍ）": 43, "測器の深度（ｍ）": null, "維持管理機関名": "国土地理院", "維持管理機関名（英語）": "GSI", "観測開始年（西暦）": 1997, "同月": 4, "観測機器名または観測項目": "TOPCON NET-G5" }, "geometry": { "type": "Point", "coordinates": [ 127.9451, 26.9445 ] } },
{ "type": "Feature", "properties": { "観測の種類": "GNSS", "name": "国頭", "観測点名ローマ字": "KUNIGAMI", "観測点コード": "960737", "緯度（度）": 26.8593, "経度（度）": 128.2484, "高さ（ｍ）": 64, "測器の深度（ｍ）": null, "維持管理機関名": "国土地理院", "維持管理機関名（英語）": "GSI", "観測開始年（西暦）": 1997, "同月": 4, "観測機器名または観測項目": "TRIMBLE Alloy" }, "geometry": { "type": "Point", "coordinates": [ 128.2484, 26.8593 ] } },
{ "type": "Feature", "properties": { "観測の種類": "GNSS", "name": "大宜味", "観測点名ローマ字": "OOGIMI", "観測点コード": "960738", "緯度（度）": 26.7083, "経度（度）": 128.144, "高さ（ｍ）": 8, "測器の深度（ｍ）": null, "維持管理機関名": "国土地理院", "維持管理機関名（英語）": "GSI", "観測開始年（西暦）": 1997, "同月": 4, "観測機器名または観測項目": "TOPCON NET-G5" }, "geometry": { "type": "Point", "coordinates": [ 128.144, 26.7083 ] } },
{ "type": "Feature", "properties": { "観測の種類": "GNSS", "name": "粟国", "観測点名ローマ字": "AGUNI", "観測点コード": "960739", "緯度（度）": 26.5829, "経度（度）": 127.2316, "高さ（ｍ）": 27, "測器の深度（ｍ）": null, "維持管理機関名": "国土地理院", "維持管理機関名（英語）": "GSI", "観測開始年（西暦）": 1997, "同月": 4, "観測機器名または観測項目": "TRIMBLE Alloy" }, "geometry": { "type": "Point", "coordinates": [ 127.2316, 26.5829 ] } },
{ "type": "Feature", "properties": { "観測の種類": "GNSS", "name": "宜野座", "観測点名ローマ字": "GINOZA", "観測点コード": "960740", "緯度（度）": 26.4827, "経度（度）": 127.9724, "高さ（ｍ）": 40, "測器の深度（ｍ）": null, "維持管理機関名": "国土地理院", "維持管理機関名（英語）": "GSI", "観測開始年（西暦）": 1997, "同月": 4, "観測機器名または観測項目": "TOPCON NET-G5" }, "geometry": { "type": "Point", "coordinates": [ 127.9724, 26.4827 ] } },
{ "type": "Feature", "properties": { "観測の種類": "GNSS", "name": "沖縄石川", "観測点名ローマ字": "OKINAWAISHIKAWA", "観測点コード": "960741", "緯度（度）": 26.4469, "経度（度）": 127.8327, "高さ（ｍ）": 112, "測器の深度（ｍ）": null, "維持管理機関名": "国土地理院", "維持管理機関名（英語）": "GSI", "観測開始年（西暦）": 1997, "同月": 4, "観測機器名または観測項目": "TRIMBLE Alloy" }, "geometry": { "type": "Point", "coordinates": [ 127.8327, 26.4469 ] } },
{ "type": "Feature", "properties": { "観測の種類": "GNSS", "name": "渡名喜", "観測点名ローマ字": "TONAKI", "観測点コード": "960742", "緯度（度）": 26.3729, "経度（度）": 127.1436, "高さ（ｍ）": 11, "測器の深度（ｍ）": null, "維持管理機関名": "国土地理院", "維持管理機関名（英語）": "GSI", "観測開始年（西暦）": 1997, "同月": 4, "観測機器名または観測項目": "TRIMBLE Alloy" }, "geometry": { "type": "Point", "coordinates": [ 127.1436, 26.3729 ] } },
{ "type": "Feature", "properties": { "観測の種類": "GNSS", "name": "具志川", "観測点名ローマ字": "GUSHIKAWA", "観測点コード": "960743", "緯度（度）": 26.3478, "経度（度）": 126.7391, "高さ（ｍ）": 12, "測器の深度（ｍ）": null, "維持管理機関名": "国土地理院", "維持管理機関名（英語）": "GSI", "観測開始年（西暦）": 1997, "同月": 4, "観測機器名または観測項目": "TRIMBLE Alloy" }, "geometry": { "type": "Point", "coordinates": [ 126.7391, 26.3478 ] } },
{ "type": "Feature", "properties": { "観測の種類": "GNSS", "name": "渡嘉敷", "観測点名ローマ字": "TOKASHIKI", "観測点コード": "960744", "緯度（度）": 26.1788, "経度（度）": 127.3452, "高さ（ｍ）": 118, "測器の深度（ｍ）": null, "維持管理機関名": "国土地理院", "維持管理機関名（英語）": "GSI", "観測開始年（西暦）": 1997, "同月": 4, "観測機器名または観測項目": "TOPCON NET-G5" }, "geometry": { "type": "Point", "coordinates": [ 127.3452, 26.1788 ] } },
{ "type": "Feature", "properties": { "観測の種類": "GNSS", "name": "知念", "観測点名ローマ字": "CHINEN", "観測点コード": "960745", "緯度（度）": 26.1686, "経度（度）": 127.8262, "高さ（ｍ）": 66, "測器の深度（ｍ）": null, "維持管理機関名": "国土地理院", "維持管理機関名（英語）": "GSI", "観測開始年（西暦）": 1997, "同月": 4, "観測機器名または観測項目": "TRIMBLE Alloy" }, "geometry": { "type": "Point", "coordinates": [ 127.8262, 26.1686 ] } },
{ "type": "Feature", "properties": { "観測の種類": "GNSS", "name": "北大東", "観測点名ローマ字": "KITADAITOU", "観測点コード": "960746", "緯度（度）": 25.9537, "経度（度）": 131.2907, "高さ（ｍ）": 36, "測器の深度（ｍ）": null, "維持管理機関名": "国土地理院", "維持管理機関名（英語）": "GSI", "観測開始年（西暦）": 1997, "同月": 4, "観測機器名または観測項目": "TOPCON NET-G5" }, "geometry": { "type": "Point", "coordinates": [ 131.2907, 25.9537 ] } },
{ "type": "Feature", "properties": { "観測の種類": "GNSS", "name": "伊良部", "観測点名ローマ字": "IRABU", "観測点コード": "960747", "緯度（度）": 24.828, "経度（度）": 125.171, "高さ（ｍ）": 17, "測器の深度（ｍ）": null, "維持管理機関名": "国土地理院", "維持管理機関名（英語）": "GSI", "観測開始年（西暦）": 1997, "同月": 4, "観測機器名または観測項目": "TRIMBLE Alloy" }, "geometry": { "type": "Point", "coordinates": [ 125.171, 24.828 ] } },
{ "type": "Feature", "properties": { "観測の種類": "GNSS", "name": "多良間", "観測点名ローマ字": "TARAMA", "観測点コード": "960748", "緯度（度）": 24.6416, "経度（度）": 124.6924, "高さ（ｍ）": 13, "測器の深度（ｍ）": null, "維持管理機関名": "国土地理院", "維持管理機関名（英語）": "GSI", "観測開始年（西暦）": 1997, "同月": 4, "観測機器名または観測項目": "TRIMBLE Alloy" }, "geometry": { "type": "Point", "coordinates": [ 124.6924, 24.6416 ] } },
{ "type": "Feature", "properties": { "観測の種類": "GNSS", "name": "石垣１", "観測点名ローマ字": "ISHIGAKI1", "観測点コード": "960749", "緯度（度）": 24.5366, "経度（度）": 124.3013, "高さ（ｍ）": 15, "測器の深度（ｍ）": null, "維持管理機関名": "国土地理院", "維持管理機関名（英語）": "GSI", "観測開始年（西暦）": 1997, "同月": 4, "観測機器名または観測項目": "TOPCON NET-G5" }, "geometry": { "type": "Point", "coordinates": [ 124.3013, 24.5366 ] } },
{ "type": "Feature", "properties": { "観測の種類": "GNSS", "name": "石垣２", "観測点名ローマ字": "ISHIGAKI2", "観測点コード": "960750", "緯度（度）": 24.3389, "経度（度）": 124.1726, "高さ（ｍ）": 20, "測器の深度（ｍ）": null, "維持管理機関名": "国土地理院", "維持管理機関名（英語）": "GSI", "観測開始年（西暦）": 1997, "同月": 4, "観測機器名または観測項目": "TOPCON NET-G5" }, "geometry": { "type": "Point", "coordinates": [ 124.1726, 24.3389 ] } },
{ "type": "Feature", "properties": { "観測の種類": "GNSS", "name": "波照間島", "観測点名ローマ字": "HATERUMAJIMA", "観測点コード": "960751", "緯度（度）": 24.0615, "経度（度）": 123.7958, "高さ（ｍ）": 39, "測器の深度（ｍ）": null, "維持管理機関名": "国土地理院", "維持管理機関名（英語）": "GSI", "観測開始年（西暦）": 1997, "同月": 4, "観測機器名または観測項目": "TOPCON NET-G5" }, "geometry": { "type": "Point", "coordinates": [ 123.7958, 24.0615 ] } },
{ "type": "Feature", "properties": { "観測の種類": "GNSS", "name": "赤城", "観測点名ローマ字": "AKAGI", "観測点コード": "960752", "緯度（度）": 36.5393, "経度（度）": 139.0567, "高さ（ｍ）": 471, "測器の深度（ｍ）": null, "維持管理機関名": "国土地理院", "維持管理機関名（英語）": "GSI", "観測開始年（西暦）": 1997, "同月": 4, "観測機器名または観測項目": "TRIMBLE Alloy" }, "geometry": { "type": "Point", "coordinates": [ 139.0567, 36.5393 ] } },
{ "type": "Feature", "properties": { "観測の種類": "GNSS", "name": "都幾川", "観測点名ローマ字": "TOKIGAWA", "観測点コード": "960753", "緯度（度）": 36.0037, "経度（度）": 139.2693, "高さ（ｍ）": 108, "測器の深度（ｍ）": null, "維持管理機関名": "国土地理院", "維持管理機関名（英語）": "GSI", "観測開始年（西暦）": 1997, "同月": 4, "観測機器名または観測項目": "TRIMBLE Alloy" }, "geometry": { "type": "Point", "coordinates": [ 139.2693, 36.0037 ] } },
{ "type": "Feature", "properties": { "観測の種類": "GNSS", "name": "名栗", "観測点名ローマ字": "NAGURI", "観測点コード": "960754", "緯度（度）": 35.884, "経度（度）": 139.1822, "高さ（ｍ）": 247, "測器の深度（ｍ）": null, "維持管理機関名": "国土地理院", "維持管理機関名（英語）": "GSI", "観測開始年（西暦）": 1997, "同月": 4, "観測機器名または観測項目": "TRIMBLE Alloy" }, "geometry": { "type": "Point", "coordinates": [ 139.1822, 35.884 ] } },
{ "type": "Feature", "properties": { "観測の種類": "GNSS", "name": "入間", "観測点名ローマ字": "IRUMA", "観測点コード": "960755", "緯度（度）": 35.8008, "経度（度）": 139.366, "高さ（ｍ）": 143, "測器の深度（ｍ）": null, "維持管理機関名": "国土地理院", "維持管理機関名（英語）": "GSI", "観測開始年（西暦）": 1997, "同月": 4, "観測機器名または観測項目": "TOPCON NET-G5" }, "geometry": { "type": "Point", "coordinates": [ 139.366, 35.8008 ] } },
{ "type": "Feature", "properties": { "観測の種類": "GNSS", "name": "八王子", "観測点名ローマ字": "HACHIOUJI", "観測点コード": "960758", "緯度（度）": 35.6164, "経度（度）": 139.3699, "高さ（ｍ）": 148, "測器の深度（ｍ）": null, "維持管理機関名": "国土地理院", "維持管理機関名（英語）": "GSI", "観測開始年（西暦）": 1997, "同月": 4, "観測機器名または観測項目": "TOPCON NET-G5" }, "geometry": { "type": "Point", "coordinates": [ 139.3699, 35.6164 ] } },
{ "type": "Feature", "properties": { "観測の種類": "GNSS", "name": "三浦２", "観測点名ローマ字": "MIURA2", "観測点コード": "960759", "緯度（度）": 35.1609, "経度（度）": 139.6138, "高さ（ｍ）": 32, "測器の深度（ｍ）": null, "維持管理機関名": "国土地理院", "維持管理機関名（英語）": "GSI", "観測開始年（西暦）": 1997, "同月": 4, "観測機器名または観測項目": "TOPCON NET-G5" }, "geometry": { "type": "Point", "coordinates": [ 139.6138, 35.1609 ] } },
{ "type": "Feature", "properties": { "観測の種類": "GNSS", "name": "宇治", "観測点名ローマ字": "UJI", "観測点コード": "960760", "緯度（度）": 34.882, "経度（度）": 135.7898, "高さ（ｍ）": 62, "測器の深度（ｍ）": null, "維持管理機関名": "国土地理院", "維持管理機関名（英語）": "GSI", "観測開始年（西暦）": 1997, "同月": 4, "観測機器名または観測項目": "TRIMBLE Alloy" }, "geometry": { "type": "Point", "coordinates": [ 135.7898, 34.882 ] } },
{ "type": "Feature", "properties": { "観測の種類": "GNSS", "name": "八尾", "観測点名ローマ字": "YAO", "観測点コード": "960761", "緯度（度）": 34.6211, "経度（度）": 135.6188, "高さ（ｍ）": 16, "測器の深度（ｍ）": null, "維持管理機関名": "国土地理院", "維持管理機関名（英語）": "GSI", "観測開始年（西暦）": 1997, "同月": 4, "観測機器名または観測項目": "TRIMBLE Alloy" }, "geometry": { "type": "Point", "coordinates": [ 135.6188, 34.6211 ] } },
{ "type": "Feature", "properties": { "観測の種類": "GNSS", "name": "姫路", "観測点名ローマ字": "HIMEJI", "観測点コード": "960762", "緯度（度）": 34.8641, "経度（度）": 134.6597, "高さ（ｍ）": 32, "測器の深度（ｍ）": null, "維持管理機関名": "国土地理院", "維持管理機関名（英語）": "GSI", "観測開始年（西暦）": 1997, "同月": 4, "観測機器名または観測項目": "TOPCON NET-G5" }, "geometry": { "type": "Point", "coordinates": [ 134.6597, 34.8641 ] } },
{ "type": "Feature", "properties": { "観測の種類": "GNSS", "name": "生駒", "観測点名ローマ字": "IKOMA", "観測点コード": "960763", "緯度（度）": 34.6983, "経度（度）": 135.706, "高さ（ｍ）": 160, "測器の深度（ｍ）": null, "維持管理機関名": "国土地理院", "維持管理機関名（英語）": "GSI", "観測開始年（西暦）": 1997, "同月": 4, "観測機器名または観測項目": "TOPCON NET-G5" }, "geometry": { "type": "Point", "coordinates": [ 135.706, 34.6983 ] } },
{ "type": "Feature", "properties": { "観測の種類": "GNSS", "name": "天理", "観測点名ローマ字": "TENRI", "観測点コード": "960764", "緯度（度）": 34.574, "経度（度）": 135.8199, "高さ（ｍ）": 57, "測器の深度（ｍ）": null, "維持管理機関名": "国土地理院", "維持管理機関名（英語）": "GSI", "観測開始年（西暦）": 1997, "同月": 4, "観測機器名または観測項目": "TOPCON NET-G5" }, "geometry": { "type": "Point", "coordinates": [ 135.8199, 34.574 ] } },
{ "type": "Feature", "properties": { "観測の種類": "GNSS", "name": "和気", "観測点名ローマ字": "WAKE", "観測点コード": "960765", "緯度（度）": 34.8096, "経度（度）": 134.1758, "高さ（ｍ）": 35, "測器の深度（ｍ）": null, "維持管理機関名": "国土地理院", "維持管理機関名（英語）": "GSI", "観測開始年（西暦）": 1997, "同月": 4, "観測機器名または観測項目": "TRIMBLE Alloy" }, "geometry": { "type": "Point", "coordinates": [ 134.1758, 34.8096 ] } },
{ "type": "Feature", "properties": { "観測の種類": "GNSS", "name": "倉敷２", "観測点名ローマ字": "KURASHIKI2", "観測点コード": "960766", "緯度（度）": 34.5791, "経度（度）": 133.757, "高さ（ｍ）": 8, "測器の深度（ｍ）": null, "維持管理機関名": "国土地理院", "維持管理機関名（英語）": "GSI", "観測開始年（西暦）": 1997, "同月": 4, "観測機器名または観測項目": "TOPCON NET-G5" }, "geometry": { "type": "Point", "coordinates": [ 133.757, 34.5791 ] } },
{ "type": "Feature", "properties": { "観測の種類": "GNSS", "name": "広島福山", "観測点名ローマ字": "HIROSIMAFUKUYAMA", "観測点コード": "960767", "緯度（度）": 34.4504, "経度（度）": 133.2881, "高さ（ｍ）": 137, "測器の深度（ｍ）": null, "維持管理機関名": "国土地理院", "維持管理機関名（英語）": "GSI", "観測開始年（西暦）": 1997, "同月": 4, "観測機器名または観測項目": "TOPCON NET-G5" }, "geometry": { "type": "Point", "coordinates": [ 133.2881, 34.4504 ] } },
{ "type": "Feature", "properties": { "観測の種類": "GNSS", "name": "安芸津", "観測点名ローマ字": "AKITSU", "観測点コード": "960768", "緯度（度）": 34.3349, "経度（度）": 132.8202, "高さ（ｍ）": 150, "測器の深度（ｍ）": null, "維持管理機関名": "国土地理院", "維持管理機関名（英語）": "GSI", "観測開始年（西暦）": 1997, "同月": 4, "観測機器名または観測項目": "TOPCON NET-G5" }, "geometry": { "type": "Point", "coordinates": [ 132.8202, 34.3349 ] } },
{ "type": "Feature", "properties": { "観測の種類": "GNSS", "name": "和木", "観測点名ローマ字": "WAKI", "観測点コード": "960769", "緯度（度）": 34.1912, "経度（度）": 132.2191, "高さ（ｍ）": 142, "測器の深度（ｍ）": null, "維持管理機関名": "国土地理院", "維持管理機関名（英語）": "GSI", "観測開始年（西暦）": 1997, "同月": 4, "観測機器名または観測項目": "TOPCON NET-G5" }, "geometry": { "type": "Point", "coordinates": [ 132.2191, 34.1912 ] } },
{ "type": "Feature", "properties": { "観測の種類": "GNSS", "name": "北波多", "観測点名ローマ字": "KITAHATA", "観測点コード": "960770", "緯度（度）": 33.3722, "経度（度）": 129.9549, "高さ（ｍ）": 17, "測器の深度（ｍ）": null, "維持管理機関名": "国土地理院", "維持管理機関名（英語）": "GSI", "観測開始年（西暦）": 1997, "同月": 4, "観測機器名または観測項目": "TOPCON NET-G5" }, "geometry": { "type": "Point", "coordinates": [ 129.9549, 33.3722 ] } },
{ "type": "Feature", "properties": { "観測の種類": "GNSS", "name": "中原", "観測点名ローマ字": "NAKABARU", "観測点コード": "960771", "緯度（度）": 33.3465, "経度（度）": 130.4445, "高さ（ｍ）": 29, "測器の深度（ｍ）": null, "維持管理機関名": "国土地理院", "維持管理機関名（英語）": "GSI", "観測開始年（西暦）": 1997, "同月": 4, "観測機器名または観測項目": "TRIMBLE Alloy" }, "geometry": { "type": "Point", "coordinates": [ 130.4445, 33.3465 ] } },
{ "type": "Feature", "properties": { "観測の種類": "GNSS", "name": "大村", "観測点名ローマ字": "OOMURA", "観測点コード": "960772", "緯度（度）": 32.9456, "経度（度）": 129.9897, "高さ（ｍ）": 330, "測器の深度（ｍ）": null, "維持管理機関名": "国土地理院", "維持管理機関名（英語）": "GSI", "観測開始年（西暦）": 1997, "同月": 4, "観測機器名または観測項目": "TRIMBLE Alloy" }, "geometry": { "type": "Point", "coordinates": [ 129.9897, 32.9456 ] } },
{ "type": "Feature", "properties": { "観測の種類": "GNSS", "name": "大矢野", "観測点名ローマ字": "OOYANO", "観測点コード": "960773", "緯度（度）": 32.5817, "経度（度）": 130.4304, "高さ（ｍ）": 18, "測器の深度（ｍ）": null, "維持管理機関名": "国土地理院", "維持管理機関名（英語）": "GSI", "観測開始年（西暦）": 1997, "同月": 4, "観測機器名または観測項目": "TRIMBLE NetR9" }, "geometry": { "type": "Point", "coordinates": [ 130.4304, 32.5817 ] } },
{ "type": "Feature", "properties": { "観測の種類": "GNSS", "name": "苓北", "観測点名ローマ字": "REIHOKU", "観測点コード": "960774", "緯度（度）": 32.5245, "経度（度）": 130.0852, "高さ（ｍ）": 28, "測器の深度（ｍ）": null, "維持管理機関名": "国土地理院", "維持管理機関名（英語）": "GSI", "観測開始年（西暦）": 1997, "同月": 4, "観測機器名または観測項目": "TRIMBLE Alloy" }, "geometry": { "type": "Point", "coordinates": [ 130.0852, 32.5245 ] } },
{ "type": "Feature", "properties": { "観測の種類": "GNSS", "name": "栖本", "観測点名ローマ字": "SUMOTO", "観測点コード": "960775", "緯度（度）": 32.4263, "経度（度）": 130.3236, "高さ（ｍ）": 589, "測器の深度（ｍ）": null, "維持管理機関名": "国土地理院", "維持管理機関名（英語）": "GSI", "観測開始年（西暦）": 1997, "同月": 4, "観測機器名または観測項目": "TRIMBLE Alloy" }, "geometry": { "type": "Point", "coordinates": [ 130.3236, 32.4263 ] } },
{ "type": "Feature", "properties": { "観測の種類": "GNSS", "name": "鹿児島郡山", "観測点名ローマ字": "KAGOSIMAKORIYAMA", "観測点コード": "960776", "緯度（度）": 31.6751, "経度（度）": 130.4694, "高さ（ｍ）": 173, "測器の深度（ｍ）": null, "維持管理機関名": "国土地理院", "維持管理機関名（英語）": "GSI", "観測開始年（西暦）": 1997, "同月": 4, "観測機器名または観測項目": "TRIMBLE Alloy" }, "geometry": { "type": "Point", "coordinates": [ 130.4694, 31.6751 ] } },
{ "type": "Feature", "properties": { "観測の種類": "GNSS", "name": "笠沙", "観測点名ローマ字": "KASASA", "観測点コード": "960777", "緯度（度）": 31.4159, "経度（度）": 130.1358, "高さ（ｍ）": 10, "測器の深度（ｍ）": null, "維持管理機関名": "国土地理院", "維持管理機関名（英語）": "GSI", "観測開始年（西暦）": 1997, "同月": 4, "観測機器名または観測項目": "TRIMBLE Alloy" }, "geometry": { "type": "Point", "coordinates": [ 130.1358, 31.4159 ] } },
{ "type": "Feature", "properties": { "観測の種類": "GNSS", "name": "Ｓ富士宮１", "観測点名ローマ字": "S-FUJINOMIYA1", "観測点コード": "96S006", "緯度（度）": 35.2707, "経度（度）": 138.6277, "高さ（ｍ）": 327, "測器の深度（ｍ）": null, "維持管理機関名": "国土地理院", "維持管理機関名（英語）": "GSI", "観測開始年（西暦）": 1997, "同月": 4, "観測機器名または観測項目": "TRIMBLE Alloy" }, "geometry": { "type": "Point", "coordinates": [ 138.6277, 35.2707 ] } },
{ "type": "Feature", "properties": { "観測の種類": "GNSS", "name": "Ｓ富士宮２", "観測点名ローマ字": "S-FUJINOMIYA2", "観測点コード": "96S007", "緯度（度）": 35.3197, "経度（度）": 138.5886, "高さ（ｍ）": 523, "測器の深度（ｍ）": null, "維持管理機関名": "国土地理院", "維持管理機関名（英語）": "GSI", "観測開始年（西暦）": 1997, "同月": 4, "観測機器名または観測項目": "TRIMBLE Alloy" }, "geometry": { "type": "Point", "coordinates": [ 138.5886, 35.3197 ] } },
{ "type": "Feature", "properties": { "観測の種類": "GNSS", "name": "稚内２", "観測点名ローマ字": "WAKKANAI2", "観測点コード": "970778", "緯度（度）": 45.2198, "経度（度）": 141.5982, "高さ（ｍ）": 20, "測器の深度（ｍ）": null, "維持管理機関名": "国土地理院", "維持管理機関名（英語）": "GSI", "観測開始年（西暦）": 1998, "同月": 4, "観測機器名または観測項目": "TRIMBLE NetR9" }, "geometry": { "type": "Point", "coordinates": [ 141.5982, 45.2198 ] } },
{ "type": "Feature", "properties": { "観測の種類": "GNSS", "name": "浜頓別", "観測点名ローマ字": "HAMATONBETSU", "観測点コード": "970779", "緯度（度）": 45.1268, "経度（度）": 142.3518, "高さ（ｍ）": 18, "測器の深度（ｍ）": null, "維持管理機関名": "国土地理院", "維持管理機関名（英語）": "GSI", "観測開始年（西暦）": 1998, "同月": 4, "観測機器名または観測項目": "TOPCON NET-G5" }, "geometry": { "type": "Point", "coordinates": [ 142.3518, 45.1268 ] } },
{ "type": "Feature", "properties": { "観測の種類": "GNSS", "name": "枝幸２", "観測点名ローマ字": "ESASHI2", "観測点コード": "970780", "緯度（度）": 44.7802, "経度（度）": 142.7179, "高さ（ｍ）": 16, "測器の深度（ｍ）": null, "維持管理機関名": "国土地理院", "維持管理機関名（英語）": "GSI", "観測開始年（西暦）": 1998, "同月": 4, "観測機器名または観測項目": "TOPCON NET-G5" }, "geometry": { "type": "Point", "coordinates": [ 142.7179, 44.7802 ] } },
{ "type": "Feature", "properties": { "観測の種類": "GNSS", "name": "遠別", "観測点名ローマ字": "ENBETSU", "観測点コード": "970781", "緯度（度）": 44.6399, "経度（度）": 141.7939, "高さ（ｍ）": 8, "測器の深度（ｍ）": null, "維持管理機関名": "国土地理院", "維持管理機関名（英語）": "GSI", "観測開始年（西暦）": 1998, "同月": 4, "観測機器名または観測項目": "TRIMBLE Alloy" }, "geometry": { "type": "Point", "coordinates": [ 141.7939, 44.6399 ] } },
{ "type": "Feature", "properties": { "観測の種類": "GNSS", "name": "幌加内２", "観測点名ローマ字": "HOROKANAI2", "観測点コード": "970782", "緯度（度）": 44.3651, "経度（度）": 142.2645, "高さ（ｍ）": 292, "測器の深度（ｍ）": null, "維持管理機関名": "国土地理院", "維持管理機関名（英語）": "GSI", "観測開始年（西暦）": 1998, "同月": 4, "観測機器名または観測項目": "TOPCON NET-G5" }, "geometry": { "type": "Point", "coordinates": [ 142.2645, 44.3651 ] } },
{ "type": "Feature", "properties": { "観測の種類": "GNSS", "name": "小平", "観測点名ローマ字": "OBIRA", "観測点コード": "970783", "緯度（度）": 44.1488, "経度（度）": 141.6646, "高さ（ｍ）": 51, "測器の深度（ｍ）": null, "維持管理機関名": "国土地理院", "維持管理機関名（英語）": "GSI", "観測開始年（西暦）": 1998, "同月": 4, "観測機器名または観測項目": "TOPCON NET-G5" }, "geometry": { "type": "Point", "coordinates": [ 141.6646, 44.1488 ] } },
{ "type": "Feature", "properties": { "観測の種類": "GNSS", "name": "北海道清里", "観測点名ローマ字": "HOKKAIKIYOSATO", "観測点コード": "970784", "緯度（度）": 43.7228, "経度（度）": 144.5064, "高さ（ｍ）": 132, "測器の深度（ｍ）": null, "維持管理機関名": "国土地理院", "維持管理機関名（英語）": "GSI", "観測開始年（西暦）": 1998, "同月": 4, "観測機器名または観測項目": "TOPCON NET-G5" }, "geometry": { "type": "Point", "coordinates": [ 144.5064, 43.7228 ] } },
{ "type": "Feature", "properties": { "観測の種類": "GNSS", "name": "浜益", "観測点名ローマ字": "HAMAMASU", "観測点コード": "970785", "緯度（度）": 43.6243, "経度（度）": 141.3706, "高さ（ｍ）": 21, "測器の深度（ｍ）": null, "維持管理機関名": "国土地理院", "維持管理機関名（英語）": "GSI", "観測開始年（西暦）": 1998, "同月": 4, "観測機器名または観測項目": "TRIMBLE Alloy" }, "geometry": { "type": "Point", "coordinates": [ 141.3706, 43.6243 ] } },
{ "type": "Feature", "properties": { "観測の種類": "GNSS", "name": "上富良野", "観測点名ローマ字": "KAMIFURANO", "観測点コード": "970787", "緯度（度）": 43.4316, "経度（度）": 142.6431, "高さ（ｍ）": 1017, "測器の深度（ｍ）": null, "維持管理機関名": "国土地理院", "維持管理機関名（英語）": "GSI", "観測開始年（西暦）": 1998, "同月": 4, "観測機器名または観測項目": "TRIMBLE Alloy" }, "geometry": { "type": "Point", "coordinates": [ 142.6431, 43.4316 ] } },
{ "type": "Feature", "properties": { "観測の種類": "GNSS", "name": "白糠", "観測点名ローマ字": "SHIRANUKA", "観測点コード": "970788", "緯度（度）": 43.1017, "経度（度）": 143.902, "高さ（ｍ）": 133, "測器の深度（ｍ）": null, "維持管理機関名": "国土地理院", "維持管理機関名（英語）": "GSI", "観測開始年（西暦）": 1998, "同月": 4, "観測機器名または観測項目": "TOPCON NET-G5" }, "geometry": { "type": "Point", "coordinates": [ 143.902, 43.1017 ] } },
{ "type": "Feature", "properties": { "観測の種類": "GNSS", "name": "北海道清水", "観測点名ローマ字": "HOKKAIDOUSHIMIZU", "観測点コード": "970789", "緯度（度）": 43.0137, "経度（度）": 142.8701, "高さ（ｍ）": 187, "測器の深度（ｍ）": null, "維持管理機関名": "国土地理院", "維持管理機関名（英語）": "GSI", "観測開始年（西暦）": 1998, "同月": 4, "観測機器名または観測項目": "TOPCON NET-G5" }, "geometry": { "type": "Point", "coordinates": [ 142.8701, 43.0137 ] } },
{ "type": "Feature", "properties": { "観測の種類": "GNSS", "name": "夕張", "観測点名ローマ字": "YUUBARI", "観測点コード": "970790", "緯度（度）": 42.9338, "経度（度）": 142.0846, "高さ（ｍ）": 203, "測器の深度（ｍ）": null, "維持管理機関名": "国土地理院", "維持管理機関名（英語）": "GSI", "観測開始年（西暦）": 1998, "同月": 4, "観測機器名または観測項目": "TOPCON NET-G5" }, "geometry": { "type": "Point", "coordinates": [ 142.0846, 42.9338 ] } },
{ "type": "Feature", "properties": { "観測の種類": "GNSS", "name": "豊頃", "観測点名ローマ字": "TOYOKORO", "観測点コード": "970791", "緯度（度）": 42.8065, "経度（度）": 143.495, "高さ（ｍ）": 53, "測器の深度（ｍ）": null, "維持管理機関名": "国土地理院", "維持管理機関名（英語）": "GSI", "観測開始年（西暦）": 1998, "同月": 4, "観測機器名または観測項目": "TOPCON NET-G5" }, "geometry": { "type": "Point", "coordinates": [ 143.495, 42.8065 ] } },
{ "type": "Feature", "properties": { "観測の種類": "GNSS", "name": "登別", "観測点名ローマ字": "NOBORIBETSU", "観測点コード": "970792", "緯度（度）": 42.4205, "経度（度）": 141.0811, "高さ（ｍ）": 19, "測器の深度（ｍ）": null, "維持管理機関名": "国土地理院", "維持管理機関名（英語）": "GSI", "観測開始年（西暦）": 1998, "同月": 4, "観測機器名または観測項目": "TRIMBLE Alloy" }, "geometry": { "type": "Point", "coordinates": [ 141.0811, 42.4205 ] } },
{ "type": "Feature", "properties": { "観測の種類": "GNSS", "name": "大樹２", "観測点名ローマ字": "TAIKI2", "観測点コード": "970793", "緯度（度）": 42.4864, "経度（度）": 143.152, "高さ（ｍ）": 364, "測器の深度（ｍ）": null, "維持管理機関名": "国土地理院", "維持管理機関名（英語）": "GSI", "観測開始年（西暦）": 1998, "同月": 4, "観測機器名または観測項目": "TOPCON NET-G5" }, "geometry": { "type": "Point", "coordinates": [ 143.152, 42.4864 ] } },
{ "type": "Feature", "properties": { "観測の種類": "GNSS", "name": "厚沢部", "観測点名ローマ字": "ASSABU", "観測点コード": "970794", "緯度（度）": 41.9349, "経度（度）": 140.3712, "高さ（ｍ）": 122, "測器の深度（ｍ）": null, "維持管理機関名": "国土地理院", "維持管理機関名（英語）": "GSI", "観測開始年（西暦）": 1998, "同月": 4, "観測機器名または観測項目": "TOPCON NET-G5" }, "geometry": { "type": "Point", "coordinates": [ 140.3712, 41.9349 ] } },
{ "type": "Feature", "properties": { "観測の種類": "GNSS", "name": "玉山２", "観測点名ローマ字": "TAMAYAMA2", "観測点コード": "970795", "緯度（度）": 39.849, "経度（度）": 141.4526, "高さ（ｍ）": 642, "測器の深度（ｍ）": null, "維持管理機関名": "国土地理院", "維持管理機関名（英語）": "GSI", "観測開始年（西暦）": 1998, "同月": 4, "観測機器名または観測項目": "TRIMBLE Alloy" }, "geometry": { "type": "Point", "coordinates": [ 141.4526, 39.849 ] } },
{ "type": "Feature", "properties": { "観測の種類": "GNSS", "name": "胆沢", "観測点名ローマ字": "ISAWA", "観測点コード": "970796", "緯度（度）": 39.127, "経度（度）": 140.9885, "高さ（ｍ）": 187, "測器の深度（ｍ）": null, "維持管理機関名": "国土地理院", "維持管理機関名（英語）": "GSI", "観測開始年（西暦）": 1998, "同月": 4, "観測機器名または観測項目": "TOPCON NET-G5" }, "geometry": { "type": "Point", "coordinates": [ 140.9885, 39.127 ] } },
{ "type": "Feature", "properties": { "観測の種類": "GNSS", "name": "白石", "観測点名ローマ字": "SHIROISHI", "観測点コード": "970797", "緯度（度）": 37.9844, "経度（度）": 140.6457, "高さ（ｍ）": 64, "測器の深度（ｍ）": null, "維持管理機関名": "国土地理院", "維持管理機関名（英語）": "GSI", "観測開始年（西暦）": 1998, "同月": 4, "観測機器名または観測項目": "TOPCON NET-G5" }, "geometry": { "type": "Point", "coordinates": [ 140.6457, 37.9844 ] } },
{ "type": "Feature", "properties": { "観測の種類": "GNSS", "name": "鹿角２", "観測点名ローマ字": "KAZUNO2", "観測点コード": "970798", "緯度（度）": 40.045, "経度（度）": 140.8229, "高さ（ｍ）": 421, "測器の深度（ｍ）": null, "維持管理機関名": "国土地理院", "維持管理機関名（英語）": "GSI", "観測開始年（西暦）": 1998, "同月": 4, "観測機器名または観測項目": "TOPCON NET-G5" }, "geometry": { "type": "Point", "coordinates": [ 140.8229, 40.045 ] } },
{ "type": "Feature", "properties": { "観測の種類": "GNSS", "name": "西川", "観測点名ローマ字": "NISHIKAWA", "観測点コード": "970799", "緯度（度）": 38.4343, "経度（度）": 140.0947, "高さ（ｍ）": 247, "測器の深度（ｍ）": null, "維持管理機関名": "国土地理院", "維持管理機関名（英語）": "GSI", "観測開始年（西暦）": 1998, "同月": 4, "観測機器名または観測項目": "TRIMBLE Alloy" }, "geometry": { "type": "Point", "coordinates": [ 140.0947, 38.4343 ] } },
{ "type": "Feature", "properties": { "観測の種類": "GNSS", "name": "いわき２", "観測点名ローマ字": "IWAKI2", "観測点コード": "970800", "緯度（度）": 37.0184, "経度（度）": 140.8417, "高さ（ｍ）": 30, "測器の深度（ｍ）": null, "維持管理機関名": "国土地理院", "維持管理機関名（英語）": "GSI", "観測開始年（西暦）": 1998, "同月": 4, "観測機器名または観測項目": "TRIMBLE Alloy" }, "geometry": { "type": "Point", "coordinates": [ 140.8417, 37.0184 ] } },
{ "type": "Feature", "properties": { "観測の種類": "GNSS", "name": "檜枝岐", "観測点名ローマ字": "HINOEMATA", "観測点コード": "970801", "緯度（度）": 37.0369, "経度（度）": 139.4022, "高さ（ｍ）": 916, "測器の深度（ｍ）": null, "維持管理機関名": "国土地理院", "維持管理機関名（英語）": "GSI", "観測開始年（西暦）": 1998, "同月": 4, "観測機器名または観測項目": "TOPCON NET-G5" }, "geometry": { "type": "Point", "coordinates": [ 139.4022, 37.0369 ] } },
{ "type": "Feature", "properties": { "観測の種類": "GNSS", "name": "水上", "観測点名ローマ字": "MINAKAMI", "観測点コード": "970802", "緯度（度）": 36.7781, "経度（度）": 138.9448, "高さ（ｍ）": 622, "測器の深度（ｍ）": null, "維持管理機関名": "国土地理院", "維持管理機関名（英語）": "GSI", "観測開始年（西暦）": 1998, "同月": 4, "観測機器名または観測項目": "TRIMBLE Alloy" }, "geometry": { "type": "Point", "coordinates": [ 138.9448, 36.7781 ] } },
{ "type": "Feature", "properties": { "観測の種類": "GNSS", "name": "山辺", "観測点名ローマ字": "YAMANOBE", "観測点コード": "970803", "緯度（度）": 38.289, "経度（度）": 140.1999, "高さ（ｍ）": 364, "測器の深度（ｍ）": null, "維持管理機関名": "国土地理院", "維持管理機関名（英語）": "GSI", "観測開始年（西暦）": 1998, "同月": 4, "観測機器名または観測項目": "TOPCON NET-G5" }, "geometry": { "type": "Point", "coordinates": [ 140.1999, 38.289 ] } },
{ "type": "Feature", "properties": { "観測の種類": "GNSS", "name": "横浜泉", "観測点名ローマ字": "YOKOHAMAIZUMI", "観測点コード": "970804", "緯度（度）": 35.4193, "経度（度）": 139.5219, "高さ（ｍ）": 52, "測器の深度（ｍ）": null, "維持管理機関名": "国土地理院", "維持管理機関名（英語）": "GSI", "観測開始年（西暦）": 1998, "同月": 4, "観測機器名または観測項目": "TRIMBLE Alloy" }, "geometry": { "type": "Point", "coordinates": [ 139.5219, 35.4193 ] } },
{ "type": "Feature", "properties": { "観測の種類": "GNSS", "name": "新潟巻", "観測点名ローマ字": "NIIGATAMAKI", "観測点コード": "970806", "緯度（度）": 37.777, "経度（度）": 138.8804, "高さ（ｍ）": 9, "測器の深度（ｍ）": null, "維持管理機関名": "国土地理院", "維持管理機関名（英語）": "GSI", "観測開始年（西暦）": 1998, "同月": 4, "観測機器名または観測項目": "TRIMBLE Alloy" }, "geometry": { "type": "Point", "coordinates": [ 138.8804, 37.777 ] } },
{ "type": "Feature", "properties": { "観測の種類": "GNSS", "name": "新潟三島", "観測点名ローマ字": "NIIGATAMISHIMA", "観測点コード": "970807", "緯度（度）": 37.4987, "経度（度）": 138.7795, "高さ（ｍ）": 62, "測器の深度（ｍ）": null, "維持管理機関名": "国土地理院", "維持管理機関名（英語）": "GSI", "観測開始年（西暦）": 1998, "同月": 4, "観測機器名または観測項目": "TOPCON NET-G5" }, "geometry": { "type": "Point", "coordinates": [ 138.7795, 37.4987 ] } },
{ "type": "Feature", "properties": { "観測の種類": "GNSS", "name": "韮崎", "観測点名ローマ字": "NIRASAKI", "観測点コード": "970809", "緯度（度）": 35.6737, "経度（度）": 138.4568, "高さ（ｍ）": 371, "測器の深度（ｍ）": null, "維持管理機関名": "国土地理院", "維持管理機関名（英語）": "GSI", "観測開始年（西暦）": 1998, "同月": 4, "観測機器名または観測項目": "TRIMBLE Alloy" }, "geometry": { "type": "Point", "coordinates": [ 138.4568, 35.6737 ] } },
{ "type": "Feature", "properties": { "観測の種類": "GNSS", "name": "新潟栄", "観測点名ローマ字": "NIIGATASAKAE", "観測点コード": "970810", "緯度（度）": 37.5897, "経度（度）": 138.9203, "高さ（ｍ）": 17, "測器の深度（ｍ）": null, "維持管理機関名": "国土地理院", "維持管理機関名（英語）": "GSI", "観測開始年（西暦）": 1998, "同月": 4, "観測機器名または観測項目": "TOPCON NET-G5" }, "geometry": { "type": "Point", "coordinates": [ 138.9203, 37.5897 ] } },
{ "type": "Feature", "properties": { "観測の種類": "GNSS", "name": "坂下", "観測点名ローマ字": "SAKASHITA", "観測点コード": "970811", "緯度（度）": 35.5751, "経度（度）": 137.5288, "高さ（ｍ）": 347, "測器の深度（ｍ）": null, "維持管理機関名": "国土地理院", "維持管理機関名（英語）": "GSI", "観測開始年（西暦）": 1998, "同月": 4, "観測機器名または観測項目": "TOPCON NET-G5" }, "geometry": { "type": "Point", "coordinates": [ 137.5288, 35.5751 ] } },
{ "type": "Feature", "properties": { "観測の種類": "GNSS", "name": "関ヶ原", "観測点名ローマ字": "SEKIGAHARA", "観測点コード": "970812", "緯度（度）": 35.3597, "経度（度）": 136.4703, "高さ（ｍ）": 121, "測器の深度（ｍ）": null, "維持管理機関名": "国土地理院", "維持管理機関名（英語）": "GSI", "観測開始年（西暦）": 1998, "同月": 4, "観測機器名または観測項目": "TRIMBLE Alloy" }, "geometry": { "type": "Point", "coordinates": [ 136.4703, 35.3597 ] } },
{ "type": "Feature", "properties": { "観測の種類": "GNSS", "name": "函南", "観測点名ローマ字": "KANNAMI", "観測点コード": "970813", "緯度（度）": 35.1142, "経度（度）": 138.9739, "高さ（ｍ）": 157, "測器の深度（ｍ）": null, "維持管理機関名": "国土地理院", "維持管理機関名（英語）": "GSI", "観測開始年（西暦）": 1998, "同月": 4, "観測機器名または観測項目": "TOPCON NET-G5" }, "geometry": { "type": "Point", "coordinates": [ 138.9739, 35.1142 ] } },
{ "type": "Feature", "properties": { "観測の種類": "GNSS", "name": "下田２", "観測点名ローマ字": "SHIMODA2", "観測点コード": "970814", "緯度（度）": 34.7195, "経度（度）": 138.8765, "高さ（ｍ）": 132, "測器の深度（ｍ）": null, "維持管理機関名": "国土地理院", "維持管理機関名（英語）": "GSI", "観測開始年（西暦）": 1998, "同月": 4, "観測機器名または観測項目": "TRIMBLE NetR9" }, "geometry": { "type": "Point", "coordinates": [ 138.8765, 34.7195 ] } },
{ "type": "Feature", "properties": { "観測の種類": "GNSS", "name": "蒲原", "観測点名ローマ字": "KANBARA", "観測点コード": "970815", "緯度（度）": 35.1172, "経度（度）": 138.61, "高さ（ｍ）": 14, "測器の深度（ｍ）": null, "維持管理機関名": "国土地理院", "維持管理機関名（英語）": "GSI", "観測開始年（西暦）": 1998, "同月": 4, "観測機器名または観測項目": "TRIMBLE Alloy" }, "geometry": { "type": "Point", "coordinates": [ 138.61, 35.1172 ] } },
{ "type": "Feature", "properties": { "観測の種類": "GNSS", "name": "静岡峰山", "観測点名ローマ字": "SHIZUOKAMINEYAMA", "観測点コード": "970817", "緯度（度）": 35.067, "経度（度）": 138.21, "高さ（ｍ）": 660, "測器の深度（ｍ）": null, "維持管理機関名": "国土地理院", "維持管理機関名（英語）": "GSI", "観測開始年（西暦）": 1998, "同月": 4, "観測機器名または観測項目": "TRIMBLE Alloy" }, "geometry": { "type": "Point", "coordinates": [ 138.21, 35.067 ] } },
{ "type": "Feature", "properties": { "観測の種類": "GNSS", "name": "中川根", "観測点名ローマ字": "NAKAKAWANE", "観測点コード": "970818", "緯度（度）": 35.0449, "経度（度）": 138.0817, "高さ（ｍ）": 233, "測器の深度（ｍ）": null, "維持管理機関名": "国土地理院", "維持管理機関名（英語）": "GSI", "観測開始年（西暦）": 1998, "同月": 4, "観測機器名または観測項目": "TRIMBLE Alloy" }, "geometry": { "type": "Point", "coordinates": [ 138.0817, 35.0449 ] } },
{ "type": "Feature", "properties": { "観測の種類": "GNSS", "name": "静岡森２", "観測点名ローマ字": "SHIZUOKAMORI2", "観測点コード": "970819", "緯度（度）": 34.9021, "経度（度）": 137.9468, "高さ（ｍ）": 127, "測器の深度（ｍ）": null, "維持管理機関名": "国土地理院", "維持管理機関名（英語）": "GSI", "観測開始年（西暦）": 1998, "同月": 4, "観測機器名または観測項目": "TRIMBLE Alloy" }, "geometry": { "type": "Point", "coordinates": [ 137.9468, 34.9021 ] } },
{ "type": "Feature", "properties": { "観測の種類": "GNSS", "name": "島田", "観測点名ローマ字": "SHIMADA", "観測点コード": "970820", "緯度（度）": 34.8494, "経度（度）": 138.1767, "高さ（ｍ）": 66, "測器の深度（ｍ）": null, "維持管理機関名": "国土地理院", "維持管理機関名（英語）": "GSI", "観測開始年（西暦）": 1998, "同月": 4, "観測機器名または観測項目": "TOPCON NET-G5" }, "geometry": { "type": "Point", "coordinates": [ 138.1767, 34.8494 ] } },
{ "type": "Feature", "properties": { "観測の種類": "GNSS", "name": "浜松伊左地", "観測点名ローマ字": "HAMAMATSUISAJI", "観測点コード": "970821", "緯度（度）": 34.752, "経度（度）": 137.6808, "高さ（ｍ）": 47, "測器の深度（ｍ）": null, "維持管理機関名": "国土地理院", "維持管理機関名（英語）": "GSI", "観測開始年（西暦）": 1998, "同月": 4, "観測機器名または観測項目": "TOPCON NET-G5" }, "geometry": { "type": "Point", "coordinates": [ 137.6808, 34.752 ] } },
{ "type": "Feature", "properties": { "観測の種類": "GNSS", "name": "愛知一宮２", "観測点名ローマ字": "AICHIICHINOMIYA2", "観測点コード": "970822", "緯度（度）": 35.3008, "経度（度）": 136.7888, "高さ（ｍ）": 13, "測器の深度（ｍ）": null, "維持管理機関名": "国土地理院", "維持管理機関名（英語）": "GSI", "観測開始年（西暦）": 1998, "同月": 4, "観測機器名または観測項目": "TRIMBLE Alloy" }, "geometry": { "type": "Point", "coordinates": [ 136.7888, 35.3008 ] } },
{ "type": "Feature", "properties": { "観測の種類": "GNSS", "name": "大屋", "観測点名ローマ字": "OOYA", "観測点コード": "970823", "緯度（度）": 35.2833, "経度（度）": 134.5882, "高さ（ｍ）": 683, "測器の深度（ｍ）": null, "維持管理機関名": "国土地理院", "維持管理機関名（英語）": "GSI", "観測開始年（西暦）": 1998, "同月": 4, "観測機器名または観測項目": "TRIMBLE NetR9" }, "geometry": { "type": "Point", "coordinates": [ 134.5882, 35.2833 ] } },
{ "type": "Feature", "properties": { "観測の種類": "GNSS", "name": "大台ヶ原", "観測点名ローマ字": "OODAIGAHARA", "観測点コード": "970824", "緯度（度）": 34.18, "経度（度）": 136.097, "高さ（ｍ）": 1579, "測器の深度（ｍ）": null, "維持管理機関名": "国土地理院", "維持管理機関名（英語）": "GSI", "観測開始年（西暦）": 1998, "同月": 4, "観測機器名または観測項目": "TRIMBLE Alloy" }, "geometry": { "type": "Point", "coordinates": [ 136.097, 34.18 ] } },
{ "type": "Feature", "properties": { "観測の種類": "GNSS", "name": "十津川", "観測点名ローマ字": "TOTSUKAWA", "観測点コード": "970825", "緯度（度）": 33.9695, "経度（度）": 135.7352, "高さ（ｍ）": 206, "測器の深度（ｍ）": null, "維持管理機関名": "国土地理院", "維持管理機関名（英語）": "GSI", "観測開始年（西暦）": 1998, "同月": 4, "観測機器名または観測項目": "TOPCON NET-G5" }, "geometry": { "type": "Point", "coordinates": [ 135.7352, 33.9695 ] } },
{ "type": "Feature", "properties": { "観測の種類": "GNSS", "name": "古座川", "観測点名ローマ字": "KOZAGAWA", "観測点コード": "970826", "緯度（度）": 33.6372, "経度（度）": 135.7088, "高さ（ｍ）": 162, "測器の深度（ｍ）": null, "維持管理機関名": "国土地理院", "維持管理機関名（英語）": "GSI", "観測開始年（西暦）": 1998, "同月": 4, "観測機器名または観測項目": "TRIMBLE Alloy" }, "geometry": { "type": "Point", "coordinates": [ 135.7088, 33.6372 ] } },
{ "type": "Feature", "properties": { "観測の種類": "GNSS", "name": "引田", "観測点名ローマ字": "HIKETA", "観測点コード": "970827", "緯度（度）": 34.2178, "経度（度）": 134.3934, "高さ（ｍ）": 9, "測器の深度（ｍ）": null, "維持管理機関名": "国土地理院", "維持管理機関名（英語）": "GSI", "観測開始年（西暦）": 1998, "同月": 4, "観測機器名または観測項目": "TOPCON NET-G5" }, "geometry": { "type": "Point", "coordinates": [ 134.3934, 34.2178 ] } },
{ "type": "Feature", "properties": { "観測の種類": "GNSS", "name": "愛媛三崎", "観測点名ローマ字": "EHIMEMISAKI", "観測点コード": "970828", "緯度（度）": 33.368, "経度（度）": 132.0461, "高さ（ｍ）": 58, "測器の深度（ｍ）": null, "維持管理機関名": "国土地理院", "維持管理機関名（英語）": "GSI", "観測開始年（西暦）": 1998, "同月": 4, "観測機器名または観測項目": "TOPCON NET-G5" }, "geometry": { "type": "Point", "coordinates": [ 132.0461, 33.368 ] } },
{ "type": "Feature", "properties": { "観測の種類": "GNSS", "name": "宇和", "観測点名ローマ字": "UWA", "観測点コード": "970829", "緯度（度）": 33.3844, "経度（度）": 132.4753, "高さ（ｍ）": 220, "測器の深度（ｍ）": null, "維持管理機関名": "国土地理院", "維持管理機関名（英語）": "GSI", "観測開始年（西暦）": 1998, "同月": 4, "観測機器名または観測項目": "TOPCON NET-G5" }, "geometry": { "type": "Point", "coordinates": [ 132.4753, 33.3844 ] } },
{ "type": "Feature", "properties": { "観測の種類": "GNSS", "name": "吾北", "観測点名ローマ字": "GOHOKU", "観測点コード": "970830", "緯度（度）": 33.7043, "経度（度）": 133.3626, "高さ（ｍ）": 732, "測器の深度（ｍ）": null, "維持管理機関名": "国土地理院", "維持管理機関名（英語）": "GSI", "観測開始年（西暦）": 1998, "同月": 4, "観測機器名または観測項目": "TRIMBLE Alloy" }, "geometry": { "type": "Point", "coordinates": [ 133.3626, 33.7043 ] } },
{ "type": "Feature", "properties": { "観測の種類": "GNSS", "name": "福岡高田", "観測点名ローマ字": "FUKUOKATAKATA", "観測点コード": "970831", "緯度（度）": 33.0974, "経度（度）": 130.465, "高さ（ｍ）": 18, "測器の深度（ｍ）": null, "維持管理機関名": "国土地理院", "維持管理機関名（英語）": "GSI", "観測開始年（西暦）": 1998, "同月": 4, "観測機器名または観測項目": "TOPCON NET-G5" }, "geometry": { "type": "Point", "coordinates": [ 130.465, 33.0974 ] } },
{ "type": "Feature", "properties": { "観測の種類": "GNSS", "name": "外海", "観測点名ローマ字": "SOTOME", "観測点コード": "970832", "緯度（度）": 32.8396, "経度（度）": 129.7207, "高さ（ｍ）": 113, "測器の深度（ｍ）": null, "維持管理機関名": "国土地理院", "維持管理機関名（英語）": "GSI", "観測開始年（西暦）": 1998, "同月": 4, "観測機器名または観測項目": "TOPCON NET-G5" }, "geometry": { "type": "Point", "coordinates": [ 129.7207, 32.8396 ] } },
{ "type": "Feature", "properties": { "観測の種類": "GNSS", "name": "大分九重", "観測点名ローマ字": "OOITAKOKONOE", "観測点コード": "970833", "緯度（度）": 33.1278, "経度（度）": 131.2068, "高さ（ｍ）": 943, "測器の深度（ｍ）": null, "維持管理機関名": "国土地理院", "維持管理機関名（英語）": "GSI", "観測開始年（西暦）": 1998, "同月": 4, "観測機器名または観測項目": "TOPCON NET-G5" }, "geometry": { "type": "Point", "coordinates": [ 131.2068, 33.1278 ] } },
{ "type": "Feature", "properties": { "観測の種類": "GNSS", "name": "出水", "観測点名ローマ字": "KAGOSHIMAIZUMI", "観測点コード": "970834", "緯度（度）": 32.0984, "経度（度）": 130.3607, "高さ（ｍ）": 158, "測器の深度（ｍ）": null, "維持管理機関名": "国土地理院", "維持管理機関名（英語）": "GSI", "観測開始年（西暦）": 1998, "同月": 4, "観測機器名または観測項目": "TRIMBLE Alloy" }, "geometry": { "type": "Point", "coordinates": [ 130.3607, 32.0984 ] } },
{ "type": "Feature", "properties": { "観測の種類": "GNSS", "name": "鹿児島川内", "観測点名ローマ字": "KAGOSHIMASENDAI", "観測点コード": "970835", "緯度（度）": 31.9062, "経度（度）": 130.239, "高さ（ｍ）": 30, "測器の深度（ｍ）": null, "維持管理機関名": "国土地理院", "維持管理機関名（英語）": "GSI", "観測開始年（西暦）": 1998, "同月": 4, "観測機器名または観測項目": "TOPCON NET-G5" }, "geometry": { "type": "Point", "coordinates": [ 130.239, 31.9062 ] } },
{ "type": "Feature", "properties": { "観測の種類": "GNSS", "name": "樋脇", "観測点名ローマ字": "HIWAKI", "観測点コード": "970836", "緯度（度）": 31.796, "経度（度）": 130.408, "高さ（ｍ）": 37, "測器の深度（ｍ）": null, "維持管理機関名": "国土地理院", "維持管理機関名（英語）": "GSI", "観測開始年（西暦）": 1998, "同月": 4, "観測機器名または観測項目": "TOPCON NET-G5" }, "geometry": { "type": "Point", "coordinates": [ 130.408, 31.796 ] } },
{ "type": "Feature", "properties": { "観測の種類": "GNSS", "name": "姶良", "観測点名ローマ字": "AIRA", "観測点コード": "970837", "緯度（度）": 31.8241, "経度（度）": 130.5996, "高さ（ｍ）": 283, "測器の深度（ｍ）": null, "維持管理機関名": "国土地理院", "維持管理機関名（英語）": "GSI", "観測開始年（西暦）": 1998, "同月": 4, "観測機器名または観測項目": "TRIMBLE Alloy" }, "geometry": { "type": "Point", "coordinates": [ 130.5996, 31.8241 ] } },
{ "type": "Feature", "properties": { "観測の種類": "GNSS", "name": "Ｈ下板沢", "観測点名ローマ字": "H-SHIMOITAZAWA", "観測点コード": "98H023", "緯度（度）": 34.7527, "経度（度）": 138.038, "高さ（ｍ）": 60, "測器の深度（ｍ）": null, "維持管理機関名": "国土地理院", "維持管理機関名（英語）": "GSI", "観測開始年（西暦）": 1999, "同月": 4, "観測機器名または観測項目": "TOPCON NET-G5" }, "geometry": { "type": "Point", "coordinates": [ 138.038, 34.7527 ] } },
{ "type": "Feature", "properties": { "観測の種類": "GNSS", "name": "冷川峠Ａ", "観測点名ローマ字": "HIEKAWATOUGE-A", "観測点コード": "841", "緯度（度）": 34.9498, "経度（度）": 139.0699, "高さ（ｍ）": 371, "測器の深度（ｍ）": null, "維持管理機関名": "国土地理院", "維持管理機関名（英語）": "GSI", "観測開始年（西暦）": 2000, "同月": 4, "観測機器名または観測項目": "TOPCON NET-G5" }, "geometry": { "type": "Point", "coordinates": [ 139.0699, 34.9498 ] } },
{ "type": "Feature", "properties": { "観測の種類": "GNSS", "name": "岡部Ａ", "観測点名ローマ字": "OKABE-A", "観測点コード": "842", "緯度（度）": 34.9543, "経度（度）": 138.2499, "高さ（ｍ）": 64, "測器の深度（ｍ）": null, "維持管理機関名": "国土地理院", "維持管理機関名（英語）": "GSI", "観測開始年（西暦）": 2000, "同月": 4, "観測機器名または観測項目": "TRIMBLE NetR9" }, "geometry": { "type": "Point", "coordinates": [ 138.2499, 34.9543 ] } },
{ "type": "Feature", "properties": { "観測の種類": "GNSS", "name": "岡山加茂Ａ", "観測点名ローマ字": "OKAYAMAKAMO-A", "観測点コード": "843", "緯度（度）": 35.1749, "経度（度）": 134.0495, "高さ（ｍ）": 233, "測器の深度（ｍ）": null, "維持管理機関名": "国土地理院", "維持管理機関名（英語）": "GSI", "観測開始年（西暦）": 2000, "同月": 4, "観測機器名または観測項目": "TRIMBLE Alloy" }, "geometry": { "type": "Point", "coordinates": [ 134.0495, 35.1749 ] } },
{ "type": "Feature", "properties": { "観測の種類": "GNSS", "name": "南伊豆１Ａ", "観測点名ローマ字": "MINAMIIZU1", "観測点コード": "990838", "緯度（度）": 34.6903, "経度（度）": 138.7628, "高さ（ｍ）": 63, "測器の深度（ｍ）": null, "維持管理機関名": "国土地理院", "維持管理機関名（英語）": "GSI", "観測開始年（西暦）": 2000, "同月": 4, "観測機器名または観測項目": "TOPCON NET-G5" }, "geometry": { "type": "Point", "coordinates": [ 138.7628, 34.6903 ] } },
{ "type": "Feature", "properties": { "観測の種類": "GNSS", "name": "焼津Ａ", "観測点名ローマ字": "YAIZU1", "観測点コード": "990840", "緯度（度）": 34.8362, "経度（度）": 138.3312, "高さ（ｍ）": 7, "測器の深度（ｍ）": null, "維持管理機関名": "国土地理院", "維持管理機関名（英語）": "GSI", "観測開始年（西暦）": 2000, "同月": 4, "観測機器名または観測項目": "TOPCON NET-G5" }, "geometry": { "type": "Point", "coordinates": [ 138.3312, 34.8362 ] } },
{ "type": "Feature", "properties": { "観測の種類": "GNSS", "name": "Ｒ生坂２", "観測点名ローマ字": "R-IKUSAKA2", "観測点コード": "99R004", "緯度（度）": 36.4601, "経度（度）": 137.9639, "高さ（ｍ）": 478, "測器の深度（ｍ）": null, "維持管理機関名": "国土地理院", "維持管理機関名（英語）": "GSI", "観測開始年（西暦）": 2000, "同月": 4, "観測機器名または観測項目": "TOPCON NET-G5" }, "geometry": { "type": "Point", "coordinates": [ 137.9639, 36.4601 ] } },
{ "type": "Feature", "properties": { "観測の種類": "GNSS", "name": "Ｒ麻績", "観測点名ローマ字": "R-OMI", "観測点コード": "99R006", "緯度（度）": 36.4591, "経度（度）": 138.0524, "高さ（ｍ）": 636, "測器の深度（ｍ）": null, "維持管理機関名": "国土地理院", "維持管理機関名（英語）": "GSI", "観測開始年（西暦）": 2000, "同月": 4, "観測機器名または観測項目": "TOPCON NET-G5" }, "geometry": { "type": "Point", "coordinates": [ 138.0524, 36.4591 ] } },
{ "type": "Feature", "properties": { "観測の種類": "GNSS", "name": "能代", "観測点名ローマ字": "NOSHIRO", "観測点コード": "950184", "緯度（度）": 40.2473, "経度（度）": 140.0487, "高さ（ｍ）": 47, "測器の深度（ｍ）": null, "維持管理機関名": "国土地理院", "維持管理機関名（英語）": "GSI", "観測開始年（西暦）": 2001, "同月": 4, "観測機器名または観測項目": "TRIMBLE Alloy" }, "geometry": { "type": "Point", "coordinates": [ 140.0487, 40.2473 ] } },
{ "type": "Feature", "properties": { "観測の種類": "GNSS", "name": "Ｒ大町３", "観測点名ローマ字": "R-OOMACHI3", "観測点コード": "00R015", "緯度（度）": 36.5591, "経度（度）": 137.7208, "高さ（ｍ）": 1439, "測器の深度（ｍ）": null, "維持管理機関名": "国土地理院", "維持管理機関名（英語）": "GSI", "観測開始年（西暦）": 2001, "同月": 4, "観測機器名または観測項目": "TOPCON NET-G5" }, "geometry": { "type": "Point", "coordinates": [ 137.7208, 36.5591 ] } },
{ "type": "Feature", "properties": { "観測の種類": "GNSS", "name": "Ｒ松本", "観測点名ローマ字": "R-MATSUMOTO", "観測点コード": "00R019", "緯度（度）": 36.2008, "経度（度）": 138.0592, "高さ（ｍ）": 985, "測器の深度（ｍ）": null, "維持管理機関名": "国土地理院", "維持管理機関名（英語）": "GSI", "観測開始年（西暦）": 2001, "同月": 4, "観測機器名または観測項目": "TOPCON NET-G5" }, "geometry": { "type": "Point", "coordinates": [ 138.0592, 36.2008 ] } },
{ "type": "Feature", "properties": { "観測の種類": "GNSS", "name": "青森Ａ", "観測点名ローマ字": "AOMORI-A", "観測点コード": "10844", "緯度（度）": 40.8344, "経度（度）": 140.8105, "高さ（ｍ）": 10, "測器の深度（ｍ）": null, "維持管理機関名": "国土地理院", "維持管理機関名（英語）": "GSI", "観測開始年（西暦）": 2001, "同月": 8, "観測機器名または観測項目": "TOPCON NET-G5" }, "geometry": { "type": "Point", "coordinates": [ 140.8105, 40.8344 ] } },
{ "type": "Feature", "properties": { "観測の種類": "GNSS", "name": "福島郡山１Ａ", "観測点名ローマ字": "KOHRIYAMA1-A", "観測点コード": "10845", "緯度（度）": 37.3618, "経度（度）": 140.3244, "高さ（ｍ）": 251, "測器の深度（ｍ）": null, "維持管理機関名": "国土地理院", "維持管理機関名（英語）": "GSI", "観測開始年（西暦）": 2002, "同月": 3, "観測機器名または観測項目": "TOPCON NET-G5" }, "geometry": { "type": "Point", "coordinates": [ 140.3244, 37.3618 ] } },
{ "type": "Feature", "properties": { "観測の種類": "GNSS", "name": "高知大川Ａ", "観測点名ローマ字": "KOUCHIOOKAWA-A", "観測点コード": "10846", "緯度（度）": 33.8184, "経度（度）": 133.4618, "高さ（ｍ）": 901, "測器の深度（ｍ）": null, "維持管理機関名": "国土地理院", "維持管理機関名（英語）": "GSI", "観測開始年（西暦）": 2002, "同月": 3, "観測機器名または観測項目": "TRIMBLE Alloy" }, "geometry": { "type": "Point", "coordinates": [ 133.4618, 33.8184 ] } },
{ "type": "Feature", "properties": { "観測の種類": "GNSS", "name": "富士山", "観測点名ローマ字": "FUJISAN", "観測点コード": "21100", "緯度（度）": 35.3608, "経度（度）": 138.7273, "高さ（ｍ）": 3777, "測器の深度（ｍ）": null, "維持管理機関名": "国土地理院", "維持管理機関名（英語）": "GSI", "観測開始年（西暦）": 2002, "同月": 8, "観測機器名または観測項目": "TRIMBLE NetR9" }, "geometry": { "type": "Point", "coordinates": [ 138.7273, 35.3608 ] } },
{ "type": "Feature", "properties": { "観測の種類": "GNSS", "name": "乗鞍岳", "観測点名ローマ字": "NORIKURADAKE", "観測点コード": "21099", "緯度（度）": 36.1143, "経度（度）": 137.5508, "高さ（ｍ）": 2782, "測器の深度（ｍ）": null, "維持管理機関名": "国土地理院", "維持管理機関名（英語）": "GSI", "観測開始年（西暦）": 2002, "同月": 10, "観測機器名または観測項目": "TOPCON NET-G5" }, "geometry": { "type": "Point", "coordinates": [ 137.5508, 36.1143 ] } },
{ "type": "Feature", "properties": { "観測の種類": "GNSS", "name": "白滝", "観測点名ローマ字": "SHIRATAKI", "観測点コード": "20863", "緯度（度）": 43.8787, "経度（度）": 143.1767, "高さ（ｍ）": 385, "測器の深度（ｍ）": null, "維持管理機関名": "国土地理院", "維持管理機関名（英語）": "GSI", "観測開始年（西暦）": 2002, "同月": 11, "観測機器名または観測項目": "TRIMBLE Alloy" }, "geometry": { "type": "Point", "coordinates": [ 143.1767, 43.8787 ] } },
{ "type": "Feature", "properties": { "観測の種類": "GNSS", "name": "中頓別", "観測点名ローマ字": "NAKATONBETSU", "観測点コード": "20850", "緯度（度）": 44.9905, "経度（度）": 142.2923, "高さ（ｍ）": 22, "測器の深度（ｍ）": null, "維持管理機関名": "国土地理院", "維持管理機関名（英語）": "GSI", "観測開始年（西暦）": 2002, "同月": 12, "観測機器名または観測項目": "TOPCON NET-G5" }, "geometry": { "type": "Point", "coordinates": [ 142.2923, 44.9905 ] } },
{ "type": "Feature", "properties": { "観測の種類": "GNSS", "name": "西興部", "観測点名ローマ字": "NISHIOKOPPE", "観測点コード": "20854", "緯度（度）": 44.3323, "経度（度）": 142.9358, "高さ（ｍ）": 127, "測器の深度（ｍ）": null, "維持管理機関名": "国土地理院", "維持管理機関名（英語）": "GSI", "観測開始年（西暦）": 2002, "同月": 12, "観測機器名または観測項目": "TRIMBLE Alloy" }, "geometry": { "type": "Point", "coordinates": [ 142.9358, 44.3323 ] } },
{ "type": "Feature", "properties": { "観測の種類": "GNSS", "name": "紋別", "観測点名ローマ字": "MONBETU", "観測点コード": "20856", "緯度（度）": 44.2609, "経度（度）": 143.3646, "高さ（ｍ）": 33, "測器の深度（ｍ）": null, "維持管理機関名": "国土地理院", "維持管理機関名（英語）": "GSI", "観測開始年（西暦）": 2002, "同月": 12, "観測機器名または観測項目": "TOPCON NET-G5" }, "geometry": { "type": "Point", "coordinates": [ 143.3646, 44.2609 ] } },
{ "type": "Feature", "properties": { "観測の種類": "GNSS", "name": "士別", "観測点名ローマ字": "SHIBETU", "観測点コード": "20857", "緯度（度）": 44.1655, "経度（度）": 142.4009, "高さ（ｍ）": 132, "測器の深度（ｍ）": null, "維持管理機関名": "国土地理院", "維持管理機関名（英語）": "GSI", "観測開始年（西暦）": 2002, "同月": 12, "観測機器名または観測項目": "TRIMBLE Alloy" }, "geometry": { "type": "Point", "coordinates": [ 142.4009, 44.1655 ] } },
{ "type": "Feature", "properties": { "観測の種類": "GNSS", "name": "小平２", "観測点名ローマ字": "OBIRA2", "観測点コード": "20860", "緯度（度）": 44.0521, "経度（度）": 141.8607, "高さ（ｍ）": 38, "測器の深度（ｍ）": null, "維持管理機関名": "国土地理院", "維持管理機関名（英語）": "GSI", "観測開始年（西暦）": 2002, "同月": 12, "観測機器名または観測項目": "TOPCON NET-G5" }, "geometry": { "type": "Point", "coordinates": [ 141.8607, 44.0521 ] } },
{ "type": "Feature", "properties": { "観測の種類": "GNSS", "name": "旭川２", "観測点名ローマ字": "ASAHIKAWA2", "観測点コード": "20862", "緯度（度）": 43.8893, "経度（度）": 142.2365, "高さ（ｍ）": 146, "測器の深度（ｍ）": null, "維持管理機関名": "国土地理院", "維持管理機関名（英語）": "GSI", "観測開始年（西暦）": 2002, "同月": 12, "観測機器名または観測項目": "TRIMBLE Alloy" }, "geometry": { "type": "Point", "coordinates": [ 142.2365, 43.8893 ] } },
{ "type": "Feature", "properties": { "観測の種類": "GNSS", "name": "深川", "観測点名ローマ字": "FUKAGAWA", "観測点コード": "20865", "緯度（度）": 43.7257, "経度（度）": 142.1323, "高さ（ｍ）": 69, "測器の深度（ｍ）": null, "維持管理機関名": "国土地理院", "維持管理機関名（英語）": "GSI", "観測開始年（西暦）": 2002, "同月": 12, "観測機器名または観測項目": "TRIMBLE Alloy" }, "geometry": { "type": "Point", "coordinates": [ 142.1323, 43.7257 ] } },
{ "type": "Feature", "properties": { "観測の種類": "GNSS", "name": "津別", "観測点名ローマ字": "TSUBETSU", "観測点コード": "20868", "緯度（度）": 43.6446, "経度（度）": 143.9917, "高さ（ｍ）": 136, "測器の深度（ｍ）": null, "維持管理機関名": "国土地理院", "維持管理機関名（英語）": "GSI", "観測開始年（西暦）": 2002, "同月": 12, "観測機器名または観測項目": "TRIMBLE Alloy" }, "geometry": { "type": "Point", "coordinates": [ 143.9917, 43.6446 ] } },
{ "type": "Feature", "properties": { "観測の種類": "GNSS", "name": "赤井川", "観測点名ローマ字": "AKAIGAWA", "観測点コード": "20884", "緯度（度）": 43.0826, "経度（度）": 140.8111, "高さ（ｍ）": 151, "測器の深度（ｍ）": null, "維持管理機関名": "国土地理院", "維持管理機関名（英語）": "GSI", "観測開始年（西暦）": 2002, "同月": 12, "観測機器名または観測項目": "TOPCON NET-G5" }, "geometry": { "type": "Point", "coordinates": [ 140.8111, 43.0826 ] } },
{ "type": "Feature", "properties": { "観測の種類": "GNSS", "name": "浦河", "観測点名ローマ字": "URAKAWA", "観測点コード": "20891", "緯度（度）": 42.2772, "経度（度）": 142.7679, "高さ（ｍ）": 58, "測器の深度（ｍ）": null, "維持管理機関名": "国土地理院", "維持管理機関名（英語）": "GSI", "観測開始年（西暦）": 2002, "同月": 12, "観測機器名または観測項目": "TOPCON NET-G5" }, "geometry": { "type": "Point", "coordinates": [ 142.7679, 42.2772 ] } },
{ "type": "Feature", "properties": { "観測の種類": "GNSS", "name": "南鳥島", "観測点名ローマ字": "MINAMITORISHIMA", "観測点コード": "21098", "緯度（度）": 24.2901, "経度（度）": 153.9787, "高さ（ｍ）": 9, "測器の深度（ｍ）": null, "維持管理機関名": "国土地理院", "維持管理機関名（英語）": "GSI", "観測開始年（西暦）": 2002, "同月": 12, "観測機器名または観測項目": "TRIMBLE Alloy" }, "geometry": { "type": "Point", "coordinates": [ 153.9787, 24.2901 ] } },
{ "type": "Feature", "properties": { "観測の種類": "GNSS", "name": "島牧", "観測点名ローマ字": "SHIMAMAKI", "観測点コード": "20888", "緯度（度）": 42.6853, "経度（度）": 140.0118, "高さ（ｍ）": 9, "測器の深度（ｍ）": null, "維持管理機関名": "国土地理院", "維持管理機関名（英語）": "GSI", "観測開始年（西暦）": 2003, "同月": 1, "観測機器名または観測項目": "TOPCON NET-G5" }, "geometry": { "type": "Point", "coordinates": [ 140.0118, 42.6853 ] } },
{ "type": "Feature", "properties": { "観測の種類": "GNSS", "name": "幕別", "観測点名ローマ字": "MAKUBETSU", "観測点コード": "20889", "緯度（度）": 42.674, "経度（度）": 143.3128, "高さ（ｍ）": 174, "測器の深度（ｍ）": null, "維持管理機関名": "国土地理院", "維持管理機関名（英語）": "GSI", "観測開始年（西暦）": 2003, "同月": 1, "観測機器名または観測項目": "TOPCON NET-G5" }, "geometry": { "type": "Point", "coordinates": [ 143.3128, 42.674 ] } },
{ "type": "Feature", "properties": { "観測の種類": "GNSS", "name": "新潟下田", "観測点名ローマ字": "NIIGATASHITADA", "観測点コード": "20961", "緯度（度）": 37.5403, "経度（度）": 139.1115, "高さ（ｍ）": 100, "測器の深度（ｍ）": null, "維持管理機関名": "国土地理院", "維持管理機関名（英語）": "GSI", "観測開始年（西暦）": 2003, "同月": 1, "観測機器名または観測項目": "TRIMBLE Alloy" }, "geometry": { "type": "Point", "coordinates": [ 139.1115, 37.5403 ] } },
{ "type": "Feature", "properties": { "観測の種類": "GNSS", "name": "高柳", "観測点名ローマ字": "TAKAYANAGI", "観測点コード": "20962", "緯度（度）": 37.2121, "経度（度）": 138.6346, "高さ（ｍ）": 96, "測器の深度（ｍ）": null, "維持管理機関名": "国土地理院", "維持管理機関名（英語）": "GSI", "観測開始年（西暦）": 2003, "同月": 1, "観測機器名または観測項目": "TOPCON NET-G5" }, "geometry": { "type": "Point", "coordinates": [ 138.6346, 37.2121 ] } },
{ "type": "Feature", "properties": { "観測の種類": "GNSS", "name": "安塚", "観測点名ローマ字": "YASUZUKA", "観測点コード": "20964", "緯度（度）": 37.1071, "経度（度）": 138.4574, "高さ（ｍ）": 132, "測器の深度（ｍ）": null, "維持管理機関名": "国土地理院", "維持管理機関名（英語）": "GSI", "観測開始年（西暦）": 2003, "同月": 1, "観測機器名または観測項目": "TOPCON NET-G5" }, "geometry": { "type": "Point", "coordinates": [ 138.4574, 37.1071 ] } },
{ "type": "Feature", "properties": { "観測の種類": "GNSS", "name": "氷見", "観測点名ローマ字": "HIMI", "観測点コード": "20966", "緯度（度）": 36.9195, "経度（度）": 137.0264, "高さ（ｍ）": 11, "測器の深度（ｍ）": null, "維持管理機関名": "国土地理院", "維持管理機関名（英語）": "GSI", "観測開始年（西暦）": 2003, "同月": 1, "観測機器名または観測項目": "TOPCON NET-G5" }, "geometry": { "type": "Point", "coordinates": [ 137.0264, 36.9195 ] } },
{ "type": "Feature", "properties": { "観測の種類": "GNSS", "name": "宇奈月", "観測点名ローマ字": "UNAZUKI", "観測点コード": "20967", "緯度（度）": 36.8643, "経度（度）": 137.5513, "高さ（ｍ）": 132, "測器の深度（ｍ）": null, "維持管理機関名": "国土地理院", "維持管理機関名（英語）": "GSI", "観測開始年（西暦）": 2003, "同月": 1, "観測機器名または観測項目": "TOPCON NET-G5" }, "geometry": { "type": "Point", "coordinates": [ 137.5513, 36.8643 ] } },
{ "type": "Feature", "properties": { "観測の種類": "GNSS", "name": "新湊", "観測点名ローマ字": "SHINMINATO", "観測点コード": "20968", "緯度（度）": 36.758, "経度（度）": 137.1545, "高さ（ｍ）": 6, "測器の深度（ｍ）": null, "維持管理機関名": "国土地理院", "維持管理機関名（英語）": "GSI", "観測開始年（西暦）": 2003, "同月": 1, "観測機器名または観測項目": "TRIMBLE Alloy" }, "geometry": { "type": "Point", "coordinates": [ 137.1545, 36.758 ] } },
{ "type": "Feature", "properties": { "観測の種類": "GNSS", "name": "福光", "観測点名ローマ字": "FUKUMITSU", "観測点コード": "20969", "緯度（度）": 36.5921, "経度（度）": 136.8064, "高さ（ｍ）": 97, "測器の深度（ｍ）": null, "維持管理機関名": "国土地理院", "維持管理機関名（英語）": "GSI", "観測開始年（西暦）": 2003, "同月": 1, "観測機器名または観測項目": "TRIMBLE Alloy" }, "geometry": { "type": "Point", "coordinates": [ 136.8064, 36.5921 ] } },
{ "type": "Feature", "properties": { "観測の種類": "GNSS", "name": "輪島２", "観測点名ローマ字": "WAJIMA2", "観測点コード": "20971", "緯度（度）": 37.4323, "経度（度）": 137.0339, "高さ（ｍ）": 31, "測器の深度（ｍ）": null, "維持管理機関名": "国土地理院", "維持管理機関名（英語）": "GSI", "観測開始年（西暦）": 2003, "同月": 1, "観測機器名または観測項目": "TOPCON NET-G5" }, "geometry": { "type": "Point", "coordinates": [ 137.0339, 37.4323 ] } },
{ "type": "Feature", "properties": { "観測の種類": "GNSS", "name": "穴水", "観測点名ローマ字": "ANAMIZU", "観測点コード": "20972", "緯度（度）": 37.2264, "経度（度）": 136.9088, "高さ（ｍ）": 7, "測器の深度（ｍ）": null, "維持管理機関名": "国土地理院", "維持管理機関名（英語）": "GSI", "観測開始年（西暦）": 2003, "同月": 1, "観測機器名または観測項目": "TRIMBLE Alloy" }, "geometry": { "type": "Point", "coordinates": [ 136.9088, 37.2264 ] } },
{ "type": "Feature", "properties": { "観測の種類": "GNSS", "name": "松任", "観測点名ローマ字": "MATTOU", "観測点コード": "20973", "緯度（度）": 36.5373, "経度（度）": 136.5407, "高さ（ｍ）": 13, "測器の深度（ｍ）": null, "維持管理機関名": "国土地理院", "維持管理機関名（英語）": "GSI", "観測開始年（西暦）": 2003, "同月": 1, "観測機器名または観測項目": "TOPCON NET-G5" }, "geometry": { "type": "Point", "coordinates": [ 136.5407, 36.5373 ] } },
{ "type": "Feature", "properties": { "観測の種類": "GNSS", "name": "福井", "観測点名ローマ字": "FUKUI", "観測点コード": "20975", "緯度（度）": 36.1097, "経度（度）": 136.0489, "高さ（ｍ）": 11, "測器の深度（ｍ）": null, "維持管理機関名": "国土地理院", "維持管理機関名（英語）": "GSI", "観測開始年（西暦）": 2003, "同月": 1, "観測機器名または観測項目": "TRIMBLE Alloy" }, "geometry": { "type": "Point", "coordinates": [ 136.0489, 36.1097 ] } },
{ "type": "Feature", "properties": { "観測の種類": "GNSS", "name": "和泉", "観測点名ローマ字": "FUKUIIZUMI", "観測点コード": "20976", "緯度（度）": 35.9014, "経度（度）": 136.6577, "高さ（ｍ）": 427, "測器の深度（ｍ）": null, "維持管理機関名": "国土地理院", "維持管理機関名（英語）": "GSI", "観測開始年（西暦）": 2003, "同月": 1, "観測機器名または観測項目": "TOPCON NET-G5" }, "geometry": { "type": "Point", "coordinates": [ 136.6577, 35.9014 ] } },
{ "type": "Feature", "properties": { "観測の種類": "GNSS", "name": "福井池田", "観測点名ローマ字": "FUKUIIKEDA", "観測点コード": "20977", "緯度（度）": 35.8882, "経度（度）": 136.3396, "高さ（ｍ）": 223, "測器の深度（ｍ）": null, "維持管理機関名": "国土地理院", "維持管理機関名（英語）": "GSI", "観測開始年（西暦）": 2003, "同月": 1, "観測機器名または観測項目": "TRIMBLE Alloy" }, "geometry": { "type": "Point", "coordinates": [ 136.3396, 35.8882 ] } },
{ "type": "Feature", "properties": { "観測の種類": "GNSS", "name": "福井小浜", "観測点名ローマ字": "FUKUIOBAMA", "観測点コード": "20978", "緯度（度）": 35.4866, "経度（度）": 135.7556, "高さ（ｍ）": 9, "測器の深度（ｍ）": null, "維持管理機関名": "国土地理院", "維持管理機関名（英語）": "GSI", "観測開始年（西暦）": 2003, "同月": 1, "観測機器名または観測項目": "TOPCON NET-G5" }, "geometry": { "type": "Point", "coordinates": [ 135.7556, 35.4866 ] } },
{ "type": "Feature", "properties": { "観測の種類": "GNSS", "name": "福知山２", "観測点名ローマ字": "FUKUCHIYAMA2", "観測点コード": "21001", "緯度（度）": 35.4195, "経度（度）": 135.0876, "高さ（ｍ）": 228, "測器の深度（ｍ）": null, "維持管理機関名": "国土地理院", "維持管理機関名（英語）": "GSI", "観測開始年（西暦）": 2003, "同月": 1, "観測機器名または観測項目": "TOPCON NET-G5" }, "geometry": { "type": "Point", "coordinates": [ 135.0876, 35.4195 ] } },
{ "type": "Feature", "properties": { "観測の種類": "GNSS", "name": "綾部", "観測点名ローマ字": "AYABE", "観測点コード": "21002", "緯度（度）": 35.3335, "経度（度）": 135.3407, "高さ（ｍ）": 123, "測器の深度（ｍ）": null, "維持管理機関名": "国土地理院", "維持管理機関名（英語）": "GSI", "観測開始年（西暦）": 2003, "同月": 1, "観測機器名または観測項目": "TOPCON NET-G5" }, "geometry": { "type": "Point", "coordinates": [ 135.3407, 35.3335 ] } },
{ "type": "Feature", "properties": { "観測の種類": "GNSS", "name": "京北", "観測点名ローマ字": "KEIHOKU", "観測点コード": "21003", "緯度（度）": 35.1552, "経度（度）": 135.6342, "高さ（ｍ）": 250, "測器の深度（ｍ）": null, "維持管理機関名": "国土地理院", "維持管理機関名（英語）": "GSI", "観測開始年（西暦）": 2003, "同月": 1, "観測機器名または観測項目": "TOPCON NET-G5" }, "geometry": { "type": "Point", "coordinates": [ 135.6342, 35.1552 ] } },
{ "type": "Feature", "properties": { "観測の種類": "GNSS", "name": "鳥取", "観測点名ローマ字": "TOTTORI", "観測点コード": "21014", "緯度（度）": 35.5299, "経度（度）": 134.1953, "高さ（ｍ）": 7, "測器の深度（ｍ）": null, "維持管理機関名": "国土地理院", "維持管理機関名（英語）": "GSI", "観測開始年（西暦）": 2003, "同月": 1, "観測機器名または観測項目": "TRIMBLE Alloy" }, "geometry": { "type": "Point", "coordinates": [ 134.1953, 35.5299 ] } },
{ "type": "Feature", "properties": { "観測の種類": "GNSS", "name": "木屋平", "観測点名ローマ字": "KOYADAIRA", "観測点コード": "21042", "緯度（度）": 33.9346, "経度（度）": 134.2112, "高さ（ｍ）": 341, "測器の深度（ｍ）": null, "維持管理機関名": "国土地理院", "維持管理機関名（英語）": "GSI", "観測開始年（西暦）": 2003, "同月": 1, "観測機器名または観測項目": "TRIMBLE Alloy" }, "geometry": { "type": "Point", "coordinates": [ 134.2112, 33.9346 ] } },
{ "type": "Feature", "properties": { "観測の種類": "GNSS", "name": "稚内３", "観測点名ローマ字": "WAKKANAI3", "観測点コード": "20848", "緯度（度）": 45.5141, "経度（度）": 141.9552, "高さ（ｍ）": 8, "測器の深度（ｍ）": null, "維持管理機関名": "国土地理院", "維持管理機関名（英語）": "GSI", "観測開始年（西暦）": 2003, "同月": 2, "観測機器名または観測項目": "TRIMBLE Alloy" }, "geometry": { "type": "Point", "coordinates": [ 141.9552, 45.5141 ] } },
{ "type": "Feature", "properties": { "観測の種類": "GNSS", "name": "稚内４", "観測点名ローマ字": "WAKKANAI4", "観測点コード": "20849", "緯度（度）": 45.2301, "経度（度）": 141.8818, "高さ（ｍ）": 38, "測器の深度（ｍ）": null, "維持管理機関名": "国土地理院", "維持管理機関名（英語）": "GSI", "観測開始年（西暦）": 2003, "同月": 2, "観測機器名または観測項目": "TRIMBLE Alloy" }, "geometry": { "type": "Point", "coordinates": [ 141.8818, 45.2301 ] } },
{ "type": "Feature", "properties": { "観測の種類": "GNSS", "name": "幌延", "観測点名ローマ字": "HORONOBE", "観測点コード": "20851", "緯度（度）": 44.9161, "経度（度）": 142.0218, "高さ（ｍ）": 19, "測器の深度（ｍ）": null, "維持管理機関名": "国土地理院", "維持管理機関名（英語）": "GSI", "観測開始年（西暦）": 2003, "同月": 2, "観測機器名または観測項目": "TOPCON NET-G5" }, "geometry": { "type": "Point", "coordinates": [ 142.0218, 44.9161 ] } },
{ "type": "Feature", "properties": { "観測の種類": "GNSS", "name": "美深", "観測点名ローマ字": "BIFUKA", "観測点コード": "20853", "緯度（度）": 44.5465, "経度（度）": 142.5712, "高さ（ｍ）": 281, "測器の深度（ｍ）": null, "維持管理機関名": "国土地理院", "維持管理機関名（英語）": "GSI", "観測開始年（西暦）": 2003, "同月": 2, "観測機器名または観測項目": "TRIMBLE Alloy" }, "geometry": { "type": "Point", "coordinates": [ 142.5712, 44.5465 ] } },
{ "type": "Feature", "properties": { "観測の種類": "GNSS", "name": "北海道朝日", "観測点名ローマ字": "HOKKAIDOUASAHI", "観測点コード": "20858", "緯度（度）": 44.1145, "経度（度）": 142.6012, "高さ（ｍ）": 215, "測器の深度（ｍ）": null, "維持管理機関名": "国土地理院", "維持管理機関名（英語）": "GSI", "観測開始年（西暦）": 2003, "同月": 2, "観測機器名または観測項目": "TRIMBLE Alloy" }, "geometry": { "type": "Point", "coordinates": [ 142.6012, 44.1145 ] } },
{ "type": "Feature", "properties": { "観測の種類": "GNSS", "name": "斜里２", "観測点名ローマ字": "SHARI2", "観測点コード": "20859", "緯度（度）": 44.065, "経度（度）": 144.9935, "高さ（ｍ）": 66, "測器の深度（ｍ）": null, "維持管理機関名": "国土地理院", "維持管理機関名（英語）": "GSI", "観測開始年（西暦）": 2003, "同月": 2, "観測機器名または観測項目": "TRIMBLE Alloy" }, "geometry": { "type": "Point", "coordinates": [ 144.9935, 44.065 ] } },
{ "type": "Feature", "properties": { "観測の種類": "GNSS", "name": "生田原", "観測点名ローマ字": "IKUTAHARA", "観測点コード": "20861", "緯度（度）": 43.9099, "経度（度）": 143.5342, "高さ（ｍ）": 194, "測器の深度（ｍ）": null, "維持管理機関名": "国土地理院", "維持管理機関名（英語）": "GSI", "観測開始年（西暦）": 2003, "同月": 2, "観測機器名または観測項目": "TRIMBLE Alloy" }, "geometry": { "type": "Point", "coordinates": [ 143.5342, 43.9099 ] } },
{ "type": "Feature", "properties": { "観測の種類": "GNSS", "name": "標津２", "観測点名ローマ字": "SHIBETSU2", "観測点コード": "20864", "緯度（度）": 43.794, "経度（度）": 145.0569, "高さ（ｍ）": 13, "測器の深度（ｍ）": null, "維持管理機関名": "国土地理院", "維持管理機関名（英語）": "GSI", "観測開始年（西暦）": 2003, "同月": 2, "観測機器名または観測項目": "TRIMBLE Alloy" }, "geometry": { "type": "Point", "coordinates": [ 145.0569, 43.794 ] } },
{ "type": "Feature", "properties": { "観測の種類": "GNSS", "name": "別海３", "観測点名ローマ字": "BEKKAI3", "観測点コード": "20869", "緯度（度）": 43.556, "経度（度）": 145.2204, "高さ（ｍ）": 17, "測器の深度（ｍ）": null, "維持管理機関名": "国土地理院", "維持管理機関名（英語）": "GSI", "観測開始年（西暦）": 2003, "同月": 2, "観測機器名または観測項目": "TOPCON NET-G5" }, "geometry": { "type": "Point", "coordinates": [ 145.2204, 43.556 ] } },
{ "type": "Feature", "properties": { "観測の種類": "GNSS", "name": "中標津２", "観測点名ローマ字": "NAKASHIBETSU2", "観測点コード": "20870", "緯度（度）": 43.5459, "経度（度）": 144.719, "高さ（ｍ）": 195, "測器の深度（ｍ）": null, "維持管理機関名": "国土地理院", "維持管理機関名（英語）": "GSI", "観測開始年（西暦）": 2003, "同月": 2, "観測機器名または観測項目": "TRIMBLE Alloy" }, "geometry": { "type": "Point", "coordinates": [ 144.719, 43.5459 ] } },
{ "type": "Feature", "properties": { "観測の種類": "GNSS", "name": "芦別", "観測点名ローマ字": "ASHIBETSU", "観測点コード": "20871", "緯度（度）": 43.5216, "経度（度）": 142.1876, "高さ（ｍ）": 96, "測器の深度（ｍ）": null, "維持管理機関名": "国土地理院", "維持管理機関名（英語）": "GSI", "観測開始年（西暦）": 2003, "同月": 2, "観測機器名または観測項目": "TRIMBLE Alloy" }, "geometry": { "type": "Point", "coordinates": [ 142.1876, 43.5216 ] } },
{ "type": "Feature", "properties": { "観測の種類": "GNSS", "name": "陸別", "観測点名ローマ字": "RIKUBETSU", "観測点コード": "20873", "緯度（度）": 43.4736, "経度（度）": 143.7539, "高さ（ｍ）": 217, "測器の深度（ｍ）": null, "維持管理機関名": "国土地理院", "維持管理機関名（英語）": "GSI", "観測開始年（西暦）": 2003, "同月": 2, "観測機器名または観測項目": "TRIMBLE Alloy" }, "geometry": { "type": "Point", "coordinates": [ 143.7539, 43.4736 ] } },
{ "type": "Feature", "properties": { "観測の種類": "GNSS", "name": "上士幌２", "観測点名ローマ字": "KAMISHIHORO2", "観測点コード": "20874", "緯度（度）": 43.3665, "経度（度）": 143.187, "高さ（ｍ）": 562, "測器の深度（ｍ）": null, "維持管理機関名": "国土地理院", "維持管理機関名（英語）": "GSI", "観測開始年（西暦）": 2003, "同月": 2, "観測機器名または観測項目": "TRIMBLE Alloy" }, "geometry": { "type": "Point", "coordinates": [ 143.187, 43.3665 ] } },
{ "type": "Feature", "properties": { "観測の種類": "GNSS", "name": "積丹２", "観測点名ローマ字": "SHAKOTAN2", "観測点コード": "20875", "緯度（度）": 43.3207, "経度（度）": 140.3783, "高さ（ｍ）": 24, "測器の深度（ｍ）": null, "維持管理機関名": "国土地理院", "維持管理機関名（英語）": "GSI", "観測開始年（西暦）": 2003, "同月": 2, "観測機器名または観測項目": "TOPCON NET-G5" }, "geometry": { "type": "Point", "coordinates": [ 140.3783, 43.3207 ] } },
{ "type": "Feature", "properties": { "観測の種類": "GNSS", "name": "石狩", "観測点名ローマ字": "ISHIKARI", "観測点コード": "20876", "緯度（度）": 43.2405, "経度（度）": 141.346, "高さ（ｍ）": 9, "測器の深度（ｍ）": null, "維持管理機関名": "国土地理院", "維持管理機関名（英語）": "GSI", "観測開始年（西暦）": 2003, "同月": 2, "観測機器名または観測項目": "TRIMBLE Alloy" }, "geometry": { "type": "Point", "coordinates": [ 141.346, 43.2405 ] } },
{ "type": "Feature", "properties": { "観測の種類": "GNSS", "name": "新篠津", "観測点名ローマ字": "SHINSHINOTSU", "観測点コード": "20877", "緯度（度）": 43.2209, "経度（度）": 141.652, "高さ（ｍ）": 14, "測器の深度（ｍ）": null, "維持管理機関名": "国土地理院", "維持管理機関名（英語）": "GSI", "観測開始年（西暦）": 2003, "同月": 2, "観測機器名または観測項目": "TOPCON NET-G5" }, "geometry": { "type": "Point", "coordinates": [ 141.652, 43.2209 ] } },
{ "type": "Feature", "properties": { "観測の種類": "GNSS", "name": "鹿追", "観測点名ローマ字": "SHIKAOI", "観測点コード": "20879", "緯度（度）": 43.1713, "経度（度）": 143.0278, "高さ（ｍ）": 335, "測器の深度（ｍ）": null, "維持管理機関名": "国土地理院", "維持管理機関名（英語）": "GSI", "観測開始年（西暦）": 2003, "同月": 2, "観測機器名または観測項目": "TRIMBLE Alloy" }, "geometry": { "type": "Point", "coordinates": [ 143.0278, 43.1713 ] } },
{ "type": "Feature", "properties": { "観測の種類": "GNSS", "name": "南富良野", "観測点名ローマ字": "MINAMIFURANO", "観測点コード": "20880", "緯度（度）": 43.1651, "経度（度）": 142.567, "高さ（ｍ）": 355, "測器の深度（ｍ）": null, "維持管理機関名": "国土地理院", "維持管理機関名（英語）": "GSI", "観測開始年（西暦）": 2003, "同月": 2, "観測機器名または観測項目": "TRIMBLE Alloy" }, "geometry": { "type": "Point", "coordinates": [ 142.567, 43.1651 ] } },
{ "type": "Feature", "properties": { "観測の種類": "GNSS", "name": "札幌２", "観測点名ローマ字": "SAPPORO2", "観測点コード": "20882", "緯度（度）": 43.1404, "経度（度）": 141.2033, "高さ（ｍ）": 10, "測器の深度（ｍ）": null, "維持管理機関名": "国土地理院", "維持管理機関名（英語）": "GSI", "観測開始年（西暦）": 2003, "同月": 2, "観測機器名または観測項目": "TOPCON NET-G5" }, "geometry": { "type": "Point", "coordinates": [ 141.2033, 43.1404 ] } },
{ "type": "Feature", "properties": { "観測の種類": "GNSS", "name": "本別", "観測点名ローマ字": "HONBETSU", "観測点コード": "20883", "緯度（度）": 43.1239, "経度（度）": 143.5977, "高さ（ｍ）": 63, "測器の深度（ｍ）": null, "維持管理機関名": "国土地理院", "維持管理機関名（英語）": "GSI", "観測開始年（西暦）": 2003, "同月": 2, "観測機器名または観測項目": "TRIMBLE Alloy" }, "geometry": { "type": "Point", "coordinates": [ 143.5977, 43.1239 ] } },
{ "type": "Feature", "properties": { "観測の種類": "GNSS", "name": "青森川内", "観測点名ローマ字": "AOMORIKAWAUCHI", "観測点コード": "20895", "緯度（度）": 41.1997, "経度（度）": 140.9838, "高さ（ｍ）": 7, "測器の深度（ｍ）": null, "維持管理機関名": "国土地理院", "維持管理機関名（英語）": "GSI", "観測開始年（西暦）": 2003, "同月": 2, "観測機器名または観測項目": "TRIMBLE Alloy" }, "geometry": { "type": "Point", "coordinates": [ 140.9838, 41.1997 ] } },
{ "type": "Feature", "properties": { "観測の種類": "GNSS", "name": "東通２", "観測点名ローマ字": "HIGASHIDOORI2", "観測点コード": "20896", "緯度（度）": 41.1609, "経度（度）": 141.3857, "高さ（ｍ）": 17, "測器の深度（ｍ）": null, "維持管理機関名": "国土地理院", "維持管理機関名（英語）": "GSI", "観測開始年（西暦）": 2003, "同月": 2, "観測機器名または観測項目": "TOPCON NET-G5" }, "geometry": { "type": "Point", "coordinates": [ 141.3857, 41.1609 ] } },
{ "type": "Feature", "properties": { "観測の種類": "GNSS", "name": "小泊", "観測点名ローマ字": "KODOMARI", "観測点コード": "20897", "緯度（度）": 41.1217, "経度（度）": 140.2935, "高さ（ｍ）": 53, "測器の深度（ｍ）": null, "維持管理機関名": "国土地理院", "維持管理機関名（英語）": "GSI", "観測開始年（西暦）": 2003, "同月": 2, "観測機器名または観測項目": "TRIMBLE Alloy" }, "geometry": { "type": "Point", "coordinates": [ 140.2935, 41.1217 ] } },
{ "type": "Feature", "properties": { "観測の種類": "GNSS", "name": "十和田湖１", "観測点名ローマ字": "TOWADAKO1", "観測点コード": "20899", "緯度（度）": 40.58, "経度（度）": 141.106, "高さ（ｍ）": 164, "測器の深度（ｍ）": null, "維持管理機関名": "国土地理院", "維持管理機関名（英語）": "GSI", "観測開始年（西暦）": 2003, "同月": 2, "観測機器名または観測項目": "TOPCON NET-G5" }, "geometry": { "type": "Point", "coordinates": [ 141.106, 40.58 ] } },
{ "type": "Feature", "properties": { "観測の種類": "GNSS", "name": "五戸", "観測点名ローマ字": "GONOHE", "観測点コード": "20901", "緯度（度）": 40.5088, "経度（度）": 141.332, "高さ（ｍ）": 136, "測器の深度（ｍ）": null, "維持管理機関名": "国土地理院", "維持管理機関名（英語）": "GSI", "観測開始年（西暦）": 2003, "同月": 2, "観測機器名または観測項目": "TRIMBLE Alloy" }, "geometry": { "type": "Point", "coordinates": [ 141.332, 40.5088 ] } },
{ "type": "Feature", "properties": { "観測の種類": "GNSS", "name": "十和田湖２", "観測点名ローマ字": "TOWADAKO2", "観測点コード": "20902", "緯度（度）": 40.4476, "経度（度）": 140.9416, "高さ（ｍ）": 437, "測器の深度（ｍ）": null, "維持管理機関名": "国土地理院", "維持管理機関名（英語）": "GSI", "観測開始年（西暦）": 2003, "同月": 2, "観測機器名または観測項目": "TRIMBLE Alloy" }, "geometry": { "type": "Point", "coordinates": [ 140.9416, 40.4476 ] } },
{ "type": "Feature", "properties": { "観測の種類": "GNSS", "name": "軽米", "観測点名ローマ字": "KARUMAI", "観測点コード": "20903", "緯度（度）": 40.271, "経度（度）": 141.4849, "高さ（ｍ）": 244, "測器の深度（ｍ）": null, "維持管理機関名": "国土地理院", "維持管理機関名（英語）": "GSI", "観測開始年（西暦）": 2003, "同月": 2, "観測機器名または観測項目": "TOPCON NET-G5" }, "geometry": { "type": "Point", "coordinates": [ 141.4849, 40.271 ] } },
{ "type": "Feature", "properties": { "観測の種類": "GNSS", "name": "安代", "観測点名ローマ字": "ASHIRO", "観測点コード": "20904", "緯度（度）": 40.1067, "経度（度）": 141.0465, "高さ（ｍ）": 308, "測器の深度（ｍ）": null, "維持管理機関名": "国土地理院", "維持管理機関名（英語）": "GSI", "観測開始年（西暦）": 2003, "同月": 2, "観測機器名または観測項目": "TOPCON NET-G5" }, "geometry": { "type": "Point", "coordinates": [ 141.0465, 40.1067 ] } },
{ "type": "Feature", "properties": { "観測の種類": "GNSS", "name": "川井２", "観測点名ローマ字": "KAWAI2", "観測点コード": "20907", "緯度（度）": 39.6394, "経度（度）": 141.4261, "高さ（ｍ）": 642, "測器の深度（ｍ）": null, "維持管理機関名": "国土地理院", "維持管理機関名（英語）": "GSI", "観測開始年（西暦）": 2003, "同月": 2, "観測機器名または観測項目": "TOPCON NET-G5" }, "geometry": { "type": "Point", "coordinates": [ 141.4261, 39.6394 ] } },
{ "type": "Feature", "properties": { "観測の種類": "GNSS", "name": "沢内", "観測点名ローマ字": "SAWAUCHI", "観測点コード": "20908", "緯度（度）": 39.5544, "経度（度）": 140.8363, "高さ（ｍ）": 430, "測器の深度（ｍ）": null, "維持管理機関名": "国土地理院", "維持管理機関名（英語）": "GSI", "観測開始年（西暦）": 2003, "同月": 2, "観測機器名または観測項目": "TOPCON NET-G5" }, "geometry": { "type": "Point", "coordinates": [ 140.8363, 39.5544 ] } },
{ "type": "Feature", "properties": { "観測の種類": "GNSS", "name": "大迫", "観測点名ローマ字": "OOHASAMA", "観測点コード": "20909", "緯度（度）": 39.4647, "経度（度）": 141.293, "高さ（ｍ）": 203, "測器の深度（ｍ）": null, "維持管理機関名": "国土地理院", "維持管理機関名（英語）": "GSI", "観測開始年（西暦）": 2003, "同月": 2, "観測機器名または観測項目": "TOPCON NET-G5" }, "geometry": { "type": "Point", "coordinates": [ 141.293, 39.4647 ] } },
{ "type": "Feature", "properties": { "観測の種類": "GNSS", "name": "江刺", "観測点名ローマ字": "ESASHI", "観測点コード": "20910", "緯度（度）": 39.2354, "経度（度）": 141.3117, "高さ（ｍ）": 181, "測器の深度（ｍ）": null, "維持管理機関名": "国土地理院", "維持管理機関名（英語）": "GSI", "観測開始年（西暦）": 2003, "同月": 2, "観測機器名または観測項目": "TOPCON NET-G5" }, "geometry": { "type": "Point", "coordinates": [ 141.3117, 39.2354 ] } },
{ "type": "Feature", "properties": { "観測の種類": "GNSS", "name": "岩手大東", "観測点名ローマ字": "IWATEDAITOU", "観測点コード": "20911", "緯度（度）": 39.0121, "経度（度）": 141.4009, "高さ（ｍ）": 170, "測器の深度（ｍ）": null, "維持管理機関名": "国土地理院", "維持管理機関名（英語）": "GSI", "観測開始年（西暦）": 2003, "同月": 2, "観測機器名または観測項目": "TOPCON NET-G5" }, "geometry": { "type": "Point", "coordinates": [ 141.4009, 39.0121 ] } },
{ "type": "Feature", "properties": { "観測の種類": "GNSS", "name": "平泉", "観測点名ローマ字": "HIRAIZUMI", "観測点コード": "20912", "緯度（度）": 38.9955, "経度（度）": 141.1486, "高さ（ｍ）": 90, "測器の深度（ｍ）": null, "維持管理機関名": "国土地理院", "維持管理機関名（英語）": "GSI", "観測開始年（西暦）": 2003, "同月": 2, "観測機器名または観測項目": "TOPCON NET-G5" }, "geometry": { "type": "Point", "coordinates": [ 141.1486, 38.9955 ] } },
{ "type": "Feature", "properties": { "観測の種類": "GNSS", "name": "栗駒２", "観測点名ローマ字": "KURIKOMA2", "観測点コード": "20913", "緯度（度）": 38.934, "経度（度）": 140.8332, "高さ（ｍ）": 650, "測器の深度（ｍ）": null, "維持管理機関名": "国土地理院", "維持管理機関名（英語）": "GSI", "観測開始年（西暦）": 2003, "同月": 2, "観測機器名または観測項目": "TOPCON NET-G5" }, "geometry": { "type": "Point", "coordinates": [ 140.8332, 38.934 ] } },
{ "type": "Feature", "properties": { "観測の種類": "GNSS", "name": "宮城東和", "観測点名ローマ字": "MIYAGITOUWA", "観測点コード": "20914", "緯度（度）": 38.7432, "経度（度）": 141.3179, "高さ（ｍ）": 17, "測器の深度（ｍ）": null, "維持管理機関名": "国土地理院", "維持管理機関名（英語）": "GSI", "観測開始年（西暦）": 2003, "同月": 2, "観測機器名または観測項目": "TOPCON NET-G5" }, "geometry": { "type": "Point", "coordinates": [ 141.3179, 38.7432 ] } },
{ "type": "Feature", "properties": { "観測の種類": "GNSS", "name": "高清水", "観測点名ローマ字": "TAKASHIMIZU", "観測点コード": "20915", "緯度（度）": 38.6861, "経度（度）": 141.0044, "高さ（ｍ）": 64, "測器の深度（ｍ）": null, "維持管理機関名": "国土地理院", "維持管理機関名（英語）": "GSI", "観測開始年（西暦）": 2003, "同月": 2, "観測機器名または観測項目": "TOPCON NET-G5" }, "geometry": { "type": "Point", "coordinates": [ 141.0044, 38.6861 ] } },
{ "type": "Feature", "properties": { "観測の種類": "GNSS", "name": "南方", "観測点名ローマ字": "MINAMIKATA", "観測点コード": "20916", "緯度（度）": 38.6606, "経度（度）": 141.1608, "高さ（ｍ）": 10, "測器の深度（ｍ）": null, "維持管理機関名": "国土地理院", "維持管理機関名（英語）": "GSI", "観測開始年（西暦）": 2003, "同月": 2, "観測機器名または観測項目": "TOPCON NET-G5" }, "geometry": { "type": "Point", "coordinates": [ 141.1608, 38.6606 ] } },
{ "type": "Feature", "properties": { "観測の種類": "GNSS", "name": "丸森", "観測点名ローマ字": "MARUMORI", "観測点コード": "20920", "緯度（度）": 37.8246, "経度（度）": 140.7277, "高さ（ｍ）": 302, "測器の深度（ｍ）": null, "維持管理機関名": "国土地理院", "維持管理機関名（英語）": "GSI", "観測開始年（西暦）": 2003, "同月": 2, "観測機器名または観測項目": "TOPCON NET-G5" }, "geometry": { "type": "Point", "coordinates": [ 140.7277, 37.8246 ] } },
{ "type": "Feature", "properties": { "観測の種類": "GNSS", "name": "八森", "観測点名ローマ字": "HACHIMORI", "観測点コード": "20921", "緯度（度）": 40.3394, "経度（度）": 140.0276, "高さ（ｍ）": 10, "測器の深度（ｍ）": null, "維持管理機関名": "国土地理院", "維持管理機関名（英語）": "GSI", "観測開始年（西暦）": 2003, "同月": 2, "観測機器名または観測項目": "TOPCON NET-G5" }, "geometry": { "type": "Point", "coordinates": [ 140.0276, 40.3394 ] } },
{ "type": "Feature", "properties": { "観測の種類": "GNSS", "name": "鷹巣", "観測点名ローマ字": "TAKANOSU", "観測点コード": "20922", "緯度（度）": 40.1833, "経度（度）": 140.4082, "高さ（ｍ）": 61, "測器の深度（ｍ）": null, "維持管理機関名": "国土地理院", "維持管理機関名（英語）": "GSI", "観測開始年（西暦）": 2003, "同月": 2, "観測機器名または観測項目": "TRIMBLE Alloy" }, "geometry": { "type": "Point", "coordinates": [ 140.4082, 40.1833 ] } },
{ "type": "Feature", "properties": { "観測の種類": "GNSS", "name": "八竜", "観測点名ローマ字": "HACHIRYUU", "観測点コード": "20923", "緯度（度）": 40.0997, "経度（度）": 140.0055, "高さ（ｍ）": 9, "測器の深度（ｍ）": null, "維持管理機関名": "国土地理院", "維持管理機関名（英語）": "GSI", "観測開始年（西暦）": 2003, "同月": 2, "観測機器名または観測項目": "TOPCON NET-G5" }, "geometry": { "type": "Point", "coordinates": [ 140.0055, 40.0997 ] } },
{ "type": "Feature", "properties": { "観測の種類": "GNSS", "name": "阿仁２", "観測点名ローマ字": "ANI2", "観測点コード": "20924", "緯度（度）": 39.9214, "経度（度）": 140.5359, "高さ（ｍ）": 292, "測器の深度（ｍ）": null, "維持管理機関名": "国土地理院", "維持管理機関名（英語）": "GSI", "観測開始年（西暦）": 2003, "同月": 2, "観測機器名または観測項目": "TRIMBLE Alloy" }, "geometry": { "type": "Point", "coordinates": [ 140.5359, 39.9214 ] } },
{ "type": "Feature", "properties": { "観測の種類": "GNSS", "name": "岩城", "観測点名ローマ字": "AKITAIWAKI", "観測点コード": "20925", "緯度（度）": 39.5276, "経度（度）": 140.0539, "高さ（ｍ）": 40, "測器の深度（ｍ）": null, "維持管理機関名": "国土地理院", "維持管理機関名（英語）": "GSI", "観測開始年（西暦）": 2003, "同月": 2, "観測機器名または観測項目": "TRIMBLE Alloy" }, "geometry": { "type": "Point", "coordinates": [ 140.0539, 39.5276 ] } },
{ "type": "Feature", "properties": { "観測の種類": "GNSS", "name": "太田", "観測点名ローマ字": "OOTA", "観測点コード": "20926", "緯度（度）": 39.5081, "経度（度）": 140.5961, "高さ（ｍ）": 73, "測器の深度（ｍ）": null, "維持管理機関名": "国土地理院", "維持管理機関名（英語）": "GSI", "観測開始年（西暦）": 2003, "同月": 2, "観測機器名または観測項目": "TRIMBLE Alloy" }, "geometry": { "type": "Point", "coordinates": [ 140.5961, 39.5081 ] } },
{ "type": "Feature", "properties": { "観測の種類": "GNSS", "name": "東成瀬", "観測点名ローマ字": "HIGASHINARUSE", "観測点コード": "20928", "緯度（度）": 39.1462, "経度（度）": 140.7151, "高さ（ｍ）": 280, "測器の深度（ｍ）": null, "維持管理機関名": "国土地理院", "維持管理機関名（英語）": "GSI", "観測開始年（西暦）": 2003, "同月": 2, "観測機器名または観測項目": "TOPCON NET-G5" }, "geometry": { "type": "Point", "coordinates": [ 140.7151, 39.1462 ] } },
{ "type": "Feature", "properties": { "観測の種類": "GNSS", "name": "雄勝", "観測点名ローマ字": "OGACHI", "観測点コード": "20929", "緯度（度）": 39.0544, "経度（度）": 140.4474, "高さ（ｍ）": 159, "測器の深度（ｍ）": null, "維持管理機関名": "国土地理院", "維持管理機関名（英語）": "GSI", "観測開始年（西暦）": 2003, "同月": 2, "観測機器名または観測項目": "TOPCON NET-G5" }, "geometry": { "type": "Point", "coordinates": [ 140.4474, 39.0544 ] } },
{ "type": "Feature", "properties": { "観測の種類": "GNSS", "name": "鶴岡", "観測点名ローマ字": "TSURUOKA", "観測点コード": "20932", "緯度（度）": 38.7012, "経度（度）": 139.6745, "高さ（ｍ）": 21, "測器の深度（ｍ）": null, "維持管理機関名": "国土地理院", "維持管理機関名（英語）": "GSI", "観測開始年（西暦）": 2003, "同月": 2, "観測機器名または観測項目": "TRIMBLE Alloy" }, "geometry": { "type": "Point", "coordinates": [ 139.6745, 38.7012 ] } },
{ "type": "Feature", "properties": { "観測の種類": "GNSS", "name": "山形", "観測点名ローマ字": "YAMAGATA", "観測点コード": "20934", "緯度（度）": 38.1704, "経度（度）": 140.3939, "高さ（ｍ）": 888, "測器の深度（ｍ）": null, "維持管理機関名": "国土地理院", "維持管理機関名（英語）": "GSI", "観測開始年（西暦）": 2003, "同月": 2, "観測機器名または観測項目": "TRIMBLE Alloy" }, "geometry": { "type": "Point", "coordinates": [ 140.3939, 38.1704 ] } },
{ "type": "Feature", "properties": { "観測の種類": "GNSS", "name": "飯豊", "観測点名ローマ字": "IIDE", "観測点コード": "20935", "緯度（度）": 37.9206, "経度（度）": 139.8794, "高さ（ｍ）": 382, "測器の深度（ｍ）": null, "維持管理機関名": "国土地理院", "維持管理機関名（英語）": "GSI", "観測開始年（西暦）": 2003, "同月": 2, "観測機器名または観測項目": "TRIMBLE Alloy" }, "geometry": { "type": "Point", "coordinates": [ 139.8794, 37.9206 ] } },
{ "type": "Feature", "properties": { "観測の種類": "GNSS", "name": "福島２", "観測点名ローマ字": "FUKUSHIMA2", "観測点コード": "20936", "緯度（度）": 37.8335, "経度（度）": 140.4468, "高さ（ｍ）": 118, "測器の深度（ｍ）": null, "維持管理機関名": "国土地理院", "維持管理機関名（英語）": "GSI", "観測開始年（西暦）": 2003, "同月": 2, "観測機器名または観測項目": "TOPCON NET-G5" }, "geometry": { "type": "Point", "coordinates": [ 140.4468, 37.8335 ] } },
{ "type": "Feature", "properties": { "観測の種類": "GNSS", "name": "福島東和", "観測点名ローマ字": "FUKUSHIMATOUWA", "観測点コード": "20938", "緯度（度）": 37.5911, "経度（度）": 140.5717, "高さ（ｍ）": 401, "測器の深度（ｍ）": null, "維持管理機関名": "国土地理院", "維持管理機関名（英語）": "GSI", "観測開始年（西暦）": 2003, "同月": 2, "観測機器名または観測項目": "TOPCON NET-G5" }, "geometry": { "type": "Point", "coordinates": [ 140.5717, 37.5911 ] } },
{ "type": "Feature", "properties": { "観測の種類": "GNSS", "name": "会津高田", "観測点名ローマ字": "AIZUTAKADA", "観測点コード": "20939", "緯度（度）": 37.4613, "経度（度）": 139.8355, "高さ（ｍ）": 235, "測器の深度（ｍ）": null, "維持管理機関名": "国土地理院", "維持管理機関名（英語）": "GSI", "観測開始年（西暦）": 2003, "同月": 2, "観測機器名または観測項目": "TRIMBLE Alloy" }, "geometry": { "type": "Point", "coordinates": [ 139.8355, 37.4613 ] } },
{ "type": "Feature", "properties": { "観測の種類": "GNSS", "name": "福島郡山３", "観測点名ローマ字": "FUKUSIMAKOORIYA3", "観測点コード": "20940", "緯度（度）": 37.4449, "経度（度）": 140.4641, "高さ（ｍ）": 321, "測器の深度（ｍ）": null, "維持管理機関名": "国土地理院", "維持管理機関名（英語）": "GSI", "観測開始年（西暦）": 2003, "同月": 2, "観測機器名または観測項目": "TRIMBLE NetR9" }, "geometry": { "type": "Point", "coordinates": [ 140.4641, 37.4449 ] } },
{ "type": "Feature", "properties": { "観測の種類": "GNSS", "name": "昭和", "観測点名ローマ字": "FUKUSHIMASHOUWA", "観測点コード": "20941", "緯度（度）": 37.3262, "経度（度）": 139.6864, "高さ（ｍ）": 773, "測器の深度（ｍ）": null, "維持管理機関名": "国土地理院", "維持管理機関名（英語）": "GSI", "観測開始年（西暦）": 2003, "同月": 2, "観測機器名または観測項目": "TOPCON NET-G5" }, "geometry": { "type": "Point", "coordinates": [ 139.6864, 37.3262 ] } },
{ "type": "Feature", "properties": { "観測の種類": "GNSS", "name": "福島長沼", "観測点名ローマ字": "FUKUSIMANAGANUMA", "観測点コード": "20942", "緯度（度）": 37.293, "経度（度）": 140.2128, "高さ（ｍ）": 330, "測器の深度（ｍ）": null, "維持管理機関名": "国土地理院", "維持管理機関名（英語）": "GSI", "観測開始年（西暦）": 2003, "同月": 2, "観測機器名または観測項目": "TRIMBLE NetR9" }, "geometry": { "type": "Point", "coordinates": [ 140.2128, 37.293 ] } },
{ "type": "Feature", "properties": { "観測の種類": "GNSS", "name": "玉川", "観測点名ローマ字": "TAMAKAWA", "観測点コード": "20943", "緯度（度）": 37.2106, "経度（度）": 140.451, "高さ（ｍ）": 369, "測器の深度（ｍ）": null, "維持管理機関名": "国土地理院", "維持管理機関名（英語）": "GSI", "観測開始年（西暦）": 2003, "同月": 2, "観測機器名または観測項目": "TRIMBLE Alloy" }, "geometry": { "type": "Point", "coordinates": [ 140.451, 37.2106 ] } },
{ "type": "Feature", "properties": { "観測の種類": "GNSS", "name": "棚倉", "観測点名ローマ字": "TANAGURA", "観測点コード": "20945", "緯度（度）": 37.0236, "経度（度）": 140.3763, "高さ（ｍ）": 299, "測器の深度（ｍ）": null, "維持管理機関名": "国土地理院", "維持管理機関名（英語）": "GSI", "観測開始年（西暦）": 2003, "同月": 2, "観測機器名または観測項目": "TOPCON NET-G5" }, "geometry": { "type": "Point", "coordinates": [ 140.3763, 37.0236 ] } },
{ "type": "Feature", "properties": { "観測の種類": "GNSS", "name": "いわき４", "観測点名ローマ字": "IWAKI4", "観測点コード": "20946", "緯度（度）": 36.9326, "経度（度）": 140.6902, "高さ（ｍ）": 189, "測器の深度（ｍ）": null, "維持管理機関名": "国土地理院", "維持管理機関名（英語）": "GSI", "観測開始年（西暦）": 2003, "同月": 2, "観測機器名または観測項目": "TOPCON NET-G5" }, "geometry": { "type": "Point", "coordinates": [ 140.6902, 36.9326 ] } },
{ "type": "Feature", "properties": { "観測の種類": "GNSS", "name": "常北", "観測点名ローマ字": "JOUHOKU", "観測点コード": "20947", "緯度（度）": 36.4758, "経度（度）": 140.3857, "高さ（ｍ）": 50, "測器の深度（ｍ）": null, "維持管理機関名": "国土地理院", "維持管理機関名（英語）": "GSI", "観測開始年（西暦）": 2003, "同月": 2, "観測機器名または観測項目": "TRIMBLE Alloy" }, "geometry": { "type": "Point", "coordinates": [ 140.3857, 36.4758 ] } },
{ "type": "Feature", "properties": { "観測の種類": "GNSS", "name": "鹿沼", "観測点名ローマ字": "KANUMA", "観測点コード": "20950", "緯度（度）": 36.5376, "経度（度）": 139.7528, "高さ（ｍ）": 129, "測器の深度（ｍ）": null, "維持管理機関名": "国土地理院", "維持管理機関名（英語）": "GSI", "観測開始年（西暦）": 2003, "同月": 2, "観測機器名または観測項目": "TRIMBLE Alloy" }, "geometry": { "type": "Point", "coordinates": [ 139.7528, 36.5376 ] } },
{ "type": "Feature", "properties": { "観測の種類": "GNSS", "name": "水上２", "観測点名ローマ字": "MINAKAMI2", "観測点コード": "20952", "緯度（度）": 36.8374, "経度（度）": 139.0609, "高さ（ｍ）": 756, "測器の深度（ｍ）": null, "維持管理機関名": "国土地理院", "維持管理機関名（英語）": "GSI", "観測開始年（西暦）": 2003, "同月": 2, "観測機器名または観測項目": "TOPCON NET-G5" }, "geometry": { "type": "Point", "coordinates": [ 139.0609, 36.8374 ] } },
{ "type": "Feature", "properties": { "観測の種類": "GNSS", "name": "中之条", "観測点名ローマ字": "NAKANOJOU", "観測点コード": "20954", "緯度（度）": 36.5914, "経度（度）": 138.8479, "高さ（ｍ）": 376, "測器の深度（ｍ）": null, "維持管理機関名": "国土地理院", "維持管理機関名（英語）": "GSI", "観測開始年（西暦）": 2003, "同月": 2, "観測機器名または観測項目": "TRIMBLE Alloy" }, "geometry": { "type": "Point", "coordinates": [ 138.8479, 36.5914 ] } },
{ "type": "Feature", "properties": { "観測の種類": "GNSS", "name": "群馬", "観測点名ローマ字": "GUNMA", "観測点コード": "20955", "緯度（度）": 36.3953, "経度（度）": 139.0167, "高さ（ｍ）": 136, "測器の深度（ｍ）": null, "維持管理機関名": "国土地理院", "維持管理機関名（英語）": "GSI", "観測開始年（西暦）": 2003, "同月": 2, "観測機器名または観測項目": "TOPCON NET-G5" }, "geometry": { "type": "Point", "coordinates": [ 139.0167, 36.3953 ] } },
{ "type": "Feature", "properties": { "観測の種類": "GNSS", "name": "境", "観測点名ローマ字": "GUNMASAKAI", "観測点コード": "20956", "緯度（度）": 36.2677, "経度（度）": 139.2546, "高さ（ｍ）": 45, "測器の深度（ｍ）": null, "維持管理機関名": "国土地理院", "維持管理機関名（英語）": "GSI", "観測開始年（西暦）": 2003, "同月": 2, "観測機器名または観測項目": "TOPCON NET-G5" }, "geometry": { "type": "Point", "coordinates": [ 139.2546, 36.2677 ] } },
{ "type": "Feature", "properties": { "観測の種類": "GNSS", "name": "山梨高根", "観測点名ローマ字": "YAMANASHITAKANE", "観測点コード": "20979", "緯度（度）": 35.9049, "経度（度）": 138.4442, "高さ（ｍ）": 1165, "測器の深度（ｍ）": null, "維持管理機関名": "国土地理院", "維持管理機関名（英語）": "GSI", "観測開始年（西暦）": 2003, "同月": 2, "観測機器名または観測項目": "TOPCON NET-G5" }, "geometry": { "type": "Point", "coordinates": [ 138.4442, 35.9049 ] } },
{ "type": "Feature", "properties": { "観測の種類": "GNSS", "name": "上九一色", "観測点名ローマ字": "KAMIKUISHIKI", "観測点コード": "20981", "緯度（度）": 35.4677, "経度（度）": 138.6069, "高さ（ｍ）": 931, "測器の深度（ｍ）": null, "維持管理機関名": "国土地理院", "維持管理機関名（英語）": "GSI", "観測開始年（西暦）": 2003, "同月": 2, "観測機器名または観測項目": "TRIMBLE Alloy" }, "geometry": { "type": "Point", "coordinates": [ 138.6069, 35.4677 ] } },
{ "type": "Feature", "properties": { "観測の種類": "GNSS", "name": "更埴", "観測点名ローマ字": "KOUSHOKU", "観測点コード": "20984", "緯度（度）": 36.5236, "経度（度）": 138.1209, "高さ（ｍ）": 366, "測器の深度（ｍ）": null, "維持管理機関名": "国土地理院", "維持管理機関名（英語）": "GSI", "観測開始年（西暦）": 2003, "同月": 2, "観測機器名または観測項目": "TRIMBLE Alloy" }, "geometry": { "type": "Point", "coordinates": [ 138.1209, 36.5236 ] } },
{ "type": "Feature", "properties": { "観測の種類": "GNSS", "name": "望月", "観測点名ローマ字": "MOCHIZUKI", "観測点コード": "20985", "緯度（度）": 36.261, "経度（度）": 138.366, "高さ（ｍ）": 746, "測器の深度（ｍ）": null, "維持管理機関名": "国土地理院", "維持管理機関名（英語）": "GSI", "観測開始年（西暦）": 2003, "同月": 2, "観測機器名または観測項目": "TOPCON NET-G5" }, "geometry": { "type": "Point", "coordinates": [ 138.366, 36.261 ] } },
{ "type": "Feature", "properties": { "観測の種類": "GNSS", "name": "板取", "観測点名ローマ字": "ITADORI", "観測点コード": "20991", "緯度（度）": 35.7235, "経度（度）": 136.7846, "高さ（ｍ）": 355, "測器の深度（ｍ）": null, "維持管理機関名": "国土地理院", "維持管理機関名（英語）": "GSI", "観測開始年（西暦）": 2003, "同月": 2, "観測機器名または観測項目": "TRIMBLE Alloy" }, "geometry": { "type": "Point", "coordinates": [ 136.7846, 35.7235 ] } },
{ "type": "Feature", "properties": { "観測の種類": "GNSS", "name": "恵那", "観測点名ローマ字": "ENA", "観測点コード": "20992", "緯度（度）": 35.5231, "経度（度）": 137.3091, "高さ（ｍ）": 457, "測器の深度（ｍ）": null, "維持管理機関名": "国土地理院", "維持管理機関名（英語）": "GSI", "観測開始年（西暦）": 2003, "同月": 2, "観測機器名または観測項目": "TOPCON NET-G5" }, "geometry": { "type": "Point", "coordinates": [ 137.3091, 35.5231 ] } },
{ "type": "Feature", "properties": { "観測の種類": "GNSS", "name": "揖斐川", "観測点名ローマ字": "IBIGAWA", "観測点コード": "20993", "緯度（度）": 35.4801, "経度（度）": 136.5453, "高さ（ｍ）": 64, "測器の深度（ｍ）": null, "維持管理機関名": "国土地理院", "維持管理機関名（英語）": "GSI", "観測開始年（西暦）": 2003, "同月": 2, "観測機器名または観測項目": "TRIMBLE NetR9" }, "geometry": { "type": "Point", "coordinates": [ 136.5453, 35.4801 ] } },
{ "type": "Feature", "properties": { "観測の種類": "GNSS", "name": "土岐", "観測点名ローマ字": "TOKI", "観測点コード": "20994", "緯度（度）": 35.3006, "経度（度）": 137.2523, "高さ（ｍ）": 359, "測器の深度（ｍ）": null, "維持管理機関名": "国土地理院", "維持管理機関名（英語）": "GSI", "観測開始年（西暦）": 2003, "同月": 2, "観測機器名または観測項目": "TOPCON NET-G5" }, "geometry": { "type": "Point", "coordinates": [ 137.2523, 35.3006 ] } },
{ "type": "Feature", "properties": { "観測の種類": "GNSS", "name": "豊橋２", "観測点名ローマ字": "TOYOHASHI2", "観測点コード": "20997", "緯度（度）": 34.7859, "経度（度）": 137.3388, "高さ（ｍ）": 6, "測器の深度（ｍ）": null, "維持管理機関名": "国土地理院", "維持管理機関名（英語）": "GSI", "観測開始年（西暦）": 2003, "同月": 2, "観測機器名または観測項目": "TOPCON NET-G5" }, "geometry": { "type": "Point", "coordinates": [ 137.3388, 34.7859 ] } },
{ "type": "Feature", "properties": { "観測の種類": "GNSS", "name": "南知多", "観測点名ローマ字": "MINAMICHITA", "観測点コード": "20998", "緯度（度）": 34.7401, "経度（度）": 136.9385, "高さ（ｍ）": 23, "測器の深度（ｍ）": null, "維持管理機関名": "国土地理院", "維持管理機関名（英語）": "GSI", "観測開始年（西暦）": 2003, "同月": 2, "観測機器名または観測項目": "TOPCON NET-G5" }, "geometry": { "type": "Point", "coordinates": [ 136.9385, 34.7401 ] } },
{ "type": "Feature", "properties": { "観測の種類": "GNSS", "name": "大台", "観測点名ローマ字": "OODAI", "観測点コード": "20999", "緯度（度）": 34.4203, "経度（度）": 136.4745, "高さ（ｍ）": 75, "測器の深度（ｍ）": null, "維持管理機関名": "国土地理院", "維持管理機関名（英語）": "GSI", "観測開始年（西暦）": 2003, "同月": 2, "観測機器名または観測項目": "TOPCON NET-G5" }, "geometry": { "type": "Point", "coordinates": [ 136.4745, 34.4203 ] } },
{ "type": "Feature", "properties": { "観測の種類": "GNSS", "name": "紀和", "観測点名ローマ字": "KIWA", "観測点コード": "21000", "緯度（度）": 33.877, "経度（度）": 135.9283, "高さ（ｍ）": 74, "測器の深度（ｍ）": null, "維持管理機関名": "国土地理院", "維持管理機関名（英語）": "GSI", "観測開始年（西暦）": 2003, "同月": 2, "観測機器名または観測項目": "TRIMBLE Alloy" }, "geometry": { "type": "Point", "coordinates": [ 135.9283, 33.877 ] } },
{ "type": "Feature", "properties": { "観測の種類": "GNSS", "name": "阪南", "観測点名ローマ字": "HANNAN", "観測点コード": "21004", "緯度（度）": 34.3265, "経度（度）": 135.2199, "高さ（ｍ）": 83, "測器の深度（ｍ）": null, "維持管理機関名": "国土地理院", "維持管理機関名（英語）": "GSI", "観測開始年（西暦）": 2003, "同月": 2, "観測機器名または観測項目": "TOPCON NET-G5" }, "geometry": { "type": "Point", "coordinates": [ 135.2199, 34.3265 ] } },
{ "type": "Feature", "properties": { "観測の種類": "GNSS", "name": "赤穂", "観測点名ローマ字": "AKOU", "観測点コード": "21006", "緯度（度）": 34.7604, "経度（度）": 134.3761, "高さ（ｍ）": 6, "測器の深度（ｍ）": null, "維持管理機関名": "国土地理院", "維持管理機関名（英語）": "GSI", "観測開始年（西暦）": 2003, "同月": 2, "観測機器名または観測項目": "TOPCON NET-G5" }, "geometry": { "type": "Point", "coordinates": [ 134.3761, 34.7604 ] } },
{ "type": "Feature", "properties": { "観測の種類": "GNSS", "name": "月ヶ瀬", "観測点名ローマ字": "TSUKIGASE", "観測点コード": "21007", "緯度（度）": 34.7106, "経度（度）": 136.0419, "高さ（ｍ）": 239, "測器の深度（ｍ）": null, "維持管理機関名": "国土地理院", "維持管理機関名（英語）": "GSI", "観測開始年（西暦）": 2003, "同月": 2, "観測機器名または観測項目": "TOPCON NET-G5" }, "geometry": { "type": "Point", "coordinates": [ 136.0419, 34.7106 ] } },
{ "type": "Feature", "properties": { "観測の種類": "GNSS", "name": "御杖", "観測点名ローマ字": "MITSUE", "観測点コード": "21008", "緯度（度）": 34.4939, "経度（度）": 136.1731, "高さ（ｍ）": 505, "測器の深度（ｍ）": null, "維持管理機関名": "国土地理院", "維持管理機関名（英語）": "GSI", "観測開始年（西暦）": 2003, "同月": 2, "観測機器名または観測項目": "TRIMBLE NetR9" }, "geometry": { "type": "Point", "coordinates": [ 136.1731, 34.4939 ] } },
{ "type": "Feature", "properties": { "観測の種類": "GNSS", "name": "奈良川上", "観測点名ローマ字": "NARAKAWAKAMI", "観測点コード": "21009", "緯度（度）": 34.2929, "経度（度）": 136.0026, "高さ（ｍ）": 362, "測器の深度（ｍ）": null, "維持管理機関名": "国土地理院", "維持管理機関名（英語）": "GSI", "観測開始年（西暦）": 2003, "同月": 2, "観測機器名または観測項目": "TRIMBLE NetR9" }, "geometry": { "type": "Point", "coordinates": [ 136.0026, 34.2929 ] } },
{ "type": "Feature", "properties": { "観測の種類": "GNSS", "name": "天川", "観測点名ローマ字": "TENKAWA", "観測点コード": "21010", "緯度（度）": 34.242, "経度（度）": 135.8548, "高さ（ｍ）": 612, "測器の深度（ｍ）": null, "維持管理機関名": "国土地理院", "維持管理機関名（英語）": "GSI", "観測開始年（西暦）": 2003, "同月": 2, "観測機器名または観測項目": "TOPCON NET-G5" }, "geometry": { "type": "Point", "coordinates": [ 135.8548, 34.242 ] } },
{ "type": "Feature", "properties": { "観測の種類": "GNSS", "name": "龍神", "観測点名ローマ字": "RYUUJIN", "観測点コード": "21011", "緯度（度）": 33.9408, "経度（度）": 135.554, "高さ（ｍ）": 416, "測器の深度（ｍ）": null, "維持管理機関名": "国土地理院", "維持管理機関名（英語）": "GSI", "観測開始年（西暦）": 2003, "同月": 2, "観測機器名または観測項目": "TRIMBLE NetR9" }, "geometry": { "type": "Point", "coordinates": [ 135.554, 33.9408 ] } },
{ "type": "Feature", "properties": { "観測の種類": "GNSS", "name": "那智勝浦２", "観測点名ローマ字": "NACHIKATSUURA2", "観測点コード": "21012", "緯度（度）": 33.6688, "経度（度）": 135.8821, "高さ（ｍ）": 551, "測器の深度（ｍ）": null, "維持管理機関名": "国土地理院", "維持管理機関名（英語）": "GSI", "観測開始年（西暦）": 2003, "同月": 2, "観測機器名または観測項目": "TOPCON NET-G5" }, "geometry": { "type": "Point", "coordinates": [ 135.8821, 33.6688 ] } },
{ "type": "Feature", "properties": { "観測の種類": "GNSS", "name": "日置川", "観測点名ローマ字": "HIKIGAWA", "観測点コード": "21013", "緯度（度）": 33.6583, "経度（度）": 135.5338, "高さ（ｍ）": 82, "測器の深度（ｍ）": null, "維持管理機関名": "国土地理院", "維持管理機関名（英語）": "GSI", "観測開始年（西暦）": 2003, "同月": 2, "観測機器名または観測項目": "TRIMBLE NetR9" }, "geometry": { "type": "Point", "coordinates": [ 135.5338, 33.6583 ] } },
{ "type": "Feature", "properties": { "観測の種類": "GNSS", "name": "羽合", "観測点名ローマ字": "HAWAI", "観測点コード": "21016", "緯度（度）": 35.4932, "経度（度）": 133.8697, "高さ（ｍ）": 8, "測器の深度（ｍ）": null, "維持管理機関名": "国土地理院", "維持管理機関名（英語）": "GSI", "観測開始年（西暦）": 2003, "同月": 2, "観測機器名または観測項目": "TOPCON NET-G5" }, "geometry": { "type": "Point", "coordinates": [ 133.8697, 35.4932 ] } },
{ "type": "Feature", "properties": { "観測の種類": "GNSS", "name": "佐治", "観測点名ローマ字": "SAJI", "観測点コード": "21017", "緯度（度）": 35.3406, "経度（度）": 134.1559, "高さ（ｍ）": 132, "測器の深度（ｍ）": null, "維持管理機関名": "国土地理院", "維持管理機関名（英語）": "GSI", "観測開始年（西暦）": 2003, "同月": 2, "観測機器名または観測項目": "TOPCON NET-G5" }, "geometry": { "type": "Point", "coordinates": [ 134.1559, 35.3406 ] } },
{ "type": "Feature", "properties": { "観測の種類": "GNSS", "name": "松江２", "観測点名ローマ字": "MATSUE2", "観測点コード": "21018", "緯度（度）": 35.4919, "経度（度）": 132.922, "高さ（ｍ）": 42, "測器の深度（ｍ）": null, "維持管理機関名": "国土地理院", "維持管理機関名（英語）": "GSI", "観測開始年（西暦）": 2003, "同月": 2, "観測機器名または観測項目": "TRIMBLE Alloy" }, "geometry": { "type": "Point", "coordinates": [ 132.922, 35.4919 ] } },
{ "type": "Feature", "properties": { "観測の種類": "GNSS", "name": "八束", "観測点名ローマ字": "YATSUKA", "観測点コード": "21026", "緯度（度）": 35.283, "経度（度）": 133.6808, "高さ（ｍ）": 475, "測器の深度（ｍ）": null, "維持管理機関名": "国土地理院", "維持管理機関名（英語）": "GSI", "観測開始年（西暦）": 2003, "同月": 2, "観測機器名または観測項目": "TOPCON NET-G5" }, "geometry": { "type": "Point", "coordinates": [ 133.6808, 35.283 ] } },
{ "type": "Feature", "properties": { "観測の種類": "GNSS", "name": "鏡野", "観測点名ローマ字": "KAGAMINO", "観測点コード": "21027", "緯度（度）": 35.105, "経度（度）": 133.9127, "高さ（ｍ）": 206, "測器の深度（ｍ）": null, "維持管理機関名": "国土地理院", "維持管理機関名（英語）": "GSI", "観測開始年（西暦）": 2003, "同月": 2, "観測機器名または観測項目": "TOPCON NET-G5" }, "geometry": { "type": "Point", "coordinates": [ 133.9127, 35.105 ] } },
{ "type": "Feature", "properties": { "観測の種類": "GNSS", "name": "岡山１", "観測点名ローマ字": "OKAYAMA1", "観測点コード": "21028", "緯度（度）": 34.7381, "経度（度）": 133.8004, "高さ（ｍ）": 31, "測器の深度（ｍ）": null, "維持管理機関名": "国土地理院", "維持管理機関名（英語）": "GSI", "観測開始年（西暦）": 2003, "同月": 2, "観測機器名または観測項目": "TRIMBLE Alloy" }, "geometry": { "type": "Point", "coordinates": [ 133.8004, 34.7381 ] } },
{ "type": "Feature", "properties": { "観測の種類": "GNSS", "name": "岡山２", "観測点名ローマ字": "OKAYAMA2", "観測点コード": "21029", "緯度（度）": 34.5903, "経度（度）": 133.9726, "高さ（ｍ）": 7, "測器の深度（ｍ）": null, "維持管理機関名": "国土地理院", "維持管理機関名（英語）": "GSI", "観測開始年（西暦）": 2003, "同月": 2, "観測機器名または観測項目": "TOPCON NET-G5" }, "geometry": { "type": "Point", "coordinates": [ 133.9726, 34.5903 ] } },
{ "type": "Feature", "properties": { "観測の種類": "GNSS", "name": "広島高野", "観測点名ローマ字": "HIROSHIMATAKANO", "観測点コード": "21030", "緯度（度）": 35.0352, "経度（度）": 132.9021, "高さ（ｍ）": 565, "測器の深度（ｍ）": null, "維持管理機関名": "国土地理院", "維持管理機関名（英語）": "GSI", "観測開始年（西暦）": 2003, "同月": 2, "観測機器名または観測項目": "TRIMBLE Alloy" }, "geometry": { "type": "Point", "coordinates": [ 132.9021, 35.0352 ] } },
{ "type": "Feature", "properties": { "観測の種類": "GNSS", "name": "世羅西", "観測点名ローマ字": "SERANISHI", "観測点コード": "21031", "緯度（度）": 34.6337, "経度（度）": 132.9081, "高さ（ｍ）": 405, "測器の深度（ｍ）": null, "維持管理機関名": "国土地理院", "維持管理機関名（英語）": "GSI", "観測開始年（西暦）": 2003, "同月": 2, "観測機器名または観測項目": "TRIMBLE Alloy" }, "geometry": { "type": "Point", "coordinates": [ 132.9081, 34.6337 ] } },
{ "type": "Feature", "properties": { "観測の種類": "GNSS", "name": "広島福山２", "観測点名ローマ字": "HIROSIMAFUKUYAM2", "観測点コード": "21032", "緯度（度）": 34.6122, "経度（度）": 133.3413, "高さ（ｍ）": 393, "測器の深度（ｍ）": null, "維持管理機関名": "国土地理院", "維持管理機関名（英語）": "GSI", "観測開始年（西暦）": 2003, "同月": 2, "観測機器名または観測項目": "TRIMBLE Alloy" }, "geometry": { "type": "Point", "coordinates": [ 133.3413, 34.6122 ] } },
{ "type": "Feature", "properties": { "観測の種類": "GNSS", "name": "御調", "観測点名ローマ字": "MITSUGI", "観測点コード": "21033", "緯度（度）": 34.5156, "経度（度）": 133.1402, "高さ（ｍ）": 137, "測器の深度（ｍ）": null, "維持管理機関名": "国土地理院", "維持管理機関名（英語）": "GSI", "観測開始年（西暦）": 2003, "同月": 2, "観測機器名または観測項目": "TRIMBLE Alloy" }, "geometry": { "type": "Point", "coordinates": [ 133.1402, 34.5156 ] } },
{ "type": "Feature", "properties": { "観測の種類": "GNSS", "name": "蒲刈", "観測点名ローマ字": "KAMAGARI", "観測点コード": "21035", "緯度（度）": 34.1846, "経度（度）": 132.692, "高さ（ｍ）": 7, "測器の深度（ｍ）": null, "維持管理機関名": "国土地理院", "維持管理機関名（英語）": "GSI", "観測開始年（西暦）": 2003, "同月": 2, "観測機器名または観測項目": "TRIMBLE Alloy" }, "geometry": { "type": "Point", "coordinates": [ 132.692, 34.1846 ] } },
{ "type": "Feature", "properties": { "観測の種類": "GNSS", "name": "倉橋", "観測点名ローマ字": "KURAHASHI", "観測点コード": "21036", "緯度（度）": 34.0692, "経度（度）": 132.5316, "高さ（ｍ）": 8, "測器の深度（ｍ）": null, "維持管理機関名": "国土地理院", "維持管理機関名（英語）": "GSI", "観測開始年（西暦）": 2003, "同月": 2, "観測機器名または観測項目": "TOPCON NET-G5" }, "geometry": { "type": "Point", "coordinates": [ 132.5316, 34.0692 ] } },
{ "type": "Feature", "properties": { "観測の種類": "GNSS", "name": "徳地", "観測点名ローマ字": "TOKUJI", "観測点コード": "21037", "緯度（度）": 34.1953, "経度（度）": 131.7353, "高さ（ｍ）": 294, "測器の深度（ｍ）": null, "維持管理機関名": "国土地理院", "維持管理機関名（英語）": "GSI", "観測開始年（西暦）": 2003, "同月": 2, "観測機器名または観測項目": "TRIMBLE Alloy" }, "geometry": { "type": "Point", "coordinates": [ 131.7353, 34.1953 ] } },
{ "type": "Feature", "properties": { "観測の種類": "GNSS", "name": "周東", "観測点名ローマ字": "SHUUTOU", "観測点コード": "21038", "緯度（度）": 34.0901, "経度（度）": 132.0527, "高さ（ｍ）": 49, "測器の深度（ｍ）": null, "維持管理機関名": "国土地理院", "維持管理機関名（英語）": "GSI", "観測開始年（西暦）": 2003, "同月": 2, "観測機器名または観測項目": "TOPCON NET-G5" }, "geometry": { "type": "Point", "coordinates": [ 132.0527, 34.0901 ] } },
{ "type": "Feature", "properties": { "観測の種類": "GNSS", "name": "山陽", "観測点名ローマ字": "SANYOU", "観測点コード": "21039", "緯度（度）": 34.0205, "経度（度）": 131.113, "高さ（ｍ）": 15, "測器の深度（ｍ）": null, "維持管理機関名": "国土地理院", "維持管理機関名（英語）": "GSI", "観測開始年（西暦）": 2003, "同月": 2, "観測機器名または観測項目": "TRIMBLE Alloy" }, "geometry": { "type": "Point", "coordinates": [ 131.113, 34.0205 ] } },
{ "type": "Feature", "properties": { "観測の種類": "GNSS", "name": "上関", "観測点名ローマ字": "KAMINOSEKI", "観測点コード": "21040", "緯度（度）": 33.8459, "経度（度）": 132.12, "高さ（ｍ）": 67, "測器の深度（ｍ）": null, "維持管理機関名": "国土地理院", "維持管理機関名（英語）": "GSI", "観測開始年（西暦）": 2003, "同月": 2, "観測機器名または観測項目": "TOPCON NET-G5" }, "geometry": { "type": "Point", "coordinates": [ 132.12, 33.8459 ] } },
{ "type": "Feature", "properties": { "観測の種類": "GNSS", "name": "坂出", "観測点名ローマ字": "SAKAIDE", "観測点コード": "21045", "緯度（度）": 34.3259, "経度（度）": 133.8994, "高さ（ｍ）": 8, "測器の深度（ｍ）": null, "維持管理機関名": "国土地理院", "維持管理機関名（英語）": "GSI", "観測開始年（西暦）": 2003, "同月": 2, "観測機器名または観測項目": "TRIMBLE Alloy" }, "geometry": { "type": "Point", "coordinates": [ 133.8994, 34.3259 ] } },
{ "type": "Feature", "properties": { "観測の種類": "GNSS", "name": "新居浜", "観測点名ローマ字": "NIIHAMA", "観測点コード": "21046", "緯度（度）": 33.9742, "経度（度）": 133.3507, "高さ（ｍ）": 5, "測器の深度（ｍ）": null, "維持管理機関名": "国土地理院", "維持管理機関名（英語）": "GSI", "観測開始年（西暦）": 2003, "同月": 2, "観測機器名または観測項目": "TRIMBLE Alloy" }, "geometry": { "type": "Point", "coordinates": [ 133.3507, 33.9742 ] } },
{ "type": "Feature", "properties": { "観測の種類": "GNSS", "name": "丹原", "観測点名ローマ字": "TANBARA", "観測点コード": "21047", "緯度（度）": 33.8841, "経度（度）": 133.0474, "高さ（ｍ）": 44, "測器の深度（ｍ）": null, "維持管理機関名": "国土地理院", "維持管理機関名（英語）": "GSI", "観測開始年（西暦）": 2003, "同月": 2, "観測機器名または観測項目": "TRIMBLE Alloy" }, "geometry": { "type": "Point", "coordinates": [ 133.0474, 33.8841 ] } },
{ "type": "Feature", "properties": { "観測の種類": "GNSS", "name": "広田", "観測点名ローマ字": "HIROTA", "観測点コード": "21048", "緯度（度）": 33.6427, "経度（度）": 132.7985, "高さ（ｍ）": 304, "測器の深度（ｍ）": null, "維持管理機関名": "国土地理院", "維持管理機関名（英語）": "GSI", "観測開始年（西暦）": 2003, "同月": 2, "観測機器名または観測項目": "TRIMBLE Alloy" }, "geometry": { "type": "Point", "coordinates": [ 132.7985, 33.6427 ] } },
{ "type": "Feature", "properties": { "観測の種類": "GNSS", "name": "広見", "観測点名ローマ字": "HIROMI", "観測点コード": "21049", "緯度（度）": 33.3051, "経度（度）": 132.7437, "高さ（ｍ）": 164, "測器の深度（ｍ）": null, "維持管理機関名": "国土地理院", "維持管理機関名（英語）": "GSI", "観測開始年（西暦）": 2003, "同月": 2, "観測機器名または観測項目": "TRIMBLE Alloy" }, "geometry": { "type": "Point", "coordinates": [ 132.7437, 33.3051 ] } },
{ "type": "Feature", "properties": { "観測の種類": "GNSS", "name": "津島", "観測点名ローマ字": "TSUSHIMA", "観測点コード": "21050", "緯度（度）": 33.0961, "経度（度）": 132.6336, "高さ（ｍ）": 247, "測器の深度（ｍ）": null, "維持管理機関名": "国土地理院", "維持管理機関名（英語）": "GSI", "観測開始年（西暦）": 2003, "同月": 2, "観測機器名または観測項目": "TRIMBLE Alloy" }, "geometry": { "type": "Point", "coordinates": [ 132.6336, 33.0961 ] } },
{ "type": "Feature", "properties": { "観測の種類": "GNSS", "name": "土佐山", "観測点名ローマ字": "TOSAYAMA", "観測点コード": "21051", "緯度（度）": 33.6258, "経度（度）": 133.531, "高さ（ｍ）": 260, "測器の深度（ｍ）": null, "維持管理機関名": "国土地理院", "維持管理機関名（英語）": "GSI", "観測開始年（西暦）": 2003, "同月": 2, "観測機器名または観測項目": "TOPCON NET-G5" }, "geometry": { "type": "Point", "coordinates": [ 133.531, 33.6258 ] } },
{ "type": "Feature", "properties": { "観測の種類": "GNSS", "name": "池川", "観測点名ローマ字": "IKEGAWA", "観測点コード": "21052", "緯度（度）": 33.607, "経度（度）": 133.1545, "高さ（ｍ）": 282, "測器の深度（ｍ）": null, "維持管理機関名": "国土地理院", "維持管理機関名（英語）": "GSI", "観測開始年（西暦）": 2003, "同月": 2, "観測機器名または観測項目": "TRIMBLE Alloy" }, "geometry": { "type": "Point", "coordinates": [ 133.1545, 33.607 ] } },
{ "type": "Feature", "properties": { "観測の種類": "GNSS", "name": "高知北川", "観測点名ローマ字": "KOUCHIKITAGAWA", "観測点コード": "21053", "緯度（度）": 33.4971, "経度（度）": 134.0993, "高さ（ｍ）": 110, "測器の深度（ｍ）": null, "維持管理機関名": "国土地理院", "維持管理機関名（英語）": "GSI", "観測開始年（西暦）": 2003, "同月": 2, "観測機器名または観測項目": "TRIMBLE Alloy" }, "geometry": { "type": "Point", "coordinates": [ 134.0993, 33.4971 ] } },
{ "type": "Feature", "properties": { "観測の種類": "GNSS", "name": "東津野", "観測点名ローマ字": "HIGASHITSUNO", "観測点コード": "21054", "緯度（度）": 33.4167, "経度（度）": 133.0895, "高さ（ｍ）": 428, "測器の深度（ｍ）": null, "維持管理機関名": "国土地理院", "維持管理機関名（英語）": "GSI", "観測開始年（西暦）": 2003, "同月": 2, "観測機器名または観測項目": "TOPCON NET-G5" }, "geometry": { "type": "Point", "coordinates": [ 133.0895, 33.4167 ] } },
{ "type": "Feature", "properties": { "観測の種類": "GNSS", "name": "室戸２", "観測点名ローマ字": "MUROTO2", "観測点コード": "21055", "緯度（度）": 33.3949, "経度（度）": 134.2055, "高さ（ｍ）": 13, "測器の深度（ｍ）": null, "維持管理機関名": "国土地理院", "維持管理機関名（英語）": "GSI", "観測開始年（西暦）": 2003, "同月": 2, "観測機器名または観測項目": "TRIMBLE Alloy" }, "geometry": { "type": "Point", "coordinates": [ 134.2055, 33.3949 ] } },
{ "type": "Feature", "properties": { "観測の種類": "GNSS", "name": "大正", "観測点名ローマ字": "TAISHOU", "観測点コード": "21056", "緯度（度）": 33.1931, "経度（度）": 132.9721, "高さ（ｍ）": 154, "測器の深度（ｍ）": null, "維持管理機関名": "国土地理院", "維持管理機関名（英語）": "GSI", "観測開始年（西暦）": 2003, "同月": 2, "観測機器名または観測項目": "TRIMBLE Alloy" }, "geometry": { "type": "Point", "coordinates": [ 132.9721, 33.1931 ] } },
{ "type": "Feature", "properties": { "観測の種類": "GNSS", "name": "中村", "観測点名ローマ字": "NAKAMURA", "観測点コード": "21058", "緯度（度）": 32.9611, "経度（度）": 132.8315, "高さ（ｍ）": 12, "測器の深度（ｍ）": null, "維持管理機関名": "国土地理院", "維持管理機関名（英語）": "GSI", "観測開始年（西暦）": 2003, "同月": 2, "観測機器名または観測項目": "TRIMBLE Alloy" }, "geometry": { "type": "Point", "coordinates": [ 132.8315, 32.9611 ] } },
{ "type": "Feature", "properties": { "観測の種類": "GNSS", "name": "宿毛", "観測点名ローマ字": "SUKUMO", "観測点コード": "21059", "緯度（度）": 32.7386, "経度（度）": 132.5554, "高さ（ｍ）": 151, "測器の深度（ｍ）": null, "維持管理機関名": "国土地理院", "維持管理機関名（英語）": "GSI", "観測開始年（西暦）": 2003, "同月": 2, "観測機器名または観測項目": "TRIMBLE Alloy" }, "geometry": { "type": "Point", "coordinates": [ 132.5554, 32.7386 ] } },
{ "type": "Feature", "properties": { "観測の種類": "GNSS", "name": "三加和", "観測点名ローマ字": "KUMAMOTOMIKAWA", "観測点コード": "21069", "緯度（度）": 33.0601, "経度（度）": 130.6218, "高さ（ｍ）": 40, "測器の深度（ｍ）": null, "維持管理機関名": "国土地理院", "維持管理機関名（英語）": "GSI", "観測開始年（西暦）": 2003, "同月": 2, "観測機器名または観測項目": "TRIMBLE Alloy" }, "geometry": { "type": "Point", "coordinates": [ 130.6218, 33.0601 ] } },
{ "type": "Feature", "properties": { "観測の種類": "GNSS", "name": "豊後高田", "観測点名ローマ字": "BUNGOTAKADA", "観測点コード": "21077", "緯度（度）": 33.5143, "経度（度）": 131.5211, "高さ（ｍ）": 91, "測器の深度（ｍ）": null, "維持管理機関名": "国土地理院", "維持管理機関名（英語）": "GSI", "観測開始年（西暦）": 2003, "同月": 2, "観測機器名または観測項目": "TOPCON NET-G5" }, "geometry": { "type": "Point", "coordinates": [ 131.5211, 33.5143 ] } },
{ "type": "Feature", "properties": { "観測の種類": "GNSS", "name": "院内", "観測点名ローマ字": "INNAI", "観測点コード": "21078", "緯度（度）": 33.3838, "経度（度）": 131.2917, "高さ（ｍ）": 150, "測器の深度（ｍ）": null, "維持管理機関名": "国土地理院", "維持管理機関名（英語）": "GSI", "観測開始年（西暦）": 2003, "同月": 2, "観測機器名または観測項目": "TRIMBLE Alloy" }, "geometry": { "type": "Point", "coordinates": [ 131.2917, 33.3838 ] } },
{ "type": "Feature", "properties": { "観測の種類": "GNSS", "name": "臼杵", "観測点名ローマ字": "USUKI", "観測点コード": "21079", "緯度（度）": 33.0962, "経度（度）": 131.7484, "高さ（ｍ）": 18, "測器の深度（ｍ）": null, "維持管理機関名": "国土地理院", "維持管理機関名（英語）": "GSI", "観測開始年（西暦）": 2003, "同月": 2, "観測機器名または観測項目": "TRIMBLE Alloy" }, "geometry": { "type": "Point", "coordinates": [ 131.7484, 33.0962 ] } },
{ "type": "Feature", "properties": { "観測の種類": "GNSS", "name": "米水津", "観測点名ローマ字": "YONOUZU", "観測点コード": "21080", "緯度（度）": 32.9364, "経度（度）": 132.039, "高さ（ｍ）": 7, "測器の深度（ｍ）": null, "維持管理機関名": "国土地理院", "維持管理機関名（英語）": "GSI", "観測開始年（西暦）": 2003, "同月": 2, "観測機器名または観測項目": "TOPCON NET-G5" }, "geometry": { "type": "Point", "coordinates": [ 132.039, 32.9364 ] } },
{ "type": "Feature", "properties": { "観測の種類": "GNSS", "name": "宇目", "観測点名ローマ字": "UME", "観測点コード": "21082", "緯度（度）": 32.8522, "経度（度）": 131.6292, "高さ（ｍ）": 183, "測器の深度（ｍ）": null, "維持管理機関名": "国土地理院", "維持管理機関名（英語）": "GSI", "観測開始年（西暦）": 2003, "同月": 2, "観測機器名または観測項目": "TRIMBLE Alloy" }, "geometry": { "type": "Point", "coordinates": [ 131.6292, 32.8522 ] } },
{ "type": "Feature", "properties": { "観測の種類": "GNSS", "name": "東郷", "観測点名ローマ字": "TOUGOU", "観測点コード": "21084", "緯度（度）": 32.3162, "経度（度）": 131.583, "高さ（ｍ）": 55, "測器の深度（ｍ）": null, "維持管理機関名": "国土地理院", "維持管理機関名（英語）": "GSI", "観測開始年（西暦）": 2003, "同月": 2, "観測機器名または観測項目": "TRIMBLE Alloy" }, "geometry": { "type": "Point", "coordinates": [ 131.583, 32.3162 ] } },
{ "type": "Feature", "properties": { "観測の種類": "GNSS", "name": "宮崎", "観測点名ローマ字": "MIYAZAKI", "観測点コード": "21088", "緯度（度）": 31.786, "経度（度）": 131.4701, "高さ（ｍ）": 10, "測器の深度（ｍ）": null, "維持管理機関名": "国土地理院", "維持管理機関名（英語）": "GSI", "観測開始年（西暦）": 2003, "同月": 2, "観測機器名または観測項目": "TRIMBLE Alloy" }, "geometry": { "type": "Point", "coordinates": [ 131.4701, 31.786 ] } },
{ "type": "Feature", "properties": { "観測の種類": "GNSS", "name": "隼人", "観測点名ローマ字": "HAYATO", "観測点コード": "21089", "緯度（度）": 31.7438, "経度（度）": 130.7357, "高さ（ｍ）": 23, "測器の深度（ｍ）": null, "維持管理機関名": "国土地理院", "維持管理機関名（英語）": "GSI", "観測開始年（西暦）": 2003, "同月": 2, "観測機器名または観測項目": "TOPCON NET-G5" }, "geometry": { "type": "Point", "coordinates": [ 130.7357, 31.7438 ] } },
{ "type": "Feature", "properties": { "観測の種類": "GNSS", "name": "大隅", "観測点名ローマ字": "OOSUMI", "観測点コード": "21090", "緯度（度）": 31.5646, "経度（度）": 130.9983, "高さ（ｍ）": 96, "測器の深度（ｍ）": null, "維持管理機関名": "国土地理院", "維持管理機関名（英語）": "GSI", "観測開始年（西暦）": 2003, "同月": 2, "観測機器名または観測項目": "TOPCON NET-G5" }, "geometry": { "type": "Point", "coordinates": [ 130.9983, 31.5646 ] } },
{ "type": "Feature", "properties": { "観測の種類": "GNSS", "name": "金峰", "観測点名ローマ字": "KINPOU", "観測点コード": "21091", "緯度（度）": 31.4503, "経度（度）": 130.3401, "高さ（ｍ）": 12, "測器の深度（ｍ）": null, "維持管理機関名": "国土地理院", "維持管理機関名（英語）": "GSI", "観測開始年（西暦）": 2003, "同月": 2, "観測機器名または観測項目": "TRIMBLE Alloy" }, "geometry": { "type": "Point", "coordinates": [ 130.3401, 31.4503 ] } },
{ "type": "Feature", "properties": { "観測の種類": "GNSS", "name": "喜入", "観測点名ローマ字": "KIIRE", "観測点コード": "21092", "緯度（度）": 31.3772, "経度（度）": 130.5406, "高さ（ｍ）": 55, "測器の深度（ｍ）": null, "維持管理機関名": "国土地理院", "維持管理機関名（英語）": "GSI", "観測開始年（西暦）": 2003, "同月": 2, "観測機器名または観測項目": "TRIMBLE Alloy" }, "geometry": { "type": "Point", "coordinates": [ 130.5406, 31.3772 ] } },
{ "type": "Feature", "properties": { "観測の種類": "GNSS", "name": "大根占", "観測点名ローマ字": "OONEJIME", "観測点コード": "21093", "緯度（度）": 31.2428, "経度（度）": 130.8671, "高さ（ｍ）": 182, "測器の深度（ｍ）": null, "維持管理機関名": "国土地理院", "維持管理機関名（英語）": "GSI", "観測開始年（西暦）": 2003, "同月": 2, "観測機器名または観測項目": "TOPCON NET-G5" }, "geometry": { "type": "Point", "coordinates": [ 130.8671, 31.2428 ] } },
{ "type": "Feature", "properties": { "観測の種類": "GNSS", "name": "新十津川Ａ", "観測点名ローマ字": "SHINTOTSUKAWA-A", "観測点コード": "22005", "緯度（度）": 43.5286, "経度（度）": 141.8448, "高さ（ｍ）": 87, "測器の深度（ｍ）": null, "維持管理機関名": "国土地理院", "維持管理機関名（英語）": "GSI", "観測開始年（西暦）": 2003, "同月": 3, "観測機器名または観測項目": "TRIMBLE Alloy" }, "geometry": { "type": "Point", "coordinates": [ 141.8448, 43.5286 ] } },
{ "type": "Feature", "properties": { "観測の種類": "GNSS", "name": "Ｐ浅虫", "観測点名ローマ字": "P-ASAMUSHI", "観測点コード": "02P103", "緯度（度）": 40.8975, "経度（度）": 140.8592, "高さ（ｍ）": 7, "測器の深度（ｍ）": null, "維持管理機関名": "国土地理院", "維持管理機関名（英語）": "GSI", "観測開始年（西暦）": 2003, "同月": 2, "観測機器名または観測項目": "TRIMBLE Alloy" }, "geometry": { "type": "Point", "coordinates": [ 140.8592, 40.8975 ] } },
{ "type": "Feature", "properties": { "観測の種類": "GNSS", "name": "Ｐ細島", "観測点名ローマ字": "P-HOSOJIMA", "観測点コード": "02P122", "緯度（度）": 32.4286, "経度（度）": 131.6696, "高さ（ｍ）": 7, "測器の深度（ｍ）": null, "維持管理機関名": "国土地理院", "維持管理機関名（英語）": "GSI", "観測開始年（西暦）": 2003, "同月": 2, "観測機器名または観測項目": "TOPCON NET-G5" }, "geometry": { "type": "Point", "coordinates": [ 131.6696, 32.4286 ] } },
{ "type": "Feature", "properties": { "観測の種類": "GNSS", "name": "Ｐ油津", "観測点名ローマ字": "P-ABURATSU", "観測点コード": "02P211", "緯度（度）": 31.577, "経度（度）": 131.4093, "高さ（ｍ）": 9, "測器の深度（ｍ）": null, "維持管理機関名": "国土地理院", "維持管理機関名（英語）": "GSI", "観測開始年（西暦）": 2003, "同月": 2, "観測機器名または観測項目": "TOPCON NET-G5" }, "geometry": { "type": "Point", "coordinates": [ 131.4093, 31.577 ] } },
{ "type": "Feature", "properties": { "観測の種類": "GNSS", "name": "水窪Ａ", "観測点名ローマ字": "MISAKUBO-A", "観測点コード": "20847", "緯度（度）": 35.1605, "経度（度）": 137.8688, "高さ（ｍ）": 293, "測器の深度（ｍ）": null, "維持管理機関名": "国土地理院", "維持管理機関名（英語）": "GSI", "観測開始年（西暦）": 2003, "同月": 3, "観測機器名または観測項目": "TRIMBLE NetR9" }, "geometry": { "type": "Point", "coordinates": [ 137.8688, 35.1605 ] } },
{ "type": "Feature", "properties": { "観測の種類": "GNSS", "name": "浦幌", "観測点名ローマ字": "URAHORO", "観測点コード": "20886", "緯度（度）": 42.8003, "経度（度）": 143.6555, "高さ（ｍ）": 19, "測器の深度（ｍ）": null, "維持管理機関名": "国土地理院", "維持管理機関名（英語）": "GSI", "観測開始年（西暦）": 2003, "同月": 3, "観測機器名または観測項目": "TOPCON NET-G5" }, "geometry": { "type": "Point", "coordinates": [ 143.6555, 42.8003 ] } },
{ "type": "Feature", "properties": { "観測の種類": "GNSS", "name": "芽室", "観測点名ローマ字": "MEMURO", "観測点コード": "20887", "緯度（度）": 42.8033, "経度（度）": 142.9537, "高さ（ｍ）": 224, "測器の深度（ｍ）": null, "維持管理機関名": "国土地理院", "維持管理機関名（英語）": "GSI", "観測開始年（西暦）": 2003, "同月": 3, "観測機器名または観測項目": "TRIMBLE NetR9" }, "geometry": { "type": "Point", "coordinates": [ 142.9537, 42.8033 ] } },
{ "type": "Feature", "properties": { "観測の種類": "GNSS", "name": "戸井", "観測点名ローマ字": "TOI", "観測点コード": "20892", "緯度（度）": 41.7406, "経度（度）": 140.9293, "高さ（ｍ）": 28, "測器の深度（ｍ）": null, "維持管理機関名": "国土地理院", "維持管理機関名（英語）": "GSI", "観測開始年（西暦）": 2003, "同月": 3, "観測機器名または観測項目": "TRIMBLE Alloy" }, "geometry": { "type": "Point", "coordinates": [ 140.9293, 41.7406 ] } },
{ "type": "Feature", "properties": { "観測の種類": "GNSS", "name": "木古内", "観測点名ローマ字": "KIKONAI", "観測点コード": "20893", "緯度（度）": 41.7113, "経度（度）": 140.535, "高さ（ｍ）": 21, "測器の深度（ｍ）": null, "維持管理機関名": "国土地理院", "維持管理機関名（英語）": "GSI", "観測開始年（西暦）": 2003, "同月": 3, "観測機器名または観測項目": "TRIMBLE Alloy" }, "geometry": { "type": "Point", "coordinates": [ 140.535, 41.7113 ] } },
{ "type": "Feature", "properties": { "観測の種類": "GNSS", "name": "河北", "観測点名ローマ字": "MIYAGIKAHOKU", "観測点コード": "20918", "緯度（度）": 38.5098, "経度（度）": 141.3044, "高さ（ｍ）": 49, "測器の深度（ｍ）": null, "維持管理機関名": "国土地理院", "維持管理機関名（英語）": "GSI", "観測開始年（西暦）": 2003, "同月": 3, "観測機器名または観測項目": "TOPCON NET-G5" }, "geometry": { "type": "Point", "coordinates": [ 141.3044, 38.5098 ] } },
{ "type": "Feature", "properties": { "観測の種類": "GNSS", "name": "最上", "観測点名ローマ字": "MOGAMI", "観測点コード": "20931", "緯度（度）": 38.7521, "経度（度）": 140.4973, "高さ（ｍ）": 195, "測器の深度（ｍ）": null, "維持管理機関名": "国土地理院", "維持管理機関名（英語）": "GSI", "観測開始年（西暦）": 2003, "同月": 3, "観測機器名または観測項目": "TOPCON NET-G5" }, "geometry": { "type": "Point", "coordinates": [ 140.4973, 38.7521 ] } },
{ "type": "Feature", "properties": { "観測の種類": "GNSS", "name": "大蔵", "観測点名ローマ字": "OOKURA", "観測点コード": "20933", "緯度（度）": 38.6284, "経度（度）": 140.2205, "高さ（ｍ）": 232, "測器の深度（ｍ）": null, "維持管理機関名": "国土地理院", "維持管理機関名（英語）": "GSI", "観測開始年（西暦）": 2003, "同月": 3, "観測機器名または観測項目": "TRIMBLE NetR9" }, "geometry": { "type": "Point", "coordinates": [ 140.2205, 38.6284 ] } },
{ "type": "Feature", "properties": { "観測の種類": "GNSS", "name": "北塩原", "観測点名ローマ字": "KITASHIOBARA", "観測点コード": "20937", "緯度（度）": 37.6693, "経度（度）": 139.9727, "高さ（ｍ）": 401, "測器の深度（ｍ）": null, "維持管理機関名": "国土地理院", "維持管理機関名（英語）": "GSI", "観測開始年（西暦）": 2003, "同月": 3, "観測機器名または観測項目": "TOPCON NET-G5" }, "geometry": { "type": "Point", "coordinates": [ 139.9727, 37.6693 ] } },
{ "type": "Feature", "properties": { "観測の種類": "GNSS", "name": "いわき３", "観測点名ローマ字": "IWAKI3", "観測点コード": "20944", "緯度（度）": 37.1831, "経度（度）": 140.716, "高さ（ｍ）": 486, "測器の深度（ｍ）": null, "維持管理機関名": "国土地理院", "維持管理機関名（英語）": "GSI", "観測開始年（西暦）": 2003, "同月": 3, "観測機器名または観測項目": "TRIMBLE NetR9" }, "geometry": { "type": "Point", "coordinates": [ 140.716, 37.1831 ] } },
{ "type": "Feature", "properties": { "観測の種類": "GNSS", "name": "那須２", "観測点名ローマ字": "NASU2", "観測点コード": "20948", "緯度（度）": 37.1247, "経度（度）": 140.0354, "高さ（ｍ）": 756, "測器の深度（ｍ）": null, "維持管理機関名": "国土地理院", "維持管理機関名（英語）": "GSI", "観測開始年（西暦）": 2003, "同月": 3, "観測機器名または観測項目": "TOPCON NET-G5" }, "geometry": { "type": "Point", "coordinates": [ 140.0354, 37.1247 ] } },
{ "type": "Feature", "properties": { "観測の種類": "GNSS", "name": "上三川", "観測点名ローマ字": "KAMINOKAWA", "観測点コード": "20951", "緯度（度）": 36.4566, "経度（度）": 139.9025, "高さ（ｍ）": 77, "測器の深度（ｍ）": null, "維持管理機関名": "国土地理院", "維持管理機関名（英語）": "GSI", "観測開始年（西暦）": 2003, "同月": 3, "観測機器名または観測項目": "TRIMBLE Alloy" }, "geometry": { "type": "Point", "coordinates": [ 139.9025, 36.4566 ] } },
{ "type": "Feature", "properties": { "観測の種類": "GNSS", "name": "埼玉大滝", "観測点名ローマ字": "SAITAMAOOTAKI", "観測点コード": "20958", "緯度（度）": 35.9299, "経度（度）": 138.9261, "高さ（ｍ）": 1133, "測器の深度（ｍ）": null, "維持管理機関名": "国土地理院", "維持管理機関名（英語）": "GSI", "観測開始年（西暦）": 2003, "同月": 3, "観測機器名または観測項目": "TRIMBLE Alloy" }, "geometry": { "type": "Point", "coordinates": [ 138.9261, 35.9299 ] } },
{ "type": "Feature", "properties": { "観測の種類": "GNSS", "name": "鴨川２", "観測点名ローマ字": "KAMOGAWA2", "観測点コード": "20959", "緯度（度）": 35.1438, "経度（度）": 139.9685, "高さ（ｍ）": 75, "測器の深度（ｍ）": null, "維持管理機関名": "国土地理院", "維持管理機関名（英語）": "GSI", "観測開始年（西暦）": 2003, "同月": 3, "観測機器名または観測項目": "TOPCON NET-G5" }, "geometry": { "type": "Point", "coordinates": [ 139.9685, 35.1438 ] } },
{ "type": "Feature", "properties": { "観測の種類": "GNSS", "name": "大子", "観測点名ローマ字": "DAIGO", "観測点コード": "20965", "緯度（度）": 36.779, "経度（度）": 140.2965, "高さ（ｍ）": 146, "測器の深度（ｍ）": null, "維持管理機関名": "国土地理院", "維持管理機関名（英語）": "GSI", "観測開始年（西暦）": 2003, "同月": 3, "観測機器名または観測項目": "TOPCON NET-G5" }, "geometry": { "type": "Point", "coordinates": [ 140.2965, 36.779 ] } },
{ "type": "Feature", "properties": { "観測の種類": "GNSS", "name": "長野栄", "観測点名ローマ字": "NAGANOSAKAE", "観測点コード": "20982", "緯度（度）": 36.8567, "経度（度）": 138.6243, "高さ（ｍ）": 697, "測器の深度（ｍ）": null, "維持管理機関名": "国土地理院", "維持管理機関名（英語）": "GSI", "観測開始年（西暦）": 2003, "同月": 3, "観測機器名または観測項目": "TOPCON NET-G5" }, "geometry": { "type": "Point", "coordinates": [ 138.6243, 36.8567 ] } },
{ "type": "Feature", "properties": { "観測の種類": "GNSS", "name": "戸隠", "観測点名ローマ字": "TOGAKUSHI", "観測点コード": "20983", "緯度（度）": 36.7066, "経度（度）": 138.0967, "高さ（ｍ）": 931, "測器の深度（ｍ）": null, "維持管理機関名": "国土地理院", "維持管理機関名（英語）": "GSI", "観測開始年（西暦）": 2003, "同月": 3, "観測機器名または観測項目": "TRIMBLE Alloy" }, "geometry": { "type": "Point", "coordinates": [ 138.0967, 36.7066 ] } },
{ "type": "Feature", "properties": { "観測の種類": "GNSS", "name": "木祖", "観測点名ローマ字": "KISO", "観測点コード": "20986", "緯度（度）": 35.9446, "経度（度）": 137.7854, "高さ（ｍ）": 990, "測器の深度（ｍ）": null, "維持管理機関名": "国土地理院", "維持管理機関名（英語）": "GSI", "観測開始年（西暦）": 2003, "同月": 3, "観測機器名または観測項目": "TRIMBLE Alloy" }, "geometry": { "type": "Point", "coordinates": [ 137.7854, 35.9446 ] } },
{ "type": "Feature", "properties": { "観測の種類": "GNSS", "name": "高遠", "観測点名ローマ字": "TAKATOO", "観測点コード": "20987", "緯度（度）": 35.8784, "経度（度）": 138.0957, "高さ（ｍ）": 872, "測器の深度（ｍ）": null, "維持管理機関名": "国土地理院", "維持管理機関名（英語）": "GSI", "観測開始年（西暦）": 2003, "同月": 3, "観測機器名または観測項目": "TOPCON NET-G5" }, "geometry": { "type": "Point", "coordinates": [ 138.0957, 35.8784 ] } },
{ "type": "Feature", "properties": { "観測の種類": "GNSS", "name": "大桑", "観測点名ローマ字": "OOKUWA", "観測点コード": "20989", "緯度（度）": 35.6612, "経度（度）": 137.6202, "高さ（ｍ）": 504, "測器の深度（ｍ）": null, "維持管理機関名": "国土地理院", "維持管理機関名（英語）": "GSI", "観測開始年（西暦）": 2003, "同月": 3, "観測機器名または観測項目": "TRIMBLE Alloy" }, "geometry": { "type": "Point", "coordinates": [ 137.6202, 35.6612 ] } },
{ "type": "Feature", "properties": { "観測の種類": "GNSS", "name": "清見", "観測点名ローマ字": "KIYOMI", "観測点コード": "20990", "緯度（度）": 36.1403, "経度（度）": 137.0805, "高さ（ｍ）": 856, "測器の深度（ｍ）": null, "維持管理機関名": "国土地理院", "維持管理機関名（英語）": "GSI", "観測開始年（西暦）": 2003, "同月": 3, "観測機器名または観測項目": "TRIMBLE Alloy" }, "geometry": { "type": "Point", "coordinates": [ 137.0805, 36.1403 ] } },
{ "type": "Feature", "properties": { "観測の種類": "GNSS", "name": "設楽", "観測点名ローマ字": "SHITARA", "観測点コード": "20995", "緯度（度）": 35.1, "経度（度）": 137.5753, "高さ（ｍ）": 485, "測器の深度（ｍ）": null, "維持管理機関名": "国土地理院", "維持管理機関名（英語）": "GSI", "観測開始年（西暦）": 2003, "同月": 3, "観測機器名または観測項目": "TRIMBLE Alloy" }, "geometry": { "type": "Point", "coordinates": [ 137.5753, 35.1 ] } },
{ "type": "Feature", "properties": { "観測の種類": "GNSS", "name": "名和", "観測点名ローマ字": "NAWA", "観測点コード": "21015", "緯度（度）": 35.5069, "経度（度）": 133.4951, "高さ（ｍ）": 36, "測器の深度（ｍ）": null, "維持管理機関名": "国土地理院", "維持管理機関名（英語）": "GSI", "観測開始年（西暦）": 2003, "同月": 3, "観測機器名または観測項目": "TOPCON NET-G5" }, "geometry": { "type": "Point", "coordinates": [ 133.4951, 35.5069 ] } },
{ "type": "Feature", "properties": { "観測の種類": "GNSS", "name": "広瀬", "観測点名ローマ字": "HIROSE", "観測点コード": "21019", "緯度（度）": 35.3107, "経度（度）": 133.1921, "高さ（ｍ）": 145, "測器の深度（ｍ）": null, "維持管理機関名": "国土地理院", "維持管理機関名（英語）": "GSI", "観測開始年（西暦）": 2003, "同月": 3, "観測機器名または観測項目": "TRIMBLE Alloy" }, "geometry": { "type": "Point", "coordinates": [ 133.1921, 35.3107 ] } },
{ "type": "Feature", "properties": { "観測の種類": "GNSS", "name": "木次", "観測点名ローマ字": "KISUKI", "観測点コード": "21020", "緯度（度）": 35.3097, "経度（度）": 132.9027, "高さ（ｍ）": 47, "測器の深度（ｍ）": null, "維持管理機関名": "国土地理院", "維持管理機関名（英語）": "GSI", "観測開始年（西暦）": 2003, "同月": 3, "観測機器名または観測項目": "TRIMBLE Alloy" }, "geometry": { "type": "Point", "coordinates": [ 132.9027, 35.3097 ] } },
{ "type": "Feature", "properties": { "観測の種類": "GNSS", "name": "佐田", "観測点名ローマ字": "SADA", "観測点コード": "21021", "緯度（度）": 35.2331, "経度（度）": 132.669, "高さ（ｍ）": 117, "測器の深度（ｍ）": null, "維持管理機関名": "国土地理院", "維持管理機関名（英語）": "GSI", "観測開始年（西暦）": 2003, "同月": 3, "観測機器名または観測項目": "TOPCON NET-G5" }, "geometry": { "type": "Point", "coordinates": [ 132.669, 35.2331 ] } },
{ "type": "Feature", "properties": { "観測の種類": "GNSS", "name": "温泉津", "観測点名ローマ字": "YUNOTSU", "観測点コード": "21022", "緯度（度）": 35.0319, "経度（度）": 132.3856, "高さ（ｍ）": 272, "測器の深度（ｍ）": null, "維持管理機関名": "国土地理院", "維持管理機関名（英語）": "GSI", "観測開始年（西暦）": 2003, "同月": 3, "観測機器名または観測項目": "TOPCON NET-G5" }, "geometry": { "type": "Point", "coordinates": [ 132.3856, 35.0319 ] } },
{ "type": "Feature", "properties": { "観測の種類": "GNSS", "name": "羽須美", "観測点名ローマ字": "HASUMI", "観測点コード": "21023", "緯度（度）": 34.8567, "経度（度）": 132.6852, "高さ（ｍ）": 300, "測器の深度（ｍ）": null, "維持管理機関名": "国土地理院", "維持管理機関名（英語）": "GSI", "観測開始年（西暦）": 2003, "同月": 3, "観測機器名または観測項目": "TRIMBLE Alloy" }, "geometry": { "type": "Point", "coordinates": [ 132.6852, 34.8567 ] } },
{ "type": "Feature", "properties": { "観測の種類": "GNSS", "name": "弥栄", "観測点名ローマ字": "YASAKA", "観測点コード": "21024", "緯度（度）": 34.7779, "経度（度）": 132.1095, "高さ（ｍ）": 377, "測器の深度（ｍ）": null, "維持管理機関名": "国土地理院", "維持管理機関名（英語）": "GSI", "観測開始年（西暦）": 2003, "同月": 3, "観測機器名または観測項目": "TOPCON NET-G5" }, "geometry": { "type": "Point", "coordinates": [ 132.1095, 34.7779 ] } },
{ "type": "Feature", "properties": { "観測の種類": "GNSS", "name": "益田", "観測点名ローマ字": "MASUDA", "観測点コード": "21025", "緯度（度）": 34.6243, "経度（度）": 131.8103, "高さ（ｍ）": 25, "測器の深度（ｍ）": null, "維持管理機関名": "国土地理院", "維持管理機関名（英語）": "GSI", "観測開始年（西暦）": 2003, "同月": 3, "観測機器名または観測項目": "TOPCON NET-G5" }, "geometry": { "type": "Point", "coordinates": [ 131.8103, 34.6243 ] } },
{ "type": "Feature", "properties": { "観測の種類": "GNSS", "name": "土庄", "観測点名ローマ字": "TONOSHOU", "観測点コード": "21044", "緯度（度）": 34.4785, "経度（度）": 134.176, "高さ（ｍ）": 51, "測器の深度（ｍ）": null, "維持管理機関名": "国土地理院", "維持管理機関名（英語）": "GSI", "観測開始年（西暦）": 2003, "同月": 3, "観測機器名または観測項目": "TOPCON NET-G5" }, "geometry": { "type": "Point", "coordinates": [ 134.176, 34.4785 ] } },
{ "type": "Feature", "properties": { "観測の種類": "GNSS", "name": "北九州１", "観測点名ローマ字": "KITAKYUUSHUU1", "観測点コード": "21060", "緯度（度）": 33.9297, "経度（度）": 130.7224, "高さ（ｍ）": 9, "測器の深度（ｍ）": null, "維持管理機関名": "国土地理院", "維持管理機関名（英語）": "GSI", "観測開始年（西暦）": 2003, "同月": 3, "観測機器名または観測項目": "TRIMBLE Alloy" }, "geometry": { "type": "Point", "coordinates": [ 130.7224, 33.9297 ] } },
{ "type": "Feature", "properties": { "観測の種類": "GNSS", "name": "北九州２", "観測点名ローマ字": "KITAKYUUSHUU2", "観測点コード": "21061", "緯度（度）": 33.867, "経度（度）": 130.9711, "高さ（ｍ）": 10, "測器の深度（ｍ）": null, "維持管理機関名": "国土地理院", "維持管理機関名（英語）": "GSI", "観測開始年（西暦）": 2003, "同月": 3, "観測機器名または観測項目": "TOPCON NET-G5" }, "geometry": { "type": "Point", "coordinates": [ 130.9711, 33.867 ] } },
{ "type": "Feature", "properties": { "観測の種類": "GNSS", "name": "福岡", "観測点名ローマ字": "FUKUOKA", "観測点コード": "21062", "緯度（度）": 33.6831, "経度（度）": 130.2969, "高さ（ｍ）": 21, "測器の深度（ｍ）": null, "維持管理機関名": "国土地理院", "維持管理機関名（英語）": "GSI", "観測開始年（西暦）": 2003, "同月": 3, "観測機器名または観測項目": "TOPCON NET-G5" }, "geometry": { "type": "Point", "coordinates": [ 130.2969, 33.6831 ] } },
{ "type": "Feature", "properties": { "観測の種類": "GNSS", "name": "桂川", "観測点名ローマ字": "KEISEN", "観測点コード": "21063", "緯度（度）": 33.5798, "経度（度）": 130.6757, "高さ（ｍ）": 44, "測器の深度（ｍ）": null, "維持管理機関名": "国土地理院", "維持管理機関名（英語）": "GSI", "観測開始年（西暦）": 2003, "同月": 3, "観測機器名または観測項目": "TRIMBLE Alloy" }, "geometry": { "type": "Point", "coordinates": [ 130.6757, 33.5798 ] } },
{ "type": "Feature", "properties": { "観測の種類": "GNSS", "name": "築城", "観測点名ローマ字": "TSUIKI", "観測点コード": "21064", "緯度（度）": 33.5647, "経度（度）": 130.9954, "高さ（ｍ）": 211, "測器の深度（ｍ）": null, "維持管理機関名": "国土地理院", "維持管理機関名（英語）": "GSI", "観測開始年（西暦）": 2003, "同月": 3, "観測機器名または観測項目": "TRIMBLE Alloy" }, "geometry": { "type": "Point", "coordinates": [ 130.9954, 33.5647 ] } },
{ "type": "Feature", "properties": { "観測の種類": "GNSS", "name": "二丈", "観測点名ローマ字": "NIJOU", "観測点コード": "21065", "緯度（度）": 33.503, "経度（度）": 130.0793, "高さ（ｍ）": 15, "測器の深度（ｍ）": null, "維持管理機関名": "国土地理院", "維持管理機関名（英語）": "GSI", "観測開始年（西暦）": 2003, "同月": 3, "観測機器名または観測項目": "TRIMBLE Alloy" }, "geometry": { "type": "Point", "coordinates": [ 130.0793, 33.503 ] } },
{ "type": "Feature", "properties": { "観測の種類": "GNSS", "name": "川棚", "観測点名ローマ字": "KAWATANA", "観測点コード": "21067", "緯度（度）": 33.0734, "経度（度）": 129.8629, "高さ（ｍ）": 11, "測器の深度（ｍ）": null, "維持管理機関名": "国土地理院", "維持管理機関名（英語）": "GSI", "観測開始年（西暦）": 2003, "同月": 3, "観測機器名または観測項目": "TRIMBLE Alloy" }, "geometry": { "type": "Point", "coordinates": [ 129.8629, 33.0734 ] } },
{ "type": "Feature", "properties": { "観測の種類": "GNSS", "name": "長崎２", "観測点名ローマ字": "NAGASAKI2", "観測点コード": "21068", "緯度（度）": 32.7683, "経度（度）": 129.9589, "高さ（ｍ）": 62, "測器の深度（ｍ）": null, "維持管理機関名": "国土地理院", "維持管理機関名（英語）": "GSI", "観測開始年（西暦）": 2003, "同月": 3, "観測機器名または観測項目": "TRIMBLE Alloy" }, "geometry": { "type": "Point", "coordinates": [ 129.9589, 32.7683 ] } },
{ "type": "Feature", "properties": { "観測の種類": "GNSS", "name": "菊池", "観測点名ローマ字": "KIKUCHI", "観測点コード": "21070", "緯度（度）": 32.9959, "経度（度）": 130.8727, "高さ（ｍ）": 257, "測器の深度（ｍ）": null, "維持管理機関名": "国土地理院", "維持管理機関名（英語）": "GSI", "観測開始年（西暦）": 2003, "同月": 3, "観測機器名または観測項目": "TRIMBLE Alloy" }, "geometry": { "type": "Point", "coordinates": [ 130.8727, 32.9959 ] } },
{ "type": "Feature", "properties": { "観測の種類": "GNSS", "name": "城南", "観測点名ローマ字": "JOUNAN", "観測点コード": "21071", "緯度（度）": 32.7092, "経度（度）": 130.7484, "高さ（ｍ）": 37, "測器の深度（ｍ）": null, "維持管理機関名": "国土地理院", "維持管理機関名（英語）": "GSI", "観測開始年（西暦）": 2003, "同月": 3, "観測機器名または観測項目": "TOPCON NET-G5" }, "geometry": { "type": "Point", "coordinates": [ 130.7484, 32.7092 ] } },
{ "type": "Feature", "properties": { "観測の種類": "GNSS", "name": "新和", "観測点名ローマ字": "SHINWA", "観測点コード": "21074", "緯度（度）": 32.3674, "経度（度）": 130.1799, "高さ（ｍ）": 39, "測器の深度（ｍ）": null, "維持管理機関名": "国土地理院", "維持管理機関名（英語）": "GSI", "観測開始年（西暦）": 2003, "同月": 3, "観測機器名または観測項目": "TRIMBLE Alloy" }, "geometry": { "type": "Point", "coordinates": [ 130.1799, 32.3674 ] } },
{ "type": "Feature", "properties": { "観測の種類": "GNSS", "name": "熊本水上", "観測点名ローマ字": "KUMAMOTOMIZUKAMI", "観測点コード": "21076", "緯度（度）": 32.2924, "経度（度）": 130.9864, "高さ（ｍ）": 191, "測器の深度（ｍ）": null, "維持管理機関名": "国土地理院", "維持管理機関名（英語）": "GSI", "観測開始年（西暦）": 2003, "同月": 3, "観測機器名または観測項目": "TOPCON NET-G5" }, "geometry": { "type": "Point", "coordinates": [ 130.9864, 32.2924 ] } },
{ "type": "Feature", "properties": { "観測の種類": "GNSS", "name": "緒方", "観測点名ローマ字": "OGATA", "観測点コード": "21081", "緯度（度）": 32.8989, "経度（度）": 131.4415, "高さ（ｍ）": 298, "測器の深度（ｍ）": null, "維持管理機関名": "国土地理院", "維持管理機関名（英語）": "GSI", "観測開始年（西暦）": 2003, "同月": 3, "観測機器名または観測項目": "TRIMBLE Alloy" }, "geometry": { "type": "Point", "coordinates": [ 131.4415, 32.8989 ] } },
{ "type": "Feature", "properties": { "観測の種類": "GNSS", "name": "諸塚", "観測点名ローマ字": "MOROTSUKA", "観測点コード": "21083", "緯度（度）": 32.5279, "経度（度）": 131.3647, "高さ（ｍ）": 836, "測器の深度（ｍ）": null, "維持管理機関名": "国土地理院", "維持管理機関名（英語）": "GSI", "観測開始年（西暦）": 2003, "同月": 3, "観測機器名または観測項目": "TRIMBLE Alloy" }, "geometry": { "type": "Point", "coordinates": [ 131.3647, 32.5279 ] } },
{ "type": "Feature", "properties": { "観測の種類": "GNSS", "name": "西都", "観測点名ローマ字": "SAITO", "観測点コード": "21085", "緯度（度）": 32.1119, "経度（度）": 131.3475, "高さ（ｍ）": 24, "測器の深度（ｍ）": null, "維持管理機関名": "国土地理院", "維持管理機関名（英語）": "GSI", "観測開始年（西暦）": 2003, "同月": 3, "観測機器名または観測項目": "TRIMBLE Alloy" }, "geometry": { "type": "Point", "coordinates": [ 131.3475, 32.1119 ] } },
{ "type": "Feature", "properties": { "観測の種類": "GNSS", "name": "綾", "観測点名ローマ字": "AYA", "観測点コード": "21086", "緯度（度）": 32.0018, "経度（度）": 131.2545, "高さ（ｍ）": 31, "測器の深度（ｍ）": null, "維持管理機関名": "国土地理院", "維持管理機関名（英語）": "GSI", "観測開始年（西暦）": 2003, "同月": 3, "観測機器名または観測項目": "TRIMBLE Alloy" }, "geometry": { "type": "Point", "coordinates": [ 131.2545, 32.0018 ] } },
{ "type": "Feature", "properties": { "観測の種類": "GNSS", "name": "都城２", "観測点名ローマ字": "MIYAKONOJOU2", "観測点コード": "21087", "緯度（度）": 31.8778, "経度（度）": 130.977, "高さ（ｍ）": 369, "測器の深度（ｍ）": null, "維持管理機関名": "国土地理院", "維持管理機関名（英語）": "GSI", "観測開始年（西暦）": 2003, "同月": 3, "観測機器名または観測項目": "TRIMBLE Alloy" }, "geometry": { "type": "Point", "coordinates": [ 130.977, 31.8778 ] } },
{ "type": "Feature", "properties": { "観測の種類": "GNSS", "name": "与那城", "観測点名ローマ字": "YONASHIRO", "観測点コード": "21094", "緯度（度）": 26.3863, "経度（度）": 127.9937, "高さ（ｍ）": 20, "測器の深度（ｍ）": null, "維持管理機関名": "国土地理院", "維持管理機関名（英語）": "GSI", "観測開始年（西暦）": 2003, "同月": 3, "観測機器名または観測項目": "TOPCON NET-G5" }, "geometry": { "type": "Point", "coordinates": [ 127.9937, 26.3863 ] } },
{ "type": "Feature", "properties": { "観測の種類": "GNSS", "name": "北谷", "観測点名ローマ字": "CHATAN", "観測点コード": "21095", "緯度（度）": 26.3127, "経度（度）": 127.7604, "高さ（ｍ）": 9, "測器の深度（ｍ）": null, "維持管理機関名": "国土地理院", "維持管理機関名（英語）": "GSI", "観測開始年（西暦）": 2003, "同月": 3, "観測機器名または観測項目": "TRIMBLE Alloy" }, "geometry": { "type": "Point", "coordinates": [ 127.7604, 26.3127 ] } },
{ "type": "Feature", "properties": { "観測の種類": "GNSS", "name": "那覇", "観測点名ローマ字": "NAHA", "観測点コード": "21096", "緯度（度）": 26.1946, "経度（度）": 127.6776, "高さ（ｍ）": 9, "測器の深度（ｍ）": null, "維持管理機関名": "国土地理院", "維持管理機関名（英語）": "GSI", "観測開始年（西暦）": 2003, "同月": 3, "観測機器名または観測項目": "TOPCON NET-G5" }, "geometry": { "type": "Point", "coordinates": [ 127.6776, 26.1946 ] } },
{ "type": "Feature", "properties": { "観測の種類": "GNSS", "name": "大安Ａ", "観測点名ローマ字": "DAIAN-A", "観測点コード": "21101", "緯度（度）": 35.1048, "経度（度）": 136.5038, "高さ（ｍ）": 124, "測器の深度（ｍ）": null, "維持管理機関名": "国土地理院", "維持管理機関名（英語）": "GSI", "観測開始年（西暦）": 2003, "同月": 3, "観測機器名または観測項目": "TRIMBLE NetR9" }, "geometry": { "type": "Point", "coordinates": [ 136.5038, 35.1048 ] } },
{ "type": "Feature", "properties": { "観測の種類": "GNSS", "name": "Ｐ奥尻", "観測点名ローマ字": "P-OKUSHIRI", "観測点コード": "02P102", "緯度（度）": 42.0788, "経度（度）": 139.4892, "高さ（ｍ）": 9, "測器の深度（ｍ）": null, "維持管理機関名": "国土地理院", "維持管理機関名（英語）": "GSI", "観測開始年（西暦）": 2003, "同月": 3, "観測機器名または観測項目": "TOPCON NET-G5" }, "geometry": { "type": "Point", "coordinates": [ 139.4892, 42.0788 ] } },
{ "type": "Feature", "properties": { "観測の種類": "GNSS", "name": "Ｐ鼠ヶ関", "観測点名ローマ字": "P-NEZUGASEKI", "観測点コード": "02P105", "緯度（度）": 38.5633, "経度（度）": 139.546, "高さ（ｍ）": 6, "測器の深度（ｍ）": null, "維持管理機関名": "国土地理院", "維持管理機関名（英語）": "GSI", "観測開始年（西暦）": 2003, "同月": 3, "観測機器名または観測項目": "TOPCON NET-G5" }, "geometry": { "type": "Point", "coordinates": [ 139.546, 38.5633 ] } },
{ "type": "Feature", "properties": { "観測の種類": "GNSS", "name": "Ｐ油壺", "観測点名ローマ字": "P-ABURATSUBO", "観測点コード": "02P108", "緯度（度）": 35.1602, "経度（度）": 139.6155, "高さ（ｍ）": 6, "測器の深度（ｍ）": null, "維持管理機関名": "国土地理院", "維持管理機関名（英語）": "GSI", "観測開始年（西暦）": 2003, "同月": 3, "観測機器名または観測項目": "TOPCON NET-G5" }, "geometry": { "type": "Point", "coordinates": [ 139.6155, 35.1602 ] } },
{ "type": "Feature", "properties": { "観測の種類": "GNSS", "name": "Ｐ小木", "観測点名ローマ字": "P-OGI", "観測点コード": "02P109", "緯度（度）": 37.8148, "経度（度）": 138.2813, "高さ（ｍ）": 7, "測器の深度（ｍ）": null, "維持管理機関名": "国土地理院", "維持管理機関名（英語）": "GSI", "観測開始年（西暦）": 2003, "同月": 3, "観測機器名または観測項目": "TOPCON NET-G5" }, "geometry": { "type": "Point", "coordinates": [ 138.2813, 37.8148 ] } },
{ "type": "Feature", "properties": { "観測の種類": "GNSS", "name": "Ｐ須佐", "観測点名ローマ字": "P-SUSA", "観測点コード": "02P119", "緯度（度）": 34.6276, "経度（度）": 131.6046, "高さ（ｍ）": 7, "測器の深度（ｍ）": null, "維持管理機関名": "国土地理院", "維持管理機関名（英語）": "GSI", "観測開始年（西暦）": 2003, "同月": 3, "観測機器名または観測項目": "TOPCON NET-G5" }, "geometry": { "type": "Point", "coordinates": [ 131.6046, 34.6276 ] } },
{ "type": "Feature", "properties": { "観測の種類": "GNSS", "name": "Ｐ稚内", "観測点名ローマ字": "P-WAKKANAI", "観測点コード": "02P201", "緯度（度）": 45.4078, "経度（度）": 141.6853, "高さ（ｍ）": 5, "測器の深度（ｍ）": null, "維持管理機関名": "国土地理院", "維持管理機関名（英語）": "GSI", "観測開始年（西暦）": 2003, "同月": 3, "観測機器名または観測項目": "TOPCON NET-G5" }, "geometry": { "type": "Point", "coordinates": [ 141.6853, 45.4078 ] } },
{ "type": "Feature", "properties": { "観測の種類": "GNSS", "name": "Ｐ釧路", "観測点名ローマ字": "P-KUSHIRO", "観測点コード": "02P203", "緯度（度）": 42.9756, "経度（度）": 144.3714, "高さ（ｍ）": 6, "測器の深度（ｍ）": null, "維持管理機関名": "国土地理院", "維持管理機関名（英語）": "GSI", "観測開始年（西暦）": 2003, "同月": 3, "観測機器名または観測項目": "TOPCON NET-G5" }, "geometry": { "type": "Point", "coordinates": [ 144.3714, 42.9756 ] } },
{ "type": "Feature", "properties": { "観測の種類": "GNSS", "name": "Ｐ函館", "観測点名ローマ字": "P-HAKODATE", "観測点コード": "02P204", "緯度（度）": 41.7817, "経度（度）": 140.7245, "高さ（ｍ）": 5, "測器の深度（ｍ）": null, "維持管理機関名": "国土地理院", "維持管理機関名（英語）": "GSI", "観測開始年（西暦）": 2003, "同月": 3, "観測機器名または観測項目": "TOPCON NET-G5" }, "geometry": { "type": "Point", "coordinates": [ 140.7245, 41.7817 ] } },
{ "type": "Feature", "properties": { "観測の種類": "GNSS", "name": "Ｐ串本", "観測点名ローマ字": "P-KUSHIMOTO", "観測点コード": "02P208", "緯度（度）": 33.4759, "経度（度）": 135.7732, "高さ（ｍ）": 8, "測器の深度（ｍ）": null, "維持管理機関名": "国土地理院", "維持管理機関名（英語）": "GSI", "観測開始年（西暦）": 2003, "同月": 3, "観測機器名または観測項目": "TOPCON NET-G5" }, "geometry": { "type": "Point", "coordinates": [ 135.7732, 33.4759 ] } },
{ "type": "Feature", "properties": { "観測の種類": "GNSS", "name": "Ｓ掛川", "観測点名ローマ字": "S-KAKEGAWA", "観測点コード": "02S043", "緯度（度）": 34.8767, "経度（度）": 138.0169, "高さ（ｍ）": 186, "測器の深度（ｍ）": null, "維持管理機関名": "国土地理院", "維持管理機関名（英語）": "GSI", "観測開始年（西暦）": 2003, "同月": 3, "観測機器名または観測項目": "TOPCON NET-G5" }, "geometry": { "type": "Point", "coordinates": [ 138.0169, 34.8767 ] } },
{ "type": "Feature", "properties": { "観測の種類": "GNSS", "name": "小野田", "観測点名ローマ字": "ONODA", "観測点コード": "20917", "緯度（度）": 38.5718, "経度（度）": 140.7278, "高さ（ｍ）": 183, "測器の深度（ｍ）": null, "維持管理機関名": "国土地理院", "維持管理機関名（英語）": "GSI", "観測開始年（西暦）": 2003, "同月": 4, "観測機器名または観測項目": "TOPCON NET-G5" }, "geometry": { "type": "Point", "coordinates": [ 140.7278, 38.5718 ] } },
{ "type": "Feature", "properties": { "観測の種類": "GNSS", "name": "湯之谷", "観測点名ローマ字": "YUNOTANI", "観測点コード": "20963", "緯度（度）": 37.1576, "経度（度）": 139.2471, "高さ（ｍ）": 710, "測器の深度（ｍ）": null, "維持管理機関名": "国土地理院", "維持管理機関名（英語）": "GSI", "観測開始年（西暦）": 2003, "同月": 4, "観測機器名または観測項目": "TOPCON NET-G5" }, "geometry": { "type": "Point", "coordinates": [ 139.2471, 37.1576 ] } },
{ "type": "Feature", "properties": { "観測の種類": "GNSS", "name": "当別", "観測点名ローマ字": "TOUBETSU", "観測点コード": "20872", "緯度（度）": 43.5042, "経度（度）": 141.6168, "高さ（ｍ）": 205, "測器の深度（ｍ）": null, "維持管理機関名": "国土地理院", "維持管理機関名（英語）": "GSI", "観測開始年（西暦）": 2003, "同月": 5, "観測機器名または観測項目": "TOPCON NET-G5" }, "geometry": { "type": "Point", "coordinates": [ 141.6168, 43.5042 ] } },
{ "type": "Feature", "properties": { "観測の種類": "GNSS", "name": "風間浦", "観測点名ローマ字": "KAZAMAURA", "観測点コード": "20894", "緯度（度）": 41.4662, "経度（度）": 141.0945, "高さ（ｍ）": 57, "測器の深度（ｍ）": null, "維持管理機関名": "国土地理院", "維持管理機関名（英語）": "GSI", "観測開始年（西暦）": 2003, "同月": 5, "観測機器名または観測項目": "TRIMBLE Alloy" }, "geometry": { "type": "Point", "coordinates": [ 141.0945, 41.4662 ] } },
{ "type": "Feature", "properties": { "観測の種類": "GNSS", "name": "真室川", "観測点名ローマ字": "MAMUROGAWA", "観測点コード": "20930", "緯度（度）": 38.9381, "経度（度）": 140.1835, "高さ（ｍ）": 133, "測器の深度（ｍ）": null, "維持管理機関名": "国土地理院", "維持管理機関名（英語）": "GSI", "観測開始年（西暦）": 2003, "同月": 5, "観測機器名または観測項目": "TRIMBLE Alloy" }, "geometry": { "type": "Point", "coordinates": [ 140.1835, 38.9381 ] } },
{ "type": "Feature", "properties": { "観測の種類": "GNSS", "name": "南牧", "観測点名ローマ字": "NANMOKU", "観測点コード": "20957", "緯度（度）": 36.2003, "経度（度）": 138.703, "高さ（ｍ）": 617, "測器の深度（ｍ）": null, "維持管理機関名": "国土地理院", "維持管理機関名（英語）": "GSI", "観測開始年（西暦）": 2003, "同月": 5, "観測機器名または観測項目": "TOPCON NET-G5" }, "geometry": { "type": "Point", "coordinates": [ 138.703, 36.2003 ] } },
{ "type": "Feature", "properties": { "観測の種類": "GNSS", "name": "五木", "観測点名ローマ字": "ITSUKI", "観測点コード": "21073", "緯度（度）": 32.3961, "経度（度）": 130.8273, "高さ（ｍ）": 311, "測器の深度（ｍ）": null, "維持管理機関名": "国土地理院", "維持管理機関名（英語）": "GSI", "観測開始年（西暦）": 2003, "同月": 5, "観測機器名または観測項目": "TRIMBLE Alloy" }, "geometry": { "type": "Point", "coordinates": [ 130.8273, 32.3961 ] } },
{ "type": "Feature", "properties": { "観測の種類": "GNSS", "name": "留辺蘂", "観測点名ローマ字": "RUBESHIBE", "観測点コード": "20866", "緯度（度）": 43.7103, "経度（度）": 143.3811, "高さ（ｍ）": 400, "測器の深度（ｍ）": null, "維持管理機関名": "国土地理院", "維持管理機関名（英語）": "GSI", "観測開始年（西暦）": 2003, "同月": 6, "観測機器名または観測項目": "TOPCON NET-G5" }, "geometry": { "type": "Point", "coordinates": [ 143.3811, 43.7103 ] } },
{ "type": "Feature", "properties": { "観測の種類": "GNSS", "name": "東川", "観測点名ローマ字": "HIGASHIKAWA", "観測点コード": "20867", "緯度（度）": 43.6469, "経度（度）": 142.7944, "高さ（ｍ）": 1068, "測器の深度（ｍ）": null, "維持管理機関名": "国土地理院", "維持管理機関名（英語）": "GSI", "観測開始年（西暦）": 2003, "同月": 6, "観測機器名または観測項目": "TRIMBLE Alloy" }, "geometry": { "type": "Point", "coordinates": [ 142.7944, 43.6469 ] } },
{ "type": "Feature", "properties": { "観測の種類": "GNSS", "name": "浜中２", "観測点名ローマ字": "HAMANAKA2", "観測点コード": "20878", "緯度（度）": 43.2182, "経度（度）": 144.9707, "高さ（ｍ）": 54, "測器の深度（ｍ）": null, "維持管理機関名": "国土地理院", "維持管理機関名（英語）": "GSI", "観測開始年（西暦）": 2003, "同月": 6, "観測機器名または観測項目": "TRIMBLE Alloy" }, "geometry": { "type": "Point", "coordinates": [ 144.9707, 43.2182 ] } },
{ "type": "Feature", "properties": { "観測の種類": "GNSS", "name": "北海道日高", "観測点名ローマ字": "HOKKAIDOUHIDAKA", "観測点コード": "20885", "緯度（度）": 42.8906, "経度（度）": 142.5323, "高さ（ｍ）": 342, "測器の深度（ｍ）": null, "維持管理機関名": "国土地理院", "維持管理機関名（英語）": "GSI", "観測開始年（西暦）": 2003, "同月": 6, "観測機器名または観測項目": "TRIMBLE Alloy" }, "geometry": { "type": "Point", "coordinates": [ 142.5323, 42.8906 ] } },
{ "type": "Feature", "properties": { "観測の種類": "GNSS", "name": "門別２", "観測点名ローマ字": "MONBETSU2", "観測点コード": "20890", "緯度（度）": 42.5543, "経度（度）": 142.3959, "高さ（ｍ）": 129, "測器の深度（ｍ）": null, "維持管理機関名": "国土地理院", "維持管理機関名（英語）": "GSI", "観測開始年（西暦）": 2003, "同月": 6, "観測機器名または観測項目": "TRIMBLE Alloy" }, "geometry": { "type": "Point", "coordinates": [ 142.3959, 42.5543 ] } },
{ "type": "Feature", "properties": { "観測の種類": "GNSS", "name": "栗山", "観測点名ローマ字": "KURIYAMA", "観測点コード": "20949", "緯度（度）": 36.8722, "経度（度）": 139.5053, "高さ（ｍ）": 1044, "測器の深度（ｍ）": null, "維持管理機関名": "国土地理院", "維持管理機関名（英語）": "GSI", "観測開始年（西暦）": 2003, "同月": 6, "観測機器名または観測項目": "TOPCON NET-G5" }, "geometry": { "type": "Point", "coordinates": [ 139.5053, 36.8722 ] } },
{ "type": "Feature", "properties": { "観測の種類": "GNSS", "name": "王滝", "観測点名ローマ字": "OUTAKI", "観測点コード": "20988", "緯度（度）": 35.8156, "経度（度）": 137.4509, "高さ（ｍ）": 1062, "測器の深度（ｍ）": null, "維持管理機関名": "国土地理院", "維持管理機関名（英語）": "GSI", "観測開始年（西暦）": 2003, "同月": 6, "観測機器名または観測項目": "TOPCON NET-G5" }, "geometry": { "type": "Point", "coordinates": [ 137.4509, 35.8156 ] } },
{ "type": "Feature", "properties": { "観測の種類": "GNSS", "name": "Ｐ忍路", "観測点名ローマ字": "P-OSHORO", "観測点コード": "02P101", "緯度（度）": 43.2095, "経度（度）": 140.8583, "高さ（ｍ）": 5, "測器の深度（ｍ）": null, "維持管理機関名": "国土地理院", "維持管理機関名（英語）": "GSI", "観測開始年（西暦）": 2003, "同月": 6, "観測機器名または観測項目": "TOPCON NET-G5" }, "geometry": { "type": "Point", "coordinates": [ 140.8583, 43.2095 ] } },
{ "type": "Feature", "properties": { "観測の種類": "GNSS", "name": "Ｐ男鹿", "観測点名ローマ字": "P-OGA", "観測点コード": "02P104", "緯度（度）": 39.9421, "経度（度）": 139.7035, "高さ（ｍ）": 8, "測器の深度（ｍ）": null, "維持管理機関名": "国土地理院", "維持管理機関名（英語）": "GSI", "観測開始年（西暦）": 2003, "同月": 6, "観測機器名または観測項目": "TOPCON NET-G5" }, "geometry": { "type": "Point", "coordinates": [ 139.7035, 39.9421 ] } },
{ "type": "Feature", "properties": { "観測の種類": "GNSS", "name": "Ｐ勝浦", "観測点名ローマ字": "P-KATSUURA", "観測点コード": "02P107", "緯度（度）": 35.1294, "経度（度）": 140.2495, "高さ（ｍ）": 6, "測器の深度（ｍ）": null, "維持管理機関名": "国土地理院", "維持管理機関名（英語）": "GSI", "観測開始年（西暦）": 2003, "同月": 6, "観測機器名または観測項目": "TOPCON NET-G5" }, "geometry": { "type": "Point", "coordinates": [ 140.2495, 35.1294 ] } },
{ "type": "Feature", "properties": { "観測の種類": "GNSS", "name": "Ｐ柏崎", "観測点名ローマ字": "P-KASHIWAZAKI", "観測点コード": "02P110", "緯度（度）": 37.3565, "経度（度）": 138.5085, "高さ（ｍ）": 7, "測器の深度（ｍ）": null, "維持管理機関名": "国土地理院", "維持管理機関名（英語）": "GSI", "観測開始年（西暦）": 2003, "同月": 6, "観測機器名または観測項目": "TOPCON NET-G5" }, "geometry": { "type": "Point", "coordinates": [ 138.5085, 37.3565 ] } },
{ "type": "Feature", "properties": { "観測の種類": "GNSS", "name": "Ｐ三国", "観測点名ローマ字": "P-MIKUNI", "観測点コード": "02P112", "緯度（度）": 36.2546, "経度（度）": 136.1489, "高さ（ｍ）": 6, "測器の深度（ｍ）": null, "維持管理機関名": "国土地理院", "維持管理機関名（英語）": "GSI", "観測開始年（西暦）": 2003, "同月": 6, "観測機器名または観測項目": "TOPCON NET-G5" }, "geometry": { "type": "Point", "coordinates": [ 136.1489, 36.2546 ] } },
{ "type": "Feature", "properties": { "観測の種類": "GNSS", "name": "Ｐ伊東", "観測点名ローマ字": "P-ITO", "観測点コード": "02P113", "緯度（度）": 34.8955, "経度（度）": 139.133, "高さ（ｍ）": 7, "測器の深度（ｍ）": null, "維持管理機関名": "国土地理院", "維持管理機関名（英語）": "GSI", "観測開始年（西暦）": 2003, "同月": 6, "観測機器名または観測項目": "TOPCON NET-G5" }, "geometry": { "type": "Point", "coordinates": [ 139.133, 34.8955 ] } },
{ "type": "Feature", "properties": { "観測の種類": "GNSS", "name": "Ｐ田子", "観測点名ローマ字": "P-TAGO", "観測点コード": "02P114", "緯度（度）": 34.8069, "経度（度）": 138.7642, "高さ（ｍ）": 7, "測器の深度（ｍ）": null, "維持管理機関名": "国土地理院", "維持管理機関名（英語）": "GSI", "観測開始年（西暦）": 2003, "同月": 6, "観測機器名または観測項目": "TOPCON NET-G5" }, "geometry": { "type": "Point", "coordinates": [ 138.7642, 34.8069 ] } },
{ "type": "Feature", "properties": { "観測の種類": "GNSS", "name": "Ｐ焼津", "観測点名ローマ字": "P-YAIDU", "観測点コード": "02P115", "緯度（度）": 34.8707, "経度（度）": 138.3274, "高さ（ｍ）": 6, "測器の深度（ｍ）": null, "維持管理機関名": "国土地理院", "維持管理機関名（英語）": "GSI", "観測開始年（西暦）": 2003, "同月": 6, "観測機器名または観測項目": "TOPCON NET-G5" }, "geometry": { "type": "Point", "coordinates": [ 138.3274, 34.8707 ] } },
{ "type": "Feature", "properties": { "観測の種類": "GNSS", "name": "Ｐ鬼崎", "観測点名ローマ字": "P-ONISAKI", "観測点コード": "02P116", "緯度（度）": 34.904, "経度（度）": 136.8238, "高さ（ｍ）": 9, "測器の深度（ｍ）": null, "維持管理機関名": "国土地理院", "維持管理機関名（英語）": "GSI", "観測開始年（西暦）": 2003, "同月": 6, "観測機器名または観測項目": "TOPCON NET-G5" }, "geometry": { "type": "Point", "coordinates": [ 136.8238, 34.904 ] } },
{ "type": "Feature", "properties": { "観測の種類": "GNSS", "name": "Ｐ海南", "観測点名ローマ字": "P-KAINAN", "観測点コード": "02P117", "緯度（度）": 34.1441, "経度（度）": 135.1915, "高さ（ｍ）": 8, "測器の深度（ｍ）": null, "維持管理機関名": "国土地理院", "維持管理機関名（英語）": "GSI", "観測開始年（西暦）": 2003, "同月": 6, "観測機器名または観測項目": "TOPCON NET-G5" }, "geometry": { "type": "Point", "coordinates": [ 135.1915, 34.1441 ] } },
{ "type": "Feature", "properties": { "観測の種類": "GNSS", "name": "Ｐ田後", "観測点名ローマ字": "P-TAJIRI", "観測点コード": "02P118", "緯度（度）": 35.5937, "経度（度）": 134.3159, "高さ（ｍ）": 7, "測器の深度（ｍ）": null, "維持管理機関名": "国土地理院", "維持管理機関名（英語）": "GSI", "観測開始年（西暦）": 2003, "同月": 6, "観測機器名または観測項目": "TOPCON NET-G5" }, "geometry": { "type": "Point", "coordinates": [ 134.3159, 35.5937 ] } },
{ "type": "Feature", "properties": { "観測の種類": "GNSS", "name": "Ｐ久礼", "観測点名ローマ字": "P-KURE", "観測点コード": "02P120", "緯度（度）": 33.3335, "経度（度）": 133.2435, "高さ（ｍ）": 7, "測器の深度（ｍ）": null, "維持管理機関名": "国土地理院", "維持管理機関名（英語）": "GSI", "観測開始年（西暦）": 2003, "同月": 6, "観測機器名または観測項目": "TOPCON NET-G5" }, "geometry": { "type": "Point", "coordinates": [ 133.2435, 33.3335 ] } },
{ "type": "Feature", "properties": { "観測の種類": "GNSS", "name": "Ｐ仮屋", "観測点名ローマ字": "P-KARIYA", "観測点コード": "02P121", "緯度（度）": 33.4731, "経度（度）": 129.8493, "高さ（ｍ）": 7, "測器の深度（ｍ）": null, "維持管理機関名": "国土地理院", "維持管理機関名（英語）": "GSI", "観測開始年（西暦）": 2003, "同月": 6, "観測機器名または観測項目": "TOPCON NET-G5" }, "geometry": { "type": "Point", "coordinates": [ 129.8493, 33.4731 ] } },
{ "type": "Feature", "properties": { "観測の種類": "GNSS", "name": "Ｐ阿久根", "観測点名ローマ字": "P-AKUNE", "観測点コード": "02P123", "緯度（度）": 32.0174, "経度（度）": 130.1911, "高さ（ｍ）": 8, "測器の深度（ｍ）": null, "維持管理機関名": "国土地理院", "維持管理機関名（英語）": "GSI", "観測開始年（西暦）": 2003, "同月": 6, "観測機器名または観測項目": "TOPCON NET-G5" }, "geometry": { "type": "Point", "coordinates": [ 130.1911, 32.0174 ] } },
{ "type": "Feature", "properties": { "観測の種類": "GNSS", "name": "Ｐ沖縄", "観測点名ローマ字": "P-OKINAWA", "観測点コード": "02P124", "緯度（度）": 26.1795, "経度（度）": 127.8247, "高さ（ｍ）": 8, "測器の深度（ｍ）": null, "維持管理機関名": "国土地理院", "維持管理機関名（英語）": "GSI", "観測開始年（西暦）": 2003, "同月": 6, "観測機器名または観測項目": "TOPCON NET-G5" }, "geometry": { "type": "Point", "coordinates": [ 127.8247, 26.1795 ] } },
{ "type": "Feature", "properties": { "観測の種類": "GNSS", "name": "Ｐ網走", "観測点名ローマ字": "P-ABASHIRI", "観測点コード": "02P202", "緯度（度）": 44.0194, "経度（度）": 144.2858, "高さ（ｍ）": 6, "測器の深度（ｍ）": null, "維持管理機関名": "国土地理院", "維持管理機関名（英語）": "GSI", "観測開始年（西暦）": 2003, "同月": 6, "観測機器名または観測項目": "TOPCON NET-G5" }, "geometry": { "type": "Point", "coordinates": [ 144.2858, 44.0194 ] } },
{ "type": "Feature", "properties": { "観測の種類": "GNSS", "name": "Ｐ布良", "観測点名ローマ字": "P-MERA", "観測点コード": "02P206", "緯度（度）": 34.9188, "経度（度）": 139.8249, "高さ（ｍ）": 9, "測器の深度（ｍ）": null, "維持管理機関名": "国土地理院", "維持管理機関名（英語）": "GSI", "観測開始年（西暦）": 2003, "同月": 6, "観測機器名または観測項目": "TOPCON NET-G5" }, "geometry": { "type": "Point", "coordinates": [ 139.8249, 34.9188 ] } },
{ "type": "Feature", "properties": { "観測の種類": "GNSS", "name": "Ｐ富山", "観測点名ローマ字": "P-TOYAMA", "観測点コード": "02P207", "緯度（度）": 36.7622, "経度（度）": 137.2246, "高さ（ｍ）": 6, "測器の深度（ｍ）": null, "維持管理機関名": "国土地理院", "維持管理機関名（英語）": "GSI", "観測開始年（西暦）": 2003, "同月": 6, "観測機器名または観測項目": "TOPCON NET-G5" }, "geometry": { "type": "Point", "coordinates": [ 137.2246, 36.7622 ] } },
{ "type": "Feature", "properties": { "観測の種類": "GNSS", "name": "Ｐ浜田", "観測点名ローマ字": "P-HAMADA", "観測点コード": "02P209", "緯度（度）": 34.8973, "経度（度）": 132.0662, "高さ（ｍ）": 6, "測器の深度（ｍ）": null, "維持管理機関名": "国土地理院", "維持管理機関名（英語）": "GSI", "観測開始年（西暦）": 2003, "同月": 6, "観測機器名または観測項目": "TOPCON NET-G5" }, "geometry": { "type": "Point", "coordinates": [ 132.0662, 34.8973 ] } },
{ "type": "Feature", "properties": { "観測の種類": "GNSS", "name": "Ｐ那覇", "観測点名ローマ字": "P-NAHA", "観測点コード": "02P212", "緯度（度）": 26.2133, "経度（度）": 127.6652, "高さ（ｍ）": 7, "測器の深度（ｍ）": null, "維持管理機関名": "国土地理院", "維持管理機関名（英語）": "GSI", "観測開始年（西暦）": 2003, "同月": 6, "観測機器名または観測項目": "TOPCON NET-G5" }, "geometry": { "type": "Point", "coordinates": [ 127.6652, 26.2133 ] } },
{ "type": "Feature", "properties": { "観測の種類": "GNSS", "name": "中川", "観測点名ローマ字": "NAKAGAWA", "観測点コード": "20852", "緯度（度）": 44.7432, "経度（度）": 142.0387, "高さ（ｍ）": 33, "測器の深度（ｍ）": null, "維持管理機関名": "国土地理院", "維持管理機関名（英語）": "GSI", "観測開始年（西暦）": 2003, "同月": 7, "観測機器名または観測項目": "TRIMBLE Alloy" }, "geometry": { "type": "Point", "coordinates": [ 142.0387, 44.7432 ] } },
{ "type": "Feature", "properties": { "観測の種類": "GNSS", "name": "羽幌２", "観測点名ローマ字": "HABORO2", "観測点コード": "20855", "緯度（度）": 44.3177, "経度（度）": 141.8722, "高さ（ｍ）": 57, "測器の深度（ｍ）": null, "維持管理機関名": "国土地理院", "維持管理機関名（英語）": "GSI", "観測開始年（西暦）": 2003, "同月": 7, "観測機器名または観測項目": "TOPCON NET-G5" }, "geometry": { "type": "Point", "coordinates": [ 141.8722, 44.3177 ] } },
{ "type": "Feature", "properties": { "観測の種類": "GNSS", "name": "細入", "観測点名ローマ字": "HOSOIRI", "観測点コード": "20970", "緯度（度）": 36.4728, "経度（度）": 137.2392, "高さ（ｍ）": 215, "測器の深度（ｍ）": null, "維持管理機関名": "国土地理院", "維持管理機関名（英語）": "GSI", "観測開始年（西暦）": 2003, "同月": 7, "観測機器名または観測項目": "TOPCON NET-G5" }, "geometry": { "type": "Point", "coordinates": [ 137.2392, 36.4728 ] } },
{ "type": "Feature", "properties": { "観測の種類": "GNSS", "name": "深浦", "観測点名ローマ字": "FUKAURA", "観測点コード": "20898", "緯度（度）": 40.7306, "経度（度）": 140.011, "高さ（ｍ）": 67, "測器の深度（ｍ）": null, "維持管理機関名": "国土地理院", "維持管理機関名（英語）": "GSI", "観測開始年（西暦）": 2003, "同月": 8, "観測機器名または観測項目": "TOPCON NET-G5" }, "geometry": { "type": "Point", "coordinates": [ 140.011, 40.7306 ] } },
{ "type": "Feature", "properties": { "観測の種類": "GNSS", "name": "球磨", "観測点名ローマ字": "KUMA", "観測点コード": "21075", "緯度（度）": 32.3435, "経度（度）": 130.6565, "高さ（ｍ）": 347, "測器の深度（ｍ）": null, "維持管理機関名": "国土地理院", "維持管理機関名（英語）": "GSI", "観測開始年（西暦）": 2003, "同月": 8, "観測機器名または観測項目": "TOPCON NET-G5" }, "geometry": { "type": "Point", "coordinates": [ 130.6565, 32.3435 ] } },
{ "type": "Feature", "properties": { "観測の種類": "GNSS", "name": "静岡畑薙Ａ", "観測点名ローマ字": "HATANAGI-A", "観測点コード": "31102", "緯度（度）": 35.3221, "経度（度）": 138.1858, "高さ（ｍ）": 951, "測器の深度（ｍ）": null, "維持管理機関名": "国土地理院", "維持管理機関名（英語）": "GSI", "観測開始年（西暦）": 2004, "同月": 3, "観測機器名または観測項目": "TRIMBLE NetR9" }, "geometry": { "type": "Point", "coordinates": [ 138.1858, 35.3221 ] } },
{ "type": "Feature", "properties": { "観測の種類": "GNSS", "name": "作手", "観測点名ローマ字": "TSUKUDE", "観測点コード": "31103", "緯度（度）": 34.9675, "経度（度）": 137.4231, "高さ（ｍ）": 539, "測器の深度（ｍ）": null, "維持管理機関名": "国土地理院", "維持管理機関名（英語）": "GSI", "観測開始年（西暦）": 2004, "同月": 3, "観測機器名または観測項目": "TRIMBLE NetR9" }, "geometry": { "type": "Point", "coordinates": [ 137.4231, 34.9675 ] } },
{ "type": "Feature", "properties": { "観測の種類": "GNSS", "name": "鳥羽２", "観測点名ローマ字": "TOBA2 ", "観測点コード": "31104", "緯度（度）": 34.5439, "経度（度）": 136.9817, "高さ（ｍ）": 14, "測器の深度（ｍ）": null, "維持管理機関名": "国土地理院", "維持管理機関名（英語）": "GSI", "観測開始年（西暦）": 2004, "同月": 3, "観測機器名または観測項目": "TOPCON NET-G5" }, "geometry": { "type": "Point", "coordinates": [ 136.9817, 34.5439 ] } },
{ "type": "Feature", "properties": { "観測の種類": "GNSS", "name": "磯部", "観測点名ローマ字": "ISOBE", "観測点コード": "31105", "緯度（度）": 34.3736, "経度（度）": 136.802, "高さ（ｍ）": 12, "測器の深度（ｍ）": null, "維持管理機関名": "国土地理院", "維持管理機関名（英語）": "GSI", "観測開始年（西暦）": 2004, "同月": 3, "観測機器名または観測項目": "TOPCON NET-G5" }, "geometry": { "type": "Point", "coordinates": [ 136.802, 34.3736 ] } },
{ "type": "Feature", "properties": { "観測の種類": "GNSS", "name": "紀勢", "観測点名ローマ字": "KISEI", "観測点コード": "31106", "緯度（度）": 34.2979, "経度（度）": 136.3885, "高さ（ｍ）": 150, "測器の深度（ｍ）": null, "維持管理機関名": "国土地理院", "維持管理機関名（英語）": "GSI", "観測開始年（西暦）": 2004, "同月": 3, "観測機器名または観測項目": "TOPCON NET-G5" }, "geometry": { "type": "Point", "coordinates": [ 136.3885, 34.2979 ] } },
{ "type": "Feature", "properties": { "観測の種類": "GNSS", "name": "三重熊野２", "観測点名ローマ字": "MIEKUMANO2", "観測点コード": "31107", "緯度（度）": 33.9329, "経度（度）": 136.14, "高さ（ｍ）": 28, "測器の深度（ｍ）": null, "維持管理機関名": "国土地理院", "維持管理機関名（英語）": "GSI", "観測開始年（西暦）": 2004, "同月": 3, "観測機器名または観測項目": "TOPCON NET-G5" }, "geometry": { "type": "Point", "coordinates": [ 136.14, 33.9329 ] } },
{ "type": "Feature", "properties": { "観測の種類": "GNSS", "name": "金屋", "観測点名ローマ字": "KANAYA", "観測点コード": "31109", "緯度（度）": 34.0909, "経度（度）": 135.2903, "高さ（ｍ）": 333, "測器の深度（ｍ）": null, "維持管理機関名": "国土地理院", "維持管理機関名（英語）": "GSI", "観測開始年（西暦）": 2004, "同月": 3, "観測機器名または観測項目": "TOPCON NET-G5" }, "geometry": { "type": "Point", "coordinates": [ 135.2903, 34.0909 ] } },
{ "type": "Feature", "properties": { "観測の種類": "GNSS", "name": "南部川", "観測点名ローマ字": "MINABEGAWA", "観測点コード": "31110", "緯度（度）": 33.8545, "経度（度）": 135.3991, "高さ（ｍ）": 166, "測器の深度（ｍ）": null, "維持管理機関名": "国土地理院", "維持管理機関名（英語）": "GSI", "観測開始年（西暦）": 2004, "同月": 3, "観測機器名または観測項目": "TOPCON NET-G5" }, "geometry": { "type": "Point", "coordinates": [ 135.3991, 33.8545 ] } },
{ "type": "Feature", "properties": { "観測の種類": "GNSS", "name": "熊野川", "観測点名ローマ字": "KUMANOGAWA", "観測点コード": "31111", "緯度（度）": 33.7991, "経度（度）": 135.8711, "高さ（ｍ）": 43, "測器の深度（ｍ）": null, "維持管理機関名": "国土地理院", "維持管理機関名（英語）": "GSI", "観測開始年（西暦）": 2004, "同月": 3, "観測機器名または観測項目": "TOPCON NET-G5" }, "geometry": { "type": "Point", "coordinates": [ 135.8711, 33.7991 ] } },
{ "type": "Feature", "properties": { "観測の種類": "GNSS", "name": "白浜", "観測点名ローマ字": "SHIRAHAMA", "観測点コード": "31112", "緯度（度）": 33.6473, "経度（度）": 135.406, "高さ（ｍ）": 11, "測器の深度（ｍ）": null, "維持管理機関名": "国土地理院", "維持管理機関名（英語）": "GSI", "観測開始年（西暦）": 2004, "同月": 3, "観測機器名または観測項目": "TOPCON NET-G5" }, "geometry": { "type": "Point", "coordinates": [ 135.406, 33.6473 ] } },
{ "type": "Feature", "properties": { "観測の種類": "GNSS", "name": "古座", "観測点名ローマ字": "KOZA", "観測点コード": "31113", "緯度（度）": 33.5201, "経度（度）": 135.8341, "高さ（ｍ）": 79, "測器の深度（ｍ）": null, "維持管理機関名": "国土地理院", "維持管理機関名（英語）": "GSI", "観測開始年（西暦）": 2004, "同月": 3, "観測機器名または観測項目": "TOPCON NET-G5" }, "geometry": { "type": "Point", "coordinates": [ 135.8341, 33.5201 ] } },
{ "type": "Feature", "properties": { "観測の種類": "GNSS", "name": "徳島勝浦", "観測点名ローマ字": "TOKUSHIMAKATUURA", "観測点コード": "31114", "緯度（度）": 33.9328, "経度（度）": 134.51, "高さ（ｍ）": 35, "測器の深度（ｍ）": null, "維持管理機関名": "国土地理院", "維持管理機関名（英語）": "GSI", "観測開始年（西暦）": 2004, "同月": 3, "観測機器名または観測項目": "TOPCON NET-G5" }, "geometry": { "type": "Point", "coordinates": [ 134.51, 33.9328 ] } },
{ "type": "Feature", "properties": { "観測の種類": "GNSS", "name": "相生", "観測点名ローマ字": "AIOI", "観測点コード": "31116", "緯度（度）": 33.822, "経度（度）": 134.4846, "高さ（ｍ）": 95, "測器の深度（ｍ）": null, "維持管理機関名": "国土地理院", "維持管理機関名（英語）": "GSI", "観測開始年（西暦）": 2004, "同月": 3, "観測機器名または観測項目": "TOPCON NET-G5" }, "geometry": { "type": "Point", "coordinates": [ 134.4846, 33.822 ] } },
{ "type": "Feature", "properties": { "観測の種類": "GNSS", "name": "大洲", "観測点名ローマ字": "OOZU", "観測点コード": "31117", "緯度（度）": 33.5104, "経度（度）": 132.5647, "高さ（ｍ）": 270, "測器の深度（ｍ）": null, "維持管理機関名": "国土地理院", "維持管理機関名（英語）": "GSI", "観測開始年（西暦）": 2004, "同月": 3, "観測機器名または観測項目": "TRIMBLE Alloy" }, "geometry": { "type": "Point", "coordinates": [ 132.5647, 33.5104 ] } },
{ "type": "Feature", "properties": { "観測の種類": "GNSS", "name": "宇和島２", "観測点名ローマ字": "UWAJIMA2", "観測点コード": "31118", "緯度（度）": 33.2022, "経度（度）": 132.3604, "高さ（ｍ）": 11, "測器の深度（ｍ）": null, "維持管理機関名": "国土地理院", "維持管理機関名（英語）": "GSI", "観測開始年（西暦）": 2004, "同月": 3, "観測機器名または観測項目": "TRIMBLE NetR9" }, "geometry": { "type": "Point", "coordinates": [ 132.3604, 33.2022 ] } },
{ "type": "Feature", "properties": { "観測の種類": "GNSS", "name": "伊野", "観測点名ローマ字": "INO", "観測点コード": "31119", "緯度（度）": 33.5457, "経度（度）": 133.4317, "高さ（ｍ）": 19, "測器の深度（ｍ）": null, "維持管理機関名": "国土地理院", "維持管理機関名（英語）": "GSI", "観測開始年（西暦）": 2004, "同月": 3, "観測機器名または観測項目": "TRIMBLE Alloy" }, "geometry": { "type": "Point", "coordinates": [ 133.4317, 33.5457 ] } },
{ "type": "Feature", "properties": { "観測の種類": "GNSS", "name": "吉川", "観測点名ローマ字": "YOSHIKAWA", "観測点コード": "31120", "緯度（度）": 33.5425, "経度（度）": 133.6998, "高さ（ｍ）": 9, "測器の深度（ｍ）": null, "維持管理機関名": "国土地理院", "維持管理機関名（英語）": "GSI", "観測開始年（西暦）": 2004, "同月": 3, "観測機器名または観測項目": "TOPCON NET-G5" }, "geometry": { "type": "Point", "coordinates": [ 133.6998, 33.5425 ] } },
{ "type": "Feature", "properties": { "観測の種類": "GNSS", "name": "室戸３", "観測点名ローマ字": "MUROTO3", "観測点コード": "31121", "緯度（度）": 33.3674, "経度（度）": 134.0562, "高さ（ｍ）": 11, "測器の深度（ｍ）": null, "維持管理機関名": "国土地理院", "維持管理機関名（英語）": "GSI", "観測開始年（西暦）": 2004, "同月": 3, "観測機器名または観測項目": "TOPCON NET-G5" }, "geometry": { "type": "Point", "coordinates": [ 134.0562, 33.3674 ] } },
{ "type": "Feature", "properties": { "観測の種類": "GNSS", "name": "室戸４", "観測点名ローマ字": "MUROTO4", "観測点コード": "31122", "緯度（度）": 33.2661, "経度（度）": 134.1781, "高さ（ｍ）": 250, "測器の深度（ｍ）": null, "維持管理機関名": "国土地理院", "維持管理機関名（英語）": "GSI", "観測開始年（西暦）": 2004, "同月": 3, "観測機器名または観測項目": "TOPCON NET-G5" }, "geometry": { "type": "Point", "coordinates": [ 134.1781, 33.2661 ] } },
{ "type": "Feature", "properties": { "観測の種類": "GNSS", "name": "檮原２", "観測点名ローマ字": "YUSUHARA2", "観測点コード": "31123", "緯度（度）": 33.3121, "経度（度）": 132.974, "高さ（ｍ）": 273, "測器の深度（ｍ）": null, "維持管理機関名": "国土地理院", "維持管理機関名（英語）": "GSI", "観測開始年（西暦）": 2004, "同月": 3, "観測機器名または観測項目": "TOPCON NET-G5" }, "geometry": { "type": "Point", "coordinates": [ 132.974, 33.3121 ] } },
{ "type": "Feature", "properties": { "観測の種類": "GNSS", "name": "中村２", "観測点名ローマ字": "NAKAMURA2", "観測点コード": "31124", "緯度（度）": 33.0601, "経度（度）": 132.8221, "高さ（ｍ）": 31, "測器の深度（ｍ）": null, "維持管理機関名": "国土地理院", "維持管理機関名（英語）": "GSI", "観測開始年（西暦）": 2004, "同月": 3, "観測機器名または観測項目": "TOPCON NET-G5" }, "geometry": { "type": "Point", "coordinates": [ 132.8221, 33.0601 ] } },
{ "type": "Feature", "properties": { "観測の種類": "GNSS", "name": "土佐清水２", "観測点名ローマ字": "TOSASHIMIZU2", "観測点コード": "31125", "緯度（度）": 32.8695, "経度（度）": 132.9822, "高さ（ｍ）": 9, "測器の深度（ｍ）": null, "維持管理機関名": "国土地理院", "維持管理機関名（英語）": "GSI", "観測開始年（西暦）": 2004, "同月": 3, "観測機器名または観測項目": "TRIMBLE NetR9" }, "geometry": { "type": "Point", "coordinates": [ 132.9822, 32.8695 ] } },
{ "type": "Feature", "properties": { "観測の種類": "GNSS", "name": "土佐清水３", "観測点名ローマ字": "TOSASHIMIZU3", "観測点コード": "31126", "緯度（度）": 32.7621, "経度（度）": 132.8107, "高さ（ｍ）": 9, "測器の深度（ｍ）": null, "維持管理機関名": "国土地理院", "維持管理機関名（英語）": "GSI", "観測開始年（西暦）": 2004, "同月": 3, "観測機器名または観測項目": "TRIMBLE NetR9" }, "geometry": { "type": "Point", "coordinates": [ 132.8107, 32.7621 ] } },
{ "type": "Feature", "properties": { "観測の種類": "GNSS", "name": "木曽駒ヶ岳", "観測点名ローマ字": "KISOKOMAGATAKE", "観測点コード": "31127", "緯度（度）": 35.7775, "経度（度）": 137.8145, "高さ（ｍ）": 2634, "測器の深度（ｍ）": null, "維持管理機関名": "国土地理院", "維持管理機関名（英語）": "GSI", "観測開始年（西暦）": 2004, "同月": 3, "観測機器名または観測項目": "TRIMBLE Alloy" }, "geometry": { "type": "Point", "coordinates": [ 137.8145, 35.7775 ] } },
{ "type": "Feature", "properties": { "観測の種類": "GNSS", "name": "岐阜Ａ", "観測点名ローマ字": "GIFU-A", "観測点コード": "31128", "緯度（度）": 35.4051, "経度（度）": 136.7288, "高さ（ｍ）": 14, "測器の深度（ｍ）": null, "維持管理機関名": "国土地理院", "維持管理機関名（英語）": "GSI", "観測開始年（西暦）": 2004, "同月": 3, "観測機器名または観測項目": "TOPCON NET-G5" }, "geometry": { "type": "Point", "coordinates": [ 136.7288, 35.4051 ] } },
{ "type": "Feature", "properties": { "観測の種類": "GNSS", "name": "Ｐ熊野", "観測点名ローマ字": "P-KUMANO", "観測点コード": "03P214", "緯度（度）": 33.9287, "経度（度）": 136.1752, "高さ（ｍ）": 25, "測器の深度（ｍ）": null, "維持管理機関名": "国土地理院", "維持管理機関名（英語）": "GSI", "観測開始年（西暦）": 2004, "同月": 3, "観測機器名または観測項目": "TOPCON NET-G5" }, "geometry": { "type": "Point", "coordinates": [ 136.1752, 33.9287 ] } },
{ "type": "Feature", "properties": { "観測の種類": "GNSS", "name": "Ｐ御坊", "観測点名ローマ字": "P-GOBOU", "観測点コード": "03P215", "緯度（度）": 33.8516, "経度（度）": 135.1659, "高さ（ｍ）": 9, "測器の深度（ｍ）": null, "維持管理機関名": "国土地理院", "維持管理機関名（英語）": "GSI", "観測開始年（西暦）": 2004, "同月": 3, "観測機器名または観測項目": "TOPCON NET-G5" }, "geometry": { "type": "Point", "coordinates": [ 135.1659, 33.8516 ] } },
{ "type": "Feature", "properties": { "観測の種類": "GNSS", "name": "Ｐ由岐", "観測点名ローマ字": "P-YUKI", "観測点コード": "03P216", "緯度（度）": 33.7751, "経度（度）": 134.5911, "高さ（ｍ）": 21, "測器の深度（ｍ）": null, "維持管理機関名": "国土地理院", "維持管理機関名（英語）": "GSI", "観測開始年（西暦）": 2004, "同月": 3, "観測機器名または観測項目": "TOPCON NET-G5" }, "geometry": { "type": "Point", "coordinates": [ 134.5911, 33.7751 ] } },
{ "type": "Feature", "properties": { "観測の種類": "GNSS", "name": "Ｓ天竜", "観測点名ローマ字": "S-TENRYUU", "観測点コード": "03S045", "緯度（度）": 34.8771, "経度（度）": 137.8226, "高さ（ｍ）": 55, "測器の深度（ｍ）": null, "維持管理機関名": "国土地理院", "維持管理機関名（英語）": "GSI", "観測開始年（西暦）": 2004, "同月": 3, "観測機器名または観測項目": "TOPCON NET-G5" }, "geometry": { "type": "Point", "coordinates": [ 137.8226, 34.8771 ] } },
{ "type": "Feature", "properties": { "観測の種類": "GNSS", "name": "Ｓ浅間山１", "観測点名ローマ字": "S-ASAMAYAMA1", "観測点コード": "03S046", "緯度（度）": 36.38, "経度（度）": 138.4779, "高さ（ｍ）": 1412, "測器の深度（ｍ）": null, "維持管理機関名": "国土地理院", "維持管理機関名（英語）": "GSI", "観測開始年（西暦）": 2004, "同月": 3, "観測機器名または観測項目": "TOPCON NET-G5" }, "geometry": { "type": "Point", "coordinates": [ 138.4779, 36.38 ] } },
{ "type": "Feature", "properties": { "観測の種類": "GNSS", "name": "Ｓ浦河", "観測点名ローマ字": "S-URAKAWA", "観測点コード": "03S047", "緯度（度）": 42.299, "経度（度）": 143.034, "高さ（ｍ）": 466, "測器の深度（ｍ）": null, "維持管理機関名": "国土地理院", "維持管理機関名（英語）": "GSI", "観測開始年（西暦）": 2004, "同月": 3, "観測機器名または観測項目": "TOPCON NET-G5" }, "geometry": { "type": "Point", "coordinates": [ 143.034, 42.299 ] } },
{ "type": "Feature", "properties": { "観測の種類": "GNSS", "name": "檮原Ａ", "観測点名ローマ字": "YUSUHARA-A", "観測点コード": "41134", "緯度（度）": 33.391, "経度（度）": 132.9226, "高さ（ｍ）": 411, "測器の深度（ｍ）": null, "維持管理機関名": "国土地理院", "維持管理機関名（英語）": "GSI", "観測開始年（西暦）": 2004, "同月": 4, "観測機器名または観測項目": "TRIMBLE NetR9" }, "geometry": { "type": "Point", "coordinates": [ 132.9226, 33.391 ] } },
{ "type": "Feature", "properties": { "観測の種類": "GNSS", "name": "東伯Ａ", "観測点名ローマ字": "TOUHAKU-A", "観測点コード": "41135", "緯度（度）": 35.4904, "経度（度）": 133.6996, "高さ（ｍ）": 37, "測器の深度（ｍ）": null, "維持管理機関名": "国土地理院", "維持管理機関名（英語）": "GSI", "観測開始年（西暦）": 2004, "同月": 4, "観測機器名または観測項目": "TOPCON NET-G5" }, "geometry": { "type": "Point", "coordinates": [ 133.6996, 35.4904 ] } },
{ "type": "Feature", "properties": { "観測の種類": "GNSS", "name": "雄踏Ａ", "観測点名ローマ字": "YUUTOU-A", "観測点コード": "41136", "緯度（度）": 34.7021, "経度（度）": 137.6369, "高さ（ｍ）": 8, "測器の深度（ｍ）": null, "維持管理機関名": "国土地理院", "維持管理機関名（英語）": "GSI", "観測開始年（西暦）": 2004, "同月": 4, "観測機器名または観測項目": "TOPCON NET-G5" }, "geometry": { "type": "Point", "coordinates": [ 137.6369, 34.7021 ] } },
{ "type": "Feature", "properties": { "観測の種類": "GNSS", "name": "直入Ａ", "観測点名ローマ字": "NAOIRI-A", "観測点コード": "41137", "緯度（度）": 33.0788, "経度（度）": 131.384, "高さ（ｍ）": 487, "測器の深度（ｍ）": null, "維持管理機関名": "国土地理院", "維持管理機関名（英語）": "GSI", "観測開始年（西暦）": 2004, "同月": 4, "観測機器名または観測項目": "TOPCON NET-G5" }, "geometry": { "type": "Point", "coordinates": [ 131.384, 33.0788 ] } },
{ "type": "Feature", "properties": { "観測の種類": "GNSS", "name": "立山Ａ", "観測点名ローマ字": "TOYAMATATEYAMA-A", "観測点コード": "41138", "緯度（度）": 36.577, "経度（度）": 137.596, "高さ（ｍ）": 2441, "測器の深度（ｍ）": null, "維持管理機関名": "国土地理院", "維持管理機関名（英語）": "GSI", "観測開始年（西暦）": 2004, "同月": 4, "観測機器名または観測項目": "TRIMBLE Alloy" }, "geometry": { "type": "Point", "coordinates": [ 137.596, 36.577 ] } },
{ "type": "Feature", "properties": { "観測の種類": "GNSS", "name": "南島Ａ", "観測点名ローマ字": "NANTOU-A", "観測点コード": "41139", "緯度（度）": 34.2851, "経度（度）": 136.5405, "高さ（ｍ）": 9, "測器の深度（ｍ）": null, "維持管理機関名": "国土地理院", "維持管理機関名（英語）": "GSI", "観測開始年（西暦）": 2004, "同月": 4, "観測機器名または観測項目": "TRIMBLE Alloy" }, "geometry": { "type": "Point", "coordinates": [ 136.5405, 34.2851 ] } },
{ "type": "Feature", "properties": { "観測の種類": "GNSS", "name": "Ｓ浜松", "観測点名ローマ字": "S-HAMAMATSU", "観測点コード": "04S048", "緯度（度）": 34.7404, "経度（度）": 137.7707, "高さ（ｍ）": 13, "測器の深度（ｍ）": null, "維持管理機関名": "国土地理院", "維持管理機関名（英語）": "GSI", "観測開始年（西暦）": 2004, "同月": 12, "観測機器名または観測項目": "TOPCON NET-G5" }, "geometry": { "type": "Point", "coordinates": [ 137.7707, 34.7404 ] } },
{ "type": "Feature", "properties": { "観測の種類": "GNSS", "name": "嬉野", "観測点名ローマ字": "URESHINO", "観測点コード": "41129", "緯度（度）": 34.6033, "経度（度）": 136.4319, "高さ（ｍ）": 49, "測器の深度（ｍ）": null, "維持管理機関名": "国土地理院", "維持管理機関名（英語）": "GSI", "観測開始年（西暦）": 2005, "同月": 3, "観測機器名または観測項目": "TRIMBLE Alloy" }, "geometry": { "type": "Point", "coordinates": [ 136.4319, 34.6033 ] } },
{ "type": "Feature", "properties": { "観測の種類": "GNSS", "name": "和歌山大塔", "観測点名ローマ字": "WAKAYAMAOOTOU", "観測点コード": "41130", "緯度（度）": 33.7476, "経度（度）": 135.5899, "高さ（ｍ）": 201, "測器の深度（ｍ）": null, "維持管理機関名": "国土地理院", "維持管理機関名（英語）": "GSI", "観測開始年（西暦）": 2005, "同月": 3, "観測機器名または観測項目": "TRIMBLE Alloy" }, "geometry": { "type": "Point", "coordinates": [ 135.5899, 33.7476 ] } },
{ "type": "Feature", "properties": { "観測の種類": "GNSS", "name": "物部", "観測点名ローマ字": "MONOBE", "観測点コード": "41131", "緯度（度）": 33.7225, "経度（度）": 133.9409, "高さ（ｍ）": 348, "測器の深度（ｍ）": null, "維持管理機関名": "国土地理院", "維持管理機関名（英語）": "GSI", "観測開始年（西暦）": 2005, "同月": 3, "観測機器名または観測項目": "TRIMBLE Alloy" }, "geometry": { "type": "Point", "coordinates": [ 133.9409, 33.7225 ] } },
{ "type": "Feature", "properties": { "観測の種類": "GNSS", "name": "久万高原", "観測点名ローマ字": "KUMAKOUGEN", "観測点コード": "41132", "緯度（度）": 33.5458, "経度（度）": 133.0432, "高さ（ｍ）": 443, "測器の深度（ｍ）": null, "維持管理機関名": "国土地理院", "維持管理機関名（英語）": "GSI", "観測開始年（西暦）": 2005, "同月": 3, "観測機器名または観測項目": "TRIMBLE Alloy" }, "geometry": { "type": "Point", "coordinates": [ 133.0432, 33.5458 ] } },
{ "type": "Feature", "properties": { "観測の種類": "GNSS", "name": "愛南", "観測点名ローマ字": "AINAN", "観測点コード": "41133", "緯度（度）": 33.0395, "経度（度）": 132.4888, "高さ（ｍ）": 11, "測器の深度（ｍ）": null, "維持管理機関名": "国土地理院", "維持管理機関名（英語）": "GSI", "観測開始年（西暦）": 2005, "同月": 3, "観測機器名または観測項目": "TRIMBLE Alloy" }, "geometry": { "type": "Point", "coordinates": [ 132.4888, 33.0395 ] } },
{ "type": "Feature", "properties": { "観測の種類": "GNSS", "name": "沖ノ鳥島", "観測点名ローマ字": "OKINOTORISHIMA", "観測点コード": "51140", "緯度（度）": 20.4255, "経度（度）": 136.0811, "高さ（ｍ）": 1, "測器の深度（ｍ）": null, "維持管理機関名": "国土地理院", "維持管理機関名（英語）": "GSI", "観測開始年（西暦）": 2005, "同月": 6, "観測機器名または観測項目": "TRIMBLE NetR9" }, "geometry": { "type": "Point", "coordinates": [ 136.0811, 20.4255 ] } },
{ "type": "Feature", "properties": { "観測の種類": "GNSS", "name": "土山Ａ", "観測点名ローマ字": "TSUCHIYAMA-A", "観測点コード": "51143", "緯度（度）": 34.9307, "経度（度）": 136.2956, "高さ（ｍ）": 263, "測器の深度（ｍ）": null, "維持管理機関名": "国土地理院", "維持管理機関名（英語）": "GSI", "観測開始年（西暦）": 2005, "同月": 7, "観測機器名または観測項目": "TOPCON NET-G5" }, "geometry": { "type": "Point", "coordinates": [ 136.2956, 34.9307 ] } },
{ "type": "Feature", "properties": { "観測の種類": "GNSS", "name": "岩手川崎Ａ", "観測点名ローマ字": "IWATEKAWASAKI-A", "観測点コード": "51145", "緯度（度）": 38.9019, "経度（度）": 141.2832, "高さ（ｍ）": 40, "測器の深度（ｍ）": null, "維持管理機関名": "国土地理院", "維持管理機関名（英語）": "GSI", "観測開始年（西暦）": 2005, "同月": 9, "観測機器名または観測項目": "TOPCON NET-G5" }, "geometry": { "type": "Point", "coordinates": [ 141.2832, 38.9019 ] } },
{ "type": "Feature", "properties": { "観測の種類": "GNSS", "name": "戸田Ｂ", "観測点名ローマ字": "HEDA-B", "観測点コード": "51144", "緯度（度）": 34.9706, "経度（度）": 138.7947, "高さ（ｍ）": 37, "測器の深度（ｍ）": null, "維持管理機関名": "国土地理院", "維持管理機関名（英語）": "GSI", "観測開始年（西暦）": 2005, "同月": 11, "観測機器名または観測項目": "TRIMBLE NetR9" }, "geometry": { "type": "Point", "coordinates": [ 138.7947, 34.9706 ] } },
{ "type": "Feature", "properties": { "観測の種類": "GNSS", "name": "和歌山清水Ａ", "観測点名ローマ字": "WAKAYAMASIMIZU-A", "観測点コード": "51146", "緯度（度）": 34.0855, "経度（度）": 135.4261, "高さ（ｍ）": 240, "測器の深度（ｍ）": null, "維持管理機関名": "国土地理院", "維持管理機関名（英語）": "GSI", "観測開始年（西暦）": 2005, "同月": 12, "観測機器名または観測項目": "TRIMBLE NetR9" }, "geometry": { "type": "Point", "coordinates": [ 135.4261, 34.0855 ] } },
{ "type": "Feature", "properties": { "観測の種類": "GNSS", "name": "Ｓ屈斜路", "観測点名ローマ字": "S-KUSYARO", "観測点コード": "05S049", "緯度（度）": 43.6181, "経度（度）": 144.4437, "高さ（ｍ）": 177, "測器の深度（ｍ）": null, "維持管理機関名": "国土地理院", "維持管理機関名（英語）": "GSI", "観測開始年（西暦）": 2006, "同月": 2, "観測機器名または観測項目": "TOPCON NET-G5" }, "geometry": { "type": "Point", "coordinates": [ 144.4437, 43.6181 ] } },
{ "type": "Feature", "properties": { "観測の種類": "GNSS", "name": "Ｓ根室", "観測点名ローマ字": "S-NEMURO", "観測点コード": "05S050", "緯度（度）": 43.3281, "経度（度）": 145.6812, "高さ（ｍ）": 25, "測器の深度（ｍ）": null, "維持管理機関名": "国土地理院", "維持管理機関名（英語）": "GSI", "観測開始年（西暦）": 2006, "同月": 2, "観測機器名または観測項目": "TRIMBLE Alloy" }, "geometry": { "type": "Point", "coordinates": [ 145.6812, 43.3281 ] } },
{ "type": "Feature", "properties": { "観測の種類": "GNSS", "name": "Ｓ浜中", "観測点名ローマ字": "S-HAMANAKA", "観測点コード": "05S051", "緯度（度）": 43.0327, "経度（度）": 145.027, "高さ（ｍ）": 8, "測器の深度（ｍ）": null, "維持管理機関名": "国土地理院", "維持管理機関名（英語）": "GSI", "観測開始年（西暦）": 2006, "同月": 2, "観測機器名または観測項目": "TOPCON NET-G5" }, "geometry": { "type": "Point", "coordinates": [ 145.027, 43.0327 ] } },
{ "type": "Feature", "properties": { "観測の種類": "GNSS", "name": "Ｓ庶路", "観測点名ローマ字": "S-SYORO", "観測点コード": "05S052", "緯度（度）": 42.9797, "経度（度）": 144.1341, "高さ（ｍ）": 11, "測器の深度（ｍ）": null, "維持管理機関名": "国土地理院", "維持管理機関名（英語）": "GSI", "観測開始年（西暦）": 2006, "同月": 2, "観測機器名または観測項目": "TRIMBLE Alloy" }, "geometry": { "type": "Point", "coordinates": [ 144.1341, 42.9797 ] } },
{ "type": "Feature", "properties": { "観測の種類": "GNSS", "name": "Ｓ豊頃", "観測点名ローマ字": "S-TOYOKORO", "観測点コード": "05S053", "緯度（度）": 42.6803, "経度（度）": 143.6421, "高さ（ｍ）": 8, "測器の深度（ｍ）": null, "維持管理機関名": "国土地理院", "維持管理機関名（英語）": "GSI", "観測開始年（西暦）": 2006, "同月": 2, "観測機器名または観測項目": "TOPCON NET-G5" }, "geometry": { "type": "Point", "coordinates": [ 143.6421, 42.6803 ] } },
{ "type": "Feature", "properties": { "観測の種類": "GNSS", "name": "四万十", "観測点名ローマ字": "SHIMANTO", "観測点コード": "51141", "緯度（度）": 33.1039, "経度（度）": 132.9617, "高さ（ｍ）": 81, "測器の深度（ｍ）": null, "維持管理機関名": "国土地理院", "維持管理機関名（英語）": "GSI", "観測開始年（西暦）": 2006, "同月": 3, "観測機器名または観測項目": "TRIMBLE Alloy" }, "geometry": { "type": "Point", "coordinates": [ 132.9617, 33.1039 ] } },
{ "type": "Feature", "properties": { "観測の種類": "GNSS", "name": "宿毛２", "観測点名ローマ字": "SUKUMO2", "観測点コード": "51142", "緯度（度）": 32.9277, "経度（度）": 132.6758, "高さ（ｍ）": 7, "測器の深度（ｍ）": null, "維持管理機関名": "国土地理院", "維持管理機関名（英語）": "GSI", "観測開始年（西暦）": 2006, "同月": 3, "観測機器名または観測項目": "TRIMBLE Alloy" }, "geometry": { "type": "Point", "coordinates": [ 132.6758, 32.9277 ] } },
{ "type": "Feature", "properties": { "観測の種類": "GNSS", "name": "徳山Ａ", "観測点名ローマ字": "TOKUYAMA-A", "観測点コード": "51147", "緯度（度）": 34.0438, "経度（度）": 131.835, "高さ（ｍ）": 40, "測器の深度（ｍ）": null, "維持管理機関名": "国土地理院", "維持管理機関名（英語）": "GSI", "観測開始年（西暦）": 2006, "同月": 3, "観測機器名または観測項目": "TRIMBLE Alloy" }, "geometry": { "type": "Point", "coordinates": [ 131.835, 34.0438 ] } },
{ "type": "Feature", "properties": { "観測の種類": "GNSS", "name": "父島Ａ", "観測点名ローマ字": "CHICHIJIMA-A", "観測点コード": "52007", "緯度（度）": 27.0675, "経度（度）": 142.195, "高さ（ｍ）": 54, "測器の深度（ｍ）": null, "維持管理機関名": "国土地理院", "維持管理機関名（英語）": "GSI", "観測開始年（西暦）": 2006, "同月": 3, "観測機器名または観測項目": "TRIMBLE Alloy" }, "geometry": { "type": "Point", "coordinates": [ 142.195, 27.0675 ] } },
{ "type": "Feature", "properties": { "観測の種類": "GNSS", "name": "Ｓ石巻", "観測点名ローマ字": "S-ISHINOMAKI", "観測点コード": "05S054", "緯度（度）": 38.2668, "経度（度）": 141.4778, "高さ（ｍ）": 97, "測器の深度（ｍ）": null, "維持管理機関名": "国土地理院", "維持管理機関名（英語）": "GSI", "観測開始年（西暦）": 2006, "同月": 3, "観測機器名または観測項目": "TRIMBLE Alloy" }, "geometry": { "type": "Point", "coordinates": [ 141.4778, 38.2668 ] } },
{ "type": "Feature", "properties": { "観測の種類": "GNSS", "name": "壮瞥Ａ", "観測点名ローマ字": "SOUBETSU-A", "観測点コード": "61150", "緯度（度）": 42.5579, "経度（度）": 140.8988, "高さ（ｍ）": 81, "測器の深度（ｍ）": null, "維持管理機関名": "国土地理院", "維持管理機関名（英語）": "GSI", "観測開始年（西暦）": 2006, "同月": 10, "観測機器名または観測項目": "TOPCON NET-G5" }, "geometry": { "type": "Point", "coordinates": [ 140.8988, 42.5579 ] } },
{ "type": "Feature", "properties": { "観測の種類": "GNSS", "name": "Ｓ本吉", "観測点名ローマ字": "S-MOTOYOSHI", "観測点コード": "06S055", "緯度（度）": 38.7915, "経度（度）": 141.4936, "高さ（ｍ）": 54, "測器の深度（ｍ）": null, "維持管理機関名": "国土地理院", "維持管理機関名（英語）": "GSI", "観測開始年（西暦）": 2007, "同月": 2, "観測機器名または観測項目": "TRIMBLE Alloy" }, "geometry": { "type": "Point", "coordinates": [ 141.4936, 38.7915 ] } },
{ "type": "Feature", "properties": { "観測の種類": "GNSS", "name": "Ｓ石巻北上", "観測点名ローマ字": "S-ISHINOMAKIKITA", "観測点コード": "06S056", "緯度（度）": 38.5855, "経度（度）": 141.4869, "高さ（ｍ）": 42, "測器の深度（ｍ）": null, "維持管理機関名": "国土地理院", "維持管理機関名（英語）": "GSI", "観測開始年（西暦）": 2007, "同月": 2, "観測機器名または観測項目": "TRIMBLE Alloy" }, "geometry": { "type": "Point", "coordinates": [ 141.4869, 38.5855 ] } },
{ "type": "Feature", "properties": { "観測の種類": "GNSS", "name": "Ｓ石巻雄勝", "観測点名ローマ字": "S-ISHINOMAKIOGAT", "観測点コード": "06S057", "緯度（度）": 38.4954, "経度（度）": 141.5311, "高さ（ｍ）": 52, "測器の深度（ｍ）": null, "維持管理機関名": "国土地理院", "維持管理機関名（英語）": "GSI", "観測開始年（西暦）": 2007, "同月": 2, "観測機器名または観測項目": "TRIMBLE Alloy" }, "geometry": { "type": "Point", "coordinates": [ 141.5311, 38.4954 ] } },
{ "type": "Feature", "properties": { "観測の種類": "GNSS", "name": "Ｓ石巻牧浜", "観測点名ローマ字": "S-ISHINOMAKIMAKI", "観測点コード": "06S058", "緯度（度）": 38.3642, "経度（度）": 141.4347, "高さ（ｍ）": 32, "測器の深度（ｍ）": null, "維持管理機関名": "国土地理院", "維持管理機関名（英語）": "GSI", "観測開始年（西暦）": 2007, "同月": 2, "観測機器名または観測項目": "TRIMBLE Alloy" }, "geometry": { "type": "Point", "coordinates": [ 141.4347, 38.3642 ] } },
{ "type": "Feature", "properties": { "観測の種類": "GNSS", "name": "Ｓ七ヶ浜", "観測点名ローマ字": "S-SHICHIGAHAMA", "観測点コード": "06S059", "緯度（度）": 38.2998, "経度（度）": 141.0637, "高さ（ｍ）": 32, "測器の深度（ｍ）": null, "維持管理機関名": "国土地理院", "維持管理機関名（英語）": "GSI", "観測開始年（西暦）": 2007, "同月": 2, "観測機器名または観測項目": "TRIMBLE Alloy" }, "geometry": { "type": "Point", "coordinates": [ 141.0637, 38.2998 ] } },
{ "type": "Feature", "properties": { "観測の種類": "GNSS", "name": "伊勢", "観測点名ローマ字": "ISE", "観測点コード": "61148", "緯度（度）": 34.49, "経度（度）": 136.7282, "高さ（ｍ）": 20, "測器の深度（ｍ）": null, "維持管理機関名": "国土地理院", "維持管理機関名（英語）": "GSI", "観測開始年（西暦）": 2007, "同月": 3, "観測機器名または観測項目": "TOPCON NET-G5" }, "geometry": { "type": "Point", "coordinates": [ 136.7282, 34.49 ] } },
{ "type": "Feature", "properties": { "観測の種類": "GNSS", "name": "南伊勢", "観測点名ローマ字": "MINAMIISE", "観測点コード": "61149", "緯度（度）": 34.2966, "経度（度）": 136.6932, "高さ（ｍ）": 35, "測器の深度（ｍ）": null, "維持管理機関名": "国土地理院", "維持管理機関名（英語）": "GSI", "観測開始年（西暦）": 2007, "同月": 3, "観測機器名または観測項目": "TOPCON NET-G5" }, "geometry": { "type": "Point", "coordinates": [ 136.6932, 34.2966 ] } },
{ "type": "Feature", "properties": { "観測の種類": "GNSS", "name": "広島２Ａ", "観測点名ローマ字": "HIROSHIMA2-A", "観測点コード": "71157", "緯度（度）": 34.397, "経度（度）": 132.3398, "高さ（ｍ）": 184, "測器の深度（ｍ）": null, "維持管理機関名": "国土地理院", "維持管理機関名（英語）": "GSI", "観測開始年（西暦）": 2007, "同月": 6, "観測機器名または観測項目": "TOPCON NET-G5" }, "geometry": { "type": "Point", "coordinates": [ 132.3398, 34.397 ] } },
{ "type": "Feature", "properties": { "観測の種類": "GNSS", "name": "志賀Ａ", "観測点名ローマ字": "SHIKA-A", "観測点コード": "71158", "緯度（度）": 37.0007, "経度（度）": 136.7727, "高さ（ｍ）": 14, "測器の深度（ｍ）": null, "維持管理機関名": "国土地理院", "維持管理機関名（英語）": "GSI", "観測開始年（西暦）": 2007, "同月": 6, "観測機器名または観測項目": "TOPCON NET-G5" }, "geometry": { "type": "Point", "coordinates": [ 136.7727, 37.0007 ] } },
{ "type": "Feature", "properties": { "観測の種類": "GNSS", "name": "花巻Ａ", "観測点名ローマ字": "HANAMAKI-A", "観測点コード": "71159", "緯度（度）": 39.362, "経度（度）": 141.0547, "高さ（ｍ）": 113, "測器の深度（ｍ）": null, "維持管理機関名": "国土地理院", "維持管理機関名（英語）": "GSI", "観測開始年（西暦）": 2007, "同月": 7, "観測機器名または観測項目": "TRIMBLE Alloy" }, "geometry": { "type": "Point", "coordinates": [ 141.0547, 39.362 ] } },
{ "type": "Feature", "properties": { "観測の種類": "GNSS", "name": "新潟山北", "観測点名ローマ字": "NIIGATASANPOKU", "観測点コード": "71162", "緯度（度）": 38.5112, "経度（度）": 139.5338, "高さ（ｍ）": 33, "測器の深度（ｍ）": null, "維持管理機関名": "国土地理院", "維持管理機関名（英語）": "GSI", "観測開始年（西暦）": 2007, "同月": 11, "観測機器名または観測項目": "TRIMBLE NetR9" }, "geometry": { "type": "Point", "coordinates": [ 139.5338, 38.5112 ] } },
{ "type": "Feature", "properties": { "観測の種類": "GNSS", "name": "群馬利根Ａ", "観測点名ローマ字": "GUNMATONE-A", "観測点コード": "71163", "緯度（度）": 36.6023, "経度（度）": 139.2762, "高さ（ｍ）": 973, "測器の深度（ｍ）": null, "維持管理機関名": "国土地理院", "維持管理機関名（英語）": "GSI", "観測開始年（西暦）": 2007, "同月": 11, "観測機器名または観測項目": "TOPCON NET-G5" }, "geometry": { "type": "Point", "coordinates": [ 139.2762, 36.6023 ] } },
{ "type": "Feature", "properties": { "観測の種類": "GNSS", "name": "戸河内Ａ", "観測点名ローマ字": "TOGOUCHI-A", "観測点コード": "71164", "緯度（度）": 34.5754, "経度（度）": 132.2688, "高さ（ｍ）": 240, "測器の深度（ｍ）": null, "維持管理機関名": "国土地理院", "維持管理機関名（英語）": "GSI", "観測開始年（西暦）": 2007, "同月": 11, "観測機器名または観測項目": "TRIMBLE Alloy" }, "geometry": { "type": "Point", "coordinates": [ 132.2688, 34.5754 ] } },
{ "type": "Feature", "properties": { "観測の種類": "GNSS", "name": "安芸２", "観測点名ローマ字": "KOUCHIAKI2", "観測点コード": "71152", "緯度（度）": 33.6223, "経度（度）": 133.9241, "高さ（ｍ）": 187, "測器の深度（ｍ）": null, "維持管理機関名": "国土地理院", "維持管理機関名（英語）": "GSI", "観測開始年（西暦）": 2008, "同月": 2, "観測機器名または観測項目": "TOPCON NET-G5" }, "geometry": { "type": "Point", "coordinates": [ 133.9241, 33.6223 ] } },
{ "type": "Feature", "properties": { "観測の種類": "GNSS", "name": "那賀", "観測点名ローマ字": "NAKA", "観測点コード": "71153", "緯度（度）": 33.7746, "経度（度）": 134.1142, "高さ（ｍ）": 475, "測器の深度（ｍ）": null, "維持管理機関名": "国土地理院", "維持管理機関名（英語）": "GSI", "観測開始年（西暦）": 2008, "同月": 2, "観測機器名または観測項目": "TRIMBLE Alloy" }, "geometry": { "type": "Point", "coordinates": [ 134.1142, 33.7746 ] } },
{ "type": "Feature", "properties": { "観測の種類": "GNSS", "name": "みなべ", "観測点名ローマ字": "MINABE", "観測点コード": "71154", "緯度（度）": 33.7694, "経度（度）": 135.3053, "高さ（ｍ）": 29, "測器の深度（ｍ）": null, "維持管理機関名": "国土地理院", "維持管理機関名（英語）": "GSI", "観測開始年（西暦）": 2008, "同月": 2, "観測機器名または観測項目": "TOPCON NET-G5" }, "geometry": { "type": "Point", "coordinates": [ 135.3053, 33.7694 ] } },
{ "type": "Feature", "properties": { "観測の種類": "GNSS", "name": "那智勝浦３", "観測点名ローマ字": "NACHIKATSUURA3", "観測点コード": "71155", "緯度（度）": 33.6608, "経度（度）": 135.9706, "高さ（ｍ）": 11, "測器の深度（ｍ）": null, "維持管理機関名": "国土地理院", "維持管理機関名（英語）": "GSI", "観測開始年（西暦）": 2008, "同月": 2, "観測機器名または観測項目": "TRIMBLE Alloy" }, "geometry": { "type": "Point", "coordinates": [ 135.9706, 33.6608 ] } },
{ "type": "Feature", "properties": { "観測の種類": "GNSS", "name": "御浜", "観測点名ローマ字": "MIHAMA", "観測点コード": "71156", "緯度（度）": 33.8204, "経度（度）": 136.0243, "高さ（ｍ）": 110, "測器の深度（ｍ）": null, "維持管理機関名": "国土地理院", "維持管理機関名（英語）": "GSI", "観測開始年（西暦）": 2008, "同月": 2, "観測機器名または観測項目": "TRIMBLE Alloy" }, "geometry": { "type": "Point", "coordinates": [ 136.0243, 33.8204 ] } },
{ "type": "Feature", "properties": { "観測の種類": "GNSS", "name": "浜松Ａ", "観測点名ローマ字": "HAMAMATSU-A", "観測点コード": "71160", "緯度（度）": 34.6723, "経度（度）": 137.7234, "高さ（ｍ）": 7, "測器の深度（ｍ）": null, "維持管理機関名": "国土地理院", "維持管理機関名（英語）": "GSI", "観測開始年（西暦）": 2008, "同月": 3, "観測機器名または観測項目": "TOPCON NET-G5" }, "geometry": { "type": "Point", "coordinates": [ 137.7234, 34.6723 ] } },
{ "type": "Feature", "properties": { "観測の種類": "GNSS", "name": "豊橋Ａ", "観測点名ローマ字": "TOYOHASHI-A", "観測点コード": "71161", "緯度（度）": 34.6804, "経度（度）": 137.4425, "高さ（ｍ）": 73, "測器の深度（ｍ）": null, "維持管理機関名": "国土地理院", "維持管理機関名（英語）": "GSI", "観測開始年（西暦）": 2008, "同月": 3, "観測機器名または観測項目": "TOPCON NET-G5" }, "geometry": { "type": "Point", "coordinates": [ 137.4425, 34.6804 ] } },
{ "type": "Feature", "properties": { "観測の種類": "GNSS", "name": "Ｓ三沢", "観測点名ローマ字": "S-MISAWA", "観測点コード": "07S062", "緯度（度）": 40.7945, "経度（度）": 141.3992, "高さ（ｍ）": 13, "測器の深度（ｍ）": null, "維持管理機関名": "国土地理院", "維持管理機関名（英語）": "GSI", "観測開始年（西暦）": 2008, "同月": 4, "観測機器名または観測項目": "TRIMBLE Alloy" }, "geometry": { "type": "Point", "coordinates": [ 141.3992, 40.7945 ] } },
{ "type": "Feature", "properties": { "観測の種類": "GNSS", "name": "Ｓ洋野", "観測点名ローマ字": "S-HIRONO", "観測点コード": "07S063", "緯度（度）": 40.3021, "経度（度）": 141.7769, "高さ（ｍ）": 111, "測器の深度（ｍ）": null, "維持管理機関名": "国土地理院", "維持管理機関名（英語）": "GSI", "観測開始年（西暦）": 2008, "同月": 4, "観測機器名または観測項目": "TRIMBLE Alloy" }, "geometry": { "type": "Point", "coordinates": [ 141.7769, 40.3021 ] } },
{ "type": "Feature", "properties": { "観測の種類": "GNSS", "name": "Ｓ普代", "観測点名ローマ字": "S-FUDAI", "観測点コード": "07S064", "緯度（度）": 39.9968, "経度（度）": 141.9298, "高さ（ｍ）": 220, "測器の深度（ｍ）": null, "維持管理機関名": "国土地理院", "維持管理機関名（英語）": "GSI", "観測開始年（西暦）": 2008, "同月": 4, "観測機器名または観測項目": "TRIMBLE Alloy" }, "geometry": { "type": "Point", "coordinates": [ 141.9298, 39.9968 ] } },
{ "type": "Feature", "properties": { "観測の種類": "GNSS", "name": "Ｓ大船渡", "観測点名ローマ字": "S-OOFUNATO", "観測点コード": "07S065", "緯度（度）": 39.1579, "経度（度）": 141.8352, "高さ（ｍ）": 107, "測器の深度（ｍ）": null, "維持管理機関名": "国土地理院", "維持管理機関名（英語）": "GSI", "観測開始年（西暦）": 2008, "同月": 4, "観測機器名または観測項目": "TRIMBLE Alloy" }, "geometry": { "type": "Point", "coordinates": [ 141.8352, 39.1579 ] } },
{ "type": "Feature", "properties": { "観測の種類": "GNSS", "name": "Ｓ陸前高田", "観測点名ローマ字": "S-RIKUZENTAKATA", "観測点コード": "07S066", "緯度（度）": 38.9862, "経度（度）": 141.6698, "高さ（ｍ）": 45, "測器の深度（ｍ）": null, "維持管理機関名": "国土地理院", "維持管理機関名（英語）": "GSI", "観測開始年（西暦）": 2008, "同月": 4, "観測機器名または観測項目": "TRIMBLE Alloy" }, "geometry": { "type": "Point", "coordinates": [ 141.6698, 38.9862 ] } },
{ "type": "Feature", "properties": { "観測の種類": "GNSS", "name": "Ｓ吾妻小富士", "観測点名ローマ字": "S-AZUMAKOFUJI", "観測点コード": "07S067", "緯度（度）": 37.7339, "経度（度）": 140.3168, "高さ（ｍ）": 719, "測器の深度（ｍ）": null, "維持管理機関名": "国土地理院", "維持管理機関名（英語）": "GSI", "観測開始年（西暦）": 2008, "同月": 4, "観測機器名または観測項目": "TOPCON NET-G5" }, "geometry": { "type": "Point", "coordinates": [ 140.3168, 37.7339 ] } },
{ "type": "Feature", "properties": { "観測の種類": "GNSS", "name": "Ｓ高萩", "観測点名ローマ字": "S-TAKAHAGI", "観測点コード": "07S069", "緯度（度）": 36.7086, "経度（度）": 140.7196, "高さ（ｍ）": 8, "測器の深度（ｍ）": null, "維持管理機関名": "国土地理院", "維持管理機関名（英語）": "GSI", "観測開始年（西暦）": 2008, "同月": 4, "観測機器名または観測項目": "TRIMBLE Alloy" }, "geometry": { "type": "Point", "coordinates": [ 140.7196, 36.7086 ] } },
{ "type": "Feature", "properties": { "観測の種類": "GNSS", "name": "温泉Ａ", "観測点名ローマ字": "ONSEN-A", "観測点コード": "81167", "緯度（度）": 35.5356, "経度（度）": 134.4915, "高さ（ｍ）": 243, "測器の深度（ｍ）": null, "維持管理機関名": "国土地理院", "維持管理機関名（英語）": "GSI", "観測開始年（西暦）": 2008, "同月": 7, "観測機器名または観測項目": "TRIMBLE NetR9" }, "geometry": { "type": "Point", "coordinates": [ 134.4915, 35.5356 ] } },
{ "type": "Feature", "properties": { "観測の種類": "GNSS", "name": "長崎Ａ", "観測点名ローマ字": "NAGASAKI-A", "観測点コード": "81168", "緯度（度）": 32.5817, "経度（度）": 129.777, "高さ（ｍ）": 9, "測器の深度（ｍ）": null, "維持管理機関名": "国土地理院", "維持管理機関名（英語）": "GSI", "観測開始年（西暦）": 2008, "同月": 9, "観測機器名または観測項目": "TRIMBLE NetR9" }, "geometry": { "type": "Point", "coordinates": [ 129.777, 32.5817 ] } },
{ "type": "Feature", "properties": { "観測の種類": "GNSS", "name": "京都左京１Ａ", "観測点名ローマ字": "KYOTOSAKYOU1-A", "観測点コード": "81170", "緯度（度）": 35.2067, "経度（度）": 135.7748, "高さ（ｍ）": 387, "測器の深度（ｍ）": null, "維持管理機関名": "国土地理院", "維持管理機関名（英語）": "GSI", "観測開始年（西暦）": 2008, "同月": 9, "観測機器名または観測項目": "TRIMBLE Alloy" }, "geometry": { "type": "Point", "coordinates": [ 135.7748, 35.2067 ] } },
{ "type": "Feature", "properties": { "観測の種類": "GNSS", "name": "高知佐賀Ａ", "観測点名ローマ字": "KOUCHISAGA-A", "観測点コード": "81172", "緯度（度）": 33.0818, "経度（度）": 133.1062, "高さ（ｍ）": 9, "測器の深度（ｍ）": null, "維持管理機関名": "国土地理院", "維持管理機関名（英語）": "GSI", "観測開始年（西暦）": 2009, "同月": 1, "観測機器名または観測項目": "TRIMBLE Alloy" }, "geometry": { "type": "Point", "coordinates": [ 133.1062, 33.0818 ] } },
{ "type": "Feature", "properties": { "観測の種類": "GNSS", "name": "練馬Ａ", "観測点名ローマ字": "NERIMA-A", "観測点コード": "81171", "緯度（度）": 35.758, "経度（度）": 139.6445, "高さ（ｍ）": 42, "測器の深度（ｍ）": null, "維持管理機関名": "国土地理院", "維持管理機関名（英語）": "GSI", "観測開始年（西暦）": 2009, "同月": 2, "観測機器名または観測項目": "TRIMBLE NetR9" }, "geometry": { "type": "Point", "coordinates": [ 139.6445, 35.758 ] } },
{ "type": "Feature", "properties": { "観測の種類": "GNSS", "name": "椴法華Ａ", "観測点名ローマ字": "TODOHOKKE-A", "観測点コード": "81173", "緯度（度）": 41.834, "経度（度）": 141.1422, "高さ（ｍ）": 12, "測器の深度（ｍ）": null, "維持管理機関名": "国土地理院", "維持管理機関名（英語）": "GSI", "観測開始年（西暦）": 2009, "同月": 2, "観測機器名または観測項目": "TOPCON NET-G5" }, "geometry": { "type": "Point", "coordinates": [ 141.1422, 41.834 ] } },
{ "type": "Feature", "properties": { "観測の種類": "GNSS", "name": "宇和島３", "観測点名ローマ字": "UWAJIMA3", "観測点コード": "81165", "緯度（度）": 33.3091, "経度（度）": 132.597, "高さ（ｍ）": 204, "測器の深度（ｍ）": null, "維持管理機関名": "国土地理院", "維持管理機関名（英語）": "GSI", "観測開始年（西暦）": 2009, "同月": 3, "観測機器名または観測項目": "TRIMBLE Alloy" }, "geometry": { "type": "Point", "coordinates": [ 132.597, 33.3091 ] } },
{ "type": "Feature", "properties": { "観測の種類": "GNSS", "name": "四万十町", "観測点名ローマ字": "SHIMANTOCHOU", "観測点コード": "81166", "緯度（度）": 33.1547, "経度（度）": 133.2189, "高さ（ｍ）": 181, "測器の深度（ｍ）": null, "維持管理機関名": "国土地理院", "維持管理機関名（英語）": "GSI", "観測開始年（西暦）": 2009, "同月": 3, "観測機器名または観測項目": "TRIMBLE Alloy" }, "geometry": { "type": "Point", "coordinates": [ 133.2189, 33.1547 ] } },
{ "type": "Feature", "properties": { "観測の種類": "GNSS", "name": "西目屋Ａ", "観測点名ローマ字": "NISHIMEYA-A", "観測点コード": "91174", "緯度（度）": 40.5752, "経度（度）": 140.295, "高さ（ｍ）": 129, "測器の深度（ｍ）": null, "維持管理機関名": "国土地理院", "維持管理機関名（英語）": "GSI", "観測開始年（西暦）": 2009, "同月": 7, "観測機器名または観測項目": "TOPCON NET-G5" }, "geometry": { "type": "Point", "coordinates": [ 140.295, 40.5752 ] } },
{ "type": "Feature", "properties": { "観測の種類": "GNSS", "name": "平内Ａ", "観測点名ローマ字": "HIRANAI-A", "観測点コード": "91175", "緯度（度）": 40.9212, "経度（度）": 140.9902, "高さ（ｍ）": 32, "測器の深度（ｍ）": null, "維持管理機関名": "国土地理院", "維持管理機関名（英語）": "GSI", "観測開始年（西暦）": 2009, "同月": 7, "観測機器名または観測項目": "TRIMBLE Alloy" }, "geometry": { "type": "Point", "coordinates": [ 140.9902, 40.9212 ] } },
{ "type": "Feature", "properties": { "観測の種類": "GNSS", "name": "福島川内Ａ", "観測点名ローマ字": "FUKUSHIMAKAWAU-A", "観測点コード": "91176", "緯度（度）": 37.3367, "経度（度）": 140.8085, "高さ（ｍ）": 419, "測器の深度（ｍ）": null, "維持管理機関名": "国土地理院", "維持管理機関名（英語）": "GSI", "観測開始年（西暦）": 2009, "同月": 10, "観測機器名または観測項目": "TOPCON NET-G5" }, "geometry": { "type": "Point", "coordinates": [ 140.8085, 37.3367 ] } },
{ "type": "Feature", "properties": { "観測の種類": "GNSS", "name": "新得２Ａ", "観測点名ローマ字": "SHINTOKU2-A", "観測点コード": "91177", "緯度（度）": 43.3334, "経度（度）": 142.9466, "高さ（ｍ）": 375, "測器の深度（ｍ）": null, "維持管理機関名": "国土地理院", "維持管理機関名（英語）": "GSI", "観測開始年（西暦）": 2009, "同月": 10, "観測機器名または観測項目": "TRIMBLE Alloy" }, "geometry": { "type": "Point", "coordinates": [ 142.9466, 43.3334 ] } },
{ "type": "Feature", "properties": { "観測の種類": "GNSS", "name": "御前崎Ａ", "観測点名ローマ字": "OMAEZAKI-A", "観測点コード": "91178", "緯度（度）": 34.6032, "経度（度）": 138.2152, "高さ（ｍ）": 51, "測器の深度（ｍ）": null, "維持管理機関名": "国土地理院", "維持管理機関名（英語）": "GSI", "観測開始年（西暦）": 2010, "同月": 3, "観測機器名または観測項目": "TRIMBLE Alloy" }, "geometry": { "type": "Point", "coordinates": [ 138.2152, 34.6032 ] } },
{ "type": "Feature", "properties": { "観測の種類": "GNSS", "name": "仙台", "観測点名ローマ字": "SENDAI", "観測点コード": "91179", "緯度（度）": 38.2577, "経度（度）": 140.7547, "高さ（ｍ）": 171, "測器の深度（ｍ）": null, "維持管理機関名": "国土地理院", "維持管理機関名（英語）": "GSI", "観測開始年（西暦）": 2010, "同月": 3, "観測機器名または観測項目": "TOPCON NET-G5" }, "geometry": { "type": "Point", "coordinates": [ 140.7547, 38.2577 ] } },
{ "type": "Feature", "properties": { "観測の種類": "GNSS", "name": "岩美Ａ", "観測点名ローマ字": "IWAMI-A", "観測点コード": "91180", "緯度（度）": 35.5867, "経度（度）": 134.3305, "高さ（ｍ）": 18, "測器の深度（ｍ）": null, "維持管理機関名": "国土地理院", "維持管理機関名（英語）": "GSI", "観測開始年（西暦）": 2010, "同月": 3, "観測機器名または観測項目": "TOPCON NET-G5" }, "geometry": { "type": "Point", "coordinates": [ 134.3305, 35.5867 ] } },
{ "type": "Feature", "properties": { "観測の種類": "GNSS", "name": "楢葉Ａ", "観測点名ローマ字": "NARAHA-A", "観測点コード": "101181", "緯度（度）": 37.264, "経度（度）": 140.9986, "高さ（ｍ）": 24, "測器の深度（ｍ）": null, "維持管理機関名": "国土地理院", "維持管理機関名（英語）": "GSI", "観測開始年（西暦）": 2010, "同月": 7, "観測機器名または観測項目": "TRIMBLE Alloy" }, "geometry": { "type": "Point", "coordinates": [ 140.9986, 37.264 ] } },
{ "type": "Feature", "properties": { "観測の種類": "GNSS", "name": "根室１Ａ", "観測点名ローマ字": "NEMURO1-A", "観測点コード": "101182", "緯度（度）": 43.2891, "経度（度）": 145.5115, "高さ（ｍ）": 21, "測器の深度（ｍ）": null, "維持管理機関名": "国土地理院", "維持管理機関名（英語）": "GSI", "観測開始年（西暦）": 2010, "同月": 8, "観測機器名または観測項目": "TOPCON NET-G5" }, "geometry": { "type": "Point", "coordinates": [ 145.5115, 43.2891 ] } },
{ "type": "Feature", "properties": { "観測の種類": "GNSS", "name": "伊東Ａ", "観測点名ローマ字": "ITOU-A", "観測点コード": "101183", "緯度（度）": 34.9674, "経度（度）": 139.0993, "高さ（ｍ）": 27, "測器の深度（ｍ）": null, "維持管理機関名": "国土地理院", "維持管理機関名（英語）": "GSI", "観測開始年（西暦）": 2011, "同月": 3, "観測機器名または観測項目": "TOPCON NET-G5" }, "geometry": { "type": "Point", "coordinates": [ 139.0993, 34.9674 ] } },
{ "type": "Feature", "properties": { "観測の種類": "GNSS", "name": "田老Ａ", "観測点名ローマ字": "TAROU-A", "観測点コード": "111184", "緯度（度）": 39.7358, "経度（度）": 141.9671, "高さ（ｍ）": 14, "測器の深度（ｍ）": null, "維持管理機関名": "国土地理院", "維持管理機関名（英語）": "GSI", "観測開始年（西暦）": 2012, "同月": 1, "観測機器名または観測項目": "TOPCON NET-G5" }, "geometry": { "type": "Point", "coordinates": [ 141.9671, 39.7358 ] } },
{ "type": "Feature", "properties": { "観測の種類": "GNSS", "name": "水原Ａ", "観測点名ローマ字": "SUIBARA-A", "観測点コード": "111186", "緯度（度）": 37.8222, "経度（度）": 139.2169, "高さ（ｍ）": 13, "測器の深度（ｍ）": null, "維持管理機関名": "国土地理院", "維持管理機関名（英語）": "GSI", "観測開始年（西暦）": 2011, "同月": 12, "観測機器名または観測項目": "TRIMBLE Alloy" }, "geometry": { "type": "Point", "coordinates": [ 139.2169, 37.8222 ] } },
{ "type": "Feature", "properties": { "観測の種類": "GNSS", "name": "米子Ａ", "観測点名ローマ字": "YONAGO-A", "観測点コード": "111187", "緯度（度）": 35.4349, "経度（度）": 133.3389, "高さ（ｍ）": 12, "測器の深度（ｍ）": null, "維持管理機関名": "国土地理院", "維持管理機関名（英語）": "GSI", "観測開始年（西暦）": 2012, "同月": 2, "観測機器名または観測項目": "TRIMBLE Alloy" }, "geometry": { "type": "Point", "coordinates": [ 133.3389, 35.4349 ] } },
{ "type": "Feature", "properties": { "観測の種類": "GNSS", "name": "西祖谷山Ａ", "観測点名ローマ字": "NISHIIYAYAMA-A", "観測点コード": "111189", "緯度（度）": 33.8702, "経度（度）": 133.7731, "高さ（ｍ）": 180, "測器の深度（ｍ）": null, "維持管理機関名": "国土地理院", "維持管理機関名（英語）": "GSI", "観測開始年（西暦）": 2012, "同月": 2, "観測機器名または観測項目": "TRIMBLE NetR9" }, "geometry": { "type": "Point", "coordinates": [ 133.7731, 33.8702 ] } },
{ "type": "Feature", "properties": { "観測の種類": "GNSS", "name": "Ｓ南相馬Ａ", "観測点名ローマ字": "S-MINAMISOUMA-A", "観測点コード": "11S070", "緯度（度）": 37.6362, "経度（度）": 140.9836, "高さ（ｍ）": 23, "測器の深度（ｍ）": null, "維持管理機関名": "国土地理院", "維持管理機関名（英語）": "GSI", "観測開始年（西暦）": 2012, "同月": 1, "観測機器名または観測項目": "TOPCON NET-G5" }, "geometry": { "type": "Point", "coordinates": [ 140.9836, 37.6362 ] } },
{ "type": "Feature", "properties": { "観測の種類": "GNSS", "name": "糸満", "観測点名ローマ字": "ITOMAN", "観測点コード": "111190", "緯度（度）": 26.094, "経度（度）": 127.6664, "高さ（ｍ）": 45, "測器の深度（ｍ）": null, "維持管理機関名": "国土地理院", "維持管理機関名（英語）": "GSI", "観測開始年（西暦）": 2012, "同月": 3, "観測機器名または観測項目": "TRIMBLE Alloy" }, "geometry": { "type": "Point", "coordinates": [ 127.6664, 26.094 ] } },
{ "type": "Feature", "properties": { "観測の種類": "GNSS", "name": "Ｐ大船渡", "観測点名ローマ字": "P-OOFUNATO", "観測点コード": "02P205", "緯度（度）": 39.0198, "経度（度）": 141.7533, "高さ（ｍ）": 6, "測器の深度（ｍ）": null, "維持管理機関名": "国土地理院", "維持管理機関名（英語）": "GSI", "観測開始年（西暦）": 2012, "同月": 9, "観測機器名または観測項目": "TOPCON NET-G5" }, "geometry": { "type": "Point", "coordinates": [ 141.7533, 39.0198 ] } },
{ "type": "Feature", "properties": { "観測の種類": "GNSS", "name": "十津川２", "観測点名ローマ字": "TOTSUKAWA2", "観測点コード": "111188", "緯度（度）": 34.0818, "経度（度）": 135.7532, "高さ（ｍ）": 312, "測器の深度（ｍ）": null, "維持管理機関名": "国土地理院", "維持管理機関名（英語）": "GSI", "観測開始年（西暦）": 2012, "同月": 11, "観測機器名または観測項目": "TOPCON NET-G5" }, "geometry": { "type": "Point", "coordinates": [ 135.7532, 34.0818 ] } },
{ "type": "Feature", "properties": { "観測の種類": "GNSS", "name": "遠野Ａ", "観測点名ローマ字": "TOONO-A", "観測点コード": "121191", "緯度（度）": 39.3375, "経度（度）": 141.5349, "高さ（ｍ）": 275, "測器の深度（ｍ）": null, "維持管理機関名": "国土地理院", "維持管理機関名（英語）": "GSI", "観測開始年（西暦）": 2012, "同月": 12, "観測機器名または観測項目": "TRIMBLE Alloy" }, "geometry": { "type": "Point", "coordinates": [ 141.5349, 39.3375 ] } },
{ "type": "Feature", "properties": { "観測の種類": "GNSS", "name": "田辺Ａ", "観測点名ローマ字": "TANABE-A", "観測点コード": "121193", "緯度（度）": 33.7496, "経度（度）": 135.3755, "高さ（ｍ）": 43, "測器の深度（ｍ）": null, "維持管理機関名": "国土地理院", "維持管理機関名（英語）": "GSI", "観測開始年（西暦）": 2013, "同月": 3, "観測機器名または観測項目": "TOPCON NET-G5" }, "geometry": { "type": "Point", "coordinates": [ 135.3755, 33.7496 ] } },
{ "type": "Feature", "properties": { "観測の種類": "GNSS", "name": "中伊豆Ａ", "観測点名ローマ字": "NAKAIZU-A", "観測点コード": "131194", "緯度（度）": 34.9227, "経度（度）": 139.0201, "高さ（ｍ）": 451, "測器の深度（ｍ）": null, "維持管理機関名": "国土地理院", "維持管理機関名（英語）": "GSI", "観測開始年（西暦）": 2013, "同月": 8, "観測機器名または観測項目": "TRIMBLE Alloy" }, "geometry": { "type": "Point", "coordinates": [ 139.0201, 34.9227 ] } },
{ "type": "Feature", "properties": { "観測の種類": "GNSS", "name": "色麻Ａ", "観測点名ローマ字": "SHIKAMA-A", "観測点コード": "131195", "緯度（度）": 38.5486, "経度（度）": 140.8502, "高さ（ｍ）": 36, "測器の深度（ｍ）": null, "維持管理機関名": "国土地理院", "維持管理機関名（英語）": "GSI", "観測開始年（西暦）": 2013, "同月": 8, "観測機器名または観測項目": "TOPCON NET-G5" }, "geometry": { "type": "Point", "coordinates": [ 140.8502, 38.5486 ] } },
{ "type": "Feature", "properties": { "観測の種類": "GNSS", "name": "東由利Ａ", "観測点名ローマ字": "HIGASHIYURI-A", "観測点コード": "131196", "緯度（度）": 39.2981, "経度（度）": 140.2757, "高さ（ｍ）": 136, "測器の深度（ｍ）": null, "維持管理機関名": "国土地理院", "維持管理機関名（英語）": "GSI", "観測開始年（西暦）": 2013, "同月": 9, "観測機器名または観測項目": "TOPCON NET-G5" }, "geometry": { "type": "Point", "coordinates": [ 140.2757, 39.2981 ] } },
{ "type": "Feature", "properties": { "観測の種類": "GNSS", "name": "今治Ａ", "観測点名ローマ字": "IMABARI-A", "観測点コード": "131197", "緯度（度）": 34.0798, "経度（度）": 132.9905, "高さ（ｍ）": 7, "測器の深度（ｍ）": null, "維持管理機関名": "国土地理院", "維持管理機関名（英語）": "GSI", "観測開始年（西暦）": 2013, "同月": 11, "観測機器名または観測項目": "TOPCON NET-G5" }, "geometry": { "type": "Point", "coordinates": [ 132.9905, 34.0798 ] } },
{ "type": "Feature", "properties": { "観測の種類": "GNSS", "name": "阿南１Ａ", "観測点名ローマ字": "ANAN1-A", "観測点コード": "131198", "緯度（度）": 33.9265, "経度（度）": 134.6259, "高さ（ｍ）": 11, "測器の深度（ｍ）": null, "維持管理機関名": "国土地理院", "維持管理機関名（英語）": "GSI", "観測開始年（西暦）": 2013, "同月": 12, "観測機器名または観測項目": "TRIMBLE NetR9" }, "geometry": { "type": "Point", "coordinates": [ 134.6259, 33.9265 ] } },
{ "type": "Feature", "properties": { "観測の種類": "GNSS", "name": "宮城大和Ａ", "観測点名ローマ字": "MIYAGITAIWA-A", "観測点コード": "131201", "緯度（度）": 38.4114, "経度（度）": 140.8519, "高さ（ｍ）": 41, "測器の深度（ｍ）": null, "維持管理機関名": "国土地理院", "維持管理機関名（英語）": "GSI", "観測開始年（西暦）": 2014, "同月": 2, "観測機器名または観測項目": "TRIMBLE Alloy" }, "geometry": { "type": "Point", "coordinates": [ 140.8519, 38.4114 ] } },
{ "type": "Feature", "properties": { "観測の種類": "GNSS", "name": "上士幌Ａ", "観測点名ローマ字": "KAMISHIHORO-A", "観測点コード": "131199", "緯度（度）": 43.2318, "経度（度）": 143.2988, "高さ（ｍ）": 281, "測器の深度（ｍ）": null, "維持管理機関名": "国土地理院", "維持管理機関名（英語）": "GSI", "観測開始年（西暦）": 2013, "同月": 10, "観測機器名または観測項目": "TRIMBLE Alloy" }, "geometry": { "type": "Point", "coordinates": [ 143.2988, 43.2318 ] } },
{ "type": "Feature", "properties": { "観測の種類": "GNSS", "name": "石岡", "観測点名ローマ字": "ISHIOKA", "観測点コード": "132009", "緯度（度）": 36.2088, "経度（度）": 140.219, "高さ（ｍ）": 115, "測器の深度（ｍ）": null, "維持管理機関名": "国土地理院", "維持管理機関名（英語）": "GSI", "観測開始年（西暦）": 2014, "同月": 3, "観測機器名または観測項目": "TRIMBLE Alloy" }, "geometry": { "type": "Point", "coordinates": [ 140.219, 36.2088 ] } },
{ "type": "Feature", "properties": { "観測の種類": "GNSS", "name": "Ｈ新居", "観測点名ローマ字": "H-ARAI", "観測点コード": "13H101", "緯度（度）": 34.6908, "経度（度）": 137.5694, "高さ（ｍ）": 5, "測器の深度（ｍ）": null, "維持管理機関名": "国土地理院", "維持管理機関名（英語）": "GSI", "観測開始年（西暦）": 2013, "同月": 8, "観測機器名または観測項目": "TOPCON NET-G5" }, "geometry": { "type": "Point", "coordinates": [ 137.5694, 34.6908 ] } },
{ "type": "Feature", "properties": { "観測の種類": "GNSS", "name": "Ｈ新城", "観測点名ローマ字": "H-SHINSHIRO", "観測点コード": "13H102", "緯度（度）": 34.9001, "経度（度）": 137.6042, "高さ（ｍ）": 131, "測器の深度（ｍ）": null, "維持管理機関名": "国土地理院", "維持管理機関名（英語）": "GSI", "観測開始年（西暦）": 2014, "同月": 3, "観測機器名または観測項目": "TOPCON NET-G5" }, "geometry": { "type": "Point", "coordinates": [ 137.6042, 34.9001 ] } },
{ "type": "Feature", "properties": { "観測の種類": "GNSS", "name": "Ｈ豊橋", "観測点名ローマ字": "H-TOYOHASI", "観測点コード": "13H103", "緯度（度）": 34.739, "経度（度）": 137.4133, "高さ（ｍ）": 26, "測器の深度（ｍ）": null, "維持管理機関名": "国土地理院", "維持管理機関名（英語）": "GSI", "観測開始年（西暦）": 2014, "同月": 3, "観測機器名または観測項目": "TOPCON NET-G5" }, "geometry": { "type": "Point", "coordinates": [ 137.4133, 34.739 ] } },
{ "type": "Feature", "properties": { "観測の種類": "GNSS", "name": "神津島１Ａ", "観測点名ローマ字": "KOUZUSHIMA-1A", "観測点コード": "141202", "緯度（度）": 34.1987, "経度（度）": 139.1246, "高さ（ｍ）": 110, "測器の深度（ｍ）": null, "維持管理機関名": "国土地理院", "維持管理機関名（英語）": "GSI", "観測開始年（西暦）": 2014, "同月": 9, "観測機器名または観測項目": "TOPCON NET-G5" }, "geometry": { "type": "Point", "coordinates": [ 139.1246, 34.1987 ] } },
{ "type": "Feature", "properties": { "観測の種類": "GNSS", "name": "串本２", "観測点名ローマ字": "KUSHIMOTO2", "観測点コード": "141203", "緯度（度）": 33.4938, "経度（度）": 135.6668, "高さ（ｍ）": 43, "測器の深度（ｍ）": null, "維持管理機関名": "国土地理院", "維持管理機関名（英語）": "GSI", "観測開始年（西暦）": 2014, "同月": 8, "観測機器名または観測項目": "TOPCON NET-G5" }, "geometry": { "type": "Point", "coordinates": [ 135.6668, 33.4938 ] } },
{ "type": "Feature", "properties": { "観測の種類": "GNSS", "name": "高松Ａ", "観測点名ローマ字": "TAKAMATSU-A", "観測点コード": "141204", "緯度（度）": 34.2889, "経度（度）": 134.0234, "高さ（ｍ）": 41, "測器の深度（ｍ）": null, "維持管理機関名": "国土地理院", "維持管理機関名（英語）": "GSI", "観測開始年（西暦）": 2014, "同月": 9, "観測機器名または観測項目": "TOPCON NET-G5" }, "geometry": { "type": "Point", "coordinates": [ 134.0234, 34.2889 ] } },
{ "type": "Feature", "properties": { "観測の種類": "GNSS", "name": "西条Ａ", "観測点名ローマ字": "SAIJYO-A", "観測点コード": "141205", "緯度（度）": 33.9193, "経度（度）": 133.2266, "高さ（ｍ）": 35, "測器の深度（ｍ）": null, "維持管理機関名": "国土地理院", "維持管理機関名（英語）": "GSI", "観測開始年（西暦）": 2014, "同月": 9, "観測機器名または観測項目": "TOPCON NET-G5" }, "geometry": { "type": "Point", "coordinates": [ 133.2266, 33.9193 ] } },
{ "type": "Feature", "properties": { "観測の種類": "GNSS", "name": "小菅Ａ", "観測点名ローマ字": "KOSUGE-A", "観測点コード": "141206", "緯度（度）": 35.7539, "経度（度）": 138.9536, "高さ（ｍ）": 702, "測器の深度（ｍ）": null, "維持管理機関名": "国土地理院", "維持管理機関名（英語）": "GSI", "観測開始年（西暦）": 2014, "同月": 9, "観測機器名または観測項目": "TOPCON NET-G5" }, "geometry": { "type": "Point", "coordinates": [ 138.9536, 35.7539 ] } },
{ "type": "Feature", "properties": { "観測の種類": "GNSS", "name": "大豊Ａ", "観測点名ローマ字": "OOTOYO-A", "観測点コード": "141207", "緯度（度）": 33.7516, "経度（度）": 133.6646, "高さ（ｍ）": 262, "測器の深度（ｍ）": null, "維持管理機関名": "国土地理院", "維持管理機関名（英語）": "GSI", "観測開始年（西暦）": 2014, "同月": 8, "観測機器名または観測項目": "TOPCON NET-G5" }, "geometry": { "type": "Point", "coordinates": [ 133.6646, 33.7516 ] } },
{ "type": "Feature", "properties": { "観測の種類": "GNSS", "name": "鹿児島天城Ａ", "観測点名ローマ字": "KAGOSHIMAAMAGI-A", "観測点コード": "141208", "緯度（度）": 27.8197, "経度（度）": 128.9079, "高さ（ｍ）": 75, "測器の深度（ｍ）": null, "維持管理機関名": "国土地理院", "維持管理機関名（英語）": "GSI", "観測開始年（西暦）": 2015, "同月": 3, "観測機器名または観測項目": "TOPCON NET-G5" }, "geometry": { "type": "Point", "coordinates": [ 128.9079, 27.8197 ] } },
{ "type": "Feature", "properties": { "観測の種類": "GNSS", "name": "川根Ａ", "観測点名ローマ字": "KAWANE-A", "観測点コード": "141209", "緯度（度）": 34.9437, "経度（度）": 138.087, "高さ（ｍ）": 150, "測器の深度（ｍ）": null, "維持管理機関名": "国土地理院", "維持管理機関名（英語）": "GSI", "観測開始年（西暦）": 2015, "同月": 2, "観測機器名または観測項目": "TOPCON NET-G5" }, "geometry": { "type": "Point", "coordinates": [ 138.087, 34.9437 ] } },
{ "type": "Feature", "properties": { "観測の種類": "GNSS", "name": "Ｐ相馬Ａ", "観測点名ローマ字": "P-SOUMA-A", "観測点コード": "14P125", "緯度（度）": 37.8304, "経度（度）": 140.9617, "高さ（ｍ）": 10, "測器の深度（ｍ）": null, "維持管理機関名": "国土地理院", "維持管理機関名（英語）": "GSI", "観測開始年（西暦）": 2014, "同月": 12, "観測機器名または観測項目": "TRIMBLE Alloy" }, "geometry": { "type": "Point", "coordinates": [ 140.9617, 37.8304 ] } },
{ "type": "Feature", "properties": { "観測の種類": "GNSS", "name": "大飯Ａ", "観測点名ローマ字": "OOI－A", "観測点コード": "151210", "緯度（度）": 35.4727, "経度（度）": 135.6231, "高さ（ｍ）": 9, "測器の深度（ｍ）": null, "維持管理機関名": "国土地理院", "維持管理機関名（英語）": "GSI", "観測開始年（西暦）": 2015, "同月": 8, "観測機器名または観測項目": "TOPCON NET-G5" }, "geometry": { "type": "Point", "coordinates": [ 135.6231, 35.4727 ] } },
{ "type": "Feature", "properties": { "観測の種類": "GNSS", "name": "与那国Ｂ", "観測点名ローマ字": "YONAGUNI-B", "観測点コード": "151211", "緯度（度）": 24.4474, "経度（度）": 122.9395, "高さ（ｍ）": 20, "測器の深度（ｍ）": null, "維持管理機関名": "国土地理院", "維持管理機関名（英語）": "GSI", "観測開始年（西暦）": 2015, "同月": 11, "観測機器名または観測項目": "TOPCON NET-G5" }, "geometry": { "type": "Point", "coordinates": [ 122.9395, 24.4474 ] } },
{ "type": "Feature", "properties": { "観測の種類": "GNSS", "name": "新発田Ａ", "観測点名ローマ字": "SHIBATA-A", "観測点コード": "151212", "緯度（度）": 37.9296, "経度（度）": 139.3512, "高さ（ｍ）": 25, "測器の深度（ｍ）": null, "維持管理機関名": "国土地理院", "維持管理機関名（英語）": "GSI", "観測開始年（西暦）": 2015, "同月": 9, "観測機器名または観測項目": "TOPCON NET-G5" }, "geometry": { "type": "Point", "coordinates": [ 139.3512, 37.9296 ] } },
{ "type": "Feature", "properties": { "観測の種類": "GNSS", "name": "美馬Ａ", "観測点名ローマ字": "MIMA-A", "観測点コード": "151213", "緯度（度）": 34.0532, "経度（度）": 134.05, "高さ（ｍ）": 82, "測器の深度（ｍ）": null, "維持管理機関名": "国土地理院", "維持管理機関名（英語）": "GSI", "観測開始年（西暦）": 2015, "同月": 10, "観測機器名または観測項目": "TRIMBLE Alloy" }, "geometry": { "type": "Point", "coordinates": [ 134.05, 34.0532 ] } },
{ "type": "Feature", "properties": { "観測の種類": "GNSS", "name": "Ｐ父島Ａ", "観測点名ローマ字": "P-CHICHIJIMA-A", "観測点コード": "16P217", "緯度（度）": 27.094, "経度（度）": 142.1946, "高さ（ｍ）": 6, "測器の深度（ｍ）": null, "維持管理機関名": "国土地理院", "維持管理機関名（英語）": "GSI", "観測開始年（西暦）": 2016, "同月": 7, "観測機器名または観測項目": "TOPCON NET-G5" }, "geometry": { "type": "Point", "coordinates": [ 142.1946, 27.094 ] } },
{ "type": "Feature", "properties": { "観測の種類": "GNSS", "name": "湯河原Ａ", "観測点名ローマ字": "YUGAWARA-A", "観測点コード": "161217", "緯度（度）": 35.1496, "経度（度）": 139.1105, "高さ（ｍ）": 21, "測器の深度（ｍ）": null, "維持管理機関名": "国土地理院", "維持管理機関名（英語）": "GSI", "観測開始年（西暦）": 2016, "同月": 12, "観測機器名または観測項目": "TRIMBLE Alloy" }, "geometry": { "type": "Point", "coordinates": [ 139.1105, 35.1496 ] } },
{ "type": "Feature", "properties": { "観測の種類": "GNSS", "name": "山中Ａ", "観測点名ローマ字": "YAMANAKA-A", "観測点コード": "161214", "緯度（度）": 36.2546, "経度（度）": 136.365, "高さ（ｍ）": 87, "測器の深度（ｍ）": null, "維持管理機関名": "国土地理院", "維持管理機関名（英語）": "GSI", "観測開始年（西暦）": 2016, "同月": 9, "観測機器名または観測項目": "TRIMBLE Alloy" }, "geometry": { "type": "Point", "coordinates": [ 136.365, 36.2546 ] } },
{ "type": "Feature", "properties": { "観測の種類": "GNSS", "name": "掛川Ａ", "観測点名ローマ字": "KAKEGAWA-A  ", "観測点コード": "161216", "緯度（度）": 34.7798, "経度（度）": 138.0233, "高さ（ｍ）": 41, "測器の深度（ｍ）": null, "維持管理機関名": "国土地理院", "維持管理機関名（英語）": "GSI", "観測開始年（西暦）": 2017, "同月": 1, "観測機器名または観測項目": "TRIMBLE Alloy" }, "geometry": { "type": "Point", "coordinates": [ 138.0233, 34.7798 ] } },
{ "type": "Feature", "properties": { "観測の種類": "GNSS", "name": "鹿児島１Ａ", "観測点名ローマ字": "KAGOSHIMA1-A", "観測点コード": "161218", "緯度（度）": 31.5139, "経度（度）": 130.5086, "高さ（ｍ）": 11, "測器の深度（ｍ）": null, "維持管理機関名": "国土地理院", "維持管理機関名（英語）": "GSI", "観測開始年（西暦）": 2017, "同月": 3, "観測機器名または観測項目": "TOPCON NET-G5" }, "geometry": { "type": "Point", "coordinates": [ 130.5086, 31.5139 ] } },
{ "type": "Feature", "properties": { "観測の種類": "GNSS", "name": "住田Ａ", "観測点名ローマ字": "SUMITA-A    ", "観測点コード": "161215", "緯度（度）": 39.1942, "経度（度）": 141.5999, "高さ（ｍ）": 183, "測器の深度（ｍ）": null, "維持管理機関名": "国土地理院", "維持管理機関名（英語）": "GSI", "観測開始年（西暦）": 2017, "同月": 3, "観測機器名または観測項目": "TRIMBLE NetR9" }, "geometry": { "type": "Point", "coordinates": [ 141.5999, 39.1942 ] } },
{ "type": "Feature", "properties": { "観測の種類": "GNSS", "name": "京極Ａ", "観測点名ローマ字": "KYOUGOKU-A", "観測点コード": "171219", "緯度（度）": 42.858, "経度（度）": 140.8833, "高さ（ｍ）": 235, "測器の深度（ｍ）": null, "維持管理機関名": "国土地理院", "維持管理機関名（英語）": "GSI", "観測開始年（西暦）": 2017, "同月": 7, "観測機器名または観測項目": "TOPCON NET-G5" }, "geometry": { "type": "Point", "coordinates": [ 140.8833, 42.858 ] } },
{ "type": "Feature", "properties": { "観測の種類": "GNSS", "name": "知内Ａ", "観測点名ローマ字": "SHIRIUCHI-A", "観測点コード": "171220", "緯度（度）": 41.6032, "経度（度）": 140.3246, "高さ（ｍ）": 32, "測器の深度（ｍ）": null, "維持管理機関名": "国土地理院", "維持管理機関名（英語）": "GSI", "観測開始年（西暦）": 2017, "同月": 7, "観測機器名または観測項目": "TOPCON NET-G5" }, "geometry": { "type": "Point", "coordinates": [ 140.3246, 41.6032 ] } },
{ "type": "Feature", "properties": { "観測の種類": "GNSS", "name": "標茶２Ａ", "観測点名ローマ字": "SHIBECHA2-A", "観測点コード": "171221", "緯度（度）": 43.1485, "経度（度）": 144.4993, "高さ（ｍ）": 30, "測器の深度（ｍ）": null, "維持管理機関名": "国土地理院", "維持管理機関名（英語）": "GSI", "観測開始年（西暦）": 2017, "同月": 10, "観測機器名または観測項目": "TOPCON NET-G5" }, "geometry": { "type": "Point", "coordinates": [ 144.4993, 43.1485 ] } },
{ "type": "Feature", "properties": { "観測の種類": "GNSS", "name": "東京千代田", "観測点名ローマ字": "TOKYOCHIYODA", "観測点コード": "171222", "緯度（度）": 35.6772, "経度（度）": 139.7476, "高さ（ｍ）": 30, "測器の深度（ｍ）": null, "維持管理機関名": "国土地理院", "維持管理機関名（英語）": "GSI", "観測開始年（西暦）": 2018, "同月": 3, "観測機器名または観測項目": "TRIMBLE NetR9" }, "geometry": { "type": "Point", "coordinates": [ 139.7476, 35.6772 ] } },
{ "type": "Feature", "properties": { "観測の種類": "GNSS", "name": "平塚Ａ", "観測点名ローマ字": "HIRATSUKA-A", "観測点コード": "171223", "緯度（度）": 35.3769, "経度（度）": 139.362, "高さ（ｍ）": 15, "測器の深度（ｍ）": null, "維持管理機関名": "国土地理院", "維持管理機関名（英語）": "GSI", "観測開始年（西暦）": 2018, "同月": 2, "観測機器名または観測項目": "TOPCON NET-G5" }, "geometry": { "type": "Point", "coordinates": [ 139.362, 35.3769 ] } },
{ "type": "Feature", "properties": { "観測の種類": "GNSS", "name": "大多喜Ａ", "観測点名ローマ字": "CHIBAOOTAKI-A", "観測点コード": "181224", "緯度（度）": 35.289, "経度（度）": 140.2489, "高さ（ｍ）": 32, "測器の深度（ｍ）": null, "維持管理機関名": "国土地理院", "維持管理機関名（英語）": "GSI", "観測開始年（西暦）": 2018, "同月": 11, "観測機器名または観測項目": "TOPCON NET-G5" }, "geometry": { "type": "Point", "coordinates": [ 140.2489, 35.289 ] } },
{ "type": "Feature", "properties": { "観測の種類": "GNSS", "name": "矢部Ｂ", "観測点名ローマ字": "YABE-B", "観測点コード": "181225", "緯度（度）": 32.6927, "経度（度）": 130.9886, "高さ（ｍ）": 508, "測器の深度（ｍ）": null, "維持管理機関名": "国土地理院", "維持管理機関名（英語）": "GSI", "観測開始年（西暦）": 2018, "同月": 11, "観測機器名または観測項目": "TRIMBLE Alloy" }, "geometry": { "type": "Point", "coordinates": [ 130.9886, 32.6927 ] } },
{ "type": "Feature", "properties": { "観測の種類": "GNSS", "name": "佐那河内Ａ", "観測点名ローマ字": "SANAGOUCHI-A", "観測点コード": "181226", "緯度（度）": 33.992, "経度（度）": 134.4539, "高さ（ｍ）": 66, "測器の深度（ｍ）": null, "維持管理機関名": "国土地理院", "維持管理機関名（英語）": "GSI", "観測開始年（西暦）": 2019, "同月": 1, "観測機器名または観測項目": "TOPCON NET-G5" }, "geometry": { "type": "Point", "coordinates": [ 134.4539, 33.992 ] } },
{ "type": "Feature", "properties": { "観測の種類": "GNSS", "name": "大阪Ａ", "観測点名ローマ字": "ＯＯＳＡＫＡ－Ａ", "観測点コード": "181227", "緯度（度）": 34.6687, "経度（度）": 135.528, "高さ（ｍ）": 18, "測器の深度（ｍ）": null, "維持管理機関名": "国土地理院", "維持管理機関名（英語）": "GSI", "観測開始年（西暦）": 2019, "同月": 3, "観測機器名または観測項目": "TRIMBLE Alloy" }, "geometry": { "type": "Point", "coordinates": [ 135.528, 34.6687 ] } },
{ "type": "Feature", "properties": { "観測の種類": "GNSS", "name": "東祖谷山Ｂ", "観測点名ローマ字": "HIGASHIIYAYAMA-Ｂ", "観測点コード": "191228", "緯度（度）": 33.8696, "経度（度）": 133.9786, "高さ（ｍ）": 786, "測器の深度（ｍ）": null, "維持管理機関名": "国土地理院", "維持管理機関名（英語）": "GSI", "観測開始年（西暦）": 2019, "同月": 10, "観測機器名または観測項目": "TRIMBLE Alloy" }, "geometry": { "type": "Point", "coordinates": [ 133.9786, 33.8696 ] } },
{ "type": "Feature", "properties": { "観測の種類": "GNSS", "name": "下田Ａ", "観測点名ローマ字": "SHIMODA-A", "観測点コード": "191229", "緯度（度）": 34.6616, "経度（度）": 138.9842, "高さ（ｍ）": 27, "測器の深度（ｍ）": null, "維持管理機関名": "国土地理院", "維持管理機関名（英語）": "GSI", "観測開始年（西暦）": 2019, "同月": 9, "観測機器名または観測項目": "TOPCON NET-G5" }, "geometry": { "type": "Point", "coordinates": [ 138.9842, 34.6616 ] } },
{ "type": "Feature", "properties": { "観測の種類": "GNSS", "name": "久慈２", "観測点名ローマ字": "KUJI2", "観測点コード": "191230", "緯度（度）": 40.0994, "経度（度）": 141.5982, "高さ（ｍ）": 349, "測器の深度（ｍ）": null, "維持管理機関名": "国土地理院", "維持管理機関名（英語）": "GSI", "観測開始年（西暦）": 2020, "同月": 1, "観測機器名または観測項目": "TRIMBLE Alloy" }, "geometry": { "type": "Point", "coordinates": [ 141.5982, 40.0994 ] } },
{ "type": "Feature", "properties": { "観測の種類": "GNSS", "name": "庄和Ａ", "観測点名ローマ字": "SYOUWA-A", "観測点コード": "191231", "緯度（度）": 36.0109, "経度（度）": 139.7984, "高さ（ｍ）": 11, "測器の深度（ｍ）": null, "維持管理機関名": "国土地理院", "維持管理機関名（英語）": "GSI", "観測開始年（西暦）": 2019, "同月": 9, "観測機器名または観測項目": "TOPCON NET-G5" }, "geometry": { "type": "Point", "coordinates": [ 139.7984, 36.0109 ] } },
{ "type": "Feature", "properties": { "観測の種類": "GNSS", "name": "中土佐３", "観測点名ローマ字": "NAKATOSA３", "観測点コード": "191232", "緯度（度）": 33.334, "経度（度）": 133.1363, "高さ（ｍ）": 295, "測器の深度（ｍ）": null, "維持管理機関名": "国土地理院", "維持管理機関名（英語）": "GSI", "観測開始年（西暦）": 2020, "同月": 2, "観測機器名または観測項目": "TRIMBLE Alloy" }, "geometry": { "type": "Point", "coordinates": [ 133.1363, 33.334 ] } },
{ "type": "Feature", "properties": { "観測の種類": "GNSS", "name": "中土佐４", "観測点名ローマ字": "NAKATOSA4", "観測点コード": "191233", "緯度（度）": 33.3343, "経度（度）": 133.2393, "高さ（ｍ）": 25, "測器の深度（ｍ）": null, "維持管理機関名": "国土地理院", "維持管理機関名（英語）": "GSI", "観測開始年（西暦）": 2020, "同月": 2, "観測機器名または観測項目": "TRIMBLE Alloy" }, "geometry": { "type": "Point", "coordinates": [ 133.2393, 33.3343 ] } },
{ "type": "Feature", "properties": { "観測の種類": "GNSS", "name": "仙台２", "観測点名ローマ字": "SENDAI2", "観測点コード": "191234", "緯度（度）": 38.2369, "経度（度）": 140.9471, "高さ（ｍ）": 9, "測器の深度（ｍ）": null, "維持管理機関名": "国土地理院", "維持管理機関名（英語）": "GSI", "観測開始年（西暦）": 2020, "同月": 2, "観測機器名または観測項目": "TOPCON NET-G5" }, "geometry": { "type": "Point", "coordinates": [ 140.9471, 38.2369 ] } },
{ "type": "Feature", "properties": { "観測の種類": "GNSS", "name": "岡崎Ａ", "観測点名ローマ字": "OKAZAKI-A", "観測点コード": "191235", "緯度（度）": 34.9178, "経度（度）": 137.166, "高さ（ｍ）": 33, "測器の深度（ｍ）": null, "維持管理機関名": "国土地理院", "維持管理機関名（英語）": "GSI", "観測開始年（西暦）": 2020, "同月": 2, "観測機器名または観測項目": "TRIMBLE Alloy" }, "geometry": { "type": "Point", "coordinates": [ 137.166, 34.9178 ] } },
{ "type": "Feature", "properties": { "観測の種類": "GNSS", "name": "多久Ａ", "観測点名ローマ字": "TAKU-A", "観測点コード": "191237", "緯度（度）": 33.2917, "経度（度）": 130.1003, "高さ（ｍ）": 46, "測器の深度（ｍ）": null, "維持管理機関名": "国土地理院", "維持管理機関名（英語）": "GSI", "観測開始年（西暦）": 2020, "同月": 2, "観測機器名または観測項目": "TRIMBLE Alloy" }, "geometry": { "type": "Point", "coordinates": [ 130.1003, 33.2917 ] } },
{ "type": "Feature", "properties": { "観測の種類": "GNSS", "name": "富山Ａ", "観測点名ローマ字": "TOYAMA-A", "観測点コード": "201238", "緯度（度）": 36.5906, "経度（度）": 137.2133, "高さ（ｍ）": 89, "測器の深度（ｍ）": null, "維持管理機関名": "国土地理院", "維持管理機関名（英語）": "GSI", "観測開始年（西暦）": 2020, "同月": 8, "観測機器名または観測項目": "TRIMBLE Alloy" }, "geometry": { "type": "Point", "coordinates": [ 137.2133, 36.5906 ] } },
{ "type": "Feature", "properties": { "観測の種類": "GNSS", "name": "寿都Ａ", "観測点名ローマ字": "SUTTSU-A", "観測点コード": "211239", "緯度（度）": 42.7901, "経度（度）": 140.2303, "高さ（ｍ）": 31, "測器の深度（ｍ）": null, "維持管理機関名": "国土地理院", "維持管理機関名（英語）": "GSI", "観測開始年（西暦）": 2021, "同月": 8, "観測機器名または観測項目": "TRIMBLE Alloy" }, "geometry": { "type": "Point", "coordinates": [ 140.2303, 42.7901 ] } },
{ "type": "Feature", "properties": { "観測の種類": "GNSS", "name": "宇佐美Ａ", "観測点名ローマ字": "USAMI-A", "観測点コード": "221248", "緯度（度）": 35.0071, "経度（度）": 139.0806, "高さ（ｍ）": 15, "測器の深度（ｍ）": null, "維持管理機関名": "国土地理院", "維持管理機関名（英語）": "GSI", "観測開始年（西暦）": 2023, "同月": 2, "観測機器名または観測項目": "TOPCON NET-G5" }, "geometry": { "type": "Point", "coordinates": [ 139.0806, 35.0071 ] } },
{ "type": "Feature", "properties": { "観測の種類": "GNSS", "name": "茨城鹿嶋Ａ", "観測点名ローマ字": "KASHIMA", "観測点コード": "221251", "緯度（度）": 35.9559, "経度（度）": 140.6625, "高さ（ｍ）": 29, "測器の深度（ｍ）": null, "維持管理機関名": "国土地理院", "維持管理機関名（英語）": "GSI", "観測開始年（西暦）": 2023, "同月": 3, "観測機器名または観測項目": "TOPCON NET-G5" }, "geometry": { "type": "Point", "coordinates": [ 140.6625, 35.9559 ] } },
{ "type": "Feature", "properties": { "観測の種類": "GNSS", "name": "横浜Ａ", "観測点名ローマ字": "YOKOHAMA", "観測点コード": "221250", "緯度（度）": 35.4142, "経度（度）": 139.6626, "高さ（ｍ）": 19, "測器の深度（ｍ）": null, "維持管理機関名": "国土地理院", "維持管理機関名（英語）": "GSI", "観測開始年（西暦）": 2023, "同月": 2, "観測機器名または観測項目": "TRIMBLE NetR9" }, "geometry": { "type": "Point", "coordinates": [ 139.6626, 35.4142 ] } },
{ "type": "Feature", "properties": { "観測の種類": "GNSS", "name": "東広島Ｃ", "観測点名ローマ字": "HIGASHIHIROSHIMA-C", "観測点コード": "221249", "緯度（度）": 34.4918, "経度（度）": 132.6515, "高さ（ｍ）": 229, "測器の深度（ｍ）": null, "維持管理機関名": "国土地理院", "維持管理機関名（英語）": "GSI", "観測開始年（西暦）": 2023, "同月": 3, "観測機器名または観測項目": "TOPCON NET-G5" }, "geometry": { "type": "Point", "coordinates": [ 132.6515, 34.4918 ] } },
{ "type": "Feature", "properties": { "観測の種類": "GNSS", "name": "本宮Ａ", "観測点名ローマ字": "HONGUU-A", "観測点コード": "221247", "緯度（度）": 33.8156, "経度（度）": 135.7821, "高さ（ｍ）": 64, "測器の深度（ｍ）": null, "維持管理機関名": "国土地理院", "維持管理機関名（英語）": "GSI", "観測開始年（西暦）": 2023, "同月": 1, "観測機器名または観測項目": "TRIMBLE NetR9" }, "geometry": { "type": "Point", "coordinates": [ 135.7821, 33.8156 ] } },
{ "type": "Feature", "properties": { "観測の種類": "GNSS", "name": "明石Ａ", "観測点名ローマ字": "AKASHI-A", "観測点コード": "221245", "緯度（度）": 34.6693, "経度（度）": 134.9664, "高さ（ｍ）": 30, "測器の深度（ｍ）": null, "維持管理機関名": "国土地理院", "維持管理機関名（英語）": "GSI", "観測開始年（西暦）": 2023, "同月": 1, "観測機器名または観測項目": "TRIMBLE Alloy" }, "geometry": { "type": "Point", "coordinates": [ 134.9664, 34.6693 ] } },
{ "type": "Feature", "properties": { "観測の種類": "GNSS", "name": "乙部Ａ", "観測点名ローマ字": "OTOBE-A", "観測点コード": "221246", "緯度（度）": 42.0079, "経度（度）": 140.1074, "高さ（ｍ）": 44, "測器の深度（ｍ）": null, "維持管理機関名": "国土地理院", "維持管理機関名（英語）": "GSI", "観測開始年（西暦）": 2022, "同月": 10, "観測機器名または観測項目": "TOPCON NET-G5" }, "geometry": { "type": "Point", "coordinates": [ 140.1074, 42.0079 ] } },
{ "type": "Feature", "properties": { "観測の種類": "GNSS", "name": "Ｐ長崎Ａ", "観測点名ローマ字": "P-NAGASAKI-A", "観測点コード": "22P218", "緯度（度）": 32.7372, "経度（度）": 129.8691, "高さ（ｍ）": 7, "測器の深度（ｍ）": null, "維持管理機関名": "国土地理院", "維持管理機関名（英語）": "GSI", "観測開始年（西暦）": 2023, "同月": 3, "観測機器名または観測項目": "TOPCON NET-G5" }, "geometry": { "type": "Point", "coordinates": [ 129.8691, 32.7372 ] } },
{ "type": "Feature", "properties": { "観測の種類": "GNSS", "name": "佐呂間", "観測点名ローマ字": "SAROMA", "観測点コード": "221240", "緯度（度）": 44.0221, "経度（度）": 143.7683, "高さ（ｍ）": 51, "測器の深度（ｍ）": null, "維持管理機関名": "国土地理院", "維持管理機関名（英語）": "GSI", "観測開始年（西暦）": 2022, "同月": 10, "観測機器名または観測項目": "TOPCON NET-G5" }, "geometry": { "type": "Point", "coordinates": [ 143.7683, 44.0221 ] } },
{ "type": "Feature", "properties": { "観測の種類": "GNSS", "name": "伊島", "観測点名ローマ字": "ISHIMA", "観測点コード": "221241", "緯度（度）": 33.8441, "経度（度）": 134.809, "高さ（ｍ）": 7, "測器の深度（ｍ）": null, "維持管理機関名": "国土地理院", "維持管理機関名（英語）": "GSI", "観測開始年（西暦）": 2023, "同月": 2, "観測機器名または観測項目": "TOPCON NET-G5" }, "geometry": { "type": "Point", "coordinates": [ 134.809, 33.8441 ] } },
{ "type": "Feature", "properties": { "観測の種類": "GNSS", "name": "口之島", "観測点名ローマ字": "KUCHINOSHIMA", "観測点コード": "221242", "緯度（度）": 29.9979, "経度（度）": 129.9153, "高さ（ｍ）": 141, "測器の深度（ｍ）": null, "維持管理機関名": "国土地理院", "維持管理機関名（英語）": "GSI", "観測開始年（西暦）": 2023, "同月": 2, "観測機器名または観測項目": "TOPCON NET-G5" }, "geometry": { "type": "Point", "coordinates": [ 129.9153, 29.9979 ] } },
{ "type": "Feature", "properties": { "観測の種類": "GNSS", "name": "宝島", "観測点名ローマ字": "TAKARAJIMA", "観測点コード": "221243", "緯度（度）": 29.1569, "経度（度）": 129.2158, "高さ（ｍ）": 9, "測器の深度（ｍ）": null, "維持管理機関名": "国土地理院", "維持管理機関名（英語）": "GSI", "観測開始年（西暦）": 2023, "同月": 3, "観測機器名または観測項目": "TOPCON NET-G5" }, "geometry": { "type": "Point", "coordinates": [ 129.2158, 29.1569 ] } },
{ "type": "Feature", "properties": { "観測の種類": "GNSS", "name": "宇検", "観測点名ローマ字": "UKEN", "観測点コード": "221244", "緯度（度）": 28.2766, "経度（度）": 129.2978, "高さ（ｍ）": 6, "測器の深度（ｍ）": null, "維持管理機関名": "国土地理院", "維持管理機関名（英語）": "GSI", "観測開始年（西暦）": 2023, "同月": 1, "観測機器名または観測項目": "TOPCON NET-G5" }, "geometry": { "type": "Point", "coordinates": [ 129.2978, 28.2766 ] } },
{ "type": "Feature", "properties": { "観測の種類": "GNSS", "name": "日向", "観測点名ローマ字": "HYUUGA-A", "観測点コード": "231252", "緯度（度）": 32.4319, "経度（度）": 131.6272, "高さ（ｍ）": 13, "測器の深度（ｍ）": null, "維持管理機関名": "国土地理院", "維持管理機関名（英語）": "GSI", "観測開始年（西暦）": 2023, "同月": 9, "観測機器名または観測項目": "TRIMBLE Alloy" }, "geometry": { "type": "Point", "coordinates": [ 131.6272, 32.4319 ] } },
{ "type": "Feature", "properties": { "観測の種類": "GPS", "name": "下里", "観測点名ローマ字": "shimosato", "観測点コード": null, "緯度（度）": 33.5779, "経度（度）": 135.937, "高さ（ｍ）": 98, "測器の深度（ｍ）": null, "維持管理機関名": "海上保安庁", "維持管理機関名（英語）": "JCG", "観測開始年（西暦）": 1995, "同月": 9, "観測機器名または観測項目": "TrimbleNetR9 Ti-1" }, "geometry": { "type": "Point", "coordinates": [ 135.937, 33.5779 ] } },
{ "type": "Feature", "properties": { "観測の種類": "SLR", "name": "下里", "観測点名ローマ字": "shimosato", "観測点コード": null, "緯度（度）": 33.5777, "経度（度）": 135.937, "高さ（ｍ）": 102, "測器の深度（ｍ）": null, "維持管理機関名": "海上保安庁", "維持管理機関名（英語）": "JCG", "観測開始年（西暦）": 1982, "同月": 4, "観測機器名または観測項目": null }, "geometry": { "type": "Point", "coordinates": [ 135.937, 33.5777 ] } }
]
}
