{
"type": "FeatureCollection",
"name": "marged",
"crs": { "type": "name", "properties": { "name": "urn:ogc:def:crs:OGC:1.3:CRS84" } },
"features": [
{ "type": "Feature", "properties": { "断層面ID": "F007401_00001", "断層コード": "F007401", "name": "山田断層帯主部", "基準位置経度": "134.928", "基準位置緯度": "35.469", "上端深さ(km)": "1.0", "断層長さ(km)": "38.0", "断層幅(km)": "16.0", "走向角(度)": "51.6", "傾斜角(度)": "90.0", "平均ケース／平均活動間隔（年）": "10000.0", "平均ケース／最新活動時期（年前）": "-", "平均ケース／30年発生確率": "0.0030000000", "平均ケース／50年発生確率": "0.0049900000", "確率過程": "ポアソン", "マグニチュード": "Mw6.8", "ばらつき": "-", "最大ケース／平均活動間隔（年）": "10000.0", "最大ケース／最新活動時期（年前）": "-", "最大ケース／30年発生確率": "0.0030000000", "最大ケース／50年発生確率": "0.0049900000" }, "geometry": { "type": "Polygon", "coordinates": [ [ [ 134.923095703125, 35.46514408578588 ], [ 135.252685546875, 35.679609609368583 ], [ 134.923095703125, 35.46514408578588 ] ] ] } },
{ "type": "Feature", "properties": { "断層面ID": "F007402_00001", "断層コード": "F007402", "name": "郷村断層帯", "基準位置経度": "135.094", "基準位置緯度": "35.567", "上端深さ(km)": "1.0", "断層長さ(km)": "38.0", "断層幅(km)": "16.0", "走向角(度)": "334.0", "傾斜角(度)": "90.0", "平均ケース／平均活動間隔（年）": "12500.0", "平均ケース／最新活動時期（年前）": "95.0", "平均ケース／30年発生確率": "0.0000000000", "平均ケース／50年発生確率": "0.0000000000", "確率過程": "BPT", "マグニチュード": "Mw6.8", "ばらつき": "0.24", "最大ケース／平均活動間隔（年）": "10000.0", "最大ケース／最新活動時期（年前）": "95.0", "最大ケース／30年発生確率": "0.0000000000", "最大ケース／50年発生確率": "0.0000000000" }, "geometry": { "type": "Polygon", "coordinates": [ [ [ 135.0933837890625, 35.563512051219703 ], [ 134.9066162109375, 35.871246850027973 ], [ 135.0933837890625, 35.563512051219703 ] ] ] } },
{ "type": "Feature", "properties": { "断層面ID": "F007901_00001", "断層コード": "F007901", "name": "六甲・淡路島断層帯主部六甲山地南縁−淡路島東岸区間", "基準位置経度": "135.526", "基準位置緯度": "34.845", "上端深さ(km)": "1.0", "断層長さ(km)": "74.0", "断層幅(km)": "18.0", "走向角(度)": "234.5", "傾斜角(度)": "60.0", "平均ケース／平均活動間隔（年）": "1850.0", "平均ケース／最新活動時期（年前）": "472.0", "平均ケース／30年発生確率": "0.0000000000", "平均ケース／50年発生確率": "0.0000000000", "確率過程": "BPT", "マグニチュード": "Mw7.3", "ばらつき": "0.24", "最大ケース／平均活動間隔（年）": "900.0", "最大ケース／最新活動時期（年前）": "522.0", "最大ケース／30年発生確率": "0.0115000000", "最大ケース／50年発生確率": "0.0222000000" }, "geometry": { "type": "Polygon", "coordinates": [ [ [ 135.5218505859375, 34.840858584772761 ], [ 134.8626708984375, 34.456748003478083 ], [ 134.8077392578125, 34.520135628077654 ], [ 135.4669189453125, 34.908457853981375 ], [ 135.5218505859375, 34.840858584772761 ] ] ] } },
{ "type": "Feature", "properties": { "断層面ID": "F007902_00001", "断層コード": "F007902", "name": "六甲・淡路島断層帯主部淡路島西岸区間", "基準位置経度": "134.821", "基準位置緯度": "34.492", "上端深さ(km)": "1.0", "断層長さ(km)": "28.0", "断層幅(km)": "16.0", "走向角(度)": "58.8", "傾斜角(度)": "80.0", "平均ケース／平均活動間隔（年）": "2150.0", "平均ケース／最新活動時期（年前）": "27.0", "平均ケース／30年発生確率": "0.0000000000", "平均ケース／50年発生確率": "0.0000000000", "確率過程": "BPT", "マグニチュード": "Mw6.6", "ばらつき": "0.24", "最大ケース／平均活動間隔（年）": "1800.0", "最大ケース／最新活動時期（年前）": "27.0", "最大ケース／30年発生確率": "0.0000000000", "最大ケース／50年発生確率": "0.0000000000" }, "geometry": { "type": "Polygon", "coordinates": [ [ [ 134.8187255859375, 34.488447837809304 ], [ 135.076904296875, 34.619647359797185 ], [ 135.0933837890625, 34.597041516144174 ], [ 134.835205078125, 34.470335121217474 ], [ 134.8187255859375, 34.488447837809304 ] ] ] } },
{ "type": "Feature", "properties": { "断層面ID": "F007903_00001", "断層コード": "F007903", "name": "先山断層帯", "基準位置経度": "134.875", "基準位置緯度": "34.421", "上端深さ(km)": "1.0", "断層長さ(km)": "11.1", "断層幅(km)": "11.0", "走向角(度)": "213.6", "傾斜角(度)": "45.0", "平均ケース／平均活動間隔（年）": "7500.0", "平均ケース／最新活動時期（年前）": "722.0", "平均ケース／30年発生確率": "0.0000000000", "平均ケース／50年発生確率": "0.0000000000", "確率過程": "BPT", "マグニチュード": "Mj6.6", "ばらつき": "0.24", "最大ケース／平均活動間隔（年）": "5000.0", "最大ケース／最新活動時期（年前）": "1022.0", "最大ケース／30年発生確率": "0.0000000000", "最大ケース／50年発生確率": "0.0000000000" }, "geometry": { "type": "Polygon", "coordinates": [ [ [ 134.8736572265625, 34.420504880133834 ], [ 134.8077392578125, 34.334364487026306 ], [ 134.736328125, 34.37517887533528 ], [ 134.80224609375, 34.456748003478083 ], [ 134.8736572265625, 34.420504880133834 ] ] ] } },
{ "type": "Feature", "properties": { "断層面ID": "F008204_00001", "断層コード": "F008204", "name": "草谷断層", "基準位置経度": "135.000", "基準位置緯度": "34.783", "上端深さ(km)": "2.0", "断層長さ(km)": "18.0", "断層幅(km)": "14.0", "走向角(度)": "240.0", "傾斜角(度)": "90.0", "平均ケース／平均活動間隔（年）": "6500.0", "平均ケース／最新活動時期（年前）": "1272.0", "平均ケース／30年発生確率": "0.0000000000", "平均ケース／50年発生確率": "0.0000000000", "確率過程": "BPT", "マグニチュード": "Mw6.3", "ばらつき": "0.24", "最大ケース／平均活動間隔（年）": "6500.0", "最大ケース／最新活動時期（年前）": "1722.0", "最大ケース／30年発生確率": "0.0000000000", "最大ケース／50年発生確率": "0.0000000000" }, "geometry": { "type": "Polygon", "coordinates": [ [ [ 135.0, 34.782227606530128 ], [ 134.82421875, 34.7009774147201 ], [ 135.0, 34.782227606530128 ] ] ] } },
{ "type": "Feature", "properties": { "断層面ID": "F009801_00001", "断層コード": "F009801", "name": "大阪湾断層帯", "基準位置経度": "135.219", "基準位置緯度": "34.690", "上端深さ(km)": "4.0", "断層長さ(km)": "44.0", "断層幅(km)": "12.0", "走向角(度)": "205.6", "傾斜角(度)": "70.0", "平均ケース／平均活動間隔（年）": "5000.0", "平均ケース／最新活動時期（年前）": "611.0", "平均ケース／30年発生確率": "0.0000000000", "平均ケース／50年発生確率": "0.0000000000", "確率過程": "BPT", "マグニチュード": "Mw6.9", "ばらつき": "0.24", "最大ケース／平均活動間隔（年）": "3000.0", "最大ケース／最新活動時期（年前）": "1222.0", "最大ケース／30年発生確率": "0.0000439000", "最大ケース／50年発生確率": "0.0000839000" }, "geometry": { "type": "Polygon", "coordinates": [ [ [ 135.2142333984375, 34.687427949314852 ], [ 135.010986328125, 34.329828328362026 ], [ 134.967041015625, 34.347971491244962 ], [ 135.17578125, 34.705493410225444 ], [ 135.2142333984375, 34.687427949314852 ] ] ] } },
{ "type": "Feature", "properties": { "断層面ID": "F011001_00001", "断層コード": "F011001", "name": "宮古島断層帯中部", "基準位置経度": "125.410", "基準位置緯度": "24.718", "上端深さ(km)": "3.0", "断層長さ(km)": "30.0", "断層幅(km)": "18.0", "走向角(度)": "326.7", "傾斜角(度)": "60.0", "平均ケース／平均活動間隔（年）": "47300.0", "平均ケース／最新活動時期（年前）": "-", "平均ケース／30年発生確率": "0.0006340000", "平均ケース／50年発生確率": "0.0010600000", "確率過程": "ポアソン", "マグニチュード": "Mw6.7", "ばらつき": "-", "最大ケース／平均活動間隔（年）": "47300.0", "最大ケース／最新活動時期（年前）": "-", "最大ケース／30年発生確率": "0.0006340000", "最大ケース／50年発生確率": "0.0010600000" }, "geometry": { "type": "Polygon", "coordinates": [ [ [ 125.408935546875, 24.71689545585933 ], [ 125.244140625, 24.941238299396304 ], [ 125.321044921875, 24.986058021167594 ], [ 125.4803466796875, 24.761796517185815 ], [ 125.408935546875, 24.71689545585933 ] ] ] } },
{ "type": "Feature", "properties": { "断層面ID": "F011002_00001", "断層コード": "F011002", "name": "宮古島断層帯西部", "基準位置経度": "125.340", "基準位置緯度": "24.697", "上端深さ(km)": "3.0", "断層長さ(km)": "20.0", "断層幅(km)": "18.0", "走向角(度)": "322.2", "傾斜角(度)": "60.0", "平均ケース／平均活動間隔（年）": "28700.0", "平均ケース／最新活動時期（年前）": "-", "平均ケース／30年発生確率": "0.0010400000", "平均ケース／50年発生確率": "0.0017400000", "確率過程": "ポアソン", "マグニチュード": "Mw6.4", "ばらつき": "-", "最大ケース／平均活動間隔（年）": "28700.0", "最大ケース／最新活動時期（年前）": "-", "最大ケース／30年発生確率": "0.0010400000", "最大ケース／50年発生確率": "0.0017400000" }, "geometry": { "type": "Polygon", "coordinates": [ [ [ 125.3375244140625, 24.696934226366665 ], [ 125.2166748046875, 24.836595553891186 ], [ 125.2880859375, 24.886436490787716 ], [ 125.408935546875, 24.741842491684054 ], [ 125.3375244140625, 24.696934226366665 ] ] ] } },
{ "type": "Feature", "properties": { "断層面ID": "F012001_00001", "断層コード": "F012001", "name": "小倉東断層", "基準位置経度": "130.894", "基準位置緯度": "34.003", "上端深さ(km)": "3.0", "断層長さ(km)": "28.0", "断層幅(km)": "14.0", "走向角(度)": "186.5", "傾斜角(度)": "70.0", "平均ケース／平均活動間隔（年）": "6700.0", "平均ケース／最新活動時期（年前）": "3500.0", "平均ケース／30年発生確率": "0.0004680000", "平均ケース／50年発生確率": "0.0008030000", "確率過程": "BPT", "マグニチュード": "Mw6.6", "ばらつき": "0.24", "最大ケース／平均活動間隔（年）": "6700.0", "最大ケース／最新活動時期（年前）": "4600.0", "最大ケース／30年発生確率": "0.0041400000", "最大ケース／50年発生確率": "0.0069700000" }, "geometry": { "type": "Polygon", "coordinates": [ [ [ 130.89111328125, 34.00258128543372 ], [ 130.858154296875, 33.751747875681943 ], [ 130.80322265625, 33.756315059927061 ], [ 130.8416748046875, 34.007135064358849 ], [ 130.89111328125, 34.00258128543372 ] ] ] } },
{ "type": "Feature", "properties": { "断層面ID": "F012101_00001", "断層コード": "F012101", "name": "福智山断層帯", "基準位置経度": "130.726", "基準位置緯度": "33.936", "上端深さ(km)": "3.0", "断層長さ(km)": "32.0", "断層幅(km)": "12.0", "走向角(度)": "165.0", "傾斜角(度)": "75.0", "平均ケース／平均活動間隔（年）": "20700.0", "平均ケース／最新活動時期（年前）": "20500.0", "平均ケース／30年発生確率": "0.0052000000", "平均ケース／50年発生確率": "0.0086700000", "確率過程": "BPT", "マグニチュード": "Mw6.7", "ばらつき": "0.24", "最大ケース／平均活動間隔（年）": "9400.0", "最大ケース／最新活動時期（年前）": "28000.0", "最大ケース／30年発生確率": "0.0260000000", "最大ケース／50年発生確率": "0.0430000000" }, "geometry": { "type": "Polygon", "coordinates": [ [ [ 130.7208251953125, 33.934245311173129 ], [ 130.814208984375, 33.655780832040946 ], [ 130.78125, 33.646635523437155 ], [ 130.693359375, 33.925129700071992 ], [ 130.7208251953125, 33.934245311173129 ] ] ] } },
{ "type": "Feature", "properties": { "断層面ID": "F012201_00001", "断層コード": "F012201", "name": "西山断層帯大島沖区間", "基準位置経度": "130.122", "基準位置緯度": "34.212", "上端深さ(km)": "2.0", "断層長さ(km)": "42.0", "断層幅(km)": "16.0", "走向角(度)": "142.0", "傾斜角(度)": "90.0", "平均ケース／平均活動間隔（年）": "8000.0", "平均ケース／最新活動時期（年前）": "10000.0", "平均ケース／30年発生確率": "0.0168000000", "平均ケース／50年発生確率": "0.0278000000", "確率過程": "BPT過程（同時活動モデル）", "マグニチュード": "Mw6.9", "ばらつき": "0.24", "最大ケース／平均活動間隔（年）": "8000.0", "最大ケース／最新活動時期（年前）": "20000.0", "最大ケース／30年発生確率": "0.0233000000", "最大ケース／50年発生確率": "0.0384000000" }, "geometry": { "type": "Polygon", "coordinates": [ [ [ 130.1165771484375, 34.211802157690258 ], [ 130.4022216796875, 33.911454454267613 ], [ 130.1165771484375, 34.211802157690258 ] ] ] } },
{ "type": "Feature", "properties": { "断層面ID": "F012202_00001", "断層コード": "F012202", "name": "西山断層帯西山区間", "基準位置経度": "130.387", "基準位置緯度": "33.932", "上端深さ(km)": "2.0", "断層長さ(km)": "48.0", "断層幅(km)": "16.0", "走向角(度)": "144.8", "傾斜角(度)": "90.0", "平均ケース／平均活動間隔（年）": "8000.0", "平均ケース／最新活動時期（年前）": "7504.5", "平均ケース／30年発生確率": "0.0080400000", "平均ケース／50年発生確率": "0.0134000000", "確率過程": "BPT過程（同時活動モデル）", "マグニチュード": "Mw7", "ばらつき": "0.24", "最大ケース／平均活動間隔（年）": "8000.0", "最大ケース／最新活動時期（年前）": "13000.0", "最大ケース／30年発生確率": "0.0178000000", "最大ケース／50年発生確率": "0.0295000000" }, "geometry": { "type": "Polygon", "coordinates": [ [ [ 130.3857421875, 33.929687627576598 ], [ 130.682373046875, 33.578014746143992 ], [ 130.3857421875, 33.929687627576598 ] ] ] } },
{ "type": "Feature", "properties": { "断層面ID": "F012203_00001", "断層コード": "F012203", "name": "西山断層帯嘉麻峠区間", "基準位置経度": "130.658", "基準位置緯度": "33.583", "上端深さ(km)": "2.0", "断層長さ(km)": "34.0", "断層幅(km)": "16.0", "走向角(度)": "136.5", "傾斜角(度)": "75.0", "平均ケース／平均活動間隔（年）": "6000.0", "平均ケース／最新活動時期（年前）": "-", "平均ケース／30年発生確率": "0.0033200000", "平均ケース／50年発生確率": "0.0055300000", "確率過程": "ポアソン過程（同時活動モデル）", "マグニチュード": "Mw6.8", "ばらつき": "-", "最大ケース／平均活動間隔（年）": "6000.0", "最大ケース／最新活動時期（年前）": "-", "最大ケース／30年発生確率": "0.0033200000", "最大ケース／50年発生確率": "0.0055300000" }, "geometry": { "type": "Polygon", "coordinates": [ [ [ 130.6549072265625, 33.582591163939185 ], [ 130.9075927734375, 33.358061612778869 ], [ 130.8746337890625, 33.330528249028077 ], [ 130.6219482421875, 33.555129017422871 ], [ 130.6549072265625, 33.582591163939185 ] ] ] } },
{ "type": "Feature", "properties": { "断層面ID": "F01220B_00001", "断層コード": "F01220B", "name": "西山断層帯（大島沖区間と西山区間が同時に活動）", "基準位置経度": "130.122", "基準位置緯度": "34.212", "上端深さ(km)": "2.0", "断層長さ(km)": "42.0", "断層幅(km)": "16.0", "走向角(度)": "142.0", "傾斜角(度)": "90.0", "平均ケース／平均活動間隔（年）": "-", "平均ケース／最新活動時期（年前）": "-", "平均ケース／30年発生確率": "0.0021300000", "平均ケース／50年発生確率": "0.0035400000", "確率過程": "同時活動モデル", "マグニチュード": "Mw7.3", "ばらつき": "-", "最大ケース／平均活動間隔（年）": "-999.0", "最大ケース／最新活動時期（年前）": "-", "最大ケース／30年発生確率": "0.0053900000", "最大ケース／50年発生確率": "0.0089000000" }, "geometry": { "type": "Polygon", "coordinates": [ [ [ 130.1165771484375, 34.211802157690258 ], [ 130.4022216796875, 33.911454454267613 ], [ 130.1165771484375, 34.211802157690258 ] ] ] } },
{ "type": "Feature", "properties": { "断層面ID": "F01220B_00002", "断層コード": "F01220B", "name": "西山断層帯（大島沖区間と西山区間が同時に活動）", "基準位置経度": "130.387", "基準位置緯度": "33.932", "上端深さ(km)": "2.0", "断層長さ(km)": "48.0", "断層幅(km)": "16.0", "走向角(度)": "144.8", "傾斜角(度)": "90.0", "平均ケース／平均活動間隔（年）": "-", "平均ケース／最新活動時期（年前）": "-", "平均ケース／30年発生確率": "0.0021300000", "平均ケース／50年発生確率": "0.0035400000", "確率過程": "同時活動モデル", "マグニチュード": "Mw7.3", "ばらつき": "-", "最大ケース／平均活動間隔（年）": "-999.0", "最大ケース／最新活動時期（年前）": "-", "最大ケース／30年発生確率": "0.0053900000", "最大ケース／50年発生確率": "0.0089000000" }, "geometry": { "type": "Polygon", "coordinates": [ [ [ 130.3857421875, 33.929687627576598 ], [ 130.682373046875, 33.578014746143992 ], [ 130.3857421875, 33.929687627576598 ] ] ] } },
{ "type": "Feature", "properties": { "断層面ID": "F01220C_00001", "断層コード": "F01220C", "name": "西山断層帯（西山区間と嘉麻峠区間が同時に活動）", "基準位置経度": "130.387", "基準位置緯度": "33.932", "上端深さ(km)": "2.0", "断層長さ(km)": "48.0", "断層幅(km)": "16.0", "走向角(度)": "144.8", "傾斜角(度)": "90.0", "平均ケース／平均活動間隔（年）": "-", "平均ケース／最新活動時期（年前）": "-", "平均ケース／30年発生確率": "0.0008310000", "平均ケース／50年発生確率": "0.0013800000", "確率過程": "同時活動モデル", "マグニチュード": "Mw7.3", "ばらつき": "-", "最大ケース／平均活動間隔（年）": "-999.0", "最大ケース／最新活動時期（年前）": "-", "最大ケース／30年発生確率": "0.0008310000", "最大ケース／50年発生確率": "0.0013800000" }, "geometry": { "type": "Polygon", "coordinates": [ [ [ 130.3857421875, 33.929687627576598 ], [ 130.682373046875, 33.578014746143992 ], [ 130.3857421875, 33.929687627576598 ] ] ] } },
{ "type": "Feature", "properties": { "断層面ID": "F01220C_00002", "断層コード": "F01220C", "name": "西山断層帯（西山区間と嘉麻峠区間が同時に活動）", "基準位置経度": "130.658", "基準位置緯度": "33.583", "上端深さ(km)": "2.0", "断層長さ(km)": "34.0", "断層幅(km)": "16.0", "走向角(度)": "136.5", "傾斜角(度)": "75.0", "平均ケース／平均活動間隔（年）": "-", "平均ケース／最新活動時期（年前）": "-", "平均ケース／30年発生確率": "0.0008310000", "平均ケース／50年発生確率": "0.0013800000", "確率過程": "同時活動モデル", "マグニチュード": "Mw7.3", "ばらつき": "-", "最大ケース／平均活動間隔（年）": "-999.0", "最大ケース／最新活動時期（年前）": "-", "最大ケース／30年発生確率": "0.0008310000", "最大ケース／50年発生確率": "0.0013800000" }, "geometry": { "type": "Polygon", "coordinates": [ [ [ 130.6549072265625, 33.582591163939185 ], [ 130.9075927734375, 33.358061612778869 ], [ 130.8746337890625, 33.330528249028077 ], [ 130.6219482421875, 33.555129017422871 ], [ 130.6549072265625, 33.582591163939185 ] ] ] } },
{ "type": "Feature", "properties": { "断層面ID": "F01220A_00001", "断層コード": "F01220A", "name": "西山断層帯 (全体が同時に活動)", "基準位置経度": "130.122", "基準位置緯度": "34.212", "上端深さ(km)": "2.0", "断層長さ(km)": "42.0", "断層幅(km)": "16.0", "走向角(度)": "142.0", "傾斜角(度)": "90.0", "平均ケース／平均活動間隔（年）": "-", "平均ケース／最新活動時期（年前）": "-", "平均ケース／30年発生確率": "0.0008310000", "平均ケース／50年発生確率": "0.0013800000", "確率過程": "同時活動モデル", "マグニチュード": "Mw7.5", "ばらつき": "-", "最大ケース／平均活動間隔（年）": "-999.0", "最大ケース／最新活動時期（年前）": "-", "最大ケース／30年発生確率": "0.0008310000", "最大ケース／50年発生確率": "0.0013800000" }, "geometry": { "type": "Polygon", "coordinates": [ [ [ 130.1165771484375, 34.211802157690258 ], [ 130.4022216796875, 33.911454454267613 ], [ 130.1165771484375, 34.211802157690258 ] ] ] } },
{ "type": "Feature", "properties": { "断層面ID": "F01220A_00002", "断層コード": "F01220A", "name": "西山断層帯 (全体が同時に活動)", "基準位置経度": "130.387", "基準位置緯度": "33.932", "上端深さ(km)": "2.0", "断層長さ(km)": "48.0", "断層幅(km)": "16.0", "走向角(度)": "144.8", "傾斜角(度)": "90.0", "平均ケース／平均活動間隔（年）": "-", "平均ケース／最新活動時期（年前）": "-", "平均ケース／30年発生確率": "0.0008310000", "平均ケース／50年発生確率": "0.0013800000", "確率過程": "同時活動モデル", "マグニチュード": "Mw7.5", "ばらつき": "-", "最大ケース／平均活動間隔（年）": "-999.0", "最大ケース／最新活動時期（年前）": "-", "最大ケース／30年発生確率": "0.0008310000", "最大ケース／50年発生確率": "0.0013800000" }, "geometry": { "type": "Polygon", "coordinates": [ [ [ 130.3857421875, 33.929687627576598 ], [ 130.682373046875, 33.578014746143992 ], [ 130.3857421875, 33.929687627576598 ] ] ] } },
{ "type": "Feature", "properties": { "断層面ID": "F01220A_00003", "断層コード": "F01220A", "name": "西山断層帯 (全体が同時に活動)", "基準位置経度": "130.658", "基準位置緯度": "33.583", "上端深さ(km)": "2.0", "断層長さ(km)": "34.0", "断層幅(km)": "16.0", "走向角(度)": "136.5", "傾斜角(度)": "75.0", "平均ケース／平均活動間隔（年）": "-", "平均ケース／最新活動時期（年前）": "-", "平均ケース／30年発生確率": "0.0008310000", "平均ケース／50年発生確率": "0.0013800000", "確率過程": "同時活動モデル", "マグニチュード": "Mw7.5", "ばらつき": "-", "最大ケース／平均活動間隔（年）": "-999.0", "最大ケース／最新活動時期（年前）": "-", "最大ケース／30年発生確率": "0.0008310000", "最大ケース／50年発生確率": "0.0013800000" }, "geometry": { "type": "Polygon", "coordinates": [ [ [ 130.6549072265625, 33.582591163939185 ], [ 130.9075927734375, 33.358061612778869 ], [ 130.8746337890625, 33.330528249028077 ], [ 130.6219482421875, 33.555129017422871 ], [ 130.6549072265625, 33.582591163939185 ] ] ] } },
{ "type": "Feature", "properties": { "断層面ID": "F012301_00001", "断層コード": "F012301", "name": "宇美断層", "基準位置経度": "130.405", "基準位置緯度": "33.684", "上端深さ(km)": "2.0", "断層長さ(km)": "28.0", "断層幅(km)": "14.0", "走向角(度)": "146.7", "傾斜角(度)": "62.5", "平均ケース／平均活動間隔（年）": "25000.0", "平均ケース／最新活動時期（年前）": "2250.0", "平均ケース／30年発生確率": "0.0000000000", "平均ケース／50年発生確率": "0.0000000000", "確率過程": "BPT", "マグニチュード": "Mw6.6", "ばらつき": "0.24", "最大ケース／平均活動間隔（年）": "20000.0", "最大ケース／最新活動時期（年前）": "4500.0", "最大ケース／30年発生確率": "0.0000000000", "最大ケース／50年発生確率": "0.0000000000" }, "geometry": { "type": "Polygon", "coordinates": [ [ [ 130.4022216796875, 33.68321092658006 ], [ 130.5670166015625, 33.472690192666633 ], [ 130.5120849609375, 33.440609443703551 ], [ 130.341796875, 33.651208299204995 ], [ 130.4022216796875, 33.68321092658006 ] ] ] } },
{ "type": "Feature", "properties": { "断層面ID": "F012401_00001", "断層コード": "F012401", "name": "警固断層帯北西部", "基準位置経度": "130.313", "基準位置緯度": "33.659", "上端深さ(km)": "2.0", "断層長さ(km)": "30.0", "断層幅(km)": "16.0", "走向角(度)": "306.0", "傾斜角(度)": "90.0", "平均ケース／平均活動間隔（年）": "4300.0", "平均ケース／最新活動時期（年前）": "17.0", "平均ケース／30年発生確率": "0.0000000000", "平均ケース／50年発生確率": "0.0000000000", "確率過程": "BPT過程（同時活動モデル）", "マグニチュード": "Mw6.7", "ばらつき": "0.24", "最大ケース／平均活動間隔（年）": "3100.0", "最大ケース／最新活動時期（年前）": "17.0", "最大ケース／30年発生確率": "0.0000000000", "最大ケース／50年発生確率": "0.0000000000" }, "geometry": { "type": "Polygon", "coordinates": [ [ [ 130.308837890625, 33.655780832040946 ], [ 130.0506591796875, 33.815666308702774 ], [ 130.308837890625, 33.655780832040946 ] ] ] } },
{ "type": "Feature", "properties": { "断層面ID": "F012402_00001", "断層コード": "F012402", "name": "警固断層帯南東部", "基準位置経度": "130.309", "基準位置緯度": "33.656", "上端深さ(km)": "2.0", "断層長さ(km)": "32.0", "断層幅(km)": "16.0", "走向角(度)": "136.0", "傾斜角(度)": "90.0", "平均ケース／平均活動間隔（年）": "4300.0", "平均ケース／最新活動時期（年前）": "3850.0", "平均ケース／30年発生確率": "0.0194000000", "平均ケース／50年発生確率": "0.0324000000", "確率過程": "BPT過程（同時活動モデル）", "マグニチュード": "Mw6.7", "ばらつき": "0.24", "最大ケース／平均活動間隔（年）": "3100.0", "最大ケース／最新活動時期（年前）": "4300.0", "最大ケース／30年発生確率": "0.0559000000", "最大ケース／50年発生確率": "0.0917000000" }, "geometry": { "type": "Polygon", "coordinates": [ [ [ 130.308837890625, 33.655780832040946 ], [ 130.5450439453125, 33.445193134508457 ], [ 130.308837890625, 33.655780832040946 ] ] ] } },
{ "type": "Feature", "properties": { "断層面ID": "F01240A_00001", "断層コード": "F01240A", "name": "警固断層帯 (全体が同時に活動)", "基準位置経度": "130.313", "基準位置緯度": "33.659", "上端深さ(km)": "2.0", "断層長さ(km)": "30.0", "断層幅(km)": "16.0", "走向角(度)": "306.0", "傾斜角(度)": "90.0", "平均ケース／平均活動間隔（年）": "-", "平均ケース／最新活動時期（年前）": "-", "平均ケース／30年発生確率": "0.0000000000", "平均ケース／50年発生確率": "0.0000000000", "確率過程": "同時活動モデル", "マグニチュード": "Mw7.1", "ばらつき": "-", "最大ケース／平均活動間隔（年）": "-999.0", "最大ケース／最新活動時期（年前）": "-", "最大ケース／30年発生確率": "0.0000000000", "最大ケース／50年発生確率": "0.0000000000" }, "geometry": { "type": "Polygon", "coordinates": [ [ [ 130.308837890625, 33.655780832040946 ], [ 130.0506591796875, 33.815666308702774 ], [ 130.308837890625, 33.655780832040946 ] ] ] } },
{ "type": "Feature", "properties": { "断層面ID": "F01240A_00002", "断層コード": "F01240A", "name": "警固断層帯 (全体が同時に活動)", "基準位置経度": "130.309", "基準位置緯度": "33.656", "上端深さ(km)": "2.0", "断層長さ(km)": "32.0", "断層幅(km)": "16.0", "走向角(度)": "136.0", "傾斜角(度)": "90.0", "平均ケース／平均活動間隔（年）": "-", "平均ケース／最新活動時期（年前）": "-", "平均ケース／30年発生確率": "0.0000000000", "平均ケース／50年発生確率": "0.0000000000", "確率過程": "同時活動モデル", "マグニチュード": "Mw7.1", "ばらつき": "-", "最大ケース／平均活動間隔（年）": "-999.0", "最大ケース／最新活動時期（年前）": "-", "最大ケース／30年発生確率": "0.0000000000", "最大ケース／50年発生確率": "0.0000000000" }, "geometry": { "type": "Polygon", "coordinates": [ [ [ 130.308837890625, 33.655780832040946 ], [ 130.5450439453125, 33.445193134508457 ], [ 130.308837890625, 33.655780832040946 ] ] ] } },
{ "type": "Feature", "properties": { "断層面ID": "F012501_00001", "断層コード": "F012501", "name": "日向峠-小笠木峠断層帯", "基準位置経度": "130.521", "基準位置緯度": "33.384", "上端深さ(km)": "2.0", "断層長さ(km)": "32.0", "断層幅(km)": "14.0", "走向角(度)": "305.5", "傾斜角(度)": "90.0", "平均ケース／平均活動間隔（年）": "30000.0", "平均ケース／最新活動時期（年前）": "-", "平均ケース／30年発生確率": "0.0010000000", "平均ケース／50年発生確率": "0.0016700000", "確率過程": "ポアソン", "マグニチュード": "Mw6.7", "ばらつき": "-", "最大ケース／平均活動間隔（年）": "30000.0", "最大ケース／最新活動時期（年前）": "-", "最大ケース／30年発生確率": "0.0010000000", "最大ケース／50年発生確率": "0.0016700000" }, "geometry": { "type": "Polygon", "coordinates": [ [ [ 130.517578125, 33.380999431040266 ], [ 130.2374267578125, 33.550551143844061 ], [ 130.517578125, 33.380999431040266 ] ] ] } },
{ "type": "Feature", "properties": { "断層面ID": "F012601_00001", "断層コード": "F012601", "name": "水縄断層帯", "基準位置経度": "130.853", "基準位置緯度": "33.334", "上端深さ(km)": "3.0", "断層長さ(km)": "30.0", "断層幅(km)": "14.0", "走向角(度)": "266.0", "傾斜角(度)": "60.0", "平均ケース／平均活動間隔（年）": "14000.0", "平均ケース／最新活動時期（年前）": "1343.0", "平均ケース／30年発生確率": "0.0000000000", "平均ケース／50年発生確率": "0.0000000000", "確率過程": "BPT", "マグニチュード": "Mw6.7", "ばらつき": "0.24", "最大ケース／平均活動間隔（年）": "14000.0", "最大ケース／最新活動時期（年前）": "1343.0", "最大ケース／30年発生確率": "0.0000000000", "最大ケース／50年発生確率": "0.0000000000" }, "geometry": { "type": "Polygon", "coordinates": [ [ [ 130.8526611328125, 33.330528249028077 ], [ 130.528564453125, 33.312167837386184 ], [ 130.5230712890625, 33.376412351246771 ], [ 130.84716796875, 33.394759218577988 ], [ 130.8526611328125, 33.330528249028077 ] ] ] } },
{ "type": "Feature", "properties": { "断層面ID": "F012701_00001", "断層コード": "F012701", "name": "佐賀平野北縁断層帯", "基準位置経度": "130.067", "基準位置緯度": "33.233", "上端深さ(km)": "3.0", "断層長さ(km)": "42.0", "断層幅(km)": "14.0", "走向角(度)": "78.7", "傾斜角(度)": "70.0", "平均ケース／平均活動間隔（年）": "12800.0", "平均ケース／最新活動時期（年前）": "-", "平均ケース／30年発生確率": "0.0023400000", "平均ケース／50年発生確率": "0.0039000000", "確率過程": "ポアソン", "マグニチュード": "Mw6.9", "ばらつき": "-", "最大ケース／平均活動間隔（年）": "6600.0", "最大ケース／最新活動時期（年前）": "-", "最大ケース／30年発生確率": "0.0045400000", "最大ケース／50年発生確率": "0.0075500000" }, "geometry": { "type": "Polygon", "coordinates": [ [ [ 130.0616455078125, 33.229498141449511 ], [ 130.506591796875, 33.302986181224128 ], [ 130.517578125, 33.261656767328006 ], [ 130.0726318359375, 33.188133956050407 ], [ 130.0616455078125, 33.229498141449511 ] ] ] } },
{ "type": "Feature", "properties": { "断層面ID": "F012901_00001", "断層コード": "F012901", "name": "雲仙断層群北部", "基準位置経度": "130.057", "基準位置緯度": "32.734", "上端深さ(km)": "3.0", "断層長さ(km)": "32.0", "断層幅(km)": "18.0", "走向角(度)": "86.2", "傾斜角(度)": "60.0", "平均ケース／平均活動間隔（年）": "2500.0", "平均ケース／最新活動時期（年前）": "2500.0", "平均ケース／30年発生確率": "0.0436000000", "平均ケース／50年発生確率": "0.0723000000", "確率過程": "BPT", "マグニチュード": "Mw6.8", "ばらつき": "0.24", "最大ケース／平均活動間隔（年）": "2000.0", "最大ケース／最新活動時期（年前）": "5000.0", "最大ケース／30年発生確率": "0.1130000000", "最大ケース／50年発生確率": "0.1810000000" }, "geometry": { "type": "Polygon", "coordinates": [ [ [ 130.05615234375, 32.731840896865677 ], [ 130.396728515625, 32.750322607809693 ], [ 130.4022216796875, 32.671748872263379 ], [ 130.0616455078125, 32.648625783736719 ], [ 130.05615234375, 32.731840896865677 ] ] ] } },
{ "type": "Feature", "properties": { "断層面ID": "F012902_00001", "断層コード": "F012902", "name": "雲仙断層群南東部", "基準位置経度": "130.519", "基準位置緯度": "32.730", "上端深さ(km)": "3.0", "断層長さ(km)": "26.0", "断層幅(km)": "18.0", "走向角(度)": "279.0", "傾斜角(度)": "60.0", "平均ケース／平均活動間隔（年）": "1000.0", "平均ケース／最新活動時期（年前）": "-", "平均ケース／30年発生確率": "0.0296000000", "平均ケース／50年発生確率": "0.0488000000", "確率過程": "ポアソン", "マグニチュード": "Mw6.6", "ばらつき": "-", "最大ケース／平均活動間隔（年）": "1000.0", "最大ケース／最新活動時期（年前）": "-", "最大ケース／30年発生確率": "0.0296000000", "最大ケース／50年発生確率": "0.0488000000" }, "geometry": { "type": "Polygon", "coordinates": [ [ [ 130.517578125, 32.727219870219329 ], [ 130.242919921875, 32.764181375100819 ], [ 130.2593994140625, 32.842673631954312 ], [ 130.528564453125, 32.805744732906874 ], [ 130.517578125, 32.727219870219329 ] ] ] } },
{ "type": "Feature", "properties": { "断層面ID": "F012903_00001", "断層コード": "F012903", "name": "雲仙断層群南西部北部", "基準位置経度": "130.298", "基準位置緯度": "32.733", "上端深さ(km)": "3.0", "断層長さ(km)": "34.0", "断層幅(km)": "18.0", "走向角(度)": "266.6", "傾斜角(度)": "60.0", "平均ケース／平均活動間隔（年）": "3600.0", "平均ケース／最新活動時期（年前）": "1661.0", "平均ケース／30年発生確率": "0.0001590000", "平均ケース／50年発生確率": "0.0002880000", "確率過程": "BPT過程（同時活動モデル）", "マグニチュード": "Mw6.8", "ばらつき": "0.24", "最大ケース／平均活動間隔（年）": "2500.0", "最大ケース／最新活動時期（年前）": "2400.0", "最大ケース／30年発生確率": "0.0364000000", "最大ケース／50年発生確率": "0.0604000000" }, "geometry": { "type": "Polygon", "coordinates": [ [ [ 130.2978515625, 32.731840896865677 ], [ 129.935302734375, 32.713355353177548 ], [ 129.9298095703125, 32.791892438123696 ], [ 130.286865234375, 32.810361684869008 ], [ 130.2978515625, 32.731840896865677 ] ] ] } },
{ "type": "Feature", "properties": { "断層面ID": "F012904_00001", "断層コード": "F012904", "name": "雲仙断層群南西部南部", "基準位置経度": "129.872", "基準位置緯度": "32.598", "上端深さ(km)": "3.0", "断層長さ(km)": "26.0", "断層幅(km)": "18.0", "走向角(度)": "75.8", "傾斜角(度)": "60.0", "平均ケース／平均活動間隔（年）": "4300.0", "平均ケース／最新活動時期（年前）": "-", "平均ケース／30年発生確率": "0.0069000000", "平均ケース／50年発生確率": "0.0115000000", "確率過程": "ポアソン過程（同時活動モデル）", "マグニチュード": "Mw6.6", "ばらつき": "-", "最大ケース／平均活動間隔（年）": "2100.0", "最大ケース／最新活動時期（年前）": "-", "最大ケース／30年発生確率": "0.0106000000", "最大ケース／50年発生確率": "0.0176000000" }, "geometry": { "type": "Polygon", "coordinates": [ [ [ 129.869384765625, 32.597733940057438 ], [ 130.1385498046875, 32.653250879968823 ], [ 130.1605224609375, 32.574591721134183 ], [ 129.891357421875, 32.519026027827522 ], [ 129.869384765625, 32.597733940057438 ] ] ] } },
{ "type": "Feature", "properties": { "断層面ID": "F01290A_00001", "断層コード": "F01290A", "name": "雲仙断層群 (南西部北部と南部が同時に活動)", "基準位置経度": "130.298", "基準位置緯度": "32.733", "上端深さ(km)": "3.0", "断層長さ(km)": "34.0", "断層幅(km)": "18.0", "走向角(度)": "266.6", "傾斜角(度)": "60.0", "平均ケース／平均活動間隔（年）": "-", "平均ケース／最新活動時期（年前）": "-", "平均ケース／30年発生確率": "0.0000532000", "平均ケース／50年発生確率": "0.0000960000", "確率過程": "同時活動モデル", "マグニチュード": "Mw7.1", "ばらつき": "-", "最大ケース／平均活動間隔（年）": "-999.0", "最大ケース／最新活動時期（年前）": "-", "最大ケース／30年発生確率": "0.0035500000", "最大ケース／50年発生確率": "0.0058800000" }, "geometry": { "type": "Polygon", "coordinates": [ [ [ 130.2978515625, 32.731840896865677 ], [ 129.935302734375, 32.713355353177548 ], [ 129.9298095703125, 32.791892438123696 ], [ 130.286865234375, 32.810361684869008 ], [ 130.2978515625, 32.731840896865677 ] ] ] } },
{ "type": "Feature", "properties": { "断層面ID": "F01290A_00002", "断層コード": "F01290A", "name": "雲仙断層群 (南西部北部と南部が同時に活動)", "基準位置経度": "129.872", "基準位置緯度": "32.598", "上端深さ(km)": "3.0", "断層長さ(km)": "26.0", "断層幅(km)": "18.0", "走向角(度)": "75.8", "傾斜角(度)": "60.0", "平均ケース／平均活動間隔（年）": "-", "平均ケース／最新活動時期（年前）": "-", "平均ケース／30年発生確率": "0.0000532000", "平均ケース／50年発生確率": "0.0000960000", "確率過程": "同時活動モデル", "マグニチュード": "Mw7.1", "ばらつき": "-", "最大ケース／平均活動間隔（年）": "-999.0", "最大ケース／最新活動時期（年前）": "-", "最大ケース／30年発生確率": "0.0035500000", "最大ケース／50年発生確率": "0.0058800000" }, "geometry": { "type": "Polygon", "coordinates": [ [ [ 129.869384765625, 32.597733940057438 ], [ 130.1385498046875, 32.653250879968823 ], [ 130.1605224609375, 32.574591721134183 ], [ 129.891357421875, 32.519026027827522 ], [ 129.869384765625, 32.597733940057438 ] ] ] } },
{ "type": "Feature", "properties": { "断層面ID": "F013001_00001", "断層コード": "F013001", "name": "布田川断層帯布田川区間", "基準位置経度": "131.027", "基準位置緯度": "32.888", "上端深さ(km)": "3.0", "断層長さ(km)": "24.0", "断層幅(km)": "14.0", "走向角(度)": "233.2", "傾斜角(度)": "90.0", "平均ケース／平均活動間隔（年）": "17050.0", "平均ケース／最新活動時期（年前）": "6.0", "平均ケース／30年発生確率": "0.0000000000", "平均ケース／50年発生確率": "0.0000000000", "確率過程": "BPT過程（同時活動モデル）", "マグニチュード": "Mw6.5", "ばらつき": "0.24", "最大ケース／平均活動間隔（年）": "8100.0", "最大ケース／最新活動時期（年前）": "6.0", "最大ケース／30年発生確率": "0.0000000000", "最大ケース／50年発生確率": "0.0000000000" }, "geometry": { "type": "Polygon", "coordinates": [ [ [ 131.02294921875, 32.884200285405484 ], [ 130.8197021484375, 32.754942436547239 ], [ 131.02294921875, 32.884200285405484 ] ] ] } },
{ "type": "Feature", "properties": { "断層面ID": "F013002_00001", "断層コード": "F013002", "name": "布田川断層帯宇土区間", "基準位置経度": "130.831", "基準位置緯度": "32.780", "上端深さ(km)": "3.0", "断層長さ(km)": "22.0", "断層幅(km)": "16.0", "走向角(度)": "243.2", "傾斜角(度)": "60.0", "平均ケース／平均活動間隔（年）": "4000.0", "平均ケース／最新活動時期（年前）": "-", "平均ケース／30年発生確率": "0.0062300000", "平均ケース／50年発生確率": "0.0103000000", "確率過程": "ポアソン過程（同時活動モデル）", "マグニチュード": "Mw6.5", "ばらつき": "-", "最大ケース／平均活動間隔（年）": "4000.0", "最大ケース／最新活動時期（年前）": "-", "最大ケース／30年発生確率": "0.0062300000", "最大ケース／50年発生確率": "0.0103000000" }, "geometry": { "type": "Polygon", "coordinates": [ [ [ 130.8306884765625, 32.778037985363667 ], [ 130.616455078125, 32.690243035492259 ], [ 130.5780029296875, 32.754942436547239 ], [ 130.792236328125, 32.842673631954312 ], [ 130.8306884765625, 32.778037985363667 ] ] ] } },
{ "type": "Feature", "properties": { "断層面ID": "F013003_00001", "断層コード": "F013003", "name": "布田川断層帯宇土半島北岸区間", "基準位置経度": "130.637", "基準位置緯度": "32.748", "上端深さ(km)": "3.0", "断層長さ(km)": "32.0", "断層幅(km)": "16.0", "走向角(度)": "236.1", "傾斜角(度)": "60.0", "平均ケース／平均活動間隔（年）": "6000.0", "平均ケース／最新活動時期（年前）": "-", "平均ケース／30年発生確率": "0.0037400000", "平均ケース／50年発生確率": "0.0062200000", "確率過程": "ポアソン過程（同時活動モデル）", "マグニチュード": "Mw6.7", "ばらつき": "-", "最大ケース／平均活動間隔（年）": "6000.0", "最大ケース／最新活動時期（年前）": "-", "最大ケース／30年発生確率": "0.0037400000", "最大ケース／50年発生確率": "0.0062200000" }, "geometry": { "type": "Polygon", "coordinates": [ [ [ 130.6329345703125, 32.745702539455181 ], [ 130.352783203125, 32.58384932565663 ], [ 130.3033447265625, 32.644000448276756 ], [ 130.5889892578125, 32.805744732906874 ], [ 130.6329345703125, 32.745702539455181 ] ] ] } },
{ "type": "Feature", "properties": { "断層面ID": "F013101_00001", "断層コード": "F013101", "name": "日奈久断層帯高野-白旗区間", "基準位置経度": "130.819", "基準位置緯度": "32.763", "上端深さ(km)": "3.0", "断層長さ(km)": "20.0", "断層幅(km)": "14.0", "走向角(度)": "202.9", "傾斜角(度)": "90.0", "平均ケース／平均活動間隔（年）": "7300.0", "平均ケース／最新活動時期（年前）": "1409.0", "平均ケース／30年発生確率": "0.0000000000", "平均ケース／50年発生確率": "0.0000000000", "確率過程": "BPT過程（同時活動モデル）", "マグニチュード": "Mw6.4", "ばらつき": "0.24", "最大ケース／平均活動間隔（年）": "3600.0", "最大ケース／最新活動時期（年前）": "1609.0", "最大ケース／30年発生確率": "0.0000928000", "最大ケース／50年発生確率": "0.0001690000" }, "geometry": { "type": "Polygon", "coordinates": [ [ [ 130.814208984375, 32.759562025650126 ], [ 130.7318115234375, 32.59310597426537 ], [ 130.814208984375, 32.759562025650126 ] ] ] } },
{ "type": "Feature", "properties": { "断層面ID": "F013102_00001", "断層コード": "F013102", "name": "日奈久断層帯日奈久区間", "基準位置経度": "130.751", "基準位置緯度": "32.653", "上端深さ(km)": "3.0", "断層長さ(km)": "44.0", "断層幅(km)": "16.0", "走向角(度)": "218.6", "傾斜角(度)": "60.0", "平均ケース／平均活動間隔（年）": "7300.0", "平均ケース／最新活動時期（年前）": "5204.5", "平均ケース／30年発生確率": "0.0046600000", "平均ケース／50年発生確率": "0.0078300000", "確率過程": "BPT過程（同時活動モデル）", "マグニチュード": "Mw6.9", "ばらつき": "0.24", "最大ケース／平均活動間隔（年）": "3600.0", "最大ケース／最新活動時期（年前）": "8400.0", "最大ケース／30年発生確率": "0.0475000000", "最大ケース／50年発生確率": "0.0775000000" }, "geometry": { "type": "Polygon", "coordinates": [ [ [ 130.748291015625, 32.648625783736719 ], [ 130.4571533203125, 32.342841356393023 ], [ 130.3912353515625, 32.384600406209927 ], [ 130.682373046875, 32.694865977875054 ], [ 130.748291015625, 32.648625783736719 ] ] ] } },
{ "type": "Feature", "properties": { "断層面ID": "F013103_00001", "断層コード": "F013103", "name": "日奈久断層帯八代海区間", "基準位置経度": "130.469", "基準位置緯度": "32.363", "上端深さ(km)": "3.0", "断層長さ(km)": "34.0", "断層幅(km)": "14.0", "走向角(度)": "227.3", "傾斜角(度)": "90.0", "平均ケース／平均活動間隔（年）": "3750.0", "平均ケース／最新活動時期（年前）": "1309.0", "平均ケース／30年発生確率": "0.0000000000", "平均ケース／50年発生確率": "0.0000000000", "確率過程": "BPT過程（同時活動モデル）", "マグニチュード": "Mw6.8", "ばらつき": "0.24", "最大ケース／平均活動間隔（年）": "1100.0", "最大ケース／最新活動時期（年前）": "1709.0", "最大ケース／30年発生確率": "0.1480000000", "最大ケース／50年発生確率": "0.2330000000" }, "geometry": { "type": "Polygon", "coordinates": [ [ [ 130.4681396484375, 32.361403315275439 ], [ 130.198974609375, 32.152361894655769 ], [ 130.4681396484375, 32.361403315275439 ] ] ] } },
{ "type": "Feature", "properties": { "断層面ID": "F01300C_00001", "断層コード": "F01300C", "name": "布田川断層帯（布田川区間と宇土区間が同時に活動）", "基準位置経度": "131.027", "基準位置緯度": "32.888", "上端深さ(km)": "3.0", "断層長さ(km)": "24.0", "断層幅(km)": "14.0", "走向角(度)": "233.2", "傾斜角(度)": "90.0", "平均ケース／平均活動間隔（年）": "-", "平均ケース／最新活動時期（年前）": "-", "平均ケース／30年発生確率": "0.0000000000", "平均ケース／50年発生確率": "0.0000000000", "確率過程": "同時活動モデル", "マグニチュード": "Mw6.9", "ばらつき": "-", "最大ケース／平均活動間隔（年）": "-999.0", "最大ケース／最新活動時期（年前）": "-", "最大ケース／30年発生確率": "0.0000000000", "最大ケース／50年発生確率": "0.0000000000" }, "geometry": { "type": "Polygon", "coordinates": [ [ [ 131.02294921875, 32.884200285405484 ], [ 130.8197021484375, 32.754942436547239 ], [ 131.02294921875, 32.884200285405484 ] ] ] } },
{ "type": "Feature", "properties": { "断層面ID": "F01300C_00002", "断層コード": "F01300C", "name": "布田川断層帯（布田川区間と宇土区間が同時に活動）", "基準位置経度": "130.831", "基準位置緯度": "32.780", "上端深さ(km)": "3.0", "断層長さ(km)": "22.0", "断層幅(km)": "16.0", "走向角(度)": "243.2", "傾斜角(度)": "60.0", "平均ケース／平均活動間隔（年）": "-", "平均ケース／最新活動時期（年前）": "-", "平均ケース／30年発生確率": "0.0000000000", "平均ケース／50年発生確率": "0.0000000000", "確率過程": "同時活動モデル", "マグニチュード": "Mw6.9", "ばらつき": "-", "最大ケース／平均活動間隔（年）": "-999.0", "最大ケース／最新活動時期（年前）": "-", "最大ケース／30年発生確率": "0.0000000000", "最大ケース／50年発生確率": "0.0000000000" }, "geometry": { "type": "Polygon", "coordinates": [ [ [ 130.8306884765625, 32.778037985363667 ], [ 130.616455078125, 32.690243035492259 ], [ 130.5780029296875, 32.754942436547239 ], [ 130.792236328125, 32.842673631954312 ], [ 130.8306884765625, 32.778037985363667 ] ] ] } },
{ "type": "Feature", "properties": { "断層面ID": "F01300D_00001", "断層コード": "F01300D", "name": "布田川断層帯（宇土区間と宇土半島北岸区間が同時に活動）", "基準位置経度": "130.831", "基準位置緯度": "32.780", "上端深さ(km)": "3.0", "断層長さ(km)": "22.0", "断層幅(km)": "16.0", "走向角(度)": "243.2", "傾斜角(度)": "60.0", "平均ケース／平均活動間隔（年）": "-", "平均ケース／最新活動時期（年前）": "-", "平均ケース／30年発生確率": "0.0012500000", "平均ケース／50年発生確率": "0.0020700000", "確率過程": "同時活動モデル", "マグニチュード": "Mw7", "ばらつき": "-", "最大ケース／平均活動間隔（年）": "-999.0", "最大ケース／最新活動時期（年前）": "-", "最大ケース／30年発生確率": "0.0012500000", "最大ケース／50年発生確率": "0.0020700000" }, "geometry": { "type": "Polygon", "coordinates": [ [ [ 130.8306884765625, 32.778037985363667 ], [ 130.616455078125, 32.690243035492259 ], [ 130.5780029296875, 32.754942436547239 ], [ 130.792236328125, 32.842673631954312 ], [ 130.8306884765625, 32.778037985363667 ] ] ] } },
{ "type": "Feature", "properties": { "断層面ID": "F01300D_00002", "断層コード": "F01300D", "name": "布田川断層帯（宇土区間と宇土半島北岸区間が同時に活動）", "基準位置経度": "130.637", "基準位置緯度": "32.748", "上端深さ(km)": "3.0", "断層長さ(km)": "32.0", "断層幅(km)": "16.0", "走向角(度)": "236.1", "傾斜角(度)": "60.0", "平均ケース／平均活動間隔（年）": "-", "平均ケース／最新活動時期（年前）": "-", "平均ケース／30年発生確率": "0.0012500000", "平均ケース／50年発生確率": "0.0020700000", "確率過程": "同時活動モデル", "マグニチュード": "Mw7", "ばらつき": "-", "最大ケース／平均活動間隔（年）": "-999.0", "最大ケース／最新活動時期（年前）": "-", "最大ケース／30年発生確率": "0.0012500000", "最大ケース／50年発生確率": "0.0020700000" }, "geometry": { "type": "Polygon", "coordinates": [ [ [ 130.6329345703125, 32.745702539455181 ], [ 130.352783203125, 32.58384932565663 ], [ 130.3033447265625, 32.644000448276756 ], [ 130.5889892578125, 32.805744732906874 ], [ 130.6329345703125, 32.745702539455181 ] ] ] } },
{ "type": "Feature", "properties": { "断層面ID": "F01300E_00001", "断層コード": "F01300E", "name": "布田川断層帯・日奈久断層帯（布田川区間と高野-白旗区間が同時に活動）", "基準位置経度": "131.027", "基準位置緯度": "32.888", "上端深さ(km)": "3.0", "断層長さ(km)": "24.0", "断層幅(km)": "14.0", "走向角(度)": "233.2", "傾斜角(度)": "90.0", "平均ケース／平均活動間隔（年）": "-", "平均ケース／最新活動時期（年前）": "-", "平均ケース／30年発生確率": "0.0000000000", "平均ケース／50年発生確率": "0.0000000000", "確率過程": "同時活動モデル", "マグニチュード": "Mw6.8", "ばらつき": "-", "最大ケース／平均活動間隔（年）": "-999.0", "最大ケース／最新活動時期（年前）": "-", "最大ケース／30年発生確率": "0.0000000000", "最大ケース／50年発生確率": "0.0000000000" }, "geometry": { "type": "Polygon", "coordinates": [ [ [ 131.02294921875, 32.884200285405484 ], [ 130.8197021484375, 32.754942436547239 ], [ 131.02294921875, 32.884200285405484 ] ] ] } },
{ "type": "Feature", "properties": { "断層面ID": "F01300E_00002", "断層コード": "F01300E", "name": "布田川断層帯・日奈久断層帯（布田川区間と高野-白旗区間が同時に活動）", "基準位置経度": "130.819", "基準位置緯度": "32.763", "上端深さ(km)": "3.0", "断層長さ(km)": "20.0", "断層幅(km)": "14.0", "走向角(度)": "202.9", "傾斜角(度)": "90.0", "平均ケース／平均活動間隔（年）": "-", "平均ケース／最新活動時期（年前）": "-", "平均ケース／30年発生確率": "0.0000000000", "平均ケース／50年発生確率": "0.0000000000", "確率過程": "同時活動モデル", "マグニチュード": "Mw6.8", "ばらつき": "-", "最大ケース／平均活動間隔（年）": "-999.0", "最大ケース／最新活動時期（年前）": "-", "最大ケース／30年発生確率": "0.0000000000", "最大ケース／50年発生確率": "0.0000000000" }, "geometry": { "type": "Polygon", "coordinates": [ [ [ 130.814208984375, 32.759562025650126 ], [ 130.7318115234375, 32.59310597426537 ], [ 130.814208984375, 32.759562025650126 ] ] ] } },
{ "type": "Feature", "properties": { "断層面ID": "F01310B_00001", "断層コード": "F01310B", "name": "日奈久断層帯（高野-白旗区間と日奈久区間が同時に活動）", "基準位置経度": "130.819", "基準位置緯度": "32.763", "上端深さ(km)": "3.0", "断層長さ(km)": "20.0", "断層幅(km)": "14.0", "走向角(度)": "202.9", "傾斜角(度)": "90.0", "平均ケース／平均活動間隔（年）": "-", "平均ケース／最新活動時期（年前）": "-", "平均ケース／30年発生確率": "0.0000000000", "平均ケース／50年発生確率": "0.0000000000", "確率過程": "同時活動モデル", "マグニチュード": "Mw7.1", "ばらつき": "-", "最大ケース／平均活動間隔（年）": "-999.0", "最大ケース／最新活動時期（年前）": "-", "最大ケース／30年発生確率": "0.0000232000", "最大ケース／50年発生確率": "0.0000422000" }, "geometry": { "type": "Polygon", "coordinates": [ [ [ 130.814208984375, 32.759562025650126 ], [ 130.7318115234375, 32.59310597426537 ], [ 130.814208984375, 32.759562025650126 ] ] ] } },
{ "type": "Feature", "properties": { "断層面ID": "F01310B_00002", "断層コード": "F01310B", "name": "日奈久断層帯（高野-白旗区間と日奈久区間が同時に活動）", "基準位置経度": "130.751", "基準位置緯度": "32.653", "上端深さ(km)": "3.0", "断層長さ(km)": "44.0", "断層幅(km)": "16.0", "走向角(度)": "218.6", "傾斜角(度)": "60.0", "平均ケース／平均活動間隔（年）": "-", "平均ケース／最新活動時期（年前）": "-", "平均ケース／30年発生確率": "0.0000000000", "平均ケース／50年発生確率": "0.0000000000", "確率過程": "同時活動モデル", "マグニチュード": "Mw7.1", "ばらつき": "-", "最大ケース／平均活動間隔（年）": "-999.0", "最大ケース／最新活動時期（年前）": "-", "最大ケース／30年発生確率": "0.0000232000", "最大ケース／50年発生確率": "0.0000422000" }, "geometry": { "type": "Polygon", "coordinates": [ [ [ 130.748291015625, 32.648625783736719 ], [ 130.4571533203125, 32.342841356393023 ], [ 130.3912353515625, 32.384600406209927 ], [ 130.682373046875, 32.694865977875054 ], [ 130.748291015625, 32.648625783736719 ] ] ] } },
{ "type": "Feature", "properties": { "断層面ID": "F01310C_00001", "断層コード": "F01310C", "name": "日奈久断層帯（日奈久区間と八代海区間が同時に活動）", "基準位置経度": "130.751", "基準位置緯度": "32.653", "上端深さ(km)": "3.0", "断層長さ(km)": "44.0", "断層幅(km)": "16.0", "走向角(度)": "218.6", "傾斜角(度)": "60.0", "平均ケース／平均活動間隔（年）": "-", "平均ケース／最新活動時期（年前）": "-", "平均ケース／30年発生確率": "0.0000000000", "平均ケース／50年発生確率": "0.0000000000", "確率過程": "同時活動モデル", "マグニチュード": "Mw7.2", "ばらつき": "-", "最大ケース／平均活動間隔（年）": "-999.0", "最大ケース／最新活動時期（年前）": "-", "最大ケース／30年発生確率": "0.0158000000", "最大ケース／50年発生確率": "0.0258000000" }, "geometry": { "type": "Polygon", "coordinates": [ [ [ 130.748291015625, 32.648625783736719 ], [ 130.4571533203125, 32.342841356393023 ], [ 130.3912353515625, 32.384600406209927 ], [ 130.682373046875, 32.694865977875054 ], [ 130.748291015625, 32.648625783736719 ] ] ] } },
{ "type": "Feature", "properties": { "断層面ID": "F01310C_00002", "断層コード": "F01310C", "name": "日奈久断層帯（日奈久区間と八代海区間が同時に活動）", "基準位置経度": "130.469", "基準位置緯度": "32.363", "上端深さ(km)": "3.0", "断層長さ(km)": "34.0", "断層幅(km)": "14.0", "走向角(度)": "227.3", "傾斜角(度)": "90.0", "平均ケース／平均活動間隔（年）": "-", "平均ケース／最新活動時期（年前）": "-", "平均ケース／30年発生確率": "0.0000000000", "平均ケース／50年発生確率": "0.0000000000", "確率過程": "同時活動モデル", "マグニチュード": "Mw7.2", "ばらつき": "-", "最大ケース／平均活動間隔（年）": "-999.0", "最大ケース／最新活動時期（年前）": "-", "最大ケース／30年発生確率": "0.0158000000", "最大ケース／50年発生確率": "0.0258000000" }, "geometry": { "type": "Polygon", "coordinates": [ [ [ 130.4681396484375, 32.361403315275439 ], [ 130.198974609375, 32.152361894655769 ], [ 130.4681396484375, 32.361403315275439 ] ] ] } },
{ "type": "Feature", "properties": { "断層面ID": "F01300A_00001", "断層コード": "F01300A", "name": "布田川断層帯 (全体が同時に活動)", "基準位置経度": "131.027", "基準位置緯度": "32.888", "上端深さ(km)": "3.0", "断層長さ(km)": "24.0", "断層幅(km)": "14.0", "走向角(度)": "233.2", "傾斜角(度)": "90.0", "平均ケース／平均活動間隔（年）": "-", "平均ケース／最新活動時期（年前）": "-", "平均ケース／30年発生確率": "0.0000000000", "平均ケース／50年発生確率": "0.0000000000", "確率過程": "同時活動モデル", "マグニチュード": "Mw7.2", "ばらつき": "-", "最大ケース／平均活動間隔（年）": "-999.0", "最大ケース／最新活動時期（年前）": "-", "最大ケース／30年発生確率": "0.0000000000", "最大ケース／50年発生確率": "0.0000000000" }, "geometry": { "type": "Polygon", "coordinates": [ [ [ 131.02294921875, 32.884200285405484 ], [ 130.8197021484375, 32.754942436547239 ], [ 131.02294921875, 32.884200285405484 ] ] ] } },
{ "type": "Feature", "properties": { "断層面ID": "F01300A_00002", "断層コード": "F01300A", "name": "布田川断層帯 (全体が同時に活動)", "基準位置経度": "130.831", "基準位置緯度": "32.780", "上端深さ(km)": "3.0", "断層長さ(km)": "22.0", "断層幅(km)": "16.0", "走向角(度)": "243.2", "傾斜角(度)": "60.0", "平均ケース／平均活動間隔（年）": "-", "平均ケース／最新活動時期（年前）": "-", "平均ケース／30年発生確率": "0.0000000000", "平均ケース／50年発生確率": "0.0000000000", "確率過程": "同時活動モデル", "マグニチュード": "Mw7.2", "ばらつき": "-", "最大ケース／平均活動間隔（年）": "-999.0", "最大ケース／最新活動時期（年前）": "-", "最大ケース／30年発生確率": "0.0000000000", "最大ケース／50年発生確率": "0.0000000000" }, "geometry": { "type": "Polygon", "coordinates": [ [ [ 130.8306884765625, 32.778037985363667 ], [ 130.616455078125, 32.690243035492259 ], [ 130.5780029296875, 32.754942436547239 ], [ 130.792236328125, 32.842673631954312 ], [ 130.8306884765625, 32.778037985363667 ] ] ] } },
{ "type": "Feature", "properties": { "断層面ID": "F01300A_00003", "断層コード": "F01300A", "name": "布田川断層帯 (全体が同時に活動)", "基準位置経度": "130.637", "基準位置緯度": "32.748", "上端深さ(km)": "3.0", "断層長さ(km)": "32.0", "断層幅(km)": "16.0", "走向角(度)": "236.1", "傾斜角(度)": "60.0", "平均ケース／平均活動間隔（年）": "-", "平均ケース／最新活動時期（年前）": "-", "平均ケース／30年発生確率": "0.0000000000", "平均ケース／50年発生確率": "0.0000000000", "確率過程": "同時活動モデル", "マグニチュード": "Mw7.2", "ばらつき": "-", "最大ケース／平均活動間隔（年）": "-999.0", "最大ケース／最新活動時期（年前）": "-", "最大ケース／30年発生確率": "0.0000000000", "最大ケース／50年発生確率": "0.0000000000" }, "geometry": { "type": "Polygon", "coordinates": [ [ [ 130.6329345703125, 32.745702539455181 ], [ 130.352783203125, 32.58384932565663 ], [ 130.3033447265625, 32.644000448276756 ], [ 130.5889892578125, 32.805744732906874 ], [ 130.6329345703125, 32.745702539455181 ] ] ] } },
{ "type": "Feature", "properties": { "断層面ID": "F01300F_00001", "断層コード": "F01300F", "name": "布田川断層帯・日奈久断層帯（布田川区間と高野-白旗区間と日奈久区間が同時に活動）", "基準位置経度": "131.027", "基準位置緯度": "32.888", "上端深さ(km)": "3.0", "断層長さ(km)": "24.0", "断層幅(km)": "14.0", "走向角(度)": "233.2", "傾斜角(度)": "90.0", "平均ケース／平均活動間隔（年）": "-", "平均ケース／最新活動時期（年前）": "-", "平均ケース／30年発生確率": "0.0000000000", "平均ケース／50年発生確率": "0.0000000000", "確率過程": "同時活動モデル", "マグニチュード": "Mw7.3", "ばらつき": "-", "最大ケース／平均活動間隔（年）": "-999.0", "最大ケース／最新活動時期（年前）": "-", "最大ケース／30年発生確率": "0.0000000000", "最大ケース／50年発生確率": "0.0000000000" }, "geometry": { "type": "Polygon", "coordinates": [ [ [ 131.02294921875, 32.884200285405484 ], [ 130.8197021484375, 32.754942436547239 ], [ 131.02294921875, 32.884200285405484 ] ] ] } },
{ "type": "Feature", "properties": { "断層面ID": "F01300F_00002", "断層コード": "F01300F", "name": "布田川断層帯・日奈久断層帯（布田川区間と高野-白旗区間と日奈久区間が同時に活動）", "基準位置経度": "130.819", "基準位置緯度": "32.763", "上端深さ(km)": "3.0", "断層長さ(km)": "20.0", "断層幅(km)": "14.0", "走向角(度)": "202.9", "傾斜角(度)": "90.0", "平均ケース／平均活動間隔（年）": "-", "平均ケース／最新活動時期（年前）": "-", "平均ケース／30年発生確率": "0.0000000000", "平均ケース／50年発生確率": "0.0000000000", "確率過程": "同時活動モデル", "マグニチュード": "Mw7.3", "ばらつき": "-", "最大ケース／平均活動間隔（年）": "-999.0", "最大ケース／最新活動時期（年前）": "-", "最大ケース／30年発生確率": "0.0000000000", "最大ケース／50年発生確率": "0.0000000000" }, "geometry": { "type": "Polygon", "coordinates": [ [ [ 130.814208984375, 32.759562025650126 ], [ 130.7318115234375, 32.59310597426537 ], [ 130.814208984375, 32.759562025650126 ] ] ] } },
{ "type": "Feature", "properties": { "断層面ID": "F01300F_00003", "断層コード": "F01300F", "name": "布田川断層帯・日奈久断層帯（布田川区間と高野-白旗区間と日奈久区間が同時に活動）", "基準位置経度": "130.751", "基準位置緯度": "32.653", "上端深さ(km)": "3.0", "断層長さ(km)": "44.0", "断層幅(km)": "16.0", "走向角(度)": "218.6", "傾斜角(度)": "60.0", "平均ケース／平均活動間隔（年）": "-", "平均ケース／最新活動時期（年前）": "-", "平均ケース／30年発生確率": "0.0000000000", "平均ケース／50年発生確率": "0.0000000000", "確率過程": "同時活動モデル", "マグニチュード": "Mw7.3", "ばらつき": "-", "最大ケース／平均活動間隔（年）": "-999.0", "最大ケース／最新活動時期（年前）": "-", "最大ケース／30年発生確率": "0.0000000000", "最大ケース／50年発生確率": "0.0000000000" }, "geometry": { "type": "Polygon", "coordinates": [ [ [ 130.748291015625, 32.648625783736719 ], [ 130.4571533203125, 32.342841356393023 ], [ 130.3912353515625, 32.384600406209927 ], [ 130.682373046875, 32.694865977875054 ], [ 130.748291015625, 32.648625783736719 ] ] ] } },
{ "type": "Feature", "properties": { "断層面ID": "F01310A_00001", "断層コード": "F01310A", "name": "日奈久断層帯 (全体が同時に活動)", "基準位置経度": "130.819", "基準位置緯度": "32.763", "上端深さ(km)": "3.0", "断層長さ(km)": "20.0", "断層幅(km)": "14.0", "走向角(度)": "202.9", "傾斜角(度)": "90.0", "平均ケース／平均活動間隔（年）": "-", "平均ケース／最新活動時期（年前）": "-", "平均ケース／30年発生確率": "0.0000000000", "平均ケース／50年発生確率": "0.0000000000", "確率過程": "同時活動モデル", "マグニチュード": "Mw7.3", "ばらつき": "-", "最大ケース／平均活動間隔（年）": "-999.0", "最大ケース／最新活動時期（年前）": "-", "最大ケース／30年発生確率": "0.0000232000", "最大ケース／50年発生確率": "0.0000422000" }, "geometry": { "type": "Polygon", "coordinates": [ [ [ 130.814208984375, 32.759562025650126 ], [ 130.7318115234375, 32.59310597426537 ], [ 130.814208984375, 32.759562025650126 ] ] ] } },
{ "type": "Feature", "properties": { "断層面ID": "F01310A_00002", "断層コード": "F01310A", "name": "日奈久断層帯 (全体が同時に活動)", "基準位置経度": "130.751", "基準位置緯度": "32.653", "上端深さ(km)": "3.0", "断層長さ(km)": "44.0", "断層幅(km)": "16.0", "走向角(度)": "218.6", "傾斜角(度)": "60.0", "平均ケース／平均活動間隔（年）": "-", "平均ケース／最新活動時期（年前）": "-", "平均ケース／30年発生確率": "0.0000000000", "平均ケース／50年発生確率": "0.0000000000", "確率過程": "同時活動モデル", "マグニチュード": "Mw7.3", "ばらつき": "-", "最大ケース／平均活動間隔（年）": "-999.0", "最大ケース／最新活動時期（年前）": "-", "最大ケース／30年発生確率": "0.0000232000", "最大ケース／50年発生確率": "0.0000422000" }, "geometry": { "type": "Polygon", "coordinates": [ [ [ 130.748291015625, 32.648625783736719 ], [ 130.4571533203125, 32.342841356393023 ], [ 130.3912353515625, 32.384600406209927 ], [ 130.682373046875, 32.694865977875054 ], [ 130.748291015625, 32.648625783736719 ] ] ] } },
{ "type": "Feature", "properties": { "断層面ID": "F01310A_00003", "断層コード": "F01310A", "name": "日奈久断層帯 (全体が同時に活動)", "基準位置経度": "130.469", "基準位置緯度": "32.363", "上端深さ(km)": "3.0", "断層長さ(km)": "34.0", "断層幅(km)": "14.0", "走向角(度)": "227.3", "傾斜角(度)": "90.0", "平均ケース／平均活動間隔（年）": "-", "平均ケース／最新活動時期（年前）": "-", "平均ケース／30年発生確率": "0.0000000000", "平均ケース／50年発生確率": "0.0000000000", "確率過程": "同時活動モデル", "マグニチュード": "Mw7.3", "ばらつき": "-", "最大ケース／平均活動間隔（年）": "-999.0", "最大ケース／最新活動時期（年前）": "-", "最大ケース／30年発生確率": "0.0000232000", "最大ケース／50年発生確率": "0.0000422000" }, "geometry": { "type": "Polygon", "coordinates": [ [ [ 130.4681396484375, 32.361403315275439 ], [ 130.198974609375, 32.152361894655769 ], [ 130.4681396484375, 32.361403315275439 ] ] ] } },
{ "type": "Feature", "properties": { "断層面ID": "F01300B_00001", "断層コード": "F01300B", "name": "布田川断層帯・日奈久断層帯 (布田川区間と日奈久断層帯全体が同時に活動)", "基準位置経度": "131.027", "基準位置緯度": "32.888", "上端深さ(km)": "3.0", "断層長さ(km)": "24.0", "断層幅(km)": "14.0", "走向角(度)": "233.2", "傾斜角(度)": "90.0", "平均ケース／平均活動間隔（年）": "-", "平均ケース／最新活動時期（年前）": "-", "平均ケース／30年発生確率": "0.0000000000", "平均ケース／50年発生確率": "0.0000000000", "確率過程": "同時活動モデル", "マグニチュード": "Mw7.4", "ばらつき": "-", "最大ケース／平均活動間隔（年）": "-999.0", "最大ケース／最新活動時期（年前）": "-", "最大ケース／30年発生確率": "0.0000000000", "最大ケース／50年発生確率": "0.0000000000" }, "geometry": { "type": "Polygon", "coordinates": [ [ [ 131.02294921875, 32.884200285405484 ], [ 130.8197021484375, 32.754942436547239 ], [ 131.02294921875, 32.884200285405484 ] ] ] } },
{ "type": "Feature", "properties": { "断層面ID": "F01300B_00002", "断層コード": "F01300B", "name": "布田川断層帯・日奈久断層帯 (布田川区間と日奈久断層帯全体が同時に活動)", "基準位置経度": "130.819", "基準位置緯度": "32.763", "上端深さ(km)": "3.0", "断層長さ(km)": "20.0", "断層幅(km)": "14.0", "走向角(度)": "202.9", "傾斜角(度)": "90.0", "平均ケース／平均活動間隔（年）": "-", "平均ケース／最新活動時期（年前）": "-", "平均ケース／30年発生確率": "0.0000000000", "平均ケース／50年発生確率": "0.0000000000", "確率過程": "同時活動モデル", "マグニチュード": "Mw7.4", "ばらつき": "-", "最大ケース／平均活動間隔（年）": "-999.0", "最大ケース／最新活動時期（年前）": "-", "最大ケース／30年発生確率": "0.0000000000", "最大ケース／50年発生確率": "0.0000000000" }, "geometry": { "type": "Polygon", "coordinates": [ [ [ 130.814208984375, 32.759562025650126 ], [ 130.7318115234375, 32.59310597426537 ], [ 130.814208984375, 32.759562025650126 ] ] ] } },
{ "type": "Feature", "properties": { "断層面ID": "F01300B_00003", "断層コード": "F01300B", "name": "布田川断層帯・日奈久断層帯 (布田川区間と日奈久断層帯全体が同時に活動)", "基準位置経度": "130.751", "基準位置緯度": "32.653", "上端深さ(km)": "3.0", "断層長さ(km)": "44.0", "断層幅(km)": "16.0", "走向角(度)": "218.6", "傾斜角(度)": "60.0", "平均ケース／平均活動間隔（年）": "-", "平均ケース／最新活動時期（年前）": "-", "平均ケース／30年発生確率": "0.0000000000", "平均ケース／50年発生確率": "0.0000000000", "確率過程": "同時活動モデル", "マグニチュード": "Mw7.4", "ばらつき": "-", "最大ケース／平均活動間隔（年）": "-999.0", "最大ケース／最新活動時期（年前）": "-", "最大ケース／30年発生確率": "0.0000000000", "最大ケース／50年発生確率": "0.0000000000" }, "geometry": { "type": "Polygon", "coordinates": [ [ [ 130.748291015625, 32.648625783736719 ], [ 130.4571533203125, 32.342841356393023 ], [ 130.3912353515625, 32.384600406209927 ], [ 130.682373046875, 32.694865977875054 ], [ 130.748291015625, 32.648625783736719 ] ] ] } },
{ "type": "Feature", "properties": { "断層面ID": "F01300B_00004", "断層コード": "F01300B", "name": "布田川断層帯・日奈久断層帯 (布田川区間と日奈久断層帯全体が同時に活動)", "基準位置経度": "130.469", "基準位置緯度": "32.363", "上端深さ(km)": "3.0", "断層長さ(km)": "34.0", "断層幅(km)": "14.0", "走向角(度)": "227.3", "傾斜角(度)": "90.0", "平均ケース／平均活動間隔（年）": "-", "平均ケース／最新活動時期（年前）": "-", "平均ケース／30年発生確率": "0.0000000000", "平均ケース／50年発生確率": "0.0000000000", "確率過程": "同時活動モデル", "マグニチュード": "Mw7.4", "ばらつき": "-", "最大ケース／平均活動間隔（年）": "-999.0", "最大ケース／最新活動時期（年前）": "-", "最大ケース／30年発生確率": "0.0000000000", "最大ケース／50年発生確率": "0.0000000000" }, "geometry": { "type": "Polygon", "coordinates": [ [ [ 130.4681396484375, 32.361403315275439 ], [ 130.198974609375, 32.152361894655769 ], [ 130.4681396484375, 32.361403315275439 ] ] ] } },
{ "type": "Feature", "properties": { "断層面ID": "F013201_00001", "断層コード": "F013201", "name": "緑川断層帯", "基準位置経度": "131.163", "基準位置緯度": "32.691", "上端深さ(km)": "2.0", "断層長さ(km)": "38.0", "断層幅(km)": "12.0", "走向角(度)": "250.8", "傾斜角(度)": "80.0", "平均ケース／平均活動間隔（年）": "51000.0", "平均ケース／最新活動時期（年前）": "-", "平均ケース／30年発生確率": "0.0005880000", "平均ケース／50年発生確率": "0.0009800000", "確率過程": "ポアソン", "マグニチュード": "Mw6.9", "ばらつき": "-", "最大ケース／平均活動間隔（年）": "34000.0", "最大ケース／最新活動時期（年前）": "-", "最大ケース／30年発生確率": "0.0008820000", "最大ケース／50年発生確率": "0.0014700000" }, "geometry": { "type": "Polygon", "coordinates": [ [ [ 131.1602783203125, 32.690243035492259 ], [ 130.7757568359375, 32.574591721134183 ], [ 130.770263671875, 32.59310597426537 ], [ 131.15478515625, 32.708733368521592 ], [ 131.1602783203125, 32.690243035492259 ] ] ] } },
{ "type": "Feature", "properties": { "断層面ID": "F013301_00001", "断層コード": "F013301", "name": "人吉盆地南縁断層", "基準位置経度": "131.003", "基準位置緯度": "32.280", "上端深さ(km)": "2.0", "断層長さ(km)": "24.0", "断層幅(km)": "18.0", "走向角(度)": "238.0", "傾斜角(度)": "60.0", "平均ケース／平均活動間隔（年）": "8000.0", "平均ケース／最新活動時期（年前）": "5250.0", "平均ケース／30年発生確率": "0.0026300000", "平均ケース／50年発生確率": "0.0044300000", "確率過程": "BPT", "マグニチュード": "Mw6.6", "ばらつき": "0.24", "最大ケース／平均活動間隔（年）": "8000.0", "最大ケース／最新活動時期（年前）": "7300.0", "最大ケース／30年発生確率": "0.0110000000", "最大ケース／50年発生確率": "0.0183000000" }, "geometry": { "type": "Polygon", "coordinates": [ [ [ 131.0009765625, 32.277844514982718 ], [ 130.7867431640625, 32.161662840180128 ], [ 130.7318115234375, 32.231389662737598 ], [ 130.9515380859375, 32.347482203218675 ], [ 131.0009765625, 32.277844514982718 ] ] ] } },
{ "type": "Feature", "properties": { "断層面ID": "F013401_00001", "断層コード": "F013401", "name": "出水断層帯", "基準位置経度": "130.420", "基準位置緯度": "32.159", "上端深さ(km)": "3.0", "断層長さ(km)": "22.0", "断層幅(km)": "18.0", "走向角(度)": "227.6", "傾斜角(度)": "45.0", "平均ケース／平均活動間隔（年）": "8000.0", "平均ケース／最新活動時期（年前）": "4850.0", "平均ケース／30年発生確率": "0.0015000000", "平均ケース／50年発生確率": "0.0025400000", "確率過程": "BPT", "マグニチュード": "Mw6.5", "ばらつき": "0.24", "最大ケース／平均活動間隔（年）": "8000.0", "最大ケース／最新活動時期（年前）": "7300.0", "最大ケース／30年発生確率": "0.0110000000", "最大ケース／50年発生確率": "0.0183000000" }, "geometry": { "type": "Polygon", "coordinates": [ [ [ 130.418701171875, 32.157012486070101 ], [ 130.242919921875, 32.022049064952043 ], [ 130.155029296875, 32.105842932857684 ], [ 130.3253173828125, 32.240682534573693 ], [ 130.418701171875, 32.157012486070101 ] ] ] } },
{ "type": "Feature", "properties": { "断層面ID": "F013501_00001", "断層コード": "F013501", "name": "甑断層帯上甑島北東沖区間", "基準位置経度": "130.045", "基準位置緯度": "32.080", "上端深さ(km)": "2.0", "断層長さ(km)": "22.0", "断層幅(km)": "12.0", "走向角(度)": "211.3", "傾斜角(度)": "75.0", "平均ケース／平均活動間隔（年）": "20000.0", "平均ケース／最新活動時期（年前）": "-", "平均ケース／30年発生確率": "0.0015000000", "平均ケース／50年発生確率": "0.0025000000", "確率過程": "ポアソン", "マグニチュード": "Mw6.5", "ばらつき": "-", "最大ケース／平均活動間隔（年）": "20000.0", "最大ケース／最新活動時期（年前）": "-", "最大ケース／30年発生確率": "0.0015000000", "最大ケース／50年発生確率": "0.0025000000" }, "geometry": { "type": "Polygon", "coordinates": [ [ [ 130.0396728515625, 32.077920173788286 ], [ 129.9188232421875, 31.910204597744382 ], [ 129.891357421875, 31.924192605327704 ], [ 130.01220703125, 32.091882620021806 ], [ 130.0396728515625, 32.077920173788286 ] ] ] } },
{ "type": "Feature", "properties": { "断層面ID": "F013502_00001", "断層コード": "F013502", "name": "甑断層帯甑区間", "基準位置経度": "129.994", "基準位置緯度": "31.793", "上端深さ(km)": "2.0", "断層長さ(km)": "12.0", "断層幅(km)": "12.0", "走向角(度)": "96.1", "傾斜角(度)": "60.0", "平均ケース／平均活動間隔（年）": "6700.0", "平均ケース／最新活動時期（年前）": "-", "平均ケース／30年発生確率": "0.0044700000", "平均ケース／50年発生確率": "0.0074300000", "確率過程": "ポアソン", "マグニチュード": "Mw6.9", "ばらつき": "-", "最大ケース／平均活動間隔（年）": "2400.0", "最大ケース／最新活動時期（年前）": "-", "最大ケース／30年発生確率": "0.0124000000", "最大ケース／50年発生確率": "0.0206000000" }, "geometry": { "type": "Polygon", "coordinates": [ [ [ 129.990234375, 31.788886163788447 ], [ 130.1165771484375, 31.77954736938733 ], [ 130.111083984375, 31.723494802828597 ], [ 129.9847412109375, 31.737511125687831 ], [ 129.990234375, 31.788886163788447 ] ] ] } },
{ "type": "Feature", "properties": { "断層面ID": "F013502_00002", "断層コード": "F013502", "name": "甑断層帯甑区間", "基準位置経度": "129.994", "基準位置緯度": "31.793", "上端深さ(km)": "2.0", "断層長さ(km)": "30.0", "断層幅(km)": "18.0", "走向角(度)": "230.6", "傾斜角(度)": "130.0", "平均ケース／平均活動間隔（年）": "6700.0", "平均ケース／最新活動時期（年前）": "-", "平均ケース／30年発生確率": "0.0044700000", "平均ケース／50年発生確率": "0.0074300000", "確率過程": "ポアソン", "マグニチュード": "Mw6.9", "ばらつき": "-", "最大ケース／平均活動間隔（年）": "2400.0", "最大ケース／最新活動時期（年前）": "-", "最大ケース／30年発生確率": "0.0124000000", "最大ケース／50年発生確率": "0.0206000000" }, "geometry": { "type": "Polygon", "coordinates": [ [ [ 129.990234375, 31.788886163788447 ], [ 130.067138671875, 31.709476360019352 ], [ 129.825439453125, 31.536408129439607 ], [ 129.74853515625, 31.620643692450557 ], [ 129.990234375, 31.788886163788447 ] ] ] } },
{ "type": "Feature", "properties": { "断層面ID": "F013601_00001", "断層コード": "F013601", "name": "市来断層帯市来区間", "基準位置経度": "130.112", "基準位置緯度": "31.726", "上端深さ(km)": "2.0", "断層長さ(km)": "30.0", "断層幅(km)": "14.0", "走向角(度)": "90.4", "傾斜角(度)": "60.0", "平均ケース／平均活動間隔（年）": "64000.0", "平均ケース／最新活動時期（年前）": "-", "平均ケース／30年発生確率": "0.0004690000", "平均ケース／50年発生確率": "0.0007810000", "確率過程": "ポアソン", "マグニチュード": "Mw6.7", "ばらつき": "-", "最大ケース／平均活動間隔（年）": "64000.0", "最大ケース／最新活動時期（年前）": "-", "最大ケース／30年発生確率": "0.0004690000", "最大ケース／50年発生確率": "0.0007810000" }, "geometry": { "type": "Polygon", "coordinates": [ [ [ 130.111083984375, 31.723494802828597 ], [ 130.4241943359375, 31.723494802828597 ], [ 130.4241943359375, 31.658057274089913 ], [ 130.111083984375, 31.662732913235317 ], [ 130.111083984375, 31.723494802828597 ] ] ] } },
{ "type": "Feature", "properties": { "断層面ID": "F013602_00001", "断層コード": "F013602", "name": "市来断層帯甑海峡中央区間", "基準位置経度": "129.922", "基準位置緯度": "31.451", "上端深さ(km)": "2.0", "断層長さ(km)": "42.0", "断層幅(km)": "12.0", "走向角(度)": "31.5", "傾斜角(度)": "75.0", "平均ケース／平均活動間隔（年）": "85000.0", "平均ケース／最新活動時期（年前）": "-", "平均ケース／30年発生確率": "0.0003530000", "平均ケース／50年発生確率": "0.0005880000", "確率過程": "ポアソン", "マグニチュード": "Mw6.9", "ばらつき": "-", "最大ケース／平均活動間隔（年）": "85000.0", "最大ケース／最新活動時期（年前）": "-", "最大ケース／30年発生確率": "0.0003530000", "最大ケース／50年発生確率": "0.0005880000" }, "geometry": { "type": "Polygon", "coordinates": [ [ [ 129.9188232421875, 31.447410291428724 ], [ 130.1495361328125, 31.770207631866711 ], [ 130.177001953125, 31.756196257571347 ], [ 129.9462890625, 31.433350262414407 ], [ 129.9188232421875, 31.447410291428724 ] ] ] } },
{ "type": "Feature", "properties": { "断層面ID": "F013603_00001", "断層コード": "F013603", "name": "市来断層帯吹上浜西方沖区間", "基準位置経度": "130.310", "基準位置緯度": "31.646", "上端深さ(km)": "2.0", "断層長さ(km)": "24.0", "断層幅(km)": "12.0", "走向角(度)": "223.0", "傾斜角(度)": "75.0", "平均ケース／平均活動間隔（年）": "43000.0", "平均ケース／最新活動時期（年前）": "-", "平均ケース／30年発生確率": "0.0006970000", "平均ケース／50年発生確率": "0.0011600000", "確率過程": "ポアソン", "マグニチュード": "Mw6.5", "ばらつき": "-", "最大ケース／平均活動間隔（年）": "43000.0", "最大ケース／最新活動時期（年前）": "-", "最大ケース／30年発生確率": "0.0006970000", "最大ケース／50年発生確率": "0.0011600000" }, "geometry": { "type": "Polygon", "coordinates": [ [ [ 130.308837890625, 31.644028945047822 ], [ 130.133056640625, 31.484893386890164 ], [ 130.111083984375, 31.503629305773032 ], [ 130.2813720703125, 31.662732913235317 ], [ 130.308837890625, 31.644028945047822 ] ] ] } },
{ "type": "Feature", "properties": { "断層面ID": "F013701_00001", "断層コード": "F013701", "name": "日出生断層帯", "基準位置経度": "131.133", "基準位置緯度": "33.310", "上端深さ(km)": "3.0", "断層長さ(km)": "46.0", "断層幅(km)": "14.0", "走向角(度)": "84.5", "傾斜角(度)": "70.0", "平均ケース／平均活動間隔（年）": "23500.0", "平均ケース／最新活動時期（年前）": "4361.0", "平均ケース／30年発生確率": "0.0000000000", "平均ケース／50年発生確率": "0.0000000000", "確率過程": "BPT", "マグニチュード": "Mw6.9", "ばらつき": "0.24", "最大ケース／平均活動間隔（年）": "20000.0", "最大ケース／最新活動時期（年前）": "7300.0", "最大ケース／30年発生確率": "0.0000000000", "最大ケース／50年発生確率": "0.0000000000" }, "geometry": { "type": "Polygon", "coordinates": [ [ [ 131.1328125, 33.307577130152978 ], [ 131.6217041015625, 33.348884792201716 ], [ 131.627197265625, 33.302986181224128 ], [ 131.1328125, 33.266249890762751 ], [ 131.1328125, 33.307577130152978 ] ] ] } },
{ "type": "Feature", "properties": { "断層面ID": "F013801_00001", "断層コード": "F013801", "name": "万年山−崩平山断層帯", "基準位置経度": "130.964", "基準位置緯度": "33.235", "上端深さ(km)": "3.0", "断層長さ(km)": "36.0", "断層幅(km)": "14.0", "走向角(度)": "101.5", "傾斜角(度)": "70.0", "平均ケース／平均活動間隔（年）": "2900.0", "平均ケース／最新活動時期（年前）": "411.0", "平均ケース／30年発生確率": "0.0000000000", "平均ケース／50年発生確率": "0.0000000000", "確率過程": "BPT", "マグニチュード": "Mw6.8", "ばらつき": "0.24", "最大ケース／平均活動間隔（年）": "2100.0", "最大ケース／最新活動時期（年前）": "822.0", "最大ケース／30年発生確率": "0.0000362000", "最大ケース／50年発生確率": "0.0000751000" }, "geometry": { "type": "Polygon", "coordinates": [ [ [ 130.9625244140625, 33.234092955225194 ], [ 131.341552734375, 33.169743600216165 ], [ 131.33056640625, 33.123750829710218 ], [ 130.9515380859375, 33.188133956050407 ], [ 130.9625244140625, 33.234092955225194 ] ] ] } },
{ "type": "Feature", "properties": { "断層面ID": "F017001_00001", "断層コード": "F017001", "name": "宍道（鹿島）断層（ケース1）", "基準位置経度": "133.233", "基準位置緯度": "35.552", "上端深さ(km)": "2.0", "断層長さ(km)": "26.0", "断層幅(km)": "14.0", "走向角(度)": "261.8", "傾斜角(度)": "70.0", "平均ケース／平均活動間隔（年）": "4100.0", "平均ケース／最新活動時期（年前）": "972.0", "平均ケース／30年発生確率": "0.0000000000", "平均ケース／50年発生確率": "0.0000000000", "確率過程": "BPT", "マグニチュード": "Mw6.6", "ばらつき": "0.24", "最大ケース／平均活動間隔（年）": "3300.0", "最大ケース／最新活動時期（年前）": "1322.0", "最大ケース／30年発生確率": "0.0000300000", "最大ケース／50年発生確率": "0.0000570000" }, "geometry": { "type": "Polygon", "coordinates": [ [ [ 133.231201171875, 35.550105335885519 ], [ 132.945556640625, 35.514343134318182 ], [ 132.9400634765625, 35.559043395258968 ], [ 133.22021484375, 35.59031875398378 ], [ 133.231201171875, 35.550105335885519 ] ] ] } },
{ "type": "Feature", "properties": { "断層面ID": "F017101_00001", "断層コード": "F017101", "name": "宍道（鹿島）断層（ケース2）", "基準位置経度": "133.233", "基準位置緯度": "35.552", "上端深さ(km)": "2.0", "断層長さ(km)": "26.0", "断層幅(km)": "14.0", "走向角(度)": "261.8", "傾斜角(度)": "70.0", "平均ケース／平均活動間隔（年）": "4100.0", "平均ケース／最新活動時期（年前）": "4800.0", "平均ケース／30年発生確率": "0.0351000000", "平均ケース／50年発生確率": "0.0580000000", "確率過程": "BPT", "マグニチュード": "Mw6.6", "ばらつき": "0.24", "最大ケース／平均活動間隔（年）": "3300.0", "最大ケース／最新活動時期（年前）": "5900.0", "最大ケース／30年発生確率": "0.0625000000", "最大ケース／50年発生確率": "0.1020000000" }, "geometry": { "type": "Polygon", "coordinates": [ [ [ 133.231201171875, 35.550105335885519 ], [ 132.945556640625, 35.514343134318182 ], [ 132.9400634765625, 35.559043395258968 ], [ 133.22021484375, 35.59031875398378 ], [ 133.231201171875, 35.550105335885519 ] ] ] } },
{ "type": "Feature", "properties": { "断層面ID": "F017201_00001", "断層コード": "F017201", "name": "雨滝−釜戸断層", "基準位置経度": "134.415", "基準位置緯度": "35.427", "上端深さ(km)": "2.0", "断層長さ(km)": "19.0", "断層幅(km)": "15.0", "走向角(度)": "315.0", "傾斜角(度)": "70.0", "平均ケース／平均活動間隔（年）": "20000.0", "平均ケース／最新活動時期（年前）": "5650.0", "平均ケース／30年発生確率": "0.0000000000", "平均ケース／50年発生確率": "0.0000000000", "確率過程": "BPT", "マグニチュード": "Mw6.4", "ばらつき": "0.24", "最大ケース／平均活動間隔（年）": "20000.0", "最大ケース／最新活動時期（年前）": "7600.0", "最大ケース／30年発生確率": "0.0000000000", "最大ケース／50年発生確率": "0.0000000000" }, "geometry": { "type": "Polygon", "coordinates": [ [ [ 134.4122314453125, 35.424867919305584 ], [ 134.263916015625, 35.545635932499422 ], [ 134.3023681640625, 35.576916524038609 ], [ 134.45068359375, 35.456195568343745 ], [ 134.4122314453125, 35.424867919305584 ] ] ] } },
{ "type": "Feature", "properties": { "断層面ID": "F017301_00001", "断層コード": "F017301", "name": "鹿野−吉岡断層", "基準位置経度": "134.318", "基準位置緯度": "35.517", "上端深さ(km)": "2.0", "断層長さ(km)": "30.0", "断層幅(km)": "14.0", "走向角(度)": "251.6", "傾斜角(度)": "90.0", "平均ケース／平均活動間隔（年）": "6900.0", "平均ケース／最新活動時期（年前）": "79.0", "平均ケース／30年発生確率": "0.0000000000", "平均ケース／50年発生確率": "0.0000000000", "確率過程": "BPT", "マグニチュード": "Mw6.7", "ばらつき": "0.24", "最大ケース／平均活動間隔（年）": "4600.0", "最大ケース／最新活動時期（年前）": "79.0", "最大ケース／30年発生確率": "0.0000000000", "最大ケース／50年発生確率": "0.0000000000" }, "geometry": { "type": "Polygon", "coordinates": [ [ [ 134.3133544921875, 35.514343134318182 ], [ 134.000244140625, 35.429344044107154 ], [ 134.3133544921875, 35.514343134318182 ] ] ] } },
{ "type": "Feature", "properties": { "断層面ID": "F017401_00001", "断層コード": "F017401", "name": "日南湖断層", "基準位置経度": "133.276", "基準位置緯度": "35.277", "上端深さ(km)": "2.0", "断層長さ(km)": "19.0", "断層幅(km)": "15.0", "走向角(度)": "146.5", "傾斜角(度)": "90.0", "平均ケース／平均活動間隔（年）": "20000.0", "平均ケース／最新活動時期（年前）": "59000.0", "平均ケース／30年発生確率": "0.0123000000", "平均ケース／50年発生確率": "0.0204000000", "確率過程": "BPT", "マグニチュード": "Mw6.4", "ばらつき": "0.24", "最大ケース／平均活動間隔（年）": "20000.0", "最大ケース／最新活動時期（年前）": "90000.0", "最大ケース／30年発生確率": "0.0128000000", "最大ケース／50年発生確率": "0.0213000000" }, "geometry": { "type": "Polygon", "coordinates": [ [ [ 133.275146484375, 35.272531756602362 ], [ 133.3905029296875, 35.133386854253075 ], [ 133.275146484375, 35.272531756602362 ] ] ] } },
{ "type": "Feature", "properties": { "断層面ID": "F017501_00001", "断層コード": "F017501", "name": "岩坪断層", "基準位置経度": "133.992", "基準位置緯度": "35.403", "上端深さ(km)": "2.0", "断層長さ(km)": "19.0", "断層幅(km)": "15.0", "走向角(度)": "87.8", "傾斜角(度)": "90.0", "平均ケース／平均活動間隔（年）": "20000.0", "平均ケース／最新活動時期（年前）": "-", "平均ケース／30年発生確率": "0.0015000000", "平均ケース／50年発生確率": "0.0025000000", "確率過程": "ポアソン", "マグニチュード": "Mw6.4", "ばらつき": "-", "最大ケース／平均活動間隔（年）": "20000.0", "最大ケース／最新活動時期（年前）": "-", "最大ケース／30年発生確率": "0.0015000000", "最大ケース／50年発生確率": "0.0025000000" }, "geometry": { "type": "Polygon", "coordinates": [ [ [ 133.9892578125, 35.40248356426936 ], [ 134.197998046875, 35.406960932702006 ], [ 133.9892578125, 35.40248356426936 ] ] ] } },
{ "type": "Feature", "properties": { "断層面ID": "F017601_00001", "断層コード": "F017601", "name": "山崎断層帯（那岐山断層帯）", "基準位置経度": "134.239", "基準位置緯度": "35.171", "上端深さ(km)": "2.0", "断層長さ(km)": "34.0", "断層幅(km)": "18.0", "走向角(度)": "262.7", "傾斜角(度)": "45.0", "平均ケース／平均活動間隔（年）": "38500.0", "平均ケース／最新活動時期（年前）": "-", "平均ケース／30年発生確率": "0.0007790000", "平均ケース／50年発生確率": "0.0013000000", "確率過程": "ポアソン", "マグニチュード": "Mw6.8", "ばらつき": "-", "最大ケース／平均活動間隔（年）": "24000.0", "最大ケース／最新活動時期（年前）": "-", "最大ケース／30年発生確率": "0.0012500000", "最大ケース／50年発生確率": "0.0020800000" }, "geometry": { "type": "Polygon", "coordinates": [ [ [ 134.2364501953125, 35.169318036011305 ], [ 133.868408203125, 35.128894341010508 ], [ 133.846435546875, 35.245619094206802 ], [ 134.219970703125, 35.281500657891186 ], [ 134.2364501953125, 35.169318036011305 ] ] ] } },
{ "type": "Feature", "properties": { "断層面ID": "F017701_00001", "断層コード": "F017701", "name": "山崎断層帯（主部北西部区間）", "基準位置経度": "134.748", "基準位置緯度": "34.880", "上端深さ(km)": "2.0", "断層長さ(km)": "54.0", "断層幅(km)": "18.0", "走向角(度)": "303.7", "傾斜角(度)": "90.0", "平均ケース／平均活動間隔（年）": "2050.0", "平均ケース／最新活動時期（年前）": "1154.0", "平均ケース／30年発生確率": "0.0034300000", "平均ケース／50年発生確率": "0.0061600000", "確率過程": "BPT過程（同時活動モデル）", "マグニチュード": "Mw7.1", "ばらつき": "0.24", "最大ケース／平均活動間隔（年）": "1800.0", "最大ケース／最新活動時期（年前）": "1154.0", "最大ケース／30年発生確率": "0.0106000000", "最大ケース／50年発生確率": "0.0187000000" }, "geometry": { "type": "Polygon", "coordinates": [ [ [ 134.747314453125, 34.876918445772091 ], [ 134.2529296875, 35.146862906756297 ], [ 134.747314453125, 34.876918445772091 ] ] ] } },
{ "type": "Feature", "properties": { "断層面ID": "F017702_00001", "断層コード": "F017702", "name": "山崎断層帯（主部南東部区間）", "基準位置経度": "135.020", "基準位置緯度": "34.780", "上端深さ(km)": "2.0", "断層長さ(km)": "32.0", "断層幅(km)": "18.0", "走向角(度)": "309.9", "傾斜角(度)": "90.0", "平均ケース／平均活動間隔（年）": "3900.0", "平均ケース／最新活動時期（年前）": "1572.0", "平均ケース／30年発生確率": "0.0000204000", "平均ケース／50年発生確率": "0.0000379000", "確率過程": "BPT過程（同時活動モデル）", "マグニチュード": "Mw6.8", "ばらつき": "0.24", "最大ケース／平均活動間隔（年）": "3900.0", "最大ケース／最新活動時期（年前）": "1722.0", "最大ケース／30年発生確率": "0.0000806000", "最大ケース／50年発生確率": "0.0001460000" }, "geometry": { "type": "Polygon", "coordinates": [ [ [ 135.0164794921875, 34.777715803604693 ], [ 134.747314453125, 34.962497232449152 ], [ 135.0164794921875, 34.777715803604693 ] ] ] } },
{ "type": "Feature", "properties": { "断層面ID": "F01770A_00001", "断層コード": "F01770A", "name": "山崎断層帯（主部北西部区間と主部南東部区間が同時に活動）", "基準位置経度": "134.748", "基準位置緯度": "34.880", "上端深さ(km)": "2.0", "断層長さ(km)": "54.0", "断層幅(km)": "18.0", "走向角(度)": "303.7", "傾斜角(度)": "90.0", "平均ケース／平均活動間隔（年）": "-", "平均ケース／最新活動時期（年前）": "-", "平均ケース／30年発生確率": "0.0000000000", "平均ケース／50年発生確率": "0.0000126000", "確率過程": "同時活動モデル", "マグニチュード": "Mw7.3", "ばらつき": "-", "最大ケース／平均活動間隔（年）": "-999.0", "最大ケース／最新活動時期（年前）": "-", "最大ケース／30年発生確率": "0.0000269000", "最大ケース／50年発生確率": "0.0000487000" }, "geometry": { "type": "Polygon", "coordinates": [ [ [ 134.747314453125, 34.876918445772091 ], [ 134.2529296875, 35.146862906756297 ], [ 134.747314453125, 34.876918445772091 ] ] ] } },
{ "type": "Feature", "properties": { "断層面ID": "F01770A_00002", "断層コード": "F01770A", "name": "山崎断層帯（主部北西部区間と主部南東部区間が同時に活動）", "基準位置経度": "135.020", "基準位置緯度": "34.780", "上端深さ(km)": "2.0", "断層長さ(km)": "32.0", "断層幅(km)": "18.0", "走向角(度)": "309.9", "傾斜角(度)": "90.0", "平均ケース／平均活動間隔（年）": "-", "平均ケース／最新活動時期（年前）": "-", "平均ケース／30年発生確率": "0.0000000000", "平均ケース／50年発生確率": "0.0000126000", "確率過程": "同時活動モデル", "マグニチュード": "Mw7.3", "ばらつき": "-", "最大ケース／平均活動間隔（年）": "-999.0", "最大ケース／最新活動時期（年前）": "-", "最大ケース／30年発生確率": "0.0000269000", "最大ケース／50年発生確率": "0.0000487000" }, "geometry": { "type": "Polygon", "coordinates": [ [ [ 135.0164794921875, 34.777715803604693 ], [ 134.747314453125, 34.962497232449152 ], [ 135.0164794921875, 34.777715803604693 ] ] ] } },
{ "type": "Feature", "properties": { "断層面ID": "F017801_00001", "断層コード": "F017801", "name": "長者ヶ原−芳井断層", "基準位置経度": "133.487", "基準位置緯度": "34.670", "上端深さ(km)": "2.0", "断層長さ(km)": "32.0", "断層幅(km)": "18.0", "走向角(度)": "225.1", "傾斜角(度)": "90.0", "平均ケース／平均活動間隔（年）": "6000.0", "平均ケース／最新活動時期（年前）": "-", "平均ケース／30年発生確率": "0.0049900000", "平均ケース／50年発生確率": "0.0083000000", "確率過程": "ポアソン", "マグニチュード": "Mw6.8", "ばらつき": "-", "最大ケース／平均活動間隔（年）": "6000.0", "最大ケース／最新活動時期（年前）": "-", "最大ケース／30年発生確率": "0.0049900000", "最大ケース／50年発生確率": "0.0083000000" }, "geometry": { "type": "Polygon", "coordinates": [ [ [ 133.48388671875, 34.66935854524543 ], [ 133.2366943359375, 34.465806327688526 ], [ 133.48388671875, 34.66935854524543 ] ] ] } },
{ "type": "Feature", "properties": { "断層面ID": "F017901_00001", "断層コード": "F017901", "name": "宇津戸断層", "基準位置経度": "133.193", "基準位置緯度": "34.622", "上端深さ(km)": "2.0", "断層長さ(km)": "17.0", "断層幅(km)": "17.0", "走向角(度)": "219.6", "傾斜角(度)": "90.0", "平均ケース／平均活動間隔（年）": "20000.0", "平均ケース／最新活動時期（年前）": "-", "平均ケース／30年発生確率": "0.0015000000", "平均ケース／50年発生確率": "0.0025000000", "確率過程": "ポアソン", "マグニチュード": "Mw6.4", "ばらつき": "-", "最大ケース／平均活動間隔（年）": "20000.0", "最大ケース／最新活動時期（年前）": "-", "最大ケース／30年発生確率": "0.0015000000", "最大ケース／50年発生確率": "0.0025000000" }, "geometry": { "type": "Polygon", "coordinates": [ [ [ 133.1927490234375, 34.619647359797185 ], [ 133.0718994140625, 34.502029794434591 ], [ 133.1927490234375, 34.619647359797185 ] ] ] } },
{ "type": "Feature", "properties": { "断層面ID": "F018001_00001", "断層コード": "F018001", "name": "安田断層", "基準位置経度": "133.090", "基準位置緯度": "34.779", "上端深さ(km)": "2.0", "断層長さ(km)": "17.0", "断層幅(km)": "17.0", "走向角(度)": "228.6", "傾斜角(度)": "90.0", "平均ケース／平均活動間隔（年）": "20000.0", "平均ケース／最新活動時期（年前）": "-", "平均ケース／30年発生確率": "0.0015000000", "平均ケース／50年発生確率": "0.0025000000", "確率過程": "ポアソン", "マグニチュード": "Mw6.4", "ばらつき": "-", "最大ケース／平均活動間隔（年）": "20000.0", "最大ケース／最新活動時期（年前）": "-", "最大ケース／30年発生確率": "0.0015000000", "最大ケース／50年発生確率": "0.0025000000" }, "geometry": { "type": "Polygon", "coordinates": [ [ [ 133.08837890625, 34.777715803604693 ], [ 132.945556640625, 34.673876265882711 ], [ 133.08837890625, 34.777715803604693 ] ] ] } },
{ "type": "Feature", "properties": { "断層面ID": "F018101_00001", "断層コード": "F018101", "name": "菊川断層帯（北部区間）", "基準位置経度": "130.239", "基準位置緯度": "34.653", "上端深さ(km)": "4.0", "断層長さ(km)": "56.0", "断層幅(km)": "18.0", "走向角(度)": "126.2", "傾斜角(度)": "90.0", "平均ケース／平均活動間隔（年）": "10000.0", "平均ケース／最新活動時期（年前）": "-", "平均ケース／30年発生確率": "0.0020000000", "平均ケース／50年発生確率": "0.0033200000", "確率過程": "ポアソン過程（同時活動モデル）", "マグニチュード": "Mw7.1", "ばらつき": "-", "最大ケース／平均活動間隔（年）": "10000.0", "最大ケース／最新活動時期（年前）": "-", "最大ケース／30年発生確率": "0.0020000000", "最大ケース／50年発生確率": "0.0033200000" }, "geometry": { "type": "Polygon", "coordinates": [ [ [ 130.2374267578125, 34.651285198954156 ], [ 130.7318115234375, 34.352506668675957 ], [ 130.2374267578125, 34.651285198954156 ] ] ] } },
{ "type": "Feature", "properties": { "断層面ID": "F018201_00001", "断層コード": "F018201", "name": "菊川断層帯（中部区間）", "基準位置経度": "130.729", "基準位置緯度": "34.359", "上端深さ(km)": "2.0", "断層長さ(km)": "44.0", "断層幅(km)": "18.0", "走向角(度)": "133.0", "傾斜角(度)": "90.0", "平均ケース／平均活動間隔（年）": "5000.0", "平均ケース／最新活動時期（年前）": "4600.0", "平均ケース／30年発生確率": "0.0154000000", "平均ケース／50年発生確率": "0.0256000000", "確率過程": "BPT過程（同時活動モデル）", "マグニチュード": "Mw7", "ばらつき": "0.24", "最大ケース／平均活動間隔（年）": "4100.0", "最大ケース／最新活動時期（年前）": "5900.0", "最大ケース／30年発生確率": "0.0413000000", "最大ケース／50年発生確率": "0.0679000000" }, "geometry": { "type": "Polygon", "coordinates": [ [ [ 130.726318359375, 34.357041600760724 ], [ 131.077880859375, 34.084511934474762 ], [ 130.726318359375, 34.357041600760724 ] ] ] } },
{ "type": "Feature", "properties": { "断層面ID": "F018301_00001", "断層コード": "F018301", "name": "菊川断層帯（南部区間）", "基準位置経度": "131.078", "基準位置緯度": "34.087", "上端深さ(km)": "2.0", "断層長さ(km)": "20.0", "断層幅(km)": "18.0", "走向角(度)": "149.2", "傾斜角(度)": "90.0", "平均ケース／平均活動間隔（年）": "4000.0", "平均ケース／最新活動時期（年前）": "-", "平均ケース／30年発生確率": "0.0053500000", "平均ケース／50年発生確率": "0.0089000000", "確率過程": "ポアソン過程（同時活動モデル）", "マグニチュード": "Mw6.5", "ばらつき": "-", "最大ケース／平均活動間隔（年）": "4000.0", "最大ケース／最新活動時期（年前）": "-", "最大ケース／30年発生確率": "0.0053500000", "最大ケース／50年発生確率": "0.0089000000" }, "geometry": { "type": "Polygon", "coordinates": [ [ [ 131.077880859375, 34.084511934474762 ], [ 131.187744140625, 33.929687627576598 ], [ 131.077880859375, 34.084511934474762 ] ] ] } },
{ "type": "Feature", "properties": { "断層面ID": "F01820A_00001", "断層コード": "F01820A", "name": "菊川断層帯（北部区間と中部区間が同時に活動）", "基準位置経度": "130.239", "基準位置緯度": "34.653", "上端深さ(km)": "4.0", "断層長さ(km)": "56.0", "断層幅(km)": "18.0", "走向角(度)": "126.2", "傾斜角(度)": "90.0", "平均ケース／平均活動間隔（年）": "-", "平均ケース／最新活動時期（年前）": "-", "平均ケース／30年発生確率": "0.0004990000", "平均ケース／50年発生確率": "0.0008310000", "確率過程": "同時活動モデル", "マグニチュード": "Mw7.4", "ばらつき": "-", "最大ケース／平均活動間隔（年）": "-999.0", "最大ケース／最新活動時期（年前）": "-", "最大ケース／30年発生確率": "0.0004990000", "最大ケース／50年発生確率": "0.0008310000" }, "geometry": { "type": "Polygon", "coordinates": [ [ [ 130.2374267578125, 34.651285198954156 ], [ 130.7318115234375, 34.352506668675957 ], [ 130.2374267578125, 34.651285198954156 ] ] ] } },
{ "type": "Feature", "properties": { "断層面ID": "F01820A_00002", "断層コード": "F01820A", "name": "菊川断層帯（北部区間と中部区間が同時に活動）", "基準位置経度": "130.729", "基準位置緯度": "34.359", "上端深さ(km)": "2.0", "断層長さ(km)": "44.0", "断層幅(km)": "18.0", "走向角(度)": "133.0", "傾斜角(度)": "90.0", "平均ケース／平均活動間隔（年）": "-", "平均ケース／最新活動時期（年前）": "-", "平均ケース／30年発生確率": "0.0004990000", "平均ケース／50年発生確率": "0.0008310000", "確率過程": "同時活動モデル", "マグニチュード": "Mw7.4", "ばらつき": "-", "最大ケース／平均活動間隔（年）": "-999.0", "最大ケース／最新活動時期（年前）": "-", "最大ケース／30年発生確率": "0.0004990000", "最大ケース／50年発生確率": "0.0008310000" }, "geometry": { "type": "Polygon", "coordinates": [ [ [ 130.726318359375, 34.357041600760724 ], [ 131.077880859375, 34.084511934474762 ], [ 130.726318359375, 34.357041600760724 ] ] ] } },
{ "type": "Feature", "properties": { "断層面ID": "F01830A_00001", "断層コード": "F01830A", "name": "菊川断層帯（中部区間と南部区間が同時に活動）", "基準位置経度": "130.729", "基準位置緯度": "34.359", "上端深さ(km)": "2.0", "断層長さ(km)": "44.0", "断層幅(km)": "18.0", "走向角(度)": "133.0", "傾斜角(度)": "90.0", "平均ケース／平均活動間隔（年）": "-", "平均ケース／最新活動時期（年前）": "-", "平均ケース／30年発生確率": "0.0016200000", "平均ケース／50年発生確率": "0.0026900000", "確率過程": "同時活動モデル", "マグニチュード": "Mw7.2", "ばらつき": "-", "最大ケース／平均活動間隔（年）": "-999.0", "最大ケース／最新活動時期（年前）": "-", "最大ケース／30年発生確率": "0.0016200000", "最大ケース／50年発生確率": "0.0026900000" }, "geometry": { "type": "Polygon", "coordinates": [ [ [ 130.726318359375, 34.357041600760724 ], [ 131.077880859375, 34.084511934474762 ], [ 130.726318359375, 34.357041600760724 ] ] ] } },
{ "type": "Feature", "properties": { "断層面ID": "F01830A_00002", "断層コード": "F01830A", "name": "菊川断層帯（中部区間と南部区間が同時に活動）", "基準位置経度": "131.078", "基準位置緯度": "34.087", "上端深さ(km)": "2.0", "断層長さ(km)": "20.0", "断層幅(km)": "18.0", "走向角(度)": "149.2", "傾斜角(度)": "90.0", "平均ケース／平均活動間隔（年）": "-", "平均ケース／最新活動時期（年前）": "-", "平均ケース／30年発生確率": "0.0016200000", "平均ケース／50年発生確率": "0.0026900000", "確率過程": "同時活動モデル", "マグニチュード": "Mw7.2", "ばらつき": "-", "最大ケース／平均活動間隔（年）": "-999.0", "最大ケース／最新活動時期（年前）": "-", "最大ケース／30年発生確率": "0.0016200000", "最大ケース／50年発生確率": "0.0026900000" }, "geometry": { "type": "Polygon", "coordinates": [ [ [ 131.077880859375, 34.084511934474762 ], [ 131.187744140625, 33.929687627576598 ], [ 131.077880859375, 34.084511934474762 ] ] ] } },
{ "type": "Feature", "properties": { "断層面ID": "F01830B_00001", "断層コード": "F01830B", "name": "菊川断層帯（全体が同時に活動）", "基準位置経度": "130.239", "基準位置緯度": "34.653", "上端深さ(km)": "4.0", "断層長さ(km)": "56.0", "断層幅(km)": "18.0", "走向角(度)": "126.2", "傾斜角(度)": "90.0", "平均ケース／平均活動間隔（年）": "-", "平均ケース／最新活動時期（年前）": "-", "平均ケース／30年発生確率": "0.0004990000", "平均ケース／50年発生確率": "0.0008310000", "確率過程": "同時活動モデル", "マグニチュード": "Mw7.4", "ばらつき": "-", "最大ケース／平均活動間隔（年）": "-999.0", "最大ケース／最新活動時期（年前）": "-", "最大ケース／30年発生確率": "0.0004990000", "最大ケース／50年発生確率": "0.0008310000" }, "geometry": { "type": "Polygon", "coordinates": [ [ [ 130.2374267578125, 34.651285198954156 ], [ 130.7318115234375, 34.352506668675957 ], [ 130.2374267578125, 34.651285198954156 ] ] ] } },
{ "type": "Feature", "properties": { "断層面ID": "F01830B_00002", "断層コード": "F01830B", "name": "菊川断層帯（全体が同時に活動）", "基準位置経度": "130.729", "基準位置緯度": "34.359", "上端深さ(km)": "2.0", "断層長さ(km)": "44.0", "断層幅(km)": "18.0", "走向角(度)": "133.0", "傾斜角(度)": "90.0", "平均ケース／平均活動間隔（年）": "-", "平均ケース／最新活動時期（年前）": "-", "平均ケース／30年発生確率": "0.0004990000", "平均ケース／50年発生確率": "0.0008310000", "確率過程": "同時活動モデル", "マグニチュード": "Mw7.4", "ばらつき": "-", "最大ケース／平均活動間隔（年）": "-999.0", "最大ケース／最新活動時期（年前）": "-", "最大ケース／30年発生確率": "0.0004990000", "最大ケース／50年発生確率": "0.0008310000" }, "geometry": { "type": "Polygon", "coordinates": [ [ [ 130.726318359375, 34.357041600760724 ], [ 131.077880859375, 34.084511934474762 ], [ 130.726318359375, 34.357041600760724 ] ] ] } },
{ "type": "Feature", "properties": { "断層面ID": "F01830B_00003", "断層コード": "F01830B", "name": "菊川断層帯（全体が同時に活動）", "基準位置経度": "131.078", "基準位置緯度": "34.087", "上端深さ(km)": "2.0", "断層長さ(km)": "20.0", "断層幅(km)": "18.0", "走向角(度)": "149.2", "傾斜角(度)": "90.0", "平均ケース／平均活動間隔（年）": "-", "平均ケース／最新活動時期（年前）": "-", "平均ケース／30年発生確率": "0.0004990000", "平均ケース／50年発生確率": "0.0008310000", "確率過程": "同時活動モデル", "マグニチュード": "Mw7.4", "ばらつき": "-", "最大ケース／平均活動間隔（年）": "-999.0", "最大ケース／最新活動時期（年前）": "-", "最大ケース／30年発生確率": "0.0004990000", "最大ケース／50年発生確率": "0.0008310000" }, "geometry": { "type": "Polygon", "coordinates": [ [ [ 131.077880859375, 34.084511934474762 ], [ 131.187744140625, 33.929687627576598 ], [ 131.077880859375, 34.084511934474762 ] ] ] } },
{ "type": "Feature", "properties": { "断層面ID": "F018401_00001", "断層コード": "F018401", "name": "岩国−五日市断層帯（己斐断層区間）", "基準位置経度": "132.507", "基準位置緯度": "34.493", "上端深さ(km)": "2.0", "断層長さ(km)": "24.0", "断層幅(km)": "18.0", "走向角(度)": "219.4", "傾斜角(度)": "90.0", "平均ケース／平均活動間隔（年）": "4000.0", "平均ケース／最新活動時期（年前）": "-", "平均ケース／30年発生確率": "0.0065300000", "平均ケース／50年発生確率": "0.0108000000", "確率過程": "ポアソン過程（同時活動モデル）", "マグニチュード": "Mw6.6", "ばらつき": "-", "最大ケース／平均活動間隔（年）": "4000.0", "最大ケース／最新活動時期（年前）": "-", "最大ケース／30年発生確率": "0.0056000000", "最大ケース／50年発生確率": "0.0093200000" }, "geometry": { "type": "Polygon", "coordinates": [ [ [ 132.506103515625, 34.492975402501528 ], [ 132.3358154296875, 34.325291924427333 ], [ 132.506103515625, 34.492975402501528 ] ] ] } },
{ "type": "Feature", "properties": { "断層面ID": "F018501_00001", "断層コード": "F018501", "name": "岩国−五日市断層帯（五日市断層区間）", "基準位置経度": "132.409", "基準位置緯度": "34.506", "上端深さ(km)": "2.0", "断層長さ(km)": "28.0", "断層幅(km)": "18.0", "走向角(度)": "206.8", "傾斜角(度)": "70.0", "平均ケース／平均活動間隔（年）": "6000.0", "平均ケース／最新活動時期（年前）": "1122.0", "平均ケース／30年発生確率": "0.0000000000", "平均ケース／50年発生確率": "0.0000000000", "確率過程": "BPT過程（同時活動モデル）", "マグニチュード": "Mw6.7", "ばらつき": "0.24", "最大ケース／平均活動間隔（年）": "6000.0", "最大ケース／最新活動時期（年前）": "1422.0", "最大ケース／30年発生確率": "0.0000000000", "最大ケース／50年発生確率": "0.0000000000" }, "geometry": { "type": "Polygon", "coordinates": [ [ [ 132.4072265625, 34.502029794434591 ], [ 132.2698974609375, 34.279914398549934 ], [ 132.20947265625, 34.302606226229059 ], [ 132.3468017578125, 34.529187069549351 ], [ 132.4072265625, 34.502029794434591 ] ] ] } },
{ "type": "Feature", "properties": { "断層面ID": "F018601_00001", "断層コード": "F018601", "name": "岩国−五日市断層帯（岩国断層区間）", "基準位置経度": "132.277", "基準位置緯度": "34.282", "上端深さ(km)": "2.0", "断層長さ(km)": "48.0", "断層幅(km)": "18.0", "走向角(度)": "236.3", "傾斜角(度)": "70.0", "平均ケース／平均活動間隔（年）": "13500.0", "平均ケース／最新活動時期（年前）": "10500.0", "平均ケース／30年発生確率": "0.0028300000", "平均ケース／50年発生確率": "0.0047300000", "確率過程": "BPT過程（同時活動モデル）", "マグニチュード": "Mw7", "ばらつき": "0.24", "最大ケース／平均活動間隔（年）": "9000.0", "最大ケース／最新活動時期（年前）": "11000.0", "最大ケース／30年発生確率": "0.0152000000", "最大ケース／50年発生確率": "0.0252000000" }, "geometry": { "type": "Polygon", "coordinates": [ [ [ 132.275390625, 34.279914398549934 ], [ 131.8414306640625, 34.039004679044453 ], [ 131.802978515625, 34.084511934474762 ], [ 132.2369384765625, 34.325291924427333 ], [ 132.275390625, 34.279914398549934 ] ] ] } },
{ "type": "Feature", "properties": { "断層面ID": "F01850A_00001", "断層コード": "F01850A", "name": "岩国−五日市断層帯（己斐断層区間と岩国断層区間が同時に活動）", "基準位置経度": "132.507", "基準位置緯度": "34.493", "上端深さ(km)": "2.0", "断層長さ(km)": "24.0", "断層幅(km)": "18.0", "走向角(度)": "219.4", "傾斜角(度)": "90.0", "平均ケース／平均活動間隔（年）": "-", "平均ケース／最新活動時期（年前）": "-", "平均ケース／30年発生確率": "0.0009430000", "平均ケース／50年発生確率": "0.0015800000", "確率過程": "同時活動モデル", "マグニチュード": "Mw7.3", "ばらつき": "-", "最大ケース／平均活動間隔（年）": "-999.0", "最大ケース／最新活動時期（年前）": "-", "最大ケース／30年発生確率": "0.0018700000", "最大ケース／50年発生確率": "0.0031100000" }, "geometry": { "type": "Polygon", "coordinates": [ [ [ 132.506103515625, 34.492975402501528 ], [ 132.3358154296875, 34.325291924427333 ], [ 132.506103515625, 34.492975402501528 ] ] ] } },
{ "type": "Feature", "properties": { "断層面ID": "F01850A_00002", "断層コード": "F01850A", "name": "岩国−五日市断層帯（己斐断層区間と岩国断層区間が同時に活動）", "基準位置経度": "132.277", "基準位置緯度": "34.282", "上端深さ(km)": "2.0", "断層長さ(km)": "48.0", "断層幅(km)": "18.0", "走向角(度)": "236.3", "傾斜角(度)": "70.0", "平均ケース／平均活動間隔（年）": "-", "平均ケース／最新活動時期（年前）": "-", "平均ケース／30年発生確率": "0.0009430000", "平均ケース／50年発生確率": "0.0015800000", "確率過程": "同時活動モデル", "マグニチュード": "Mw7.3", "ばらつき": "-", "最大ケース／平均活動間隔（年）": "-999.0", "最大ケース／最新活動時期（年前）": "-", "最大ケース／30年発生確率": "0.0018700000", "最大ケース／50年発生確率": "0.0031100000" }, "geometry": { "type": "Polygon", "coordinates": [ [ [ 132.275390625, 34.279914398549934 ], [ 131.8414306640625, 34.039004679044453 ], [ 131.802978515625, 34.084511934474762 ], [ 132.2369384765625, 34.325291924427333 ], [ 132.275390625, 34.279914398549934 ] ] ] } },
{ "type": "Feature", "properties": { "断層面ID": "F01860A_00001", "断層コード": "F01860A", "name": "岩国−五日市断層帯（五日市断層区間と岩国断層区間が同時に活動）", "基準位置経度": "132.409", "基準位置緯度": "34.506", "上端深さ(km)": "2.0", "断層長さ(km)": "28.0", "断層幅(km)": "18.0", "走向角(度)": "206.8", "傾斜角(度)": "70.0", "平均ケース／平均活動間隔（年）": "-", "平均ケース／最新活動時期（年前）": "-", "平均ケース／30年発生確率": "0.0000000000", "平均ケース／50年発生確率": "0.0000000000", "確率過程": "同時活動モデル", "マグニチュード": "Mw7.2", "ばらつき": "-", "最大ケース／平均活動間隔（年）": "-999.0", "最大ケース／最新活動時期（年前）": "-", "最大ケース／30年発生確率": "0.0000000000", "最大ケース／50年発生確率": "0.0000000000" }, "geometry": { "type": "Polygon", "coordinates": [ [ [ 132.4072265625, 34.502029794434591 ], [ 132.2698974609375, 34.279914398549934 ], [ 132.20947265625, 34.302606226229059 ], [ 132.3468017578125, 34.529187069549351 ], [ 132.4072265625, 34.502029794434591 ] ] ] } },
{ "type": "Feature", "properties": { "断層面ID": "F01860A_00002", "断層コード": "F01860A", "name": "岩国−五日市断層帯（五日市断層区間と岩国断層区間が同時に活動）", "基準位置経度": "132.277", "基準位置緯度": "34.282", "上端深さ(km)": "2.0", "断層長さ(km)": "48.0", "断層幅(km)": "18.0", "走向角(度)": "236.3", "傾斜角(度)": "70.0", "平均ケース／平均活動間隔（年）": "-", "平均ケース／最新活動時期（年前）": "-", "平均ケース／30年発生確率": "0.0000000000", "平均ケース／50年発生確率": "0.0000000000", "確率過程": "同時活動モデル", "マグニチュード": "Mw7.2", "ばらつき": "-", "最大ケース／平均活動間隔（年）": "-999.0", "最大ケース／最新活動時期（年前）": "-", "最大ケース／30年発生確率": "0.0000000000", "最大ケース／50年発生確率": "0.0000000000" }, "geometry": { "type": "Polygon", "coordinates": [ [ [ 132.275390625, 34.279914398549934 ], [ 131.8414306640625, 34.039004679044453 ], [ 131.802978515625, 34.084511934474762 ], [ 132.2369384765625, 34.325291924427333 ], [ 132.275390625, 34.279914398549934 ] ] ] } },
{ "type": "Feature", "properties": { "断層面ID": "F018701_00001", "断層コード": "F018701", "name": "周防灘断層帯（周防灘断層帯主部区間）", "基準位置経度": "131.637", "基準位置緯度": "34.019", "上端深さ(km)": "2.0", "断層長さ(km)": "46.0", "断層幅(km)": "18.0", "走向角(度)": "212.4", "傾斜角(度)": "70.0", "平均ケース／平均活動間隔（年）": "6650.0", "平均ケース／最新活動時期（年前）": "10500.0", "平均ケース／30年発生確率": "0.0293000000", "平均ケース／50年発生確率": "0.0484000000", "確率過程": "BPT", "マグニチュード": "Mw7", "ばらつき": "0.24", "最大ケース／平均活動間隔（年）": "5800.0", "最大ケース／最新活動時期（年前）": "11000.0", "最大ケース／30年発生確率": "0.0370000000", "最大ケース／50年発生確率": "0.0610000000" }, "geometry": { "type": "Polygon", "coordinates": [ [ [ 131.6326904296875, 34.016241889667015 ], [ 131.3690185546875, 33.66492516885242 ], [ 131.30859375, 33.696922692957656 ], [ 131.5777587890625, 34.048108084909842 ], [ 131.6326904296875, 34.016241889667015 ] ] ] } },
{ "type": "Feature", "properties": { "断層面ID": "F018801_00001", "断層コード": "F018801", "name": "周防灘断層帯（秋穂沖断層区間）", "基準位置経度": "131.525", "基準位置緯度": "33.932", "上端深さ(km)": "2.0", "断層長さ(km)": "24.0", "断層幅(km)": "18.0", "走向角(度)": "218.1", "傾斜角(度)": "70.0", "平均ケース／平均活動間隔（年）": "4000.0", "平均ケース／最新活動時期（年前）": "-", "平均ケース／30年発生確率": "0.0074700000", "平均ケース／50年発生確率": "0.0124000000", "確率過程": "ポアソン", "マグニチュード": "Mw6.6", "ばらつき": "-", "最大ケース／平均活動間隔（年）": "4000.0", "最大ケース／最新活動時期（年前）": "-", "最大ケース／30年発生確率": "0.0074700000", "最大ケース／50年発生確率": "0.0124000000" }, "geometry": { "type": "Polygon", "coordinates": [ [ [ 131.5228271484375, 33.929687627576598 ], [ 131.363525390625, 33.760882000869174 ], [ 131.30859375, 33.792843773631844 ], [ 131.4678955078125, 33.966142265597441 ], [ 131.5228271484375, 33.929687627576598 ] ] ] } },
{ "type": "Feature", "properties": { "断層面ID": "F018901_00001", "断層コード": "F018901", "name": "安芸灘断層帯", "基準位置経度": "132.422", "基準位置緯度": "34.130", "上端深さ(km)": "2.0", "断層長さ(km)": "28.0", "断層幅(km)": "18.0", "走向角(度)": "230.4", "傾斜角(度)": "70.0", "平均ケース／平均活動間隔（年）": "4350.0", "平均ケース／最新活動時期（年前）": "4600.0", "平均ケース／30年発生確率": "0.0281000000", "平均ケース／50年発生確率": "0.0466000000", "確率過程": "BPT", "マグニチュード": "Mw6.7", "ばらつき": "0.24", "最大ケース／平均活動間隔（年）": "2300.0", "最大ケース／最新活動時期（年前）": "5600.0", "最大ケース／30年発生確率": "0.0984000000", "最大ケース／50年発生確率": "0.1590000000" }, "geometry": { "type": "Polygon", "coordinates": [ [ [ 132.418212890625, 34.129994745824774 ], [ 132.1875, 33.966142265597441 ], [ 132.1435546875, 34.011688599108524 ], [ 132.374267578125, 34.17090836352574 ], [ 132.418212890625, 34.129994745824774 ] ] ] } },
{ "type": "Feature", "properties": { "断層面ID": "F019001_00001", "断層コード": "F019001", "name": "広島湾−岩国沖断層帯", "基準位置経度": "132.366", "基準位置緯度": "34.347", "上端深さ(km)": "2.0", "断層長さ(km)": "40.0", "断層幅(km)": "18.0", "走向角(度)": "207.0", "傾斜角(度)": "70.0", "平均ケース／平均活動間隔（年）": "8000.0", "平均ケース／最新活動時期（年前）": "-", "平均ケース／30年発生確率": "0.0037400000", "平均ケース／50年発生確率": "0.0062300000", "確率過程": "ポアソン", "マグニチュード": "Mw6.9", "ばらつき": "-", "最大ケース／平均活動間隔（年）": "8000.0", "最大ケース／最新活動時期（年前）": "-", "最大ケース／30年発生確率": "0.0037400000", "最大ケース／50年発生確率": "0.0062300000" }, "geometry": { "type": "Polygon", "coordinates": [ [ [ 132.36328125, 34.343436068482944 ], [ 132.16552734375, 34.025347738147929 ], [ 132.1051025390625, 34.048108084909842 ], [ 132.3028564453125, 34.370644924786575 ], [ 132.36328125, 34.343436068482944 ] ] ] } },
{ "type": "Feature", "properties": { "断層面ID": "F019101_00001", "断層コード": "F019101", "name": "宇部南方沖断層", "基準位置経度": "131.280", "基準位置緯度": "33.893", "上端深さ(km)": "2.0", "断層長さ(km)": "18.0", "断層幅(km)": "16.0", "走向角(度)": "170.3", "傾斜角(度)": "90.0", "平均ケース／平均活動間隔（年）": "4000.0", "平均ケース／最新活動時期（年前）": "-", "平均ケース／30年発生確率": "0.0074700000", "平均ケース／50年発生確率": "0.0124000000", "確率過程": "ポアソン", "マグニチュード": "Mw6.4", "ばらつき": "-", "最大ケース／平均活動間隔（年）": "4000.0", "最大ケース／最新活動時期（年前）": "-", "最大ケース／30年発生確率": "0.0074700000", "最大ケース／50年発生確率": "0.0124000000" }, "geometry": { "type": "Polygon", "coordinates": [ [ [ 131.275634765625, 33.888657501240743 ], [ 131.30859375, 33.72890830547334 ], [ 131.275634765625, 33.888657501240743 ] ] ] } },
{ "type": "Feature", "properties": { "断層面ID": "F019201_00001", "断層コード": "F019201", "name": "弥栄断層", "基準位置経度": "132.210", "基準位置緯度": "34.787", "上端深さ(km)": "2.0", "断層長さ(km)": "56.0", "断層幅(km)": "18.0", "走向角(度)": "227.2", "傾斜角(度)": "90.0", "平均ケース／平均活動間隔（年）": "8500.0", "平均ケース／最新活動時期（年前）": "5653.0", "平均ケース／30年発生確率": "0.0026900000", "平均ケース／50年発生確率": "0.0045200000", "確率過程": "BPT", "マグニチュード": "Mw7.1", "ばらつき": "0.24", "最大ケース／平均活動間隔（年）": "4000.0", "最大ケース／最新活動時期（年前）": "11000.0", "最大ケース／30年発生確率": "0.0593000000", "最大ケース／50年発生確率": "0.0969000000" }, "geometry": { "type": "Polygon", "coordinates": [ [ [ 132.20947265625, 34.786739162702531 ], [ 131.759033203125, 34.443158674505767 ], [ 132.20947265625, 34.786739162702531 ] ] ] } },
{ "type": "Feature", "properties": { "断層面ID": "F019301_00001", "断層コード": "F019301", "name": "地福断層", "基準位置経度": "131.730", "基準位置緯度": "34.405", "上端深さ(km)": "2.0", "断層長さ(km)": "28.0", "断層幅(km)": "18.0", "走向角(度)": "228.5", "傾斜角(度)": "90.0", "平均ケース／平均活動間隔（年）": "6000.0", "平均ケース／最新活動時期（年前）": "-", "平均ケース／30年発生確率": "0.0049900000", "平均ケース／50年発生確率": "0.0083000000", "確率過程": "ポアソン", "マグニチュード": "Mw6.7", "ばらつき": "-", "最大ケース／平均活動間隔（年）": "6000.0", "最大ケース／最新活動時期（年前）": "-", "最大ケース／30年発生確率": "0.0049900000", "最大ケース／50年発生確率": "0.0083000000" }, "geometry": { "type": "Polygon", "coordinates": [ [ [ 131.72607421875, 34.402377424241365 ], [ 131.5008544921875, 34.23451236236987 ], [ 131.72607421875, 34.402377424241365 ] ] ] } },
{ "type": "Feature", "properties": { "断層面ID": "F019401_00001", "断層コード": "F019401", "name": "大原湖断層", "基準位置経度": "131.832", "基準位置緯度": "34.410", "上端深さ(km)": "2.0", "断層長さ(km)": "44.0", "断層幅(km)": "18.0", "走向角(度)": "232.5", "傾斜角(度)": "90.0", "平均ケース／平均活動間隔（年）": "8000.0", "平均ケース／最新活動時期（年前）": "-", "平均ケース／30年発生確率": "0.0037400000", "平均ケース／50年発生確率": "0.0062300000", "確率過程": "ポアソン", "マグニチュード": "Mw7", "ばらつき": "-", "最大ケース／平均活動間隔（年）": "8000.0", "最大ケース／最新活動時期（年前）": "-", "最大ケース／30年発生確率": "0.0037400000", "最大ケース／50年発生確率": "0.0062300000" }, "geometry": { "type": "Polygon", "coordinates": [ [ [ 131.8304443359375, 34.406909656520597 ], [ 131.451416015625, 34.166363384737892 ], [ 131.8304443359375, 34.406909656520597 ] ] ] } },
{ "type": "Feature", "properties": { "断層面ID": "F019501_00001", "断層コード": "F019501", "name": "小郡断層", "基準位置経度": "131.439", "基準位置緯度": "34.158", "上端深さ(km)": "2.0", "断層長さ(km)": "32.0", "断層幅(km)": "18.0", "走向角(度)": "207.7", "傾斜角(度)": "90.0", "平均ケース／平均活動間隔（年）": "24000.0", "平均ケース／最新活動時期（年前）": "406.0", "平均ケース／30年発生確率": "0.0000000000", "平均ケース／50年発生確率": "0.0000000000", "確率過程": "BPT", "マグニチュード": "Mw6.8", "ばらつき": "0.24", "最大ケース／平均活動間隔（年）": "23000.0", "最大ケース／最新活動時期（年前）": "506.0", "最大ケース／30年発生確率": "0.0000000000", "最大ケース／50年発生確率": "0.0000000000" }, "geometry": { "type": "Polygon", "coordinates": [ [ [ 131.4349365234375, 34.157272693018683 ], [ 131.275634765625, 33.902336404480678 ], [ 131.4349365234375, 34.157272693018683 ] ] ] } },
{ "type": "Feature", "properties": { "断層面ID": "F019601_00001", "断層コード": "F019601", "name": "筒賀断層", "基準位置経度": "132.509", "基準位置緯度": "34.763", "上端深さ(km)": "2.0", "断層長さ(km)": "60.0", "断層幅(km)": "18.0", "走向角(度)": "228.4", "傾斜角(度)": "90.0", "平均ケース／平均活動間隔（年）": "12000.0", "平均ケース／最新活動時期（年前）": "-", "平均ケース／30年発生確率": "0.0025000000", "平均ケース／50年発生確率": "0.0041600000", "確率過程": "ポアソン", "マグニチュード": "Mw7.1", "ばらつき": "-", "最大ケース／平均活動間隔（年）": "12000.0", "最大ケース／最新活動時期（年前）": "-", "最大ケース／30年発生確率": "0.0025000000", "最大ケース／50年発生確率": "0.0041600000" }, "geometry": { "type": "Polygon", "coordinates": [ [ [ 132.506103515625, 34.759666124662473 ], [ 132.0172119140625, 34.402377424241365 ], [ 132.506103515625, 34.759666124662473 ] ] ] } },
{ "type": "Feature", "properties": { "断層面ID": "F019701_00001", "断層コード": "F019701", "name": "滝部断層", "基準位置経度": "130.867", "基準位置緯度": "34.330", "上端深さ(km)": "2.0", "断層長さ(km)": "17.0", "断層幅(km)": "17.0", "走向角(度)": "116.6", "傾斜角(度)": "90.0", "平均ケース／平均活動間隔（年）": "20000.0", "平均ケース／最新活動時期（年前）": "-", "平均ケース／30年発生確率": "0.0015000000", "平均ケース／50年発生確率": "0.0025000000", "確率過程": "ポアソン", "マグニチュード": "Mw6.4", "ばらつき": "-", "最大ケース／平均活動間隔（年）": "20000.0", "最大ケース／最新活動時期（年前）": "-", "最大ケース／30年発生確率": "0.0015000000", "最大ケース／50年発生確率": "0.0025000000" }, "geometry": { "type": "Polygon", "coordinates": [ [ [ 130.8636474609375, 34.329828328362026 ], [ 131.0284423828125, 34.257216443294027 ], [ 130.8636474609375, 34.329828328362026 ] ] ] } },
{ "type": "Feature", "properties": { "断層面ID": "F019801_00001", "断層コード": "F019801", "name": "奈古断層", "基準位置経度": "131.601", "基準位置緯度": "34.574", "上端深さ(km)": "2.0", "断層長さ(km)": "17.0", "断層幅(km)": "17.0", "走向角(度)": "234.4", "傾斜角(度)": "90.0", "平均ケース／平均活動間隔（年）": "20000.0", "平均ケース／最新活動時期（年前）": "-", "平均ケース／30年発生確率": "0.0015000000", "平均ケース／50年発生確率": "0.0025000000", "確率過程": "ポアソン", "マグニチュード": "Mw6.4", "ばらつき": "-", "最大ケース／平均活動間隔（年）": "20000.0", "最大ケース／最新活動時期（年前）": "-", "最大ケース／30年発生確率": "0.0015000000", "最大ケース／50年発生確率": "0.0025000000" }, "geometry": { "type": "Polygon", "coordinates": [ [ [ 131.5997314453125, 34.569906380856352 ], [ 131.4459228515625, 34.483920027319868 ], [ 131.5997314453125, 34.569906380856352 ] ] ] } },
{ "type": "Feature", "properties": { "断層面ID": "F019901_00001", "断層コード": "F019901", "name": "栄谷断層", "基準位置経度": "131.895", "基準位置緯度": "34.158", "上端深さ(km)": "2.0", "断層長さ(km)": "17.0", "断層幅(km)": "17.0", "走向角(度)": "217.2", "傾斜角(度)": "70.0", "平均ケース／平均活動間隔（年）": "20000.0", "平均ケース／最新活動時期（年前）": "-", "平均ケース／30年発生確率": "0.0015000000", "平均ケース／50年発生確率": "0.0025000000", "確率過程": "ポアソン", "マグニチュード": "Mw6.4", "ばらつき": "-", "最大ケース／平均活動間隔（年）": "20000.0", "最大ケース／最新活動時期（年前）": "-", "最大ケース／30年発生確率": "0.0015000000", "最大ケース／50年発生確率": "0.0025000000" }, "geometry": { "type": "Polygon", "coordinates": [ [ [ 131.890869140625, 34.157272693018683 ], [ 131.781005859375, 34.03445260967645 ], [ 131.7315673828125, 34.066311964721052 ], [ 131.8414306640625, 34.189085831172406 ], [ 131.890869140625, 34.157272693018683 ] ] ] } },
{ "type": "Feature", "properties": { "断層面ID": "F020001_00001", "断層コード": "F020001", "name": "黒瀬断層", "基準位置経度": "132.784", "基準位置緯度": "34.399", "上端深さ(km)": "2.0", "断層長さ(km)": "17.0", "断層幅(km)": "17.0", "走向角(度)": "234.9", "傾斜角(度)": "90.0", "平均ケース／平均活動間隔（年）": "20000.0", "平均ケース／最新活動時期（年前）": "-", "平均ケース／30年発生確率": "0.0015000000", "平均ケース／50年発生確率": "0.0025000000", "確率過程": "ポアソン", "マグニチュード": "Mw6.4", "ばらつき": "-", "最大ケース／平均活動間隔（年）": "20000.0", "最大ケース／最新活動時期（年前）": "-", "最大ケース／30年発生確率": "0.0015000000", "最大ケース／50年発生確率": "0.0025000000" }, "geometry": { "type": "Polygon", "coordinates": [ [ [ 132.78076171875, 34.397844946449865 ], [ 132.6324462890625, 34.30714385628805 ], [ 132.78076171875, 34.397844946449865 ] ] ] } },
{ "type": "Feature", "properties": { "断層面ID": "FM20104_00001", "断層コード": "FM20104", "name": "中央構造線断層帯（紀淡海峡−鳴門海峡区間）（傾斜角40度）", "基準位置経度": "135.099", "基準位置緯度": "34.289", "上端深さ(km)": "4.0", "断層長さ(km)": "44.0", "断層幅(km)": "18.0", "走向角(度)": "258.5", "傾斜角(度)": "40.0", "平均ケース／平均活動間隔（年）": "5000.0", "平均ケース／最新活動時期（年前）": "2850.0", "平均ケース／30年発生確率": "0.0013200000", "平均ケース／50年発生確率": "0.0022500000", "確率過程": "BPT過程（同時活動モデル）", "マグニチュード": "Mw7", "ばらつき": "0.24", "最大ケース／平均活動間隔（年）": "4000.0", "最大ケース／最新活動時期（年前）": "3100.0", "最大ケース／30年発生確率": "0.0090400000", "最大ケース／50年発生確率": "0.0144000000" }, "geometry": { "type": "Polygon", "coordinates": [ [ [ 135.098876953125, 34.288991865037531 ], [ 134.62646484375, 34.207259382072309 ], [ 134.5989990234375, 34.329828328362026 ], [ 135.06591796875, 34.406909656520597 ], [ 135.098876953125, 34.288991865037531 ] ] ] } },
{ "type": "Feature", "properties": { "断層面ID": "FH20104_00001", "断層コード": "FH20104", "name": "中央構造線断層帯（紀淡海峡−鳴門海峡区間）（傾斜角90度）", "基準位置経度": "135.119", "基準位置緯度": "34.248", "上端深さ(km)": "4.0", "断層長さ(km)": "46.0", "断層幅(km)": "12.0", "走向角(度)": "258.5", "傾斜角(度)": "90.0", "平均ケース／平均活動間隔（年）": "5000.0", "平均ケース／最新活動時期（年前）": "2850.0", "平均ケース／30年発生確率": "0.0013200000", "平均ケース／50年発生確率": "0.0022500000", "確率過程": "BPT過程（同時活動モデル）", "マグニチュード": "Mw7", "ばらつき": "0.24", "最大ケース／平均活動間隔（年）": "4000.0", "最大ケース／最新活動時期（年前）": "3100.0", "最大ケース／30年発生確率": "0.0090400000", "最大ケース／50年発生確率": "0.0144000000" }, "geometry": { "type": "Polygon", "coordinates": [ [ [ 135.1153564453125, 34.243594729697406 ], [ 134.62646484375, 34.161818161230386 ], [ 135.1153564453125, 34.243594729697406 ] ] ] } },
{ "type": "Feature", "properties": { "断層面ID": "FM20105_00001", "断層コード": "FM20105", "name": "中央構造線断層帯（讃岐山脈南縁東部区間）（傾斜角40度）", "基準位置経度": "134.642", "基準位置緯度": "34.219", "上端深さ(km)": "4.0", "断層長さ(km)": "54.0", "断層幅(km)": "18.0", "走向角(度)": "257.3", "傾斜角(度)": "40.0", "平均ケース／平均活動間隔（年）": "1050.0", "平均ケース／最新活動時期（年前）": "261.0", "平均ケース／30年発生確率": "0.0000000000", "平均ケース／50年発生確率": "0.0000000000", "確率過程": "BPT過程（同時活動モデル）", "マグニチュード": "Mw7.1", "ばらつき": "0.24", "最大ケース／平均活動間隔（年）": "900.0", "最大ケース／最新活動時期（年前）": "522.0", "最大ケース／30年発生確率": "0.0076900000", "最大ケース／50年発生確率": "0.0148000000" }, "geometry": { "type": "Polygon", "coordinates": [ [ [ 134.637451171875, 34.216344688434631 ], [ 134.066162109375, 34.11180455556898 ], [ 134.033203125, 34.229970811273077 ], [ 134.6044921875, 34.338900400404995 ], [ 134.637451171875, 34.216344688434631 ] ] ] } },
{ "type": "Feature", "properties": { "断層面ID": "FH20105_00001", "断層コード": "FH20105", "name": "中央構造線断層帯（讃岐山脈南縁東部区間）（傾斜角90度）", "基準位置経度": "134.664", "基準位置緯度": "34.179", "上端深さ(km)": "4.0", "断層長さ(km)": "56.0", "断層幅(km)": "12.0", "走向角(度)": "257.3", "傾斜角(度)": "90.0", "平均ケース／平均活動間隔（年）": "1050.0", "平均ケース／最新活動時期（年前）": "261.0", "平均ケース／30年発生確率": "0.0000000000", "平均ケース／50年発生確率": "0.0000000000", "確率過程": "BPT過程（同時活動モデル）", "マグニチュード": "Mw7.1", "ばらつき": "0.24", "最大ケース／平均活動間隔（年）": "900.0", "最大ケース／最新活動時期（年前）": "522.0", "最大ケース／30年発生確率": "0.0076900000", "最大ケース／50年発生確率": "0.0148000000" }, "geometry": { "type": "Polygon", "coordinates": [ [ [ 134.659423828125, 34.175453097578526 ], [ 134.066162109375, 34.066311964721052 ], [ 134.659423828125, 34.175453097578526 ] ] ] } },
{ "type": "Feature", "properties": { "断層面ID": "FM20106_00001", "断層コード": "FM20106", "name": "中央構造線断層帯（讃岐山脈南縁西部区間）（傾斜角40度）", "基準位置経度": "134.091", "基準位置緯度": "34.126", "上端深さ(km)": "4.0", "断層長さ(km)": "84.0", "断層幅(km)": "18.0", "走向角(度)": "255.8", "傾斜角(度)": "40.0", "平均ケース／平均活動間隔（年）": "1250.0", "平均ケース／最新活動時期（年前）": "422.0", "平均ケース／30年発生確率": "0.0000000000", "平均ケース／50年発生確率": "0.0000123000", "確率過程": "BPT過程（同時活動モデル）", "マグニチュード": "Mw7.3", "ばらつき": "0.24", "最大ケース／平均活動間隔（年）": "1000.0", "最大ケース／最新活動時期（年前）": "522.0", "最大ケース／30年発生確率": "0.0022300000", "最大ケース／50年発生確率": "0.0045400000" }, "geometry": { "type": "Polygon", "coordinates": [ [ [ 134.088134765625, 34.125447565116119 ], [ 133.2037353515625, 33.938802750845781 ], [ 133.1707763671875, 34.057210513510299 ], [ 134.0496826171875, 34.243594729697406 ], [ 134.088134765625, 34.125447565116119 ] ] ] } },
{ "type": "Feature", "properties": { "断層面ID": "FH20106_00001", "断層コード": "FH20106", "name": "中央構造線断層帯（讃岐山脈南縁西部区間）（傾斜角90度）", "基準位置経度": "134.114", "基準位置緯度": "34.086", "上端深さ(km)": "4.0", "断層長さ(km)": "86.0", "断層幅(km)": "12.0", "走向角(度)": "255.8", "傾斜角(度)": "90.0", "平均ケース／平均活動間隔（年）": "1250.0", "平均ケース／最新活動時期（年前）": "422.0", "平均ケース／30年発生確率": "0.0000000000", "平均ケース／50年発生確率": "0.0000123000", "確率過程": "BPT過程（同時活動モデル）", "マグニチュード": "Mw7.3", "ばらつき": "0.24", "最大ケース／平均活動間隔（年）": "1000.0", "最大ケース／最新活動時期（年前）": "522.0", "最大ケース／30年発生確率": "0.0022300000", "最大ケース／50年発生確率": "0.0045400000" }, "geometry": { "type": "Polygon", "coordinates": [ [ [ 134.110107421875, 34.084511934474762 ], [ 133.209228515625, 33.893217379440884 ], [ 134.110107421875, 34.084511934474762 ] ] ] } },
{ "type": "Feature", "properties": { "断層面ID": "FM20107_00001", "断層コード": "FM20107", "name": "中央構造線断層帯（石鎚山脈北縁区間）（傾斜角40度）", "基準位置経度": "133.412", "基準位置緯度": "33.982", "上端深さ(km)": "2.0", "断層長さ(km)": "30.0", "断層幅(km)": "18.0", "走向角(度)": "253.9", "傾斜角(度)": "40.0", "平均ケース／平均活動間隔（年）": "1650.0", "平均ケース／最新活動時期（年前）": "311.0", "平均ケース／30年発生確率": "0.0000000000", "平均ケース／50年発生確率": "0.0000000000", "確率過程": "BPT過程（同時活動モデル）", "マグニチュード": "Mw6.8", "ばらつき": "0.24", "最大ケース／平均活動間隔（年）": "1500.0", "最大ケース／最新活動時期（年前）": "622.0", "最大ケース／30年発生確率": "0.0000805000", "最大ケース／50年発生確率": "0.0001740000" }, "geometry": { "type": "Polygon", "coordinates": [ [ [ 133.406982421875, 33.979808728724564 ], [ 133.099365234375, 33.906895551288684 ], [ 133.055419921875, 34.025347738147929 ], [ 133.3685302734375, 34.098159345215535 ], [ 133.406982421875, 33.979808728724564 ] ] ] } },
{ "type": "Feature", "properties": { "断層面ID": "FH20107_00001", "断層コード": "FH20107", "name": "中央構造線断層帯（石鎚山脈北縁区間）（傾斜角90度）", "基準位置経度": "133.440", "基準位置緯度": "33.966", "上端深さ(km)": "2.0", "断層長さ(km)": "34.0", "断層幅(km)": "14.0", "走向角(度)": "253.9", "傾斜角(度)": "90.0", "平均ケース／平均活動間隔（年）": "1650.0", "平均ケース／最新活動時期（年前）": "311.0", "平均ケース／30年発生確率": "0.0000000000", "平均ケース／50年発生確率": "0.0000000000", "確率過程": "BPT過程（同時活動モデル）", "マグニチュード": "Mw6.8", "ばらつき": "0.24", "最大ケース／平均活動間隔（年）": "1500.0", "最大ケース／最新活動時期（年前）": "622.0", "最大ケース／30年発生確率": "0.0000805000", "最大ケース／50年発生確率": "0.0001740000" }, "geometry": { "type": "Polygon", "coordinates": [ [ [ 133.43994140625, 33.961586289799072 ], [ 133.0828857421875, 33.879537013559244 ], [ 133.43994140625, 33.961586289799072 ] ] ] } },
{ "type": "Feature", "properties": { "断層面ID": "FM20108_00001", "断層コード": "FM20108", "name": "中央構造線断層帯（石鎚山脈北縁西部区間）（傾斜角40度）", "基準位置経度": "133.234", "基準位置緯度": "33.928", "上端深さ(km)": "2.0", "断層長さ(km)": "42.0", "断層幅(km)": "18.0", "走向角(度)": "248.7", "傾斜角(度)": "40.0", "平均ケース／平均活動間隔（年）": "1000.0", "平均ケース／最新活動時期（年前）": "422.0", "平均ケース／30年発生確率": "0.0003290000", "平均ケース／50年発生確率": "0.0007900000", "確率過程": "BPT過程（同時活動モデル）", "マグニチュード": "Mw6.9", "ばらつき": "0.24", "最大ケース／平均活動間隔（年）": "700.0", "最大ケース／最新活動時期（年前）": "622.0", "最大ケース／30年発生確率": "0.1160000000", "最大ケース／50年発生確率": "0.1930000000" }, "geometry": { "type": "Polygon", "coordinates": [ [ [ 133.231201171875, 33.925129700071992 ], [ 132.8082275390625, 33.788278536259966 ], [ 132.7532958984375, 33.902336404480678 ], [ 133.17626953125, 34.043556504127437 ], [ 133.231201171875, 33.925129700071992 ] ] ] } },
{ "type": "Feature", "properties": { "断層面ID": "FH20108_00001", "断層コード": "FH20108", "name": "中央構造線断層帯（石鎚山脈北縁西部区間）（傾斜角90度）", "基準位置経度": "133.255", "基準位置緯度": "33.934", "上端深さ(km)": "2.0", "断層長さ(km)": "46.0", "断層幅(km)": "14.0", "走向角(度)": "248.7", "傾斜角(度)": "90.0", "平均ケース／平均活動間隔（年）": "1000.0", "平均ケース／最新活動時期（年前）": "422.0", "平均ケース／30年発生確率": "0.0003290000", "平均ケース／50年発生確率": "0.0007900000", "確率過程": "BPT過程（同時活動モデル）", "マグニチュード": "Mw6.9", "ばらつき": "0.24", "最大ケース／平均活動間隔（年）": "700.0", "最大ケース／最新活動時期（年前）": "622.0", "最大ケース／30年発生確率": "0.1160000000", "最大ケース／50年発生確率": "0.1930000000" }, "geometry": { "type": "Polygon", "coordinates": [ [ [ 133.253173828125, 33.929687627576598 ], [ 132.7862548828125, 33.779147331286467 ], [ 133.253173828125, 33.929687627576598 ] ] ] } },
{ "type": "Feature", "properties": { "断層面ID": "FM20109_00001", "断層コード": "FM20109", "name": "中央構造線断層帯（伊予灘区間）（傾斜角40度）", "基準位置経度": "132.783", "基準位置緯度": "33.794", "上端深さ(km)": "4.0", "断層長さ(km)": "90.0", "断層幅(km)": "18.0", "走向角(度)": "240.7", "傾斜角(度)": "40.0", "平均ケース／平均活動間隔（年）": "3100.0", "平均ケース／最新活動時期（年前）": "272.0", "平均ケース／30年発生確率": "0.0000000000", "平均ケース／50年発生確率": "0.0000000000", "確率過程": "BPT過程（同時活動モデル）", "マグニチュード": "Mw7.4", "ばらつき": "0.24", "最大ケース／平均活動間隔（年）": "2900.0", "最大ケース／最新活動時期（年前）": "422.0", "最大ケース／30年発生確率": "0.0000000000", "最大ケース／50年発生確率": "0.0000000000" }, "geometry": { "type": "Polygon", "coordinates": [ [ [ 132.78076171875, 33.792843773631844 ], [ 131.934814453125, 33.394759218577988 ], [ 131.85791015625, 33.504759069226083 ], [ 132.7093505859375, 33.902336404480678 ], [ 132.78076171875, 33.792843773631844 ] ] ] } },
{ "type": "Feature", "properties": { "断層面ID": "FH20109_00001", "断層コード": "FH20109", "name": "中央構造線断層帯（伊予灘区間）（傾斜角90度）", "基準位置経度": "132.805", "基準位置緯度": "33.779", "上端深さ(km)": "4.0", "断層長さ(km)": "92.0", "断層幅(km)": "12.0", "走向角(度)": "240.7", "傾斜角(度)": "90.0", "平均ケース／平均活動間隔（年）": "3100.0", "平均ケース／最新活動時期（年前）": "272.0", "平均ケース／30年発生確率": "0.0000000000", "平均ケース／50年発生確率": "0.0000000000", "確率過程": "BPT過程（同時活動モデル）", "マグニチュード": "Mw7.4", "ばらつき": "0.24", "最大ケース／平均活動間隔（年）": "2900.0", "最大ケース／最新活動時期（年前）": "422.0", "最大ケース／30年発生確率": "0.0000000000", "最大ケース／50年発生確率": "0.0000000000" }, "geometry": { "type": "Polygon", "coordinates": [ [ [ 132.802734375, 33.774581363716891 ], [ 131.934814453125, 33.371825029507249 ], [ 132.802734375, 33.774581363716891 ] ] ] } },
{ "type": "Feature", "properties": { "断層面ID": "FM20110_00001", "断層コード": "FM20110", "name": "中央構造線断層帯（豊予海峡−由布院区間）（傾斜角40度）", "基準位置経度": "131.963", "基準位置緯度": "33.382", "上端深さ(km)": "4.0", "断層長さ(km)": "36.0", "断層幅(km)": "20.0", "走向角(度)": "246.4", "傾斜角(度)": "40.0", "平均ケース／平均活動間隔（年）": "1650.0", "平均ケース／最新活動時期（年前）": "372.0", "平均ケース／30年発生確率": "0.0000000000", "平均ケース／50年発生確率": "0.0000000000", "確率過程": "BPT過程（同時活動モデル）", "マグニチュード": "Mw7.2", "ばらつき": "0.24", "最大ケース／平均活動間隔（年）": "1600.0", "最大ケース／最新活動時期（年前）": "422.0", "最大ケース／30年発生確率": "0.0000000000", "最大ケース／50年発生確率": "0.0000000000" }, "geometry": { "type": "Polygon", "coordinates": [ [ [ 131.9622802734375, 33.380999431040266 ], [ 131.605224609375, 33.247875947924385 ], [ 131.539306640625, 33.376412351246771 ], [ 131.8963623046875, 33.504759069226083 ], [ 131.9622802734375, 33.380999431040266 ] ] ] } },
{ "type": "Feature", "properties": { "断層面ID": "FM20110_00002", "断層コード": "FM20110", "name": "中央構造線断層帯（豊予海峡−由布院区間）（傾斜角40度）", "基準位置経度": "131.630", "基準位置緯度": "33.246", "上端深さ(km)": "4.0", "断層長さ(km)": "16.0", "断層幅(km)": "12.0", "走向角(度)": "290.3", "傾斜角(度)": "70.0", "平均ケース／平均活動間隔（年）": "1650.0", "平均ケース／最新活動時期（年前）": "372.0", "平均ケース／30年発生確率": "0.0000000000", "平均ケース／50年発生確率": "0.0000000000", "確率過程": "BPT過程（同時活動モデル）", "マグニチュード": "Mw7.2", "ばらつき": "0.24", "最大ケース／平均活動間隔（年）": "1600.0", "最大ケース／最新活動時期（年前）": "422.0", "最大ケース／30年発生確率": "0.0000000000", "最大ケース／50年発生確率": "0.0000000000" }, "geometry": { "type": "Polygon", "coordinates": [ [ [ 131.627197265625, 33.243281858479477 ], [ 131.4678955078125, 33.293803558346596 ], [ 131.4788818359375, 33.330528249028077 ], [ 131.6436767578125, 33.280027811732154 ], [ 131.627197265625, 33.243281858479477 ] ] ] } },
{ "type": "Feature", "properties": { "断層面ID": "FM20110_00003", "断層コード": "FM20110", "name": "中央構造線断層帯（豊予海峡−由布院区間）（傾斜角40度）", "基準位置経度": "131.459", "基準位置緯度": "33.296", "上端深さ(km)": "4.0", "断層長さ(km)": "14.0", "断層幅(km)": "12.0", "走向角(度)": "249.6", "傾斜角(度)": "70.0", "平均ケース／平均活動間隔（年）": "1650.0", "平均ケース／最新活動時期（年前）": "372.0", "平均ケース／30年発生確率": "0.0000000000", "平均ケース／50年発生確率": "0.0000000000", "確率過程": "BPT過程（同時活動モデル）", "マグニチュード": "Mw7.2", "ばらつき": "0.24", "最大ケース／平均活動間隔（年）": "1600.0", "最大ケース／最新活動時期（年前）": "422.0", "最大ケース／30年発生確率": "0.0000000000", "最大ケース／50年発生確率": "0.0000000000" }, "geometry": { "type": "Polygon", "coordinates": [ [ [ 131.4569091796875, 33.293803558346596 ], [ 131.3140869140625, 33.247875947924385 ], [ 131.297607421875, 33.284619968887682 ], [ 131.4404296875, 33.330528249028077 ], [ 131.4569091796875, 33.293803558346596 ] ] ] } },
{ "type": "Feature", "properties": { "断層面ID": "FH20110_00001", "断層コード": "FH20110", "name": "中央構造線断層帯（豊予海峡−由布院区間）（傾斜角90度）", "基準位置経度": "131.974", "基準位置緯度": "33.362", "上端深さ(km)": "4.0", "断層長さ(km)": "36.0", "断層幅(km)": "12.0", "走向角(度)": "246.4", "傾斜角(度)": "90.0", "平均ケース／平均活動間隔（年）": "1650.0", "平均ケース／最新活動時期（年前）": "372.0", "平均ケース／30年発生確率": "0.0000000000", "平均ケース／50年発生確率": "0.0000000000", "確率過程": "BPT過程（同時活動モデル）", "マグニチュード": "Mw7.2", "ばらつき": "0.24", "最大ケース／平均活動間隔（年）": "1600.0", "最大ケース／最新活動時期（年前）": "422.0", "最大ケース／30年発生確率": "0.0000000000", "最大ケース／50年発生確率": "0.0000000000" }, "geometry": { "type": "Polygon", "coordinates": [ [ [ 131.9732666015625, 33.358061612778869 ], [ 131.6162109375, 33.229498141449511 ], [ 131.9732666015625, 33.358061612778869 ] ] ] } },
{ "type": "Feature", "properties": { "断層面ID": "FH20110_00002", "断層コード": "FH20110", "name": "中央構造線断層帯（豊予海峡−由布院区間）（傾斜角90度）", "基準位置経度": "131.630", "基準位置緯度": "33.246", "上端深さ(km)": "4.0", "断層長さ(km)": "16.0", "断層幅(km)": "12.0", "走向角(度)": "290.3", "傾斜角(度)": "70.0", "平均ケース／平均活動間隔（年）": "1650.0", "平均ケース／最新活動時期（年前）": "372.0", "平均ケース／30年発生確率": "0.0000000000", "平均ケース／50年発生確率": "0.0000000000", "確率過程": "BPT過程（同時活動モデル）", "マグニチュード": "Mw7.2", "ばらつき": "0.24", "最大ケース／平均活動間隔（年）": "1600.0", "最大ケース／最新活動時期（年前）": "422.0", "最大ケース／30年発生確率": "0.0000000000", "最大ケース／50年発生確率": "0.0000000000" }, "geometry": { "type": "Polygon", "coordinates": [ [ [ 131.627197265625, 33.243281858479477 ], [ 131.4678955078125, 33.293803558346596 ], [ 131.4788818359375, 33.330528249028077 ], [ 131.6436767578125, 33.280027811732154 ], [ 131.627197265625, 33.243281858479477 ] ] ] } },
{ "type": "Feature", "properties": { "断層面ID": "FH20110_00003", "断層コード": "FH20110", "name": "中央構造線断層帯（豊予海峡−由布院区間）（傾斜角90度）", "基準位置経度": "131.459", "基準位置緯度": "33.296", "上端深さ(km)": "4.0", "断層長さ(km)": "14.0", "断層幅(km)": "12.0", "走向角(度)": "249.6", "傾斜角(度)": "70.0", "平均ケース／平均活動間隔（年）": "1650.0", "平均ケース／最新活動時期（年前）": "372.0", "平均ケース／30年発生確率": "0.0000000000", "平均ケース／50年発生確率": "0.0000000000", "確率過程": "BPT過程（同時活動モデル）", "マグニチュード": "Mw7.2", "ばらつき": "0.24", "最大ケース／平均活動間隔（年）": "1600.0", "最大ケース／最新活動時期（年前）": "422.0", "最大ケース／30年発生確率": "0.0000000000", "最大ケース／50年発生確率": "0.0000000000" }, "geometry": { "type": "Polygon", "coordinates": [ [ [ 131.4569091796875, 33.293803558346596 ], [ 131.3140869140625, 33.247875947924385 ], [ 131.297607421875, 33.284619968887682 ], [ 131.4404296875, 33.330528249028077 ], [ 131.4569091796875, 33.293803558346596 ] ] ] } },
{ "type": "Feature", "properties": { "断層面ID": "FM201CD_00002", "断層コード": "FM201CD", "name": "中央構造線断層帯（根来区間〜紀淡海峡−鳴門海峡区間が同時に活動）（傾斜角40度）", "基準位置経度": "135.099", "基準位置緯度": "34.289", "上端深さ(km)": "4.0", "断層長さ(km)": "44.0", "断層幅(km)": "18.0", "走向角(度)": "258.5", "傾斜角(度)": "40.0", "平均ケース／平均活動間隔（年）": "-", "平均ケース／最新活動時期（年前）": "-", "平均ケース／30年発生確率": "0.0000763000", "平均ケース／50年発生確率": "0.0001390000", "確率過程": "同時活動モデル", "マグニチュード": "Mw7.2", "ばらつき": "-", "最大ケース／平均活動間隔（年）": "-999.0", "最大ケース／最新活動時期（年前）": "-", "最大ケース／30年発生確率": "0.0001490000", "最大ケース／50年発生確率": "0.0002630000" }, "geometry": { "type": "Polygon", "coordinates": [ [ [ 135.098876953125, 34.288991865037531 ], [ 134.62646484375, 34.207259382072309 ], [ 134.5989990234375, 34.329828328362026 ], [ 135.06591796875, 34.406909656520597 ], [ 135.098876953125, 34.288991865037531 ] ] ] } },
{ "type": "Feature", "properties": { "断層面ID": "FH201CD_00002", "断層コード": "FH201CD", "name": "中央構造線断層帯（根来区間〜紀淡海峡−鳴門海峡区間が同時に活動）（傾斜角90度）", "基準位置経度": "135.119", "基準位置緯度": "34.248", "上端深さ(km)": "4.0", "断層長さ(km)": "46.0", "断層幅(km)": "12.0", "走向角(度)": "258.5", "傾斜角(度)": "90.0", "平均ケース／平均活動間隔（年）": "-", "平均ケース／最新活動時期（年前）": "-", "平均ケース／30年発生確率": "0.0000763000", "平均ケース／50年発生確率": "0.0001390000", "確率過程": "同時活動モデル", "マグニチュード": "Mw7.2", "ばらつき": "-", "最大ケース／平均活動間隔（年）": "-999.0", "最大ケース／最新活動時期（年前）": "-", "最大ケース／30年発生確率": "0.0001490000", "最大ケース／50年発生確率": "0.0002630000" }, "geometry": { "type": "Polygon", "coordinates": [ [ [ 135.1153564453125, 34.243594729697406 ], [ 134.62646484375, 34.161818161230386 ], [ 135.1153564453125, 34.243594729697406 ] ] ] } },
{ "type": "Feature", "properties": { "断層面ID": "FM201DE_00001", "断層コード": "FM201DE", "name": "中央構造線断層帯（紀淡海峡−鳴門海峡区間〜讃岐山脈南縁東部区間が同時に活動）（傾斜角40度）", "基準位置経度": "135.099", "基準位置緯度": "34.289", "上端深さ(km)": "4.0", "断層長さ(km)": "44.0", "断層幅(km)": "18.0", "走向角(度)": "258.5", "傾斜角(度)": "40.0", "平均ケース／平均活動間隔（年）": "-", "平均ケース／最新活動時期（年前）": "-", "平均ケース／30年発生確率": "0.0000000000", "平均ケース／50年発生確率": "0.0000000000", "確率過程": "同時活動モデル", "マグニチュード": "Mw7.4", "ばらつき": "-", "最大ケース／平均活動間隔（年）": "-999.0", "最大ケース／最新活動時期（年前）": "-", "最大ケース／30年発生確率": "0.0019500000", "最大ケース／50年発生確率": "0.0037600000" }, "geometry": { "type": "Polygon", "coordinates": [ [ [ 135.098876953125, 34.288991865037531 ], [ 134.62646484375, 34.207259382072309 ], [ 134.5989990234375, 34.329828328362026 ], [ 135.06591796875, 34.406909656520597 ], [ 135.098876953125, 34.288991865037531 ] ] ] } },
{ "type": "Feature", "properties": { "断層面ID": "FM201DE_00002", "断層コード": "FM201DE", "name": "中央構造線断層帯（紀淡海峡−鳴門海峡区間〜讃岐山脈南縁東部区間が同時に活動）（傾斜角40度）", "基準位置経度": "134.642", "基準位置緯度": "34.219", "上端深さ(km)": "4.0", "断層長さ(km)": "54.0", "断層幅(km)": "18.0", "走向角(度)": "257.3", "傾斜角(度)": "40.0", "平均ケース／平均活動間隔（年）": "-", "平均ケース／最新活動時期（年前）": "-", "平均ケース／30年発生確率": "0.0000000000", "平均ケース／50年発生確率": "0.0000000000", "確率過程": "同時活動モデル", "マグニチュード": "Mw7.4", "ばらつき": "-", "最大ケース／平均活動間隔（年）": "-999.0", "最大ケース／最新活動時期（年前）": "-", "最大ケース／30年発生確率": "0.0019500000", "最大ケース／50年発生確率": "0.0037600000" }, "geometry": { "type": "Polygon", "coordinates": [ [ [ 134.637451171875, 34.216344688434631 ], [ 134.066162109375, 34.11180455556898 ], [ 134.033203125, 34.229970811273077 ], [ 134.6044921875, 34.338900400404995 ], [ 134.637451171875, 34.216344688434631 ] ] ] } },
{ "type": "Feature", "properties": { "断層面ID": "FH201DE_00001", "断層コード": "FH201DE", "name": "中央構造線断層帯（紀淡海峡−鳴門海峡区間〜讃岐山脈南縁東部区間が同時に活動）（傾斜角90度）", "基準位置経度": "135.119", "基準位置緯度": "34.248", "上端深さ(km)": "4.0", "断層長さ(km)": "46.0", "断層幅(km)": "12.0", "走向角(度)": "258.5", "傾斜角(度)": "90.0", "平均ケース／平均活動間隔（年）": "-", "平均ケース／最新活動時期（年前）": "-", "平均ケース／30年発生確率": "0.0000000000", "平均ケース／50年発生確率": "0.0000000000", "確率過程": "同時活動モデル", "マグニチュード": "Mw7.4", "ばらつき": "-", "最大ケース／平均活動間隔（年）": "-999.0", "最大ケース／最新活動時期（年前）": "-", "最大ケース／30年発生確率": "0.0019500000", "最大ケース／50年発生確率": "0.0037600000" }, "geometry": { "type": "Polygon", "coordinates": [ [ [ 135.1153564453125, 34.243594729697406 ], [ 134.62646484375, 34.161818161230386 ], [ 135.1153564453125, 34.243594729697406 ] ] ] } },
{ "type": "Feature", "properties": { "断層面ID": "FH201DE_00002", "断層コード": "FH201DE", "name": "中央構造線断層帯（紀淡海峡−鳴門海峡区間〜讃岐山脈南縁東部区間が同時に活動）（傾斜角90度）", "基準位置経度": "134.664", "基準位置緯度": "34.179", "上端深さ(km)": "4.0", "断層長さ(km)": "56.0", "断層幅(km)": "12.0", "走向角(度)": "257.3", "傾斜角(度)": "90.0", "平均ケース／平均活動間隔（年）": "-", "平均ケース／最新活動時期（年前）": "-", "平均ケース／30年発生確率": "0.0000000000", "平均ケース／50年発生確率": "0.0000000000", "確率過程": "同時活動モデル", "マグニチュード": "Mw7.4", "ばらつき": "-", "最大ケース／平均活動間隔（年）": "-999.0", "最大ケース／最新活動時期（年前）": "-", "最大ケース／30年発生確率": "0.0019500000", "最大ケース／50年発生確率": "0.0037600000" }, "geometry": { "type": "Polygon", "coordinates": [ [ [ 134.659423828125, 34.175453097578526 ], [ 134.066162109375, 34.066311964721052 ], [ 134.659423828125, 34.175453097578526 ] ] ] } },
{ "type": "Feature", "properties": { "断層面ID": "FM201EF_00001", "断層コード": "FM201EF", "name": "中央構造線断層帯（讃岐山脈南縁東部区間〜讃岐山脈南縁西部区間が同時に活動）（傾斜角40度）", "基準位置経度": "134.642", "基準位置緯度": "34.219", "上端深さ(km)": "4.0", "断層長さ(km)": "54.0", "断層幅(km)": "18.0", "走向角(度)": "257.3", "傾斜角(度)": "40.0", "平均ケース／平均活動間隔（年）": "-", "平均ケース／最新活動時期（年前）": "-", "平均ケース／30年発生確率": "0.0000000000", "平均ケース／50年発生確率": "0.0000000000", "確率過程": "同時活動モデル", "マグニチュード": "Mw7.5", "ばらつき": "-", "最大ケース／平均活動間隔（年）": "-999.0", "最大ケース／最新活動時期（年前）": "-", "最大ケース／30年発生確率": "0.0002270000", "最大ケース／50年発生確率": "0.0004830000" }, "geometry": { "type": "Polygon", "coordinates": [ [ [ 134.637451171875, 34.216344688434631 ], [ 134.066162109375, 34.11180455556898 ], [ 134.033203125, 34.229970811273077 ], [ 134.6044921875, 34.338900400404995 ], [ 134.637451171875, 34.216344688434631 ] ] ] } },
{ "type": "Feature", "properties": { "断層面ID": "FM201EF_00002", "断層コード": "FM201EF", "name": "中央構造線断層帯（讃岐山脈南縁東部区間〜讃岐山脈南縁西部区間が同時に活動）（傾斜角40度）", "基準位置経度": "134.091", "基準位置緯度": "34.126", "上端深さ(km)": "4.0", "断層長さ(km)": "84.0", "断層幅(km)": "18.0", "走向角(度)": "255.8", "傾斜角(度)": "40.0", "平均ケース／平均活動間隔（年）": "-", "平均ケース／最新活動時期（年前）": "-", "平均ケース／30年発生確率": "0.0000000000", "平均ケース／50年発生確率": "0.0000000000", "確率過程": "同時活動モデル", "マグニチュード": "Mw7.5", "ばらつき": "-", "最大ケース／平均活動間隔（年）": "-999.0", "最大ケース／最新活動時期（年前）": "-", "最大ケース／30年発生確率": "0.0002270000", "最大ケース／50年発生確率": "0.0004830000" }, "geometry": { "type": "Polygon", "coordinates": [ [ [ 134.088134765625, 34.125447565116119 ], [ 133.2037353515625, 33.938802750845781 ], [ 133.1707763671875, 34.057210513510299 ], [ 134.0496826171875, 34.243594729697406 ], [ 134.088134765625, 34.125447565116119 ] ] ] } },
{ "type": "Feature", "properties": { "断層面ID": "FH201EF_00001", "断層コード": "FH201EF", "name": "中央構造線断層帯（讃岐山脈南縁東部区間〜讃岐山脈南縁西部区間が同時に活動）（傾斜角90度）", "基準位置経度": "134.664", "基準位置緯度": "34.179", "上端深さ(km)": "4.0", "断層長さ(km)": "56.0", "断層幅(km)": "12.0", "走向角(度)": "257.3", "傾斜角(度)": "90.0", "平均ケース／平均活動間隔（年）": "-", "平均ケース／最新活動時期（年前）": "-", "平均ケース／30年発生確率": "0.0000000000", "平均ケース／50年発生確率": "0.0000000000", "確率過程": "同時活動モデル", "マグニチュード": "Mw7.5", "ばらつき": "-", "最大ケース／平均活動間隔（年）": "-999.0", "最大ケース／最新活動時期（年前）": "-", "最大ケース／30年発生確率": "0.0002270000", "最大ケース／50年発生確率": "0.0004830000" }, "geometry": { "type": "Polygon", "coordinates": [ [ [ 134.659423828125, 34.175453097578526 ], [ 134.066162109375, 34.066311964721052 ], [ 134.659423828125, 34.175453097578526 ] ] ] } },
{ "type": "Feature", "properties": { "断層面ID": "FH201EF_00002", "断層コード": "FH201EF", "name": "中央構造線断層帯（讃岐山脈南縁東部区間〜讃岐山脈南縁西部区間が同時に活動）（傾斜角90度）", "基準位置経度": "134.114", "基準位置緯度": "34.086", "上端深さ(km)": "4.0", "断層長さ(km)": "86.0", "断層幅(km)": "12.0", "走向角(度)": "255.8", "傾斜角(度)": "90.0", "平均ケース／平均活動間隔（年）": "-", "平均ケース／最新活動時期（年前）": "-", "平均ケース／30年発生確率": "0.0000000000", "平均ケース／50年発生確率": "0.0000000000", "確率過程": "同時活動モデル", "マグニチュード": "Mw7.5", "ばらつき": "-", "最大ケース／平均活動間隔（年）": "-999.0", "最大ケース／最新活動時期（年前）": "-", "最大ケース／30年発生確率": "0.0002270000", "最大ケース／50年発生確率": "0.0004830000" }, "geometry": { "type": "Polygon", "coordinates": [ [ [ 134.110107421875, 34.084511934474762 ], [ 133.209228515625, 33.893217379440884 ], [ 134.110107421875, 34.084511934474762 ] ] ] } },
{ "type": "Feature", "properties": { "断層面ID": "FM201FG_00001", "断層コード": "FM201FG", "name": "中央構造線断層帯（讃岐山脈南縁西部区間〜石鎚山脈北縁区間が同時に活動）（傾斜角40度）", "基準位置経度": "134.091", "基準位置緯度": "34.126", "上端深さ(km)": "4.0", "断層長さ(km)": "84.0", "断層幅(km)": "18.0", "走向角(度)": "255.8", "傾斜角(度)": "40.0", "平均ケース／平均活動間隔（年）": "-", "平均ケース／最新活動時期（年前）": "-", "平均ケース／30年発生確率": "0.0000000000", "平均ケース／50年発生確率": "0.0000000000", "確率過程": "同時活動モデル", "マグニチュード": "Mw7.5", "ばらつき": "-", "最大ケース／平均活動間隔（年）": "-999.0", "最大ケース／最新活動時期（年前）": "-", "最大ケース／30年発生確率": "0.0000101000", "最大ケース／50年発生確率": "0.0000218000" }, "geometry": { "type": "Polygon", "coordinates": [ [ [ 134.088134765625, 34.125447565116119 ], [ 133.2037353515625, 33.938802750845781 ], [ 133.1707763671875, 34.057210513510299 ], [ 134.0496826171875, 34.243594729697406 ], [ 134.088134765625, 34.125447565116119 ] ] ] } },
{ "type": "Feature", "properties": { "断層面ID": "FM201FG_00002", "断層コード": "FM201FG", "name": "中央構造線断層帯（讃岐山脈南縁西部区間〜石鎚山脈北縁区間が同時に活動）（傾斜角40度）", "基準位置経度": "133.412", "基準位置緯度": "33.982", "上端深さ(km)": "2.0", "断層長さ(km)": "30.0", "断層幅(km)": "18.0", "走向角(度)": "253.9", "傾斜角(度)": "40.0", "平均ケース／平均活動間隔（年）": "-", "平均ケース／最新活動時期（年前）": "-", "平均ケース／30年発生確率": "0.0000000000", "平均ケース／50年発生確率": "0.0000000000", "確率過程": "同時活動モデル", "マグニチュード": "Mw7.5", "ばらつき": "-", "最大ケース／平均活動間隔（年）": "-999.0", "最大ケース／最新活動時期（年前）": "-", "最大ケース／30年発生確率": "0.0000101000", "最大ケース／50年発生確率": "0.0000218000" }, "geometry": { "type": "Polygon", "coordinates": [ [ [ 133.406982421875, 33.979808728724564 ], [ 133.099365234375, 33.906895551288684 ], [ 133.055419921875, 34.025347738147929 ], [ 133.3685302734375, 34.098159345215535 ], [ 133.406982421875, 33.979808728724564 ] ] ] } },
{ "type": "Feature", "properties": { "断層面ID": "FH201FG_00001", "断層コード": "FH201FG", "name": "中央構造線断層帯（讃岐山脈南縁西部区間〜石鎚山脈北縁区間が同時に活動）（傾斜角90度）", "基準位置経度": "134.114", "基準位置緯度": "34.086", "上端深さ(km)": "4.0", "断層長さ(km)": "86.0", "断層幅(km)": "12.0", "走向角(度)": "255.8", "傾斜角(度)": "90.0", "平均ケース／平均活動間隔（年）": "-", "平均ケース／最新活動時期（年前）": "-", "平均ケース／30年発生確率": "0.0000000000", "平均ケース／50年発生確率": "0.0000000000", "確率過程": "同時活動モデル", "マグニチュード": "Mw7.5", "ばらつき": "-", "最大ケース／平均活動間隔（年）": "-999.0", "最大ケース／最新活動時期（年前）": "-", "最大ケース／30年発生確率": "0.0000101000", "最大ケース／50年発生確率": "0.0000218000" }, "geometry": { "type": "Polygon", "coordinates": [ [ [ 134.110107421875, 34.084511934474762 ], [ 133.209228515625, 33.893217379440884 ], [ 134.110107421875, 34.084511934474762 ] ] ] } },
{ "type": "Feature", "properties": { "断層面ID": "FH201FG_00002", "断層コード": "FH201FG", "name": "中央構造線断層帯（讃岐山脈南縁西部区間〜石鎚山脈北縁区間が同時に活動）（傾斜角90度）", "基準位置経度": "133.440", "基準位置緯度": "33.966", "上端深さ(km)": "2.0", "断層長さ(km)": "34.0", "断層幅(km)": "14.0", "走向角(度)": "253.9", "傾斜角(度)": "90.0", "平均ケース／平均活動間隔（年）": "-", "平均ケース／最新活動時期（年前）": "-", "平均ケース／30年発生確率": "0.0000000000", "平均ケース／50年発生確率": "0.0000000000", "確率過程": "同時活動モデル", "マグニチュード": "Mw7.5", "ばらつき": "-", "最大ケース／平均活動間隔（年）": "-999.0", "最大ケース／最新活動時期（年前）": "-", "最大ケース／30年発生確率": "0.0000101000", "最大ケース／50年発生確率": "0.0000218000" }, "geometry": { "type": "Polygon", "coordinates": [ [ [ 133.43994140625, 33.961586289799072 ], [ 133.0828857421875, 33.879537013559244 ], [ 133.43994140625, 33.961586289799072 ] ] ] } },
{ "type": "Feature", "properties": { "断層面ID": "FM201GH_00001", "断層コード": "FM201GH", "name": "中央構造線断層帯（石鎚山脈北縁区間〜石鎚山脈北縁西部区間が同時に活動）（傾斜角40度）", "基準位置経度": "133.412", "基準位置緯度": "33.982", "上端深さ(km)": "2.0", "断層長さ(km)": "30.0", "断層幅(km)": "18.0", "走向角(度)": "253.9", "傾斜角(度)": "40.0", "平均ケース／平均活動間隔（年）": "-", "平均ケース／最新活動時期（年前）": "-", "平均ケース／30年発生確率": "0.0000000000", "平均ケース／50年発生確率": "0.0000000000", "確率過程": "同時活動モデル", "マグニチュード": "Mw7.2", "ばらつき": "-", "最大ケース／平均活動間隔（年）": "-999.0", "最大ケース／最新活動時期（年前）": "-", "最大ケース／30年発生確率": "0.0000101000", "最大ケース／50年発生確率": "0.0000218000" }, "geometry": { "type": "Polygon", "coordinates": [ [ [ 133.406982421875, 33.979808728724564 ], [ 133.099365234375, 33.906895551288684 ], [ 133.055419921875, 34.025347738147929 ], [ 133.3685302734375, 34.098159345215535 ], [ 133.406982421875, 33.979808728724564 ] ] ] } },
{ "type": "Feature", "properties": { "断層面ID": "FM201GH_00002", "断層コード": "FM201GH", "name": "中央構造線断層帯（石鎚山脈北縁区間〜石鎚山脈北縁西部区間が同時に活動）（傾斜角40度）", "基準位置経度": "133.234", "基準位置緯度": "33.928", "上端深さ(km)": "2.0", "断層長さ(km)": "42.0", "断層幅(km)": "18.0", "走向角(度)": "248.7", "傾斜角(度)": "40.0", "平均ケース／平均活動間隔（年）": "-", "平均ケース／最新活動時期（年前）": "-", "平均ケース／30年発生確率": "0.0000000000", "平均ケース／50年発生確率": "0.0000000000", "確率過程": "同時活動モデル", "マグニチュード": "Mw7.2", "ばらつき": "-", "最大ケース／平均活動間隔（年）": "-999.0", "最大ケース／最新活動時期（年前）": "-", "最大ケース／30年発生確率": "0.0000101000", "最大ケース／50年発生確率": "0.0000218000" }, "geometry": { "type": "Polygon", "coordinates": [ [ [ 133.231201171875, 33.925129700071992 ], [ 132.8082275390625, 33.788278536259966 ], [ 132.7532958984375, 33.902336404480678 ], [ 133.17626953125, 34.043556504127437 ], [ 133.231201171875, 33.925129700071992 ] ] ] } },
{ "type": "Feature", "properties": { "断層面ID": "FH201GH_00001", "断層コード": "FH201GH", "name": "中央構造線断層帯（石鎚山脈北縁区間〜石鎚山脈北縁西部区間が同時に活動）（傾斜角90度）", "基準位置経度": "133.440", "基準位置緯度": "33.966", "上端深さ(km)": "2.0", "断層長さ(km)": "34.0", "断層幅(km)": "14.0", "走向角(度)": "253.9", "傾斜角(度)": "90.0", "平均ケース／平均活動間隔（年）": "-", "平均ケース／最新活動時期（年前）": "-", "平均ケース／30年発生確率": "0.0000000000", "平均ケース／50年発生確率": "0.0000000000", "確率過程": "同時活動モデル", "マグニチュード": "Mw7.2", "ばらつき": "-", "最大ケース／平均活動間隔（年）": "-999.0", "最大ケース／最新活動時期（年前）": "-", "最大ケース／30年発生確率": "0.0000101000", "最大ケース／50年発生確率": "0.0000218000" }, "geometry": { "type": "Polygon", "coordinates": [ [ [ 133.43994140625, 33.961586289799072 ], [ 133.0828857421875, 33.879537013559244 ], [ 133.43994140625, 33.961586289799072 ] ] ] } },
{ "type": "Feature", "properties": { "断層面ID": "FH201GH_00002", "断層コード": "FH201GH", "name": "中央構造線断層帯（石鎚山脈北縁区間〜石鎚山脈北縁西部区間が同時に活動）（傾斜角90度）", "基準位置経度": "133.255", "基準位置緯度": "33.934", "上端深さ(km)": "2.0", "断層長さ(km)": "46.0", "断層幅(km)": "14.0", "走向角(度)": "248.7", "傾斜角(度)": "90.0", "平均ケース／平均活動間隔（年）": "-", "平均ケース／最新活動時期（年前）": "-", "平均ケース／30年発生確率": "0.0000000000", "平均ケース／50年発生確率": "0.0000000000", "確率過程": "同時活動モデル", "マグニチュード": "Mw7.2", "ばらつき": "-", "最大ケース／平均活動間隔（年）": "-999.0", "最大ケース／最新活動時期（年前）": "-", "最大ケース／30年発生確率": "0.0000101000", "最大ケース／50年発生確率": "0.0000218000" }, "geometry": { "type": "Polygon", "coordinates": [ [ [ 133.253173828125, 33.929687627576598 ], [ 132.7862548828125, 33.779147331286467 ], [ 133.253173828125, 33.929687627576598 ] ] ] } },
{ "type": "Feature", "properties": { "断層面ID": "FM201HI_00001", "断層コード": "FM201HI", "name": "中央構造線断層帯（石鎚山脈北縁西部区間〜伊予灘区間が同時に活動）（傾斜角40度）", "基準位置経度": "133.234", "基準位置緯度": "33.928", "上端深さ(km)": "2.0", "断層長さ(km)": "42.0", "断層幅(km)": "18.0", "走向角(度)": "248.7", "傾斜角(度)": "40.0", "平均ケース／平均活動間隔（年）": "-", "平均ケース／最新活動時期（年前）": "-", "平均ケース／30年発生確率": "0.0000000000", "平均ケース／50年発生確率": "0.0000000000", "確率過程": "同時活動モデル", "マグニチュード": "Mw7.5", "ばらつき": "-", "最大ケース／平均活動間隔（年）": "-999.0", "最大ケース／最新活動時期（年前）": "-", "最大ケース／30年発生確率": "0.0000000000", "最大ケース／50年発生確率": "0.0000000000" }, "geometry": { "type": "Polygon", "coordinates": [ [ [ 133.231201171875, 33.925129700071992 ], [ 132.8082275390625, 33.788278536259966 ], [ 132.7532958984375, 33.902336404480678 ], [ 133.17626953125, 34.043556504127437 ], [ 133.231201171875, 33.925129700071992 ] ] ] } },
{ "type": "Feature", "properties": { "断層面ID": "FM201HI_00002", "断層コード": "FM201HI", "name": "中央構造線断層帯（石鎚山脈北縁西部区間〜伊予灘区間が同時に活動）（傾斜角40度）", "基準位置経度": "132.783", "基準位置緯度": "33.794", "上端深さ(km)": "4.0", "断層長さ(km)": "90.0", "断層幅(km)": "18.0", "走向角(度)": "240.7", "傾斜角(度)": "40.0", "平均ケース／平均活動間隔（年）": "-", "平均ケース／最新活動時期（年前）": "-", "平均ケース／30年発生確率": "0.0000000000", "平均ケース／50年発生確率": "0.0000000000", "確率過程": "同時活動モデル", "マグニチュード": "Mw7.5", "ばらつき": "-", "最大ケース／平均活動間隔（年）": "-999.0", "最大ケース／最新活動時期（年前）": "-", "最大ケース／30年発生確率": "0.0000000000", "最大ケース／50年発生確率": "0.0000000000" }, "geometry": { "type": "Polygon", "coordinates": [ [ [ 132.78076171875, 33.792843773631844 ], [ 131.934814453125, 33.394759218577988 ], [ 131.85791015625, 33.504759069226083 ], [ 132.7093505859375, 33.902336404480678 ], [ 132.78076171875, 33.792843773631844 ] ] ] } },
{ "type": "Feature", "properties": { "断層面ID": "FH201HI_00001", "断層コード": "FH201HI", "name": "中央構造線断層帯（石鎚山脈北縁西部区間〜伊予灘区間が同時に活動）（傾斜角90度）", "基準位置経度": "133.255", "基準位置緯度": "33.934", "上端深さ(km)": "2.0", "断層長さ(km)": "46.0", "断層幅(km)": "14.0", "走向角(度)": "248.7", "傾斜角(度)": "90.0", "平均ケース／平均活動間隔（年）": "-", "平均ケース／最新活動時期（年前）": "-", "平均ケース／30年発生確率": "0.0000000000", "平均ケース／50年発生確率": "0.0000000000", "確率過程": "同時活動モデル", "マグニチュード": "Mw7.5", "ばらつき": "-", "最大ケース／平均活動間隔（年）": "-999.0", "最大ケース／最新活動時期（年前）": "-", "最大ケース／30年発生確率": "0.0000000000", "最大ケース／50年発生確率": "0.0000000000" }, "geometry": { "type": "Polygon", "coordinates": [ [ [ 133.253173828125, 33.929687627576598 ], [ 132.7862548828125, 33.779147331286467 ], [ 133.253173828125, 33.929687627576598 ] ] ] } },
{ "type": "Feature", "properties": { "断層面ID": "FH201HI_00002", "断層コード": "FH201HI", "name": "中央構造線断層帯（石鎚山脈北縁西部区間〜伊予灘区間が同時に活動）（傾斜角90度）", "基準位置経度": "132.805", "基準位置緯度": "33.779", "上端深さ(km)": "4.0", "断層長さ(km)": "92.0", "断層幅(km)": "12.0", "走向角(度)": "240.7", "傾斜角(度)": "90.0", "平均ケース／平均活動間隔（年）": "-", "平均ケース／最新活動時期（年前）": "-", "平均ケース／30年発生確率": "0.0000000000", "平均ケース／50年発生確率": "0.0000000000", "確率過程": "同時活動モデル", "マグニチュード": "Mw7.5", "ばらつき": "-", "最大ケース／平均活動間隔（年）": "-999.0", "最大ケース／最新活動時期（年前）": "-", "最大ケース／30年発生確率": "0.0000000000", "最大ケース／50年発生確率": "0.0000000000" }, "geometry": { "type": "Polygon", "coordinates": [ [ [ 132.802734375, 33.774581363716891 ], [ 131.934814453125, 33.371825029507249 ], [ 132.802734375, 33.774581363716891 ] ] ] } },
{ "type": "Feature", "properties": { "断層面ID": "FM201IJ_00001", "断層コード": "FM201IJ", "name": "中央構造線断層帯（伊予灘区間〜豊予海峡−由布院区間が同時に活動）（傾斜角40度）", "基準位置経度": "132.783", "基準位置緯度": "33.794", "上端深さ(km)": "4.0", "断層長さ(km)": "90.0", "断層幅(km)": "18.0", "走向角(度)": "240.7", "傾斜角(度)": "40.0", "平均ケース／平均活動間隔（年）": "-", "平均ケース／最新活動時期（年前）": "-", "平均ケース／30年発生確率": "0.0000000000", "平均ケース／50年発生確率": "0.0000000000", "確率過程": "同時活動モデル", "マグニチュード": "Mw7.6", "ばらつき": "-", "最大ケース／平均活動間隔（年）": "-999.0", "最大ケース／最新活動時期（年前）": "-", "最大ケース／30年発生確率": "0.0000000000", "最大ケース／50年発生確率": "0.0000000000" }, "geometry": { "type": "Polygon", "coordinates": [ [ [ 132.78076171875, 33.792843773631844 ], [ 131.934814453125, 33.394759218577988 ], [ 131.85791015625, 33.504759069226083 ], [ 132.7093505859375, 33.902336404480678 ], [ 132.78076171875, 33.792843773631844 ] ] ] } },
{ "type": "Feature", "properties": { "断層面ID": "FM201IJ_00002", "断層コード": "FM201IJ", "name": "中央構造線断層帯（伊予灘区間〜豊予海峡−由布院区間が同時に活動）（傾斜角40度）", "基準位置経度": "131.963", "基準位置緯度": "33.382", "上端深さ(km)": "4.0", "断層長さ(km)": "36.0", "断層幅(km)": "20.0", "走向角(度)": "246.4", "傾斜角(度)": "40.0", "平均ケース／平均活動間隔（年）": "-", "平均ケース／最新活動時期（年前）": "-", "平均ケース／30年発生確率": "0.0000000000", "平均ケース／50年発生確率": "0.0000000000", "確率過程": "同時活動モデル", "マグニチュード": "Mw7.6", "ばらつき": "-", "最大ケース／平均活動間隔（年）": "-999.0", "最大ケース／最新活動時期（年前）": "-", "最大ケース／30年発生確率": "0.0000000000", "最大ケース／50年発生確率": "0.0000000000" }, "geometry": { "type": "Polygon", "coordinates": [ [ [ 131.9622802734375, 33.380999431040266 ], [ 131.605224609375, 33.247875947924385 ], [ 131.539306640625, 33.376412351246771 ], [ 131.8963623046875, 33.504759069226083 ], [ 131.9622802734375, 33.380999431040266 ] ] ] } },
{ "type": "Feature", "properties": { "断層面ID": "FM201IJ_00003", "断層コード": "FM201IJ", "name": "中央構造線断層帯（伊予灘区間〜豊予海峡−由布院区間が同時に活動）（傾斜角40度）", "基準位置経度": "131.630", "基準位置緯度": "33.246", "上端深さ(km)": "4.0", "断層長さ(km)": "16.0", "断層幅(km)": "12.0", "走向角(度)": "290.3", "傾斜角(度)": "70.0", "平均ケース／平均活動間隔（年）": "-", "平均ケース／最新活動時期（年前）": "-", "平均ケース／30年発生確率": "0.0000000000", "平均ケース／50年発生確率": "0.0000000000", "確率過程": "同時活動モデル", "マグニチュード": "Mw7.6", "ばらつき": "-", "最大ケース／平均活動間隔（年）": "-999.0", "最大ケース／最新活動時期（年前）": "-", "最大ケース／30年発生確率": "0.0000000000", "最大ケース／50年発生確率": "0.0000000000" }, "geometry": { "type": "Polygon", "coordinates": [ [ [ 131.627197265625, 33.243281858479477 ], [ 131.4678955078125, 33.293803558346596 ], [ 131.4788818359375, 33.330528249028077 ], [ 131.6436767578125, 33.280027811732154 ], [ 131.627197265625, 33.243281858479477 ] ] ] } },
{ "type": "Feature", "properties": { "断層面ID": "FM201IJ_00004", "断層コード": "FM201IJ", "name": "中央構造線断層帯（伊予灘区間〜豊予海峡−由布院区間が同時に活動）（傾斜角40度）", "基準位置経度": "131.459", "基準位置緯度": "33.296", "上端深さ(km)": "4.0", "断層長さ(km)": "14.0", "断層幅(km)": "12.0", "走向角(度)": "249.6", "傾斜角(度)": "70.0", "平均ケース／平均活動間隔（年）": "-", "平均ケース／最新活動時期（年前）": "-", "平均ケース／30年発生確率": "0.0000000000", "平均ケース／50年発生確率": "0.0000000000", "確率過程": "同時活動モデル", "マグニチュード": "Mw7.6", "ばらつき": "-", "最大ケース／平均活動間隔（年）": "-999.0", "最大ケース／最新活動時期（年前）": "-", "最大ケース／30年発生確率": "0.0000000000", "最大ケース／50年発生確率": "0.0000000000" }, "geometry": { "type": "Polygon", "coordinates": [ [ [ 131.4569091796875, 33.293803558346596 ], [ 131.3140869140625, 33.247875947924385 ], [ 131.297607421875, 33.284619968887682 ], [ 131.4404296875, 33.330528249028077 ], [ 131.4569091796875, 33.293803558346596 ] ] ] } },
{ "type": "Feature", "properties": { "断層面ID": "FH201IJ_00001", "断層コード": "FH201IJ", "name": "中央構造線断層帯（伊予灘区間〜豊予海峡−由布院区間が同時に活動）（傾斜角90度）", "基準位置経度": "132.805", "基準位置緯度": "33.779", "上端深さ(km)": "4.0", "断層長さ(km)": "92.0", "断層幅(km)": "12.0", "走向角(度)": "240.7", "傾斜角(度)": "90.0", "平均ケース／平均活動間隔（年）": "-", "平均ケース／最新活動時期（年前）": "-", "平均ケース／30年発生確率": "0.0000000000", "平均ケース／50年発生確率": "0.0000000000", "確率過程": "同時活動モデル", "マグニチュード": "Mw7.6", "ばらつき": "-", "最大ケース／平均活動間隔（年）": "-999.0", "最大ケース／最新活動時期（年前）": "-", "最大ケース／30年発生確率": "0.0000000000", "最大ケース／50年発生確率": "0.0000000000" }, "geometry": { "type": "Polygon", "coordinates": [ [ [ 132.802734375, 33.774581363716891 ], [ 131.934814453125, 33.371825029507249 ], [ 132.802734375, 33.774581363716891 ] ] ] } },
{ "type": "Feature", "properties": { "断層面ID": "FH201IJ_00002", "断層コード": "FH201IJ", "name": "中央構造線断層帯（伊予灘区間〜豊予海峡−由布院区間が同時に活動）（傾斜角90度）", "基準位置経度": "131.974", "基準位置緯度": "33.362", "上端深さ(km)": "4.0", "断層長さ(km)": "36.0", "断層幅(km)": "12.0", "走向角(度)": "246.4", "傾斜角(度)": "90.0", "平均ケース／平均活動間隔（年）": "-", "平均ケース／最新活動時期（年前）": "-", "平均ケース／30年発生確率": "0.0000000000", "平均ケース／50年発生確率": "0.0000000000", "確率過程": "同時活動モデル", "マグニチュード": "Mw7.6", "ばらつき": "-", "最大ケース／平均活動間隔（年）": "-999.0", "最大ケース／最新活動時期（年前）": "-", "最大ケース／30年発生確率": "0.0000000000", "最大ケース／50年発生確率": "0.0000000000" }, "geometry": { "type": "Polygon", "coordinates": [ [ [ 131.9732666015625, 33.358061612778869 ], [ 131.6162109375, 33.229498141449511 ], [ 131.9732666015625, 33.358061612778869 ] ] ] } },
{ "type": "Feature", "properties": { "断層面ID": "FH201IJ_00003", "断層コード": "FH201IJ", "name": "中央構造線断層帯（伊予灘区間〜豊予海峡−由布院区間が同時に活動）（傾斜角90度）", "基準位置経度": "131.630", "基準位置緯度": "33.246", "上端深さ(km)": "4.0", "断層長さ(km)": "16.0", "断層幅(km)": "12.0", "走向角(度)": "290.3", "傾斜角(度)": "70.0", "平均ケース／平均活動間隔（年）": "-", "平均ケース／最新活動時期（年前）": "-", "平均ケース／30年発生確率": "0.0000000000", "平均ケース／50年発生確率": "0.0000000000", "確率過程": "同時活動モデル", "マグニチュード": "Mw7.6", "ばらつき": "-", "最大ケース／平均活動間隔（年）": "-999.0", "最大ケース／最新活動時期（年前）": "-", "最大ケース／30年発生確率": "0.0000000000", "最大ケース／50年発生確率": "0.0000000000" }, "geometry": { "type": "Polygon", "coordinates": [ [ [ 131.627197265625, 33.243281858479477 ], [ 131.4678955078125, 33.293803558346596 ], [ 131.4788818359375, 33.330528249028077 ], [ 131.6436767578125, 33.280027811732154 ], [ 131.627197265625, 33.243281858479477 ] ] ] } },
{ "type": "Feature", "properties": { "断層面ID": "FH201IJ_00004", "断層コード": "FH201IJ", "name": "中央構造線断層帯（伊予灘区間〜豊予海峡−由布院区間が同時に活動）（傾斜角90度）", "基準位置経度": "131.459", "基準位置緯度": "33.296", "上端深さ(km)": "4.0", "断層長さ(km)": "14.0", "断層幅(km)": "12.0", "走向角(度)": "249.6", "傾斜角(度)": "70.0", "平均ケース／平均活動間隔（年）": "-", "平均ケース／最新活動時期（年前）": "-", "平均ケース／30年発生確率": "0.0000000000", "平均ケース／50年発生確率": "0.0000000000", "確率過程": "同時活動モデル", "マグニチュード": "Mw7.6", "ばらつき": "-", "最大ケース／平均活動間隔（年）": "-999.0", "最大ケース／最新活動時期（年前）": "-", "最大ケース／30年発生確率": "0.0000000000", "最大ケース／50年発生確率": "0.0000000000" }, "geometry": { "type": "Polygon", "coordinates": [ [ [ 131.4569091796875, 33.293803558346596 ], [ 131.3140869140625, 33.247875947924385 ], [ 131.297607421875, 33.284619968887682 ], [ 131.4404296875, 33.330528249028077 ], [ 131.4569091796875, 33.293803558346596 ] ] ] } },
{ "type": "Feature", "properties": { "断層面ID": "FM201BD_00003", "断層コード": "FM201BD", "name": "中央構造線断層帯（五条谷区間〜紀淡海峡−鳴門海峡区間が同時に活動）（傾斜角40度）", "基準位置経度": "135.099", "基準位置緯度": "34.289", "上端深さ(km)": "4.0", "断層長さ(km)": "44.0", "断層幅(km)": "18.0", "走向角(度)": "258.5", "傾斜角(度)": "40.0", "平均ケース／平均活動間隔（年）": "-", "平均ケース／最新活動時期（年前）": "-", "平均ケース／30年発生確率": "0.0000763000", "平均ケース／50年発生確率": "0.0001390000", "確率過程": "同時活動モデル", "マグニチュード": "Mw7.4", "ばらつき": "-", "最大ケース／平均活動間隔（年）": "-999.0", "最大ケース／最新活動時期（年前）": "-", "最大ケース／30年発生確率": "0.0001490000", "最大ケース／50年発生確率": "0.0002630000" }, "geometry": { "type": "Polygon", "coordinates": [ [ [ 135.098876953125, 34.288991865037531 ], [ 134.62646484375, 34.207259382072309 ], [ 134.5989990234375, 34.329828328362026 ], [ 135.06591796875, 34.406909656520597 ], [ 135.098876953125, 34.288991865037531 ] ] ] } },
{ "type": "Feature", "properties": { "断層面ID": "FH201BD_00003", "断層コード": "FH201BD", "name": "中央構造線断層帯（五条谷区間〜紀淡海峡−鳴門海峡区間が同時に活動）（傾斜角90度）", "基準位置経度": "135.119", "基準位置緯度": "34.248", "上端深さ(km)": "4.0", "断層長さ(km)": "46.0", "断層幅(km)": "12.0", "走向角(度)": "258.5", "傾斜角(度)": "90.0", "平均ケース／平均活動間隔（年）": "-", "平均ケース／最新活動時期（年前）": "-", "平均ケース／30年発生確率": "0.0000763000", "平均ケース／50年発生確率": "0.0001390000", "確率過程": "同時活動モデル", "マグニチュード": "Mw7.4", "ばらつき": "-", "最大ケース／平均活動間隔（年）": "-999.0", "最大ケース／最新活動時期（年前）": "-", "最大ケース／30年発生確率": "0.0001490000", "最大ケース／50年発生確率": "0.0002630000" }, "geometry": { "type": "Polygon", "coordinates": [ [ [ 135.1153564453125, 34.243594729697406 ], [ 134.62646484375, 34.161818161230386 ], [ 135.1153564453125, 34.243594729697406 ] ] ] } },
{ "type": "Feature", "properties": { "断層面ID": "FM201CE_00002", "断層コード": "FM201CE", "name": "中央構造線断層帯（根来区間〜讃岐山脈南縁東部区間が同時に活動）（傾斜角40度）", "基準位置経度": "135.099", "基準位置緯度": "34.289", "上端深さ(km)": "4.0", "断層長さ(km)": "44.0", "断層幅(km)": "18.0", "走向角(度)": "258.5", "傾斜角(度)": "40.0", "平均ケース／平均活動間隔（年）": "-", "平均ケース／最新活動時期（年前）": "-", "平均ケース／30年発生確率": "0.0000000000", "平均ケース／50年発生確率": "0.0000000000", "確率過程": "同時活動モデル", "マグニチュード": "Mw7.5", "ばらつき": "-", "最大ケース／平均活動間隔（年）": "-999.0", "最大ケース／最新活動時期（年前）": "-", "最大ケース／30年発生確率": "0.0001490000", "最大ケース／50年発生確率": "0.0002630000" }, "geometry": { "type": "Polygon", "coordinates": [ [ [ 135.098876953125, 34.288991865037531 ], [ 134.62646484375, 34.207259382072309 ], [ 134.5989990234375, 34.329828328362026 ], [ 135.06591796875, 34.406909656520597 ], [ 135.098876953125, 34.288991865037531 ] ] ] } },
{ "type": "Feature", "properties": { "断層面ID": "FM201CE_00003", "断層コード": "FM201CE", "name": "中央構造線断層帯（根来区間〜讃岐山脈南縁東部区間が同時に活動）（傾斜角40度）", "基準位置経度": "134.642", "基準位置緯度": "34.219", "上端深さ(km)": "4.0", "断層長さ(km)": "54.0", "断層幅(km)": "18.0", "走向角(度)": "257.3", "傾斜角(度)": "40.0", "平均ケース／平均活動間隔（年）": "-", "平均ケース／最新活動時期（年前）": "-", "平均ケース／30年発生確率": "0.0000000000", "平均ケース／50年発生確率": "0.0000000000", "確率過程": "同時活動モデル", "マグニチュード": "Mw7.5", "ばらつき": "-", "最大ケース／平均活動間隔（年）": "-999.0", "最大ケース／最新活動時期（年前）": "-", "最大ケース／30年発生確率": "0.0001490000", "最大ケース／50年発生確率": "0.0002630000" }, "geometry": { "type": "Polygon", "coordinates": [ [ [ 134.637451171875, 34.216344688434631 ], [ 134.066162109375, 34.11180455556898 ], [ 134.033203125, 34.229970811273077 ], [ 134.6044921875, 34.338900400404995 ], [ 134.637451171875, 34.216344688434631 ] ] ] } },
{ "type": "Feature", "properties": { "断層面ID": "FH201CE_00002", "断層コード": "FH201CE", "name": "中央構造線断層帯（根来区間〜讃岐山脈南縁東部区間が同時に活動）（傾斜角90度）", "基準位置経度": "135.119", "基準位置緯度": "34.248", "上端深さ(km)": "4.0", "断層長さ(km)": "46.0", "断層幅(km)": "12.0", "走向角(度)": "258.5", "傾斜角(度)": "90.0", "平均ケース／平均活動間隔（年）": "-", "平均ケース／最新活動時期（年前）": "-", "平均ケース／30年発生確率": "0.0000000000", "平均ケース／50年発生確率": "0.0000000000", "確率過程": "同時活動モデル", "マグニチュード": "Mw7.5", "ばらつき": "-", "最大ケース／平均活動間隔（年）": "-999.0", "最大ケース／最新活動時期（年前）": "-", "最大ケース／30年発生確率": "0.0001490000", "最大ケース／50年発生確率": "0.0002630000" }, "geometry": { "type": "Polygon", "coordinates": [ [ [ 135.1153564453125, 34.243594729697406 ], [ 134.62646484375, 34.161818161230386 ], [ 135.1153564453125, 34.243594729697406 ] ] ] } },
{ "type": "Feature", "properties": { "断層面ID": "FH201CE_00003", "断層コード": "FH201CE", "name": "中央構造線断層帯（根来区間〜讃岐山脈南縁東部区間が同時に活動）（傾斜角90度）", "基準位置経度": "134.664", "基準位置緯度": "34.179", "上端深さ(km)": "4.0", "断層長さ(km)": "56.0", "断層幅(km)": "12.0", "走向角(度)": "257.3", "傾斜角(度)": "90.0", "平均ケース／平均活動間隔（年）": "-", "平均ケース／最新活動時期（年前）": "-", "平均ケース／30年発生確率": "0.0000000000", "平均ケース／50年発生確率": "0.0000000000", "確率過程": "同時活動モデル", "マグニチュード": "Mw7.5", "ばらつき": "-", "最大ケース／平均活動間隔（年）": "-999.0", "最大ケース／最新活動時期（年前）": "-", "最大ケース／30年発生確率": "0.0001490000", "最大ケース／50年発生確率": "0.0002630000" }, "geometry": { "type": "Polygon", "coordinates": [ [ [ 134.659423828125, 34.175453097578526 ], [ 134.066162109375, 34.066311964721052 ], [ 134.659423828125, 34.175453097578526 ] ] ] } },
{ "type": "Feature", "properties": { "断層面ID": "FM201DF_00001", "断層コード": "FM201DF", "name": "中央構造線断層帯（紀淡海峡−鳴門海峡区間〜讃岐山脈南縁西部区間が同時に活動）（傾斜角40度）", "基準位置経度": "135.099", "基準位置緯度": "34.289", "上端深さ(km)": "4.0", "断層長さ(km)": "44.0", "断層幅(km)": "18.0", "走向角(度)": "258.5", "傾斜角(度)": "40.0", "平均ケース／平均活動間隔（年）": "-", "平均ケース／最新活動時期（年前）": "-", "平均ケース／30年発生確率": "0.0000000000", "平均ケース／50年発生確率": "0.0000000000", "確率過程": "同時活動モデル", "マグニチュード": "Mw7.6", "ばらつき": "-", "最大ケース／平均活動間隔（年）": "-999.0", "最大ケース／最新活動時期（年前）": "-", "最大ケース／30年発生確率": "0.0002270000", "最大ケース／50年発生確率": "0.0004830000" }, "geometry": { "type": "Polygon", "coordinates": [ [ [ 135.098876953125, 34.288991865037531 ], [ 134.62646484375, 34.207259382072309 ], [ 134.5989990234375, 34.329828328362026 ], [ 135.06591796875, 34.406909656520597 ], [ 135.098876953125, 34.288991865037531 ] ] ] } },
{ "type": "Feature", "properties": { "断層面ID": "FM201DF_00002", "断層コード": "FM201DF", "name": "中央構造線断層帯（紀淡海峡−鳴門海峡区間〜讃岐山脈南縁西部区間が同時に活動）（傾斜角40度）", "基準位置経度": "134.642", "基準位置緯度": "34.219", "上端深さ(km)": "4.0", "断層長さ(km)": "54.0", "断層幅(km)": "18.0", "走向角(度)": "257.3", "傾斜角(度)": "40.0", "平均ケース／平均活動間隔（年）": "-", "平均ケース／最新活動時期（年前）": "-", "平均ケース／30年発生確率": "0.0000000000", "平均ケース／50年発生確率": "0.0000000000", "確率過程": "同時活動モデル", "マグニチュード": "Mw7.6", "ばらつき": "-", "最大ケース／平均活動間隔（年）": "-999.0", "最大ケース／最新活動時期（年前）": "-", "最大ケース／30年発生確率": "0.0002270000", "最大ケース／50年発生確率": "0.0004830000" }, "geometry": { "type": "Polygon", "coordinates": [ [ [ 134.637451171875, 34.216344688434631 ], [ 134.066162109375, 34.11180455556898 ], [ 134.033203125, 34.229970811273077 ], [ 134.6044921875, 34.338900400404995 ], [ 134.637451171875, 34.216344688434631 ] ] ] } },
{ "type": "Feature", "properties": { "断層面ID": "FM201DF_00003", "断層コード": "FM201DF", "name": "中央構造線断層帯（紀淡海峡−鳴門海峡区間〜讃岐山脈南縁西部区間が同時に活動）（傾斜角40度）", "基準位置経度": "134.091", "基準位置緯度": "34.126", "上端深さ(km)": "4.0", "断層長さ(km)": "84.0", "断層幅(km)": "18.0", "走向角(度)": "255.8", "傾斜角(度)": "40.0", "平均ケース／平均活動間隔（年）": "-", "平均ケース／最新活動時期（年前）": "-", "平均ケース／30年発生確率": "0.0000000000", "平均ケース／50年発生確率": "0.0000000000", "確率過程": "同時活動モデル", "マグニチュード": "Mw7.6", "ばらつき": "-", "最大ケース／平均活動間隔（年）": "-999.0", "最大ケース／最新活動時期（年前）": "-", "最大ケース／30年発生確率": "0.0002270000", "最大ケース／50年発生確率": "0.0004830000" }, "geometry": { "type": "Polygon", "coordinates": [ [ [ 134.088134765625, 34.125447565116119 ], [ 133.2037353515625, 33.938802750845781 ], [ 133.1707763671875, 34.057210513510299 ], [ 134.0496826171875, 34.243594729697406 ], [ 134.088134765625, 34.125447565116119 ] ] ] } },
{ "type": "Feature", "properties": { "断層面ID": "FH201DF_00001", "断層コード": "FH201DF", "name": "中央構造線断層帯（紀淡海峡−鳴門海峡区間〜讃岐山脈南縁西部区間が同時に活動）（傾斜角90度）", "基準位置経度": "135.119", "基準位置緯度": "34.248", "上端深さ(km)": "4.0", "断層長さ(km)": "46.0", "断層幅(km)": "12.0", "走向角(度)": "258.5", "傾斜角(度)": "90.0", "平均ケース／平均活動間隔（年）": "-", "平均ケース／最新活動時期（年前）": "-", "平均ケース／30年発生確率": "0.0000000000", "平均ケース／50年発生確率": "0.0000000000", "確率過程": "同時活動モデル", "マグニチュード": "Mw7.6", "ばらつき": "-", "最大ケース／平均活動間隔（年）": "-999.0", "最大ケース／最新活動時期（年前）": "-", "最大ケース／30年発生確率": "0.0002270000", "最大ケース／50年発生確率": "0.0004830000" }, "geometry": { "type": "Polygon", "coordinates": [ [ [ 135.1153564453125, 34.243594729697406 ], [ 134.62646484375, 34.161818161230386 ], [ 135.1153564453125, 34.243594729697406 ] ] ] } },
{ "type": "Feature", "properties": { "断層面ID": "FH201DF_00002", "断層コード": "FH201DF", "name": "中央構造線断層帯（紀淡海峡−鳴門海峡区間〜讃岐山脈南縁西部区間が同時に活動）（傾斜角90度）", "基準位置経度": "134.664", "基準位置緯度": "34.179", "上端深さ(km)": "4.0", "断層長さ(km)": "56.0", "断層幅(km)": "12.0", "走向角(度)": "257.3", "傾斜角(度)": "90.0", "平均ケース／平均活動間隔（年）": "-", "平均ケース／最新活動時期（年前）": "-", "平均ケース／30年発生確率": "0.0000000000", "平均ケース／50年発生確率": "0.0000000000", "確率過程": "同時活動モデル", "マグニチュード": "Mw7.6", "ばらつき": "-", "最大ケース／平均活動間隔（年）": "-999.0", "最大ケース／最新活動時期（年前）": "-", "最大ケース／30年発生確率": "0.0002270000", "最大ケース／50年発生確率": "0.0004830000" }, "geometry": { "type": "Polygon", "coordinates": [ [ [ 134.659423828125, 34.175453097578526 ], [ 134.066162109375, 34.066311964721052 ], [ 134.659423828125, 34.175453097578526 ] ] ] } },
{ "type": "Feature", "properties": { "断層面ID": "FH201DF_00003", "断層コード": "FH201DF", "name": "中央構造線断層帯（紀淡海峡−鳴門海峡区間〜讃岐山脈南縁西部区間が同時に活動）（傾斜角90度）", "基準位置経度": "134.114", "基準位置緯度": "34.086", "上端深さ(km)": "4.0", "断層長さ(km)": "86.0", "断層幅(km)": "12.0", "走向角(度)": "255.8", "傾斜角(度)": "90.0", "平均ケース／平均活動間隔（年）": "-", "平均ケース／最新活動時期（年前）": "-", "平均ケース／30年発生確率": "0.0000000000", "平均ケース／50年発生確率": "0.0000000000", "確率過程": "同時活動モデル", "マグニチュード": "Mw7.6", "ばらつき": "-", "最大ケース／平均活動間隔（年）": "-999.0", "最大ケース／最新活動時期（年前）": "-", "最大ケース／30年発生確率": "0.0002270000", "最大ケース／50年発生確率": "0.0004830000" }, "geometry": { "type": "Polygon", "coordinates": [ [ [ 134.110107421875, 34.084511934474762 ], [ 133.209228515625, 33.893217379440884 ], [ 134.110107421875, 34.084511934474762 ] ] ] } },
{ "type": "Feature", "properties": { "断層面ID": "FM201EG_00001", "断層コード": "FM201EG", "name": "中央構造線断層帯（讃岐山脈南縁東部区間〜石鎚山脈北縁区間が同時に活動）（傾斜角40度）", "基準位置経度": "134.642", "基準位置緯度": "34.219", "上端深さ(km)": "4.0", "断層長さ(km)": "54.0", "断層幅(km)": "18.0", "走向角(度)": "257.3", "傾斜角(度)": "40.0", "平均ケース／平均活動間隔（年）": "-", "平均ケース／最新活動時期（年前）": "-", "平均ケース／30年発生確率": "0.0000000000", "平均ケース／50年発生確率": "0.0000000000", "確率過程": "同時活動モデル", "マグニチュード": "Mw7.6", "ばらつき": "-", "最大ケース／平均活動間隔（年）": "-999.0", "最大ケース／最新活動時期（年前）": "-", "最大ケース／30年発生確率": "0.0000101000", "最大ケース／50年発生確率": "0.0000218000" }, "geometry": { "type": "Polygon", "coordinates": [ [ [ 134.637451171875, 34.216344688434631 ], [ 134.066162109375, 34.11180455556898 ], [ 134.033203125, 34.229970811273077 ], [ 134.6044921875, 34.338900400404995 ], [ 134.637451171875, 34.216344688434631 ] ] ] } },
{ "type": "Feature", "properties": { "断層面ID": "FM201EG_00002", "断層コード": "FM201EG", "name": "中央構造線断層帯（讃岐山脈南縁東部区間〜石鎚山脈北縁区間が同時に活動）（傾斜角40度）", "基準位置経度": "134.091", "基準位置緯度": "34.126", "上端深さ(km)": "4.0", "断層長さ(km)": "84.0", "断層幅(km)": "18.0", "走向角(度)": "255.8", "傾斜角(度)": "40.0", "平均ケース／平均活動間隔（年）": "-", "平均ケース／最新活動時期（年前）": "-", "平均ケース／30年発生確率": "0.0000000000", "平均ケース／50年発生確率": "0.0000000000", "確率過程": "同時活動モデル", "マグニチュード": "Mw7.6", "ばらつき": "-", "最大ケース／平均活動間隔（年）": "-999.0", "最大ケース／最新活動時期（年前）": "-", "最大ケース／30年発生確率": "0.0000101000", "最大ケース／50年発生確率": "0.0000218000" }, "geometry": { "type": "Polygon", "coordinates": [ [ [ 134.088134765625, 34.125447565116119 ], [ 133.2037353515625, 33.938802750845781 ], [ 133.1707763671875, 34.057210513510299 ], [ 134.0496826171875, 34.243594729697406 ], [ 134.088134765625, 34.125447565116119 ] ] ] } },
{ "type": "Feature", "properties": { "断層面ID": "FM201EG_00003", "断層コード": "FM201EG", "name": "中央構造線断層帯（讃岐山脈南縁東部区間〜石鎚山脈北縁区間が同時に活動）（傾斜角40度）", "基準位置経度": "133.412", "基準位置緯度": "33.982", "上端深さ(km)": "2.0", "断層長さ(km)": "30.0", "断層幅(km)": "18.0", "走向角(度)": "253.9", "傾斜角(度)": "40.0", "平均ケース／平均活動間隔（年）": "-", "平均ケース／最新活動時期（年前）": "-", "平均ケース／30年発生確率": "0.0000000000", "平均ケース／50年発生確率": "0.0000000000", "確率過程": "同時活動モデル", "マグニチュード": "Mw7.6", "ばらつき": "-", "最大ケース／平均活動間隔（年）": "-999.0", "最大ケース／最新活動時期（年前）": "-", "最大ケース／30年発生確率": "0.0000101000", "最大ケース／50年発生確率": "0.0000218000" }, "geometry": { "type": "Polygon", "coordinates": [ [ [ 133.406982421875, 33.979808728724564 ], [ 133.099365234375, 33.906895551288684 ], [ 133.055419921875, 34.025347738147929 ], [ 133.3685302734375, 34.098159345215535 ], [ 133.406982421875, 33.979808728724564 ] ] ] } },
{ "type": "Feature", "properties": { "断層面ID": "FH201EG_00001", "断層コード": "FH201EG", "name": "中央構造線断層帯（讃岐山脈南縁東部区間〜石鎚山脈北縁区間が同時に活動）（傾斜角90度）", "基準位置経度": "134.664", "基準位置緯度": "34.179", "上端深さ(km)": "4.0", "断層長さ(km)": "56.0", "断層幅(km)": "12.0", "走向角(度)": "257.3", "傾斜角(度)": "90.0", "平均ケース／平均活動間隔（年）": "-", "平均ケース／最新活動時期（年前）": "-", "平均ケース／30年発生確率": "0.0000000000", "平均ケース／50年発生確率": "0.0000000000", "確率過程": "同時活動モデル", "マグニチュード": "Mw7.6", "ばらつき": "-", "最大ケース／平均活動間隔（年）": "-999.0", "最大ケース／最新活動時期（年前）": "-", "最大ケース／30年発生確率": "0.0000101000", "最大ケース／50年発生確率": "0.0000218000" }, "geometry": { "type": "Polygon", "coordinates": [ [ [ 134.659423828125, 34.175453097578526 ], [ 134.066162109375, 34.066311964721052 ], [ 134.659423828125, 34.175453097578526 ] ] ] } },
{ "type": "Feature", "properties": { "断層面ID": "FH201EG_00002", "断層コード": "FH201EG", "name": "中央構造線断層帯（讃岐山脈南縁東部区間〜石鎚山脈北縁区間が同時に活動）（傾斜角90度）", "基準位置経度": "134.114", "基準位置緯度": "34.086", "上端深さ(km)": "4.0", "断層長さ(km)": "86.0", "断層幅(km)": "12.0", "走向角(度)": "255.8", "傾斜角(度)": "90.0", "平均ケース／平均活動間隔（年）": "-", "平均ケース／最新活動時期（年前）": "-", "平均ケース／30年発生確率": "0.0000000000", "平均ケース／50年発生確率": "0.0000000000", "確率過程": "同時活動モデル", "マグニチュード": "Mw7.6", "ばらつき": "-", "最大ケース／平均活動間隔（年）": "-999.0", "最大ケース／最新活動時期（年前）": "-", "最大ケース／30年発生確率": "0.0000101000", "最大ケース／50年発生確率": "0.0000218000" }, "geometry": { "type": "Polygon", "coordinates": [ [ [ 134.110107421875, 34.084511934474762 ], [ 133.209228515625, 33.893217379440884 ], [ 134.110107421875, 34.084511934474762 ] ] ] } },
{ "type": "Feature", "properties": { "断層面ID": "FH201EG_00003", "断層コード": "FH201EG", "name": "中央構造線断層帯（讃岐山脈南縁東部区間〜石鎚山脈北縁区間が同時に活動）（傾斜角90度）", "基準位置経度": "133.440", "基準位置緯度": "33.966", "上端深さ(km)": "2.0", "断層長さ(km)": "34.0", "断層幅(km)": "14.0", "走向角(度)": "253.9", "傾斜角(度)": "90.0", "平均ケース／平均活動間隔（年）": "-", "平均ケース／最新活動時期（年前）": "-", "平均ケース／30年発生確率": "0.0000000000", "平均ケース／50年発生確率": "0.0000000000", "確率過程": "同時活動モデル", "マグニチュード": "Mw7.6", "ばらつき": "-", "最大ケース／平均活動間隔（年）": "-999.0", "最大ケース／最新活動時期（年前）": "-", "最大ケース／30年発生確率": "0.0000101000", "最大ケース／50年発生確率": "0.0000218000" }, "geometry": { "type": "Polygon", "coordinates": [ [ [ 133.43994140625, 33.961586289799072 ], [ 133.0828857421875, 33.879537013559244 ], [ 133.43994140625, 33.961586289799072 ] ] ] } },
{ "type": "Feature", "properties": { "断層面ID": "FM201FH_00001", "断層コード": "FM201FH", "name": "中央構造線断層帯（讃岐山脈南縁西部区間〜石鎚山脈北縁西部区間が同時に活動）（傾斜角40度）", "基準位置経度": "134.091", "基準位置緯度": "34.126", "上端深さ(km)": "4.0", "断層長さ(km)": "84.0", "断層幅(km)": "18.0", "走向角(度)": "255.8", "傾斜角(度)": "40.0", "平均ケース／平均活動間隔（年）": "-", "平均ケース／最新活動時期（年前）": "-", "平均ケース／30年発生確率": "0.0000000000", "平均ケース／50年発生確率": "0.0000000000", "確率過程": "同時活動モデル", "マグニチュード": "Mw7.5", "ばらつき": "-", "最大ケース／平均活動間隔（年）": "-999.0", "最大ケース／最新活動時期（年前）": "-", "最大ケース／30年発生確率": "0.0002270000", "最大ケース／50年発生確率": "0.0004830000" }, "geometry": { "type": "Polygon", "coordinates": [ [ [ 134.088134765625, 34.125447565116119 ], [ 133.2037353515625, 33.938802750845781 ], [ 133.1707763671875, 34.057210513510299 ], [ 134.0496826171875, 34.243594729697406 ], [ 134.088134765625, 34.125447565116119 ] ] ] } },
{ "type": "Feature", "properties": { "断層面ID": "FM201FH_00002", "断層コード": "FM201FH", "name": "中央構造線断層帯（讃岐山脈南縁西部区間〜石鎚山脈北縁西部区間が同時に活動）（傾斜角40度）", "基準位置経度": "133.234", "基準位置緯度": "33.928", "上端深さ(km)": "2.0", "断層長さ(km)": "42.0", "断層幅(km)": "18.0", "走向角(度)": "248.7", "傾斜角(度)": "40.0", "平均ケース／平均活動間隔（年）": "-", "平均ケース／最新活動時期（年前）": "-", "平均ケース／30年発生確率": "0.0000000000", "平均ケース／50年発生確率": "0.0000000000", "確率過程": "同時活動モデル", "マグニチュード": "Mw7.5", "ばらつき": "-", "最大ケース／平均活動間隔（年）": "-999.0", "最大ケース／最新活動時期（年前）": "-", "最大ケース／30年発生確率": "0.0002270000", "最大ケース／50年発生確率": "0.0004830000" }, "geometry": { "type": "Polygon", "coordinates": [ [ [ 133.231201171875, 33.925129700071992 ], [ 132.8082275390625, 33.788278536259966 ], [ 132.7532958984375, 33.902336404480678 ], [ 133.17626953125, 34.043556504127437 ], [ 133.231201171875, 33.925129700071992 ] ] ] } },
{ "type": "Feature", "properties": { "断層面ID": "FH201FH_00001", "断層コード": "FH201FH", "name": "中央構造線断層帯（讃岐山脈南縁西部区間〜石鎚山脈北縁西部区間が同時に活動）（傾斜角90度）", "基準位置経度": "134.114", "基準位置緯度": "34.086", "上端深さ(km)": "4.0", "断層長さ(km)": "86.0", "断層幅(km)": "12.0", "走向角(度)": "255.8", "傾斜角(度)": "90.0", "平均ケース／平均活動間隔（年）": "-", "平均ケース／最新活動時期（年前）": "-", "平均ケース／30年発生確率": "0.0000000000", "平均ケース／50年発生確率": "0.0000000000", "確率過程": "同時活動モデル", "マグニチュード": "Mw7.5", "ばらつき": "-", "最大ケース／平均活動間隔（年）": "-999.0", "最大ケース／最新活動時期（年前）": "-", "最大ケース／30年発生確率": "0.0002270000", "最大ケース／50年発生確率": "0.0004830000" }, "geometry": { "type": "Polygon", "coordinates": [ [ [ 134.110107421875, 34.084511934474762 ], [ 133.209228515625, 33.893217379440884 ], [ 134.110107421875, 34.084511934474762 ] ] ] } },
{ "type": "Feature", "properties": { "断層面ID": "FH201FH_00002", "断層コード": "FH201FH", "name": "中央構造線断層帯（讃岐山脈南縁西部区間〜石鎚山脈北縁西部区間が同時に活動）（傾斜角90度）", "基準位置経度": "133.255", "基準位置緯度": "33.934", "上端深さ(km)": "2.0", "断層長さ(km)": "46.0", "断層幅(km)": "14.0", "走向角(度)": "248.7", "傾斜角(度)": "90.0", "平均ケース／平均活動間隔（年）": "-", "平均ケース／最新活動時期（年前）": "-", "平均ケース／30年発生確率": "0.0000000000", "平均ケース／50年発生確率": "0.0000000000", "確率過程": "同時活動モデル", "マグニチュード": "Mw7.5", "ばらつき": "-", "最大ケース／平均活動間隔（年）": "-999.0", "最大ケース／最新活動時期（年前）": "-", "最大ケース／30年発生確率": "0.0002270000", "最大ケース／50年発生確率": "0.0004830000" }, "geometry": { "type": "Polygon", "coordinates": [ [ [ 133.253173828125, 33.929687627576598 ], [ 132.7862548828125, 33.779147331286467 ], [ 133.253173828125, 33.929687627576598 ] ] ] } },
{ "type": "Feature", "properties": { "断層面ID": "FM201GI_00001", "断層コード": "FM201GI", "name": "中央構造線断層帯（石鎚山脈北縁区間〜伊予灘区間が同時に活動）（傾斜角40度）", "基準位置経度": "133.412", "基準位置緯度": "33.982", "上端深さ(km)": "2.0", "断層長さ(km)": "30.0", "断層幅(km)": "18.0", "走向角(度)": "253.9", "傾斜角(度)": "40.0", "平均ケース／平均活動間隔（年）": "-", "平均ケース／最新活動時期（年前）": "-", "平均ケース／30年発生確率": "0.0000000000", "平均ケース／50年発生確率": "0.0000000000", "確率過程": "同時活動モデル", "マグニチュード": "Mw7.6", "ばらつき": "-", "最大ケース／平均活動間隔（年）": "-999.0", "最大ケース／最新活動時期（年前）": "-", "最大ケース／30年発生確率": "0.0000000000", "最大ケース／50年発生確率": "0.0000000000" }, "geometry": { "type": "Polygon", "coordinates": [ [ [ 133.406982421875, 33.979808728724564 ], [ 133.099365234375, 33.906895551288684 ], [ 133.055419921875, 34.025347738147929 ], [ 133.3685302734375, 34.098159345215535 ], [ 133.406982421875, 33.979808728724564 ] ] ] } },
{ "type": "Feature", "properties": { "断層面ID": "FM201GI_00002", "断層コード": "FM201GI", "name": "中央構造線断層帯（石鎚山脈北縁区間〜伊予灘区間が同時に活動）（傾斜角40度）", "基準位置経度": "133.234", "基準位置緯度": "33.928", "上端深さ(km)": "2.0", "断層長さ(km)": "42.0", "断層幅(km)": "18.0", "走向角(度)": "248.7", "傾斜角(度)": "40.0", "平均ケース／平均活動間隔（年）": "-", "平均ケース／最新活動時期（年前）": "-", "平均ケース／30年発生確率": "0.0000000000", "平均ケース／50年発生確率": "0.0000000000", "確率過程": "同時活動モデル", "マグニチュード": "Mw7.6", "ばらつき": "-", "最大ケース／平均活動間隔（年）": "-999.0", "最大ケース／最新活動時期（年前）": "-", "最大ケース／30年発生確率": "0.0000000000", "最大ケース／50年発生確率": "0.0000000000" }, "geometry": { "type": "Polygon", "coordinates": [ [ [ 133.231201171875, 33.925129700071992 ], [ 132.8082275390625, 33.788278536259966 ], [ 132.7532958984375, 33.902336404480678 ], [ 133.17626953125, 34.043556504127437 ], [ 133.231201171875, 33.925129700071992 ] ] ] } },
{ "type": "Feature", "properties": { "断層面ID": "FM201GI_00003", "断層コード": "FM201GI", "name": "中央構造線断層帯（石鎚山脈北縁区間〜伊予灘区間が同時に活動）（傾斜角40度）", "基準位置経度": "132.783", "基準位置緯度": "33.794", "上端深さ(km)": "4.0", "断層長さ(km)": "90.0", "断層幅(km)": "18.0", "走向角(度)": "240.7", "傾斜角(度)": "40.0", "平均ケース／平均活動間隔（年）": "-", "平均ケース／最新活動時期（年前）": "-", "平均ケース／30年発生確率": "0.0000000000", "平均ケース／50年発生確率": "0.0000000000", "確率過程": "同時活動モデル", "マグニチュード": "Mw7.6", "ばらつき": "-", "最大ケース／平均活動間隔（年）": "-999.0", "最大ケース／最新活動時期（年前）": "-", "最大ケース／30年発生確率": "0.0000000000", "最大ケース／50年発生確率": "0.0000000000" }, "geometry": { "type": "Polygon", "coordinates": [ [ [ 132.78076171875, 33.792843773631844 ], [ 131.934814453125, 33.394759218577988 ], [ 131.85791015625, 33.504759069226083 ], [ 132.7093505859375, 33.902336404480678 ], [ 132.78076171875, 33.792843773631844 ] ] ] } },
{ "type": "Feature", "properties": { "断層面ID": "FH201GI_00001", "断層コード": "FH201GI", "name": "中央構造線断層帯（石鎚山脈北縁区間〜伊予灘区間が同時に活動）（傾斜角90度）", "基準位置経度": "133.440", "基準位置緯度": "33.966", "上端深さ(km)": "2.0", "断層長さ(km)": "34.0", "断層幅(km)": "14.0", "走向角(度)": "253.9", "傾斜角(度)": "90.0", "平均ケース／平均活動間隔（年）": "-", "平均ケース／最新活動時期（年前）": "-", "平均ケース／30年発生確率": "0.0000000000", "平均ケース／50年発生確率": "0.0000000000", "確率過程": "同時活動モデル", "マグニチュード": "Mw7.6", "ばらつき": "-", "最大ケース／平均活動間隔（年）": "-999.0", "最大ケース／最新活動時期（年前）": "-", "最大ケース／30年発生確率": "0.0000000000", "最大ケース／50年発生確率": "0.0000000000" }, "geometry": { "type": "Polygon", "coordinates": [ [ [ 133.43994140625, 33.961586289799072 ], [ 133.0828857421875, 33.879537013559244 ], [ 133.43994140625, 33.961586289799072 ] ] ] } },
{ "type": "Feature", "properties": { "断層面ID": "FH201GI_00002", "断層コード": "FH201GI", "name": "中央構造線断層帯（石鎚山脈北縁区間〜伊予灘区間が同時に活動）（傾斜角90度）", "基準位置経度": "133.255", "基準位置緯度": "33.934", "上端深さ(km)": "2.0", "断層長さ(km)": "46.0", "断層幅(km)": "14.0", "走向角(度)": "248.7", "傾斜角(度)": "90.0", "平均ケース／平均活動間隔（年）": "-", "平均ケース／最新活動時期（年前）": "-", "平均ケース／30年発生確率": "0.0000000000", "平均ケース／50年発生確率": "0.0000000000", "確率過程": "同時活動モデル", "マグニチュード": "Mw7.6", "ばらつき": "-", "最大ケース／平均活動間隔（年）": "-999.0", "最大ケース／最新活動時期（年前）": "-", "最大ケース／30年発生確率": "0.0000000000", "最大ケース／50年発生確率": "0.0000000000" }, "geometry": { "type": "Polygon", "coordinates": [ [ [ 133.253173828125, 33.929687627576598 ], [ 132.7862548828125, 33.779147331286467 ], [ 133.253173828125, 33.929687627576598 ] ] ] } },
{ "type": "Feature", "properties": { "断層面ID": "FH201GI_00003", "断層コード": "FH201GI", "name": "中央構造線断層帯（石鎚山脈北縁区間〜伊予灘区間が同時に活動）（傾斜角90度）", "基準位置経度": "132.805", "基準位置緯度": "33.779", "上端深さ(km)": "4.0", "断層長さ(km)": "92.0", "断層幅(km)": "12.0", "走向角(度)": "240.7", "傾斜角(度)": "90.0", "平均ケース／平均活動間隔（年）": "-", "平均ケース／最新活動時期（年前）": "-", "平均ケース／30年発生確率": "0.0000000000", "平均ケース／50年発生確率": "0.0000000000", "確率過程": "同時活動モデル", "マグニチュード": "Mw7.6", "ばらつき": "-", "最大ケース／平均活動間隔（年）": "-999.0", "最大ケース／最新活動時期（年前）": "-", "最大ケース／30年発生確率": "0.0000000000", "最大ケース／50年発生確率": "0.0000000000" }, "geometry": { "type": "Polygon", "coordinates": [ [ [ 132.802734375, 33.774581363716891 ], [ 131.934814453125, 33.371825029507249 ], [ 132.802734375, 33.774581363716891 ] ] ] } },
{ "type": "Feature", "properties": { "断層面ID": "FM201HJ_00001", "断層コード": "FM201HJ", "name": "中央構造線断層帯（石鎚山脈北縁西部区間〜豊予海峡−由布院区間が同時に活動）（傾斜角40度）", "基準位置経度": "133.234", "基準位置緯度": "33.928", "上端深さ(km)": "2.0", "断層長さ(km)": "42.0", "断層幅(km)": "18.0", "走向角(度)": "248.7", "傾斜角(度)": "40.0", "平均ケース／平均活動間隔（年）": "-", "平均ケース／最新活動時期（年前）": "-", "平均ケース／30年発生確率": "0.0000000000", "平均ケース／50年発生確率": "0.0000000000", "確率過程": "同時活動モデル", "マグニチュード": "Mw7.6", "ばらつき": "-", "最大ケース／平均活動間隔（年）": "-999.0", "最大ケース／最新活動時期（年前）": "-", "最大ケース／30年発生確率": "0.0000000000", "最大ケース／50年発生確率": "0.0000000000" }, "geometry": { "type": "Polygon", "coordinates": [ [ [ 133.231201171875, 33.925129700071992 ], [ 132.8082275390625, 33.788278536259966 ], [ 132.7532958984375, 33.902336404480678 ], [ 133.17626953125, 34.043556504127437 ], [ 133.231201171875, 33.925129700071992 ] ] ] } },
{ "type": "Feature", "properties": { "断層面ID": "FM201HJ_00002", "断層コード": "FM201HJ", "name": "中央構造線断層帯（石鎚山脈北縁西部区間〜豊予海峡−由布院区間が同時に活動）（傾斜角40度）", "基準位置経度": "132.783", "基準位置緯度": "33.794", "上端深さ(km)": "4.0", "断層長さ(km)": "90.0", "断層幅(km)": "18.0", "走向角(度)": "240.7", "傾斜角(度)": "40.0", "平均ケース／平均活動間隔（年）": "-", "平均ケース／最新活動時期（年前）": "-", "平均ケース／30年発生確率": "0.0000000000", "平均ケース／50年発生確率": "0.0000000000", "確率過程": "同時活動モデル", "マグニチュード": "Mw7.6", "ばらつき": "-", "最大ケース／平均活動間隔（年）": "-999.0", "最大ケース／最新活動時期（年前）": "-", "最大ケース／30年発生確率": "0.0000000000", "最大ケース／50年発生確率": "0.0000000000" }, "geometry": { "type": "Polygon", "coordinates": [ [ [ 132.78076171875, 33.792843773631844 ], [ 131.934814453125, 33.394759218577988 ], [ 131.85791015625, 33.504759069226083 ], [ 132.7093505859375, 33.902336404480678 ], [ 132.78076171875, 33.792843773631844 ] ] ] } },
{ "type": "Feature", "properties": { "断層面ID": "FM201HJ_00003", "断層コード": "FM201HJ", "name": "中央構造線断層帯（石鎚山脈北縁西部区間〜豊予海峡−由布院区間が同時に活動）（傾斜角40度）", "基準位置経度": "131.963", "基準位置緯度": "33.382", "上端深さ(km)": "4.0", "断層長さ(km)": "36.0", "断層幅(km)": "20.0", "走向角(度)": "246.4", "傾斜角(度)": "40.0", "平均ケース／平均活動間隔（年）": "-", "平均ケース／最新活動時期（年前）": "-", "平均ケース／30年発生確率": "0.0000000000", "平均ケース／50年発生確率": "0.0000000000", "確率過程": "同時活動モデル", "マグニチュード": "Mw7.6", "ばらつき": "-", "最大ケース／平均活動間隔（年）": "-999.0", "最大ケース／最新活動時期（年前）": "-", "最大ケース／30年発生確率": "0.0000000000", "最大ケース／50年発生確率": "0.0000000000" }, "geometry": { "type": "Polygon", "coordinates": [ [ [ 131.9622802734375, 33.380999431040266 ], [ 131.605224609375, 33.247875947924385 ], [ 131.539306640625, 33.376412351246771 ], [ 131.8963623046875, 33.504759069226083 ], [ 131.9622802734375, 33.380999431040266 ] ] ] } },
{ "type": "Feature", "properties": { "断層面ID": "FM201HJ_00004", "断層コード": "FM201HJ", "name": "中央構造線断層帯（石鎚山脈北縁西部区間〜豊予海峡−由布院区間が同時に活動）（傾斜角40度）", "基準位置経度": "131.630", "基準位置緯度": "33.246", "上端深さ(km)": "4.0", "断層長さ(km)": "16.0", "断層幅(km)": "12.0", "走向角(度)": "290.3", "傾斜角(度)": "70.0", "平均ケース／平均活動間隔（年）": "-", "平均ケース／最新活動時期（年前）": "-", "平均ケース／30年発生確率": "0.0000000000", "平均ケース／50年発生確率": "0.0000000000", "確率過程": "同時活動モデル", "マグニチュード": "Mw7.6", "ばらつき": "-", "最大ケース／平均活動間隔（年）": "-999.0", "最大ケース／最新活動時期（年前）": "-", "最大ケース／30年発生確率": "0.0000000000", "最大ケース／50年発生確率": "0.0000000000" }, "geometry": { "type": "Polygon", "coordinates": [ [ [ 131.627197265625, 33.243281858479477 ], [ 131.4678955078125, 33.293803558346596 ], [ 131.4788818359375, 33.330528249028077 ], [ 131.6436767578125, 33.280027811732154 ], [ 131.627197265625, 33.243281858479477 ] ] ] } },
{ "type": "Feature", "properties": { "断層面ID": "FM201HJ_00005", "断層コード": "FM201HJ", "name": "中央構造線断層帯（石鎚山脈北縁西部区間〜豊予海峡−由布院区間が同時に活動）（傾斜角40度）", "基準位置経度": "131.459", "基準位置緯度": "33.296", "上端深さ(km)": "4.0", "断層長さ(km)": "14.0", "断層幅(km)": "12.0", "走向角(度)": "249.6", "傾斜角(度)": "70.0", "平均ケース／平均活動間隔（年）": "-", "平均ケース／最新活動時期（年前）": "-", "平均ケース／30年発生確率": "0.0000000000", "平均ケース／50年発生確率": "0.0000000000", "確率過程": "同時活動モデル", "マグニチュード": "Mw7.6", "ばらつき": "-", "最大ケース／平均活動間隔（年）": "-999.0", "最大ケース／最新活動時期（年前）": "-", "最大ケース／30年発生確率": "0.0000000000", "最大ケース／50年発生確率": "0.0000000000" }, "geometry": { "type": "Polygon", "coordinates": [ [ [ 131.4569091796875, 33.293803558346596 ], [ 131.3140869140625, 33.247875947924385 ], [ 131.297607421875, 33.284619968887682 ], [ 131.4404296875, 33.330528249028077 ], [ 131.4569091796875, 33.293803558346596 ] ] ] } },
{ "type": "Feature", "properties": { "断層面ID": "FH201HJ_00001", "断層コード": "FH201HJ", "name": "中央構造線断層帯（石鎚山脈北縁西部区間〜豊予海峡−由布院区間が同時に活動）（傾斜角90度）", "基準位置経度": "133.255", "基準位置緯度": "33.934", "上端深さ(km)": "2.0", "断層長さ(km)": "46.0", "断層幅(km)": "14.0", "走向角(度)": "248.7", "傾斜角(度)": "90.0", "平均ケース／平均活動間隔（年）": "-", "平均ケース／最新活動時期（年前）": "-", "平均ケース／30年発生確率": "0.0000000000", "平均ケース／50年発生確率": "0.0000000000", "確率過程": "同時活動モデル", "マグニチュード": "Mw7.6", "ばらつき": "-", "最大ケース／平均活動間隔（年）": "-999.0", "最大ケース／最新活動時期（年前）": "-", "最大ケース／30年発生確率": "0.0000000000", "最大ケース／50年発生確率": "0.0000000000" }, "geometry": { "type": "Polygon", "coordinates": [ [ [ 133.253173828125, 33.929687627576598 ], [ 132.7862548828125, 33.779147331286467 ], [ 133.253173828125, 33.929687627576598 ] ] ] } },
{ "type": "Feature", "properties": { "断層面ID": "FH201HJ_00002", "断層コード": "FH201HJ", "name": "中央構造線断層帯（石鎚山脈北縁西部区間〜豊予海峡−由布院区間が同時に活動）（傾斜角90度）", "基準位置経度": "132.805", "基準位置緯度": "33.779", "上端深さ(km)": "4.0", "断層長さ(km)": "92.0", "断層幅(km)": "12.0", "走向角(度)": "240.7", "傾斜角(度)": "90.0", "平均ケース／平均活動間隔（年）": "-", "平均ケース／最新活動時期（年前）": "-", "平均ケース／30年発生確率": "0.0000000000", "平均ケース／50年発生確率": "0.0000000000", "確率過程": "同時活動モデル", "マグニチュード": "Mw7.6", "ばらつき": "-", "最大ケース／平均活動間隔（年）": "-999.0", "最大ケース／最新活動時期（年前）": "-", "最大ケース／30年発生確率": "0.0000000000", "最大ケース／50年発生確率": "0.0000000000" }, "geometry": { "type": "Polygon", "coordinates": [ [ [ 132.802734375, 33.774581363716891 ], [ 131.934814453125, 33.371825029507249 ], [ 132.802734375, 33.774581363716891 ] ] ] } },
{ "type": "Feature", "properties": { "断層面ID": "FH201HJ_00003", "断層コード": "FH201HJ", "name": "中央構造線断層帯（石鎚山脈北縁西部区間〜豊予海峡−由布院区間が同時に活動）（傾斜角90度）", "基準位置経度": "131.974", "基準位置緯度": "33.362", "上端深さ(km)": "4.0", "断層長さ(km)": "36.0", "断層幅(km)": "12.0", "走向角(度)": "246.4", "傾斜角(度)": "90.0", "平均ケース／平均活動間隔（年）": "-", "平均ケース／最新活動時期（年前）": "-", "平均ケース／30年発生確率": "0.0000000000", "平均ケース／50年発生確率": "0.0000000000", "確率過程": "同時活動モデル", "マグニチュード": "Mw7.6", "ばらつき": "-", "最大ケース／平均活動間隔（年）": "-999.0", "最大ケース／最新活動時期（年前）": "-", "最大ケース／30年発生確率": "0.0000000000", "最大ケース／50年発生確率": "0.0000000000" }, "geometry": { "type": "Polygon", "coordinates": [ [ [ 131.9732666015625, 33.358061612778869 ], [ 131.6162109375, 33.229498141449511 ], [ 131.9732666015625, 33.358061612778869 ] ] ] } },
{ "type": "Feature", "properties": { "断層面ID": "FH201HJ_00004", "断層コード": "FH201HJ", "name": "中央構造線断層帯（石鎚山脈北縁西部区間〜豊予海峡−由布院区間が同時に活動）（傾斜角90度）", "基準位置経度": "131.630", "基準位置緯度": "33.246", "上端深さ(km)": "4.0", "断層長さ(km)": "16.0", "断層幅(km)": "12.0", "走向角(度)": "290.3", "傾斜角(度)": "70.0", "平均ケース／平均活動間隔（年）": "-", "平均ケース／最新活動時期（年前）": "-", "平均ケース／30年発生確率": "0.0000000000", "平均ケース／50年発生確率": "0.0000000000", "確率過程": "同時活動モデル", "マグニチュード": "Mw7.6", "ばらつき": "-", "最大ケース／平均活動間隔（年）": "-999.0", "最大ケース／最新活動時期（年前）": "-", "最大ケース／30年発生確率": "0.0000000000", "最大ケース／50年発生確率": "0.0000000000" }, "geometry": { "type": "Polygon", "coordinates": [ [ [ 131.627197265625, 33.243281858479477 ], [ 131.4678955078125, 33.293803558346596 ], [ 131.4788818359375, 33.330528249028077 ], [ 131.6436767578125, 33.280027811732154 ], [ 131.627197265625, 33.243281858479477 ] ] ] } },
{ "type": "Feature", "properties": { "断層面ID": "FH201HJ_00005", "断層コード": "FH201HJ", "name": "中央構造線断層帯（石鎚山脈北縁西部区間〜豊予海峡−由布院区間が同時に活動）（傾斜角90度）", "基準位置経度": "131.459", "基準位置緯度": "33.296", "上端深さ(km)": "4.0", "断層長さ(km)": "14.0", "断層幅(km)": "12.0", "走向角(度)": "249.6", "傾斜角(度)": "70.0", "平均ケース／平均活動間隔（年）": "-", "平均ケース／最新活動時期（年前）": "-", "平均ケース／30年発生確率": "0.0000000000", "平均ケース／50年発生確率": "0.0000000000", "確率過程": "同時活動モデル", "マグニチュード": "Mw7.6", "ばらつき": "-", "最大ケース／平均活動間隔（年）": "-999.0", "最大ケース／最新活動時期（年前）": "-", "最大ケース／30年発生確率": "0.0000000000", "最大ケース／50年発生確率": "0.0000000000" }, "geometry": { "type": "Polygon", "coordinates": [ [ [ 131.4569091796875, 33.293803558346596 ], [ 131.3140869140625, 33.247875947924385 ], [ 131.297607421875, 33.284619968887682 ], [ 131.4404296875, 33.330528249028077 ], [ 131.4569091796875, 33.293803558346596 ] ] ] } },
{ "type": "Feature", "properties": { "断層面ID": "FM201AD_00004", "断層コード": "FM201AD", "name": "中央構造線断層帯（金剛山地東縁区間〜紀淡海峡−鳴門海峡区間が同時に活動）（傾斜角40度）", "基準位置経度": "135.099", "基準位置緯度": "34.289", "上端深さ(km)": "4.0", "断層長さ(km)": "44.0", "断層幅(km)": "18.0", "走向角(度)": "258.5", "傾斜角(度)": "40.0", "平均ケース／平均活動間隔（年）": "-", "平均ケース／最新活動時期（年前）": "-", "平均ケース／30年発生確率": "0.0000000000", "平均ケース／50年発生確率": "0.0000000000", "確率過程": "同時活動モデル", "マグニチュード": "Mw7.5", "ばらつき": "-", "最大ケース／平均活動間隔（年）": "-999.0", "最大ケース／最新活動時期（年前）": "-", "最大ケース／30年発生確率": "0.0000000000", "最大ケース／50年発生確率": "0.0000000000" }, "geometry": { "type": "Polygon", "coordinates": [ [ [ 135.098876953125, 34.288991865037531 ], [ 134.62646484375, 34.207259382072309 ], [ 134.5989990234375, 34.329828328362026 ], [ 135.06591796875, 34.406909656520597 ], [ 135.098876953125, 34.288991865037531 ] ] ] } },
{ "type": "Feature", "properties": { "断層面ID": "FH201AD_00004", "断層コード": "FH201AD", "name": "中央構造線断層帯（金剛山地東縁区間〜紀淡海峡−鳴門海峡区間が同時に活動）（傾斜角90度）", "基準位置経度": "135.119", "基準位置緯度": "34.248", "上端深さ(km)": "4.0", "断層長さ(km)": "46.0", "断層幅(km)": "12.0", "走向角(度)": "258.5", "傾斜角(度)": "90.0", "平均ケース／平均活動間隔（年）": "-", "平均ケース／最新活動時期（年前）": "-", "平均ケース／30年発生確率": "0.0000000000", "平均ケース／50年発生確率": "0.0000000000", "確率過程": "同時活動モデル", "マグニチュード": "Mw7.5", "ばらつき": "-", "最大ケース／平均活動間隔（年）": "-999.0", "最大ケース／最新活動時期（年前）": "-", "最大ケース／30年発生確率": "0.0000000000", "最大ケース／50年発生確率": "0.0000000000" }, "geometry": { "type": "Polygon", "coordinates": [ [ [ 135.1153564453125, 34.243594729697406 ], [ 134.62646484375, 34.161818161230386 ], [ 135.1153564453125, 34.243594729697406 ] ] ] } },
{ "type": "Feature", "properties": { "断層面ID": "FM201BE_00003", "断層コード": "FM201BE", "name": "中央構造線断層帯（五条谷区間〜讃岐山脈南縁東部区間が同時に活動）（傾斜角40度）", "基準位置経度": "135.099", "基準位置緯度": "34.289", "上端深さ(km)": "4.0", "断層長さ(km)": "44.0", "断層幅(km)": "18.0", "走向角(度)": "258.5", "傾斜角(度)": "40.0", "平均ケース／平均活動間隔（年）": "-", "平均ケース／最新活動時期（年前）": "-", "平均ケース／30年発生確率": "0.0000000000", "平均ケース／50年発生確率": "0.0000000000", "確率過程": "同時活動モデル", "マグニチュード": "Mw7.6", "ばらつき": "-", "最大ケース／平均活動間隔（年）": "-999.0", "最大ケース／最新活動時期（年前）": "-", "最大ケース／30年発生確率": "0.0001490000", "最大ケース／50年発生確率": "0.0002630000" }, "geometry": { "type": "Polygon", "coordinates": [ [ [ 135.098876953125, 34.288991865037531 ], [ 134.62646484375, 34.207259382072309 ], [ 134.5989990234375, 34.329828328362026 ], [ 135.06591796875, 34.406909656520597 ], [ 135.098876953125, 34.288991865037531 ] ] ] } },
{ "type": "Feature", "properties": { "断層面ID": "FM201BE_00004", "断層コード": "FM201BE", "name": "中央構造線断層帯（五条谷区間〜讃岐山脈南縁東部区間が同時に活動）（傾斜角40度）", "基準位置経度": "134.642", "基準位置緯度": "34.219", "上端深さ(km)": "4.0", "断層長さ(km)": "54.0", "断層幅(km)": "18.0", "走向角(度)": "257.3", "傾斜角(度)": "40.0", "平均ケース／平均活動間隔（年）": "-", "平均ケース／最新活動時期（年前）": "-", "平均ケース／30年発生確率": "0.0000000000", "平均ケース／50年発生確率": "0.0000000000", "確率過程": "同時活動モデル", "マグニチュード": "Mw7.6", "ばらつき": "-", "最大ケース／平均活動間隔（年）": "-999.0", "最大ケース／最新活動時期（年前）": "-", "最大ケース／30年発生確率": "0.0001490000", "最大ケース／50年発生確率": "0.0002630000" }, "geometry": { "type": "Polygon", "coordinates": [ [ [ 134.637451171875, 34.216344688434631 ], [ 134.066162109375, 34.11180455556898 ], [ 134.033203125, 34.229970811273077 ], [ 134.6044921875, 34.338900400404995 ], [ 134.637451171875, 34.216344688434631 ] ] ] } },
{ "type": "Feature", "properties": { "断層面ID": "FH201BE_00003", "断層コード": "FH201BE", "name": "中央構造線断層帯（五条谷区間〜讃岐山脈南縁東部区間が同時に活動）（傾斜角90度）", "基準位置経度": "135.119", "基準位置緯度": "34.248", "上端深さ(km)": "4.0", "断層長さ(km)": "46.0", "断層幅(km)": "12.0", "走向角(度)": "258.5", "傾斜角(度)": "90.0", "平均ケース／平均活動間隔（年）": "-", "平均ケース／最新活動時期（年前）": "-", "平均ケース／30年発生確率": "0.0000000000", "平均ケース／50年発生確率": "0.0000000000", "確率過程": "同時活動モデル", "マグニチュード": "Mw7.6", "ばらつき": "-", "最大ケース／平均活動間隔（年）": "-999.0", "最大ケース／最新活動時期（年前）": "-", "最大ケース／30年発生確率": "0.0001490000", "最大ケース／50年発生確率": "0.0002630000" }, "geometry": { "type": "Polygon", "coordinates": [ [ [ 135.1153564453125, 34.243594729697406 ], [ 134.62646484375, 34.161818161230386 ], [ 135.1153564453125, 34.243594729697406 ] ] ] } },
{ "type": "Feature", "properties": { "断層面ID": "FH201BE_00004", "断層コード": "FH201BE", "name": "中央構造線断層帯（五条谷区間〜讃岐山脈南縁東部区間が同時に活動）（傾斜角90度）", "基準位置経度": "134.664", "基準位置緯度": "34.179", "上端深さ(km)": "4.0", "断層長さ(km)": "56.0", "断層幅(km)": "12.0", "走向角(度)": "257.3", "傾斜角(度)": "90.0", "平均ケース／平均活動間隔（年）": "-", "平均ケース／最新活動時期（年前）": "-", "平均ケース／30年発生確率": "0.0000000000", "平均ケース／50年発生確率": "0.0000000000", "確率過程": "同時活動モデル", "マグニチュード": "Mw7.6", "ばらつき": "-", "最大ケース／平均活動間隔（年）": "-999.0", "最大ケース／最新活動時期（年前）": "-", "最大ケース／30年発生確率": "0.0001490000", "最大ケース／50年発生確率": "0.0002630000" }, "geometry": { "type": "Polygon", "coordinates": [ [ [ 134.659423828125, 34.175453097578526 ], [ 134.066162109375, 34.066311964721052 ], [ 134.659423828125, 34.175453097578526 ] ] ] } },
{ "type": "Feature", "properties": { "断層面ID": "FM201CF_00002", "断層コード": "FM201CF", "name": "中央構造線断層帯（根来区間〜讃岐山脈南縁西部区間が同時に活動）（傾斜角40度）", "基準位置経度": "135.099", "基準位置緯度": "34.289", "上端深さ(km)": "4.0", "断層長さ(km)": "44.0", "断層幅(km)": "18.0", "走向角(度)": "258.5", "傾斜角(度)": "40.0", "平均ケース／平均活動間隔（年）": "-", "平均ケース／最新活動時期（年前）": "-", "平均ケース／30年発生確率": "0.0000000000", "平均ケース／50年発生確率": "0.0000000000", "確率過程": "同時活動モデル", "マグニチュード": "Mw7.7", "ばらつき": "-", "最大ケース／平均活動間隔（年）": "-999.0", "最大ケース／最新活動時期（年前）": "-", "最大ケース／30年発生確率": "0.0001490000", "最大ケース／50年発生確率": "0.0002630000" }, "geometry": { "type": "Polygon", "coordinates": [ [ [ 135.098876953125, 34.288991865037531 ], [ 134.62646484375, 34.207259382072309 ], [ 134.5989990234375, 34.329828328362026 ], [ 135.06591796875, 34.406909656520597 ], [ 135.098876953125, 34.288991865037531 ] ] ] } },
{ "type": "Feature", "properties": { "断層面ID": "FM201CF_00003", "断層コード": "FM201CF", "name": "中央構造線断層帯（根来区間〜讃岐山脈南縁西部区間が同時に活動）（傾斜角40度）", "基準位置経度": "134.642", "基準位置緯度": "34.219", "上端深さ(km)": "4.0", "断層長さ(km)": "54.0", "断層幅(km)": "18.0", "走向角(度)": "257.3", "傾斜角(度)": "40.0", "平均ケース／平均活動間隔（年）": "-", "平均ケース／最新活動時期（年前）": "-", "平均ケース／30年発生確率": "0.0000000000", "平均ケース／50年発生確率": "0.0000000000", "確率過程": "同時活動モデル", "マグニチュード": "Mw7.7", "ばらつき": "-", "最大ケース／平均活動間隔（年）": "-999.0", "最大ケース／最新活動時期（年前）": "-", "最大ケース／30年発生確率": "0.0001490000", "最大ケース／50年発生確率": "0.0002630000" }, "geometry": { "type": "Polygon", "coordinates": [ [ [ 134.637451171875, 34.216344688434631 ], [ 134.066162109375, 34.11180455556898 ], [ 134.033203125, 34.229970811273077 ], [ 134.6044921875, 34.338900400404995 ], [ 134.637451171875, 34.216344688434631 ] ] ] } },
{ "type": "Feature", "properties": { "断層面ID": "FM201CF_00004", "断層コード": "FM201CF", "name": "中央構造線断層帯（根来区間〜讃岐山脈南縁西部区間が同時に活動）（傾斜角40度）", "基準位置経度": "134.091", "基準位置緯度": "34.126", "上端深さ(km)": "4.0", "断層長さ(km)": "84.0", "断層幅(km)": "18.0", "走向角(度)": "255.8", "傾斜角(度)": "40.0", "平均ケース／平均活動間隔（年）": "-", "平均ケース／最新活動時期（年前）": "-", "平均ケース／30年発生確率": "0.0000000000", "平均ケース／50年発生確率": "0.0000000000", "確率過程": "同時活動モデル", "マグニチュード": "Mw7.7", "ばらつき": "-", "最大ケース／平均活動間隔（年）": "-999.0", "最大ケース／最新活動時期（年前）": "-", "最大ケース／30年発生確率": "0.0001490000", "最大ケース／50年発生確率": "0.0002630000" }, "geometry": { "type": "Polygon", "coordinates": [ [ [ 134.088134765625, 34.125447565116119 ], [ 133.2037353515625, 33.938802750845781 ], [ 133.1707763671875, 34.057210513510299 ], [ 134.0496826171875, 34.243594729697406 ], [ 134.088134765625, 34.125447565116119 ] ] ] } },
{ "type": "Feature", "properties": { "断層面ID": "FH201CF_00002", "断層コード": "FH201CF", "name": "中央構造線断層帯（根来区間〜讃岐山脈南縁西部区間が同時に活動）（傾斜角90度）", "基準位置経度": "135.119", "基準位置緯度": "34.248", "上端深さ(km)": "4.0", "断層長さ(km)": "46.0", "断層幅(km)": "12.0", "走向角(度)": "258.5", "傾斜角(度)": "90.0", "平均ケース／平均活動間隔（年）": "-", "平均ケース／最新活動時期（年前）": "-", "平均ケース／30年発生確率": "0.0000000000", "平均ケース／50年発生確率": "0.0000000000", "確率過程": "同時活動モデル", "マグニチュード": "Mw7.7", "ばらつき": "-", "最大ケース／平均活動間隔（年）": "-999.0", "最大ケース／最新活動時期（年前）": "-", "最大ケース／30年発生確率": "0.0001490000", "最大ケース／50年発生確率": "0.0002630000" }, "geometry": { "type": "Polygon", "coordinates": [ [ [ 135.1153564453125, 34.243594729697406 ], [ 134.62646484375, 34.161818161230386 ], [ 135.1153564453125, 34.243594729697406 ] ] ] } },
{ "type": "Feature", "properties": { "断層面ID": "FH201CF_00003", "断層コード": "FH201CF", "name": "中央構造線断層帯（根来区間〜讃岐山脈南縁西部区間が同時に活動）（傾斜角90度）", "基準位置経度": "134.664", "基準位置緯度": "34.179", "上端深さ(km)": "4.0", "断層長さ(km)": "56.0", "断層幅(km)": "12.0", "走向角(度)": "257.3", "傾斜角(度)": "90.0", "平均ケース／平均活動間隔（年）": "-", "平均ケース／最新活動時期（年前）": "-", "平均ケース／30年発生確率": "0.0000000000", "平均ケース／50年発生確率": "0.0000000000", "確率過程": "同時活動モデル", "マグニチュード": "Mw7.7", "ばらつき": "-", "最大ケース／平均活動間隔（年）": "-999.0", "最大ケース／最新活動時期（年前）": "-", "最大ケース／30年発生確率": "0.0001490000", "最大ケース／50年発生確率": "0.0002630000" }, "geometry": { "type": "Polygon", "coordinates": [ [ [ 134.659423828125, 34.175453097578526 ], [ 134.066162109375, 34.066311964721052 ], [ 134.659423828125, 34.175453097578526 ] ] ] } },
{ "type": "Feature", "properties": { "断層面ID": "FH201CF_00004", "断層コード": "FH201CF", "name": "中央構造線断層帯（根来区間〜讃岐山脈南縁西部区間が同時に活動）（傾斜角90度）", "基準位置経度": "134.114", "基準位置緯度": "34.086", "上端深さ(km)": "4.0", "断層長さ(km)": "86.0", "断層幅(km)": "12.0", "走向角(度)": "255.8", "傾斜角(度)": "90.0", "平均ケース／平均活動間隔（年）": "-", "平均ケース／最新活動時期（年前）": "-", "平均ケース／30年発生確率": "0.0000000000", "平均ケース／50年発生確率": "0.0000000000", "確率過程": "同時活動モデル", "マグニチュード": "Mw7.7", "ばらつき": "-", "最大ケース／平均活動間隔（年）": "-999.0", "最大ケース／最新活動時期（年前）": "-", "最大ケース／30年発生確率": "0.0001490000", "最大ケース／50年発生確率": "0.0002630000" }, "geometry": { "type": "Polygon", "coordinates": [ [ [ 134.110107421875, 34.084511934474762 ], [ 133.209228515625, 33.893217379440884 ], [ 134.110107421875, 34.084511934474762 ] ] ] } },
{ "type": "Feature", "properties": { "断層面ID": "FM201DG_00001", "断層コード": "FM201DG", "name": "中央構造線断層帯（紀淡海峡−鳴門海峡区間〜石鎚山脈北縁区間が同時に活動）（傾斜角40度）", "基準位置経度": "135.099", "基準位置緯度": "34.289", "上端深さ(km)": "4.0", "断層長さ(km)": "44.0", "断層幅(km)": "18.0", "走向角(度)": "258.5", "傾斜角(度)": "40.0", "平均ケース／平均活動間隔（年）": "-", "平均ケース／最新活動時期（年前）": "-", "平均ケース／30年発生確率": "0.0000000000", "平均ケース／50年発生確率": "0.0000000000", "確率過程": "同時活動モデル", "マグニチュード": "Mw7.7", "ばらつき": "-", "最大ケース／平均活動間隔（年）": "-999.0", "最大ケース／最新活動時期（年前）": "-", "最大ケース／30年発生確率": "0.0000101000", "最大ケース／50年発生確率": "0.0000218000" }, "geometry": { "type": "Polygon", "coordinates": [ [ [ 135.098876953125, 34.288991865037531 ], [ 134.62646484375, 34.207259382072309 ], [ 134.5989990234375, 34.329828328362026 ], [ 135.06591796875, 34.406909656520597 ], [ 135.098876953125, 34.288991865037531 ] ] ] } },
{ "type": "Feature", "properties": { "断層面ID": "FM201DG_00002", "断層コード": "FM201DG", "name": "中央構造線断層帯（紀淡海峡−鳴門海峡区間〜石鎚山脈北縁区間が同時に活動）（傾斜角40度）", "基準位置経度": "134.642", "基準位置緯度": "34.219", "上端深さ(km)": "4.0", "断層長さ(km)": "54.0", "断層幅(km)": "18.0", "走向角(度)": "257.3", "傾斜角(度)": "40.0", "平均ケース／平均活動間隔（年）": "-", "平均ケース／最新活動時期（年前）": "-", "平均ケース／30年発生確率": "0.0000000000", "平均ケース／50年発生確率": "0.0000000000", "確率過程": "同時活動モデル", "マグニチュード": "Mw7.7", "ばらつき": "-", "最大ケース／平均活動間隔（年）": "-999.0", "最大ケース／最新活動時期（年前）": "-", "最大ケース／30年発生確率": "0.0000101000", "最大ケース／50年発生確率": "0.0000218000" }, "geometry": { "type": "Polygon", "coordinates": [ [ [ 134.637451171875, 34.216344688434631 ], [ 134.066162109375, 34.11180455556898 ], [ 134.033203125, 34.229970811273077 ], [ 134.6044921875, 34.338900400404995 ], [ 134.637451171875, 34.216344688434631 ] ] ] } },
{ "type": "Feature", "properties": { "断層面ID": "FM201DG_00003", "断層コード": "FM201DG", "name": "中央構造線断層帯（紀淡海峡−鳴門海峡区間〜石鎚山脈北縁区間が同時に活動）（傾斜角40度）", "基準位置経度": "134.091", "基準位置緯度": "34.126", "上端深さ(km)": "4.0", "断層長さ(km)": "84.0", "断層幅(km)": "18.0", "走向角(度)": "255.8", "傾斜角(度)": "40.0", "平均ケース／平均活動間隔（年）": "-", "平均ケース／最新活動時期（年前）": "-", "平均ケース／30年発生確率": "0.0000000000", "平均ケース／50年発生確率": "0.0000000000", "確率過程": "同時活動モデル", "マグニチュード": "Mw7.7", "ばらつき": "-", "最大ケース／平均活動間隔（年）": "-999.0", "最大ケース／最新活動時期（年前）": "-", "最大ケース／30年発生確率": "0.0000101000", "最大ケース／50年発生確率": "0.0000218000" }, "geometry": { "type": "Polygon", "coordinates": [ [ [ 134.088134765625, 34.125447565116119 ], [ 133.2037353515625, 33.938802750845781 ], [ 133.1707763671875, 34.057210513510299 ], [ 134.0496826171875, 34.243594729697406 ], [ 134.088134765625, 34.125447565116119 ] ] ] } },
{ "type": "Feature", "properties": { "断層面ID": "FM201DG_00004", "断層コード": "FM201DG", "name": "中央構造線断層帯（紀淡海峡−鳴門海峡区間〜石鎚山脈北縁区間が同時に活動）（傾斜角40度）", "基準位置経度": "133.412", "基準位置緯度": "33.982", "上端深さ(km)": "2.0", "断層長さ(km)": "30.0", "断層幅(km)": "18.0", "走向角(度)": "253.9", "傾斜角(度)": "40.0", "平均ケース／平均活動間隔（年）": "-", "平均ケース／最新活動時期（年前）": "-", "平均ケース／30年発生確率": "0.0000000000", "平均ケース／50年発生確率": "0.0000000000", "確率過程": "同時活動モデル", "マグニチュード": "Mw7.7", "ばらつき": "-", "最大ケース／平均活動間隔（年）": "-999.0", "最大ケース／最新活動時期（年前）": "-", "最大ケース／30年発生確率": "0.0000101000", "最大ケース／50年発生確率": "0.0000218000" }, "geometry": { "type": "Polygon", "coordinates": [ [ [ 133.406982421875, 33.979808728724564 ], [ 133.099365234375, 33.906895551288684 ], [ 133.055419921875, 34.025347738147929 ], [ 133.3685302734375, 34.098159345215535 ], [ 133.406982421875, 33.979808728724564 ] ] ] } },
{ "type": "Feature", "properties": { "断層面ID": "FH201DG_00001", "断層コード": "FH201DG", "name": "中央構造線断層帯（紀淡海峡−鳴門海峡区間〜石鎚山脈北縁区間が同時に活動）（傾斜角90度）", "基準位置経度": "135.119", "基準位置緯度": "34.248", "上端深さ(km)": "4.0", "断層長さ(km)": "46.0", "断層幅(km)": "12.0", "走向角(度)": "258.5", "傾斜角(度)": "90.0", "平均ケース／平均活動間隔（年）": "-", "平均ケース／最新活動時期（年前）": "-", "平均ケース／30年発生確率": "0.0000000000", "平均ケース／50年発生確率": "0.0000000000", "確率過程": "同時活動モデル", "マグニチュード": "Mw7.7", "ばらつき": "-", "最大ケース／平均活動間隔（年）": "-999.0", "最大ケース／最新活動時期（年前）": "-", "最大ケース／30年発生確率": "0.0000101000", "最大ケース／50年発生確率": "0.0000218000" }, "geometry": { "type": "Polygon", "coordinates": [ [ [ 135.1153564453125, 34.243594729697406 ], [ 134.62646484375, 34.161818161230386 ], [ 135.1153564453125, 34.243594729697406 ] ] ] } },
{ "type": "Feature", "properties": { "断層面ID": "FH201DG_00002", "断層コード": "FH201DG", "name": "中央構造線断層帯（紀淡海峡−鳴門海峡区間〜石鎚山脈北縁区間が同時に活動）（傾斜角90度）", "基準位置経度": "134.664", "基準位置緯度": "34.179", "上端深さ(km)": "4.0", "断層長さ(km)": "56.0", "断層幅(km)": "12.0", "走向角(度)": "257.3", "傾斜角(度)": "90.0", "平均ケース／平均活動間隔（年）": "-", "平均ケース／最新活動時期（年前）": "-", "平均ケース／30年発生確率": "0.0000000000", "平均ケース／50年発生確率": "0.0000000000", "確率過程": "同時活動モデル", "マグニチュード": "Mw7.7", "ばらつき": "-", "最大ケース／平均活動間隔（年）": "-999.0", "最大ケース／最新活動時期（年前）": "-", "最大ケース／30年発生確率": "0.0000101000", "最大ケース／50年発生確率": "0.0000218000" }, "geometry": { "type": "Polygon", "coordinates": [ [ [ 134.659423828125, 34.175453097578526 ], [ 134.066162109375, 34.066311964721052 ], [ 134.659423828125, 34.175453097578526 ] ] ] } },
{ "type": "Feature", "properties": { "断層面ID": "FH201DG_00003", "断層コード": "FH201DG", "name": "中央構造線断層帯（紀淡海峡−鳴門海峡区間〜石鎚山脈北縁区間が同時に活動）（傾斜角90度）", "基準位置経度": "134.114", "基準位置緯度": "34.086", "上端深さ(km)": "4.0", "断層長さ(km)": "86.0", "断層幅(km)": "12.0", "走向角(度)": "255.8", "傾斜角(度)": "90.0", "平均ケース／平均活動間隔（年）": "-", "平均ケース／最新活動時期（年前）": "-", "平均ケース／30年発生確率": "0.0000000000", "平均ケース／50年発生確率": "0.0000000000", "確率過程": "同時活動モデル", "マグニチュード": "Mw7.7", "ばらつき": "-", "最大ケース／平均活動間隔（年）": "-999.0", "最大ケース／最新活動時期（年前）": "-", "最大ケース／30年発生確率": "0.0000101000", "最大ケース／50年発生確率": "0.0000218000" }, "geometry": { "type": "Polygon", "coordinates": [ [ [ 134.110107421875, 34.084511934474762 ], [ 133.209228515625, 33.893217379440884 ], [ 134.110107421875, 34.084511934474762 ] ] ] } },
{ "type": "Feature", "properties": { "断層面ID": "FH201DG_00004", "断層コード": "FH201DG", "name": "中央構造線断層帯（紀淡海峡−鳴門海峡区間〜石鎚山脈北縁区間が同時に活動）（傾斜角90度）", "基準位置経度": "133.440", "基準位置緯度": "33.966", "上端深さ(km)": "2.0", "断層長さ(km)": "34.0", "断層幅(km)": "14.0", "走向角(度)": "253.9", "傾斜角(度)": "90.0", "平均ケース／平均活動間隔（年）": "-", "平均ケース／最新活動時期（年前）": "-", "平均ケース／30年発生確率": "0.0000000000", "平均ケース／50年発生確率": "0.0000000000", "確率過程": "同時活動モデル", "マグニチュード": "Mw7.7", "ばらつき": "-", "最大ケース／平均活動間隔（年）": "-999.0", "最大ケース／最新活動時期（年前）": "-", "最大ケース／30年発生確率": "0.0000101000", "最大ケース／50年発生確率": "0.0000218000" }, "geometry": { "type": "Polygon", "coordinates": [ [ [ 133.43994140625, 33.961586289799072 ], [ 133.0828857421875, 33.879537013559244 ], [ 133.43994140625, 33.961586289799072 ] ] ] } },
{ "type": "Feature", "properties": { "断層面ID": "FM201EH_00001", "断層コード": "FM201EH", "name": "中央構造線断層帯（讃岐山脈南縁東部区間〜石鎚山脈北縁西部区間が同時に活動）（傾斜角40度）", "基準位置経度": "134.642", "基準位置緯度": "34.219", "上端深さ(km)": "4.0", "断層長さ(km)": "54.0", "断層幅(km)": "18.0", "走向角(度)": "257.3", "傾斜角(度)": "40.0", "平均ケース／平均活動間隔（年）": "-", "平均ケース／最新活動時期（年前）": "-", "平均ケース／30年発生確率": "0.0000000000", "平均ケース／50年発生確率": "0.0000000000", "確率過程": "同時活動モデル", "マグニチュード": "Mw7.6", "ばらつき": "-", "最大ケース／平均活動間隔（年）": "-999.0", "最大ケース／最新活動時期（年前）": "-", "最大ケース／30年発生確率": "0.0002270000", "最大ケース／50年発生確率": "0.0004830000" }, "geometry": { "type": "Polygon", "coordinates": [ [ [ 134.637451171875, 34.216344688434631 ], [ 134.066162109375, 34.11180455556898 ], [ 134.033203125, 34.229970811273077 ], [ 134.6044921875, 34.338900400404995 ], [ 134.637451171875, 34.216344688434631 ] ] ] } },
{ "type": "Feature", "properties": { "断層面ID": "FM201EH_00002", "断層コード": "FM201EH", "name": "中央構造線断層帯（讃岐山脈南縁東部区間〜石鎚山脈北縁西部区間が同時に活動）（傾斜角40度）", "基準位置経度": "134.091", "基準位置緯度": "34.126", "上端深さ(km)": "4.0", "断層長さ(km)": "84.0", "断層幅(km)": "18.0", "走向角(度)": "255.8", "傾斜角(度)": "40.0", "平均ケース／平均活動間隔（年）": "-", "平均ケース／最新活動時期（年前）": "-", "平均ケース／30年発生確率": "0.0000000000", "平均ケース／50年発生確率": "0.0000000000", "確率過程": "同時活動モデル", "マグニチュード": "Mw7.6", "ばらつき": "-", "最大ケース／平均活動間隔（年）": "-999.0", "最大ケース／最新活動時期（年前）": "-", "最大ケース／30年発生確率": "0.0002270000", "最大ケース／50年発生確率": "0.0004830000" }, "geometry": { "type": "Polygon", "coordinates": [ [ [ 134.088134765625, 34.125447565116119 ], [ 133.2037353515625, 33.938802750845781 ], [ 133.1707763671875, 34.057210513510299 ], [ 134.0496826171875, 34.243594729697406 ], [ 134.088134765625, 34.125447565116119 ] ] ] } },
{ "type": "Feature", "properties": { "断層面ID": "FM201EH_00003", "断層コード": "FM201EH", "name": "中央構造線断層帯（讃岐山脈南縁東部区間〜石鎚山脈北縁西部区間が同時に活動）（傾斜角40度）", "基準位置経度": "133.234", "基準位置緯度": "33.928", "上端深さ(km)": "2.0", "断層長さ(km)": "42.0", "断層幅(km)": "18.0", "走向角(度)": "248.7", "傾斜角(度)": "40.0", "平均ケース／平均活動間隔（年）": "-", "平均ケース／最新活動時期（年前）": "-", "平均ケース／30年発生確率": "0.0000000000", "平均ケース／50年発生確率": "0.0000000000", "確率過程": "同時活動モデル", "マグニチュード": "Mw7.6", "ばらつき": "-", "最大ケース／平均活動間隔（年）": "-999.0", "最大ケース／最新活動時期（年前）": "-", "最大ケース／30年発生確率": "0.0002270000", "最大ケース／50年発生確率": "0.0004830000" }, "geometry": { "type": "Polygon", "coordinates": [ [ [ 133.231201171875, 33.925129700071992 ], [ 132.8082275390625, 33.788278536259966 ], [ 132.7532958984375, 33.902336404480678 ], [ 133.17626953125, 34.043556504127437 ], [ 133.231201171875, 33.925129700071992 ] ] ] } },
{ "type": "Feature", "properties": { "断層面ID": "FH201EH_00001", "断層コード": "FH201EH", "name": "中央構造線断層帯（讃岐山脈南縁東部区間〜石鎚山脈北縁西部区間が同時に活動）（傾斜角90度）", "基準位置経度": "134.664", "基準位置緯度": "34.179", "上端深さ(km)": "4.0", "断層長さ(km)": "56.0", "断層幅(km)": "12.0", "走向角(度)": "257.3", "傾斜角(度)": "90.0", "平均ケース／平均活動間隔（年）": "-", "平均ケース／最新活動時期（年前）": "-", "平均ケース／30年発生確率": "0.0000000000", "平均ケース／50年発生確率": "0.0000000000", "確率過程": "同時活動モデル", "マグニチュード": "Mw7.6", "ばらつき": "-", "最大ケース／平均活動間隔（年）": "-999.0", "最大ケース／最新活動時期（年前）": "-", "最大ケース／30年発生確率": "0.0002270000", "最大ケース／50年発生確率": "0.0004830000" }, "geometry": { "type": "Polygon", "coordinates": [ [ [ 134.659423828125, 34.175453097578526 ], [ 134.066162109375, 34.066311964721052 ], [ 134.659423828125, 34.175453097578526 ] ] ] } },
{ "type": "Feature", "properties": { "断層面ID": "FH201EH_00002", "断層コード": "FH201EH", "name": "中央構造線断層帯（讃岐山脈南縁東部区間〜石鎚山脈北縁西部区間が同時に活動）（傾斜角90度）", "基準位置経度": "134.114", "基準位置緯度": "34.086", "上端深さ(km)": "4.0", "断層長さ(km)": "86.0", "断層幅(km)": "12.0", "走向角(度)": "255.8", "傾斜角(度)": "90.0", "平均ケース／平均活動間隔（年）": "-", "平均ケース／最新活動時期（年前）": "-", "平均ケース／30年発生確率": "0.0000000000", "平均ケース／50年発生確率": "0.0000000000", "確率過程": "同時活動モデル", "マグニチュード": "Mw7.6", "ばらつき": "-", "最大ケース／平均活動間隔（年）": "-999.0", "最大ケース／最新活動時期（年前）": "-", "最大ケース／30年発生確率": "0.0002270000", "最大ケース／50年発生確率": "0.0004830000" }, "geometry": { "type": "Polygon", "coordinates": [ [ [ 134.110107421875, 34.084511934474762 ], [ 133.209228515625, 33.893217379440884 ], [ 134.110107421875, 34.084511934474762 ] ] ] } },
{ "type": "Feature", "properties": { "断層面ID": "FH201EH_00003", "断層コード": "FH201EH", "name": "中央構造線断層帯（讃岐山脈南縁東部区間〜石鎚山脈北縁西部区間が同時に活動）（傾斜角90度）", "基準位置経度": "133.255", "基準位置緯度": "33.934", "上端深さ(km)": "2.0", "断層長さ(km)": "46.0", "断層幅(km)": "14.0", "走向角(度)": "248.7", "傾斜角(度)": "90.0", "平均ケース／平均活動間隔（年）": "-", "平均ケース／最新活動時期（年前）": "-", "平均ケース／30年発生確率": "0.0000000000", "平均ケース／50年発生確率": "0.0000000000", "確率過程": "同時活動モデル", "マグニチュード": "Mw7.6", "ばらつき": "-", "最大ケース／平均活動間隔（年）": "-999.0", "最大ケース／最新活動時期（年前）": "-", "最大ケース／30年発生確率": "0.0002270000", "最大ケース／50年発生確率": "0.0004830000" }, "geometry": { "type": "Polygon", "coordinates": [ [ [ 133.253173828125, 33.929687627576598 ], [ 132.7862548828125, 33.779147331286467 ], [ 133.253173828125, 33.929687627576598 ] ] ] } },
{ "type": "Feature", "properties": { "断層面ID": "FM201FI_00001", "断層コード": "FM201FI", "name": "中央構造線断層帯（讃岐山脈南縁西部区間〜伊予灘区間が同時に活動）（傾斜角40度）", "基準位置経度": "134.091", "基準位置緯度": "34.126", "上端深さ(km)": "4.0", "断層長さ(km)": "84.0", "断層幅(km)": "18.0", "走向角(度)": "255.8", "傾斜角(度)": "40.0", "平均ケース／平均活動間隔（年）": "-", "平均ケース／最新活動時期（年前）": "-", "平均ケース／30年発生確率": "0.0000000000", "平均ケース／50年発生確率": "0.0000000000", "確率過程": "同時活動モデル", "マグニチュード": "Mw7.7", "ばらつき": "-", "最大ケース／平均活動間隔（年）": "-999.0", "最大ケース／最新活動時期（年前）": "-", "最大ケース／30年発生確率": "0.0000000000", "最大ケース／50年発生確率": "0.0000000000" }, "geometry": { "type": "Polygon", "coordinates": [ [ [ 134.088134765625, 34.125447565116119 ], [ 133.2037353515625, 33.938802750845781 ], [ 133.1707763671875, 34.057210513510299 ], [ 134.0496826171875, 34.243594729697406 ], [ 134.088134765625, 34.125447565116119 ] ] ] } },
{ "type": "Feature", "properties": { "断層面ID": "FM201FI_00002", "断層コード": "FM201FI", "name": "中央構造線断層帯（讃岐山脈南縁西部区間〜伊予灘区間が同時に活動）（傾斜角40度）", "基準位置経度": "133.234", "基準位置緯度": "33.928", "上端深さ(km)": "2.0", "断層長さ(km)": "42.0", "断層幅(km)": "18.0", "走向角(度)": "248.7", "傾斜角(度)": "40.0", "平均ケース／平均活動間隔（年）": "-", "平均ケース／最新活動時期（年前）": "-", "平均ケース／30年発生確率": "0.0000000000", "平均ケース／50年発生確率": "0.0000000000", "確率過程": "同時活動モデル", "マグニチュード": "Mw7.7", "ばらつき": "-", "最大ケース／平均活動間隔（年）": "-999.0", "最大ケース／最新活動時期（年前）": "-", "最大ケース／30年発生確率": "0.0000000000", "最大ケース／50年発生確率": "0.0000000000" }, "geometry": { "type": "Polygon", "coordinates": [ [ [ 133.231201171875, 33.925129700071992 ], [ 132.8082275390625, 33.788278536259966 ], [ 132.7532958984375, 33.902336404480678 ], [ 133.17626953125, 34.043556504127437 ], [ 133.231201171875, 33.925129700071992 ] ] ] } },
{ "type": "Feature", "properties": { "断層面ID": "FM201FI_00003", "断層コード": "FM201FI", "name": "中央構造線断層帯（讃岐山脈南縁西部区間〜伊予灘区間が同時に活動）（傾斜角40度）", "基準位置経度": "132.783", "基準位置緯度": "33.794", "上端深さ(km)": "4.0", "断層長さ(km)": "90.0", "断層幅(km)": "18.0", "走向角(度)": "240.7", "傾斜角(度)": "40.0", "平均ケース／平均活動間隔（年）": "-", "平均ケース／最新活動時期（年前）": "-", "平均ケース／30年発生確率": "0.0000000000", "平均ケース／50年発生確率": "0.0000000000", "確率過程": "同時活動モデル", "マグニチュード": "Mw7.7", "ばらつき": "-", "最大ケース／平均活動間隔（年）": "-999.0", "最大ケース／最新活動時期（年前）": "-", "最大ケース／30年発生確率": "0.0000000000", "最大ケース／50年発生確率": "0.0000000000" }, "geometry": { "type": "Polygon", "coordinates": [ [ [ 132.78076171875, 33.792843773631844 ], [ 131.934814453125, 33.394759218577988 ], [ 131.85791015625, 33.504759069226083 ], [ 132.7093505859375, 33.902336404480678 ], [ 132.78076171875, 33.792843773631844 ] ] ] } },
{ "type": "Feature", "properties": { "断層面ID": "FH201FI_00001", "断層コード": "FH201FI", "name": "中央構造線断層帯（讃岐山脈南縁西部区間〜伊予灘区間が同時に活動）（傾斜角90度）", "基準位置経度": "134.114", "基準位置緯度": "34.086", "上端深さ(km)": "4.0", "断層長さ(km)": "86.0", "断層幅(km)": "12.0", "走向角(度)": "255.8", "傾斜角(度)": "90.0", "平均ケース／平均活動間隔（年）": "-", "平均ケース／最新活動時期（年前）": "-", "平均ケース／30年発生確率": "0.0000000000", "平均ケース／50年発生確率": "0.0000000000", "確率過程": "同時活動モデル", "マグニチュード": "Mw7.7", "ばらつき": "-", "最大ケース／平均活動間隔（年）": "-999.0", "最大ケース／最新活動時期（年前）": "-", "最大ケース／30年発生確率": "0.0000000000", "最大ケース／50年発生確率": "0.0000000000" }, "geometry": { "type": "Polygon", "coordinates": [ [ [ 134.110107421875, 34.084511934474762 ], [ 133.209228515625, 33.893217379440884 ], [ 134.110107421875, 34.084511934474762 ] ] ] } },
{ "type": "Feature", "properties": { "断層面ID": "FH201FI_00002", "断層コード": "FH201FI", "name": "中央構造線断層帯（讃岐山脈南縁西部区間〜伊予灘区間が同時に活動）（傾斜角90度）", "基準位置経度": "133.255", "基準位置緯度": "33.934", "上端深さ(km)": "2.0", "断層長さ(km)": "46.0", "断層幅(km)": "14.0", "走向角(度)": "248.7", "傾斜角(度)": "90.0", "平均ケース／平均活動間隔（年）": "-", "平均ケース／最新活動時期（年前）": "-", "平均ケース／30年発生確率": "0.0000000000", "平均ケース／50年発生確率": "0.0000000000", "確率過程": "同時活動モデル", "マグニチュード": "Mw7.7", "ばらつき": "-", "最大ケース／平均活動間隔（年）": "-999.0", "最大ケース／最新活動時期（年前）": "-", "最大ケース／30年発生確率": "0.0000000000", "最大ケース／50年発生確率": "0.0000000000" }, "geometry": { "type": "Polygon", "coordinates": [ [ [ 133.253173828125, 33.929687627576598 ], [ 132.7862548828125, 33.779147331286467 ], [ 133.253173828125, 33.929687627576598 ] ] ] } },
{ "type": "Feature", "properties": { "断層面ID": "FH201FI_00003", "断層コード": "FH201FI", "name": "中央構造線断層帯（讃岐山脈南縁西部区間〜伊予灘区間が同時に活動）（傾斜角90度）", "基準位置経度": "132.805", "基準位置緯度": "33.779", "上端深さ(km)": "4.0", "断層長さ(km)": "92.0", "断層幅(km)": "12.0", "走向角(度)": "240.7", "傾斜角(度)": "90.0", "平均ケース／平均活動間隔（年）": "-", "平均ケース／最新活動時期（年前）": "-", "平均ケース／30年発生確率": "0.0000000000", "平均ケース／50年発生確率": "0.0000000000", "確率過程": "同時活動モデル", "マグニチュード": "Mw7.7", "ばらつき": "-", "最大ケース／平均活動間隔（年）": "-999.0", "最大ケース／最新活動時期（年前）": "-", "最大ケース／30年発生確率": "0.0000000000", "最大ケース／50年発生確率": "0.0000000000" }, "geometry": { "type": "Polygon", "coordinates": [ [ [ 132.802734375, 33.774581363716891 ], [ 131.934814453125, 33.371825029507249 ], [ 132.802734375, 33.774581363716891 ] ] ] } },
{ "type": "Feature", "properties": { "断層面ID": "FM201GJ_00001", "断層コード": "FM201GJ", "name": "中央構造線断層帯（石鎚山脈北縁区間〜豊予海峡−由布院区間が同時に活動）（傾斜角40度）", "基準位置経度": "133.412", "基準位置緯度": "33.982", "上端深さ(km)": "2.0", "断層長さ(km)": "30.0", "断層幅(km)": "18.0", "走向角(度)": "253.9", "傾斜角(度)": "40.0", "平均ケース／平均活動間隔（年）": "-", "平均ケース／最新活動時期（年前）": "-", "平均ケース／30年発生確率": "0.0000000000", "平均ケース／50年発生確率": "0.0000000000", "確率過程": "同時活動モデル", "マグニチュード": "Mw7.7", "ばらつき": "-", "最大ケース／平均活動間隔（年）": "-999.0", "最大ケース／最新活動時期（年前）": "-", "最大ケース／30年発生確率": "0.0000000000", "最大ケース／50年発生確率": "0.0000000000" }, "geometry": { "type": "Polygon", "coordinates": [ [ [ 133.406982421875, 33.979808728724564 ], [ 133.099365234375, 33.906895551288684 ], [ 133.055419921875, 34.025347738147929 ], [ 133.3685302734375, 34.098159345215535 ], [ 133.406982421875, 33.979808728724564 ] ] ] } },
{ "type": "Feature", "properties": { "断層面ID": "FM201GJ_00002", "断層コード": "FM201GJ", "name": "中央構造線断層帯（石鎚山脈北縁区間〜豊予海峡−由布院区間が同時に活動）（傾斜角40度）", "基準位置経度": "133.234", "基準位置緯度": "33.928", "上端深さ(km)": "2.0", "断層長さ(km)": "42.0", "断層幅(km)": "18.0", "走向角(度)": "248.7", "傾斜角(度)": "40.0", "平均ケース／平均活動間隔（年）": "-", "平均ケース／最新活動時期（年前）": "-", "平均ケース／30年発生確率": "0.0000000000", "平均ケース／50年発生確率": "0.0000000000", "確率過程": "同時活動モデル", "マグニチュード": "Mw7.7", "ばらつき": "-", "最大ケース／平均活動間隔（年）": "-999.0", "最大ケース／最新活動時期（年前）": "-", "最大ケース／30年発生確率": "0.0000000000", "最大ケース／50年発生確率": "0.0000000000" }, "geometry": { "type": "Polygon", "coordinates": [ [ [ 133.231201171875, 33.925129700071992 ], [ 132.8082275390625, 33.788278536259966 ], [ 132.7532958984375, 33.902336404480678 ], [ 133.17626953125, 34.043556504127437 ], [ 133.231201171875, 33.925129700071992 ] ] ] } },
{ "type": "Feature", "properties": { "断層面ID": "FM201GJ_00003", "断層コード": "FM201GJ", "name": "中央構造線断層帯（石鎚山脈北縁区間〜豊予海峡−由布院区間が同時に活動）（傾斜角40度）", "基準位置経度": "132.783", "基準位置緯度": "33.794", "上端深さ(km)": "4.0", "断層長さ(km)": "90.0", "断層幅(km)": "18.0", "走向角(度)": "240.7", "傾斜角(度)": "40.0", "平均ケース／平均活動間隔（年）": "-", "平均ケース／最新活動時期（年前）": "-", "平均ケース／30年発生確率": "0.0000000000", "平均ケース／50年発生確率": "0.0000000000", "確率過程": "同時活動モデル", "マグニチュード": "Mw7.7", "ばらつき": "-", "最大ケース／平均活動間隔（年）": "-999.0", "最大ケース／最新活動時期（年前）": "-", "最大ケース／30年発生確率": "0.0000000000", "最大ケース／50年発生確率": "0.0000000000" }, "geometry": { "type": "Polygon", "coordinates": [ [ [ 132.78076171875, 33.792843773631844 ], [ 131.934814453125, 33.394759218577988 ], [ 131.85791015625, 33.504759069226083 ], [ 132.7093505859375, 33.902336404480678 ], [ 132.78076171875, 33.792843773631844 ] ] ] } },
{ "type": "Feature", "properties": { "断層面ID": "FM201GJ_00004", "断層コード": "FM201GJ", "name": "中央構造線断層帯（石鎚山脈北縁区間〜豊予海峡−由布院区間が同時に活動）（傾斜角40度）", "基準位置経度": "131.963", "基準位置緯度": "33.382", "上端深さ(km)": "4.0", "断層長さ(km)": "36.0", "断層幅(km)": "20.0", "走向角(度)": "246.4", "傾斜角(度)": "40.0", "平均ケース／平均活動間隔（年）": "-", "平均ケース／最新活動時期（年前）": "-", "平均ケース／30年発生確率": "0.0000000000", "平均ケース／50年発生確率": "0.0000000000", "確率過程": "同時活動モデル", "マグニチュード": "Mw7.7", "ばらつき": "-", "最大ケース／平均活動間隔（年）": "-999.0", "最大ケース／最新活動時期（年前）": "-", "最大ケース／30年発生確率": "0.0000000000", "最大ケース／50年発生確率": "0.0000000000" }, "geometry": { "type": "Polygon", "coordinates": [ [ [ 131.9622802734375, 33.380999431040266 ], [ 131.605224609375, 33.247875947924385 ], [ 131.539306640625, 33.376412351246771 ], [ 131.8963623046875, 33.504759069226083 ], [ 131.9622802734375, 33.380999431040266 ] ] ] } },
{ "type": "Feature", "properties": { "断層面ID": "FM201GJ_00005", "断層コード": "FM201GJ", "name": "中央構造線断層帯（石鎚山脈北縁区間〜豊予海峡−由布院区間が同時に活動）（傾斜角40度）", "基準位置経度": "131.630", "基準位置緯度": "33.246", "上端深さ(km)": "4.0", "断層長さ(km)": "16.0", "断層幅(km)": "12.0", "走向角(度)": "290.3", "傾斜角(度)": "70.0", "平均ケース／平均活動間隔（年）": "-", "平均ケース／最新活動時期（年前）": "-", "平均ケース／30年発生確率": "0.0000000000", "平均ケース／50年発生確率": "0.0000000000", "確率過程": "同時活動モデル", "マグニチュード": "Mw7.7", "ばらつき": "-", "最大ケース／平均活動間隔（年）": "-999.0", "最大ケース／最新活動時期（年前）": "-", "最大ケース／30年発生確率": "0.0000000000", "最大ケース／50年発生確率": "0.0000000000" }, "geometry": { "type": "Polygon", "coordinates": [ [ [ 131.627197265625, 33.243281858479477 ], [ 131.4678955078125, 33.293803558346596 ], [ 131.4788818359375, 33.330528249028077 ], [ 131.6436767578125, 33.280027811732154 ], [ 131.627197265625, 33.243281858479477 ] ] ] } },
{ "type": "Feature", "properties": { "断層面ID": "FM201GJ_00006", "断層コード": "FM201GJ", "name": "中央構造線断層帯（石鎚山脈北縁区間〜豊予海峡−由布院区間が同時に活動）（傾斜角40度）", "基準位置経度": "131.459", "基準位置緯度": "33.296", "上端深さ(km)": "4.0", "断層長さ(km)": "14.0", "断層幅(km)": "12.0", "走向角(度)": "249.6", "傾斜角(度)": "70.0", "平均ケース／平均活動間隔（年）": "-", "平均ケース／最新活動時期（年前）": "-", "平均ケース／30年発生確率": "0.0000000000", "平均ケース／50年発生確率": "0.0000000000", "確率過程": "同時活動モデル", "マグニチュード": "Mw7.7", "ばらつき": "-", "最大ケース／平均活動間隔（年）": "-999.0", "最大ケース／最新活動時期（年前）": "-", "最大ケース／30年発生確率": "0.0000000000", "最大ケース／50年発生確率": "0.0000000000" }, "geometry": { "type": "Polygon", "coordinates": [ [ [ 131.4569091796875, 33.293803558346596 ], [ 131.3140869140625, 33.247875947924385 ], [ 131.297607421875, 33.284619968887682 ], [ 131.4404296875, 33.330528249028077 ], [ 131.4569091796875, 33.293803558346596 ] ] ] } },
{ "type": "Feature", "properties": { "断層面ID": "FH201GJ_00001", "断層コード": "FH201GJ", "name": "中央構造線断層帯（石鎚山脈北縁区間〜豊予海峡−由布院区間が同時に活動）（傾斜角90度）", "基準位置経度": "133.440", "基準位置緯度": "33.966", "上端深さ(km)": "2.0", "断層長さ(km)": "34.0", "断層幅(km)": "14.0", "走向角(度)": "253.9", "傾斜角(度)": "90.0", "平均ケース／平均活動間隔（年）": "-", "平均ケース／最新活動時期（年前）": "-", "平均ケース／30年発生確率": "0.0000000000", "平均ケース／50年発生確率": "0.0000000000", "確率過程": "同時活動モデル", "マグニチュード": "Mw7.7", "ばらつき": "-", "最大ケース／平均活動間隔（年）": "-999.0", "最大ケース／最新活動時期（年前）": "-", "最大ケース／30年発生確率": "0.0000000000", "最大ケース／50年発生確率": "0.0000000000" }, "geometry": { "type": "Polygon", "coordinates": [ [ [ 133.43994140625, 33.961586289799072 ], [ 133.0828857421875, 33.879537013559244 ], [ 133.43994140625, 33.961586289799072 ] ] ] } },
{ "type": "Feature", "properties": { "断層面ID": "FH201GJ_00002", "断層コード": "FH201GJ", "name": "中央構造線断層帯（石鎚山脈北縁区間〜豊予海峡−由布院区間が同時に活動）（傾斜角90度）", "基準位置経度": "133.255", "基準位置緯度": "33.934", "上端深さ(km)": "2.0", "断層長さ(km)": "46.0", "断層幅(km)": "14.0", "走向角(度)": "248.7", "傾斜角(度)": "90.0", "平均ケース／平均活動間隔（年）": "-", "平均ケース／最新活動時期（年前）": "-", "平均ケース／30年発生確率": "0.0000000000", "平均ケース／50年発生確率": "0.0000000000", "確率過程": "同時活動モデル", "マグニチュード": "Mw7.7", "ばらつき": "-", "最大ケース／平均活動間隔（年）": "-999.0", "最大ケース／最新活動時期（年前）": "-", "最大ケース／30年発生確率": "0.0000000000", "最大ケース／50年発生確率": "0.0000000000" }, "geometry": { "type": "Polygon", "coordinates": [ [ [ 133.253173828125, 33.929687627576598 ], [ 132.7862548828125, 33.779147331286467 ], [ 133.253173828125, 33.929687627576598 ] ] ] } },
{ "type": "Feature", "properties": { "断層面ID": "FH201GJ_00003", "断層コード": "FH201GJ", "name": "中央構造線断層帯（石鎚山脈北縁区間〜豊予海峡−由布院区間が同時に活動）（傾斜角90度）", "基準位置経度": "132.805", "基準位置緯度": "33.779", "上端深さ(km)": "4.0", "断層長さ(km)": "92.0", "断層幅(km)": "12.0", "走向角(度)": "240.7", "傾斜角(度)": "90.0", "平均ケース／平均活動間隔（年）": "-", "平均ケース／最新活動時期（年前）": "-", "平均ケース／30年発生確率": "0.0000000000", "平均ケース／50年発生確率": "0.0000000000", "確率過程": "同時活動モデル", "マグニチュード": "Mw7.7", "ばらつき": "-", "最大ケース／平均活動間隔（年）": "-999.0", "最大ケース／最新活動時期（年前）": "-", "最大ケース／30年発生確率": "0.0000000000", "最大ケース／50年発生確率": "0.0000000000" }, "geometry": { "type": "Polygon", "coordinates": [ [ [ 132.802734375, 33.774581363716891 ], [ 131.934814453125, 33.371825029507249 ], [ 132.802734375, 33.774581363716891 ] ] ] } },
{ "type": "Feature", "properties": { "断層面ID": "FH201GJ_00004", "断層コード": "FH201GJ", "name": "中央構造線断層帯（石鎚山脈北縁区間〜豊予海峡−由布院区間が同時に活動）（傾斜角90度）", "基準位置経度": "131.974", "基準位置緯度": "33.362", "上端深さ(km)": "4.0", "断層長さ(km)": "36.0", "断層幅(km)": "12.0", "走向角(度)": "246.4", "傾斜角(度)": "90.0", "平均ケース／平均活動間隔（年）": "-", "平均ケース／最新活動時期（年前）": "-", "平均ケース／30年発生確率": "0.0000000000", "平均ケース／50年発生確率": "0.0000000000", "確率過程": "同時活動モデル", "マグニチュード": "Mw7.7", "ばらつき": "-", "最大ケース／平均活動間隔（年）": "-999.0", "最大ケース／最新活動時期（年前）": "-", "最大ケース／30年発生確率": "0.0000000000", "最大ケース／50年発生確率": "0.0000000000" }, "geometry": { "type": "Polygon", "coordinates": [ [ [ 131.9732666015625, 33.358061612778869 ], [ 131.6162109375, 33.229498141449511 ], [ 131.9732666015625, 33.358061612778869 ] ] ] } },
{ "type": "Feature", "properties": { "断層面ID": "FH201GJ_00005", "断層コード": "FH201GJ", "name": "中央構造線断層帯（石鎚山脈北縁区間〜豊予海峡−由布院区間が同時に活動）（傾斜角90度）", "基準位置経度": "131.630", "基準位置緯度": "33.246", "上端深さ(km)": "4.0", "断層長さ(km)": "16.0", "断層幅(km)": "12.0", "走向角(度)": "290.3", "傾斜角(度)": "70.0", "平均ケース／平均活動間隔（年）": "-", "平均ケース／最新活動時期（年前）": "-", "平均ケース／30年発生確率": "0.0000000000", "平均ケース／50年発生確率": "0.0000000000", "確率過程": "同時活動モデル", "マグニチュード": "Mw7.7", "ばらつき": "-", "最大ケース／平均活動間隔（年）": "-999.0", "最大ケース／最新活動時期（年前）": "-", "最大ケース／30年発生確率": "0.0000000000", "最大ケース／50年発生確率": "0.0000000000" }, "geometry": { "type": "Polygon", "coordinates": [ [ [ 131.627197265625, 33.243281858479477 ], [ 131.4678955078125, 33.293803558346596 ], [ 131.4788818359375, 33.330528249028077 ], [ 131.6436767578125, 33.280027811732154 ], [ 131.627197265625, 33.243281858479477 ] ] ] } },
{ "type": "Feature", "properties": { "断層面ID": "FH201GJ_00006", "断層コード": "FH201GJ", "name": "中央構造線断層帯（石鎚山脈北縁区間〜豊予海峡−由布院区間が同時に活動）（傾斜角90度）", "基準位置経度": "131.459", "基準位置緯度": "33.296", "上端深さ(km)": "4.0", "断層長さ(km)": "14.0", "断層幅(km)": "12.0", "走向角(度)": "249.6", "傾斜角(度)": "70.0", "平均ケース／平均活動間隔（年）": "-", "平均ケース／最新活動時期（年前）": "-", "平均ケース／30年発生確率": "0.0000000000", "平均ケース／50年発生確率": "0.0000000000", "確率過程": "同時活動モデル", "マグニチュード": "Mw7.7", "ばらつき": "-", "最大ケース／平均活動間隔（年）": "-999.0", "最大ケース／最新活動時期（年前）": "-", "最大ケース／30年発生確率": "0.0000000000", "最大ケース／50年発生確率": "0.0000000000" }, "geometry": { "type": "Polygon", "coordinates": [ [ [ 131.4569091796875, 33.293803558346596 ], [ 131.3140869140625, 33.247875947924385 ], [ 131.297607421875, 33.284619968887682 ], [ 131.4404296875, 33.330528249028077 ], [ 131.4569091796875, 33.293803558346596 ] ] ] } },
{ "type": "Feature", "properties": { "断層面ID": "FM201AE_00004", "断層コード": "FM201AE", "name": "中央構造線断層帯（金剛山地東縁区間〜讃岐山脈南縁東部区間が同時に活動）（傾斜角40度）", "基準位置経度": "135.099", "基準位置緯度": "34.289", "上端深さ(km)": "4.0", "断層長さ(km)": "44.0", "断層幅(km)": "18.0", "走向角(度)": "258.5", "傾斜角(度)": "40.0", "平均ケース／平均活動間隔（年）": "-", "平均ケース／最新活動時期（年前）": "-", "平均ケース／30年発生確率": "0.0000000000", "平均ケース／50年発生確率": "0.0000000000", "確率過程": "同時活動モデル", "マグニチュード": "Mw7.6", "ばらつき": "-", "最大ケース／平均活動間隔（年）": "-999.0", "最大ケース／最新活動時期（年前）": "-", "最大ケース／30年発生確率": "0.0000000000", "最大ケース／50年発生確率": "0.0000000000" }, "geometry": { "type": "Polygon", "coordinates": [ [ [ 135.098876953125, 34.288991865037531 ], [ 134.62646484375, 34.207259382072309 ], [ 134.5989990234375, 34.329828328362026 ], [ 135.06591796875, 34.406909656520597 ], [ 135.098876953125, 34.288991865037531 ] ] ] } },
{ "type": "Feature", "properties": { "断層面ID": "FM201AE_00005", "断層コード": "FM201AE", "name": "中央構造線断層帯（金剛山地東縁区間〜讃岐山脈南縁東部区間が同時に活動）（傾斜角40度）", "基準位置経度": "134.642", "基準位置緯度": "34.219", "上端深さ(km)": "4.0", "断層長さ(km)": "54.0", "断層幅(km)": "18.0", "走向角(度)": "257.3", "傾斜角(度)": "40.0", "平均ケース／平均活動間隔（年）": "-", "平均ケース／最新活動時期（年前）": "-", "平均ケース／30年発生確率": "0.0000000000", "平均ケース／50年発生確率": "0.0000000000", "確率過程": "同時活動モデル", "マグニチュード": "Mw7.6", "ばらつき": "-", "最大ケース／平均活動間隔（年）": "-999.0", "最大ケース／最新活動時期（年前）": "-", "最大ケース／30年発生確率": "0.0000000000", "最大ケース／50年発生確率": "0.0000000000" }, "geometry": { "type": "Polygon", "coordinates": [ [ [ 134.637451171875, 34.216344688434631 ], [ 134.066162109375, 34.11180455556898 ], [ 134.033203125, 34.229970811273077 ], [ 134.6044921875, 34.338900400404995 ], [ 134.637451171875, 34.216344688434631 ] ] ] } },
{ "type": "Feature", "properties": { "断層面ID": "FH201AE_00004", "断層コード": "FH201AE", "name": "中央構造線断層帯（金剛山地東縁区間〜讃岐山脈南縁東部区間が同時に活動）（傾斜角90度）", "基準位置経度": "135.119", "基準位置緯度": "34.248", "上端深さ(km)": "4.0", "断層長さ(km)": "46.0", "断層幅(km)": "12.0", "走向角(度)": "258.5", "傾斜角(度)": "90.0", "平均ケース／平均活動間隔（年）": "-", "平均ケース／最新活動時期（年前）": "-", "平均ケース／30年発生確率": "0.0000000000", "平均ケース／50年発生確率": "0.0000000000", "確率過程": "同時活動モデル", "マグニチュード": "Mw7.6", "ばらつき": "-", "最大ケース／平均活動間隔（年）": "-999.0", "最大ケース／最新活動時期（年前）": "-", "最大ケース／30年発生確率": "0.0000000000", "最大ケース／50年発生確率": "0.0000000000" }, "geometry": { "type": "Polygon", "coordinates": [ [ [ 135.1153564453125, 34.243594729697406 ], [ 134.62646484375, 34.161818161230386 ], [ 135.1153564453125, 34.243594729697406 ] ] ] } },
{ "type": "Feature", "properties": { "断層面ID": "FH201AE_00005", "断層コード": "FH201AE", "name": "中央構造線断層帯（金剛山地東縁区間〜讃岐山脈南縁東部区間が同時に活動）（傾斜角90度）", "基準位置経度": "134.664", "基準位置緯度": "34.179", "上端深さ(km)": "4.0", "断層長さ(km)": "56.0", "断層幅(km)": "12.0", "走向角(度)": "257.3", "傾斜角(度)": "90.0", "平均ケース／平均活動間隔（年）": "-", "平均ケース／最新活動時期（年前）": "-", "平均ケース／30年発生確率": "0.0000000000", "平均ケース／50年発生確率": "0.0000000000", "確率過程": "同時活動モデル", "マグニチュード": "Mw7.6", "ばらつき": "-", "最大ケース／平均活動間隔（年）": "-999.0", "最大ケース／最新活動時期（年前）": "-", "最大ケース／30年発生確率": "0.0000000000", "最大ケース／50年発生確率": "0.0000000000" }, "geometry": { "type": "Polygon", "coordinates": [ [ [ 134.659423828125, 34.175453097578526 ], [ 134.066162109375, 34.066311964721052 ], [ 134.659423828125, 34.175453097578526 ] ] ] } },
{ "type": "Feature", "properties": { "断層面ID": "FM201BF_00003", "断層コード": "FM201BF", "name": "中央構造線断層帯（五条谷区間〜讃岐山脈南縁西部区間が同時に活動）（傾斜角40度）", "基準位置経度": "135.099", "基準位置緯度": "34.289", "上端深さ(km)": "4.0", "断層長さ(km)": "44.0", "断層幅(km)": "18.0", "走向角(度)": "258.5", "傾斜角(度)": "40.0", "平均ケース／平均活動間隔（年）": "-", "平均ケース／最新活動時期（年前）": "-", "平均ケース／30年発生確率": "0.0000000000", "平均ケース／50年発生確率": "0.0000000000", "確率過程": "同時活動モデル", "マグニチュード": "Mw7.7", "ばらつき": "-", "最大ケース／平均活動間隔（年）": "-999.0", "最大ケース／最新活動時期（年前）": "-", "最大ケース／30年発生確率": "0.0001490000", "最大ケース／50年発生確率": "0.0002630000" }, "geometry": { "type": "Polygon", "coordinates": [ [ [ 135.098876953125, 34.288991865037531 ], [ 134.62646484375, 34.207259382072309 ], [ 134.5989990234375, 34.329828328362026 ], [ 135.06591796875, 34.406909656520597 ], [ 135.098876953125, 34.288991865037531 ] ] ] } },
{ "type": "Feature", "properties": { "断層面ID": "FM201BF_00004", "断層コード": "FM201BF", "name": "中央構造線断層帯（五条谷区間〜讃岐山脈南縁西部区間が同時に活動）（傾斜角40度）", "基準位置経度": "134.642", "基準位置緯度": "34.219", "上端深さ(km)": "4.0", "断層長さ(km)": "54.0", "断層幅(km)": "18.0", "走向角(度)": "257.3", "傾斜角(度)": "40.0", "平均ケース／平均活動間隔（年）": "-", "平均ケース／最新活動時期（年前）": "-", "平均ケース／30年発生確率": "0.0000000000", "平均ケース／50年発生確率": "0.0000000000", "確率過程": "同時活動モデル", "マグニチュード": "Mw7.7", "ばらつき": "-", "最大ケース／平均活動間隔（年）": "-999.0", "最大ケース／最新活動時期（年前）": "-", "最大ケース／30年発生確率": "0.0001490000", "最大ケース／50年発生確率": "0.0002630000" }, "geometry": { "type": "Polygon", "coordinates": [ [ [ 134.637451171875, 34.216344688434631 ], [ 134.066162109375, 34.11180455556898 ], [ 134.033203125, 34.229970811273077 ], [ 134.6044921875, 34.338900400404995 ], [ 134.637451171875, 34.216344688434631 ] ] ] } },
{ "type": "Feature", "properties": { "断層面ID": "FM201BF_00005", "断層コード": "FM201BF", "name": "中央構造線断層帯（五条谷区間〜讃岐山脈南縁西部区間が同時に活動）（傾斜角40度）", "基準位置経度": "134.091", "基準位置緯度": "34.126", "上端深さ(km)": "4.0", "断層長さ(km)": "84.0", "断層幅(km)": "18.0", "走向角(度)": "255.8", "傾斜角(度)": "40.0", "平均ケース／平均活動間隔（年）": "-", "平均ケース／最新活動時期（年前）": "-", "平均ケース／30年発生確率": "0.0000000000", "平均ケース／50年発生確率": "0.0000000000", "確率過程": "同時活動モデル", "マグニチュード": "Mw7.7", "ばらつき": "-", "最大ケース／平均活動間隔（年）": "-999.0", "最大ケース／最新活動時期（年前）": "-", "最大ケース／30年発生確率": "0.0001490000", "最大ケース／50年発生確率": "0.0002630000" }, "geometry": { "type": "Polygon", "coordinates": [ [ [ 134.088134765625, 34.125447565116119 ], [ 133.2037353515625, 33.938802750845781 ], [ 133.1707763671875, 34.057210513510299 ], [ 134.0496826171875, 34.243594729697406 ], [ 134.088134765625, 34.125447565116119 ] ] ] } },
{ "type": "Feature", "properties": { "断層面ID": "FH201BF_00003", "断層コード": "FH201BF", "name": "中央構造線断層帯（五条谷区間〜讃岐山脈南縁西部区間が同時に活動）（傾斜角90度）", "基準位置経度": "135.119", "基準位置緯度": "34.248", "上端深さ(km)": "4.0", "断層長さ(km)": "46.0", "断層幅(km)": "12.0", "走向角(度)": "258.5", "傾斜角(度)": "90.0", "平均ケース／平均活動間隔（年）": "-", "平均ケース／最新活動時期（年前）": "-", "平均ケース／30年発生確率": "0.0000000000", "平均ケース／50年発生確率": "0.0000000000", "確率過程": "同時活動モデル", "マグニチュード": "Mw7.7", "ばらつき": "-", "最大ケース／平均活動間隔（年）": "-999.0", "最大ケース／最新活動時期（年前）": "-", "最大ケース／30年発生確率": "0.0001490000", "最大ケース／50年発生確率": "0.0002630000" }, "geometry": { "type": "Polygon", "coordinates": [ [ [ 135.1153564453125, 34.243594729697406 ], [ 134.62646484375, 34.161818161230386 ], [ 135.1153564453125, 34.243594729697406 ] ] ] } },
{ "type": "Feature", "properties": { "断層面ID": "FH201BF_00004", "断層コード": "FH201BF", "name": "中央構造線断層帯（五条谷区間〜讃岐山脈南縁西部区間が同時に活動）（傾斜角90度）", "基準位置経度": "134.664", "基準位置緯度": "34.179", "上端深さ(km)": "4.0", "断層長さ(km)": "56.0", "断層幅(km)": "12.0", "走向角(度)": "257.3", "傾斜角(度)": "90.0", "平均ケース／平均活動間隔（年）": "-", "平均ケース／最新活動時期（年前）": "-", "平均ケース／30年発生確率": "0.0000000000", "平均ケース／50年発生確率": "0.0000000000", "確率過程": "同時活動モデル", "マグニチュード": "Mw7.7", "ばらつき": "-", "最大ケース／平均活動間隔（年）": "-999.0", "最大ケース／最新活動時期（年前）": "-", "最大ケース／30年発生確率": "0.0001490000", "最大ケース／50年発生確率": "0.0002630000" }, "geometry": { "type": "Polygon", "coordinates": [ [ [ 134.659423828125, 34.175453097578526 ], [ 134.066162109375, 34.066311964721052 ], [ 134.659423828125, 34.175453097578526 ] ] ] } },
{ "type": "Feature", "properties": { "断層面ID": "FH201BF_00005", "断層コード": "FH201BF", "name": "中央構造線断層帯（五条谷区間〜讃岐山脈南縁西部区間が同時に活動）（傾斜角90度）", "基準位置経度": "134.114", "基準位置緯度": "34.086", "上端深さ(km)": "4.0", "断層長さ(km)": "86.0", "断層幅(km)": "12.0", "走向角(度)": "255.8", "傾斜角(度)": "90.0", "平均ケース／平均活動間隔（年）": "-", "平均ケース／最新活動時期（年前）": "-", "平均ケース／30年発生確率": "0.0000000000", "平均ケース／50年発生確率": "0.0000000000", "確率過程": "同時活動モデル", "マグニチュード": "Mw7.7", "ばらつき": "-", "最大ケース／平均活動間隔（年）": "-999.0", "最大ケース／最新活動時期（年前）": "-", "最大ケース／30年発生確率": "0.0001490000", "最大ケース／50年発生確率": "0.0002630000" }, "geometry": { "type": "Polygon", "coordinates": [ [ [ 134.110107421875, 34.084511934474762 ], [ 133.209228515625, 33.893217379440884 ], [ 134.110107421875, 34.084511934474762 ] ] ] } },
{ "type": "Feature", "properties": { "断層面ID": "FM201CG_00002", "断層コード": "FM201CG", "name": "中央構造線断層帯（根来区間〜石鎚山脈北縁区間が同時に活動）（傾斜角40度）", "基準位置経度": "135.099", "基準位置緯度": "34.289", "上端深さ(km)": "4.0", "断層長さ(km)": "44.0", "断層幅(km)": "18.0", "走向角(度)": "258.5", "傾斜角(度)": "40.0", "平均ケース／平均活動間隔（年）": "-", "平均ケース／最新活動時期（年前）": "-", "平均ケース／30年発生確率": "0.0000000000", "平均ケース／50年発生確率": "0.0000000000", "確率過程": "同時活動モデル", "マグニチュード": "Mw7.7", "ばらつき": "-", "最大ケース／平均活動間隔（年）": "-999.0", "最大ケース／最新活動時期（年前）": "-", "最大ケース／30年発生確率": "0.0000101000", "最大ケース／50年発生確率": "0.0000218000" }, "geometry": { "type": "Polygon", "coordinates": [ [ [ 135.098876953125, 34.288991865037531 ], [ 134.62646484375, 34.207259382072309 ], [ 134.5989990234375, 34.329828328362026 ], [ 135.06591796875, 34.406909656520597 ], [ 135.098876953125, 34.288991865037531 ] ] ] } },
{ "type": "Feature", "properties": { "断層面ID": "FM201CG_00003", "断層コード": "FM201CG", "name": "中央構造線断層帯（根来区間〜石鎚山脈北縁区間が同時に活動）（傾斜角40度）", "基準位置経度": "134.642", "基準位置緯度": "34.219", "上端深さ(km)": "4.0", "断層長さ(km)": "54.0", "断層幅(km)": "18.0", "走向角(度)": "257.3", "傾斜角(度)": "40.0", "平均ケース／平均活動間隔（年）": "-", "平均ケース／最新活動時期（年前）": "-", "平均ケース／30年発生確率": "0.0000000000", "平均ケース／50年発生確率": "0.0000000000", "確率過程": "同時活動モデル", "マグニチュード": "Mw7.7", "ばらつき": "-", "最大ケース／平均活動間隔（年）": "-999.0", "最大ケース／最新活動時期（年前）": "-", "最大ケース／30年発生確率": "0.0000101000", "最大ケース／50年発生確率": "0.0000218000" }, "geometry": { "type": "Polygon", "coordinates": [ [ [ 134.637451171875, 34.216344688434631 ], [ 134.066162109375, 34.11180455556898 ], [ 134.033203125, 34.229970811273077 ], [ 134.6044921875, 34.338900400404995 ], [ 134.637451171875, 34.216344688434631 ] ] ] } },
{ "type": "Feature", "properties": { "断層面ID": "FM201CG_00004", "断層コード": "FM201CG", "name": "中央構造線断層帯（根来区間〜石鎚山脈北縁区間が同時に活動）（傾斜角40度）", "基準位置経度": "134.091", "基準位置緯度": "34.126", "上端深さ(km)": "4.0", "断層長さ(km)": "84.0", "断層幅(km)": "18.0", "走向角(度)": "255.8", "傾斜角(度)": "40.0", "平均ケース／平均活動間隔（年）": "-", "平均ケース／最新活動時期（年前）": "-", "平均ケース／30年発生確率": "0.0000000000", "平均ケース／50年発生確率": "0.0000000000", "確率過程": "同時活動モデル", "マグニチュード": "Mw7.7", "ばらつき": "-", "最大ケース／平均活動間隔（年）": "-999.0", "最大ケース／最新活動時期（年前）": "-", "最大ケース／30年発生確率": "0.0000101000", "最大ケース／50年発生確率": "0.0000218000" }, "geometry": { "type": "Polygon", "coordinates": [ [ [ 134.088134765625, 34.125447565116119 ], [ 133.2037353515625, 33.938802750845781 ], [ 133.1707763671875, 34.057210513510299 ], [ 134.0496826171875, 34.243594729697406 ], [ 134.088134765625, 34.125447565116119 ] ] ] } },
{ "type": "Feature", "properties": { "断層面ID": "FM201CG_00005", "断層コード": "FM201CG", "name": "中央構造線断層帯（根来区間〜石鎚山脈北縁区間が同時に活動）（傾斜角40度）", "基準位置経度": "133.412", "基準位置緯度": "33.982", "上端深さ(km)": "2.0", "断層長さ(km)": "30.0", "断層幅(km)": "18.0", "走向角(度)": "253.9", "傾斜角(度)": "40.0", "平均ケース／平均活動間隔（年）": "-", "平均ケース／最新活動時期（年前）": "-", "平均ケース／30年発生確率": "0.0000000000", "平均ケース／50年発生確率": "0.0000000000", "確率過程": "同時活動モデル", "マグニチュード": "Mw7.7", "ばらつき": "-", "最大ケース／平均活動間隔（年）": "-999.0", "最大ケース／最新活動時期（年前）": "-", "最大ケース／30年発生確率": "0.0000101000", "最大ケース／50年発生確率": "0.0000218000" }, "geometry": { "type": "Polygon", "coordinates": [ [ [ 133.406982421875, 33.979808728724564 ], [ 133.099365234375, 33.906895551288684 ], [ 133.055419921875, 34.025347738147929 ], [ 133.3685302734375, 34.098159345215535 ], [ 133.406982421875, 33.979808728724564 ] ] ] } },
{ "type": "Feature", "properties": { "断層面ID": "FH201CG_00002", "断層コード": "FH201CG", "name": "中央構造線断層帯（根来区間〜石鎚山脈北縁区間が同時に活動）（傾斜角90度）", "基準位置経度": "135.119", "基準位置緯度": "34.248", "上端深さ(km)": "4.0", "断層長さ(km)": "46.0", "断層幅(km)": "12.0", "走向角(度)": "258.5", "傾斜角(度)": "90.0", "平均ケース／平均活動間隔（年）": "-", "平均ケース／最新活動時期（年前）": "-", "平均ケース／30年発生確率": "0.0000000000", "平均ケース／50年発生確率": "0.0000000000", "確率過程": "同時活動モデル", "マグニチュード": "Mw7.7", "ばらつき": "-", "最大ケース／平均活動間隔（年）": "-999.0", "最大ケース／最新活動時期（年前）": "-", "最大ケース／30年発生確率": "0.0000101000", "最大ケース／50年発生確率": "0.0000218000" }, "geometry": { "type": "Polygon", "coordinates": [ [ [ 135.1153564453125, 34.243594729697406 ], [ 134.62646484375, 34.161818161230386 ], [ 135.1153564453125, 34.243594729697406 ] ] ] } },
{ "type": "Feature", "properties": { "断層面ID": "FH201CG_00003", "断層コード": "FH201CG", "name": "中央構造線断層帯（根来区間〜石鎚山脈北縁区間が同時に活動）（傾斜角90度）", "基準位置経度": "134.664", "基準位置緯度": "34.179", "上端深さ(km)": "4.0", "断層長さ(km)": "56.0", "断層幅(km)": "12.0", "走向角(度)": "257.3", "傾斜角(度)": "90.0", "平均ケース／平均活動間隔（年）": "-", "平均ケース／最新活動時期（年前）": "-", "平均ケース／30年発生確率": "0.0000000000", "平均ケース／50年発生確率": "0.0000000000", "確率過程": "同時活動モデル", "マグニチュード": "Mw7.7", "ばらつき": "-", "最大ケース／平均活動間隔（年）": "-999.0", "最大ケース／最新活動時期（年前）": "-", "最大ケース／30年発生確率": "0.0000101000", "最大ケース／50年発生確率": "0.0000218000" }, "geometry": { "type": "Polygon", "coordinates": [ [ [ 134.659423828125, 34.175453097578526 ], [ 134.066162109375, 34.066311964721052 ], [ 134.659423828125, 34.175453097578526 ] ] ] } },
{ "type": "Feature", "properties": { "断層面ID": "FH201CG_00004", "断層コード": "FH201CG", "name": "中央構造線断層帯（根来区間〜石鎚山脈北縁区間が同時に活動）（傾斜角90度）", "基準位置経度": "134.114", "基準位置緯度": "34.086", "上端深さ(km)": "4.0", "断層長さ(km)": "86.0", "断層幅(km)": "12.0", "走向角(度)": "255.8", "傾斜角(度)": "90.0", "平均ケース／平均活動間隔（年）": "-", "平均ケース／最新活動時期（年前）": "-", "平均ケース／30年発生確率": "0.0000000000", "平均ケース／50年発生確率": "0.0000000000", "確率過程": "同時活動モデル", "マグニチュード": "Mw7.7", "ばらつき": "-", "最大ケース／平均活動間隔（年）": "-999.0", "最大ケース／最新活動時期（年前）": "-", "最大ケース／30年発生確率": "0.0000101000", "最大ケース／50年発生確率": "0.0000218000" }, "geometry": { "type": "Polygon", "coordinates": [ [ [ 134.110107421875, 34.084511934474762 ], [ 133.209228515625, 33.893217379440884 ], [ 134.110107421875, 34.084511934474762 ] ] ] } },
{ "type": "Feature", "properties": { "断層面ID": "FH201CG_00005", "断層コード": "FH201CG", "name": "中央構造線断層帯（根来区間〜石鎚山脈北縁区間が同時に活動）（傾斜角90度）", "基準位置経度": "133.440", "基準位置緯度": "33.966", "上端深さ(km)": "2.0", "断層長さ(km)": "34.0", "断層幅(km)": "14.0", "走向角(度)": "253.9", "傾斜角(度)": "90.0", "平均ケース／平均活動間隔（年）": "-", "平均ケース／最新活動時期（年前）": "-", "平均ケース／30年発生確率": "0.0000000000", "平均ケース／50年発生確率": "0.0000000000", "確率過程": "同時活動モデル", "マグニチュード": "Mw7.7", "ばらつき": "-", "最大ケース／平均活動間隔（年）": "-999.0", "最大ケース／最新活動時期（年前）": "-", "最大ケース／30年発生確率": "0.0000101000", "最大ケース／50年発生確率": "0.0000218000" }, "geometry": { "type": "Polygon", "coordinates": [ [ [ 133.43994140625, 33.961586289799072 ], [ 133.0828857421875, 33.879537013559244 ], [ 133.43994140625, 33.961586289799072 ] ] ] } },
{ "type": "Feature", "properties": { "断層面ID": "FM201DH_00001", "断層コード": "FM201DH", "name": "中央構造線断層帯（紀淡海峡−鳴門海峡区間〜石鎚山脈北縁西部区間が同時に活動）（傾斜角40度）", "基準位置経度": "135.099", "基準位置緯度": "34.289", "上端深さ(km)": "4.0", "断層長さ(km)": "44.0", "断層幅(km)": "18.0", "走向角(度)": "258.5", "傾斜角(度)": "40.0", "平均ケース／平均活動間隔（年）": "-", "平均ケース／最新活動時期（年前）": "-", "平均ケース／30年発生確率": "0.0000000000", "平均ケース／50年発生確率": "0.0000000000", "確率過程": "同時活動モデル", "マグニチュード": "Mw7.7", "ばらつき": "-", "最大ケース／平均活動間隔（年）": "-999.0", "最大ケース／最新活動時期（年前）": "-", "最大ケース／30年発生確率": "0.0002270000", "最大ケース／50年発生確率": "0.0004830000" }, "geometry": { "type": "Polygon", "coordinates": [ [ [ 135.098876953125, 34.288991865037531 ], [ 134.62646484375, 34.207259382072309 ], [ 134.5989990234375, 34.329828328362026 ], [ 135.06591796875, 34.406909656520597 ], [ 135.098876953125, 34.288991865037531 ] ] ] } },
{ "type": "Feature", "properties": { "断層面ID": "FM201DH_00002", "断層コード": "FM201DH", "name": "中央構造線断層帯（紀淡海峡−鳴門海峡区間〜石鎚山脈北縁西部区間が同時に活動）（傾斜角40度）", "基準位置経度": "134.642", "基準位置緯度": "34.219", "上端深さ(km)": "4.0", "断層長さ(km)": "54.0", "断層幅(km)": "18.0", "走向角(度)": "257.3", "傾斜角(度)": "40.0", "平均ケース／平均活動間隔（年）": "-", "平均ケース／最新活動時期（年前）": "-", "平均ケース／30年発生確率": "0.0000000000", "平均ケース／50年発生確率": "0.0000000000", "確率過程": "同時活動モデル", "マグニチュード": "Mw7.7", "ばらつき": "-", "最大ケース／平均活動間隔（年）": "-999.0", "最大ケース／最新活動時期（年前）": "-", "最大ケース／30年発生確率": "0.0002270000", "最大ケース／50年発生確率": "0.0004830000" }, "geometry": { "type": "Polygon", "coordinates": [ [ [ 134.637451171875, 34.216344688434631 ], [ 134.066162109375, 34.11180455556898 ], [ 134.033203125, 34.229970811273077 ], [ 134.6044921875, 34.338900400404995 ], [ 134.637451171875, 34.216344688434631 ] ] ] } },
{ "type": "Feature", "properties": { "断層面ID": "FM201DH_00003", "断層コード": "FM201DH", "name": "中央構造線断層帯（紀淡海峡−鳴門海峡区間〜石鎚山脈北縁西部区間が同時に活動）（傾斜角40度）", "基準位置経度": "134.091", "基準位置緯度": "34.126", "上端深さ(km)": "4.0", "断層長さ(km)": "84.0", "断層幅(km)": "18.0", "走向角(度)": "255.8", "傾斜角(度)": "40.0", "平均ケース／平均活動間隔（年）": "-", "平均ケース／最新活動時期（年前）": "-", "平均ケース／30年発生確率": "0.0000000000", "平均ケース／50年発生確率": "0.0000000000", "確率過程": "同時活動モデル", "マグニチュード": "Mw7.7", "ばらつき": "-", "最大ケース／平均活動間隔（年）": "-999.0", "最大ケース／最新活動時期（年前）": "-", "最大ケース／30年発生確率": "0.0002270000", "最大ケース／50年発生確率": "0.0004830000" }, "geometry": { "type": "Polygon", "coordinates": [ [ [ 134.088134765625, 34.125447565116119 ], [ 133.2037353515625, 33.938802750845781 ], [ 133.1707763671875, 34.057210513510299 ], [ 134.0496826171875, 34.243594729697406 ], [ 134.088134765625, 34.125447565116119 ] ] ] } },
{ "type": "Feature", "properties": { "断層面ID": "FM201DH_00004", "断層コード": "FM201DH", "name": "中央構造線断層帯（紀淡海峡−鳴門海峡区間〜石鎚山脈北縁西部区間が同時に活動）（傾斜角40度）", "基準位置経度": "133.234", "基準位置緯度": "33.928", "上端深さ(km)": "2.0", "断層長さ(km)": "42.0", "断層幅(km)": "18.0", "走向角(度)": "248.7", "傾斜角(度)": "40.0", "平均ケース／平均活動間隔（年）": "-", "平均ケース／最新活動時期（年前）": "-", "平均ケース／30年発生確率": "0.0000000000", "平均ケース／50年発生確率": "0.0000000000", "確率過程": "同時活動モデル", "マグニチュード": "Mw7.7", "ばらつき": "-", "最大ケース／平均活動間隔（年）": "-999.0", "最大ケース／最新活動時期（年前）": "-", "最大ケース／30年発生確率": "0.0002270000", "最大ケース／50年発生確率": "0.0004830000" }, "geometry": { "type": "Polygon", "coordinates": [ [ [ 133.231201171875, 33.925129700071992 ], [ 132.8082275390625, 33.788278536259966 ], [ 132.7532958984375, 33.902336404480678 ], [ 133.17626953125, 34.043556504127437 ], [ 133.231201171875, 33.925129700071992 ] ] ] } },
{ "type": "Feature", "properties": { "断層面ID": "FH201DH_00001", "断層コード": "FH201DH", "name": "中央構造線断層帯（紀淡海峡−鳴門海峡区間〜石鎚山脈北縁西部区間が同時に活動）（傾斜角90度）", "基準位置経度": "135.119", "基準位置緯度": "34.248", "上端深さ(km)": "4.0", "断層長さ(km)": "46.0", "断層幅(km)": "12.0", "走向角(度)": "258.5", "傾斜角(度)": "90.0", "平均ケース／平均活動間隔（年）": "-", "平均ケース／最新活動時期（年前）": "-", "平均ケース／30年発生確率": "0.0000000000", "平均ケース／50年発生確率": "0.0000000000", "確率過程": "同時活動モデル", "マグニチュード": "Mw7.7", "ばらつき": "-", "最大ケース／平均活動間隔（年）": "-999.0", "最大ケース／最新活動時期（年前）": "-", "最大ケース／30年発生確率": "0.0002270000", "最大ケース／50年発生確率": "0.0004830000" }, "geometry": { "type": "Polygon", "coordinates": [ [ [ 135.1153564453125, 34.243594729697406 ], [ 134.62646484375, 34.161818161230386 ], [ 135.1153564453125, 34.243594729697406 ] ] ] } },
{ "type": "Feature", "properties": { "断層面ID": "FH201DH_00002", "断層コード": "FH201DH", "name": "中央構造線断層帯（紀淡海峡−鳴門海峡区間〜石鎚山脈北縁西部区間が同時に活動）（傾斜角90度）", "基準位置経度": "134.664", "基準位置緯度": "34.179", "上端深さ(km)": "4.0", "断層長さ(km)": "56.0", "断層幅(km)": "12.0", "走向角(度)": "257.3", "傾斜角(度)": "90.0", "平均ケース／平均活動間隔（年）": "-", "平均ケース／最新活動時期（年前）": "-", "平均ケース／30年発生確率": "0.0000000000", "平均ケース／50年発生確率": "0.0000000000", "確率過程": "同時活動モデル", "マグニチュード": "Mw7.7", "ばらつき": "-", "最大ケース／平均活動間隔（年）": "-999.0", "最大ケース／最新活動時期（年前）": "-", "最大ケース／30年発生確率": "0.0002270000", "最大ケース／50年発生確率": "0.0004830000" }, "geometry": { "type": "Polygon", "coordinates": [ [ [ 134.659423828125, 34.175453097578526 ], [ 134.066162109375, 34.066311964721052 ], [ 134.659423828125, 34.175453097578526 ] ] ] } },
{ "type": "Feature", "properties": { "断層面ID": "FH201DH_00003", "断層コード": "FH201DH", "name": "中央構造線断層帯（紀淡海峡−鳴門海峡区間〜石鎚山脈北縁西部区間が同時に活動）（傾斜角90度）", "基準位置経度": "134.114", "基準位置緯度": "34.086", "上端深さ(km)": "4.0", "断層長さ(km)": "86.0", "断層幅(km)": "12.0", "走向角(度)": "255.8", "傾斜角(度)": "90.0", "平均ケース／平均活動間隔（年）": "-", "平均ケース／最新活動時期（年前）": "-", "平均ケース／30年発生確率": "0.0000000000", "平均ケース／50年発生確率": "0.0000000000", "確率過程": "同時活動モデル", "マグニチュード": "Mw7.7", "ばらつき": "-", "最大ケース／平均活動間隔（年）": "-999.0", "最大ケース／最新活動時期（年前）": "-", "最大ケース／30年発生確率": "0.0002270000", "最大ケース／50年発生確率": "0.0004830000" }, "geometry": { "type": "Polygon", "coordinates": [ [ [ 134.110107421875, 34.084511934474762 ], [ 133.209228515625, 33.893217379440884 ], [ 134.110107421875, 34.084511934474762 ] ] ] } },
{ "type": "Feature", "properties": { "断層面ID": "FH201DH_00004", "断層コード": "FH201DH", "name": "中央構造線断層帯（紀淡海峡−鳴門海峡区間〜石鎚山脈北縁西部区間が同時に活動）（傾斜角90度）", "基準位置経度": "133.255", "基準位置緯度": "33.934", "上端深さ(km)": "2.0", "断層長さ(km)": "46.0", "断層幅(km)": "14.0", "走向角(度)": "248.7", "傾斜角(度)": "90.0", "平均ケース／平均活動間隔（年）": "-", "平均ケース／最新活動時期（年前）": "-", "平均ケース／30年発生確率": "0.0000000000", "平均ケース／50年発生確率": "0.0000000000", "確率過程": "同時活動モデル", "マグニチュード": "Mw7.7", "ばらつき": "-", "最大ケース／平均活動間隔（年）": "-999.0", "最大ケース／最新活動時期（年前）": "-", "最大ケース／30年発生確率": "0.0002270000", "最大ケース／50年発生確率": "0.0004830000" }, "geometry": { "type": "Polygon", "coordinates": [ [ [ 133.253173828125, 33.929687627576598 ], [ 132.7862548828125, 33.779147331286467 ], [ 133.253173828125, 33.929687627576598 ] ] ] } },
{ "type": "Feature", "properties": { "断層面ID": "FM201EI_00001", "断層コード": "FM201EI", "name": "中央構造線断層帯（讃岐山脈南縁東部区間〜伊予灘区間が同時に活動）（傾斜角40度）", "基準位置経度": "134.642", "基準位置緯度": "34.219", "上端深さ(km)": "4.0", "断層長さ(km)": "54.0", "断層幅(km)": "18.0", "走向角(度)": "257.3", "傾斜角(度)": "40.0", "平均ケース／平均活動間隔（年）": "-", "平均ケース／最新活動時期（年前）": "-", "平均ケース／30年発生確率": "0.0000000000", "平均ケース／50年発生確率": "0.0000000000", "確率過程": "同時活動モデル", "マグニチュード": "Mw7.7", "ばらつき": "-", "最大ケース／平均活動間隔（年）": "-999.0", "最大ケース／最新活動時期（年前）": "-", "最大ケース／30年発生確率": "0.0000000000", "最大ケース／50年発生確率": "0.0000000000" }, "geometry": { "type": "Polygon", "coordinates": [ [ [ 134.637451171875, 34.216344688434631 ], [ 134.066162109375, 34.11180455556898 ], [ 134.033203125, 34.229970811273077 ], [ 134.6044921875, 34.338900400404995 ], [ 134.637451171875, 34.216344688434631 ] ] ] } },
{ "type": "Feature", "properties": { "断層面ID": "FM201EI_00002", "断層コード": "FM201EI", "name": "中央構造線断層帯（讃岐山脈南縁東部区間〜伊予灘区間が同時に活動）（傾斜角40度）", "基準位置経度": "134.091", "基準位置緯度": "34.126", "上端深さ(km)": "4.0", "断層長さ(km)": "84.0", "断層幅(km)": "18.0", "走向角(度)": "255.8", "傾斜角(度)": "40.0", "平均ケース／平均活動間隔（年）": "-", "平均ケース／最新活動時期（年前）": "-", "平均ケース／30年発生確率": "0.0000000000", "平均ケース／50年発生確率": "0.0000000000", "確率過程": "同時活動モデル", "マグニチュード": "Mw7.7", "ばらつき": "-", "最大ケース／平均活動間隔（年）": "-999.0", "最大ケース／最新活動時期（年前）": "-", "最大ケース／30年発生確率": "0.0000000000", "最大ケース／50年発生確率": "0.0000000000" }, "geometry": { "type": "Polygon", "coordinates": [ [ [ 134.088134765625, 34.125447565116119 ], [ 133.2037353515625, 33.938802750845781 ], [ 133.1707763671875, 34.057210513510299 ], [ 134.0496826171875, 34.243594729697406 ], [ 134.088134765625, 34.125447565116119 ] ] ] } },
{ "type": "Feature", "properties": { "断層面ID": "FM201EI_00003", "断層コード": "FM201EI", "name": "中央構造線断層帯（讃岐山脈南縁東部区間〜伊予灘区間が同時に活動）（傾斜角40度）", "基準位置経度": "133.234", "基準位置緯度": "33.928", "上端深さ(km)": "2.0", "断層長さ(km)": "42.0", "断層幅(km)": "18.0", "走向角(度)": "248.7", "傾斜角(度)": "40.0", "平均ケース／平均活動間隔（年）": "-", "平均ケース／最新活動時期（年前）": "-", "平均ケース／30年発生確率": "0.0000000000", "平均ケース／50年発生確率": "0.0000000000", "確率過程": "同時活動モデル", "マグニチュード": "Mw7.7", "ばらつき": "-", "最大ケース／平均活動間隔（年）": "-999.0", "最大ケース／最新活動時期（年前）": "-", "最大ケース／30年発生確率": "0.0000000000", "最大ケース／50年発生確率": "0.0000000000" }, "geometry": { "type": "Polygon", "coordinates": [ [ [ 133.231201171875, 33.925129700071992 ], [ 132.8082275390625, 33.788278536259966 ], [ 132.7532958984375, 33.902336404480678 ], [ 133.17626953125, 34.043556504127437 ], [ 133.231201171875, 33.925129700071992 ] ] ] } },
{ "type": "Feature", "properties": { "断層面ID": "FM201EI_00004", "断層コード": "FM201EI", "name": "中央構造線断層帯（讃岐山脈南縁東部区間〜伊予灘区間が同時に活動）（傾斜角40度）", "基準位置経度": "132.783", "基準位置緯度": "33.794", "上端深さ(km)": "4.0", "断層長さ(km)": "90.0", "断層幅(km)": "18.0", "走向角(度)": "240.7", "傾斜角(度)": "40.0", "平均ケース／平均活動間隔（年）": "-", "平均ケース／最新活動時期（年前）": "-", "平均ケース／30年発生確率": "0.0000000000", "平均ケース／50年発生確率": "0.0000000000", "確率過程": "同時活動モデル", "マグニチュード": "Mw7.7", "ばらつき": "-", "最大ケース／平均活動間隔（年）": "-999.0", "最大ケース／最新活動時期（年前）": "-", "最大ケース／30年発生確率": "0.0000000000", "最大ケース／50年発生確率": "0.0000000000" }, "geometry": { "type": "Polygon", "coordinates": [ [ [ 132.78076171875, 33.792843773631844 ], [ 131.934814453125, 33.394759218577988 ], [ 131.85791015625, 33.504759069226083 ], [ 132.7093505859375, 33.902336404480678 ], [ 132.78076171875, 33.792843773631844 ] ] ] } },
{ "type": "Feature", "properties": { "断層面ID": "FH201EI_00001", "断層コード": "FH201EI", "name": "中央構造線断層帯（讃岐山脈南縁東部区間〜伊予灘区間が同時に活動）（傾斜角90度）", "基準位置経度": "134.664", "基準位置緯度": "34.179", "上端深さ(km)": "4.0", "断層長さ(km)": "56.0", "断層幅(km)": "12.0", "走向角(度)": "257.3", "傾斜角(度)": "90.0", "平均ケース／平均活動間隔（年）": "-", "平均ケース／最新活動時期（年前）": "-", "平均ケース／30年発生確率": "0.0000000000", "平均ケース／50年発生確率": "0.0000000000", "確率過程": "同時活動モデル", "マグニチュード": "Mw7.7", "ばらつき": "-", "最大ケース／平均活動間隔（年）": "-999.0", "最大ケース／最新活動時期（年前）": "-", "最大ケース／30年発生確率": "0.0000000000", "最大ケース／50年発生確率": "0.0000000000" }, "geometry": { "type": "Polygon", "coordinates": [ [ [ 134.659423828125, 34.175453097578526 ], [ 134.066162109375, 34.066311964721052 ], [ 134.659423828125, 34.175453097578526 ] ] ] } },
{ "type": "Feature", "properties": { "断層面ID": "FH201EI_00002", "断層コード": "FH201EI", "name": "中央構造線断層帯（讃岐山脈南縁東部区間〜伊予灘区間が同時に活動）（傾斜角90度）", "基準位置経度": "134.114", "基準位置緯度": "34.086", "上端深さ(km)": "4.0", "断層長さ(km)": "86.0", "断層幅(km)": "12.0", "走向角(度)": "255.8", "傾斜角(度)": "90.0", "平均ケース／平均活動間隔（年）": "-", "平均ケース／最新活動時期（年前）": "-", "平均ケース／30年発生確率": "0.0000000000", "平均ケース／50年発生確率": "0.0000000000", "確率過程": "同時活動モデル", "マグニチュード": "Mw7.7", "ばらつき": "-", "最大ケース／平均活動間隔（年）": "-999.0", "最大ケース／最新活動時期（年前）": "-", "最大ケース／30年発生確率": "0.0000000000", "最大ケース／50年発生確率": "0.0000000000" }, "geometry": { "type": "Polygon", "coordinates": [ [ [ 134.110107421875, 34.084511934474762 ], [ 133.209228515625, 33.893217379440884 ], [ 134.110107421875, 34.084511934474762 ] ] ] } },
{ "type": "Feature", "properties": { "断層面ID": "FH201EI_00003", "断層コード": "FH201EI", "name": "中央構造線断層帯（讃岐山脈南縁東部区間〜伊予灘区間が同時に活動）（傾斜角90度）", "基準位置経度": "133.255", "基準位置緯度": "33.934", "上端深さ(km)": "2.0", "断層長さ(km)": "46.0", "断層幅(km)": "14.0", "走向角(度)": "248.7", "傾斜角(度)": "90.0", "平均ケース／平均活動間隔（年）": "-", "平均ケース／最新活動時期（年前）": "-", "平均ケース／30年発生確率": "0.0000000000", "平均ケース／50年発生確率": "0.0000000000", "確率過程": "同時活動モデル", "マグニチュード": "Mw7.7", "ばらつき": "-", "最大ケース／平均活動間隔（年）": "-999.0", "最大ケース／最新活動時期（年前）": "-", "最大ケース／30年発生確率": "0.0000000000", "最大ケース／50年発生確率": "0.0000000000" }, "geometry": { "type": "Polygon", "coordinates": [ [ [ 133.253173828125, 33.929687627576598 ], [ 132.7862548828125, 33.779147331286467 ], [ 133.253173828125, 33.929687627576598 ] ] ] } },
{ "type": "Feature", "properties": { "断層面ID": "FH201EI_00004", "断層コード": "FH201EI", "name": "中央構造線断層帯（讃岐山脈南縁東部区間〜伊予灘区間が同時に活動）（傾斜角90度）", "基準位置経度": "132.805", "基準位置緯度": "33.779", "上端深さ(km)": "4.0", "断層長さ(km)": "92.0", "断層幅(km)": "12.0", "走向角(度)": "240.7", "傾斜角(度)": "90.0", "平均ケース／平均活動間隔（年）": "-", "平均ケース／最新活動時期（年前）": "-", "平均ケース／30年発生確率": "0.0000000000", "平均ケース／50年発生確率": "0.0000000000", "確率過程": "同時活動モデル", "マグニチュード": "Mw7.7", "ばらつき": "-", "最大ケース／平均活動間隔（年）": "-999.0", "最大ケース／最新活動時期（年前）": "-", "最大ケース／30年発生確率": "0.0000000000", "最大ケース／50年発生確率": "0.0000000000" }, "geometry": { "type": "Polygon", "coordinates": [ [ [ 132.802734375, 33.774581363716891 ], [ 131.934814453125, 33.371825029507249 ], [ 132.802734375, 33.774581363716891 ] ] ] } },
{ "type": "Feature", "properties": { "断層面ID": "FM201FJ_00001", "断層コード": "FM201FJ", "name": "中央構造線断層帯（讃岐山脈南縁西部区間〜豊予海峡−由布院区間が同時に活動）（傾斜角40度）", "基準位置経度": "134.091", "基準位置緯度": "34.126", "上端深さ(km)": "4.0", "断層長さ(km)": "84.0", "断層幅(km)": "18.0", "走向角(度)": "255.8", "傾斜角(度)": "40.0", "平均ケース／平均活動間隔（年）": "-", "平均ケース／最新活動時期（年前）": "-", "平均ケース／30年発生確率": "0.0000000000", "平均ケース／50年発生確率": "0.0000000000", "確率過程": "同時活動モデル", "マグニチュード": "Mw7.7", "ばらつき": "-", "最大ケース／平均活動間隔（年）": "-999.0", "最大ケース／最新活動時期（年前）": "-", "最大ケース／30年発生確率": "0.0000000000", "最大ケース／50年発生確率": "0.0000000000" }, "geometry": { "type": "Polygon", "coordinates": [ [ [ 134.088134765625, 34.125447565116119 ], [ 133.2037353515625, 33.938802750845781 ], [ 133.1707763671875, 34.057210513510299 ], [ 134.0496826171875, 34.243594729697406 ], [ 134.088134765625, 34.125447565116119 ] ] ] } },
{ "type": "Feature", "properties": { "断層面ID": "FM201FJ_00002", "断層コード": "FM201FJ", "name": "中央構造線断層帯（讃岐山脈南縁西部区間〜豊予海峡−由布院区間が同時に活動）（傾斜角40度）", "基準位置経度": "133.234", "基準位置緯度": "33.928", "上端深さ(km)": "2.0", "断層長さ(km)": "42.0", "断層幅(km)": "18.0", "走向角(度)": "248.7", "傾斜角(度)": "40.0", "平均ケース／平均活動間隔（年）": "-", "平均ケース／最新活動時期（年前）": "-", "平均ケース／30年発生確率": "0.0000000000", "平均ケース／50年発生確率": "0.0000000000", "確率過程": "同時活動モデル", "マグニチュード": "Mw7.7", "ばらつき": "-", "最大ケース／平均活動間隔（年）": "-999.0", "最大ケース／最新活動時期（年前）": "-", "最大ケース／30年発生確率": "0.0000000000", "最大ケース／50年発生確率": "0.0000000000" }, "geometry": { "type": "Polygon", "coordinates": [ [ [ 133.231201171875, 33.925129700071992 ], [ 132.8082275390625, 33.788278536259966 ], [ 132.7532958984375, 33.902336404480678 ], [ 133.17626953125, 34.043556504127437 ], [ 133.231201171875, 33.925129700071992 ] ] ] } },
{ "type": "Feature", "properties": { "断層面ID": "FM201FJ_00003", "断層コード": "FM201FJ", "name": "中央構造線断層帯（讃岐山脈南縁西部区間〜豊予海峡−由布院区間が同時に活動）（傾斜角40度）", "基準位置経度": "132.783", "基準位置緯度": "33.794", "上端深さ(km)": "4.0", "断層長さ(km)": "90.0", "断層幅(km)": "18.0", "走向角(度)": "240.7", "傾斜角(度)": "40.0", "平均ケース／平均活動間隔（年）": "-", "平均ケース／最新活動時期（年前）": "-", "平均ケース／30年発生確率": "0.0000000000", "平均ケース／50年発生確率": "0.0000000000", "確率過程": "同時活動モデル", "マグニチュード": "Mw7.7", "ばらつき": "-", "最大ケース／平均活動間隔（年）": "-999.0", "最大ケース／最新活動時期（年前）": "-", "最大ケース／30年発生確率": "0.0000000000", "最大ケース／50年発生確率": "0.0000000000" }, "geometry": { "type": "Polygon", "coordinates": [ [ [ 132.78076171875, 33.792843773631844 ], [ 131.934814453125, 33.394759218577988 ], [ 131.85791015625, 33.504759069226083 ], [ 132.7093505859375, 33.902336404480678 ], [ 132.78076171875, 33.792843773631844 ] ] ] } },
{ "type": "Feature", "properties": { "断層面ID": "FM201FJ_00004", "断層コード": "FM201FJ", "name": "中央構造線断層帯（讃岐山脈南縁西部区間〜豊予海峡−由布院区間が同時に活動）（傾斜角40度）", "基準位置経度": "131.963", "基準位置緯度": "33.382", "上端深さ(km)": "4.0", "断層長さ(km)": "36.0", "断層幅(km)": "20.0", "走向角(度)": "246.4", "傾斜角(度)": "40.0", "平均ケース／平均活動間隔（年）": "-", "平均ケース／最新活動時期（年前）": "-", "平均ケース／30年発生確率": "0.0000000000", "平均ケース／50年発生確率": "0.0000000000", "確率過程": "同時活動モデル", "マグニチュード": "Mw7.7", "ばらつき": "-", "最大ケース／平均活動間隔（年）": "-999.0", "最大ケース／最新活動時期（年前）": "-", "最大ケース／30年発生確率": "0.0000000000", "最大ケース／50年発生確率": "0.0000000000" }, "geometry": { "type": "Polygon", "coordinates": [ [ [ 131.9622802734375, 33.380999431040266 ], [ 131.605224609375, 33.247875947924385 ], [ 131.539306640625, 33.376412351246771 ], [ 131.8963623046875, 33.504759069226083 ], [ 131.9622802734375, 33.380999431040266 ] ] ] } },
{ "type": "Feature", "properties": { "断層面ID": "FM201FJ_00005", "断層コード": "FM201FJ", "name": "中央構造線断層帯（讃岐山脈南縁西部区間〜豊予海峡−由布院区間が同時に活動）（傾斜角40度）", "基準位置経度": "131.630", "基準位置緯度": "33.246", "上端深さ(km)": "4.0", "断層長さ(km)": "16.0", "断層幅(km)": "12.0", "走向角(度)": "290.3", "傾斜角(度)": "70.0", "平均ケース／平均活動間隔（年）": "-", "平均ケース／最新活動時期（年前）": "-", "平均ケース／30年発生確率": "0.0000000000", "平均ケース／50年発生確率": "0.0000000000", "確率過程": "同時活動モデル", "マグニチュード": "Mw7.7", "ばらつき": "-", "最大ケース／平均活動間隔（年）": "-999.0", "最大ケース／最新活動時期（年前）": "-", "最大ケース／30年発生確率": "0.0000000000", "最大ケース／50年発生確率": "0.0000000000" }, "geometry": { "type": "Polygon", "coordinates": [ [ [ 131.627197265625, 33.243281858479477 ], [ 131.4678955078125, 33.293803558346596 ], [ 131.4788818359375, 33.330528249028077 ], [ 131.6436767578125, 33.280027811732154 ], [ 131.627197265625, 33.243281858479477 ] ] ] } },
{ "type": "Feature", "properties": { "断層面ID": "FM201FJ_00006", "断層コード": "FM201FJ", "name": "中央構造線断層帯（讃岐山脈南縁西部区間〜豊予海峡−由布院区間が同時に活動）（傾斜角40度）", "基準位置経度": "131.459", "基準位置緯度": "33.296", "上端深さ(km)": "4.0", "断層長さ(km)": "14.0", "断層幅(km)": "12.0", "走向角(度)": "249.6", "傾斜角(度)": "70.0", "平均ケース／平均活動間隔（年）": "-", "平均ケース／最新活動時期（年前）": "-", "平均ケース／30年発生確率": "0.0000000000", "平均ケース／50年発生確率": "0.0000000000", "確率過程": "同時活動モデル", "マグニチュード": "Mw7.7", "ばらつき": "-", "最大ケース／平均活動間隔（年）": "-999.0", "最大ケース／最新活動時期（年前）": "-", "最大ケース／30年発生確率": "0.0000000000", "最大ケース／50年発生確率": "0.0000000000" }, "geometry": { "type": "Polygon", "coordinates": [ [ [ 131.4569091796875, 33.293803558346596 ], [ 131.3140869140625, 33.247875947924385 ], [ 131.297607421875, 33.284619968887682 ], [ 131.4404296875, 33.330528249028077 ], [ 131.4569091796875, 33.293803558346596 ] ] ] } },
{ "type": "Feature", "properties": { "断層面ID": "FH201FJ_00001", "断層コード": "FH201FJ", "name": "中央構造線断層帯（讃岐山脈南縁西部区間〜豊予海峡−由布院区間が同時に活動）（傾斜角90度）", "基準位置経度": "134.114", "基準位置緯度": "34.086", "上端深さ(km)": "4.0", "断層長さ(km)": "86.0", "断層幅(km)": "12.0", "走向角(度)": "255.8", "傾斜角(度)": "90.0", "平均ケース／平均活動間隔（年）": "-", "平均ケース／最新活動時期（年前）": "-", "平均ケース／30年発生確率": "0.0000000000", "平均ケース／50年発生確率": "0.0000000000", "確率過程": "同時活動モデル", "マグニチュード": "Mw7.7", "ばらつき": "-", "最大ケース／平均活動間隔（年）": "-999.0", "最大ケース／最新活動時期（年前）": "-", "最大ケース／30年発生確率": "0.0000000000", "最大ケース／50年発生確率": "0.0000000000" }, "geometry": { "type": "Polygon", "coordinates": [ [ [ 134.110107421875, 34.084511934474762 ], [ 133.209228515625, 33.893217379440884 ], [ 134.110107421875, 34.084511934474762 ] ] ] } },
{ "type": "Feature", "properties": { "断層面ID": "FH201FJ_00002", "断層コード": "FH201FJ", "name": "中央構造線断層帯（讃岐山脈南縁西部区間〜豊予海峡−由布院区間が同時に活動）（傾斜角90度）", "基準位置経度": "133.255", "基準位置緯度": "33.934", "上端深さ(km)": "2.0", "断層長さ(km)": "46.0", "断層幅(km)": "14.0", "走向角(度)": "248.7", "傾斜角(度)": "90.0", "平均ケース／平均活動間隔（年）": "-", "平均ケース／最新活動時期（年前）": "-", "平均ケース／30年発生確率": "0.0000000000", "平均ケース／50年発生確率": "0.0000000000", "確率過程": "同時活動モデル", "マグニチュード": "Mw7.7", "ばらつき": "-", "最大ケース／平均活動間隔（年）": "-999.0", "最大ケース／最新活動時期（年前）": "-", "最大ケース／30年発生確率": "0.0000000000", "最大ケース／50年発生確率": "0.0000000000" }, "geometry": { "type": "Polygon", "coordinates": [ [ [ 133.253173828125, 33.929687627576598 ], [ 132.7862548828125, 33.779147331286467 ], [ 133.253173828125, 33.929687627576598 ] ] ] } },
{ "type": "Feature", "properties": { "断層面ID": "FH201FJ_00003", "断層コード": "FH201FJ", "name": "中央構造線断層帯（讃岐山脈南縁西部区間〜豊予海峡−由布院区間が同時に活動）（傾斜角90度）", "基準位置経度": "132.805", "基準位置緯度": "33.779", "上端深さ(km)": "4.0", "断層長さ(km)": "92.0", "断層幅(km)": "12.0", "走向角(度)": "240.7", "傾斜角(度)": "90.0", "平均ケース／平均活動間隔（年）": "-", "平均ケース／最新活動時期（年前）": "-", "平均ケース／30年発生確率": "0.0000000000", "平均ケース／50年発生確率": "0.0000000000", "確率過程": "同時活動モデル", "マグニチュード": "Mw7.7", "ばらつき": "-", "最大ケース／平均活動間隔（年）": "-999.0", "最大ケース／最新活動時期（年前）": "-", "最大ケース／30年発生確率": "0.0000000000", "最大ケース／50年発生確率": "0.0000000000" }, "geometry": { "type": "Polygon", "coordinates": [ [ [ 132.802734375, 33.774581363716891 ], [ 131.934814453125, 33.371825029507249 ], [ 132.802734375, 33.774581363716891 ] ] ] } },
{ "type": "Feature", "properties": { "断層面ID": "FH201FJ_00004", "断層コード": "FH201FJ", "name": "中央構造線断層帯（讃岐山脈南縁西部区間〜豊予海峡−由布院区間が同時に活動）（傾斜角90度）", "基準位置経度": "131.974", "基準位置緯度": "33.362", "上端深さ(km)": "4.0", "断層長さ(km)": "36.0", "断層幅(km)": "12.0", "走向角(度)": "246.4", "傾斜角(度)": "90.0", "平均ケース／平均活動間隔（年）": "-", "平均ケース／最新活動時期（年前）": "-", "平均ケース／30年発生確率": "0.0000000000", "平均ケース／50年発生確率": "0.0000000000", "確率過程": "同時活動モデル", "マグニチュード": "Mw7.7", "ばらつき": "-", "最大ケース／平均活動間隔（年）": "-999.0", "最大ケース／最新活動時期（年前）": "-", "最大ケース／30年発生確率": "0.0000000000", "最大ケース／50年発生確率": "0.0000000000" }, "geometry": { "type": "Polygon", "coordinates": [ [ [ 131.9732666015625, 33.358061612778869 ], [ 131.6162109375, 33.229498141449511 ], [ 131.9732666015625, 33.358061612778869 ] ] ] } },
{ "type": "Feature", "properties": { "断層面ID": "FH201FJ_00005", "断層コード": "FH201FJ", "name": "中央構造線断層帯（讃岐山脈南縁西部区間〜豊予海峡−由布院区間が同時に活動）（傾斜角90度）", "基準位置経度": "131.630", "基準位置緯度": "33.246", "上端深さ(km)": "4.0", "断層長さ(km)": "16.0", "断層幅(km)": "12.0", "走向角(度)": "290.3", "傾斜角(度)": "70.0", "平均ケース／平均活動間隔（年）": "-", "平均ケース／最新活動時期（年前）": "-", "平均ケース／30年発生確率": "0.0000000000", "平均ケース／50年発生確率": "0.0000000000", "確率過程": "同時活動モデル", "マグニチュード": "Mw7.7", "ばらつき": "-", "最大ケース／平均活動間隔（年）": "-999.0", "最大ケース／最新活動時期（年前）": "-", "最大ケース／30年発生確率": "0.0000000000", "最大ケース／50年発生確率": "0.0000000000" }, "geometry": { "type": "Polygon", "coordinates": [ [ [ 131.627197265625, 33.243281858479477 ], [ 131.4678955078125, 33.293803558346596 ], [ 131.4788818359375, 33.330528249028077 ], [ 131.6436767578125, 33.280027811732154 ], [ 131.627197265625, 33.243281858479477 ] ] ] } },
{ "type": "Feature", "properties": { "断層面ID": "FH201FJ_00006", "断層コード": "FH201FJ", "name": "中央構造線断層帯（讃岐山脈南縁西部区間〜豊予海峡−由布院区間が同時に活動）（傾斜角90度）", "基準位置経度": "131.459", "基準位置緯度": "33.296", "上端深さ(km)": "4.0", "断層長さ(km)": "14.0", "断層幅(km)": "12.0", "走向角(度)": "249.6", "傾斜角(度)": "70.0", "平均ケース／平均活動間隔（年）": "-", "平均ケース／最新活動時期（年前）": "-", "平均ケース／30年発生確率": "0.0000000000", "平均ケース／50年発生確率": "0.0000000000", "確率過程": "同時活動モデル", "マグニチュード": "Mw7.7", "ばらつき": "-", "最大ケース／平均活動間隔（年）": "-999.0", "最大ケース／最新活動時期（年前）": "-", "最大ケース／30年発生確率": "0.0000000000", "最大ケース／50年発生確率": "0.0000000000" }, "geometry": { "type": "Polygon", "coordinates": [ [ [ 131.4569091796875, 33.293803558346596 ], [ 131.3140869140625, 33.247875947924385 ], [ 131.297607421875, 33.284619968887682 ], [ 131.4404296875, 33.330528249028077 ], [ 131.4569091796875, 33.293803558346596 ] ] ] } },
{ "type": "Feature", "properties": { "断層面ID": "FM201AF_00004", "断層コード": "FM201AF", "name": "中央構造線断層帯（金剛山地東縁区間〜讃岐山脈南縁西部区間が同時に活動）（傾斜角40度）", "基準位置経度": "135.099", "基準位置緯度": "34.289", "上端深さ(km)": "4.0", "断層長さ(km)": "44.0", "断層幅(km)": "18.0", "走向角(度)": "258.5", "傾斜角(度)": "40.0", "平均ケース／平均活動間隔（年）": "-", "平均ケース／最新活動時期（年前）": "-", "平均ケース／30年発生確率": "0.0000000000", "平均ケース／50年発生確率": "0.0000000000", "確率過程": "同時活動モデル", "マグニチュード": "Mw7.7", "ばらつき": "-", "最大ケース／平均活動間隔（年）": "-999.0", "最大ケース／最新活動時期（年前）": "-", "最大ケース／30年発生確率": "0.0000000000", "最大ケース／50年発生確率": "0.0000000000" }, "geometry": { "type": "Polygon", "coordinates": [ [ [ 135.098876953125, 34.288991865037531 ], [ 134.62646484375, 34.207259382072309 ], [ 134.5989990234375, 34.329828328362026 ], [ 135.06591796875, 34.406909656520597 ], [ 135.098876953125, 34.288991865037531 ] ] ] } },
{ "type": "Feature", "properties": { "断層面ID": "FM201AF_00005", "断層コード": "FM201AF", "name": "中央構造線断層帯（金剛山地東縁区間〜讃岐山脈南縁西部区間が同時に活動）（傾斜角40度）", "基準位置経度": "134.642", "基準位置緯度": "34.219", "上端深さ(km)": "4.0", "断層長さ(km)": "54.0", "断層幅(km)": "18.0", "走向角(度)": "257.3", "傾斜角(度)": "40.0", "平均ケース／平均活動間隔（年）": "-", "平均ケース／最新活動時期（年前）": "-", "平均ケース／30年発生確率": "0.0000000000", "平均ケース／50年発生確率": "0.0000000000", "確率過程": "同時活動モデル", "マグニチュード": "Mw7.7", "ばらつき": "-", "最大ケース／平均活動間隔（年）": "-999.0", "最大ケース／最新活動時期（年前）": "-", "最大ケース／30年発生確率": "0.0000000000", "最大ケース／50年発生確率": "0.0000000000" }, "geometry": { "type": "Polygon", "coordinates": [ [ [ 134.637451171875, 34.216344688434631 ], [ 134.066162109375, 34.11180455556898 ], [ 134.033203125, 34.229970811273077 ], [ 134.6044921875, 34.338900400404995 ], [ 134.637451171875, 34.216344688434631 ] ] ] } },
{ "type": "Feature", "properties": { "断層面ID": "FM201AF_00006", "断層コード": "FM201AF", "name": "中央構造線断層帯（金剛山地東縁区間〜讃岐山脈南縁西部区間が同時に活動）（傾斜角40度）", "基準位置経度": "134.091", "基準位置緯度": "34.126", "上端深さ(km)": "4.0", "断層長さ(km)": "84.0", "断層幅(km)": "18.0", "走向角(度)": "255.8", "傾斜角(度)": "40.0", "平均ケース／平均活動間隔（年）": "-", "平均ケース／最新活動時期（年前）": "-", "平均ケース／30年発生確率": "0.0000000000", "平均ケース／50年発生確率": "0.0000000000", "確率過程": "同時活動モデル", "マグニチュード": "Mw7.7", "ばらつき": "-", "最大ケース／平均活動間隔（年）": "-999.0", "最大ケース／最新活動時期（年前）": "-", "最大ケース／30年発生確率": "0.0000000000", "最大ケース／50年発生確率": "0.0000000000" }, "geometry": { "type": "Polygon", "coordinates": [ [ [ 134.088134765625, 34.125447565116119 ], [ 133.2037353515625, 33.938802750845781 ], [ 133.1707763671875, 34.057210513510299 ], [ 134.0496826171875, 34.243594729697406 ], [ 134.088134765625, 34.125447565116119 ] ] ] } },
{ "type": "Feature", "properties": { "断層面ID": "FH201AF_00004", "断層コード": "FH201AF", "name": "中央構造線断層帯（金剛山地東縁区間〜讃岐山脈南縁西部区間が同時に活動）（傾斜角90度）", "基準位置経度": "135.119", "基準位置緯度": "34.248", "上端深さ(km)": "4.0", "断層長さ(km)": "46.0", "断層幅(km)": "12.0", "走向角(度)": "258.5", "傾斜角(度)": "90.0", "平均ケース／平均活動間隔（年）": "-", "平均ケース／最新活動時期（年前）": "-", "平均ケース／30年発生確率": "0.0000000000", "平均ケース／50年発生確率": "0.0000000000", "確率過程": "同時活動モデル", "マグニチュード": "Mw7.7", "ばらつき": "-", "最大ケース／平均活動間隔（年）": "-999.0", "最大ケース／最新活動時期（年前）": "-", "最大ケース／30年発生確率": "0.0000000000", "最大ケース／50年発生確率": "0.0000000000" }, "geometry": { "type": "Polygon", "coordinates": [ [ [ 135.1153564453125, 34.243594729697406 ], [ 134.62646484375, 34.161818161230386 ], [ 135.1153564453125, 34.243594729697406 ] ] ] } },
{ "type": "Feature", "properties": { "断層面ID": "FH201AF_00005", "断層コード": "FH201AF", "name": "中央構造線断層帯（金剛山地東縁区間〜讃岐山脈南縁西部区間が同時に活動）（傾斜角90度）", "基準位置経度": "134.664", "基準位置緯度": "34.179", "上端深さ(km)": "4.0", "断層長さ(km)": "56.0", "断層幅(km)": "12.0", "走向角(度)": "257.3", "傾斜角(度)": "90.0", "平均ケース／平均活動間隔（年）": "-", "平均ケース／最新活動時期（年前）": "-", "平均ケース／30年発生確率": "0.0000000000", "平均ケース／50年発生確率": "0.0000000000", "確率過程": "同時活動モデル", "マグニチュード": "Mw7.7", "ばらつき": "-", "最大ケース／平均活動間隔（年）": "-999.0", "最大ケース／最新活動時期（年前）": "-", "最大ケース／30年発生確率": "0.0000000000", "最大ケース／50年発生確率": "0.0000000000" }, "geometry": { "type": "Polygon", "coordinates": [ [ [ 134.659423828125, 34.175453097578526 ], [ 134.066162109375, 34.066311964721052 ], [ 134.659423828125, 34.175453097578526 ] ] ] } },
{ "type": "Feature", "properties": { "断層面ID": "FH201AF_00006", "断層コード": "FH201AF", "name": "中央構造線断層帯（金剛山地東縁区間〜讃岐山脈南縁西部区間が同時に活動）（傾斜角90度）", "基準位置経度": "134.114", "基準位置緯度": "34.086", "上端深さ(km)": "4.0", "断層長さ(km)": "86.0", "断層幅(km)": "12.0", "走向角(度)": "255.8", "傾斜角(度)": "90.0", "平均ケース／平均活動間隔（年）": "-", "平均ケース／最新活動時期（年前）": "-", "平均ケース／30年発生確率": "0.0000000000", "平均ケース／50年発生確率": "0.0000000000", "確率過程": "同時活動モデル", "マグニチュード": "Mw7.7", "ばらつき": "-", "最大ケース／平均活動間隔（年）": "-999.0", "最大ケース／最新活動時期（年前）": "-", "最大ケース／30年発生確率": "0.0000000000", "最大ケース／50年発生確率": "0.0000000000" }, "geometry": { "type": "Polygon", "coordinates": [ [ [ 134.110107421875, 34.084511934474762 ], [ 133.209228515625, 33.893217379440884 ], [ 134.110107421875, 34.084511934474762 ] ] ] } },
{ "type": "Feature", "properties": { "断層面ID": "FM201BG_00003", "断層コード": "FM201BG", "name": "中央構造線断層帯（五条谷区間〜石鎚山脈北縁区間が同時に活動）（傾斜角40度）", "基準位置経度": "135.099", "基準位置緯度": "34.289", "上端深さ(km)": "4.0", "断層長さ(km)": "44.0", "断層幅(km)": "18.0", "走向角(度)": "258.5", "傾斜角(度)": "40.0", "平均ケース／平均活動間隔（年）": "-", "平均ケース／最新活動時期（年前）": "-", "平均ケース／30年発生確率": "0.0000000000", "平均ケース／50年発生確率": "0.0000000000", "確率過程": "同時活動モデル", "マグニチュード": "Mw7.7", "ばらつき": "-", "最大ケース／平均活動間隔（年）": "-999.0", "最大ケース／最新活動時期（年前）": "-", "最大ケース／30年発生確率": "0.0000101000", "最大ケース／50年発生確率": "0.0000218000" }, "geometry": { "type": "Polygon", "coordinates": [ [ [ 135.098876953125, 34.288991865037531 ], [ 134.62646484375, 34.207259382072309 ], [ 134.5989990234375, 34.329828328362026 ], [ 135.06591796875, 34.406909656520597 ], [ 135.098876953125, 34.288991865037531 ] ] ] } },
{ "type": "Feature", "properties": { "断層面ID": "FM201BG_00004", "断層コード": "FM201BG", "name": "中央構造線断層帯（五条谷区間〜石鎚山脈北縁区間が同時に活動）（傾斜角40度）", "基準位置経度": "134.642", "基準位置緯度": "34.219", "上端深さ(km)": "4.0", "断層長さ(km)": "54.0", "断層幅(km)": "18.0", "走向角(度)": "257.3", "傾斜角(度)": "40.0", "平均ケース／平均活動間隔（年）": "-", "平均ケース／最新活動時期（年前）": "-", "平均ケース／30年発生確率": "0.0000000000", "平均ケース／50年発生確率": "0.0000000000", "確率過程": "同時活動モデル", "マグニチュード": "Mw7.7", "ばらつき": "-", "最大ケース／平均活動間隔（年）": "-999.0", "最大ケース／最新活動時期（年前）": "-", "最大ケース／30年発生確率": "0.0000101000", "最大ケース／50年発生確率": "0.0000218000" }, "geometry": { "type": "Polygon", "coordinates": [ [ [ 134.637451171875, 34.216344688434631 ], [ 134.066162109375, 34.11180455556898 ], [ 134.033203125, 34.229970811273077 ], [ 134.6044921875, 34.338900400404995 ], [ 134.637451171875, 34.216344688434631 ] ] ] } },
{ "type": "Feature", "properties": { "断層面ID": "FM201BG_00005", "断層コード": "FM201BG", "name": "中央構造線断層帯（五条谷区間〜石鎚山脈北縁区間が同時に活動）（傾斜角40度）", "基準位置経度": "134.091", "基準位置緯度": "34.126", "上端深さ(km)": "4.0", "断層長さ(km)": "84.0", "断層幅(km)": "18.0", "走向角(度)": "255.8", "傾斜角(度)": "40.0", "平均ケース／平均活動間隔（年）": "-", "平均ケース／最新活動時期（年前）": "-", "平均ケース／30年発生確率": "0.0000000000", "平均ケース／50年発生確率": "0.0000000000", "確率過程": "同時活動モデル", "マグニチュード": "Mw7.7", "ばらつき": "-", "最大ケース／平均活動間隔（年）": "-999.0", "最大ケース／最新活動時期（年前）": "-", "最大ケース／30年発生確率": "0.0000101000", "最大ケース／50年発生確率": "0.0000218000" }, "geometry": { "type": "Polygon", "coordinates": [ [ [ 134.088134765625, 34.125447565116119 ], [ 133.2037353515625, 33.938802750845781 ], [ 133.1707763671875, 34.057210513510299 ], [ 134.0496826171875, 34.243594729697406 ], [ 134.088134765625, 34.125447565116119 ] ] ] } },
{ "type": "Feature", "properties": { "断層面ID": "FM201BG_00006", "断層コード": "FM201BG", "name": "中央構造線断層帯（五条谷区間〜石鎚山脈北縁区間が同時に活動）（傾斜角40度）", "基準位置経度": "133.412", "基準位置緯度": "33.982", "上端深さ(km)": "2.0", "断層長さ(km)": "30.0", "断層幅(km)": "18.0", "走向角(度)": "253.9", "傾斜角(度)": "40.0", "平均ケース／平均活動間隔（年）": "-", "平均ケース／最新活動時期（年前）": "-", "平均ケース／30年発生確率": "0.0000000000", "平均ケース／50年発生確率": "0.0000000000", "確率過程": "同時活動モデル", "マグニチュード": "Mw7.7", "ばらつき": "-", "最大ケース／平均活動間隔（年）": "-999.0", "最大ケース／最新活動時期（年前）": "-", "最大ケース／30年発生確率": "0.0000101000", "最大ケース／50年発生確率": "0.0000218000" }, "geometry": { "type": "Polygon", "coordinates": [ [ [ 133.406982421875, 33.979808728724564 ], [ 133.099365234375, 33.906895551288684 ], [ 133.055419921875, 34.025347738147929 ], [ 133.3685302734375, 34.098159345215535 ], [ 133.406982421875, 33.979808728724564 ] ] ] } },
{ "type": "Feature", "properties": { "断層面ID": "FH201BG_00003", "断層コード": "FH201BG", "name": "中央構造線断層帯（五条谷区間〜石鎚山脈北縁区間が同時に活動）（傾斜角90度）", "基準位置経度": "135.119", "基準位置緯度": "34.248", "上端深さ(km)": "4.0", "断層長さ(km)": "46.0", "断層幅(km)": "12.0", "走向角(度)": "258.5", "傾斜角(度)": "90.0", "平均ケース／平均活動間隔（年）": "-", "平均ケース／最新活動時期（年前）": "-", "平均ケース／30年発生確率": "0.0000000000", "平均ケース／50年発生確率": "0.0000000000", "確率過程": "同時活動モデル", "マグニチュード": "Mw7.7", "ばらつき": "-", "最大ケース／平均活動間隔（年）": "-999.0", "最大ケース／最新活動時期（年前）": "-", "最大ケース／30年発生確率": "0.0000101000", "最大ケース／50年発生確率": "0.0000218000" }, "geometry": { "type": "Polygon", "coordinates": [ [ [ 135.1153564453125, 34.243594729697406 ], [ 134.62646484375, 34.161818161230386 ], [ 135.1153564453125, 34.243594729697406 ] ] ] } },
{ "type": "Feature", "properties": { "断層面ID": "FH201BG_00004", "断層コード": "FH201BG", "name": "中央構造線断層帯（五条谷区間〜石鎚山脈北縁区間が同時に活動）（傾斜角90度）", "基準位置経度": "134.664", "基準位置緯度": "34.179", "上端深さ(km)": "4.0", "断層長さ(km)": "56.0", "断層幅(km)": "12.0", "走向角(度)": "257.3", "傾斜角(度)": "90.0", "平均ケース／平均活動間隔（年）": "-", "平均ケース／最新活動時期（年前）": "-", "平均ケース／30年発生確率": "0.0000000000", "平均ケース／50年発生確率": "0.0000000000", "確率過程": "同時活動モデル", "マグニチュード": "Mw7.7", "ばらつき": "-", "最大ケース／平均活動間隔（年）": "-999.0", "最大ケース／最新活動時期（年前）": "-", "最大ケース／30年発生確率": "0.0000101000", "最大ケース／50年発生確率": "0.0000218000" }, "geometry": { "type": "Polygon", "coordinates": [ [ [ 134.659423828125, 34.175453097578526 ], [ 134.066162109375, 34.066311964721052 ], [ 134.659423828125, 34.175453097578526 ] ] ] } },
{ "type": "Feature", "properties": { "断層面ID": "FH201BG_00005", "断層コード": "FH201BG", "name": "中央構造線断層帯（五条谷区間〜石鎚山脈北縁区間が同時に活動）（傾斜角90度）", "基準位置経度": "134.114", "基準位置緯度": "34.086", "上端深さ(km)": "4.0", "断層長さ(km)": "86.0", "断層幅(km)": "12.0", "走向角(度)": "255.8", "傾斜角(度)": "90.0", "平均ケース／平均活動間隔（年）": "-", "平均ケース／最新活動時期（年前）": "-", "平均ケース／30年発生確率": "0.0000000000", "平均ケース／50年発生確率": "0.0000000000", "確率過程": "同時活動モデル", "マグニチュード": "Mw7.7", "ばらつき": "-", "最大ケース／平均活動間隔（年）": "-999.0", "最大ケース／最新活動時期（年前）": "-", "最大ケース／30年発生確率": "0.0000101000", "最大ケース／50年発生確率": "0.0000218000" }, "geometry": { "type": "Polygon", "coordinates": [ [ [ 134.110107421875, 34.084511934474762 ], [ 133.209228515625, 33.893217379440884 ], [ 134.110107421875, 34.084511934474762 ] ] ] } },
{ "type": "Feature", "properties": { "断層面ID": "FH201BG_00006", "断層コード": "FH201BG", "name": "中央構造線断層帯（五条谷区間〜石鎚山脈北縁区間が同時に活動）（傾斜角90度）", "基準位置経度": "133.440", "基準位置緯度": "33.966", "上端深さ(km)": "2.0", "断層長さ(km)": "34.0", "断層幅(km)": "14.0", "走向角(度)": "253.9", "傾斜角(度)": "90.0", "平均ケース／平均活動間隔（年）": "-", "平均ケース／最新活動時期（年前）": "-", "平均ケース／30年発生確率": "0.0000000000", "平均ケース／50年発生確率": "0.0000000000", "確率過程": "同時活動モデル", "マグニチュード": "Mw7.7", "ばらつき": "-", "最大ケース／平均活動間隔（年）": "-999.0", "最大ケース／最新活動時期（年前）": "-", "最大ケース／30年発生確率": "0.0000101000", "最大ケース／50年発生確率": "0.0000218000" }, "geometry": { "type": "Polygon", "coordinates": [ [ [ 133.43994140625, 33.961586289799072 ], [ 133.0828857421875, 33.879537013559244 ], [ 133.43994140625, 33.961586289799072 ] ] ] } },
{ "type": "Feature", "properties": { "断層面ID": "FM201CH_00002", "断層コード": "FM201CH", "name": "中央構造線断層帯（根来区間〜石鎚山脈北縁西部区間が同時に活動）（傾斜角40度）", "基準位置経度": "135.099", "基準位置緯度": "34.289", "上端深さ(km)": "4.0", "断層長さ(km)": "44.0", "断層幅(km)": "18.0", "走向角(度)": "258.5", "傾斜角(度)": "40.0", "平均ケース／平均活動間隔（年）": "-", "平均ケース／最新活動時期（年前）": "-", "平均ケース／30年発生確率": "0.0000000000", "平均ケース／50年発生確率": "0.0000000000", "確率過程": "同時活動モデル", "マグニチュード": "Mw7.6", "ばらつき": "-", "最大ケース／平均活動間隔（年）": "-999.0", "最大ケース／最新活動時期（年前）": "-", "最大ケース／30年発生確率": "0.0001490000", "最大ケース／50年発生確率": "0.0002630000" }, "geometry": { "type": "Polygon", "coordinates": [ [ [ 135.098876953125, 34.288991865037531 ], [ 134.62646484375, 34.207259382072309 ], [ 134.5989990234375, 34.329828328362026 ], [ 135.06591796875, 34.406909656520597 ], [ 135.098876953125, 34.288991865037531 ] ] ] } },
{ "type": "Feature", "properties": { "断層面ID": "FM201CH_00003", "断層コード": "FM201CH", "name": "中央構造線断層帯（根来区間〜石鎚山脈北縁西部区間が同時に活動）（傾斜角40度）", "基準位置経度": "134.642", "基準位置緯度": "34.219", "上端深さ(km)": "4.0", "断層長さ(km)": "54.0", "断層幅(km)": "18.0", "走向角(度)": "257.3", "傾斜角(度)": "40.0", "平均ケース／平均活動間隔（年）": "-", "平均ケース／最新活動時期（年前）": "-", "平均ケース／30年発生確率": "0.0000000000", "平均ケース／50年発生確率": "0.0000000000", "確率過程": "同時活動モデル", "マグニチュード": "Mw7.6", "ばらつき": "-", "最大ケース／平均活動間隔（年）": "-999.0", "最大ケース／最新活動時期（年前）": "-", "最大ケース／30年発生確率": "0.0001490000", "最大ケース／50年発生確率": "0.0002630000" }, "geometry": { "type": "Polygon", "coordinates": [ [ [ 134.637451171875, 34.216344688434631 ], [ 134.066162109375, 34.11180455556898 ], [ 134.033203125, 34.229970811273077 ], [ 134.6044921875, 34.338900400404995 ], [ 134.637451171875, 34.216344688434631 ] ] ] } },
{ "type": "Feature", "properties": { "断層面ID": "FM201CH_00004", "断層コード": "FM201CH", "name": "中央構造線断層帯（根来区間〜石鎚山脈北縁西部区間が同時に活動）（傾斜角40度）", "基準位置経度": "134.091", "基準位置緯度": "34.126", "上端深さ(km)": "4.0", "断層長さ(km)": "84.0", "断層幅(km)": "18.0", "走向角(度)": "255.8", "傾斜角(度)": "40.0", "平均ケース／平均活動間隔（年）": "-", "平均ケース／最新活動時期（年前）": "-", "平均ケース／30年発生確率": "0.0000000000", "平均ケース／50年発生確率": "0.0000000000", "確率過程": "同時活動モデル", "マグニチュード": "Mw7.6", "ばらつき": "-", "最大ケース／平均活動間隔（年）": "-999.0", "最大ケース／最新活動時期（年前）": "-", "最大ケース／30年発生確率": "0.0001490000", "最大ケース／50年発生確率": "0.0002630000" }, "geometry": { "type": "Polygon", "coordinates": [ [ [ 134.088134765625, 34.125447565116119 ], [ 133.2037353515625, 33.938802750845781 ], [ 133.1707763671875, 34.057210513510299 ], [ 134.0496826171875, 34.243594729697406 ], [ 134.088134765625, 34.125447565116119 ] ] ] } },
{ "type": "Feature", "properties": { "断層面ID": "FM201CH_00005", "断層コード": "FM201CH", "name": "中央構造線断層帯（根来区間〜石鎚山脈北縁西部区間が同時に活動）（傾斜角40度）", "基準位置経度": "133.234", "基準位置緯度": "33.928", "上端深さ(km)": "2.0", "断層長さ(km)": "42.0", "断層幅(km)": "18.0", "走向角(度)": "248.7", "傾斜角(度)": "40.0", "平均ケース／平均活動間隔（年）": "-", "平均ケース／最新活動時期（年前）": "-", "平均ケース／30年発生確率": "0.0000000000", "平均ケース／50年発生確率": "0.0000000000", "確率過程": "同時活動モデル", "マグニチュード": "Mw7.6", "ばらつき": "-", "最大ケース／平均活動間隔（年）": "-999.0", "最大ケース／最新活動時期（年前）": "-", "最大ケース／30年発生確率": "0.0001490000", "最大ケース／50年発生確率": "0.0002630000" }, "geometry": { "type": "Polygon", "coordinates": [ [ [ 133.231201171875, 33.925129700071992 ], [ 132.8082275390625, 33.788278536259966 ], [ 132.7532958984375, 33.902336404480678 ], [ 133.17626953125, 34.043556504127437 ], [ 133.231201171875, 33.925129700071992 ] ] ] } },
{ "type": "Feature", "properties": { "断層面ID": "FH201CH_00002", "断層コード": "FH201CH", "name": "中央構造線断層帯（根来区間〜石鎚山脈北縁西部区間が同時に活動）（傾斜角90度）", "基準位置経度": "135.119", "基準位置緯度": "34.248", "上端深さ(km)": "4.0", "断層長さ(km)": "46.0", "断層幅(km)": "12.0", "走向角(度)": "258.5", "傾斜角(度)": "90.0", "平均ケース／平均活動間隔（年）": "-", "平均ケース／最新活動時期（年前）": "-", "平均ケース／30年発生確率": "0.0000000000", "平均ケース／50年発生確率": "0.0000000000", "確率過程": "同時活動モデル", "マグニチュード": "Mw7.6", "ばらつき": "-", "最大ケース／平均活動間隔（年）": "-999.0", "最大ケース／最新活動時期（年前）": "-", "最大ケース／30年発生確率": "0.0001490000", "最大ケース／50年発生確率": "0.0002630000" }, "geometry": { "type": "Polygon", "coordinates": [ [ [ 135.1153564453125, 34.243594729697406 ], [ 134.62646484375, 34.161818161230386 ], [ 135.1153564453125, 34.243594729697406 ] ] ] } },
{ "type": "Feature", "properties": { "断層面ID": "FH201CH_00003", "断層コード": "FH201CH", "name": "中央構造線断層帯（根来区間〜石鎚山脈北縁西部区間が同時に活動）（傾斜角90度）", "基準位置経度": "134.664", "基準位置緯度": "34.179", "上端深さ(km)": "4.0", "断層長さ(km)": "56.0", "断層幅(km)": "12.0", "走向角(度)": "257.3", "傾斜角(度)": "90.0", "平均ケース／平均活動間隔（年）": "-", "平均ケース／最新活動時期（年前）": "-", "平均ケース／30年発生確率": "0.0000000000", "平均ケース／50年発生確率": "0.0000000000", "確率過程": "同時活動モデル", "マグニチュード": "Mw7.6", "ばらつき": "-", "最大ケース／平均活動間隔（年）": "-999.0", "最大ケース／最新活動時期（年前）": "-", "最大ケース／30年発生確率": "0.0001490000", "最大ケース／50年発生確率": "0.0002630000" }, "geometry": { "type": "Polygon", "coordinates": [ [ [ 134.659423828125, 34.175453097578526 ], [ 134.066162109375, 34.066311964721052 ], [ 134.659423828125, 34.175453097578526 ] ] ] } },
{ "type": "Feature", "properties": { "断層面ID": "FH201CH_00004", "断層コード": "FH201CH", "name": "中央構造線断層帯（根来区間〜石鎚山脈北縁西部区間が同時に活動）（傾斜角90度）", "基準位置経度": "134.114", "基準位置緯度": "34.086", "上端深さ(km)": "4.0", "断層長さ(km)": "86.0", "断層幅(km)": "12.0", "走向角(度)": "255.8", "傾斜角(度)": "90.0", "平均ケース／平均活動間隔（年）": "-", "平均ケース／最新活動時期（年前）": "-", "平均ケース／30年発生確率": "0.0000000000", "平均ケース／50年発生確率": "0.0000000000", "確率過程": "同時活動モデル", "マグニチュード": "Mw7.6", "ばらつき": "-", "最大ケース／平均活動間隔（年）": "-999.0", "最大ケース／最新活動時期（年前）": "-", "最大ケース／30年発生確率": "0.0001490000", "最大ケース／50年発生確率": "0.0002630000" }, "geometry": { "type": "Polygon", "coordinates": [ [ [ 134.110107421875, 34.084511934474762 ], [ 133.209228515625, 33.893217379440884 ], [ 134.110107421875, 34.084511934474762 ] ] ] } },
{ "type": "Feature", "properties": { "断層面ID": "FH201CH_00005", "断層コード": "FH201CH", "name": "中央構造線断層帯（根来区間〜石鎚山脈北縁西部区間が同時に活動）（傾斜角90度）", "基準位置経度": "133.255", "基準位置緯度": "33.934", "上端深さ(km)": "2.0", "断層長さ(km)": "46.0", "断層幅(km)": "14.0", "走向角(度)": "248.7", "傾斜角(度)": "90.0", "平均ケース／平均活動間隔（年）": "-", "平均ケース／最新活動時期（年前）": "-", "平均ケース／30年発生確率": "0.0000000000", "平均ケース／50年発生確率": "0.0000000000", "確率過程": "同時活動モデル", "マグニチュード": "Mw7.6", "ばらつき": "-", "最大ケース／平均活動間隔（年）": "-999.0", "最大ケース／最新活動時期（年前）": "-", "最大ケース／30年発生確率": "0.0001490000", "最大ケース／50年発生確率": "0.0002630000" }, "geometry": { "type": "Polygon", "coordinates": [ [ [ 133.253173828125, 33.929687627576598 ], [ 132.7862548828125, 33.779147331286467 ], [ 133.253173828125, 33.929687627576598 ] ] ] } },
{ "type": "Feature", "properties": { "断層面ID": "FM201DI_00001", "断層コード": "FM201DI", "name": "中央構造線断層帯（紀淡海峡−鳴門海峡区間〜伊予灘区間が同時に活動）（傾斜角40度）", "基準位置経度": "135.099", "基準位置緯度": "34.289", "上端深さ(km)": "4.0", "断層長さ(km)": "44.0", "断層幅(km)": "18.0", "走向角(度)": "258.5", "傾斜角(度)": "40.0", "平均ケース／平均活動間隔（年）": "-", "平均ケース／最新活動時期（年前）": "-", "平均ケース／30年発生確率": "0.0000000000", "平均ケース／50年発生確率": "0.0000000000", "確率過程": "同時活動モデル", "マグニチュード": "Mw7.7", "ばらつき": "-", "最大ケース／平均活動間隔（年）": "-999.0", "最大ケース／最新活動時期（年前）": "-", "最大ケース／30年発生確率": "0.0000000000", "最大ケース／50年発生確率": "0.0000000000" }, "geometry": { "type": "Polygon", "coordinates": [ [ [ 135.098876953125, 34.288991865037531 ], [ 134.62646484375, 34.207259382072309 ], [ 134.5989990234375, 34.329828328362026 ], [ 135.06591796875, 34.406909656520597 ], [ 135.098876953125, 34.288991865037531 ] ] ] } },
{ "type": "Feature", "properties": { "断層面ID": "FM201DI_00002", "断層コード": "FM201DI", "name": "中央構造線断層帯（紀淡海峡−鳴門海峡区間〜伊予灘区間が同時に活動）（傾斜角40度）", "基準位置経度": "134.642", "基準位置緯度": "34.219", "上端深さ(km)": "4.0", "断層長さ(km)": "54.0", "断層幅(km)": "18.0", "走向角(度)": "257.3", "傾斜角(度)": "40.0", "平均ケース／平均活動間隔（年）": "-", "平均ケース／最新活動時期（年前）": "-", "平均ケース／30年発生確率": "0.0000000000", "平均ケース／50年発生確率": "0.0000000000", "確率過程": "同時活動モデル", "マグニチュード": "Mw7.7", "ばらつき": "-", "最大ケース／平均活動間隔（年）": "-999.0", "最大ケース／最新活動時期（年前）": "-", "最大ケース／30年発生確率": "0.0000000000", "最大ケース／50年発生確率": "0.0000000000" }, "geometry": { "type": "Polygon", "coordinates": [ [ [ 134.637451171875, 34.216344688434631 ], [ 134.066162109375, 34.11180455556898 ], [ 134.033203125, 34.229970811273077 ], [ 134.6044921875, 34.338900400404995 ], [ 134.637451171875, 34.216344688434631 ] ] ] } },
{ "type": "Feature", "properties": { "断層面ID": "FM201DI_00003", "断層コード": "FM201DI", "name": "中央構造線断層帯（紀淡海峡−鳴門海峡区間〜伊予灘区間が同時に活動）（傾斜角40度）", "基準位置経度": "134.091", "基準位置緯度": "34.126", "上端深さ(km)": "4.0", "断層長さ(km)": "84.0", "断層幅(km)": "18.0", "走向角(度)": "255.8", "傾斜角(度)": "40.0", "平均ケース／平均活動間隔（年）": "-", "平均ケース／最新活動時期（年前）": "-", "平均ケース／30年発生確率": "0.0000000000", "平均ケース／50年発生確率": "0.0000000000", "確率過程": "同時活動モデル", "マグニチュード": "Mw7.7", "ばらつき": "-", "最大ケース／平均活動間隔（年）": "-999.0", "最大ケース／最新活動時期（年前）": "-", "最大ケース／30年発生確率": "0.0000000000", "最大ケース／50年発生確率": "0.0000000000" }, "geometry": { "type": "Polygon", "coordinates": [ [ [ 134.088134765625, 34.125447565116119 ], [ 133.2037353515625, 33.938802750845781 ], [ 133.1707763671875, 34.057210513510299 ], [ 134.0496826171875, 34.243594729697406 ], [ 134.088134765625, 34.125447565116119 ] ] ] } },
{ "type": "Feature", "properties": { "断層面ID": "FM201DI_00004", "断層コード": "FM201DI", "name": "中央構造線断層帯（紀淡海峡−鳴門海峡区間〜伊予灘区間が同時に活動）（傾斜角40度）", "基準位置経度": "133.234", "基準位置緯度": "33.928", "上端深さ(km)": "2.0", "断層長さ(km)": "42.0", "断層幅(km)": "18.0", "走向角(度)": "248.7", "傾斜角(度)": "40.0", "平均ケース／平均活動間隔（年）": "-", "平均ケース／最新活動時期（年前）": "-", "平均ケース／30年発生確率": "0.0000000000", "平均ケース／50年発生確率": "0.0000000000", "確率過程": "同時活動モデル", "マグニチュード": "Mw7.7", "ばらつき": "-", "最大ケース／平均活動間隔（年）": "-999.0", "最大ケース／最新活動時期（年前）": "-", "最大ケース／30年発生確率": "0.0000000000", "最大ケース／50年発生確率": "0.0000000000" }, "geometry": { "type": "Polygon", "coordinates": [ [ [ 133.231201171875, 33.925129700071992 ], [ 132.8082275390625, 33.788278536259966 ], [ 132.7532958984375, 33.902336404480678 ], [ 133.17626953125, 34.043556504127437 ], [ 133.231201171875, 33.925129700071992 ] ] ] } },
{ "type": "Feature", "properties": { "断層面ID": "FM201DI_00005", "断層コード": "FM201DI", "name": "中央構造線断層帯（紀淡海峡−鳴門海峡区間〜伊予灘区間が同時に活動）（傾斜角40度）", "基準位置経度": "132.783", "基準位置緯度": "33.794", "上端深さ(km)": "4.0", "断層長さ(km)": "90.0", "断層幅(km)": "18.0", "走向角(度)": "240.7", "傾斜角(度)": "40.0", "平均ケース／平均活動間隔（年）": "-", "平均ケース／最新活動時期（年前）": "-", "平均ケース／30年発生確率": "0.0000000000", "平均ケース／50年発生確率": "0.0000000000", "確率過程": "同時活動モデル", "マグニチュード": "Mw7.7", "ばらつき": "-", "最大ケース／平均活動間隔（年）": "-999.0", "最大ケース／最新活動時期（年前）": "-", "最大ケース／30年発生確率": "0.0000000000", "最大ケース／50年発生確率": "0.0000000000" }, "geometry": { "type": "Polygon", "coordinates": [ [ [ 132.78076171875, 33.792843773631844 ], [ 131.934814453125, 33.394759218577988 ], [ 131.85791015625, 33.504759069226083 ], [ 132.7093505859375, 33.902336404480678 ], [ 132.78076171875, 33.792843773631844 ] ] ] } },
{ "type": "Feature", "properties": { "断層面ID": "FH201DI_00001", "断層コード": "FH201DI", "name": "中央構造線断層帯（紀淡海峡−鳴門海峡区間〜伊予灘区間が同時に活動）（傾斜角90度）", "基準位置経度": "135.119", "基準位置緯度": "34.248", "上端深さ(km)": "4.0", "断層長さ(km)": "46.0", "断層幅(km)": "12.0", "走向角(度)": "258.5", "傾斜角(度)": "90.0", "平均ケース／平均活動間隔（年）": "-", "平均ケース／最新活動時期（年前）": "-", "平均ケース／30年発生確率": "0.0000000000", "平均ケース／50年発生確率": "0.0000000000", "確率過程": "同時活動モデル", "マグニチュード": "Mw7.7", "ばらつき": "-", "最大ケース／平均活動間隔（年）": "-999.0", "最大ケース／最新活動時期（年前）": "-", "最大ケース／30年発生確率": "0.0000000000", "最大ケース／50年発生確率": "0.0000000000" }, "geometry": { "type": "Polygon", "coordinates": [ [ [ 135.1153564453125, 34.243594729697406 ], [ 134.62646484375, 34.161818161230386 ], [ 135.1153564453125, 34.243594729697406 ] ] ] } },
{ "type": "Feature", "properties": { "断層面ID": "FH201DI_00002", "断層コード": "FH201DI", "name": "中央構造線断層帯（紀淡海峡−鳴門海峡区間〜伊予灘区間が同時に活動）（傾斜角90度）", "基準位置経度": "134.664", "基準位置緯度": "34.179", "上端深さ(km)": "4.0", "断層長さ(km)": "56.0", "断層幅(km)": "12.0", "走向角(度)": "257.3", "傾斜角(度)": "90.0", "平均ケース／平均活動間隔（年）": "-", "平均ケース／最新活動時期（年前）": "-", "平均ケース／30年発生確率": "0.0000000000", "平均ケース／50年発生確率": "0.0000000000", "確率過程": "同時活動モデル", "マグニチュード": "Mw7.7", "ばらつき": "-", "最大ケース／平均活動間隔（年）": "-999.0", "最大ケース／最新活動時期（年前）": "-", "最大ケース／30年発生確率": "0.0000000000", "最大ケース／50年発生確率": "0.0000000000" }, "geometry": { "type": "Polygon", "coordinates": [ [ [ 134.659423828125, 34.175453097578526 ], [ 134.066162109375, 34.066311964721052 ], [ 134.659423828125, 34.175453097578526 ] ] ] } },
{ "type": "Feature", "properties": { "断層面ID": "FH201DI_00003", "断層コード": "FH201DI", "name": "中央構造線断層帯（紀淡海峡−鳴門海峡区間〜伊予灘区間が同時に活動）（傾斜角90度）", "基準位置経度": "134.114", "基準位置緯度": "34.086", "上端深さ(km)": "4.0", "断層長さ(km)": "86.0", "断層幅(km)": "12.0", "走向角(度)": "255.8", "傾斜角(度)": "90.0", "平均ケース／平均活動間隔（年）": "-", "平均ケース／最新活動時期（年前）": "-", "平均ケース／30年発生確率": "0.0000000000", "平均ケース／50年発生確率": "0.0000000000", "確率過程": "同時活動モデル", "マグニチュード": "Mw7.7", "ばらつき": "-", "最大ケース／平均活動間隔（年）": "-999.0", "最大ケース／最新活動時期（年前）": "-", "最大ケース／30年発生確率": "0.0000000000", "最大ケース／50年発生確率": "0.0000000000" }, "geometry": { "type": "Polygon", "coordinates": [ [ [ 134.110107421875, 34.084511934474762 ], [ 133.209228515625, 33.893217379440884 ], [ 134.110107421875, 34.084511934474762 ] ] ] } },
{ "type": "Feature", "properties": { "断層面ID": "FH201DI_00004", "断層コード": "FH201DI", "name": "中央構造線断層帯（紀淡海峡−鳴門海峡区間〜伊予灘区間が同時に活動）（傾斜角90度）", "基準位置経度": "133.255", "基準位置緯度": "33.934", "上端深さ(km)": "2.0", "断層長さ(km)": "46.0", "断層幅(km)": "14.0", "走向角(度)": "248.7", "傾斜角(度)": "90.0", "平均ケース／平均活動間隔（年）": "-", "平均ケース／最新活動時期（年前）": "-", "平均ケース／30年発生確率": "0.0000000000", "平均ケース／50年発生確率": "0.0000000000", "確率過程": "同時活動モデル", "マグニチュード": "Mw7.7", "ばらつき": "-", "最大ケース／平均活動間隔（年）": "-999.0", "最大ケース／最新活動時期（年前）": "-", "最大ケース／30年発生確率": "0.0000000000", "最大ケース／50年発生確率": "0.0000000000" }, "geometry": { "type": "Polygon", "coordinates": [ [ [ 133.253173828125, 33.929687627576598 ], [ 132.7862548828125, 33.779147331286467 ], [ 133.253173828125, 33.929687627576598 ] ] ] } },
{ "type": "Feature", "properties": { "断層面ID": "FH201DI_00005", "断層コード": "FH201DI", "name": "中央構造線断層帯（紀淡海峡−鳴門海峡区間〜伊予灘区間が同時に活動）（傾斜角90度）", "基準位置経度": "132.805", "基準位置緯度": "33.779", "上端深さ(km)": "4.0", "断層長さ(km)": "92.0", "断層幅(km)": "12.0", "走向角(度)": "240.7", "傾斜角(度)": "90.0", "平均ケース／平均活動間隔（年）": "-", "平均ケース／最新活動時期（年前）": "-", "平均ケース／30年発生確率": "0.0000000000", "平均ケース／50年発生確率": "0.0000000000", "確率過程": "同時活動モデル", "マグニチュード": "Mw7.7", "ばらつき": "-", "最大ケース／平均活動間隔（年）": "-999.0", "最大ケース／最新活動時期（年前）": "-", "最大ケース／30年発生確率": "0.0000000000", "最大ケース／50年発生確率": "0.0000000000" }, "geometry": { "type": "Polygon", "coordinates": [ [ [ 132.802734375, 33.774581363716891 ], [ 131.934814453125, 33.371825029507249 ], [ 132.802734375, 33.774581363716891 ] ] ] } },
{ "type": "Feature", "properties": { "断層面ID": "FM201EJ_00001", "断層コード": "FM201EJ", "name": "中央構造線断層帯（讃岐山脈南縁東部区間〜豊予海峡−由布院区間が同時に活動）（傾斜角40度）", "基準位置経度": "134.642", "基準位置緯度": "34.219", "上端深さ(km)": "4.0", "断層長さ(km)": "54.0", "断層幅(km)": "18.0", "走向角(度)": "257.3", "傾斜角(度)": "40.0", "平均ケース／平均活動間隔（年）": "-", "平均ケース／最新活動時期（年前）": "-", "平均ケース／30年発生確率": "0.0000000000", "平均ケース／50年発生確率": "0.0000000000", "確率過程": "同時活動モデル", "マグニチュード": "Mw7.7", "ばらつき": "-", "最大ケース／平均活動間隔（年）": "-999.0", "最大ケース／最新活動時期（年前）": "-", "最大ケース／30年発生確率": "0.0000000000", "最大ケース／50年発生確率": "0.0000000000" }, "geometry": { "type": "Polygon", "coordinates": [ [ [ 134.637451171875, 34.216344688434631 ], [ 134.066162109375, 34.11180455556898 ], [ 134.033203125, 34.229970811273077 ], [ 134.6044921875, 34.338900400404995 ], [ 134.637451171875, 34.216344688434631 ] ] ] } },
{ "type": "Feature", "properties": { "断層面ID": "FM201EJ_00002", "断層コード": "FM201EJ", "name": "中央構造線断層帯（讃岐山脈南縁東部区間〜豊予海峡−由布院区間が同時に活動）（傾斜角40度）", "基準位置経度": "134.091", "基準位置緯度": "34.126", "上端深さ(km)": "4.0", "断層長さ(km)": "84.0", "断層幅(km)": "18.0", "走向角(度)": "255.8", "傾斜角(度)": "40.0", "平均ケース／平均活動間隔（年）": "-", "平均ケース／最新活動時期（年前）": "-", "平均ケース／30年発生確率": "0.0000000000", "平均ケース／50年発生確率": "0.0000000000", "確率過程": "同時活動モデル", "マグニチュード": "Mw7.7", "ばらつき": "-", "最大ケース／平均活動間隔（年）": "-999.0", "最大ケース／最新活動時期（年前）": "-", "最大ケース／30年発生確率": "0.0000000000", "最大ケース／50年発生確率": "0.0000000000" }, "geometry": { "type": "Polygon", "coordinates": [ [ [ 134.088134765625, 34.125447565116119 ], [ 133.2037353515625, 33.938802750845781 ], [ 133.1707763671875, 34.057210513510299 ], [ 134.0496826171875, 34.243594729697406 ], [ 134.088134765625, 34.125447565116119 ] ] ] } },
{ "type": "Feature", "properties": { "断層面ID": "FM201EJ_00003", "断層コード": "FM201EJ", "name": "中央構造線断層帯（讃岐山脈南縁東部区間〜豊予海峡−由布院区間が同時に活動）（傾斜角40度）", "基準位置経度": "133.234", "基準位置緯度": "33.928", "上端深さ(km)": "2.0", "断層長さ(km)": "42.0", "断層幅(km)": "18.0", "走向角(度)": "248.7", "傾斜角(度)": "40.0", "平均ケース／平均活動間隔（年）": "-", "平均ケース／最新活動時期（年前）": "-", "平均ケース／30年発生確率": "0.0000000000", "平均ケース／50年発生確率": "0.0000000000", "確率過程": "同時活動モデル", "マグニチュード": "Mw7.7", "ばらつき": "-", "最大ケース／平均活動間隔（年）": "-999.0", "最大ケース／最新活動時期（年前）": "-", "最大ケース／30年発生確率": "0.0000000000", "最大ケース／50年発生確率": "0.0000000000" }, "geometry": { "type": "Polygon", "coordinates": [ [ [ 133.231201171875, 33.925129700071992 ], [ 132.8082275390625, 33.788278536259966 ], [ 132.7532958984375, 33.902336404480678 ], [ 133.17626953125, 34.043556504127437 ], [ 133.231201171875, 33.925129700071992 ] ] ] } },
{ "type": "Feature", "properties": { "断層面ID": "FM201EJ_00004", "断層コード": "FM201EJ", "name": "中央構造線断層帯（讃岐山脈南縁東部区間〜豊予海峡−由布院区間が同時に活動）（傾斜角40度）", "基準位置経度": "132.783", "基準位置緯度": "33.794", "上端深さ(km)": "4.0", "断層長さ(km)": "90.0", "断層幅(km)": "18.0", "走向角(度)": "240.7", "傾斜角(度)": "40.0", "平均ケース／平均活動間隔（年）": "-", "平均ケース／最新活動時期（年前）": "-", "平均ケース／30年発生確率": "0.0000000000", "平均ケース／50年発生確率": "0.0000000000", "確率過程": "同時活動モデル", "マグニチュード": "Mw7.7", "ばらつき": "-", "最大ケース／平均活動間隔（年）": "-999.0", "最大ケース／最新活動時期（年前）": "-", "最大ケース／30年発生確率": "0.0000000000", "最大ケース／50年発生確率": "0.0000000000" }, "geometry": { "type": "Polygon", "coordinates": [ [ [ 132.78076171875, 33.792843773631844 ], [ 131.934814453125, 33.394759218577988 ], [ 131.85791015625, 33.504759069226083 ], [ 132.7093505859375, 33.902336404480678 ], [ 132.78076171875, 33.792843773631844 ] ] ] } },
{ "type": "Feature", "properties": { "断層面ID": "FM201EJ_00005", "断層コード": "FM201EJ", "name": "中央構造線断層帯（讃岐山脈南縁東部区間〜豊予海峡−由布院区間が同時に活動）（傾斜角40度）", "基準位置経度": "131.963", "基準位置緯度": "33.382", "上端深さ(km)": "4.0", "断層長さ(km)": "36.0", "断層幅(km)": "20.0", "走向角(度)": "246.4", "傾斜角(度)": "40.0", "平均ケース／平均活動間隔（年）": "-", "平均ケース／最新活動時期（年前）": "-", "平均ケース／30年発生確率": "0.0000000000", "平均ケース／50年発生確率": "0.0000000000", "確率過程": "同時活動モデル", "マグニチュード": "Mw7.7", "ばらつき": "-", "最大ケース／平均活動間隔（年）": "-999.0", "最大ケース／最新活動時期（年前）": "-", "最大ケース／30年発生確率": "0.0000000000", "最大ケース／50年発生確率": "0.0000000000" }, "geometry": { "type": "Polygon", "coordinates": [ [ [ 131.9622802734375, 33.380999431040266 ], [ 131.605224609375, 33.247875947924385 ], [ 131.539306640625, 33.376412351246771 ], [ 131.8963623046875, 33.504759069226083 ], [ 131.9622802734375, 33.380999431040266 ] ] ] } },
{ "type": "Feature", "properties": { "断層面ID": "FM201EJ_00006", "断層コード": "FM201EJ", "name": "中央構造線断層帯（讃岐山脈南縁東部区間〜豊予海峡−由布院区間が同時に活動）（傾斜角40度）", "基準位置経度": "131.630", "基準位置緯度": "33.246", "上端深さ(km)": "4.0", "断層長さ(km)": "16.0", "断層幅(km)": "12.0", "走向角(度)": "290.3", "傾斜角(度)": "70.0", "平均ケース／平均活動間隔（年）": "-", "平均ケース／最新活動時期（年前）": "-", "平均ケース／30年発生確率": "0.0000000000", "平均ケース／50年発生確率": "0.0000000000", "確率過程": "同時活動モデル", "マグニチュード": "Mw7.7", "ばらつき": "-", "最大ケース／平均活動間隔（年）": "-999.0", "最大ケース／最新活動時期（年前）": "-", "最大ケース／30年発生確率": "0.0000000000", "最大ケース／50年発生確率": "0.0000000000" }, "geometry": { "type": "Polygon", "coordinates": [ [ [ 131.627197265625, 33.243281858479477 ], [ 131.4678955078125, 33.293803558346596 ], [ 131.4788818359375, 33.330528249028077 ], [ 131.6436767578125, 33.280027811732154 ], [ 131.627197265625, 33.243281858479477 ] ] ] } },
{ "type": "Feature", "properties": { "断層面ID": "FM201EJ_00007", "断層コード": "FM201EJ", "name": "中央構造線断層帯（讃岐山脈南縁東部区間〜豊予海峡−由布院区間が同時に活動）（傾斜角40度）", "基準位置経度": "131.459", "基準位置緯度": "33.296", "上端深さ(km)": "4.0", "断層長さ(km)": "14.0", "断層幅(km)": "12.0", "走向角(度)": "249.6", "傾斜角(度)": "70.0", "平均ケース／平均活動間隔（年）": "-", "平均ケース／最新活動時期（年前）": "-", "平均ケース／30年発生確率": "0.0000000000", "平均ケース／50年発生確率": "0.0000000000", "確率過程": "同時活動モデル", "マグニチュード": "Mw7.7", "ばらつき": "-", "最大ケース／平均活動間隔（年）": "-999.0", "最大ケース／最新活動時期（年前）": "-", "最大ケース／30年発生確率": "0.0000000000", "最大ケース／50年発生確率": "0.0000000000" }, "geometry": { "type": "Polygon", "coordinates": [ [ [ 131.4569091796875, 33.293803558346596 ], [ 131.3140869140625, 33.247875947924385 ], [ 131.297607421875, 33.284619968887682 ], [ 131.4404296875, 33.330528249028077 ], [ 131.4569091796875, 33.293803558346596 ] ] ] } },
{ "type": "Feature", "properties": { "断層面ID": "FH201EJ_00001", "断層コード": "FH201EJ", "name": "中央構造線断層帯（讃岐山脈南縁東部区間〜豊予海峡−由布院区間が同時に活動）（傾斜角90度）", "基準位置経度": "134.664", "基準位置緯度": "34.179", "上端深さ(km)": "4.0", "断層長さ(km)": "56.0", "断層幅(km)": "12.0", "走向角(度)": "257.3", "傾斜角(度)": "90.0", "平均ケース／平均活動間隔（年）": "-", "平均ケース／最新活動時期（年前）": "-", "平均ケース／30年発生確率": "0.0000000000", "平均ケース／50年発生確率": "0.0000000000", "確率過程": "同時活動モデル", "マグニチュード": "Mw7.7", "ばらつき": "-", "最大ケース／平均活動間隔（年）": "-999.0", "最大ケース／最新活動時期（年前）": "-", "最大ケース／30年発生確率": "0.0000000000", "最大ケース／50年発生確率": "0.0000000000" }, "geometry": { "type": "Polygon", "coordinates": [ [ [ 134.659423828125, 34.175453097578526 ], [ 134.066162109375, 34.066311964721052 ], [ 134.659423828125, 34.175453097578526 ] ] ] } },
{ "type": "Feature", "properties": { "断層面ID": "FH201EJ_00002", "断層コード": "FH201EJ", "name": "中央構造線断層帯（讃岐山脈南縁東部区間〜豊予海峡−由布院区間が同時に活動）（傾斜角90度）", "基準位置経度": "134.114", "基準位置緯度": "34.086", "上端深さ(km)": "4.0", "断層長さ(km)": "86.0", "断層幅(km)": "12.0", "走向角(度)": "255.8", "傾斜角(度)": "90.0", "平均ケース／平均活動間隔（年）": "-", "平均ケース／最新活動時期（年前）": "-", "平均ケース／30年発生確率": "0.0000000000", "平均ケース／50年発生確率": "0.0000000000", "確率過程": "同時活動モデル", "マグニチュード": "Mw7.7", "ばらつき": "-", "最大ケース／平均活動間隔（年）": "-999.0", "最大ケース／最新活動時期（年前）": "-", "最大ケース／30年発生確率": "0.0000000000", "最大ケース／50年発生確率": "0.0000000000" }, "geometry": { "type": "Polygon", "coordinates": [ [ [ 134.110107421875, 34.084511934474762 ], [ 133.209228515625, 33.893217379440884 ], [ 134.110107421875, 34.084511934474762 ] ] ] } },
{ "type": "Feature", "properties": { "断層面ID": "FH201EJ_00003", "断層コード": "FH201EJ", "name": "中央構造線断層帯（讃岐山脈南縁東部区間〜豊予海峡−由布院区間が同時に活動）（傾斜角90度）", "基準位置経度": "133.255", "基準位置緯度": "33.934", "上端深さ(km)": "2.0", "断層長さ(km)": "46.0", "断層幅(km)": "14.0", "走向角(度)": "248.7", "傾斜角(度)": "90.0", "平均ケース／平均活動間隔（年）": "-", "平均ケース／最新活動時期（年前）": "-", "平均ケース／30年発生確率": "0.0000000000", "平均ケース／50年発生確率": "0.0000000000", "確率過程": "同時活動モデル", "マグニチュード": "Mw7.7", "ばらつき": "-", "最大ケース／平均活動間隔（年）": "-999.0", "最大ケース／最新活動時期（年前）": "-", "最大ケース／30年発生確率": "0.0000000000", "最大ケース／50年発生確率": "0.0000000000" }, "geometry": { "type": "Polygon", "coordinates": [ [ [ 133.253173828125, 33.929687627576598 ], [ 132.7862548828125, 33.779147331286467 ], [ 133.253173828125, 33.929687627576598 ] ] ] } },
{ "type": "Feature", "properties": { "断層面ID": "FH201EJ_00004", "断層コード": "FH201EJ", "name": "中央構造線断層帯（讃岐山脈南縁東部区間〜豊予海峡−由布院区間が同時に活動）（傾斜角90度）", "基準位置経度": "132.805", "基準位置緯度": "33.779", "上端深さ(km)": "4.0", "断層長さ(km)": "92.0", "断層幅(km)": "12.0", "走向角(度)": "240.7", "傾斜角(度)": "90.0", "平均ケース／平均活動間隔（年）": "-", "平均ケース／最新活動時期（年前）": "-", "平均ケース／30年発生確率": "0.0000000000", "平均ケース／50年発生確率": "0.0000000000", "確率過程": "同時活動モデル", "マグニチュード": "Mw7.7", "ばらつき": "-", "最大ケース／平均活動間隔（年）": "-999.0", "最大ケース／最新活動時期（年前）": "-", "最大ケース／30年発生確率": "0.0000000000", "最大ケース／50年発生確率": "0.0000000000" }, "geometry": { "type": "Polygon", "coordinates": [ [ [ 132.802734375, 33.774581363716891 ], [ 131.934814453125, 33.371825029507249 ], [ 132.802734375, 33.774581363716891 ] ] ] } },
{ "type": "Feature", "properties": { "断層面ID": "FH201EJ_00005", "断層コード": "FH201EJ", "name": "中央構造線断層帯（讃岐山脈南縁東部区間〜豊予海峡−由布院区間が同時に活動）（傾斜角90度）", "基準位置経度": "131.974", "基準位置緯度": "33.362", "上端深さ(km)": "4.0", "断層長さ(km)": "36.0", "断層幅(km)": "12.0", "走向角(度)": "246.4", "傾斜角(度)": "90.0", "平均ケース／平均活動間隔（年）": "-", "平均ケース／最新活動時期（年前）": "-", "平均ケース／30年発生確率": "0.0000000000", "平均ケース／50年発生確率": "0.0000000000", "確率過程": "同時活動モデル", "マグニチュード": "Mw7.7", "ばらつき": "-", "最大ケース／平均活動間隔（年）": "-999.0", "最大ケース／最新活動時期（年前）": "-", "最大ケース／30年発生確率": "0.0000000000", "最大ケース／50年発生確率": "0.0000000000" }, "geometry": { "type": "Polygon", "coordinates": [ [ [ 131.9732666015625, 33.358061612778869 ], [ 131.6162109375, 33.229498141449511 ], [ 131.9732666015625, 33.358061612778869 ] ] ] } },
{ "type": "Feature", "properties": { "断層面ID": "FH201EJ_00006", "断層コード": "FH201EJ", "name": "中央構造線断層帯（讃岐山脈南縁東部区間〜豊予海峡−由布院区間が同時に活動）（傾斜角90度）", "基準位置経度": "131.630", "基準位置緯度": "33.246", "上端深さ(km)": "4.0", "断層長さ(km)": "16.0", "断層幅(km)": "12.0", "走向角(度)": "290.3", "傾斜角(度)": "70.0", "平均ケース／平均活動間隔（年）": "-", "平均ケース／最新活動時期（年前）": "-", "平均ケース／30年発生確率": "0.0000000000", "平均ケース／50年発生確率": "0.0000000000", "確率過程": "同時活動モデル", "マグニチュード": "Mw7.7", "ばらつき": "-", "最大ケース／平均活動間隔（年）": "-999.0", "最大ケース／最新活動時期（年前）": "-", "最大ケース／30年発生確率": "0.0000000000", "最大ケース／50年発生確率": "0.0000000000" }, "geometry": { "type": "Polygon", "coordinates": [ [ [ 131.627197265625, 33.243281858479477 ], [ 131.4678955078125, 33.293803558346596 ], [ 131.4788818359375, 33.330528249028077 ], [ 131.6436767578125, 33.280027811732154 ], [ 131.627197265625, 33.243281858479477 ] ] ] } },
{ "type": "Feature", "properties": { "断層面ID": "FH201EJ_00007", "断層コード": "FH201EJ", "name": "中央構造線断層帯（讃岐山脈南縁東部区間〜豊予海峡−由布院区間が同時に活動）（傾斜角90度）", "基準位置経度": "131.459", "基準位置緯度": "33.296", "上端深さ(km)": "4.0", "断層長さ(km)": "14.0", "断層幅(km)": "12.0", "走向角(度)": "249.6", "傾斜角(度)": "70.0", "平均ケース／平均活動間隔（年）": "-", "平均ケース／最新活動時期（年前）": "-", "平均ケース／30年発生確率": "0.0000000000", "平均ケース／50年発生確率": "0.0000000000", "確率過程": "同時活動モデル", "マグニチュード": "Mw7.7", "ばらつき": "-", "最大ケース／平均活動間隔（年）": "-999.0", "最大ケース／最新活動時期（年前）": "-", "最大ケース／30年発生確率": "0.0000000000", "最大ケース／50年発生確率": "0.0000000000" }, "geometry": { "type": "Polygon", "coordinates": [ [ [ 131.4569091796875, 33.293803558346596 ], [ 131.3140869140625, 33.247875947924385 ], [ 131.297607421875, 33.284619968887682 ], [ 131.4404296875, 33.330528249028077 ], [ 131.4569091796875, 33.293803558346596 ] ] ] } },
{ "type": "Feature", "properties": { "断層面ID": "FM201AG_00004", "断層コード": "FM201AG", "name": "中央構造線断層帯（金剛山地東縁区間〜石鎚山脈北縁区間が同時に活動）（傾斜角40度）", "基準位置経度": "135.099", "基準位置緯度": "34.289", "上端深さ(km)": "4.0", "断層長さ(km)": "44.0", "断層幅(km)": "18.0", "走向角(度)": "258.5", "傾斜角(度)": "40.0", "平均ケース／平均活動間隔（年）": "-", "平均ケース／最新活動時期（年前）": "-", "平均ケース／30年発生確率": "0.0000000000", "平均ケース／50年発生確率": "0.0000000000", "確率過程": "同時活動モデル", "マグニチュード": "Mw7.7", "ばらつき": "-", "最大ケース／平均活動間隔（年）": "-999.0", "最大ケース／最新活動時期（年前）": "-", "最大ケース／30年発生確率": "0.0000000000", "最大ケース／50年発生確率": "0.0000000000" }, "geometry": { "type": "Polygon", "coordinates": [ [ [ 135.098876953125, 34.288991865037531 ], [ 134.62646484375, 34.207259382072309 ], [ 134.5989990234375, 34.329828328362026 ], [ 135.06591796875, 34.406909656520597 ], [ 135.098876953125, 34.288991865037531 ] ] ] } },
{ "type": "Feature", "properties": { "断層面ID": "FM201AG_00005", "断層コード": "FM201AG", "name": "中央構造線断層帯（金剛山地東縁区間〜石鎚山脈北縁区間が同時に活動）（傾斜角40度）", "基準位置経度": "134.642", "基準位置緯度": "34.219", "上端深さ(km)": "4.0", "断層長さ(km)": "54.0", "断層幅(km)": "18.0", "走向角(度)": "257.3", "傾斜角(度)": "40.0", "平均ケース／平均活動間隔（年）": "-", "平均ケース／最新活動時期（年前）": "-", "平均ケース／30年発生確率": "0.0000000000", "平均ケース／50年発生確率": "0.0000000000", "確率過程": "同時活動モデル", "マグニチュード": "Mw7.7", "ばらつき": "-", "最大ケース／平均活動間隔（年）": "-999.0", "最大ケース／最新活動時期（年前）": "-", "最大ケース／30年発生確率": "0.0000000000", "最大ケース／50年発生確率": "0.0000000000" }, "geometry": { "type": "Polygon", "coordinates": [ [ [ 134.637451171875, 34.216344688434631 ], [ 134.066162109375, 34.11180455556898 ], [ 134.033203125, 34.229970811273077 ], [ 134.6044921875, 34.338900400404995 ], [ 134.637451171875, 34.216344688434631 ] ] ] } },
{ "type": "Feature", "properties": { "断層面ID": "FM201AG_00006", "断層コード": "FM201AG", "name": "中央構造線断層帯（金剛山地東縁区間〜石鎚山脈北縁区間が同時に活動）（傾斜角40度）", "基準位置経度": "134.091", "基準位置緯度": "34.126", "上端深さ(km)": "4.0", "断層長さ(km)": "84.0", "断層幅(km)": "18.0", "走向角(度)": "255.8", "傾斜角(度)": "40.0", "平均ケース／平均活動間隔（年）": "-", "平均ケース／最新活動時期（年前）": "-", "平均ケース／30年発生確率": "0.0000000000", "平均ケース／50年発生確率": "0.0000000000", "確率過程": "同時活動モデル", "マグニチュード": "Mw7.7", "ばらつき": "-", "最大ケース／平均活動間隔（年）": "-999.0", "最大ケース／最新活動時期（年前）": "-", "最大ケース／30年発生確率": "0.0000000000", "最大ケース／50年発生確率": "0.0000000000" }, "geometry": { "type": "Polygon", "coordinates": [ [ [ 134.088134765625, 34.125447565116119 ], [ 133.2037353515625, 33.938802750845781 ], [ 133.1707763671875, 34.057210513510299 ], [ 134.0496826171875, 34.243594729697406 ], [ 134.088134765625, 34.125447565116119 ] ] ] } },
{ "type": "Feature", "properties": { "断層面ID": "FM201AG_00007", "断層コード": "FM201AG", "name": "中央構造線断層帯（金剛山地東縁区間〜石鎚山脈北縁区間が同時に活動）（傾斜角40度）", "基準位置経度": "133.412", "基準位置緯度": "33.982", "上端深さ(km)": "2.0", "断層長さ(km)": "30.0", "断層幅(km)": "18.0", "走向角(度)": "253.9", "傾斜角(度)": "40.0", "平均ケース／平均活動間隔（年）": "-", "平均ケース／最新活動時期（年前）": "-", "平均ケース／30年発生確率": "0.0000000000", "平均ケース／50年発生確率": "0.0000000000", "確率過程": "同時活動モデル", "マグニチュード": "Mw7.7", "ばらつき": "-", "最大ケース／平均活動間隔（年）": "-999.0", "最大ケース／最新活動時期（年前）": "-", "最大ケース／30年発生確率": "0.0000000000", "最大ケース／50年発生確率": "0.0000000000" }, "geometry": { "type": "Polygon", "coordinates": [ [ [ 133.406982421875, 33.979808728724564 ], [ 133.099365234375, 33.906895551288684 ], [ 133.055419921875, 34.025347738147929 ], [ 133.3685302734375, 34.098159345215535 ], [ 133.406982421875, 33.979808728724564 ] ] ] } },
{ "type": "Feature", "properties": { "断層面ID": "FH201AG_00004", "断層コード": "FH201AG", "name": "中央構造線断層帯（金剛山地東縁区間〜石鎚山脈北縁区間が同時に活動）（傾斜角90度）", "基準位置経度": "135.119", "基準位置緯度": "34.248", "上端深さ(km)": "4.0", "断層長さ(km)": "46.0", "断層幅(km)": "12.0", "走向角(度)": "258.5", "傾斜角(度)": "90.0", "平均ケース／平均活動間隔（年）": "-", "平均ケース／最新活動時期（年前）": "-", "平均ケース／30年発生確率": "0.0000000000", "平均ケース／50年発生確率": "0.0000000000", "確率過程": "同時活動モデル", "マグニチュード": "Mw7.7", "ばらつき": "-", "最大ケース／平均活動間隔（年）": "-999.0", "最大ケース／最新活動時期（年前）": "-", "最大ケース／30年発生確率": "0.0000000000", "最大ケース／50年発生確率": "0.0000000000" }, "geometry": { "type": "Polygon", "coordinates": [ [ [ 135.1153564453125, 34.243594729697406 ], [ 134.62646484375, 34.161818161230386 ], [ 135.1153564453125, 34.243594729697406 ] ] ] } },
{ "type": "Feature", "properties": { "断層面ID": "FH201AG_00005", "断層コード": "FH201AG", "name": "中央構造線断層帯（金剛山地東縁区間〜石鎚山脈北縁区間が同時に活動）（傾斜角90度）", "基準位置経度": "134.664", "基準位置緯度": "34.179", "上端深さ(km)": "4.0", "断層長さ(km)": "56.0", "断層幅(km)": "12.0", "走向角(度)": "257.3", "傾斜角(度)": "90.0", "平均ケース／平均活動間隔（年）": "-", "平均ケース／最新活動時期（年前）": "-", "平均ケース／30年発生確率": "0.0000000000", "平均ケース／50年発生確率": "0.0000000000", "確率過程": "同時活動モデル", "マグニチュード": "Mw7.7", "ばらつき": "-", "最大ケース／平均活動間隔（年）": "-999.0", "最大ケース／最新活動時期（年前）": "-", "最大ケース／30年発生確率": "0.0000000000", "最大ケース／50年発生確率": "0.0000000000" }, "geometry": { "type": "Polygon", "coordinates": [ [ [ 134.659423828125, 34.175453097578526 ], [ 134.066162109375, 34.066311964721052 ], [ 134.659423828125, 34.175453097578526 ] ] ] } },
{ "type": "Feature", "properties": { "断層面ID": "FH201AG_00006", "断層コード": "FH201AG", "name": "中央構造線断層帯（金剛山地東縁区間〜石鎚山脈北縁区間が同時に活動）（傾斜角90度）", "基準位置経度": "134.114", "基準位置緯度": "34.086", "上端深さ(km)": "4.0", "断層長さ(km)": "86.0", "断層幅(km)": "12.0", "走向角(度)": "255.8", "傾斜角(度)": "90.0", "平均ケース／平均活動間隔（年）": "-", "平均ケース／最新活動時期（年前）": "-", "平均ケース／30年発生確率": "0.0000000000", "平均ケース／50年発生確率": "0.0000000000", "確率過程": "同時活動モデル", "マグニチュード": "Mw7.7", "ばらつき": "-", "最大ケース／平均活動間隔（年）": "-999.0", "最大ケース／最新活動時期（年前）": "-", "最大ケース／30年発生確率": "0.0000000000", "最大ケース／50年発生確率": "0.0000000000" }, "geometry": { "type": "Polygon", "coordinates": [ [ [ 134.110107421875, 34.084511934474762 ], [ 133.209228515625, 33.893217379440884 ], [ 134.110107421875, 34.084511934474762 ] ] ] } },
{ "type": "Feature", "properties": { "断層面ID": "FH201AG_00007", "断層コード": "FH201AG", "name": "中央構造線断層帯（金剛山地東縁区間〜石鎚山脈北縁区間が同時に活動）（傾斜角90度）", "基準位置経度": "133.440", "基準位置緯度": "33.966", "上端深さ(km)": "2.0", "断層長さ(km)": "34.0", "断層幅(km)": "14.0", "走向角(度)": "253.9", "傾斜角(度)": "90.0", "平均ケース／平均活動間隔（年）": "-", "平均ケース／最新活動時期（年前）": "-", "平均ケース／30年発生確率": "0.0000000000", "平均ケース／50年発生確率": "0.0000000000", "確率過程": "同時活動モデル", "マグニチュード": "Mw7.7", "ばらつき": "-", "最大ケース／平均活動間隔（年）": "-999.0", "最大ケース／最新活動時期（年前）": "-", "最大ケース／30年発生確率": "0.0000000000", "最大ケース／50年発生確率": "0.0000000000" }, "geometry": { "type": "Polygon", "coordinates": [ [ [ 133.43994140625, 33.961586289799072 ], [ 133.0828857421875, 33.879537013559244 ], [ 133.43994140625, 33.961586289799072 ] ] ] } },
{ "type": "Feature", "properties": { "断層面ID": "FM201BH_00003", "断層コード": "FM201BH", "name": "中央構造線断層帯（五条谷区間〜石鎚山脈北縁西部区間が同時に活動）（傾斜角40度）", "基準位置経度": "135.099", "基準位置緯度": "34.289", "上端深さ(km)": "4.0", "断層長さ(km)": "44.0", "断層幅(km)": "18.0", "走向角(度)": "258.5", "傾斜角(度)": "40.0", "平均ケース／平均活動間隔（年）": "-", "平均ケース／最新活動時期（年前）": "-", "平均ケース／30年発生確率": "0.0000000000", "平均ケース／50年発生確率": "0.0000000000", "確率過程": "同時活動モデル", "マグニチュード": "Mw7.7", "ばらつき": "-", "最大ケース／平均活動間隔（年）": "-999.0", "最大ケース／最新活動時期（年前）": "-", "最大ケース／30年発生確率": "0.0001490000", "最大ケース／50年発生確率": "0.0002630000" }, "geometry": { "type": "Polygon", "coordinates": [ [ [ 135.098876953125, 34.288991865037531 ], [ 134.62646484375, 34.207259382072309 ], [ 134.5989990234375, 34.329828328362026 ], [ 135.06591796875, 34.406909656520597 ], [ 135.098876953125, 34.288991865037531 ] ] ] } },
{ "type": "Feature", "properties": { "断層面ID": "FM201BH_00004", "断層コード": "FM201BH", "name": "中央構造線断層帯（五条谷区間〜石鎚山脈北縁西部区間が同時に活動）（傾斜角40度）", "基準位置経度": "134.642", "基準位置緯度": "34.219", "上端深さ(km)": "4.0", "断層長さ(km)": "54.0", "断層幅(km)": "18.0", "走向角(度)": "257.3", "傾斜角(度)": "40.0", "平均ケース／平均活動間隔（年）": "-", "平均ケース／最新活動時期（年前）": "-", "平均ケース／30年発生確率": "0.0000000000", "平均ケース／50年発生確率": "0.0000000000", "確率過程": "同時活動モデル", "マグニチュード": "Mw7.7", "ばらつき": "-", "最大ケース／平均活動間隔（年）": "-999.0", "最大ケース／最新活動時期（年前）": "-", "最大ケース／30年発生確率": "0.0001490000", "最大ケース／50年発生確率": "0.0002630000" }, "geometry": { "type": "Polygon", "coordinates": [ [ [ 134.637451171875, 34.216344688434631 ], [ 134.066162109375, 34.11180455556898 ], [ 134.033203125, 34.229970811273077 ], [ 134.6044921875, 34.338900400404995 ], [ 134.637451171875, 34.216344688434631 ] ] ] } },
{ "type": "Feature", "properties": { "断層面ID": "FM201BH_00005", "断層コード": "FM201BH", "name": "中央構造線断層帯（五条谷区間〜石鎚山脈北縁西部区間が同時に活動）（傾斜角40度）", "基準位置経度": "134.091", "基準位置緯度": "34.126", "上端深さ(km)": "4.0", "断層長さ(km)": "84.0", "断層幅(km)": "18.0", "走向角(度)": "255.8", "傾斜角(度)": "40.0", "平均ケース／平均活動間隔（年）": "-", "平均ケース／最新活動時期（年前）": "-", "平均ケース／30年発生確率": "0.0000000000", "平均ケース／50年発生確率": "0.0000000000", "確率過程": "同時活動モデル", "マグニチュード": "Mw7.7", "ばらつき": "-", "最大ケース／平均活動間隔（年）": "-999.0", "最大ケース／最新活動時期（年前）": "-", "最大ケース／30年発生確率": "0.0001490000", "最大ケース／50年発生確率": "0.0002630000" }, "geometry": { "type": "Polygon", "coordinates": [ [ [ 134.088134765625, 34.125447565116119 ], [ 133.2037353515625, 33.938802750845781 ], [ 133.1707763671875, 34.057210513510299 ], [ 134.0496826171875, 34.243594729697406 ], [ 134.088134765625, 34.125447565116119 ] ] ] } },
{ "type": "Feature", "properties": { "断層面ID": "FM201BH_00006", "断層コード": "FM201BH", "name": "中央構造線断層帯（五条谷区間〜石鎚山脈北縁西部区間が同時に活動）（傾斜角40度）", "基準位置経度": "133.234", "基準位置緯度": "33.928", "上端深さ(km)": "2.0", "断層長さ(km)": "42.0", "断層幅(km)": "18.0", "走向角(度)": "248.7", "傾斜角(度)": "40.0", "平均ケース／平均活動間隔（年）": "-", "平均ケース／最新活動時期（年前）": "-", "平均ケース／30年発生確率": "0.0000000000", "平均ケース／50年発生確率": "0.0000000000", "確率過程": "同時活動モデル", "マグニチュード": "Mw7.7", "ばらつき": "-", "最大ケース／平均活動間隔（年）": "-999.0", "最大ケース／最新活動時期（年前）": "-", "最大ケース／30年発生確率": "0.0001490000", "最大ケース／50年発生確率": "0.0002630000" }, "geometry": { "type": "Polygon", "coordinates": [ [ [ 133.231201171875, 33.925129700071992 ], [ 132.8082275390625, 33.788278536259966 ], [ 132.7532958984375, 33.902336404480678 ], [ 133.17626953125, 34.043556504127437 ], [ 133.231201171875, 33.925129700071992 ] ] ] } },
{ "type": "Feature", "properties": { "断層面ID": "FH201BH_00003", "断層コード": "FH201BH", "name": "中央構造線断層帯（五条谷区間〜石鎚山脈北縁西部区間が同時に活動）（傾斜角90度）", "基準位置経度": "135.119", "基準位置緯度": "34.248", "上端深さ(km)": "4.0", "断層長さ(km)": "46.0", "断層幅(km)": "12.0", "走向角(度)": "258.5", "傾斜角(度)": "90.0", "平均ケース／平均活動間隔（年）": "-", "平均ケース／最新活動時期（年前）": "-", "平均ケース／30年発生確率": "0.0000000000", "平均ケース／50年発生確率": "0.0000000000", "確率過程": "同時活動モデル", "マグニチュード": "Mw7.7", "ばらつき": "-", "最大ケース／平均活動間隔（年）": "-999.0", "最大ケース／最新活動時期（年前）": "-", "最大ケース／30年発生確率": "0.0001490000", "最大ケース／50年発生確率": "0.0002630000" }, "geometry": { "type": "Polygon", "coordinates": [ [ [ 135.1153564453125, 34.243594729697406 ], [ 134.62646484375, 34.161818161230386 ], [ 135.1153564453125, 34.243594729697406 ] ] ] } },
{ "type": "Feature", "properties": { "断層面ID": "FH201BH_00004", "断層コード": "FH201BH", "name": "中央構造線断層帯（五条谷区間〜石鎚山脈北縁西部区間が同時に活動）（傾斜角90度）", "基準位置経度": "134.664", "基準位置緯度": "34.179", "上端深さ(km)": "4.0", "断層長さ(km)": "56.0", "断層幅(km)": "12.0", "走向角(度)": "257.3", "傾斜角(度)": "90.0", "平均ケース／平均活動間隔（年）": "-", "平均ケース／最新活動時期（年前）": "-", "平均ケース／30年発生確率": "0.0000000000", "平均ケース／50年発生確率": "0.0000000000", "確率過程": "同時活動モデル", "マグニチュード": "Mw7.7", "ばらつき": "-", "最大ケース／平均活動間隔（年）": "-999.0", "最大ケース／最新活動時期（年前）": "-", "最大ケース／30年発生確率": "0.0001490000", "最大ケース／50年発生確率": "0.0002630000" }, "geometry": { "type": "Polygon", "coordinates": [ [ [ 134.659423828125, 34.175453097578526 ], [ 134.066162109375, 34.066311964721052 ], [ 134.659423828125, 34.175453097578526 ] ] ] } },
{ "type": "Feature", "properties": { "断層面ID": "FH201BH_00005", "断層コード": "FH201BH", "name": "中央構造線断層帯（五条谷区間〜石鎚山脈北縁西部区間が同時に活動）（傾斜角90度）", "基準位置経度": "134.114", "基準位置緯度": "34.086", "上端深さ(km)": "4.0", "断層長さ(km)": "86.0", "断層幅(km)": "12.0", "走向角(度)": "255.8", "傾斜角(度)": "90.0", "平均ケース／平均活動間隔（年）": "-", "平均ケース／最新活動時期（年前）": "-", "平均ケース／30年発生確率": "0.0000000000", "平均ケース／50年発生確率": "0.0000000000", "確率過程": "同時活動モデル", "マグニチュード": "Mw7.7", "ばらつき": "-", "最大ケース／平均活動間隔（年）": "-999.0", "最大ケース／最新活動時期（年前）": "-", "最大ケース／30年発生確率": "0.0001490000", "最大ケース／50年発生確率": "0.0002630000" }, "geometry": { "type": "Polygon", "coordinates": [ [ [ 134.110107421875, 34.084511934474762 ], [ 133.209228515625, 33.893217379440884 ], [ 134.110107421875, 34.084511934474762 ] ] ] } },
{ "type": "Feature", "properties": { "断層面ID": "FH201BH_00006", "断層コード": "FH201BH", "name": "中央構造線断層帯（五条谷区間〜石鎚山脈北縁西部区間が同時に活動）（傾斜角90度）", "基準位置経度": "133.255", "基準位置緯度": "33.934", "上端深さ(km)": "2.0", "断層長さ(km)": "46.0", "断層幅(km)": "14.0", "走向角(度)": "248.7", "傾斜角(度)": "90.0", "平均ケース／平均活動間隔（年）": "-", "平均ケース／最新活動時期（年前）": "-", "平均ケース／30年発生確率": "0.0000000000", "平均ケース／50年発生確率": "0.0000000000", "確率過程": "同時活動モデル", "マグニチュード": "Mw7.7", "ばらつき": "-", "最大ケース／平均活動間隔（年）": "-999.0", "最大ケース／最新活動時期（年前）": "-", "最大ケース／30年発生確率": "0.0001490000", "最大ケース／50年発生確率": "0.0002630000" }, "geometry": { "type": "Polygon", "coordinates": [ [ [ 133.253173828125, 33.929687627576598 ], [ 132.7862548828125, 33.779147331286467 ], [ 133.253173828125, 33.929687627576598 ] ] ] } },
{ "type": "Feature", "properties": { "断層面ID": "FM201CI_00002", "断層コード": "FM201CI", "name": "中央構造線断層帯（根来区間〜伊予灘区間が同時に活動）（傾斜角40度）", "基準位置経度": "135.099", "基準位置緯度": "34.289", "上端深さ(km)": "4.0", "断層長さ(km)": "44.0", "断層幅(km)": "18.0", "走向角(度)": "258.5", "傾斜角(度)": "40.0", "平均ケース／平均活動間隔（年）": "-", "平均ケース／最新活動時期（年前）": "-", "平均ケース／30年発生確率": "0.0000000000", "平均ケース／50年発生確率": "0.0000000000", "確率過程": "同時活動モデル", "マグニチュード": "Mw7.8", "ばらつき": "-", "最大ケース／平均活動間隔（年）": "-999.0", "最大ケース／最新活動時期（年前）": "-", "最大ケース／30年発生確率": "0.0000000000", "最大ケース／50年発生確率": "0.0000000000" }, "geometry": { "type": "Polygon", "coordinates": [ [ [ 135.098876953125, 34.288991865037531 ], [ 134.62646484375, 34.207259382072309 ], [ 134.5989990234375, 34.329828328362026 ], [ 135.06591796875, 34.406909656520597 ], [ 135.098876953125, 34.288991865037531 ] ] ] } },
{ "type": "Feature", "properties": { "断層面ID": "FM201CI_00003", "断層コード": "FM201CI", "name": "中央構造線断層帯（根来区間〜伊予灘区間が同時に活動）（傾斜角40度）", "基準位置経度": "134.642", "基準位置緯度": "34.219", "上端深さ(km)": "4.0", "断層長さ(km)": "54.0", "断層幅(km)": "18.0", "走向角(度)": "257.3", "傾斜角(度)": "40.0", "平均ケース／平均活動間隔（年）": "-", "平均ケース／最新活動時期（年前）": "-", "平均ケース／30年発生確率": "0.0000000000", "平均ケース／50年発生確率": "0.0000000000", "確率過程": "同時活動モデル", "マグニチュード": "Mw7.8", "ばらつき": "-", "最大ケース／平均活動間隔（年）": "-999.0", "最大ケース／最新活動時期（年前）": "-", "最大ケース／30年発生確率": "0.0000000000", "最大ケース／50年発生確率": "0.0000000000" }, "geometry": { "type": "Polygon", "coordinates": [ [ [ 134.637451171875, 34.216344688434631 ], [ 134.066162109375, 34.11180455556898 ], [ 134.033203125, 34.229970811273077 ], [ 134.6044921875, 34.338900400404995 ], [ 134.637451171875, 34.216344688434631 ] ] ] } },
{ "type": "Feature", "properties": { "断層面ID": "FM201CI_00004", "断層コード": "FM201CI", "name": "中央構造線断層帯（根来区間〜伊予灘区間が同時に活動）（傾斜角40度）", "基準位置経度": "134.091", "基準位置緯度": "34.126", "上端深さ(km)": "4.0", "断層長さ(km)": "84.0", "断層幅(km)": "18.0", "走向角(度)": "255.8", "傾斜角(度)": "40.0", "平均ケース／平均活動間隔（年）": "-", "平均ケース／最新活動時期（年前）": "-", "平均ケース／30年発生確率": "0.0000000000", "平均ケース／50年発生確率": "0.0000000000", "確率過程": "同時活動モデル", "マグニチュード": "Mw7.8", "ばらつき": "-", "最大ケース／平均活動間隔（年）": "-999.0", "最大ケース／最新活動時期（年前）": "-", "最大ケース／30年発生確率": "0.0000000000", "最大ケース／50年発生確率": "0.0000000000" }, "geometry": { "type": "Polygon", "coordinates": [ [ [ 134.088134765625, 34.125447565116119 ], [ 133.2037353515625, 33.938802750845781 ], [ 133.1707763671875, 34.057210513510299 ], [ 134.0496826171875, 34.243594729697406 ], [ 134.088134765625, 34.125447565116119 ] ] ] } },
{ "type": "Feature", "properties": { "断層面ID": "FM201CI_00005", "断層コード": "FM201CI", "name": "中央構造線断層帯（根来区間〜伊予灘区間が同時に活動）（傾斜角40度）", "基準位置経度": "133.234", "基準位置緯度": "33.928", "上端深さ(km)": "2.0", "断層長さ(km)": "42.0", "断層幅(km)": "18.0", "走向角(度)": "248.7", "傾斜角(度)": "40.0", "平均ケース／平均活動間隔（年）": "-", "平均ケース／最新活動時期（年前）": "-", "平均ケース／30年発生確率": "0.0000000000", "平均ケース／50年発生確率": "0.0000000000", "確率過程": "同時活動モデル", "マグニチュード": "Mw7.8", "ばらつき": "-", "最大ケース／平均活動間隔（年）": "-999.0", "最大ケース／最新活動時期（年前）": "-", "最大ケース／30年発生確率": "0.0000000000", "最大ケース／50年発生確率": "0.0000000000" }, "geometry": { "type": "Polygon", "coordinates": [ [ [ 133.231201171875, 33.925129700071992 ], [ 132.8082275390625, 33.788278536259966 ], [ 132.7532958984375, 33.902336404480678 ], [ 133.17626953125, 34.043556504127437 ], [ 133.231201171875, 33.925129700071992 ] ] ] } },
{ "type": "Feature", "properties": { "断層面ID": "FM201CI_00006", "断層コード": "FM201CI", "name": "中央構造線断層帯（根来区間〜伊予灘区間が同時に活動）（傾斜角40度）", "基準位置経度": "132.783", "基準位置緯度": "33.794", "上端深さ(km)": "4.0", "断層長さ(km)": "90.0", "断層幅(km)": "18.0", "走向角(度)": "240.7", "傾斜角(度)": "40.0", "平均ケース／平均活動間隔（年）": "-", "平均ケース／最新活動時期（年前）": "-", "平均ケース／30年発生確率": "0.0000000000", "平均ケース／50年発生確率": "0.0000000000", "確率過程": "同時活動モデル", "マグニチュード": "Mw7.8", "ばらつき": "-", "最大ケース／平均活動間隔（年）": "-999.0", "最大ケース／最新活動時期（年前）": "-", "最大ケース／30年発生確率": "0.0000000000", "最大ケース／50年発生確率": "0.0000000000" }, "geometry": { "type": "Polygon", "coordinates": [ [ [ 132.78076171875, 33.792843773631844 ], [ 131.934814453125, 33.394759218577988 ], [ 131.85791015625, 33.504759069226083 ], [ 132.7093505859375, 33.902336404480678 ], [ 132.78076171875, 33.792843773631844 ] ] ] } },
{ "type": "Feature", "properties": { "断層面ID": "FH201CI_00002", "断層コード": "FH201CI", "name": "中央構造線断層帯（根来区間〜伊予灘区間が同時に活動）（傾斜角90度）", "基準位置経度": "135.119", "基準位置緯度": "34.248", "上端深さ(km)": "4.0", "断層長さ(km)": "46.0", "断層幅(km)": "12.0", "走向角(度)": "258.5", "傾斜角(度)": "90.0", "平均ケース／平均活動間隔（年）": "-", "平均ケース／最新活動時期（年前）": "-", "平均ケース／30年発生確率": "0.0000000000", "平均ケース／50年発生確率": "0.0000000000", "確率過程": "同時活動モデル", "マグニチュード": "Mw7.8", "ばらつき": "-", "最大ケース／平均活動間隔（年）": "-999.0", "最大ケース／最新活動時期（年前）": "-", "最大ケース／30年発生確率": "0.0000000000", "最大ケース／50年発生確率": "0.0000000000" }, "geometry": { "type": "Polygon", "coordinates": [ [ [ 135.1153564453125, 34.243594729697406 ], [ 134.62646484375, 34.161818161230386 ], [ 135.1153564453125, 34.243594729697406 ] ] ] } },
{ "type": "Feature", "properties": { "断層面ID": "FH201CI_00003", "断層コード": "FH201CI", "name": "中央構造線断層帯（根来区間〜伊予灘区間が同時に活動）（傾斜角90度）", "基準位置経度": "134.664", "基準位置緯度": "34.179", "上端深さ(km)": "4.0", "断層長さ(km)": "56.0", "断層幅(km)": "12.0", "走向角(度)": "257.3", "傾斜角(度)": "90.0", "平均ケース／平均活動間隔（年）": "-", "平均ケース／最新活動時期（年前）": "-", "平均ケース／30年発生確率": "0.0000000000", "平均ケース／50年発生確率": "0.0000000000", "確率過程": "同時活動モデル", "マグニチュード": "Mw7.8", "ばらつき": "-", "最大ケース／平均活動間隔（年）": "-999.0", "最大ケース／最新活動時期（年前）": "-", "最大ケース／30年発生確率": "0.0000000000", "最大ケース／50年発生確率": "0.0000000000" }, "geometry": { "type": "Polygon", "coordinates": [ [ [ 134.659423828125, 34.175453097578526 ], [ 134.066162109375, 34.066311964721052 ], [ 134.659423828125, 34.175453097578526 ] ] ] } },
{ "type": "Feature", "properties": { "断層面ID": "FH201CI_00004", "断層コード": "FH201CI", "name": "中央構造線断層帯（根来区間〜伊予灘区間が同時に活動）（傾斜角90度）", "基準位置経度": "134.114", "基準位置緯度": "34.086", "上端深さ(km)": "4.0", "断層長さ(km)": "86.0", "断層幅(km)": "12.0", "走向角(度)": "255.8", "傾斜角(度)": "90.0", "平均ケース／平均活動間隔（年）": "-", "平均ケース／最新活動時期（年前）": "-", "平均ケース／30年発生確率": "0.0000000000", "平均ケース／50年発生確率": "0.0000000000", "確率過程": "同時活動モデル", "マグニチュード": "Mw7.8", "ばらつき": "-", "最大ケース／平均活動間隔（年）": "-999.0", "最大ケース／最新活動時期（年前）": "-", "最大ケース／30年発生確率": "0.0000000000", "最大ケース／50年発生確率": "0.0000000000" }, "geometry": { "type": "Polygon", "coordinates": [ [ [ 134.110107421875, 34.084511934474762 ], [ 133.209228515625, 33.893217379440884 ], [ 134.110107421875, 34.084511934474762 ] ] ] } },
{ "type": "Feature", "properties": { "断層面ID": "FH201CI_00005", "断層コード": "FH201CI", "name": "中央構造線断層帯（根来区間〜伊予灘区間が同時に活動）（傾斜角90度）", "基準位置経度": "133.255", "基準位置緯度": "33.934", "上端深さ(km)": "2.0", "断層長さ(km)": "46.0", "断層幅(km)": "14.0", "走向角(度)": "248.7", "傾斜角(度)": "90.0", "平均ケース／平均活動間隔（年）": "-", "平均ケース／最新活動時期（年前）": "-", "平均ケース／30年発生確率": "0.0000000000", "平均ケース／50年発生確率": "0.0000000000", "確率過程": "同時活動モデル", "マグニチュード": "Mw7.8", "ばらつき": "-", "最大ケース／平均活動間隔（年）": "-999.0", "最大ケース／最新活動時期（年前）": "-", "最大ケース／30年発生確率": "0.0000000000", "最大ケース／50年発生確率": "0.0000000000" }, "geometry": { "type": "Polygon", "coordinates": [ [ [ 133.253173828125, 33.929687627576598 ], [ 132.7862548828125, 33.779147331286467 ], [ 133.253173828125, 33.929687627576598 ] ] ] } },
{ "type": "Feature", "properties": { "断層面ID": "FH201CI_00006", "断層コード": "FH201CI", "name": "中央構造線断層帯（根来区間〜伊予灘区間が同時に活動）（傾斜角90度）", "基準位置経度": "132.805", "基準位置緯度": "33.779", "上端深さ(km)": "4.0", "断層長さ(km)": "92.0", "断層幅(km)": "12.0", "走向角(度)": "240.7", "傾斜角(度)": "90.0", "平均ケース／平均活動間隔（年）": "-", "平均ケース／最新活動時期（年前）": "-", "平均ケース／30年発生確率": "0.0000000000", "平均ケース／50年発生確率": "0.0000000000", "確率過程": "同時活動モデル", "マグニチュード": "Mw7.8", "ばらつき": "-", "最大ケース／平均活動間隔（年）": "-999.0", "最大ケース／最新活動時期（年前）": "-", "最大ケース／30年発生確率": "0.0000000000", "最大ケース／50年発生確率": "0.0000000000" }, "geometry": { "type": "Polygon", "coordinates": [ [ [ 132.802734375, 33.774581363716891 ], [ 131.934814453125, 33.371825029507249 ], [ 132.802734375, 33.774581363716891 ] ] ] } },
{ "type": "Feature", "properties": { "断層面ID": "FM201DJ_00001", "断層コード": "FM201DJ", "name": "中央構造線断層帯（紀淡海峡−鳴門海峡区間〜豊予海峡−由布院区間が同時に活動）（傾斜角40度）", "基準位置経度": "135.099", "基準位置緯度": "34.289", "上端深さ(km)": "4.0", "断層長さ(km)": "44.0", "断層幅(km)": "18.0", "走向角(度)": "258.5", "傾斜角(度)": "40.0", "平均ケース／平均活動間隔（年）": "-", "平均ケース／最新活動時期（年前）": "-", "平均ケース／30年発生確率": "0.0000000000", "平均ケース／50年発生確率": "0.0000000000", "確率過程": "同時活動モデル", "マグニチュード": "Mw7.8", "ばらつき": "-", "最大ケース／平均活動間隔（年）": "-999.0", "最大ケース／最新活動時期（年前）": "-", "最大ケース／30年発生確率": "0.0000000000", "最大ケース／50年発生確率": "0.0000000000" }, "geometry": { "type": "Polygon", "coordinates": [ [ [ 135.098876953125, 34.288991865037531 ], [ 134.62646484375, 34.207259382072309 ], [ 134.5989990234375, 34.329828328362026 ], [ 135.06591796875, 34.406909656520597 ], [ 135.098876953125, 34.288991865037531 ] ] ] } },
{ "type": "Feature", "properties": { "断層面ID": "FM201DJ_00002", "断層コード": "FM201DJ", "name": "中央構造線断層帯（紀淡海峡−鳴門海峡区間〜豊予海峡−由布院区間が同時に活動）（傾斜角40度）", "基準位置経度": "134.642", "基準位置緯度": "34.219", "上端深さ(km)": "4.0", "断層長さ(km)": "54.0", "断層幅(km)": "18.0", "走向角(度)": "257.3", "傾斜角(度)": "40.0", "平均ケース／平均活動間隔（年）": "-", "平均ケース／最新活動時期（年前）": "-", "平均ケース／30年発生確率": "0.0000000000", "平均ケース／50年発生確率": "0.0000000000", "確率過程": "同時活動モデル", "マグニチュード": "Mw7.8", "ばらつき": "-", "最大ケース／平均活動間隔（年）": "-999.0", "最大ケース／最新活動時期（年前）": "-", "最大ケース／30年発生確率": "0.0000000000", "最大ケース／50年発生確率": "0.0000000000" }, "geometry": { "type": "Polygon", "coordinates": [ [ [ 134.637451171875, 34.216344688434631 ], [ 134.066162109375, 34.11180455556898 ], [ 134.033203125, 34.229970811273077 ], [ 134.6044921875, 34.338900400404995 ], [ 134.637451171875, 34.216344688434631 ] ] ] } },
{ "type": "Feature", "properties": { "断層面ID": "FM201DJ_00003", "断層コード": "FM201DJ", "name": "中央構造線断層帯（紀淡海峡−鳴門海峡区間〜豊予海峡−由布院区間が同時に活動）（傾斜角40度）", "基準位置経度": "134.091", "基準位置緯度": "34.126", "上端深さ(km)": "4.0", "断層長さ(km)": "84.0", "断層幅(km)": "18.0", "走向角(度)": "255.8", "傾斜角(度)": "40.0", "平均ケース／平均活動間隔（年）": "-", "平均ケース／最新活動時期（年前）": "-", "平均ケース／30年発生確率": "0.0000000000", "平均ケース／50年発生確率": "0.0000000000", "確率過程": "同時活動モデル", "マグニチュード": "Mw7.8", "ばらつき": "-", "最大ケース／平均活動間隔（年）": "-999.0", "最大ケース／最新活動時期（年前）": "-", "最大ケース／30年発生確率": "0.0000000000", "最大ケース／50年発生確率": "0.0000000000" }, "geometry": { "type": "Polygon", "coordinates": [ [ [ 134.088134765625, 34.125447565116119 ], [ 133.2037353515625, 33.938802750845781 ], [ 133.1707763671875, 34.057210513510299 ], [ 134.0496826171875, 34.243594729697406 ], [ 134.088134765625, 34.125447565116119 ] ] ] } },
{ "type": "Feature", "properties": { "断層面ID": "FM201DJ_00004", "断層コード": "FM201DJ", "name": "中央構造線断層帯（紀淡海峡−鳴門海峡区間〜豊予海峡−由布院区間が同時に活動）（傾斜角40度）", "基準位置経度": "133.234", "基準位置緯度": "33.928", "上端深さ(km)": "2.0", "断層長さ(km)": "42.0", "断層幅(km)": "18.0", "走向角(度)": "248.7", "傾斜角(度)": "40.0", "平均ケース／平均活動間隔（年）": "-", "平均ケース／最新活動時期（年前）": "-", "平均ケース／30年発生確率": "0.0000000000", "平均ケース／50年発生確率": "0.0000000000", "確率過程": "同時活動モデル", "マグニチュード": "Mw7.8", "ばらつき": "-", "最大ケース／平均活動間隔（年）": "-999.0", "最大ケース／最新活動時期（年前）": "-", "最大ケース／30年発生確率": "0.0000000000", "最大ケース／50年発生確率": "0.0000000000" }, "geometry": { "type": "Polygon", "coordinates": [ [ [ 133.231201171875, 33.925129700071992 ], [ 132.8082275390625, 33.788278536259966 ], [ 132.7532958984375, 33.902336404480678 ], [ 133.17626953125, 34.043556504127437 ], [ 133.231201171875, 33.925129700071992 ] ] ] } },
{ "type": "Feature", "properties": { "断層面ID": "FM201DJ_00005", "断層コード": "FM201DJ", "name": "中央構造線断層帯（紀淡海峡−鳴門海峡区間〜豊予海峡−由布院区間が同時に活動）（傾斜角40度）", "基準位置経度": "132.783", "基準位置緯度": "33.794", "上端深さ(km)": "4.0", "断層長さ(km)": "90.0", "断層幅(km)": "18.0", "走向角(度)": "240.7", "傾斜角(度)": "40.0", "平均ケース／平均活動間隔（年）": "-", "平均ケース／最新活動時期（年前）": "-", "平均ケース／30年発生確率": "0.0000000000", "平均ケース／50年発生確率": "0.0000000000", "確率過程": "同時活動モデル", "マグニチュード": "Mw7.8", "ばらつき": "-", "最大ケース／平均活動間隔（年）": "-999.0", "最大ケース／最新活動時期（年前）": "-", "最大ケース／30年発生確率": "0.0000000000", "最大ケース／50年発生確率": "0.0000000000" }, "geometry": { "type": "Polygon", "coordinates": [ [ [ 132.78076171875, 33.792843773631844 ], [ 131.934814453125, 33.394759218577988 ], [ 131.85791015625, 33.504759069226083 ], [ 132.7093505859375, 33.902336404480678 ], [ 132.78076171875, 33.792843773631844 ] ] ] } },
{ "type": "Feature", "properties": { "断層面ID": "FM201DJ_00006", "断層コード": "FM201DJ", "name": "中央構造線断層帯（紀淡海峡−鳴門海峡区間〜豊予海峡−由布院区間が同時に活動）（傾斜角40度）", "基準位置経度": "131.963", "基準位置緯度": "33.382", "上端深さ(km)": "4.0", "断層長さ(km)": "36.0", "断層幅(km)": "20.0", "走向角(度)": "246.4", "傾斜角(度)": "40.0", "平均ケース／平均活動間隔（年）": "-", "平均ケース／最新活動時期（年前）": "-", "平均ケース／30年発生確率": "0.0000000000", "平均ケース／50年発生確率": "0.0000000000", "確率過程": "同時活動モデル", "マグニチュード": "Mw7.8", "ばらつき": "-", "最大ケース／平均活動間隔（年）": "-999.0", "最大ケース／最新活動時期（年前）": "-", "最大ケース／30年発生確率": "0.0000000000", "最大ケース／50年発生確率": "0.0000000000" }, "geometry": { "type": "Polygon", "coordinates": [ [ [ 131.9622802734375, 33.380999431040266 ], [ 131.605224609375, 33.247875947924385 ], [ 131.539306640625, 33.376412351246771 ], [ 131.8963623046875, 33.504759069226083 ], [ 131.9622802734375, 33.380999431040266 ] ] ] } },
{ "type": "Feature", "properties": { "断層面ID": "FM201DJ_00007", "断層コード": "FM201DJ", "name": "中央構造線断層帯（紀淡海峡−鳴門海峡区間〜豊予海峡−由布院区間が同時に活動）（傾斜角40度）", "基準位置経度": "131.630", "基準位置緯度": "33.246", "上端深さ(km)": "4.0", "断層長さ(km)": "16.0", "断層幅(km)": "12.0", "走向角(度)": "290.3", "傾斜角(度)": "70.0", "平均ケース／平均活動間隔（年）": "-", "平均ケース／最新活動時期（年前）": "-", "平均ケース／30年発生確率": "0.0000000000", "平均ケース／50年発生確率": "0.0000000000", "確率過程": "同時活動モデル", "マグニチュード": "Mw7.8", "ばらつき": "-", "最大ケース／平均活動間隔（年）": "-999.0", "最大ケース／最新活動時期（年前）": "-", "最大ケース／30年発生確率": "0.0000000000", "最大ケース／50年発生確率": "0.0000000000" }, "geometry": { "type": "Polygon", "coordinates": [ [ [ 131.627197265625, 33.243281858479477 ], [ 131.4678955078125, 33.293803558346596 ], [ 131.4788818359375, 33.330528249028077 ], [ 131.6436767578125, 33.280027811732154 ], [ 131.627197265625, 33.243281858479477 ] ] ] } },
{ "type": "Feature", "properties": { "断層面ID": "FM201DJ_00008", "断層コード": "FM201DJ", "name": "中央構造線断層帯（紀淡海峡−鳴門海峡区間〜豊予海峡−由布院区間が同時に活動）（傾斜角40度）", "基準位置経度": "131.459", "基準位置緯度": "33.296", "上端深さ(km)": "4.0", "断層長さ(km)": "14.0", "断層幅(km)": "12.0", "走向角(度)": "249.6", "傾斜角(度)": "70.0", "平均ケース／平均活動間隔（年）": "-", "平均ケース／最新活動時期（年前）": "-", "平均ケース／30年発生確率": "0.0000000000", "平均ケース／50年発生確率": "0.0000000000", "確率過程": "同時活動モデル", "マグニチュード": "Mw7.8", "ばらつき": "-", "最大ケース／平均活動間隔（年）": "-999.0", "最大ケース／最新活動時期（年前）": "-", "最大ケース／30年発生確率": "0.0000000000", "最大ケース／50年発生確率": "0.0000000000" }, "geometry": { "type": "Polygon", "coordinates": [ [ [ 131.4569091796875, 33.293803558346596 ], [ 131.3140869140625, 33.247875947924385 ], [ 131.297607421875, 33.284619968887682 ], [ 131.4404296875, 33.330528249028077 ], [ 131.4569091796875, 33.293803558346596 ] ] ] } },
{ "type": "Feature", "properties": { "断層面ID": "FH201DJ_00001", "断層コード": "FH201DJ", "name": "中央構造線断層帯（紀淡海峡−鳴門海峡区間〜豊予海峡−由布院区間が同時に活動）（傾斜角90度）", "基準位置経度": "135.119", "基準位置緯度": "34.248", "上端深さ(km)": "4.0", "断層長さ(km)": "46.0", "断層幅(km)": "12.0", "走向角(度)": "258.5", "傾斜角(度)": "90.0", "平均ケース／平均活動間隔（年）": "-", "平均ケース／最新活動時期（年前）": "-", "平均ケース／30年発生確率": "0.0000000000", "平均ケース／50年発生確率": "0.0000000000", "確率過程": "同時活動モデル", "マグニチュード": "Mw7.8", "ばらつき": "-", "最大ケース／平均活動間隔（年）": "-999.0", "最大ケース／最新活動時期（年前）": "-", "最大ケース／30年発生確率": "0.0000000000", "最大ケース／50年発生確率": "0.0000000000" }, "geometry": { "type": "Polygon", "coordinates": [ [ [ 135.1153564453125, 34.243594729697406 ], [ 134.62646484375, 34.161818161230386 ], [ 135.1153564453125, 34.243594729697406 ] ] ] } },
{ "type": "Feature", "properties": { "断層面ID": "FH201DJ_00002", "断層コード": "FH201DJ", "name": "中央構造線断層帯（紀淡海峡−鳴門海峡区間〜豊予海峡−由布院区間が同時に活動）（傾斜角90度）", "基準位置経度": "134.664", "基準位置緯度": "34.179", "上端深さ(km)": "4.0", "断層長さ(km)": "56.0", "断層幅(km)": "12.0", "走向角(度)": "257.3", "傾斜角(度)": "90.0", "平均ケース／平均活動間隔（年）": "-", "平均ケース／最新活動時期（年前）": "-", "平均ケース／30年発生確率": "0.0000000000", "平均ケース／50年発生確率": "0.0000000000", "確率過程": "同時活動モデル", "マグニチュード": "Mw7.8", "ばらつき": "-", "最大ケース／平均活動間隔（年）": "-999.0", "最大ケース／最新活動時期（年前）": "-", "最大ケース／30年発生確率": "0.0000000000", "最大ケース／50年発生確率": "0.0000000000" }, "geometry": { "type": "Polygon", "coordinates": [ [ [ 134.659423828125, 34.175453097578526 ], [ 134.066162109375, 34.066311964721052 ], [ 134.659423828125, 34.175453097578526 ] ] ] } },
{ "type": "Feature", "properties": { "断層面ID": "FH201DJ_00003", "断層コード": "FH201DJ", "name": "中央構造線断層帯（紀淡海峡−鳴門海峡区間〜豊予海峡−由布院区間が同時に活動）（傾斜角90度）", "基準位置経度": "134.114", "基準位置緯度": "34.086", "上端深さ(km)": "4.0", "断層長さ(km)": "86.0", "断層幅(km)": "12.0", "走向角(度)": "255.8", "傾斜角(度)": "90.0", "平均ケース／平均活動間隔（年）": "-", "平均ケース／最新活動時期（年前）": "-", "平均ケース／30年発生確率": "0.0000000000", "平均ケース／50年発生確率": "0.0000000000", "確率過程": "同時活動モデル", "マグニチュード": "Mw7.8", "ばらつき": "-", "最大ケース／平均活動間隔（年）": "-999.0", "最大ケース／最新活動時期（年前）": "-", "最大ケース／30年発生確率": "0.0000000000", "最大ケース／50年発生確率": "0.0000000000" }, "geometry": { "type": "Polygon", "coordinates": [ [ [ 134.110107421875, 34.084511934474762 ], [ 133.209228515625, 33.893217379440884 ], [ 134.110107421875, 34.084511934474762 ] ] ] } },
{ "type": "Feature", "properties": { "断層面ID": "FH201DJ_00004", "断層コード": "FH201DJ", "name": "中央構造線断層帯（紀淡海峡−鳴門海峡区間〜豊予海峡−由布院区間が同時に活動）（傾斜角90度）", "基準位置経度": "133.255", "基準位置緯度": "33.934", "上端深さ(km)": "2.0", "断層長さ(km)": "46.0", "断層幅(km)": "14.0", "走向角(度)": "248.7", "傾斜角(度)": "90.0", "平均ケース／平均活動間隔（年）": "-", "平均ケース／最新活動時期（年前）": "-", "平均ケース／30年発生確率": "0.0000000000", "平均ケース／50年発生確率": "0.0000000000", "確率過程": "同時活動モデル", "マグニチュード": "Mw7.8", "ばらつき": "-", "最大ケース／平均活動間隔（年）": "-999.0", "最大ケース／最新活動時期（年前）": "-", "最大ケース／30年発生確率": "0.0000000000", "最大ケース／50年発生確率": "0.0000000000" }, "geometry": { "type": "Polygon", "coordinates": [ [ [ 133.253173828125, 33.929687627576598 ], [ 132.7862548828125, 33.779147331286467 ], [ 133.253173828125, 33.929687627576598 ] ] ] } },
{ "type": "Feature", "properties": { "断層面ID": "FH201DJ_00005", "断層コード": "FH201DJ", "name": "中央構造線断層帯（紀淡海峡−鳴門海峡区間〜豊予海峡−由布院区間が同時に活動）（傾斜角90度）", "基準位置経度": "132.805", "基準位置緯度": "33.779", "上端深さ(km)": "4.0", "断層長さ(km)": "92.0", "断層幅(km)": "12.0", "走向角(度)": "240.7", "傾斜角(度)": "90.0", "平均ケース／平均活動間隔（年）": "-", "平均ケース／最新活動時期（年前）": "-", "平均ケース／30年発生確率": "0.0000000000", "平均ケース／50年発生確率": "0.0000000000", "確率過程": "同時活動モデル", "マグニチュード": "Mw7.8", "ばらつき": "-", "最大ケース／平均活動間隔（年）": "-999.0", "最大ケース／最新活動時期（年前）": "-", "最大ケース／30年発生確率": "0.0000000000", "最大ケース／50年発生確率": "0.0000000000" }, "geometry": { "type": "Polygon", "coordinates": [ [ [ 132.802734375, 33.774581363716891 ], [ 131.934814453125, 33.371825029507249 ], [ 132.802734375, 33.774581363716891 ] ] ] } },
{ "type": "Feature", "properties": { "断層面ID": "FH201DJ_00006", "断層コード": "FH201DJ", "name": "中央構造線断層帯（紀淡海峡−鳴門海峡区間〜豊予海峡−由布院区間が同時に活動）（傾斜角90度）", "基準位置経度": "131.974", "基準位置緯度": "33.362", "上端深さ(km)": "4.0", "断層長さ(km)": "36.0", "断層幅(km)": "12.0", "走向角(度)": "246.4", "傾斜角(度)": "90.0", "平均ケース／平均活動間隔（年）": "-", "平均ケース／最新活動時期（年前）": "-", "平均ケース／30年発生確率": "0.0000000000", "平均ケース／50年発生確率": "0.0000000000", "確率過程": "同時活動モデル", "マグニチュード": "Mw7.8", "ばらつき": "-", "最大ケース／平均活動間隔（年）": "-999.0", "最大ケース／最新活動時期（年前）": "-", "最大ケース／30年発生確率": "0.0000000000", "最大ケース／50年発生確率": "0.0000000000" }, "geometry": { "type": "Polygon", "coordinates": [ [ [ 131.9732666015625, 33.358061612778869 ], [ 131.6162109375, 33.229498141449511 ], [ 131.9732666015625, 33.358061612778869 ] ] ] } },
{ "type": "Feature", "properties": { "断層面ID": "FH201DJ_00007", "断層コード": "FH201DJ", "name": "中央構造線断層帯（紀淡海峡−鳴門海峡区間〜豊予海峡−由布院区間が同時に活動）（傾斜角90度）", "基準位置経度": "131.630", "基準位置緯度": "33.246", "上端深さ(km)": "4.0", "断層長さ(km)": "16.0", "断層幅(km)": "12.0", "走向角(度)": "290.3", "傾斜角(度)": "70.0", "平均ケース／平均活動間隔（年）": "-", "平均ケース／最新活動時期（年前）": "-", "平均ケース／30年発生確率": "0.0000000000", "平均ケース／50年発生確率": "0.0000000000", "確率過程": "同時活動モデル", "マグニチュード": "Mw7.8", "ばらつき": "-", "最大ケース／平均活動間隔（年）": "-999.0", "最大ケース／最新活動時期（年前）": "-", "最大ケース／30年発生確率": "0.0000000000", "最大ケース／50年発生確率": "0.0000000000" }, "geometry": { "type": "Polygon", "coordinates": [ [ [ 131.627197265625, 33.243281858479477 ], [ 131.4678955078125, 33.293803558346596 ], [ 131.4788818359375, 33.330528249028077 ], [ 131.6436767578125, 33.280027811732154 ], [ 131.627197265625, 33.243281858479477 ] ] ] } },
{ "type": "Feature", "properties": { "断層面ID": "FH201DJ_00008", "断層コード": "FH201DJ", "name": "中央構造線断層帯（紀淡海峡−鳴門海峡区間〜豊予海峡−由布院区間が同時に活動）（傾斜角90度）", "基準位置経度": "131.459", "基準位置緯度": "33.296", "上端深さ(km)": "4.0", "断層長さ(km)": "14.0", "断層幅(km)": "12.0", "走向角(度)": "249.6", "傾斜角(度)": "70.0", "平均ケース／平均活動間隔（年）": "-", "平均ケース／最新活動時期（年前）": "-", "平均ケース／30年発生確率": "0.0000000000", "平均ケース／50年発生確率": "0.0000000000", "確率過程": "同時活動モデル", "マグニチュード": "Mw7.8", "ばらつき": "-", "最大ケース／平均活動間隔（年）": "-999.0", "最大ケース／最新活動時期（年前）": "-", "最大ケース／30年発生確率": "0.0000000000", "最大ケース／50年発生確率": "0.0000000000" }, "geometry": { "type": "Polygon", "coordinates": [ [ [ 131.4569091796875, 33.293803558346596 ], [ 131.3140869140625, 33.247875947924385 ], [ 131.297607421875, 33.284619968887682 ], [ 131.4404296875, 33.330528249028077 ], [ 131.4569091796875, 33.293803558346596 ] ] ] } },
{ "type": "Feature", "properties": { "断層面ID": "FM201AH_00004", "断層コード": "FM201AH", "name": "中央構造線断層帯（金剛山地東縁区間〜石鎚山脈北縁西部区間が同時に活動）（傾斜角40度）", "基準位置経度": "135.099", "基準位置緯度": "34.289", "上端深さ(km)": "4.0", "断層長さ(km)": "44.0", "断層幅(km)": "18.0", "走向角(度)": "258.5", "傾斜角(度)": "40.0", "平均ケース／平均活動間隔（年）": "-", "平均ケース／最新活動時期（年前）": "-", "平均ケース／30年発生確率": "0.0000000000", "平均ケース／50年発生確率": "0.0000000000", "確率過程": "同時活動モデル", "マグニチュード": "Mw7.8", "ばらつき": "-", "最大ケース／平均活動間隔（年）": "-999.0", "最大ケース／最新活動時期（年前）": "-", "最大ケース／30年発生確率": "0.0000000000", "最大ケース／50年発生確率": "0.0000000000" }, "geometry": { "type": "Polygon", "coordinates": [ [ [ 135.098876953125, 34.288991865037531 ], [ 134.62646484375, 34.207259382072309 ], [ 134.5989990234375, 34.329828328362026 ], [ 135.06591796875, 34.406909656520597 ], [ 135.098876953125, 34.288991865037531 ] ] ] } },
{ "type": "Feature", "properties": { "断層面ID": "FM201AH_00005", "断層コード": "FM201AH", "name": "中央構造線断層帯（金剛山地東縁区間〜石鎚山脈北縁西部区間が同時に活動）（傾斜角40度）", "基準位置経度": "134.642", "基準位置緯度": "34.219", "上端深さ(km)": "4.0", "断層長さ(km)": "54.0", "断層幅(km)": "18.0", "走向角(度)": "257.3", "傾斜角(度)": "40.0", "平均ケース／平均活動間隔（年）": "-", "平均ケース／最新活動時期（年前）": "-", "平均ケース／30年発生確率": "0.0000000000", "平均ケース／50年発生確率": "0.0000000000", "確率過程": "同時活動モデル", "マグニチュード": "Mw7.8", "ばらつき": "-", "最大ケース／平均活動間隔（年）": "-999.0", "最大ケース／最新活動時期（年前）": "-", "最大ケース／30年発生確率": "0.0000000000", "最大ケース／50年発生確率": "0.0000000000" }, "geometry": { "type": "Polygon", "coordinates": [ [ [ 134.637451171875, 34.216344688434631 ], [ 134.066162109375, 34.11180455556898 ], [ 134.033203125, 34.229970811273077 ], [ 134.6044921875, 34.338900400404995 ], [ 134.637451171875, 34.216344688434631 ] ] ] } },
{ "type": "Feature", "properties": { "断層面ID": "FM201AH_00006", "断層コード": "FM201AH", "name": "中央構造線断層帯（金剛山地東縁区間〜石鎚山脈北縁西部区間が同時に活動）（傾斜角40度）", "基準位置経度": "134.091", "基準位置緯度": "34.126", "上端深さ(km)": "4.0", "断層長さ(km)": "84.0", "断層幅(km)": "18.0", "走向角(度)": "255.8", "傾斜角(度)": "40.0", "平均ケース／平均活動間隔（年）": "-", "平均ケース／最新活動時期（年前）": "-", "平均ケース／30年発生確率": "0.0000000000", "平均ケース／50年発生確率": "0.0000000000", "確率過程": "同時活動モデル", "マグニチュード": "Mw7.8", "ばらつき": "-", "最大ケース／平均活動間隔（年）": "-999.0", "最大ケース／最新活動時期（年前）": "-", "最大ケース／30年発生確率": "0.0000000000", "最大ケース／50年発生確率": "0.0000000000" }, "geometry": { "type": "Polygon", "coordinates": [ [ [ 134.088134765625, 34.125447565116119 ], [ 133.2037353515625, 33.938802750845781 ], [ 133.1707763671875, 34.057210513510299 ], [ 134.0496826171875, 34.243594729697406 ], [ 134.088134765625, 34.125447565116119 ] ] ] } },
{ "type": "Feature", "properties": { "断層面ID": "FM201AH_00007", "断層コード": "FM201AH", "name": "中央構造線断層帯（金剛山地東縁区間〜石鎚山脈北縁西部区間が同時に活動）（傾斜角40度）", "基準位置経度": "133.234", "基準位置緯度": "33.928", "上端深さ(km)": "2.0", "断層長さ(km)": "42.0", "断層幅(km)": "18.0", "走向角(度)": "248.7", "傾斜角(度)": "40.0", "平均ケース／平均活動間隔（年）": "-", "平均ケース／最新活動時期（年前）": "-", "平均ケース／30年発生確率": "0.0000000000", "平均ケース／50年発生確率": "0.0000000000", "確率過程": "同時活動モデル", "マグニチュード": "Mw7.8", "ばらつき": "-", "最大ケース／平均活動間隔（年）": "-999.0", "最大ケース／最新活動時期（年前）": "-", "最大ケース／30年発生確率": "0.0000000000", "最大ケース／50年発生確率": "0.0000000000" }, "geometry": { "type": "Polygon", "coordinates": [ [ [ 133.231201171875, 33.925129700071992 ], [ 132.8082275390625, 33.788278536259966 ], [ 132.7532958984375, 33.902336404480678 ], [ 133.17626953125, 34.043556504127437 ], [ 133.231201171875, 33.925129700071992 ] ] ] } },
{ "type": "Feature", "properties": { "断層面ID": "FH201AH_00004", "断層コード": "FH201AH", "name": "中央構造線断層帯（金剛山地東縁区間〜石鎚山脈北縁西部区間が同時に活動）（傾斜角90度）", "基準位置経度": "135.119", "基準位置緯度": "34.248", "上端深さ(km)": "4.0", "断層長さ(km)": "46.0", "断層幅(km)": "12.0", "走向角(度)": "258.5", "傾斜角(度)": "90.0", "平均ケース／平均活動間隔（年）": "-", "平均ケース／最新活動時期（年前）": "-", "平均ケース／30年発生確率": "0.0000000000", "平均ケース／50年発生確率": "0.0000000000", "確率過程": "同時活動モデル", "マグニチュード": "Mw7.8", "ばらつき": "-", "最大ケース／平均活動間隔（年）": "-999.0", "最大ケース／最新活動時期（年前）": "-", "最大ケース／30年発生確率": "0.0000000000", "最大ケース／50年発生確率": "0.0000000000" }, "geometry": { "type": "Polygon", "coordinates": [ [ [ 135.1153564453125, 34.243594729697406 ], [ 134.62646484375, 34.161818161230386 ], [ 135.1153564453125, 34.243594729697406 ] ] ] } },
{ "type": "Feature", "properties": { "断層面ID": "FH201AH_00005", "断層コード": "FH201AH", "name": "中央構造線断層帯（金剛山地東縁区間〜石鎚山脈北縁西部区間が同時に活動）（傾斜角90度）", "基準位置経度": "134.664", "基準位置緯度": "34.179", "上端深さ(km)": "4.0", "断層長さ(km)": "56.0", "断層幅(km)": "12.0", "走向角(度)": "257.3", "傾斜角(度)": "90.0", "平均ケース／平均活動間隔（年）": "-", "平均ケース／最新活動時期（年前）": "-", "平均ケース／30年発生確率": "0.0000000000", "平均ケース／50年発生確率": "0.0000000000", "確率過程": "同時活動モデル", "マグニチュード": "Mw7.8", "ばらつき": "-", "最大ケース／平均活動間隔（年）": "-999.0", "最大ケース／最新活動時期（年前）": "-", "最大ケース／30年発生確率": "0.0000000000", "最大ケース／50年発生確率": "0.0000000000" }, "geometry": { "type": "Polygon", "coordinates": [ [ [ 134.659423828125, 34.175453097578526 ], [ 134.066162109375, 34.066311964721052 ], [ 134.659423828125, 34.175453097578526 ] ] ] } },
{ "type": "Feature", "properties": { "断層面ID": "FH201AH_00006", "断層コード": "FH201AH", "name": "中央構造線断層帯（金剛山地東縁区間〜石鎚山脈北縁西部区間が同時に活動）（傾斜角90度）", "基準位置経度": "134.114", "基準位置緯度": "34.086", "上端深さ(km)": "4.0", "断層長さ(km)": "86.0", "断層幅(km)": "12.0", "走向角(度)": "255.8", "傾斜角(度)": "90.0", "平均ケース／平均活動間隔（年）": "-", "平均ケース／最新活動時期（年前）": "-", "平均ケース／30年発生確率": "0.0000000000", "平均ケース／50年発生確率": "0.0000000000", "確率過程": "同時活動モデル", "マグニチュード": "Mw7.8", "ばらつき": "-", "最大ケース／平均活動間隔（年）": "-999.0", "最大ケース／最新活動時期（年前）": "-", "最大ケース／30年発生確率": "0.0000000000", "最大ケース／50年発生確率": "0.0000000000" }, "geometry": { "type": "Polygon", "coordinates": [ [ [ 134.110107421875, 34.084511934474762 ], [ 133.209228515625, 33.893217379440884 ], [ 134.110107421875, 34.084511934474762 ] ] ] } },
{ "type": "Feature", "properties": { "断層面ID": "FH201AH_00007", "断層コード": "FH201AH", "name": "中央構造線断層帯（金剛山地東縁区間〜石鎚山脈北縁西部区間が同時に活動）（傾斜角90度）", "基準位置経度": "133.255", "基準位置緯度": "33.934", "上端深さ(km)": "2.0", "断層長さ(km)": "46.0", "断層幅(km)": "14.0", "走向角(度)": "248.7", "傾斜角(度)": "90.0", "平均ケース／平均活動間隔（年）": "-", "平均ケース／最新活動時期（年前）": "-", "平均ケース／30年発生確率": "0.0000000000", "平均ケース／50年発生確率": "0.0000000000", "確率過程": "同時活動モデル", "マグニチュード": "Mw7.8", "ばらつき": "-", "最大ケース／平均活動間隔（年）": "-999.0", "最大ケース／最新活動時期（年前）": "-", "最大ケース／30年発生確率": "0.0000000000", "最大ケース／50年発生確率": "0.0000000000" }, "geometry": { "type": "Polygon", "coordinates": [ [ [ 133.253173828125, 33.929687627576598 ], [ 132.7862548828125, 33.779147331286467 ], [ 133.253173828125, 33.929687627576598 ] ] ] } },
{ "type": "Feature", "properties": { "断層面ID": "FM201BI_00003", "断層コード": "FM201BI", "name": "中央構造線断層帯（五条谷区間〜伊予灘区間が同時に活動）（傾斜角40度）", "基準位置経度": "135.099", "基準位置緯度": "34.289", "上端深さ(km)": "4.0", "断層長さ(km)": "44.0", "断層幅(km)": "18.0", "走向角(度)": "258.5", "傾斜角(度)": "40.0", "平均ケース／平均活動間隔（年）": "-", "平均ケース／最新活動時期（年前）": "-", "平均ケース／30年発生確率": "0.0000000000", "平均ケース／50年発生確率": "0.0000000000", "確率過程": "同時活動モデル", "マグニチュード": "Mw7.8", "ばらつき": "-", "最大ケース／平均活動間隔（年）": "-999.0", "最大ケース／最新活動時期（年前）": "-", "最大ケース／30年発生確率": "0.0000000000", "最大ケース／50年発生確率": "0.0000000000" }, "geometry": { "type": "Polygon", "coordinates": [ [ [ 135.098876953125, 34.288991865037531 ], [ 134.62646484375, 34.207259382072309 ], [ 134.5989990234375, 34.329828328362026 ], [ 135.06591796875, 34.406909656520597 ], [ 135.098876953125, 34.288991865037531 ] ] ] } },
{ "type": "Feature", "properties": { "断層面ID": "FM201BI_00004", "断層コード": "FM201BI", "name": "中央構造線断層帯（五条谷区間〜伊予灘区間が同時に活動）（傾斜角40度）", "基準位置経度": "134.642", "基準位置緯度": "34.219", "上端深さ(km)": "4.0", "断層長さ(km)": "54.0", "断層幅(km)": "18.0", "走向角(度)": "257.3", "傾斜角(度)": "40.0", "平均ケース／平均活動間隔（年）": "-", "平均ケース／最新活動時期（年前）": "-", "平均ケース／30年発生確率": "0.0000000000", "平均ケース／50年発生確率": "0.0000000000", "確率過程": "同時活動モデル", "マグニチュード": "Mw7.8", "ばらつき": "-", "最大ケース／平均活動間隔（年）": "-999.0", "最大ケース／最新活動時期（年前）": "-", "最大ケース／30年発生確率": "0.0000000000", "最大ケース／50年発生確率": "0.0000000000" }, "geometry": { "type": "Polygon", "coordinates": [ [ [ 134.637451171875, 34.216344688434631 ], [ 134.066162109375, 34.11180455556898 ], [ 134.033203125, 34.229970811273077 ], [ 134.6044921875, 34.338900400404995 ], [ 134.637451171875, 34.216344688434631 ] ] ] } },
{ "type": "Feature", "properties": { "断層面ID": "FM201BI_00005", "断層コード": "FM201BI", "name": "中央構造線断層帯（五条谷区間〜伊予灘区間が同時に活動）（傾斜角40度）", "基準位置経度": "134.091", "基準位置緯度": "34.126", "上端深さ(km)": "4.0", "断層長さ(km)": "84.0", "断層幅(km)": "18.0", "走向角(度)": "255.8", "傾斜角(度)": "40.0", "平均ケース／平均活動間隔（年）": "-", "平均ケース／最新活動時期（年前）": "-", "平均ケース／30年発生確率": "0.0000000000", "平均ケース／50年発生確率": "0.0000000000", "確率過程": "同時活動モデル", "マグニチュード": "Mw7.8", "ばらつき": "-", "最大ケース／平均活動間隔（年）": "-999.0", "最大ケース／最新活動時期（年前）": "-", "最大ケース／30年発生確率": "0.0000000000", "最大ケース／50年発生確率": "0.0000000000" }, "geometry": { "type": "Polygon", "coordinates": [ [ [ 134.088134765625, 34.125447565116119 ], [ 133.2037353515625, 33.938802750845781 ], [ 133.1707763671875, 34.057210513510299 ], [ 134.0496826171875, 34.243594729697406 ], [ 134.088134765625, 34.125447565116119 ] ] ] } },
{ "type": "Feature", "properties": { "断層面ID": "FM201BI_00006", "断層コード": "FM201BI", "name": "中央構造線断層帯（五条谷区間〜伊予灘区間が同時に活動）（傾斜角40度）", "基準位置経度": "133.234", "基準位置緯度": "33.928", "上端深さ(km)": "2.0", "断層長さ(km)": "42.0", "断層幅(km)": "18.0", "走向角(度)": "248.7", "傾斜角(度)": "40.0", "平均ケース／平均活動間隔（年）": "-", "平均ケース／最新活動時期（年前）": "-", "平均ケース／30年発生確率": "0.0000000000", "平均ケース／50年発生確率": "0.0000000000", "確率過程": "同時活動モデル", "マグニチュード": "Mw7.8", "ばらつき": "-", "最大ケース／平均活動間隔（年）": "-999.0", "最大ケース／最新活動時期（年前）": "-", "最大ケース／30年発生確率": "0.0000000000", "最大ケース／50年発生確率": "0.0000000000" }, "geometry": { "type": "Polygon", "coordinates": [ [ [ 133.231201171875, 33.925129700071992 ], [ 132.8082275390625, 33.788278536259966 ], [ 132.7532958984375, 33.902336404480678 ], [ 133.17626953125, 34.043556504127437 ], [ 133.231201171875, 33.925129700071992 ] ] ] } },
{ "type": "Feature", "properties": { "断層面ID": "FM201BI_00007", "断層コード": "FM201BI", "name": "中央構造線断層帯（五条谷区間〜伊予灘区間が同時に活動）（傾斜角40度）", "基準位置経度": "132.783", "基準位置緯度": "33.794", "上端深さ(km)": "4.0", "断層長さ(km)": "90.0", "断層幅(km)": "18.0", "走向角(度)": "240.7", "傾斜角(度)": "40.0", "平均ケース／平均活動間隔（年）": "-", "平均ケース／最新活動時期（年前）": "-", "平均ケース／30年発生確率": "0.0000000000", "平均ケース／50年発生確率": "0.0000000000", "確率過程": "同時活動モデル", "マグニチュード": "Mw7.8", "ばらつき": "-", "最大ケース／平均活動間隔（年）": "-999.0", "最大ケース／最新活動時期（年前）": "-", "最大ケース／30年発生確率": "0.0000000000", "最大ケース／50年発生確率": "0.0000000000" }, "geometry": { "type": "Polygon", "coordinates": [ [ [ 132.78076171875, 33.792843773631844 ], [ 131.934814453125, 33.394759218577988 ], [ 131.85791015625, 33.504759069226083 ], [ 132.7093505859375, 33.902336404480678 ], [ 132.78076171875, 33.792843773631844 ] ] ] } },
{ "type": "Feature", "properties": { "断層面ID": "FH201BI_00003", "断層コード": "FH201BI", "name": "中央構造線断層帯（五条谷区間〜伊予灘区間が同時に活動）（傾斜角90度）", "基準位置経度": "135.119", "基準位置緯度": "34.248", "上端深さ(km)": "4.0", "断層長さ(km)": "46.0", "断層幅(km)": "12.0", "走向角(度)": "258.5", "傾斜角(度)": "90.0", "平均ケース／平均活動間隔（年）": "-", "平均ケース／最新活動時期（年前）": "-", "平均ケース／30年発生確率": "0.0000000000", "平均ケース／50年発生確率": "0.0000000000", "確率過程": "同時活動モデル", "マグニチュード": "Mw7.8", "ばらつき": "-", "最大ケース／平均活動間隔（年）": "-999.0", "最大ケース／最新活動時期（年前）": "-", "最大ケース／30年発生確率": "0.0000000000", "最大ケース／50年発生確率": "0.0000000000" }, "geometry": { "type": "Polygon", "coordinates": [ [ [ 135.1153564453125, 34.243594729697406 ], [ 134.62646484375, 34.161818161230386 ], [ 135.1153564453125, 34.243594729697406 ] ] ] } },
{ "type": "Feature", "properties": { "断層面ID": "FH201BI_00004", "断層コード": "FH201BI", "name": "中央構造線断層帯（五条谷区間〜伊予灘区間が同時に活動）（傾斜角90度）", "基準位置経度": "134.664", "基準位置緯度": "34.179", "上端深さ(km)": "4.0", "断層長さ(km)": "56.0", "断層幅(km)": "12.0", "走向角(度)": "257.3", "傾斜角(度)": "90.0", "平均ケース／平均活動間隔（年）": "-", "平均ケース／最新活動時期（年前）": "-", "平均ケース／30年発生確率": "0.0000000000", "平均ケース／50年発生確率": "0.0000000000", "確率過程": "同時活動モデル", "マグニチュード": "Mw7.8", "ばらつき": "-", "最大ケース／平均活動間隔（年）": "-999.0", "最大ケース／最新活動時期（年前）": "-", "最大ケース／30年発生確率": "0.0000000000", "最大ケース／50年発生確率": "0.0000000000" }, "geometry": { "type": "Polygon", "coordinates": [ [ [ 134.659423828125, 34.175453097578526 ], [ 134.066162109375, 34.066311964721052 ], [ 134.659423828125, 34.175453097578526 ] ] ] } },
{ "type": "Feature", "properties": { "断層面ID": "FH201BI_00005", "断層コード": "FH201BI", "name": "中央構造線断層帯（五条谷区間〜伊予灘区間が同時に活動）（傾斜角90度）", "基準位置経度": "134.114", "基準位置緯度": "34.086", "上端深さ(km)": "4.0", "断層長さ(km)": "86.0", "断層幅(km)": "12.0", "走向角(度)": "255.8", "傾斜角(度)": "90.0", "平均ケース／平均活動間隔（年）": "-", "平均ケース／最新活動時期（年前）": "-", "平均ケース／30年発生確率": "0.0000000000", "平均ケース／50年発生確率": "0.0000000000", "確率過程": "同時活動モデル", "マグニチュード": "Mw7.8", "ばらつき": "-", "最大ケース／平均活動間隔（年）": "-999.0", "最大ケース／最新活動時期（年前）": "-", "最大ケース／30年発生確率": "0.0000000000", "最大ケース／50年発生確率": "0.0000000000" }, "geometry": { "type": "Polygon", "coordinates": [ [ [ 134.110107421875, 34.084511934474762 ], [ 133.209228515625, 33.893217379440884 ], [ 134.110107421875, 34.084511934474762 ] ] ] } },
{ "type": "Feature", "properties": { "断層面ID": "FH201BI_00006", "断層コード": "FH201BI", "name": "中央構造線断層帯（五条谷区間〜伊予灘区間が同時に活動）（傾斜角90度）", "基準位置経度": "133.255", "基準位置緯度": "33.934", "上端深さ(km)": "2.0", "断層長さ(km)": "46.0", "断層幅(km)": "14.0", "走向角(度)": "248.7", "傾斜角(度)": "90.0", "平均ケース／平均活動間隔（年）": "-", "平均ケース／最新活動時期（年前）": "-", "平均ケース／30年発生確率": "0.0000000000", "平均ケース／50年発生確率": "0.0000000000", "確率過程": "同時活動モデル", "マグニチュード": "Mw7.8", "ばらつき": "-", "最大ケース／平均活動間隔（年）": "-999.0", "最大ケース／最新活動時期（年前）": "-", "最大ケース／30年発生確率": "0.0000000000", "最大ケース／50年発生確率": "0.0000000000" }, "geometry": { "type": "Polygon", "coordinates": [ [ [ 133.253173828125, 33.929687627576598 ], [ 132.7862548828125, 33.779147331286467 ], [ 133.253173828125, 33.929687627576598 ] ] ] } },
{ "type": "Feature", "properties": { "断層面ID": "FH201BI_00007", "断層コード": "FH201BI", "name": "中央構造線断層帯（五条谷区間〜伊予灘区間が同時に活動）（傾斜角90度）", "基準位置経度": "132.805", "基準位置緯度": "33.779", "上端深さ(km)": "4.0", "断層長さ(km)": "92.0", "断層幅(km)": "12.0", "走向角(度)": "240.7", "傾斜角(度)": "90.0", "平均ケース／平均活動間隔（年）": "-", "平均ケース／最新活動時期（年前）": "-", "平均ケース／30年発生確率": "0.0000000000", "平均ケース／50年発生確率": "0.0000000000", "確率過程": "同時活動モデル", "マグニチュード": "Mw7.8", "ばらつき": "-", "最大ケース／平均活動間隔（年）": "-999.0", "最大ケース／最新活動時期（年前）": "-", "最大ケース／30年発生確率": "0.0000000000", "最大ケース／50年発生確率": "0.0000000000" }, "geometry": { "type": "Polygon", "coordinates": [ [ [ 132.802734375, 33.774581363716891 ], [ 131.934814453125, 33.371825029507249 ], [ 132.802734375, 33.774581363716891 ] ] ] } },
{ "type": "Feature", "properties": { "断層面ID": "FM201CJ_00002", "断層コード": "FM201CJ", "name": "中央構造線断層帯（根来区間〜豊予海峡−由布院区間が同時に活動）（傾斜角40度）", "基準位置経度": "135.099", "基準位置緯度": "34.289", "上端深さ(km)": "4.0", "断層長さ(km)": "44.0", "断層幅(km)": "18.0", "走向角(度)": "258.5", "傾斜角(度)": "40.0", "平均ケース／平均活動間隔（年）": "-", "平均ケース／最新活動時期（年前）": "-", "平均ケース／30年発生確率": "0.0000000000", "平均ケース／50年発生確率": "0.0000000000", "確率過程": "同時活動モデル", "マグニチュード": "Mw7.8", "ばらつき": "-", "最大ケース／平均活動間隔（年）": "-999.0", "最大ケース／最新活動時期（年前）": "-", "最大ケース／30年発生確率": "0.0000000000", "最大ケース／50年発生確率": "0.0000000000" }, "geometry": { "type": "Polygon", "coordinates": [ [ [ 135.098876953125, 34.288991865037531 ], [ 134.62646484375, 34.207259382072309 ], [ 134.5989990234375, 34.329828328362026 ], [ 135.06591796875, 34.406909656520597 ], [ 135.098876953125, 34.288991865037531 ] ] ] } },
{ "type": "Feature", "properties": { "断層面ID": "FM201CJ_00003", "断層コード": "FM201CJ", "name": "中央構造線断層帯（根来区間〜豊予海峡−由布院区間が同時に活動）（傾斜角40度）", "基準位置経度": "134.642", "基準位置緯度": "34.219", "上端深さ(km)": "4.0", "断層長さ(km)": "54.0", "断層幅(km)": "18.0", "走向角(度)": "257.3", "傾斜角(度)": "40.0", "平均ケース／平均活動間隔（年）": "-", "平均ケース／最新活動時期（年前）": "-", "平均ケース／30年発生確率": "0.0000000000", "平均ケース／50年発生確率": "0.0000000000", "確率過程": "同時活動モデル", "マグニチュード": "Mw7.8", "ばらつき": "-", "最大ケース／平均活動間隔（年）": "-999.0", "最大ケース／最新活動時期（年前）": "-", "最大ケース／30年発生確率": "0.0000000000", "最大ケース／50年発生確率": "0.0000000000" }, "geometry": { "type": "Polygon", "coordinates": [ [ [ 134.637451171875, 34.216344688434631 ], [ 134.066162109375, 34.11180455556898 ], [ 134.033203125, 34.229970811273077 ], [ 134.6044921875, 34.338900400404995 ], [ 134.637451171875, 34.216344688434631 ] ] ] } },
{ "type": "Feature", "properties": { "断層面ID": "FM201CJ_00004", "断層コード": "FM201CJ", "name": "中央構造線断層帯（根来区間〜豊予海峡−由布院区間が同時に活動）（傾斜角40度）", "基準位置経度": "134.091", "基準位置緯度": "34.126", "上端深さ(km)": "4.0", "断層長さ(km)": "84.0", "断層幅(km)": "18.0", "走向角(度)": "255.8", "傾斜角(度)": "40.0", "平均ケース／平均活動間隔（年）": "-", "平均ケース／最新活動時期（年前）": "-", "平均ケース／30年発生確率": "0.0000000000", "平均ケース／50年発生確率": "0.0000000000", "確率過程": "同時活動モデル", "マグニチュード": "Mw7.8", "ばらつき": "-", "最大ケース／平均活動間隔（年）": "-999.0", "最大ケース／最新活動時期（年前）": "-", "最大ケース／30年発生確率": "0.0000000000", "最大ケース／50年発生確率": "0.0000000000" }, "geometry": { "type": "Polygon", "coordinates": [ [ [ 134.088134765625, 34.125447565116119 ], [ 133.2037353515625, 33.938802750845781 ], [ 133.1707763671875, 34.057210513510299 ], [ 134.0496826171875, 34.243594729697406 ], [ 134.088134765625, 34.125447565116119 ] ] ] } },
{ "type": "Feature", "properties": { "断層面ID": "FM201CJ_00005", "断層コード": "FM201CJ", "name": "中央構造線断層帯（根来区間〜豊予海峡−由布院区間が同時に活動）（傾斜角40度）", "基準位置経度": "133.234", "基準位置緯度": "33.928", "上端深さ(km)": "2.0", "断層長さ(km)": "42.0", "断層幅(km)": "18.0", "走向角(度)": "248.7", "傾斜角(度)": "40.0", "平均ケース／平均活動間隔（年）": "-", "平均ケース／最新活動時期（年前）": "-", "平均ケース／30年発生確率": "0.0000000000", "平均ケース／50年発生確率": "0.0000000000", "確率過程": "同時活動モデル", "マグニチュード": "Mw7.8", "ばらつき": "-", "最大ケース／平均活動間隔（年）": "-999.0", "最大ケース／最新活動時期（年前）": "-", "最大ケース／30年発生確率": "0.0000000000", "最大ケース／50年発生確率": "0.0000000000" }, "geometry": { "type": "Polygon", "coordinates": [ [ [ 133.231201171875, 33.925129700071992 ], [ 132.8082275390625, 33.788278536259966 ], [ 132.7532958984375, 33.902336404480678 ], [ 133.17626953125, 34.043556504127437 ], [ 133.231201171875, 33.925129700071992 ] ] ] } },
{ "type": "Feature", "properties": { "断層面ID": "FM201CJ_00006", "断層コード": "FM201CJ", "name": "中央構造線断層帯（根来区間〜豊予海峡−由布院区間が同時に活動）（傾斜角40度）", "基準位置経度": "132.783", "基準位置緯度": "33.794", "上端深さ(km)": "4.0", "断層長さ(km)": "90.0", "断層幅(km)": "18.0", "走向角(度)": "240.7", "傾斜角(度)": "40.0", "平均ケース／平均活動間隔（年）": "-", "平均ケース／最新活動時期（年前）": "-", "平均ケース／30年発生確率": "0.0000000000", "平均ケース／50年発生確率": "0.0000000000", "確率過程": "同時活動モデル", "マグニチュード": "Mw7.8", "ばらつき": "-", "最大ケース／平均活動間隔（年）": "-999.0", "最大ケース／最新活動時期（年前）": "-", "最大ケース／30年発生確率": "0.0000000000", "最大ケース／50年発生確率": "0.0000000000" }, "geometry": { "type": "Polygon", "coordinates": [ [ [ 132.78076171875, 33.792843773631844 ], [ 131.934814453125, 33.394759218577988 ], [ 131.85791015625, 33.504759069226083 ], [ 132.7093505859375, 33.902336404480678 ], [ 132.78076171875, 33.792843773631844 ] ] ] } },
{ "type": "Feature", "properties": { "断層面ID": "FM201CJ_00007", "断層コード": "FM201CJ", "name": "中央構造線断層帯（根来区間〜豊予海峡−由布院区間が同時に活動）（傾斜角40度）", "基準位置経度": "131.963", "基準位置緯度": "33.382", "上端深さ(km)": "4.0", "断層長さ(km)": "36.0", "断層幅(km)": "20.0", "走向角(度)": "246.4", "傾斜角(度)": "40.0", "平均ケース／平均活動間隔（年）": "-", "平均ケース／最新活動時期（年前）": "-", "平均ケース／30年発生確率": "0.0000000000", "平均ケース／50年発生確率": "0.0000000000", "確率過程": "同時活動モデル", "マグニチュード": "Mw7.8", "ばらつき": "-", "最大ケース／平均活動間隔（年）": "-999.0", "最大ケース／最新活動時期（年前）": "-", "最大ケース／30年発生確率": "0.0000000000", "最大ケース／50年発生確率": "0.0000000000" }, "geometry": { "type": "Polygon", "coordinates": [ [ [ 131.9622802734375, 33.380999431040266 ], [ 131.605224609375, 33.247875947924385 ], [ 131.539306640625, 33.376412351246771 ], [ 131.8963623046875, 33.504759069226083 ], [ 131.9622802734375, 33.380999431040266 ] ] ] } },
{ "type": "Feature", "properties": { "断層面ID": "FM201CJ_00008", "断層コード": "FM201CJ", "name": "中央構造線断層帯（根来区間〜豊予海峡−由布院区間が同時に活動）（傾斜角40度）", "基準位置経度": "131.630", "基準位置緯度": "33.246", "上端深さ(km)": "4.0", "断層長さ(km)": "16.0", "断層幅(km)": "12.0", "走向角(度)": "290.3", "傾斜角(度)": "70.0", "平均ケース／平均活動間隔（年）": "-", "平均ケース／最新活動時期（年前）": "-", "平均ケース／30年発生確率": "0.0000000000", "平均ケース／50年発生確率": "0.0000000000", "確率過程": "同時活動モデル", "マグニチュード": "Mw7.8", "ばらつき": "-", "最大ケース／平均活動間隔（年）": "-999.0", "最大ケース／最新活動時期（年前）": "-", "最大ケース／30年発生確率": "0.0000000000", "最大ケース／50年発生確率": "0.0000000000" }, "geometry": { "type": "Polygon", "coordinates": [ [ [ 131.627197265625, 33.243281858479477 ], [ 131.4678955078125, 33.293803558346596 ], [ 131.4788818359375, 33.330528249028077 ], [ 131.6436767578125, 33.280027811732154 ], [ 131.627197265625, 33.243281858479477 ] ] ] } },
{ "type": "Feature", "properties": { "断層面ID": "FM201CJ_00009", "断層コード": "FM201CJ", "name": "中央構造線断層帯（根来区間〜豊予海峡−由布院区間が同時に活動）（傾斜角40度）", "基準位置経度": "131.459", "基準位置緯度": "33.296", "上端深さ(km)": "4.0", "断層長さ(km)": "14.0", "断層幅(km)": "12.0", "走向角(度)": "249.6", "傾斜角(度)": "70.0", "平均ケース／平均活動間隔（年）": "-", "平均ケース／最新活動時期（年前）": "-", "平均ケース／30年発生確率": "0.0000000000", "平均ケース／50年発生確率": "0.0000000000", "確率過程": "同時活動モデル", "マグニチュード": "Mw7.8", "ばらつき": "-", "最大ケース／平均活動間隔（年）": "-999.0", "最大ケース／最新活動時期（年前）": "-", "最大ケース／30年発生確率": "0.0000000000", "最大ケース／50年発生確率": "0.0000000000" }, "geometry": { "type": "Polygon", "coordinates": [ [ [ 131.4569091796875, 33.293803558346596 ], [ 131.3140869140625, 33.247875947924385 ], [ 131.297607421875, 33.284619968887682 ], [ 131.4404296875, 33.330528249028077 ], [ 131.4569091796875, 33.293803558346596 ] ] ] } },
{ "type": "Feature", "properties": { "断層面ID": "FH201CJ_00002", "断層コード": "FH201CJ", "name": "中央構造線断層帯（根来区間〜豊予海峡−由布院区間が同時に活動）（傾斜角90度）", "基準位置経度": "135.119", "基準位置緯度": "34.248", "上端深さ(km)": "4.0", "断層長さ(km)": "46.0", "断層幅(km)": "12.0", "走向角(度)": "258.5", "傾斜角(度)": "90.0", "平均ケース／平均活動間隔（年）": "-", "平均ケース／最新活動時期（年前）": "-", "平均ケース／30年発生確率": "0.0000000000", "平均ケース／50年発生確率": "0.0000000000", "確率過程": "同時活動モデル", "マグニチュード": "Mw7.8", "ばらつき": "-", "最大ケース／平均活動間隔（年）": "-999.0", "最大ケース／最新活動時期（年前）": "-", "最大ケース／30年発生確率": "0.0000000000", "最大ケース／50年発生確率": "0.0000000000" }, "geometry": { "type": "Polygon", "coordinates": [ [ [ 135.1153564453125, 34.243594729697406 ], [ 134.62646484375, 34.161818161230386 ], [ 135.1153564453125, 34.243594729697406 ] ] ] } },
{ "type": "Feature", "properties": { "断層面ID": "FH201CJ_00003", "断層コード": "FH201CJ", "name": "中央構造線断層帯（根来区間〜豊予海峡−由布院区間が同時に活動）（傾斜角90度）", "基準位置経度": "134.664", "基準位置緯度": "34.179", "上端深さ(km)": "4.0", "断層長さ(km)": "56.0", "断層幅(km)": "12.0", "走向角(度)": "257.3", "傾斜角(度)": "90.0", "平均ケース／平均活動間隔（年）": "-", "平均ケース／最新活動時期（年前）": "-", "平均ケース／30年発生確率": "0.0000000000", "平均ケース／50年発生確率": "0.0000000000", "確率過程": "同時活動モデル", "マグニチュード": "Mw7.8", "ばらつき": "-", "最大ケース／平均活動間隔（年）": "-999.0", "最大ケース／最新活動時期（年前）": "-", "最大ケース／30年発生確率": "0.0000000000", "最大ケース／50年発生確率": "0.0000000000" }, "geometry": { "type": "Polygon", "coordinates": [ [ [ 134.659423828125, 34.175453097578526 ], [ 134.066162109375, 34.066311964721052 ], [ 134.659423828125, 34.175453097578526 ] ] ] } },
{ "type": "Feature", "properties": { "断層面ID": "FH201CJ_00004", "断層コード": "FH201CJ", "name": "中央構造線断層帯（根来区間〜豊予海峡−由布院区間が同時に活動）（傾斜角90度）", "基準位置経度": "134.114", "基準位置緯度": "34.086", "上端深さ(km)": "4.0", "断層長さ(km)": "86.0", "断層幅(km)": "12.0", "走向角(度)": "255.8", "傾斜角(度)": "90.0", "平均ケース／平均活動間隔（年）": "-", "平均ケース／最新活動時期（年前）": "-", "平均ケース／30年発生確率": "0.0000000000", "平均ケース／50年発生確率": "0.0000000000", "確率過程": "同時活動モデル", "マグニチュード": "Mw7.8", "ばらつき": "-", "最大ケース／平均活動間隔（年）": "-999.0", "最大ケース／最新活動時期（年前）": "-", "最大ケース／30年発生確率": "0.0000000000", "最大ケース／50年発生確率": "0.0000000000" }, "geometry": { "type": "Polygon", "coordinates": [ [ [ 134.110107421875, 34.084511934474762 ], [ 133.209228515625, 33.893217379440884 ], [ 134.110107421875, 34.084511934474762 ] ] ] } },
{ "type": "Feature", "properties": { "断層面ID": "FH201CJ_00005", "断層コード": "FH201CJ", "name": "中央構造線断層帯（根来区間〜豊予海峡−由布院区間が同時に活動）（傾斜角90度）", "基準位置経度": "133.255", "基準位置緯度": "33.934", "上端深さ(km)": "2.0", "断層長さ(km)": "46.0", "断層幅(km)": "14.0", "走向角(度)": "248.7", "傾斜角(度)": "90.0", "平均ケース／平均活動間隔（年）": "-", "平均ケース／最新活動時期（年前）": "-", "平均ケース／30年発生確率": "0.0000000000", "平均ケース／50年発生確率": "0.0000000000", "確率過程": "同時活動モデル", "マグニチュード": "Mw7.8", "ばらつき": "-", "最大ケース／平均活動間隔（年）": "-999.0", "最大ケース／最新活動時期（年前）": "-", "最大ケース／30年発生確率": "0.0000000000", "最大ケース／50年発生確率": "0.0000000000" }, "geometry": { "type": "Polygon", "coordinates": [ [ [ 133.253173828125, 33.929687627576598 ], [ 132.7862548828125, 33.779147331286467 ], [ 133.253173828125, 33.929687627576598 ] ] ] } },
{ "type": "Feature", "properties": { "断層面ID": "FH201CJ_00006", "断層コード": "FH201CJ", "name": "中央構造線断層帯（根来区間〜豊予海峡−由布院区間が同時に活動）（傾斜角90度）", "基準位置経度": "132.805", "基準位置緯度": "33.779", "上端深さ(km)": "4.0", "断層長さ(km)": "92.0", "断層幅(km)": "12.0", "走向角(度)": "240.7", "傾斜角(度)": "90.0", "平均ケース／平均活動間隔（年）": "-", "平均ケース／最新活動時期（年前）": "-", "平均ケース／30年発生確率": "0.0000000000", "平均ケース／50年発生確率": "0.0000000000", "確率過程": "同時活動モデル", "マグニチュード": "Mw7.8", "ばらつき": "-", "最大ケース／平均活動間隔（年）": "-999.0", "最大ケース／最新活動時期（年前）": "-", "最大ケース／30年発生確率": "0.0000000000", "最大ケース／50年発生確率": "0.0000000000" }, "geometry": { "type": "Polygon", "coordinates": [ [ [ 132.802734375, 33.774581363716891 ], [ 131.934814453125, 33.371825029507249 ], [ 132.802734375, 33.774581363716891 ] ] ] } },
{ "type": "Feature", "properties": { "断層面ID": "FH201CJ_00007", "断層コード": "FH201CJ", "name": "中央構造線断層帯（根来区間〜豊予海峡−由布院区間が同時に活動）（傾斜角90度）", "基準位置経度": "131.974", "基準位置緯度": "33.362", "上端深さ(km)": "4.0", "断層長さ(km)": "36.0", "断層幅(km)": "12.0", "走向角(度)": "246.4", "傾斜角(度)": "90.0", "平均ケース／平均活動間隔（年）": "-", "平均ケース／最新活動時期（年前）": "-", "平均ケース／30年発生確率": "0.0000000000", "平均ケース／50年発生確率": "0.0000000000", "確率過程": "同時活動モデル", "マグニチュード": "Mw7.8", "ばらつき": "-", "最大ケース／平均活動間隔（年）": "-999.0", "最大ケース／最新活動時期（年前）": "-", "最大ケース／30年発生確率": "0.0000000000", "最大ケース／50年発生確率": "0.0000000000" }, "geometry": { "type": "Polygon", "coordinates": [ [ [ 131.9732666015625, 33.358061612778869 ], [ 131.6162109375, 33.229498141449511 ], [ 131.9732666015625, 33.358061612778869 ] ] ] } },
{ "type": "Feature", "properties": { "断層面ID": "FH201CJ_00008", "断層コード": "FH201CJ", "name": "中央構造線断層帯（根来区間〜豊予海峡−由布院区間が同時に活動）（傾斜角90度）", "基準位置経度": "131.630", "基準位置緯度": "33.246", "上端深さ(km)": "4.0", "断層長さ(km)": "16.0", "断層幅(km)": "12.0", "走向角(度)": "290.3", "傾斜角(度)": "70.0", "平均ケース／平均活動間隔（年）": "-", "平均ケース／最新活動時期（年前）": "-", "平均ケース／30年発生確率": "0.0000000000", "平均ケース／50年発生確率": "0.0000000000", "確率過程": "同時活動モデル", "マグニチュード": "Mw7.8", "ばらつき": "-", "最大ケース／平均活動間隔（年）": "-999.0", "最大ケース／最新活動時期（年前）": "-", "最大ケース／30年発生確率": "0.0000000000", "最大ケース／50年発生確率": "0.0000000000" }, "geometry": { "type": "Polygon", "coordinates": [ [ [ 131.627197265625, 33.243281858479477 ], [ 131.4678955078125, 33.293803558346596 ], [ 131.4788818359375, 33.330528249028077 ], [ 131.6436767578125, 33.280027811732154 ], [ 131.627197265625, 33.243281858479477 ] ] ] } },
{ "type": "Feature", "properties": { "断層面ID": "FH201CJ_00009", "断層コード": "FH201CJ", "name": "中央構造線断層帯（根来区間〜豊予海峡−由布院区間が同時に活動）（傾斜角90度）", "基準位置経度": "131.459", "基準位置緯度": "33.296", "上端深さ(km)": "4.0", "断層長さ(km)": "14.0", "断層幅(km)": "12.0", "走向角(度)": "249.6", "傾斜角(度)": "70.0", "平均ケース／平均活動間隔（年）": "-", "平均ケース／最新活動時期（年前）": "-", "平均ケース／30年発生確率": "0.0000000000", "平均ケース／50年発生確率": "0.0000000000", "確率過程": "同時活動モデル", "マグニチュード": "Mw7.8", "ばらつき": "-", "最大ケース／平均活動間隔（年）": "-999.0", "最大ケース／最新活動時期（年前）": "-", "最大ケース／30年発生確率": "0.0000000000", "最大ケース／50年発生確率": "0.0000000000" }, "geometry": { "type": "Polygon", "coordinates": [ [ [ 131.4569091796875, 33.293803558346596 ], [ 131.3140869140625, 33.247875947924385 ], [ 131.297607421875, 33.284619968887682 ], [ 131.4404296875, 33.330528249028077 ], [ 131.4569091796875, 33.293803558346596 ] ] ] } },
{ "type": "Feature", "properties": { "断層面ID": "FM201AI_00004", "断層コード": "FM201AI", "name": "中央構造線断層帯（金剛山地東縁区間〜伊予灘区間が同時に活動）（傾斜角40度）", "基準位置経度": "135.099", "基準位置緯度": "34.289", "上端深さ(km)": "4.0", "断層長さ(km)": "44.0", "断層幅(km)": "18.0", "走向角(度)": "258.5", "傾斜角(度)": "40.0", "平均ケース／平均活動間隔（年）": "-", "平均ケース／最新活動時期（年前）": "-", "平均ケース／30年発生確率": "0.0000000000", "平均ケース／50年発生確率": "0.0000000000", "確率過程": "同時活動モデル", "マグニチュード": "Mw7.8", "ばらつき": "-", "最大ケース／平均活動間隔（年）": "-999.0", "最大ケース／最新活動時期（年前）": "-", "最大ケース／30年発生確率": "0.0000000000", "最大ケース／50年発生確率": "0.0000000000" }, "geometry": { "type": "Polygon", "coordinates": [ [ [ 135.098876953125, 34.288991865037531 ], [ 134.62646484375, 34.207259382072309 ], [ 134.5989990234375, 34.329828328362026 ], [ 135.06591796875, 34.406909656520597 ], [ 135.098876953125, 34.288991865037531 ] ] ] } },
{ "type": "Feature", "properties": { "断層面ID": "FM201AI_00005", "断層コード": "FM201AI", "name": "中央構造線断層帯（金剛山地東縁区間〜伊予灘区間が同時に活動）（傾斜角40度）", "基準位置経度": "134.642", "基準位置緯度": "34.219", "上端深さ(km)": "4.0", "断層長さ(km)": "54.0", "断層幅(km)": "18.0", "走向角(度)": "257.3", "傾斜角(度)": "40.0", "平均ケース／平均活動間隔（年）": "-", "平均ケース／最新活動時期（年前）": "-", "平均ケース／30年発生確率": "0.0000000000", "平均ケース／50年発生確率": "0.0000000000", "確率過程": "同時活動モデル", "マグニチュード": "Mw7.8", "ばらつき": "-", "最大ケース／平均活動間隔（年）": "-999.0", "最大ケース／最新活動時期（年前）": "-", "最大ケース／30年発生確率": "0.0000000000", "最大ケース／50年発生確率": "0.0000000000" }, "geometry": { "type": "Polygon", "coordinates": [ [ [ 134.637451171875, 34.216344688434631 ], [ 134.066162109375, 34.11180455556898 ], [ 134.033203125, 34.229970811273077 ], [ 134.6044921875, 34.338900400404995 ], [ 134.637451171875, 34.216344688434631 ] ] ] } },
{ "type": "Feature", "properties": { "断層面ID": "FM201AI_00006", "断層コード": "FM201AI", "name": "中央構造線断層帯（金剛山地東縁区間〜伊予灘区間が同時に活動）（傾斜角40度）", "基準位置経度": "134.091", "基準位置緯度": "34.126", "上端深さ(km)": "4.0", "断層長さ(km)": "84.0", "断層幅(km)": "18.0", "走向角(度)": "255.8", "傾斜角(度)": "40.0", "平均ケース／平均活動間隔（年）": "-", "平均ケース／最新活動時期（年前）": "-", "平均ケース／30年発生確率": "0.0000000000", "平均ケース／50年発生確率": "0.0000000000", "確率過程": "同時活動モデル", "マグニチュード": "Mw7.8", "ばらつき": "-", "最大ケース／平均活動間隔（年）": "-999.0", "最大ケース／最新活動時期（年前）": "-", "最大ケース／30年発生確率": "0.0000000000", "最大ケース／50年発生確率": "0.0000000000" }, "geometry": { "type": "Polygon", "coordinates": [ [ [ 134.088134765625, 34.125447565116119 ], [ 133.2037353515625, 33.938802750845781 ], [ 133.1707763671875, 34.057210513510299 ], [ 134.0496826171875, 34.243594729697406 ], [ 134.088134765625, 34.125447565116119 ] ] ] } },
{ "type": "Feature", "properties": { "断層面ID": "FM201AI_00007", "断層コード": "FM201AI", "name": "中央構造線断層帯（金剛山地東縁区間〜伊予灘区間が同時に活動）（傾斜角40度）", "基準位置経度": "133.234", "基準位置緯度": "33.928", "上端深さ(km)": "2.0", "断層長さ(km)": "42.0", "断層幅(km)": "18.0", "走向角(度)": "248.7", "傾斜角(度)": "40.0", "平均ケース／平均活動間隔（年）": "-", "平均ケース／最新活動時期（年前）": "-", "平均ケース／30年発生確率": "0.0000000000", "平均ケース／50年発生確率": "0.0000000000", "確率過程": "同時活動モデル", "マグニチュード": "Mw7.8", "ばらつき": "-", "最大ケース／平均活動間隔（年）": "-999.0", "最大ケース／最新活動時期（年前）": "-", "最大ケース／30年発生確率": "0.0000000000", "最大ケース／50年発生確率": "0.0000000000" }, "geometry": { "type": "Polygon", "coordinates": [ [ [ 133.231201171875, 33.925129700071992 ], [ 132.8082275390625, 33.788278536259966 ], [ 132.7532958984375, 33.902336404480678 ], [ 133.17626953125, 34.043556504127437 ], [ 133.231201171875, 33.925129700071992 ] ] ] } },
{ "type": "Feature", "properties": { "断層面ID": "FM201AI_00008", "断層コード": "FM201AI", "name": "中央構造線断層帯（金剛山地東縁区間〜伊予灘区間が同時に活動）（傾斜角40度）", "基準位置経度": "132.783", "基準位置緯度": "33.794", "上端深さ(km)": "4.0", "断層長さ(km)": "90.0", "断層幅(km)": "18.0", "走向角(度)": "240.7", "傾斜角(度)": "40.0", "平均ケース／平均活動間隔（年）": "-", "平均ケース／最新活動時期（年前）": "-", "平均ケース／30年発生確率": "0.0000000000", "平均ケース／50年発生確率": "0.0000000000", "確率過程": "同時活動モデル", "マグニチュード": "Mw7.8", "ばらつき": "-", "最大ケース／平均活動間隔（年）": "-999.0", "最大ケース／最新活動時期（年前）": "-", "最大ケース／30年発生確率": "0.0000000000", "最大ケース／50年発生確率": "0.0000000000" }, "geometry": { "type": "Polygon", "coordinates": [ [ [ 132.78076171875, 33.792843773631844 ], [ 131.934814453125, 33.394759218577988 ], [ 131.85791015625, 33.504759069226083 ], [ 132.7093505859375, 33.902336404480678 ], [ 132.78076171875, 33.792843773631844 ] ] ] } },
{ "type": "Feature", "properties": { "断層面ID": "FH201AI_00004", "断層コード": "FH201AI", "name": "中央構造線断層帯（金剛山地東縁区間〜伊予灘区間が同時に活動）（傾斜角90度）", "基準位置経度": "135.119", "基準位置緯度": "34.248", "上端深さ(km)": "4.0", "断層長さ(km)": "46.0", "断層幅(km)": "12.0", "走向角(度)": "258.5", "傾斜角(度)": "90.0", "平均ケース／平均活動間隔（年）": "-", "平均ケース／最新活動時期（年前）": "-", "平均ケース／30年発生確率": "0.0000000000", "平均ケース／50年発生確率": "0.0000000000", "確率過程": "同時活動モデル", "マグニチュード": "Mw7.8", "ばらつき": "-", "最大ケース／平均活動間隔（年）": "-999.0", "最大ケース／最新活動時期（年前）": "-", "最大ケース／30年発生確率": "0.0000000000", "最大ケース／50年発生確率": "0.0000000000" }, "geometry": { "type": "Polygon", "coordinates": [ [ [ 135.1153564453125, 34.243594729697406 ], [ 134.62646484375, 34.161818161230386 ], [ 135.1153564453125, 34.243594729697406 ] ] ] } },
{ "type": "Feature", "properties": { "断層面ID": "FH201AI_00005", "断層コード": "FH201AI", "name": "中央構造線断層帯（金剛山地東縁区間〜伊予灘区間が同時に活動）（傾斜角90度）", "基準位置経度": "134.664", "基準位置緯度": "34.179", "上端深さ(km)": "4.0", "断層長さ(km)": "56.0", "断層幅(km)": "12.0", "走向角(度)": "257.3", "傾斜角(度)": "90.0", "平均ケース／平均活動間隔（年）": "-", "平均ケース／最新活動時期（年前）": "-", "平均ケース／30年発生確率": "0.0000000000", "平均ケース／50年発生確率": "0.0000000000", "確率過程": "同時活動モデル", "マグニチュード": "Mw7.8", "ばらつき": "-", "最大ケース／平均活動間隔（年）": "-999.0", "最大ケース／最新活動時期（年前）": "-", "最大ケース／30年発生確率": "0.0000000000", "最大ケース／50年発生確率": "0.0000000000" }, "geometry": { "type": "Polygon", "coordinates": [ [ [ 134.659423828125, 34.175453097578526 ], [ 134.066162109375, 34.066311964721052 ], [ 134.659423828125, 34.175453097578526 ] ] ] } },
{ "type": "Feature", "properties": { "断層面ID": "FH201AI_00006", "断層コード": "FH201AI", "name": "中央構造線断層帯（金剛山地東縁区間〜伊予灘区間が同時に活動）（傾斜角90度）", "基準位置経度": "134.114", "基準位置緯度": "34.086", "上端深さ(km)": "4.0", "断層長さ(km)": "86.0", "断層幅(km)": "12.0", "走向角(度)": "255.8", "傾斜角(度)": "90.0", "平均ケース／平均活動間隔（年）": "-", "平均ケース／最新活動時期（年前）": "-", "平均ケース／30年発生確率": "0.0000000000", "平均ケース／50年発生確率": "0.0000000000", "確率過程": "同時活動モデル", "マグニチュード": "Mw7.8", "ばらつき": "-", "最大ケース／平均活動間隔（年）": "-999.0", "最大ケース／最新活動時期（年前）": "-", "最大ケース／30年発生確率": "0.0000000000", "最大ケース／50年発生確率": "0.0000000000" }, "geometry": { "type": "Polygon", "coordinates": [ [ [ 134.110107421875, 34.084511934474762 ], [ 133.209228515625, 33.893217379440884 ], [ 134.110107421875, 34.084511934474762 ] ] ] } },
{ "type": "Feature", "properties": { "断層面ID": "FH201AI_00007", "断層コード": "FH201AI", "name": "中央構造線断層帯（金剛山地東縁区間〜伊予灘区間が同時に活動）（傾斜角90度）", "基準位置経度": "133.255", "基準位置緯度": "33.934", "上端深さ(km)": "2.0", "断層長さ(km)": "46.0", "断層幅(km)": "14.0", "走向角(度)": "248.7", "傾斜角(度)": "90.0", "平均ケース／平均活動間隔（年）": "-", "平均ケース／最新活動時期（年前）": "-", "平均ケース／30年発生確率": "0.0000000000", "平均ケース／50年発生確率": "0.0000000000", "確率過程": "同時活動モデル", "マグニチュード": "Mw7.8", "ばらつき": "-", "最大ケース／平均活動間隔（年）": "-999.0", "最大ケース／最新活動時期（年前）": "-", "最大ケース／30年発生確率": "0.0000000000", "最大ケース／50年発生確率": "0.0000000000" }, "geometry": { "type": "Polygon", "coordinates": [ [ [ 133.253173828125, 33.929687627576598 ], [ 132.7862548828125, 33.779147331286467 ], [ 133.253173828125, 33.929687627576598 ] ] ] } },
{ "type": "Feature", "properties": { "断層面ID": "FH201AI_00008", "断層コード": "FH201AI", "name": "中央構造線断層帯（金剛山地東縁区間〜伊予灘区間が同時に活動）（傾斜角90度）", "基準位置経度": "132.805", "基準位置緯度": "33.779", "上端深さ(km)": "4.0", "断層長さ(km)": "92.0", "断層幅(km)": "12.0", "走向角(度)": "240.7", "傾斜角(度)": "90.0", "平均ケース／平均活動間隔（年）": "-", "平均ケース／最新活動時期（年前）": "-", "平均ケース／30年発生確率": "0.0000000000", "平均ケース／50年発生確率": "0.0000000000", "確率過程": "同時活動モデル", "マグニチュード": "Mw7.8", "ばらつき": "-", "最大ケース／平均活動間隔（年）": "-999.0", "最大ケース／最新活動時期（年前）": "-", "最大ケース／30年発生確率": "0.0000000000", "最大ケース／50年発生確率": "0.0000000000" }, "geometry": { "type": "Polygon", "coordinates": [ [ [ 132.802734375, 33.774581363716891 ], [ 131.934814453125, 33.371825029507249 ], [ 132.802734375, 33.774581363716891 ] ] ] } },
{ "type": "Feature", "properties": { "断層面ID": "FM201BJ_00003", "断層コード": "FM201BJ", "name": "中央構造線断層帯（五条谷区間〜豊予海峡−由布院区間が同時に活動）（傾斜角40度）", "基準位置経度": "135.099", "基準位置緯度": "34.289", "上端深さ(km)": "4.0", "断層長さ(km)": "44.0", "断層幅(km)": "18.0", "走向角(度)": "258.5", "傾斜角(度)": "40.0", "平均ケース／平均活動間隔（年）": "-", "平均ケース／最新活動時期（年前）": "-", "平均ケース／30年発生確率": "0.0000000000", "平均ケース／50年発生確率": "0.0000000000", "確率過程": "同時活動モデル", "マグニチュード": "Mw7.9", "ばらつき": "-", "最大ケース／平均活動間隔（年）": "-999.0", "最大ケース／最新活動時期（年前）": "-", "最大ケース／30年発生確率": "0.0000000000", "最大ケース／50年発生確率": "0.0000000000" }, "geometry": { "type": "Polygon", "coordinates": [ [ [ 135.098876953125, 34.288991865037531 ], [ 134.62646484375, 34.207259382072309 ], [ 134.5989990234375, 34.329828328362026 ], [ 135.06591796875, 34.406909656520597 ], [ 135.098876953125, 34.288991865037531 ] ] ] } },
{ "type": "Feature", "properties": { "断層面ID": "FM201BJ_00004", "断層コード": "FM201BJ", "name": "中央構造線断層帯（五条谷区間〜豊予海峡−由布院区間が同時に活動）（傾斜角40度）", "基準位置経度": "134.642", "基準位置緯度": "34.219", "上端深さ(km)": "4.0", "断層長さ(km)": "54.0", "断層幅(km)": "18.0", "走向角(度)": "257.3", "傾斜角(度)": "40.0", "平均ケース／平均活動間隔（年）": "-", "平均ケース／最新活動時期（年前）": "-", "平均ケース／30年発生確率": "0.0000000000", "平均ケース／50年発生確率": "0.0000000000", "確率過程": "同時活動モデル", "マグニチュード": "Mw7.9", "ばらつき": "-", "最大ケース／平均活動間隔（年）": "-999.0", "最大ケース／最新活動時期（年前）": "-", "最大ケース／30年発生確率": "0.0000000000", "最大ケース／50年発生確率": "0.0000000000" }, "geometry": { "type": "Polygon", "coordinates": [ [ [ 134.637451171875, 34.216344688434631 ], [ 134.066162109375, 34.11180455556898 ], [ 134.033203125, 34.229970811273077 ], [ 134.6044921875, 34.338900400404995 ], [ 134.637451171875, 34.216344688434631 ] ] ] } },
{ "type": "Feature", "properties": { "断層面ID": "FM201BJ_00005", "断層コード": "FM201BJ", "name": "中央構造線断層帯（五条谷区間〜豊予海峡−由布院区間が同時に活動）（傾斜角40度）", "基準位置経度": "134.091", "基準位置緯度": "34.126", "上端深さ(km)": "4.0", "断層長さ(km)": "84.0", "断層幅(km)": "18.0", "走向角(度)": "255.8", "傾斜角(度)": "40.0", "平均ケース／平均活動間隔（年）": "-", "平均ケース／最新活動時期（年前）": "-", "平均ケース／30年発生確率": "0.0000000000", "平均ケース／50年発生確率": "0.0000000000", "確率過程": "同時活動モデル", "マグニチュード": "Mw7.9", "ばらつき": "-", "最大ケース／平均活動間隔（年）": "-999.0", "最大ケース／最新活動時期（年前）": "-", "最大ケース／30年発生確率": "0.0000000000", "最大ケース／50年発生確率": "0.0000000000" }, "geometry": { "type": "Polygon", "coordinates": [ [ [ 134.088134765625, 34.125447565116119 ], [ 133.2037353515625, 33.938802750845781 ], [ 133.1707763671875, 34.057210513510299 ], [ 134.0496826171875, 34.243594729697406 ], [ 134.088134765625, 34.125447565116119 ] ] ] } },
{ "type": "Feature", "properties": { "断層面ID": "FM201BJ_00006", "断層コード": "FM201BJ", "name": "中央構造線断層帯（五条谷区間〜豊予海峡−由布院区間が同時に活動）（傾斜角40度）", "基準位置経度": "133.234", "基準位置緯度": "33.928", "上端深さ(km)": "2.0", "断層長さ(km)": "42.0", "断層幅(km)": "18.0", "走向角(度)": "248.7", "傾斜角(度)": "40.0", "平均ケース／平均活動間隔（年）": "-", "平均ケース／最新活動時期（年前）": "-", "平均ケース／30年発生確率": "0.0000000000", "平均ケース／50年発生確率": "0.0000000000", "確率過程": "同時活動モデル", "マグニチュード": "Mw7.9", "ばらつき": "-", "最大ケース／平均活動間隔（年）": "-999.0", "最大ケース／最新活動時期（年前）": "-", "最大ケース／30年発生確率": "0.0000000000", "最大ケース／50年発生確率": "0.0000000000" }, "geometry": { "type": "Polygon", "coordinates": [ [ [ 133.231201171875, 33.925129700071992 ], [ 132.8082275390625, 33.788278536259966 ], [ 132.7532958984375, 33.902336404480678 ], [ 133.17626953125, 34.043556504127437 ], [ 133.231201171875, 33.925129700071992 ] ] ] } },
{ "type": "Feature", "properties": { "断層面ID": "FM201BJ_00007", "断層コード": "FM201BJ", "name": "中央構造線断層帯（五条谷区間〜豊予海峡−由布院区間が同時に活動）（傾斜角40度）", "基準位置経度": "132.783", "基準位置緯度": "33.794", "上端深さ(km)": "4.0", "断層長さ(km)": "90.0", "断層幅(km)": "18.0", "走向角(度)": "240.7", "傾斜角(度)": "40.0", "平均ケース／平均活動間隔（年）": "-", "平均ケース／最新活動時期（年前）": "-", "平均ケース／30年発生確率": "0.0000000000", "平均ケース／50年発生確率": "0.0000000000", "確率過程": "同時活動モデル", "マグニチュード": "Mw7.9", "ばらつき": "-", "最大ケース／平均活動間隔（年）": "-999.0", "最大ケース／最新活動時期（年前）": "-", "最大ケース／30年発生確率": "0.0000000000", "最大ケース／50年発生確率": "0.0000000000" }, "geometry": { "type": "Polygon", "coordinates": [ [ [ 132.78076171875, 33.792843773631844 ], [ 131.934814453125, 33.394759218577988 ], [ 131.85791015625, 33.504759069226083 ], [ 132.7093505859375, 33.902336404480678 ], [ 132.78076171875, 33.792843773631844 ] ] ] } },
{ "type": "Feature", "properties": { "断層面ID": "FM201BJ_00008", "断層コード": "FM201BJ", "name": "中央構造線断層帯（五条谷区間〜豊予海峡−由布院区間が同時に活動）（傾斜角40度）", "基準位置経度": "131.963", "基準位置緯度": "33.382", "上端深さ(km)": "4.0", "断層長さ(km)": "36.0", "断層幅(km)": "20.0", "走向角(度)": "246.4", "傾斜角(度)": "40.0", "平均ケース／平均活動間隔（年）": "-", "平均ケース／最新活動時期（年前）": "-", "平均ケース／30年発生確率": "0.0000000000", "平均ケース／50年発生確率": "0.0000000000", "確率過程": "同時活動モデル", "マグニチュード": "Mw7.9", "ばらつき": "-", "最大ケース／平均活動間隔（年）": "-999.0", "最大ケース／最新活動時期（年前）": "-", "最大ケース／30年発生確率": "0.0000000000", "最大ケース／50年発生確率": "0.0000000000" }, "geometry": { "type": "Polygon", "coordinates": [ [ [ 131.9622802734375, 33.380999431040266 ], [ 131.605224609375, 33.247875947924385 ], [ 131.539306640625, 33.376412351246771 ], [ 131.8963623046875, 33.504759069226083 ], [ 131.9622802734375, 33.380999431040266 ] ] ] } },
{ "type": "Feature", "properties": { "断層面ID": "FM201BJ_00009", "断層コード": "FM201BJ", "name": "中央構造線断層帯（五条谷区間〜豊予海峡−由布院区間が同時に活動）（傾斜角40度）", "基準位置経度": "131.630", "基準位置緯度": "33.246", "上端深さ(km)": "4.0", "断層長さ(km)": "16.0", "断層幅(km)": "12.0", "走向角(度)": "290.3", "傾斜角(度)": "70.0", "平均ケース／平均活動間隔（年）": "-", "平均ケース／最新活動時期（年前）": "-", "平均ケース／30年発生確率": "0.0000000000", "平均ケース／50年発生確率": "0.0000000000", "確率過程": "同時活動モデル", "マグニチュード": "Mw7.9", "ばらつき": "-", "最大ケース／平均活動間隔（年）": "-999.0", "最大ケース／最新活動時期（年前）": "-", "最大ケース／30年発生確率": "0.0000000000", "最大ケース／50年発生確率": "0.0000000000" }, "geometry": { "type": "Polygon", "coordinates": [ [ [ 131.627197265625, 33.243281858479477 ], [ 131.4678955078125, 33.293803558346596 ], [ 131.4788818359375, 33.330528249028077 ], [ 131.6436767578125, 33.280027811732154 ], [ 131.627197265625, 33.243281858479477 ] ] ] } },
{ "type": "Feature", "properties": { "断層面ID": "FM201BJ_00010", "断層コード": "FM201BJ", "name": "中央構造線断層帯（五条谷区間〜豊予海峡−由布院区間が同時に活動）（傾斜角40度）", "基準位置経度": "131.459", "基準位置緯度": "33.296", "上端深さ(km)": "4.0", "断層長さ(km)": "14.0", "断層幅(km)": "12.0", "走向角(度)": "249.6", "傾斜角(度)": "70.0", "平均ケース／平均活動間隔（年）": "-", "平均ケース／最新活動時期（年前）": "-", "平均ケース／30年発生確率": "0.0000000000", "平均ケース／50年発生確率": "0.0000000000", "確率過程": "同時活動モデル", "マグニチュード": "Mw7.9", "ばらつき": "-", "最大ケース／平均活動間隔（年）": "-999.0", "最大ケース／最新活動時期（年前）": "-", "最大ケース／30年発生確率": "0.0000000000", "最大ケース／50年発生確率": "0.0000000000" }, "geometry": { "type": "Polygon", "coordinates": [ [ [ 131.4569091796875, 33.293803558346596 ], [ 131.3140869140625, 33.247875947924385 ], [ 131.297607421875, 33.284619968887682 ], [ 131.4404296875, 33.330528249028077 ], [ 131.4569091796875, 33.293803558346596 ] ] ] } },
{ "type": "Feature", "properties": { "断層面ID": "FH201BJ_00003", "断層コード": "FH201BJ", "name": "中央構造線断層帯（五条谷区間〜豊予海峡−由布院区間が同時に活動）（傾斜角90度）", "基準位置経度": "135.119", "基準位置緯度": "34.248", "上端深さ(km)": "4.0", "断層長さ(km)": "46.0", "断層幅(km)": "12.0", "走向角(度)": "258.5", "傾斜角(度)": "90.0", "平均ケース／平均活動間隔（年）": "-", "平均ケース／最新活動時期（年前）": "-", "平均ケース／30年発生確率": "0.0000000000", "平均ケース／50年発生確率": "0.0000000000", "確率過程": "同時活動モデル", "マグニチュード": "Mw7.9", "ばらつき": "-", "最大ケース／平均活動間隔（年）": "-999.0", "最大ケース／最新活動時期（年前）": "-", "最大ケース／30年発生確率": "0.0000000000", "最大ケース／50年発生確率": "0.0000000000" }, "geometry": { "type": "Polygon", "coordinates": [ [ [ 135.1153564453125, 34.243594729697406 ], [ 134.62646484375, 34.161818161230386 ], [ 135.1153564453125, 34.243594729697406 ] ] ] } },
{ "type": "Feature", "properties": { "断層面ID": "FH201BJ_00004", "断層コード": "FH201BJ", "name": "中央構造線断層帯（五条谷区間〜豊予海峡−由布院区間が同時に活動）（傾斜角90度）", "基準位置経度": "134.664", "基準位置緯度": "34.179", "上端深さ(km)": "4.0", "断層長さ(km)": "56.0", "断層幅(km)": "12.0", "走向角(度)": "257.3", "傾斜角(度)": "90.0", "平均ケース／平均活動間隔（年）": "-", "平均ケース／最新活動時期（年前）": "-", "平均ケース／30年発生確率": "0.0000000000", "平均ケース／50年発生確率": "0.0000000000", "確率過程": "同時活動モデル", "マグニチュード": "Mw7.9", "ばらつき": "-", "最大ケース／平均活動間隔（年）": "-999.0", "最大ケース／最新活動時期（年前）": "-", "最大ケース／30年発生確率": "0.0000000000", "最大ケース／50年発生確率": "0.0000000000" }, "geometry": { "type": "Polygon", "coordinates": [ [ [ 134.659423828125, 34.175453097578526 ], [ 134.066162109375, 34.066311964721052 ], [ 134.659423828125, 34.175453097578526 ] ] ] } },
{ "type": "Feature", "properties": { "断層面ID": "FH201BJ_00005", "断層コード": "FH201BJ", "name": "中央構造線断層帯（五条谷区間〜豊予海峡−由布院区間が同時に活動）（傾斜角90度）", "基準位置経度": "134.114", "基準位置緯度": "34.086", "上端深さ(km)": "4.0", "断層長さ(km)": "86.0", "断層幅(km)": "12.0", "走向角(度)": "255.8", "傾斜角(度)": "90.0", "平均ケース／平均活動間隔（年）": "-", "平均ケース／最新活動時期（年前）": "-", "平均ケース／30年発生確率": "0.0000000000", "平均ケース／50年発生確率": "0.0000000000", "確率過程": "同時活動モデル", "マグニチュード": "Mw7.9", "ばらつき": "-", "最大ケース／平均活動間隔（年）": "-999.0", "最大ケース／最新活動時期（年前）": "-", "最大ケース／30年発生確率": "0.0000000000", "最大ケース／50年発生確率": "0.0000000000" }, "geometry": { "type": "Polygon", "coordinates": [ [ [ 134.110107421875, 34.084511934474762 ], [ 133.209228515625, 33.893217379440884 ], [ 134.110107421875, 34.084511934474762 ] ] ] } },
{ "type": "Feature", "properties": { "断層面ID": "FH201BJ_00006", "断層コード": "FH201BJ", "name": "中央構造線断層帯（五条谷区間〜豊予海峡−由布院区間が同時に活動）（傾斜角90度）", "基準位置経度": "133.255", "基準位置緯度": "33.934", "上端深さ(km)": "2.0", "断層長さ(km)": "46.0", "断層幅(km)": "14.0", "走向角(度)": "248.7", "傾斜角(度)": "90.0", "平均ケース／平均活動間隔（年）": "-", "平均ケース／最新活動時期（年前）": "-", "平均ケース／30年発生確率": "0.0000000000", "平均ケース／50年発生確率": "0.0000000000", "確率過程": "同時活動モデル", "マグニチュード": "Mw7.9", "ばらつき": "-", "最大ケース／平均活動間隔（年）": "-999.0", "最大ケース／最新活動時期（年前）": "-", "最大ケース／30年発生確率": "0.0000000000", "最大ケース／50年発生確率": "0.0000000000" }, "geometry": { "type": "Polygon", "coordinates": [ [ [ 133.253173828125, 33.929687627576598 ], [ 132.7862548828125, 33.779147331286467 ], [ 133.253173828125, 33.929687627576598 ] ] ] } },
{ "type": "Feature", "properties": { "断層面ID": "FH201BJ_00007", "断層コード": "FH201BJ", "name": "中央構造線断層帯（五条谷区間〜豊予海峡−由布院区間が同時に活動）（傾斜角90度）", "基準位置経度": "132.805", "基準位置緯度": "33.779", "上端深さ(km)": "4.0", "断層長さ(km)": "92.0", "断層幅(km)": "12.0", "走向角(度)": "240.7", "傾斜角(度)": "90.0", "平均ケース／平均活動間隔（年）": "-", "平均ケース／最新活動時期（年前）": "-", "平均ケース／30年発生確率": "0.0000000000", "平均ケース／50年発生確率": "0.0000000000", "確率過程": "同時活動モデル", "マグニチュード": "Mw7.9", "ばらつき": "-", "最大ケース／平均活動間隔（年）": "-999.0", "最大ケース／最新活動時期（年前）": "-", "最大ケース／30年発生確率": "0.0000000000", "最大ケース／50年発生確率": "0.0000000000" }, "geometry": { "type": "Polygon", "coordinates": [ [ [ 132.802734375, 33.774581363716891 ], [ 131.934814453125, 33.371825029507249 ], [ 132.802734375, 33.774581363716891 ] ] ] } },
{ "type": "Feature", "properties": { "断層面ID": "FH201BJ_00008", "断層コード": "FH201BJ", "name": "中央構造線断層帯（五条谷区間〜豊予海峡−由布院区間が同時に活動）（傾斜角90度）", "基準位置経度": "131.974", "基準位置緯度": "33.362", "上端深さ(km)": "4.0", "断層長さ(km)": "36.0", "断層幅(km)": "12.0", "走向角(度)": "246.4", "傾斜角(度)": "90.0", "平均ケース／平均活動間隔（年）": "-", "平均ケース／最新活動時期（年前）": "-", "平均ケース／30年発生確率": "0.0000000000", "平均ケース／50年発生確率": "0.0000000000", "確率過程": "同時活動モデル", "マグニチュード": "Mw7.9", "ばらつき": "-", "最大ケース／平均活動間隔（年）": "-999.0", "最大ケース／最新活動時期（年前）": "-", "最大ケース／30年発生確率": "0.0000000000", "最大ケース／50年発生確率": "0.0000000000" }, "geometry": { "type": "Polygon", "coordinates": [ [ [ 131.9732666015625, 33.358061612778869 ], [ 131.6162109375, 33.229498141449511 ], [ 131.9732666015625, 33.358061612778869 ] ] ] } },
{ "type": "Feature", "properties": { "断層面ID": "FH201BJ_00009", "断層コード": "FH201BJ", "name": "中央構造線断層帯（五条谷区間〜豊予海峡−由布院区間が同時に活動）（傾斜角90度）", "基準位置経度": "131.630", "基準位置緯度": "33.246", "上端深さ(km)": "4.0", "断層長さ(km)": "16.0", "断層幅(km)": "12.0", "走向角(度)": "290.3", "傾斜角(度)": "70.0", "平均ケース／平均活動間隔（年）": "-", "平均ケース／最新活動時期（年前）": "-", "平均ケース／30年発生確率": "0.0000000000", "平均ケース／50年発生確率": "0.0000000000", "確率過程": "同時活動モデル", "マグニチュード": "Mw7.9", "ばらつき": "-", "最大ケース／平均活動間隔（年）": "-999.0", "最大ケース／最新活動時期（年前）": "-", "最大ケース／30年発生確率": "0.0000000000", "最大ケース／50年発生確率": "0.0000000000" }, "geometry": { "type": "Polygon", "coordinates": [ [ [ 131.627197265625, 33.243281858479477 ], [ 131.4678955078125, 33.293803558346596 ], [ 131.4788818359375, 33.330528249028077 ], [ 131.6436767578125, 33.280027811732154 ], [ 131.627197265625, 33.243281858479477 ] ] ] } },
{ "type": "Feature", "properties": { "断層面ID": "FH201BJ_00010", "断層コード": "FH201BJ", "name": "中央構造線断層帯（五条谷区間〜豊予海峡−由布院区間が同時に活動）（傾斜角90度）", "基準位置経度": "131.459", "基準位置緯度": "33.296", "上端深さ(km)": "4.0", "断層長さ(km)": "14.0", "断層幅(km)": "12.0", "走向角(度)": "249.6", "傾斜角(度)": "70.0", "平均ケース／平均活動間隔（年）": "-", "平均ケース／最新活動時期（年前）": "-", "平均ケース／30年発生確率": "0.0000000000", "平均ケース／50年発生確率": "0.0000000000", "確率過程": "同時活動モデル", "マグニチュード": "Mw7.9", "ばらつき": "-", "最大ケース／平均活動間隔（年）": "-999.0", "最大ケース／最新活動時期（年前）": "-", "最大ケース／30年発生確率": "0.0000000000", "最大ケース／50年発生確率": "0.0000000000" }, "geometry": { "type": "Polygon", "coordinates": [ [ [ 131.4569091796875, 33.293803558346596 ], [ 131.3140869140625, 33.247875947924385 ], [ 131.297607421875, 33.284619968887682 ], [ 131.4404296875, 33.330528249028077 ], [ 131.4569091796875, 33.293803558346596 ] ] ] } },
{ "type": "Feature", "properties": { "断層面ID": "FM201AJ_00004", "断層コード": "FM201AJ", "name": "中央構造線断層帯（全体が同時に活動）（傾斜角40度）", "基準位置経度": "135.099", "基準位置緯度": "34.289", "上端深さ(km)": "4.0", "断層長さ(km)": "44.0", "断層幅(km)": "18.0", "走向角(度)": "258.5", "傾斜角(度)": "40.0", "平均ケース／平均活動間隔（年）": "-", "平均ケース／最新活動時期（年前）": "-", "平均ケース／30年発生確率": "0.0000000000", "平均ケース／50年発生確率": "0.0000000000", "確率過程": "同時活動モデル", "マグニチュード": "Mw7.9", "ばらつき": "-", "最大ケース／平均活動間隔（年）": "-999.0", "最大ケース／最新活動時期（年前）": "-", "最大ケース／30年発生確率": "0.0000000000", "最大ケース／50年発生確率": "0.0000000000" }, "geometry": { "type": "Polygon", "coordinates": [ [ [ 135.098876953125, 34.288991865037531 ], [ 134.62646484375, 34.207259382072309 ], [ 134.5989990234375, 34.329828328362026 ], [ 135.06591796875, 34.406909656520597 ], [ 135.098876953125, 34.288991865037531 ] ] ] } },
{ "type": "Feature", "properties": { "断層面ID": "FM201AJ_00005", "断層コード": "FM201AJ", "name": "中央構造線断層帯（全体が同時に活動）（傾斜角40度）", "基準位置経度": "134.642", "基準位置緯度": "34.219", "上端深さ(km)": "4.0", "断層長さ(km)": "54.0", "断層幅(km)": "18.0", "走向角(度)": "257.3", "傾斜角(度)": "40.0", "平均ケース／平均活動間隔（年）": "-", "平均ケース／最新活動時期（年前）": "-", "平均ケース／30年発生確率": "0.0000000000", "平均ケース／50年発生確率": "0.0000000000", "確率過程": "同時活動モデル", "マグニチュード": "Mw7.9", "ばらつき": "-", "最大ケース／平均活動間隔（年）": "-999.0", "最大ケース／最新活動時期（年前）": "-", "最大ケース／30年発生確率": "0.0000000000", "最大ケース／50年発生確率": "0.0000000000" }, "geometry": { "type": "Polygon", "coordinates": [ [ [ 134.637451171875, 34.216344688434631 ], [ 134.066162109375, 34.11180455556898 ], [ 134.033203125, 34.229970811273077 ], [ 134.6044921875, 34.338900400404995 ], [ 134.637451171875, 34.216344688434631 ] ] ] } },
{ "type": "Feature", "properties": { "断層面ID": "FM201AJ_00006", "断層コード": "FM201AJ", "name": "中央構造線断層帯（全体が同時に活動）（傾斜角40度）", "基準位置経度": "134.091", "基準位置緯度": "34.126", "上端深さ(km)": "4.0", "断層長さ(km)": "84.0", "断層幅(km)": "18.0", "走向角(度)": "255.8", "傾斜角(度)": "40.0", "平均ケース／平均活動間隔（年）": "-", "平均ケース／最新活動時期（年前）": "-", "平均ケース／30年発生確率": "0.0000000000", "平均ケース／50年発生確率": "0.0000000000", "確率過程": "同時活動モデル", "マグニチュード": "Mw7.9", "ばらつき": "-", "最大ケース／平均活動間隔（年）": "-999.0", "最大ケース／最新活動時期（年前）": "-", "最大ケース／30年発生確率": "0.0000000000", "最大ケース／50年発生確率": "0.0000000000" }, "geometry": { "type": "Polygon", "coordinates": [ [ [ 134.088134765625, 34.125447565116119 ], [ 133.2037353515625, 33.938802750845781 ], [ 133.1707763671875, 34.057210513510299 ], [ 134.0496826171875, 34.243594729697406 ], [ 134.088134765625, 34.125447565116119 ] ] ] } },
{ "type": "Feature", "properties": { "断層面ID": "FM201AJ_00007", "断層コード": "FM201AJ", "name": "中央構造線断層帯（全体が同時に活動）（傾斜角40度）", "基準位置経度": "133.234", "基準位置緯度": "33.928", "上端深さ(km)": "2.0", "断層長さ(km)": "42.0", "断層幅(km)": "18.0", "走向角(度)": "248.7", "傾斜角(度)": "40.0", "平均ケース／平均活動間隔（年）": "-", "平均ケース／最新活動時期（年前）": "-", "平均ケース／30年発生確率": "0.0000000000", "平均ケース／50年発生確率": "0.0000000000", "確率過程": "同時活動モデル", "マグニチュード": "Mw7.9", "ばらつき": "-", "最大ケース／平均活動間隔（年）": "-999.0", "最大ケース／最新活動時期（年前）": "-", "最大ケース／30年発生確率": "0.0000000000", "最大ケース／50年発生確率": "0.0000000000" }, "geometry": { "type": "Polygon", "coordinates": [ [ [ 133.231201171875, 33.925129700071992 ], [ 132.8082275390625, 33.788278536259966 ], [ 132.7532958984375, 33.902336404480678 ], [ 133.17626953125, 34.043556504127437 ], [ 133.231201171875, 33.925129700071992 ] ] ] } },
{ "type": "Feature", "properties": { "断層面ID": "FM201AJ_00008", "断層コード": "FM201AJ", "name": "中央構造線断層帯（全体が同時に活動）（傾斜角40度）", "基準位置経度": "132.783", "基準位置緯度": "33.794", "上端深さ(km)": "4.0", "断層長さ(km)": "90.0", "断層幅(km)": "18.0", "走向角(度)": "240.7", "傾斜角(度)": "40.0", "平均ケース／平均活動間隔（年）": "-", "平均ケース／最新活動時期（年前）": "-", "平均ケース／30年発生確率": "0.0000000000", "平均ケース／50年発生確率": "0.0000000000", "確率過程": "同時活動モデル", "マグニチュード": "Mw7.9", "ばらつき": "-", "最大ケース／平均活動間隔（年）": "-999.0", "最大ケース／最新活動時期（年前）": "-", "最大ケース／30年発生確率": "0.0000000000", "最大ケース／50年発生確率": "0.0000000000" }, "geometry": { "type": "Polygon", "coordinates": [ [ [ 132.78076171875, 33.792843773631844 ], [ 131.934814453125, 33.394759218577988 ], [ 131.85791015625, 33.504759069226083 ], [ 132.7093505859375, 33.902336404480678 ], [ 132.78076171875, 33.792843773631844 ] ] ] } },
{ "type": "Feature", "properties": { "断層面ID": "FM201AJ_00009", "断層コード": "FM201AJ", "name": "中央構造線断層帯（全体が同時に活動）（傾斜角40度）", "基準位置経度": "131.963", "基準位置緯度": "33.382", "上端深さ(km)": "4.0", "断層長さ(km)": "36.0", "断層幅(km)": "20.0", "走向角(度)": "246.4", "傾斜角(度)": "40.0", "平均ケース／平均活動間隔（年）": "-", "平均ケース／最新活動時期（年前）": "-", "平均ケース／30年発生確率": "0.0000000000", "平均ケース／50年発生確率": "0.0000000000", "確率過程": "同時活動モデル", "マグニチュード": "Mw7.9", "ばらつき": "-", "最大ケース／平均活動間隔（年）": "-999.0", "最大ケース／最新活動時期（年前）": "-", "最大ケース／30年発生確率": "0.0000000000", "最大ケース／50年発生確率": "0.0000000000" }, "geometry": { "type": "Polygon", "coordinates": [ [ [ 131.9622802734375, 33.380999431040266 ], [ 131.605224609375, 33.247875947924385 ], [ 131.539306640625, 33.376412351246771 ], [ 131.8963623046875, 33.504759069226083 ], [ 131.9622802734375, 33.380999431040266 ] ] ] } },
{ "type": "Feature", "properties": { "断層面ID": "FM201AJ_00010", "断層コード": "FM201AJ", "name": "中央構造線断層帯（全体が同時に活動）（傾斜角40度）", "基準位置経度": "131.630", "基準位置緯度": "33.246", "上端深さ(km)": "4.0", "断層長さ(km)": "16.0", "断層幅(km)": "12.0", "走向角(度)": "290.3", "傾斜角(度)": "70.0", "平均ケース／平均活動間隔（年）": "-", "平均ケース／最新活動時期（年前）": "-", "平均ケース／30年発生確率": "0.0000000000", "平均ケース／50年発生確率": "0.0000000000", "確率過程": "同時活動モデル", "マグニチュード": "Mw7.9", "ばらつき": "-", "最大ケース／平均活動間隔（年）": "-999.0", "最大ケース／最新活動時期（年前）": "-", "最大ケース／30年発生確率": "0.0000000000", "最大ケース／50年発生確率": "0.0000000000" }, "geometry": { "type": "Polygon", "coordinates": [ [ [ 131.627197265625, 33.243281858479477 ], [ 131.4678955078125, 33.293803558346596 ], [ 131.4788818359375, 33.330528249028077 ], [ 131.6436767578125, 33.280027811732154 ], [ 131.627197265625, 33.243281858479477 ] ] ] } },
{ "type": "Feature", "properties": { "断層面ID": "FM201AJ_00011", "断層コード": "FM201AJ", "name": "中央構造線断層帯（全体が同時に活動）（傾斜角40度）", "基準位置経度": "131.459", "基準位置緯度": "33.296", "上端深さ(km)": "4.0", "断層長さ(km)": "14.0", "断層幅(km)": "12.0", "走向角(度)": "249.6", "傾斜角(度)": "70.0", "平均ケース／平均活動間隔（年）": "-", "平均ケース／最新活動時期（年前）": "-", "平均ケース／30年発生確率": "0.0000000000", "平均ケース／50年発生確率": "0.0000000000", "確率過程": "同時活動モデル", "マグニチュード": "Mw7.9", "ばらつき": "-", "最大ケース／平均活動間隔（年）": "-999.0", "最大ケース／最新活動時期（年前）": "-", "最大ケース／30年発生確率": "0.0000000000", "最大ケース／50年発生確率": "0.0000000000" }, "geometry": { "type": "Polygon", "coordinates": [ [ [ 131.4569091796875, 33.293803558346596 ], [ 131.3140869140625, 33.247875947924385 ], [ 131.297607421875, 33.284619968887682 ], [ 131.4404296875, 33.330528249028077 ], [ 131.4569091796875, 33.293803558346596 ] ] ] } },
{ "type": "Feature", "properties": { "断層面ID": "FH201AJ_00004", "断層コード": "FH201AJ", "name": "中央構造線断層帯（全体が同時に活動）（傾斜角90度）", "基準位置経度": "135.119", "基準位置緯度": "34.248", "上端深さ(km)": "4.0", "断層長さ(km)": "46.0", "断層幅(km)": "12.0", "走向角(度)": "258.5", "傾斜角(度)": "90.0", "平均ケース／平均活動間隔（年）": "-", "平均ケース／最新活動時期（年前）": "-", "平均ケース／30年発生確率": "0.0000000000", "平均ケース／50年発生確率": "0.0000000000", "確率過程": "同時活動モデル", "マグニチュード": "Mw7.9", "ばらつき": "-", "最大ケース／平均活動間隔（年）": "-999.0", "最大ケース／最新活動時期（年前）": "-", "最大ケース／30年発生確率": "0.0000000000", "最大ケース／50年発生確率": "0.0000000000" }, "geometry": { "type": "Polygon", "coordinates": [ [ [ 135.1153564453125, 34.243594729697406 ], [ 134.62646484375, 34.161818161230386 ], [ 135.1153564453125, 34.243594729697406 ] ] ] } },
{ "type": "Feature", "properties": { "断層面ID": "FH201AJ_00005", "断層コード": "FH201AJ", "name": "中央構造線断層帯（全体が同時に活動）（傾斜角90度）", "基準位置経度": "134.664", "基準位置緯度": "34.179", "上端深さ(km)": "4.0", "断層長さ(km)": "56.0", "断層幅(km)": "12.0", "走向角(度)": "257.3", "傾斜角(度)": "90.0", "平均ケース／平均活動間隔（年）": "-", "平均ケース／最新活動時期（年前）": "-", "平均ケース／30年発生確率": "0.0000000000", "平均ケース／50年発生確率": "0.0000000000", "確率過程": "同時活動モデル", "マグニチュード": "Mw7.9", "ばらつき": "-", "最大ケース／平均活動間隔（年）": "-999.0", "最大ケース／最新活動時期（年前）": "-", "最大ケース／30年発生確率": "0.0000000000", "最大ケース／50年発生確率": "0.0000000000" }, "geometry": { "type": "Polygon", "coordinates": [ [ [ 134.659423828125, 34.175453097578526 ], [ 134.066162109375, 34.066311964721052 ], [ 134.659423828125, 34.175453097578526 ] ] ] } },
{ "type": "Feature", "properties": { "断層面ID": "FH201AJ_00006", "断層コード": "FH201AJ", "name": "中央構造線断層帯（全体が同時に活動）（傾斜角90度）", "基準位置経度": "134.114", "基準位置緯度": "34.086", "上端深さ(km)": "4.0", "断層長さ(km)": "86.0", "断層幅(km)": "12.0", "走向角(度)": "255.8", "傾斜角(度)": "90.0", "平均ケース／平均活動間隔（年）": "-", "平均ケース／最新活動時期（年前）": "-", "平均ケース／30年発生確率": "0.0000000000", "平均ケース／50年発生確率": "0.0000000000", "確率過程": "同時活動モデル", "マグニチュード": "Mw7.9", "ばらつき": "-", "最大ケース／平均活動間隔（年）": "-999.0", "最大ケース／最新活動時期（年前）": "-", "最大ケース／30年発生確率": "0.0000000000", "最大ケース／50年発生確率": "0.0000000000" }, "geometry": { "type": "Polygon", "coordinates": [ [ [ 134.110107421875, 34.084511934474762 ], [ 133.209228515625, 33.893217379440884 ], [ 134.110107421875, 34.084511934474762 ] ] ] } },
{ "type": "Feature", "properties": { "断層面ID": "FH201AJ_00007", "断層コード": "FH201AJ", "name": "中央構造線断層帯（全体が同時に活動）（傾斜角90度）", "基準位置経度": "133.255", "基準位置緯度": "33.934", "上端深さ(km)": "2.0", "断層長さ(km)": "46.0", "断層幅(km)": "14.0", "走向角(度)": "248.7", "傾斜角(度)": "90.0", "平均ケース／平均活動間隔（年）": "-", "平均ケース／最新活動時期（年前）": "-", "平均ケース／30年発生確率": "0.0000000000", "平均ケース／50年発生確率": "0.0000000000", "確率過程": "同時活動モデル", "マグニチュード": "Mw7.9", "ばらつき": "-", "最大ケース／平均活動間隔（年）": "-999.0", "最大ケース／最新活動時期（年前）": "-", "最大ケース／30年発生確率": "0.0000000000", "最大ケース／50年発生確率": "0.0000000000" }, "geometry": { "type": "Polygon", "coordinates": [ [ [ 133.253173828125, 33.929687627576598 ], [ 132.7862548828125, 33.779147331286467 ], [ 133.253173828125, 33.929687627576598 ] ] ] } },
{ "type": "Feature", "properties": { "断層面ID": "FH201AJ_00008", "断層コード": "FH201AJ", "name": "中央構造線断層帯（全体が同時に活動）（傾斜角90度）", "基準位置経度": "132.805", "基準位置緯度": "33.779", "上端深さ(km)": "4.0", "断層長さ(km)": "92.0", "断層幅(km)": "12.0", "走向角(度)": "240.7", "傾斜角(度)": "90.0", "平均ケース／平均活動間隔（年）": "-", "平均ケース／最新活動時期（年前）": "-", "平均ケース／30年発生確率": "0.0000000000", "平均ケース／50年発生確率": "0.0000000000", "確率過程": "同時活動モデル", "マグニチュード": "Mw7.9", "ばらつき": "-", "最大ケース／平均活動間隔（年）": "-999.0", "最大ケース／最新活動時期（年前）": "-", "最大ケース／30年発生確率": "0.0000000000", "最大ケース／50年発生確率": "0.0000000000" }, "geometry": { "type": "Polygon", "coordinates": [ [ [ 132.802734375, 33.774581363716891 ], [ 131.934814453125, 33.371825029507249 ], [ 132.802734375, 33.774581363716891 ] ] ] } },
{ "type": "Feature", "properties": { "断層面ID": "FH201AJ_00009", "断層コード": "FH201AJ", "name": "中央構造線断層帯（全体が同時に活動）（傾斜角90度）", "基準位置経度": "131.974", "基準位置緯度": "33.362", "上端深さ(km)": "4.0", "断層長さ(km)": "36.0", "断層幅(km)": "12.0", "走向角(度)": "246.4", "傾斜角(度)": "90.0", "平均ケース／平均活動間隔（年）": "-", "平均ケース／最新活動時期（年前）": "-", "平均ケース／30年発生確率": "0.0000000000", "平均ケース／50年発生確率": "0.0000000000", "確率過程": "同時活動モデル", "マグニチュード": "Mw7.9", "ばらつき": "-", "最大ケース／平均活動間隔（年）": "-999.0", "最大ケース／最新活動時期（年前）": "-", "最大ケース／30年発生確率": "0.0000000000", "最大ケース／50年発生確率": "0.0000000000" }, "geometry": { "type": "Polygon", "coordinates": [ [ [ 131.9732666015625, 33.358061612778869 ], [ 131.6162109375, 33.229498141449511 ], [ 131.9732666015625, 33.358061612778869 ] ] ] } },
{ "type": "Feature", "properties": { "断層面ID": "FH201AJ_00010", "断層コード": "FH201AJ", "name": "中央構造線断層帯（全体が同時に活動）（傾斜角90度）", "基準位置経度": "131.630", "基準位置緯度": "33.246", "上端深さ(km)": "4.0", "断層長さ(km)": "16.0", "断層幅(km)": "12.0", "走向角(度)": "290.3", "傾斜角(度)": "70.0", "平均ケース／平均活動間隔（年）": "-", "平均ケース／最新活動時期（年前）": "-", "平均ケース／30年発生確率": "0.0000000000", "平均ケース／50年発生確率": "0.0000000000", "確率過程": "同時活動モデル", "マグニチュード": "Mw7.9", "ばらつき": "-", "最大ケース／平均活動間隔（年）": "-999.0", "最大ケース／最新活動時期（年前）": "-", "最大ケース／30年発生確率": "0.0000000000", "最大ケース／50年発生確率": "0.0000000000" }, "geometry": { "type": "Polygon", "coordinates": [ [ [ 131.627197265625, 33.243281858479477 ], [ 131.4678955078125, 33.293803558346596 ], [ 131.4788818359375, 33.330528249028077 ], [ 131.6436767578125, 33.280027811732154 ], [ 131.627197265625, 33.243281858479477 ] ] ] } },
{ "type": "Feature", "properties": { "断層面ID": "FH201AJ_00011", "断層コード": "FH201AJ", "name": "中央構造線断層帯（全体が同時に活動）（傾斜角90度）", "基準位置経度": "131.459", "基準位置緯度": "33.296", "上端深さ(km)": "4.0", "断層長さ(km)": "14.0", "断層幅(km)": "12.0", "走向角(度)": "249.6", "傾斜角(度)": "70.0", "平均ケース／平均活動間隔（年）": "-", "平均ケース／最新活動時期（年前）": "-", "平均ケース／30年発生確率": "0.0000000000", "平均ケース／50年発生確率": "0.0000000000", "確率過程": "同時活動モデル", "マグニチュード": "Mw7.9", "ばらつき": "-", "最大ケース／平均活動間隔（年）": "-999.0", "最大ケース／最新活動時期（年前）": "-", "最大ケース／30年発生確率": "0.0000000000", "最大ケース／50年発生確率": "0.0000000000" }, "geometry": { "type": "Polygon", "coordinates": [ [ [ 131.4569091796875, 33.293803558346596 ], [ 131.3140869140625, 33.247875947924385 ], [ 131.297607421875, 33.284619968887682 ], [ 131.4404296875, 33.330528249028077 ], [ 131.4569091796875, 33.293803558346596 ] ] ] } },
{ "type": "Feature", "properties": { "断層面ID": "F022131_00001", "断層コード": "F022131", "name": "長尾断層帯", "基準位置経度": "133.913", "基準位置緯度": "34.216", "上端深さ(km)": "2.0", "断層長さ(km)": "32.0", "断層幅(km)": "18.0", "走向角(度)": "87.1", "傾斜角(度)": "35.0", "平均ケース／平均活動間隔（年）": "30000.0", "平均ケース／最新活動時期（年前）": "872.0", "平均ケース／30年発生確率": "0.0000000000", "平均ケース／50年発生確率": "0.0000000000", "確率過程": "BPT", "マグニチュード": "Mw6.8", "ばらつき": "0.24", "最大ケース／平均活動間隔（年）": "30000.0", "最大ケース／最新活動時期（年前）": "1322.0", "最大ケース／30年発生確率": "0.0000000000", "最大ケース／50年発生確率": "0.0000000000" }, "geometry": { "type": "Polygon", "coordinates": [ [ [ 133.912353515625, 34.211802157690258 ], [ 134.2584228515625, 34.229970811273077 ], [ 134.263916015625, 34.093610452768715 ], [ 133.9178466796875, 34.079962308658736 ], [ 133.912353515625, 34.211802157690258 ] ] ] } },
{ "type": "Feature", "properties": { "断層面ID": "F022231_00001", "断層コード": "F022231", "name": "上法軍寺断層", "基準位置経度": "133.906", "基準位置緯度": "34.247", "上端深さ(km)": "2.0", "断層長さ(km)": "17.0", "断層幅(km)": "17.0", "走向角(度)": "286.8", "傾斜角(度)": "45.0", "平均ケース／平均活動間隔（年）": "20000.0", "平均ケース／最新活動時期（年前）": "-", "平均ケース／30年発生確率": "0.0015000000", "平均ケース／50年発生確率": "0.0025000000", "確率過程": "ポアソン", "マグニチュード": "Mw6.4", "ばらつき": "-", "最大ケース／平均活動間隔（年）": "20000.0", "最大ケース／最新活動時期（年前）": "-", "最大ケース／30年発生確率": "0.0015000000", "最大ケース／50年発生確率": "0.0025000000" }, "geometry": { "type": "Polygon", "coordinates": [ [ [ 133.9013671875, 34.243594729697406 ], [ 133.7255859375, 34.288991865037531 ], [ 133.7640380859375, 34.393312223161118 ], [ 133.9398193359375, 34.347971491244962 ], [ 133.9013671875, 34.243594729697406 ] ] ] } },
{ "type": "Feature", "properties": { "断層面ID": "F022331_00001", "断層コード": "F022331", "name": "上浦−西月ノ宮断層", "基準位置経度": "134.478", "基準位置緯度": "34.050", "上端深さ(km)": "2.0", "断層長さ(km)": "19.0", "断層幅(km)": "15.0", "走向角(度)": "267.9", "傾斜角(度)": "90.0", "平均ケース／平均活動間隔（年）": "2000.0", "平均ケース／最新活動時期（年前）": "-", "平均ケース／30年発生確率": "0.0149000000", "平均ケース／50年発生確率": "0.0247000000", "確率過程": "ポアソン", "マグニチュード": "Mw6.4", "ばらつき": "-", "最大ケース／平均活動間隔（年）": "2000.0", "最大ケース／最新活動時期（年前）": "-", "最大ケース／30年発生確率": "0.0149000000", "最大ケース／50年発生確率": "0.0247000000" }, "geometry": { "type": "Polygon", "coordinates": [ [ [ 134.47265625, 34.048108084909842 ], [ 134.2694091796875, 34.043556504127437 ], [ 134.47265625, 34.048108084909842 ] ] ] } },
{ "type": "Feature", "properties": { "断層面ID": "F022431_00001", "断層コード": "F022431", "name": "綱附森断層", "基準位置経度": "134.028", "基準位置緯度": "33.837", "上端深さ(km)": "2.0", "断層長さ(km)": "19.0", "断層幅(km)": "15.0", "走向角(度)": "245.8", "傾斜角(度)": "90.0", "平均ケース／平均活動間隔（年）": "2000.0", "平均ケース／最新活動時期（年前）": "-", "平均ケース／30年発生確率": "0.0149000000", "平均ケース／50年発生確率": "0.0247000000", "確率過程": "ポアソン", "マグニチュード": "Mw6.4", "ばらつき": "-", "最大ケース／平均活動間隔（年）": "2000.0", "最大ケース／最新活動時期（年前）": "-", "最大ケース／30年発生確率": "0.0149000000", "最大ケース／50年発生確率": "0.0247000000" }, "geometry": { "type": "Polygon", "coordinates": [ [ [ 134.0277099609375, 33.8339199536547 ], [ 133.83544921875, 33.765448698492222 ], [ 134.0277099609375, 33.8339199536547 ] ] ] } },
{ "type": "Feature", "properties": { "断層面ID": "F000101_00001", "断層コード": "F000101", "name": "標津断層帯", "基準位置経度": "145.080", "基準位置緯度": "43.960", "上端深さ(km)": "3.0", "断層長さ(km)": "56.0", "断層幅(km)": "18.0", "走向角(度)": "216.0", "傾斜角(度)": "45.0", "平均ケース／平均活動間隔（年）": "17000.0", "平均ケース／最新活動時期（年前）": "-", "平均ケース／30年発生確率": "0.0017600000", "平均ケース／50年発生確率": "0.0029400000", "確率過程": "ポアソン", "マグニチュード": "Mw7.1", "ばらつき": "-", "最大ケース／平均活動間隔（年）": "17000.0", "最大ケース／最新活動時期（年前）": "-", "最大ケース／30年発生確率": "0.0017600000", "最大ケース／50年発生確率": "0.0029400000" }, "geometry": { "type": "Polygon", "coordinates": [ [ [ 145.0799560546875, 43.957236472025642 ], [ 144.66796875, 43.548548110912861 ], [ 144.5361328125, 43.616193823691844 ], [ 144.9481201171875, 44.024421519659342 ], [ 145.0799560546875, 43.957236472025642 ] ] ] } },
{ "type": "Feature", "properties": { "断層面ID": "F000201_00001", "断層コード": "F000201", "name": "十勝平野断層帯主部", "基準位置経度": "143.298", "基準位置緯度": "42.544", "上端深さ(km)": "4.0", "断層長さ(km)": "84.0", "断層幅(km)": "24.0", "走向角(度)": "9.0", "傾斜角(度)": "45.0", "平均ケース／平均活動間隔（年）": "19500.0", "平均ケース／最新活動時期（年前）": "-", "平均ケース／30年発生確率": "0.0015400000", "平均ケース／50年発生確率": "0.0025600000", "確率過程": "ポアソン", "マグニチュード": "Mw7.5", "ばらつき": "-", "最大ケース／平均活動間隔（年）": "17000.0", "最大ケース／最新活動時期（年前）": "-", "最大ケース／30年発生確率": "0.0017600000", "最大ケース／50年発生確率": "0.0029400000" }, "geometry": { "type": "Polygon", "coordinates": [ [ [ 143.294677734375, 42.540939471680645 ], [ 143.4539794921875, 43.289201960201268 ], [ 143.6572265625, 43.265206318396025 ], [ 143.4979248046875, 42.51665075361143 ], [ 143.294677734375, 42.540939471680645 ] ] ] } },
{ "type": "Feature", "properties": { "断層面ID": "F000202_00001", "断層コード": "F000202", "name": "光地園断層", "基準位置経度": "143.354", "基準位置緯度": "42.306", "上端深さ(km)": "3.0", "断層長さ(km)": "28.0", "断層幅(km)": "18.0", "走向角(度)": "333.0", "傾斜角(度)": "45.0", "平均ケース／平均活動間隔（年）": "14000.0", "平均ケース／最新活動時期（年前）": "-", "平均ケース／30年発生確率": "0.0021400000", "平均ケース／50年発生確率": "0.0035700000", "確率過程": "ポアソン", "マグニチュード": "Mw6.7", "ばらつき": "-", "最大ケース／平均活動間隔（年）": "7000.0", "最大ケース／最新活動時期（年前）": "-", "最大ケース／30年発生確率": "0.0042800000", "最大ケース／50年発生確率": "0.0071200000" }, "geometry": { "type": "Polygon", "coordinates": [ [ [ 143.349609375, 42.305753003046362 ], [ 143.19580078125, 42.528796293203726 ], [ 143.3331298828125, 42.581399679665054 ], [ 143.4869384765625, 42.354484651067452 ], [ 143.349609375, 42.305753003046362 ] ] ] } },
{ "type": "Feature", "properties": { "断層面ID": "F000301_00001", "断層コード": "F000301", "name": "富良野断層帯西部", "基準位置経度": "142.421", "基準位置緯度": "43.443", "上端深さ(km)": "2.0", "断層長さ(km)": "28.0", "断層幅(km)": "18.0", "走向角(度)": "196.3", "傾斜角(度)": "45.0", "平均ケース／平均活動間隔（年）": "4000.0", "平均ケース／最新活動時期（年前）": "1102.5", "平均ケース／30年発生確率": "0.0000000000", "平均ケース／50年発生確率": "0.0000000000", "確率過程": "BPT", "マグニチュード": "Mw6.7", "ばらつき": "0.24", "最大ケース／平均活動間隔（年）": "4000.0", "最大ケース／最新活動時期（年前）": "1922.0", "最大ケース／30年発生確率": "0.0003150000", "最大ケース／50年発生確率": "0.0005600000" }, "geometry": { "type": "Polygon", "coordinates": [ [ [ 142.415771484375, 43.440954591707452 ], [ 142.3223876953125, 43.197167282501283 ], [ 142.1685791015625, 43.233197410221351 ], [ 142.2674560546875, 43.472854137779677 ], [ 142.415771484375, 43.440954591707452 ] ] ] } },
{ "type": "Feature", "properties": { "断層面ID": "F000302_00001", "断層コード": "F000302", "name": "富良野断層帯東部", "基準位置経度": "142.416", "基準位置緯度": "43.133", "上端深さ(km)": "2.0", "断層長さ(km)": "28.0", "断層幅(km)": "18.0", "走向角(度)": "14.0", "傾斜角(度)": "50.0", "平均ケース／平均活動間隔（年）": "15500.0", "平均ケース／最新活動時期（年前）": "3350.0", "平均ケース／30年発生確率": "0.0000000000", "平均ケース／50年発生確率": "0.0000000000", "確率過程": "BPT", "マグニチュード": "Mw6.7", "ばらつき": "0.24", "最大ケース／平均活動間隔（年）": "9000.0", "最大ケース／最新活動時期（年前）": "4300.0", "最大ケース／30年発生確率": "0.0001240000", "最大ケース／50年発生確率": "0.0002120000" }, "geometry": { "type": "Polygon", "coordinates": [ [ [ 142.415771484375, 43.129052296285636 ], [ 142.4981689453125, 43.37710501700073 ], [ 142.635498046875, 43.349149663893115 ], [ 142.5531005859375, 43.104993581605498 ], [ 142.415771484375, 43.129052296285636 ] ] ] } },
{ "type": "Feature", "properties": { "断層面ID": "F000401_00001", "断層コード": "F000401", "name": "増毛山地東縁断層帯", "基準位置経度": "141.878", "基準位置緯度": "43.891", "上端深さ(km)": "3.0", "断層長さ(km)": "64.0", "断層幅(km)": "18.0", "走向角(度)": "197.5", "傾斜角(度)": "45.0", "平均ケース／平均活動間隔（年）": "5000.0", "平均ケース／最新活動時期（年前）": "-", "平均ケース／30年発生確率": "0.0059800000", "平均ケース／50年発生確率": "0.0099500000", "確率過程": "ポアソン", "マグニチュード": "Mw7.2", "ばらつき": "-", "最大ケース／平均活動間隔（年）": "5000.0", "最大ケース／最新活動時期（年前）": "-", "最大ケース／30年発生確率": "0.0059800000", "最大ケース／50年発生確率": "0.0099500000" }, "geometry": { "type": "Polygon", "coordinates": [ [ [ 141.87744140625, 43.889975373836876 ], [ 141.6357421875, 43.341160054123065 ], [ 141.4874267578125, 43.373112183820012 ], [ 141.7236328125, 43.921637128346731 ], [ 141.87744140625, 43.889975373836876 ] ] ] } },
{ "type": "Feature", "properties": { "断層面ID": "F000402_00001", "断層コード": "F000402", "name": "沼田−砂川付近の断層帯", "基準位置経度": "141.954", "基準位置緯度": "43.491", "上端深さ(km)": "3.0", "断層長さ(km)": "40.0", "断層幅(km)": "18.0", "走向角(度)": "0.0", "傾斜角(度)": "45.0", "平均ケース／平均活動間隔（年）": "12000.0", "平均ケース／最新活動時期（年前）": "-", "平均ケース／30年発生確率": "0.0025000000", "平均ケース／50年発生確率": "0.0041600000", "確率過程": "ポアソン", "マグニチュード": "Mw6.9", "ばらつき": "-", "最大ケース／平均活動間隔（年）": "12000.0", "最大ケース／最新活動時期（年前）": "-", "最大ケース／30年発生確率": "0.0025000000", "最大ケース／50年発生確率": "0.0041600000" }, "geometry": { "type": "Polygon", "coordinates": [ [ [ 141.9488525390625, 43.488797600049992 ], [ 141.9488525390625, 43.850374499302603 ], [ 142.108154296875, 43.850374499302603 ], [ 142.108154296875, 43.488797600049992 ], [ 141.9488525390625, 43.488797600049992 ] ] ] } },
{ "type": "Feature", "properties": { "断層面ID": "F000501_00001", "断層コード": "F000501", "name": "当別断層", "基準位置経度": "141.539", "基準位置緯度": "43.456", "上端深さ(km)": "3.0", "断層長さ(km)": "22.0", "断層幅(km)": "18.0", "走向角(度)": "180.0", "傾斜角(度)": "40.0", "平均ケース／平均活動間隔（年）": "11250.0", "平均ケース／最新活動時期（年前）": "6600.0", "平均ケース／30年発生確率": "0.0008150000", "平均ケース／50年発生確率": "0.0013800000", "確率過程": "BPT", "マグニチュード": "Mw6.5", "ばらつき": "0.24", "最大ケース／平均活動間隔（年）": "7500.0", "最大ケース／最新活動時期（年前）": "11000.0", "最大ケース／30年発生確率": "0.0246000000", "最大ケース／50年発生確率": "0.0407000000" }, "geometry": { "type": "Polygon", "coordinates": [ [ [ 141.536865234375, 43.452918893554653 ], [ 141.536865234375, 43.257205668363184 ], [ 141.3665771484375, 43.257205668363184 ], [ 141.3665771484375, 43.452918893554653 ], [ 141.536865234375, 43.452918893554653 ] ] ] } },
{ "type": "Feature", "properties": { "断層面ID": "F000601_00001", "断層コード": "F000601", "name": "石狩低地東縁断層帯主部", "基準位置経度": "141.915", "基準位置緯度": "42.969", "上端深さ(km)": "9.0", "断層長さ(km)": "37.9", "断層幅(km)": "18.0", "走向角(度)": "14.0", "傾斜角(度)": "30.0", "平均ケース／平均活動間隔（年）": "1500.0", "平均ケース／最新活動時期（年前）": "210.0", "平均ケース／30年発生確率": "0.0000000000", "平均ケース／50年発生確率": "0.0000000000", "確率過程": "BPT", "マグニチュード": "Mw7.2", "ばらつき": "0.24", "最大ケース／平均活動間隔（年）": "1000.0", "最大ケース／最新活動時期（年前）": "283.0", "最大ケース／30年発生確率": "0.0000000000", "最大ケース／50年発生確率": "0.0000000000" }, "geometry": { "type": "Polygon", "coordinates": [ [ [ 141.910400390625, 42.968482211280332 ], [ 142.0257568359375, 43.297198404646366 ], [ 142.2125244140625, 43.265206318396025 ], [ 142.09716796875, 42.932296019030588 ], [ 141.910400390625, 42.968482211280332 ] ] ] } },
{ "type": "Feature", "properties": { "断層面ID": "F000601_00002", "断層コード": "F000601", "name": "石狩低地東縁断層帯主部", "基準位置経度": "141.915", "基準位置緯度": "42.969", "上端深さ(km)": "9.0", "断層長さ(km)": "21.9", "断層幅(km)": "18.0", "走向角(度)": "164.0", "傾斜角(度)": "150.0", "平均ケース／平均活動間隔（年）": "1500.0", "平均ケース／最新活動時期（年前）": "210.0", "平均ケース／30年発生確率": "0.0000000000", "平均ケース／50年発生確率": "0.0000000000", "確率過程": "BPT", "マグニチュード": "Mw7.2", "ばらつき": "0.24", "最大ケース／平均活動間隔（年）": "1000.0", "最大ケース／最新活動時期（年前）": "283.0", "最大ケース／30年発生確率": "0.0000000000", "最大ケース／50年発生確率": "0.0000000000" }, "geometry": { "type": "Polygon", "coordinates": [ [ [ 141.910400390625, 42.968482211280332 ], [ 142.09716796875, 43.004647127794442 ], [ 142.1685791015625, 42.815551361726961 ], [ 141.9873046875, 42.779275360241911 ], [ 141.910400390625, 42.968482211280332 ] ] ] } },
{ "type": "Feature", "properties": { "断層面ID": "F000602_00001", "断層コード": "F000602", "name": "石狩低地東縁断層帯南部", "基準位置経度": "142.028", "基準位置緯度": "42.411", "上端深さ(km)": "9.0", "断層長さ(km)": "56.0", "断層幅(km)": "18.0", "走向角(度)": "342.5", "傾斜角(度)": "30.0", "平均ケース／平均活動間隔（年）": "17000.0", "平均ケース／最新活動時期（年前）": "-", "平均ケース／30年発生確率": "0.0017600000", "平均ケース／50年発生確率": "0.0029400000", "確率過程": "ポアソン", "マグニチュード": "Mw7.1", "ばらつき": "-", "最大ケース／平均活動間隔（年）": "17000.0", "最大ケース／最新活動時期（年前）": "-", "最大ケース／30年発生確率": "0.0017600000", "最大ケース／50年発生確率": "0.0029400000" }, "geometry": { "type": "Polygon", "coordinates": [ [ [ 142.0257568359375, 42.407234661551882 ], [ 141.822509765625, 42.888039560562959 ], [ 142.0037841796875, 42.932296019030588 ], [ 142.20703125, 42.451834669439194 ], [ 142.0257568359375, 42.407234661551882 ] ] ] } },
{ "type": "Feature", "properties": { "断層面ID": "F000701_00001", "断層コード": "F000701", "name": "黒松内低地断層帯", "基準位置経度": "140.240", "基準位置緯度": "42.754", "上端深さ(km)": "2.0", "断層長さ(km)": "34.0", "断層幅(km)": "18.0", "走向角(度)": "170.1", "傾斜角(度)": "45.0", "平均ケース／平均活動間隔（年）": "4300.0", "平均ケース／最新活動時期（年前）": "5400.0", "平均ケース／30年発生確率": "0.0366000000", "平均ケース／50年発生確率": "0.0604000000", "確率過程": "BPT", "マグニチュード": "Mw6.8", "ばらつき": "0.24", "最大ケース／平均活動間隔（年）": "3600.0", "最大ケース／最新活動時期（年前）": "5900.0", "最大ケース／30年発生確率": "0.0548000000", "最大ケース／50年発生確率": "0.0897000000" }, "geometry": { "type": "Polygon", "coordinates": [ [ [ 140.2349853515625, 42.751045990383517 ], [ 140.306396484375, 42.451834669439194 ], [ 140.1580810546875, 42.431565872579171 ], [ 140.086669921875, 42.730874279284848 ], [ 140.2349853515625, 42.751045990383517 ] ] ] } },
{ "type": "Feature", "properties": { "断層面ID": "F000801_00001", "断層コード": "F000801", "name": "函館平野西縁断層帯", "基準位置経度": "140.630", "基準位置緯度": "41.943", "上端深さ(km)": "2.0", "断層長さ(km)": "26.0", "断層幅(km)": "18.0", "走向角(度)": "187.1", "傾斜角(度)": "45.0", "平均ケース／平均活動間隔（年）": "15000.0", "平均ケース／最新活動時期（年前）": "7205.5", "平均ケース／30年発生確率": "0.0000781000", "平均ケース／50年発生確率": "0.0001320000", "確率過程": "BPT", "マグニチュード": "Mw6.6", "ばらつき": "0.24", "最大ケース／平均活動間隔（年）": "13000.0", "最大ケース／最新活動時期（年前）": "14000.0", "最大ケース／30年発生確率": "0.0097800000", "最大ケース／50年発生確率": "0.0163000000" }, "geometry": { "type": "Polygon", "coordinates": [ [ [ 140.625, 41.939062754848578 ], [ 140.5865478515625, 41.709829425099656 ], [ 140.438232421875, 41.722130585125768 ], [ 140.4766845703125, 41.955405153780589 ], [ 140.625, 41.939062754848578 ] ] ] } },
{ "type": "Feature", "properties": { "断層面ID": "F000901_00001", "断層コード": "F000901", "name": "青森湾西岸断層帯", "基準位置経度": "140.611", "基準位置緯度": "40.990", "上端深さ(km)": "3.0", "断層長さ(km)": "32.0", "断層幅(km)": "18.0", "走向角(度)": "166.7", "傾斜角(度)": "60.0", "平均ケース／平均活動間隔（年）": "4500.0", "平均ケース／最新活動時期（年前）": "-", "平均ケース／30年発生確率": "0.0066400000", "平均ケース／50年発生確率": "0.0110000000", "確率過程": "ポアソン", "マグニチュード": "Mw6.8", "ばらつき": "-", "最大ケース／平均活動間隔（年）": "3000.0", "最大ケース／最新活動時期（年前）": "-", "最大ケース／30年発生確率": "0.0099500000", "最大ケース／50年発生確率": "0.0165000000" }, "geometry": { "type": "Polygon", "coordinates": [ [ [ 140.6085205078125, 40.988191563493928 ], [ 140.6964111328125, 40.709792012434946 ], [ 140.592041015625, 40.69313415330808 ], [ 140.504150390625, 40.971603532799094 ], [ 140.6085205078125, 40.988191563493928 ] ] ] } },
{ "type": "Feature", "properties": { "断層面ID": "F009901_00001", "断層コード": "F009901", "name": "サロベツ断層帯", "基準位置経度": "141.900", "基準位置緯度": "44.856", "上端深さ(km)": "7.0", "断層長さ(km)": "44.0", "断層幅(km)": "18.0", "走向角(度)": "337.0", "傾斜角(度)": "30.0", "平均ケース／平均活動間隔（年）": "6000.0", "平均ケース／最新活動時期（年前）": "2550.0", "平均ケース／30年発生確率": "0.0000383000", "平均ケース／50年発生確率": "0.0000679000", "確率過程": "BPT", "マグニチュード": "Mw7", "ばらつき": "0.24", "最大ケース／平均活動間隔（年）": "4000.0", "最大ケース／最新活動時期（年前）": "5100.0", "最大ケース／30年発生確率": "0.0400000000", "最大ケース／50年発生確率": "0.0660000000" }, "geometry": { "type": "Polygon", "coordinates": [ [ [ 141.8994140625, 44.85586880735724 ], [ 141.6796875, 45.216873210932675 ], [ 141.8609619140625, 45.274886437048934 ], [ 142.0806884765625, 44.910359174584954 ], [ 141.8994140625, 44.85586880735724 ] ] ] } },
{ "type": "Feature", "properties": { "断層面ID": "F001001_00001", "断層コード": "F001001", "name": "津軽山地西縁断層帯北部", "基準位置経度": "140.603", "基準位置緯度": "40.701", "上端深さ(km)": "3.0", "断層長さ(km)": "18.0", "断層幅(km)": "18.0", "走向角(度)": "339.2", "傾斜角(度)": "45.0", "平均ケース／平均活動間隔（年）": "-", "平均ケース／最新活動時期（年前）": "-", "平均ケース／30年発生確率": "0.0000000000", "平均ケース／50年発生確率": "0.0000000000", "確率過程": "不明", "マグニチュード": "Mw6.4", "ばらつき": "-", "最大ケース／平均活動間隔（年）": "-999.0", "最大ケース／最新活動時期（年前）": "-", "最大ケース／30年発生確率": "0.0000000000", "最大ケース／50年発生確率": "0.0000000000" }, "geometry": { "type": "Polygon", "coordinates": [ [ [ 140.5975341796875, 40.697299008636747 ], [ 140.526123046875, 40.851215574282492 ], [ 140.6634521484375, 40.892753424206973 ], [ 140.7403564453125, 40.73893324113601 ], [ 140.5975341796875, 40.697299008636747 ] ] ] } },
{ "type": "Feature", "properties": { "断層面ID": "F001002_00001", "断層コード": "F001002", "name": "津軽山地西縁断層帯南部", "基準位置経度": "140.655", "基準位置緯度": "40.559", "上端深さ(km)": "3.0", "断層長さ(km)": "24.0", "断層幅(km)": "18.0", "走向角(度)": "6.7", "傾斜角(度)": "45.0", "平均ケース／平均活動間隔（年）": "-", "平均ケース／最新活動時期（年前）": "-", "平均ケース／30年発生確率": "0.0000000000", "平均ケース／50年発生確率": "0.0000000000", "確率過程": "不明", "マグニチュード": "Mw6.6", "ばらつき": "-", "最大ケース／平均活動間隔（年）": "-999.0", "最大ケース／最新活動時期（年前）": "-", "最大ケース／30年発生確率": "0.0000000000", "最大ケース／50年発生確率": "0.0000000000" }, "geometry": { "type": "Polygon", "coordinates": [ [ [ 140.6524658203125, 40.55554790286314 ], [ 140.6854248046875, 40.772221877329031 ], [ 140.833740234375, 40.759740592073911 ], [ 140.80078125, 40.543026009955014 ], [ 140.6524658203125, 40.55554790286314 ] ] ] } },
{ "type": "Feature", "properties": { "断層面ID": "F001101_00001", "断層コード": "F001101", "name": "折爪断層", "基準位置経度": "141.242", "基準位置緯度": "40.499", "上端深さ(km)": "2.0", "断層長さ(km)": "48.0", "断層幅(km)": "18.0", "走向角(度)": "162.3", "傾斜角(度)": "45.0", "平均ケース／平均活動間隔（年）": "15000.0", "平均ケース／最新活動時期（年前）": "-", "平均ケース／30年発生確率": "0.0020000000", "平均ケース／50年発生確率": "0.0033300000", "確率過程": "ポアソン", "マグニチュード": "Mw7", "ばらつき": "-", "最大ケース／平均活動間隔（年）": "15000.0", "最大ケース／最新活動時期（年前）": "-", "最大ケース／30年発生確率": "0.0020000000", "最大ケース／50年発生確率": "0.0033300000" }, "geometry": { "type": "Polygon", "coordinates": [ [ [ 141.240234375, 40.497092372695676 ], [ 141.4105224609375, 40.086477293808827 ], [ 141.2677001953125, 40.048642722917293 ], [ 141.097412109375, 40.463666324587678 ], [ 141.240234375, 40.497092372695676 ] ] ] } },
{ "type": "Feature", "properties": { "断層面ID": "F001201_00001", "断層コード": "F001201", "name": "能代断層帯", "基準位置経度": "139.999", "基準位置緯度": "40.078", "上端深さ(km)": "3.0", "断層長さ(km)": "24.0", "断層幅(km)": "18.0", "走向角(度)": "7.3", "傾斜角(度)": "45.0", "平均ケース／平均活動間隔（年）": "2400.0", "平均ケース／最新活動時期（年前）": "328.0", "平均ケース／30年発生確率": "0.0000000000", "平均ケース／50年発生確率": "0.0000000000", "確率過程": "BPT", "マグニチュード": "Mw6.6", "ばらつき": "0.24", "最大ケース／平均活動間隔（年）": "1900.0", "最大ケース／最新活動時期（年前）": "328.0", "最大ケース／30年発生確率": "0.0000000000", "最大ケース／50年発生確率": "0.0000000000" }, "geometry": { "type": "Polygon", "coordinates": [ [ [ 139.998779296875, 40.073868105094817 ], [ 140.03173828125, 40.29209669470103 ], [ 140.1800537109375, 40.275334807324697 ], [ 140.1416015625, 40.061256581404734 ], [ 139.998779296875, 40.073868105094817 ] ] ] } },
{ "type": "Feature", "properties": { "断層面ID": "F001301_00001", "断層コード": "F001301", "name": "北上低地西縁断層帯", "基準位置経度": "141.052", "基準位置緯度": "39.636", "上端深さ(km)": "3.0", "断層長さ(km)": "64.0", "断層幅(km)": "18.0", "走向角(度)": "182.7", "傾斜角(度)": "35.0", "平均ケース／平均活動間隔（年）": "21000.0", "平均ケース／最新活動時期（年前）": "4500.0", "平均ケース／30年発生確率": "0.0000000000", "平均ケース／50年発生確率": "0.0000000000", "確率過程": "BPT", "マグニチュード": "Mw7.2", "ばらつき": "0.24", "最大ケース／平均活動間隔（年）": "16000.0", "最大ケース／最新活動時期（年前）": "4500.0", "最大ケース／30年発生確率": "0.0000000000", "最大ケース／50年発生確率": "0.0000000000" }, "geometry": { "type": "Polygon", "coordinates": [ [ [ 141.0479736328125, 39.635307296586006 ], [ 141.0150146484375, 39.057583749356667 ], [ 140.8447265625, 39.066114261537848 ], [ 140.877685546875, 39.639537564366691 ], [ 141.0479736328125, 39.635307296586006 ] ] ] } },
{ "type": "Feature", "properties": { "断層面ID": "F001401_00001", "断層コード": "F001401", "name": "雫石盆地西縁断層帯", "基準位置経度": "140.928", "基準位置緯度": "39.809", "上端深さ(km)": "2.0", "断層長さ(km)": "18.0", "断層幅(km)": "18.0", "走向角(度)": "189.7", "傾斜角(度)": "45.0", "平均ケース／平均活動間隔（年）": "5400.0", "平均ケース／最新活動時期（年前）": "-", "平均ケース／30年発生確率": "0.0055400000", "平均ケース／50年発生確率": "0.0092200000", "確率過程": "ポアソン", "マグニチュード": "Mw6.4", "ばらつき": "-", "最大ケース／平均活動間隔（年）": "5400.0", "最大ケース／最新活動時期（年前）": "-", "最大ケース／30年発生確率": "0.0055400000", "最大ケース／50年発生確率": "0.0092200000" }, "geometry": { "type": "Polygon", "coordinates": [ [ [ 140.9271240234375, 39.808536041445905 ], [ 140.888671875, 39.647997323734188 ], [ 140.745849609375, 39.664913737491275 ], [ 140.77880859375, 39.825413103424751 ], [ 140.9271240234375, 39.808536041445905 ] ] ] } },
{ "type": "Feature", "properties": { "断層面ID": "F001402_00001", "断層コード": "F001402", "name": "真昼山地東縁断層帯北部", "基準位置経度": "140.799", "基準位置緯度": "39.619", "上端深さ(km)": "3.0", "断層長さ(km)": "22.0", "断層幅(km)": "18.0", "走向角(度)": "208.5", "傾斜角(度)": "40.0", "平均ケース／平均活動間隔（年）": "18650.0", "平均ケース／最新活動時期（年前）": "126.0", "平均ケース／30年発生確率": "0.0000000000", "平均ケース／50年発生確率": "0.0000000000", "確率過程": "BPT", "マグニチュード": "Mw6.6", "ばらつき": "0.24", "最大ケース／平均活動間隔（年）": "6300.0", "最大ケース／最新活動時期（年前）": "126.0", "最大ケース／30年発生確率": "0.0000000000", "最大ケース／50年発生確率": "0.0000000000" }, "geometry": { "type": "Polygon", "coordinates": [ [ [ 140.7952880859375, 39.618383638319159 ], [ 140.6744384765625, 39.444677580473439 ], [ 140.5316162109375, 39.504040705584146 ], [ 140.6524658203125, 39.677598330726482 ], [ 140.7952880859375, 39.618383638319159 ] ] ] } },
{ "type": "Feature", "properties": { "断層面ID": "F001403_00001", "断層コード": "F001403", "name": "真昼山地東縁断層帯南部", "基準位置経度": "140.662", "基準位置緯度": "39.437", "上端深さ(km)": "3.0", "断層長さ(km)": "18.0", "断層幅(km)": "18.0", "走向角(度)": "184.4", "傾斜角(度)": "45.0", "平均ケース／平均活動間隔（年）": "5400.0", "平均ケース／最新活動時期（年前）": "-", "平均ケース／30年発生確率": "0.0055400000", "平均ケース／50年発生確率": "0.0092200000", "確率過程": "ポアソン", "マグニチュード": "Mw6.4", "ばらつき": "-", "最大ケース／平均活動間隔（年）": "5400.0", "最大ケース／最新活動時期（年前）": "-", "最大ケース／30年発生確率": "0.0055400000", "最大ケース／50年発生確率": "0.0092200000" }, "geometry": { "type": "Polygon", "coordinates": [ [ [ 140.657958984375, 39.436192999314102 ], [ 140.6414794921875, 39.274789661703096 ], [ 140.4931640625, 39.2832938689385 ], [ 140.5096435546875, 39.444677580473439 ], [ 140.657958984375, 39.436192999314102 ] ] ] } },
{ "type": "Feature", "properties": { "断層面ID": "F001501_00001", "断層コード": "F001501", "name": "横手盆地東縁断層帯北部", "基準位置経度": "140.638", "基準位置緯度": "39.367", "上端深さ(km)": "3.0", "断層長さ(km)": "28.0", "断層幅(km)": "18.0", "走向角(度)": "12.5", "傾斜角(度)": "25.0", "平均ケース／平均活動間隔（年）": "3400.0", "平均ケース／最新活動時期（年前）": "126.0", "平均ケース／30年発生確率": "0.0000000000", "平均ケース／50年発生確率": "0.0000000000", "確率過程": "BPT", "マグニチュード": "Mw6.7", "ばらつき": "0.24", "最大ケース／平均活動間隔（年）": "3400.0", "最大ケース／最新活動時期（年前）": "126.0", "最大ケース／30年発生確率": "0.0000000000", "最大ケース／50年発生確率": "0.0000000000" }, "geometry": { "type": "Polygon", "coordinates": [ [ [ 140.635986328125, 39.364032338047991 ], [ 140.7073974609375, 39.609920257000795 ], [ 140.888671875, 39.58029027440864 ], [ 140.82275390625, 39.334297429807236 ], [ 140.635986328125, 39.364032338047991 ] ] ] } },
{ "type": "Feature", "properties": { "断層面ID": "F001502_00001", "断層コード": "F001502", "name": "横手盆地東縁断層帯南部", "基準位置経度": "140.619", "基準位置緯度": "39.105", "上端深さ(km)": "3.0", "断層長さ(km)": "32.0", "断層幅(km)": "18.0", "走向角(度)": "357.2", "傾斜角(度)": "45.0", "平均ケース／平均活動間隔（年）": "9500.0", "平均ケース／最新活動時期（年前）": "-", "平均ケース／30年発生確率": "0.0031500000", "平均ケース／50年発生確率": "0.0052500000", "確率過程": "ポアソン", "マグニチュード": "Mw6.8", "ばらつき": "-", "最大ケース／平均活動間隔（年）": "9500.0", "最大ケース／最新活動時期（年前）": "-", "最大ケース／30年発生確率": "0.0031500000", "最大ケース／50年発生確率": "0.0052500000" }, "geometry": { "type": "Polygon", "coordinates": [ [ [ 140.614013671875, 39.104488809440483 ], [ 140.5975341796875, 39.389509330766373 ], [ 140.745849609375, 39.397999595421453 ], [ 140.7623291015625, 39.108751359358564 ], [ 140.614013671875, 39.104488809440483 ] ] ] } },
{ "type": "Feature", "properties": { "断層面ID": "F001601_00001", "断層コード": "F001601", "name": "北由利断層", "基準位置経度": "140.052", "基準位置緯度": "39.391", "上端深さ(km)": "3.0", "断層長さ(km)": "32.0", "断層幅(km)": "18.0", "走向角(度)": "0.0", "傾斜角(度)": "45.0", "平均ケース／平均活動間隔（年）": "3700.0", "平均ケース／最新活動時期（年前）": "1400.0", "平均ケース／30年発生確率": "0.0000000000", "平均ケース／50年発生確率": "0.0000190000", "確率過程": "BPT", "マグニチュード": "Mw6.8", "ばらつき": "0.24", "最大ケース／平均活動間隔（年）": "3400.0", "最大ケース／最新活動時期（年前）": "2800.0", "最大ケース／30年発生確率": "0.0188000000", "最大ケース／50年発生確率": "0.0316000000" }, "geometry": { "type": "Polygon", "coordinates": [ [ [ 140.0482177734375, 39.389509330766373 ], [ 140.0482177734375, 39.677598330726482 ], [ 140.196533203125, 39.677598330726482 ], [ 140.196533203125, 39.389509330766373 ], [ 140.0482177734375, 39.389509330766373 ] ] ] } },
{ "type": "Feature", "properties": { "断層面ID": "F001701_00001", "断層コード": "F001701", "name": "新庄盆地断層帯東部", "基準位置経度": "140.346", "基準位置緯度": "38.620", "上端深さ(km)": "3.0", "断層長さ(km)": "24.0", "断層幅(km)": "18.0", "走向角(度)": "19.6", "傾斜角(度)": "35.0", "平均ケース／平均活動間隔（年）": "4000.0", "平均ケース／最新活動時期（年前）": "3100.0", "平均ケース／30年発生確率": "0.0127000000", "平均ケース／50年発生確率": "0.0213000000", "確率過程": "BPT", "マグニチュード": "Mw6.6", "ばらつき": "0.24", "最大ケース／平均活動間隔（年）": "4000.0", "最大ケース／最新活動時期（年前）": "6200.0", "最大ケース／30年発生確率": "0.0477000000", "最大ケース／50年発生確率": "0.0782000000" }, "geometry": { "type": "Polygon", "coordinates": [ [ [ 140.3448486328125, 38.616870463929729 ], [ 140.438232421875, 38.822590976177139 ], [ 140.5975341796875, 38.775499003812968 ], [ 140.504150390625, 38.573937515575921 ], [ 140.3448486328125, 38.616870463929729 ] ] ] } },
{ "type": "Feature", "properties": { "断層面ID": "F001702_00001", "断層コード": "F001702", "name": "新庄盆地断層帯西部", "基準位置経度": "140.182", "基準位置緯度": "38.831", "上端深さ(km)": "3.0", "断層長さ(km)": "18.0", "断層幅(km)": "18.0", "走向角(度)": "175.0", "傾斜角(度)": "45.0", "平均ケース／平均活動間隔（年）": "4700.0", "平均ケース／最新活動時期（年前）": "-", "平均ケース／30年発生確率": "0.0063600000", "平均ケース／50年発生確率": "0.0106000000", "確率過程": "ポアソン", "マグニチュード": "Mw6.4", "ばらつき": "-", "最大ケース／平均活動間隔（年）": "4700.0", "最大ケース／最新活動時期（年前）": "-", "最大ケース／30年発生確率": "0.0063600000", "最大ケース／50年発生確率": "0.0106000000" }, "geometry": { "type": "Polygon", "coordinates": [ [ [ 140.1800537109375, 38.826870521380641 ], [ 140.196533203125, 38.668356101515059 ], [ 140.0537109375, 38.655488159952995 ], [ 140.03173828125, 38.818311173746622 ], [ 140.1800537109375, 38.826870521380641 ] ] ] } },
{ "type": "Feature", "properties": { "断層面ID": "F001801_00001", "断層コード": "F001801", "name": "山形盆地断層帯北部", "基準位置経度": "140.332", "基準位置緯度": "38.676", "上端深さ(km)": "4.0", "断層長さ(km)": "30.0", "断層幅(km)": "18.0", "走向角(度)": "196.0", "傾斜角(度)": "45.0", "平均ケース／平均活動間隔（年）": "3250.0", "平均ケース／最新活動時期（年前）": "2757.5", "平均ケース／30年発生確率": "0.0218000000", "平均ケース／50年発生確率": "0.0366000000", "確率過程": "BPT", "マグニチュード": "Mw6.8", "ばらつき": "0.24", "最大ケース／平均活動間隔（年）": "2500.0", "最大ケース／最新活動時期（年前）": "3900.0", "最大ケース／30年発生確率": "0.0756000000", "最大ケース／50年発生確率": "0.1230000000" }, "geometry": { "type": "Polygon", "coordinates": [ [ [ 140.328369140625, 38.672644901540764 ], [ 140.2349853515625, 38.414862450649451 ], [ 140.0921630859375, 38.444984668894733 ], [ 140.1910400390625, 38.70694605159386 ], [ 140.328369140625, 38.672644901540764 ] ] ] } },
{ "type": "Feature", "properties": { "断層面ID": "F001802_00001", "断層コード": "F001802", "name": "山形盆地断層帯南部", "基準位置経度": "140.236", "基準位置緯度": "38.409", "上端深さ(km)": "4.0", "断層長さ(km)": "32.0", "断層幅(km)": "18.0", "走向角(度)": "184.0", "傾斜角(度)": "45.0", "平均ケース／平均活動間隔（年）": "2500.0", "平均ケース／最新活動時期（年前）": "-", "平均ケース／30年発生確率": "0.0119000000", "平均ケース／50年発生確率": "0.0198000000", "確率過程": "ポアソン", "マグニチュード": "Mw6.8", "ばらつき": "-", "最大ケース／平均活動間隔（年）": "2500.0", "最大ケース／最新活動時期（年前）": "-", "最大ケース／30年発生確率": "0.0119000000", "最大ケース／50年発生確率": "0.0198000000" }, "geometry": { "type": "Polygon", "coordinates": [ [ [ 140.2349853515625, 38.40625379485266 ], [ 140.20751953125, 38.117271658305413 ], [ 140.064697265625, 38.125914629241578 ], [ 140.086669921875, 38.414862450649451 ], [ 140.2349853515625, 38.40625379485266 ] ] ] } },
{ "type": "Feature", "properties": { "断層面ID": "F001901_00001", "断層コード": "F001901", "name": "庄内平野東縁断層帯北部", "基準位置経度": "140.006", "基準位置緯度": "38.847", "上端深さ(km)": "3.0", "断層長さ(km)": "26.0", "断層幅(km)": "18.0", "走向角(度)": "355.0", "傾斜角(度)": "30.0", "平均ケース／平均活動間隔（年）": "1250.0", "平均ケース／最新活動時期（年前）": "128.0", "平均ケース／30年発生確率": "0.0000000000", "平均ケース／50年発生確率": "0.0000000000", "確率過程": "BPT", "マグニチュード": "Mw6.6", "ばらつき": "0.24", "最大ケース／平均活動間隔（年）": "1000.0", "最大ケース／最新活動時期（年前）": "128.0", "最大ケース／30年発生確率": "0.0000000000", "最大ケース／50年発生確率": "0.0000000000" }, "geometry": { "type": "Polygon", "coordinates": [ [ [ 140.0042724609375, 38.843986129756644 ], [ 139.976806640625, 39.078908097064755 ], [ 140.1580810546875, 39.091699613104595 ], [ 140.1800537109375, 38.8568201347436 ], [ 140.0042724609375, 38.843986129756644 ] ] ] } },
{ "type": "Feature", "properties": { "断層面ID": "F001902_00001", "断層コード": "F001902", "name": "庄内平野東縁断層帯南部", "基準位置経度": "139.994", "基準位置緯度": "38.717", "上端深さ(km)": "3.0", "断層長さ(km)": "20.0", "断層幅(km)": "18.0", "走向角(度)": "4.8", "傾斜角(度)": "45.0", "平均ケース／平均活動間隔（年）": "3550.0", "平均ケース／最新活動時期（年前）": "1621.0", "平均ケース／30年発生確率": "0.0001890000", "平均ケース／50年発生確率": "0.0003420000", "確率過程": "BPT", "マグニチュード": "Mw6.4", "ばらつき": "0.24", "最大ケース／平均活動間隔（年）": "2500.0", "最大ケース／最新活動時期（年前）": "3000.0", "最大ケース／30年発生確率": "0.0590000000", "最大ケース／50年発生確率": "0.0967000000" }, "geometry": { "type": "Polygon", "coordinates": [ [ [ 139.9932861328125, 38.715518769304623 ], [ 140.009765625, 38.895308254920167 ], [ 140.1580810546875, 38.88675714069592 ], [ 140.1361083984375, 38.70694605159386 ], [ 139.9932861328125, 38.715518769304623 ] ] ] } },
{ "type": "Feature", "properties": { "断層面ID": "F002001_00001", "断層コード": "F002001", "name": "長町−利府線断層帯", "基準位置経度": "141.027", "基準位置緯度": "38.404", "上端深さ(km)": "3.0", "断層長さ(km)": "42.0", "断層幅(km)": "18.0", "走向角(度)": "231.9", "傾斜角(度)": "40.0", "平均ケース／平均活動間隔（年）": "5000.0", "平均ケース／最新活動時期（年前）": "-", "平均ケース／30年発生確率": "0.0059800000", "平均ケース／50年発生確率": "0.0099500000", "確率過程": "ポアソン", "マグニチュード": "Mw6.9", "ばらつき": "-", "最大ケース／平均活動間隔（年）": "5000.0", "最大ケース／最新活動時期（年前）": "-", "最大ケース／30年発生確率": "0.0059800000", "最大ケース／50年発生確率": "0.0099500000" }, "geometry": { "type": "Polygon", "coordinates": [ [ [ 141.0260009765625, 38.401949082378223 ], [ 140.64697265625, 38.169114135560875 ], [ 140.548095703125, 38.264062968339601 ], [ 140.9271240234375, 38.500892588964632 ], [ 141.0260009765625, 38.401949082378223 ] ] ] } },
{ "type": "Feature", "properties": { "断層面ID": "F002101_00001", "断層コード": "F002101", "name": "福島盆地西縁断層帯", "基準位置経度": "140.679", "基準位置緯度": "38.143", "上端深さ(km)": "2.0", "断層長さ(km)": "60.0", "断層幅(km)": "18.0", "走向角(度)": "212.6", "傾斜角(度)": "45.0", "平均ケース／平均活動間隔（年）": "8000.0", "平均ケース／最新活動時期（年前）": "1961.0", "平均ケース／30年発生確率": "0.0000000000", "平均ケース／50年発生確率": "0.0000000000", "確率過程": "BPT", "マグニチュード": "Mw7.1", "ばらつき": "0.24", "最大ケース／平均活動間隔（年）": "8000.0", "最大ケース／最新活動時期（年前）": "2200.0", "最大ケース／30年発生確率": "0.0000000000", "最大ケース／50年発生確率": "0.0000000000" }, "geometry": { "type": "Polygon", "coordinates": [ [ [ 140.6744384765625, 38.138877167265491 ], [ 140.306396484375, 37.683820326693819 ], [ 140.185546875, 37.749000694370693 ], [ 140.5535888671875, 38.203655318071498 ], [ 140.6744384765625, 38.138877167265491 ] ] ] } },
{ "type": "Feature", "properties": { "断層面ID": "F002201_00001", "断層コード": "F002201", "name": "長井盆地西縁断層帯", "基準位置経度": "140.130", "基準位置緯度": "38.323", "上端深さ(km)": "2.0", "断層長さ(km)": "54.0", "断層幅(km)": "18.0", "走向角(度)": "186.7", "傾斜角(度)": "45.0", "平均ケース／平均活動間隔（年）": "5650.0", "平均ケース／最新活動時期（年前）": "1200.0", "平均ケース／30年発生確率": "0.0000000000", "平均ケース／50年発生確率": "0.0000000000", "確率過程": "BPT", "マグニチュード": "Mw7.1", "ばらつき": "0.24", "最大ケース／平均活動間隔（年）": "5000.0", "最大ケース／最新活動時期（年前）": "2400.0", "最大ケース／30年発生確率": "0.0002440000", "最大ケース／50年発生確率": "0.0004280000" }, "geometry": { "type": "Polygon", "coordinates": [ [ [ 140.1251220703125, 38.320110845015364 ], [ 140.0537109375, 37.835818618104156 ], [ 139.910888671875, 37.853169958949778 ], [ 139.9822998046875, 38.333038822354553 ], [ 140.1251220703125, 38.320110845015364 ] ] ] } },
{ "type": "Feature", "properties": { "断層面ID": "F002301_00001", "断層コード": "F002301", "name": "双葉断層", "基準位置経度": "140.901", "基準位置緯度": "37.658", "上端深さ(km)": "2.0", "断層長さ(km)": "42.0", "断層幅(km)": "18.0", "走向角(度)": "353.5", "傾斜角(度)": "90.0", "平均ケース／平均活動間隔（年）": "10000.0", "平均ケース／最新活動時期（年前）": "2111.0", "平均ケース／30年発生確率": "0.0000000000", "平均ケース／50年発生確率": "0.0000000000", "確率過程": "BPT", "マグニチュード": "Mw6.9", "ばらつき": "0.24", "最大ケース／平均活動間隔（年）": "8000.0", "最大ケース／最新活動時期（年前）": "2400.0", "最大ケース／30年発生確率": "0.0000000000", "最大ケース／50年発生確率": "0.0000000000" }, "geometry": { "type": "Polygon", "coordinates": [ [ [ 140.899658203125, 37.65773212628271 ], [ 140.8447265625, 38.030785693822935 ], [ 140.899658203125, 37.65773212628271 ] ] ] } },
{ "type": "Feature", "properties": { "断層面ID": "F002401_00001", "断層コード": "F002401", "name": "会津盆地西縁断層帯", "基準位置経度": "139.847", "基準位置緯度": "37.729", "上端深さ(km)": "2.0", "断層長さ(km)": "36.0", "断層幅(km)": "18.0", "走向角(度)": "192.5", "傾斜角(度)": "45.0", "平均ケース／平均活動間隔（年）": "8550.0", "平均ケース／最新活動時期（年前）": "411.0", "平均ケース／30年発生確率": "0.0000000000", "平均ケース／50年発生確率": "0.0000000000", "確率過程": "BPT", "マグニチュード": "Mw6.8", "ばらつき": "0.24", "最大ケース／平均活動間隔（年）": "7400.0", "最大ケース／最新活動時期（年前）": "411.0", "最大ケース／30年発生確率": "0.0000000000", "最大ケース／50年発生確率": "0.0000000000" }, "geometry": { "type": "Polygon", "coordinates": [ [ [ 139.844970703125, 37.727280276860029 ], [ 139.757080078125, 37.409437177487874 ], [ 139.6142578125, 37.43561240413149 ], [ 139.7021484375, 37.75334401310657 ], [ 139.844970703125, 37.727280276860029 ] ] ] } },
{ "type": "Feature", "properties": { "断層面ID": "F002402_00001", "断層コード": "F002402", "name": "会津盆地東縁断層帯", "基準位置経度": "139.854", "基準位置緯度": "37.209", "上端深さ(km)": "2.0", "断層長さ(km)": "50.0", "断層幅(km)": "18.0", "走向角(度)": "12.1", "傾斜角(度)": "45.0", "平均ケース／平均活動間隔（年）": "7800.0", "平均ケース／最新活動時期（年前）": "2800.0", "平均ケース／30年発生確率": "0.0000000000", "平均ケース／50年発生確率": "0.0000000000", "確率過程": "BPT", "マグニチュード": "Mw7", "ばらつき": "0.24", "最大ケース／平均活動間隔（年）": "6300.0", "最大ケース／最新活動時期（年前）": "3000.0", "最大ケース／30年発生確率": "0.0001730000", "最大ケース／50年発生確率": "0.0003000000" }, "geometry": { "type": "Polygon", "coordinates": [ [ [ 139.8504638671875, 37.208456662000202 ], [ 139.9713134765625, 37.649034021578657 ], [ 140.108642578125, 37.622933594900871 ], [ 139.9932861328125, 37.182202221079777 ], [ 139.8504638671875, 37.208456662000202 ] ] ] } },
{ "type": "Feature", "properties": { "断層面ID": "F002501_00001", "断層コード": "F002501", "name": "櫛形山脈断層帯", "基準位置経度": "139.438", "基準位置緯度": "38.149", "上端深さ(km)": "3.0", "断層長さ(km)": "18.0", "断層幅(km)": "18.0", "走向角(度)": "206.3", "傾斜角(度)": "45.0", "平均ケース／平均活動間隔（年）": "3500.0", "平均ケース／最新活動時期（年前）": "2900.0", "平均ケース／30年発生確率": "0.0187000000", "平均ケース／50年発生確率": "0.0313000000", "確率過程": "BPT", "マグニチュード": "Mw6.4", "ばらつき": "0.24", "最大ケース／平均活動間隔（年）": "2800.0", "最大ケース／最新活動時期（年前）": "3200.0", "最大ケース／30年発生確率": "0.0493000000", "最大ケース／50年発生確率": "0.0812000000" }, "geometry": { "type": "Polygon", "coordinates": [ [ [ 139.4329833984375, 38.147517580251218 ], [ 139.3450927734375, 38.000491450822864 ], [ 139.2132568359375, 38.05241677186487 ], [ 139.306640625, 38.199338565983851 ], [ 139.4329833984375, 38.147517580251218 ] ] ] } },
{ "type": "Feature", "properties": { "断層面ID": "F002601_00001", "断層コード": "F002601", "name": "月岡断層帯", "基準位置経度": "139.300", "基準位置緯度": "37.936", "上端深さ(km)": "3.0", "断層長さ(km)": "32.0", "断層幅(km)": "18.0", "走向角(度)": "200.3", "傾斜角(度)": "55.0", "平均ケース／平均活動間隔（年）": "7500.0", "平均ケース／最新活動時期（年前）": "3710.0", "平均ケース／30年発生確率": "0.0002270000", "平均ケース／50年発生確率": "0.0003910000", "確率過程": "BPT", "マグニチュード": "Mw6.8", "ばらつき": "0.24", "最大ケース／平均活動間隔（年）": "7500.0", "最大ケース／最新活動時期（年前）": "6500.0", "最大ケース／30年発生確率": "0.0101000000", "最大ケース／50年発生確率": "0.0168000000" }, "geometry": { "type": "Polygon", "coordinates": [ [ [ 139.295654296875, 37.935533061836423 ], [ 139.1693115234375, 37.662080796553767 ], [ 139.0594482421875, 37.696860987441895 ], [ 139.185791015625, 37.965854128749442 ], [ 139.295654296875, 37.935533061836423 ] ] ] } },
{ "type": "Feature", "properties": { "断層面ID": "F002701_00001", "断層コード": "F002701", "name": "長岡平野西縁断層帯", "基準位置経度": "138.819", "基準位置緯度": "38.053", "上端深さ(km)": "6.0", "断層長さ(km)": "84.0", "断層幅(km)": "24.0", "走向角(度)": "185.0", "傾斜角(度)": "55.0", "平均ケース／平均活動間隔（年）": "2450.0", "平均ケース／最新活動時期（年前）": "411.0", "平均ケース／30年発生確率": "0.0000000000", "平均ケース／50年発生確率": "0.0000000000", "確率過程": "BPT", "マグニチュード": "Mw7.5", "ばらつき": "0.24", "最大ケース／平均活動間隔（年）": "1200.0", "最大ケース／最新活動時期（年前）": "822.0", "最大ケース／30年発生確率": "0.0246000000", "最大ケース／50年発生確率": "0.0433000000" }, "geometry": { "type": "Polygon", "coordinates": [ [ [ 138.8177490234375, 38.05241677186487 ], [ 138.7353515625, 37.29590550406617 ], [ 138.5760498046875, 37.309014074275922 ], [ 138.658447265625, 38.061067413812026 ], [ 138.8177490234375, 38.05241677186487 ] ] ] } },
{ "type": "Feature", "properties": { "断層面ID": "F003901_00001", "断層コード": "F003901", "name": "十日町断層帯西部", "基準位置経度": "138.725", "基準位置緯度": "37.267", "上端深さ(km)": "5.0", "断層長さ(km)": "34.0", "断層幅(km)": "18.0", "走向角(度)": "210.4", "傾斜角(度)": "45.0", "平均ケース／平均活動間隔（年）": "3300.0", "平均ケース／最新活動時期（年前）": "3100.0", "平均ケース／30年発生確率": "0.0287000000", "平均ケース／50年発生確率": "0.0478000000", "確率過程": "BPT", "マグニチュード": "Mw6.8", "ばらつき": "0.24", "最大ケース／平均活動間隔（年）": "3300.0", "最大ケース／最新活動時期（年前）": "3100.0", "最大ケース／30年発生確率": "0.0287000000", "最大ケース／50年発生確率": "0.0478000000" }, "geometry": { "type": "Polygon", "coordinates": [ [ [ 138.724365234375, 37.265309955618747 ], [ 138.526611328125, 37.002552672159553 ], [ 138.40576171875, 37.059560830251257 ], [ 138.5980224609375, 37.322120359451773 ], [ 138.724365234375, 37.265309955618747 ] ] ] } },
{ "type": "Feature", "properties": { "断層面ID": "F003902_00001", "断層コード": "F003902", "name": "十日町断層帯東部", "基準位置経度": "138.698", "基準位置緯度": "37.046", "上端深さ(km)": "5.0", "断層長さ(km)": "20.0", "断層幅(km)": "20.0", "走向角(度)": "24.0", "傾斜角(度)": "45.0", "平均ケース／平均活動間隔（年）": "6000.0", "平均ケース／最新活動時期（年前）": "-", "平均ケース／30年発生確率": "0.0049900000", "平均ケース／50年発生確率": "0.0083000000", "確率過程": "ポアソン", "マグニチュード": "Mw6.5", "ばらつき": "-", "最大ケース／平均活動間隔（年）": "4000.0", "最大ケース／最新活動時期（年前）": "-", "最大ケース／30年発生確率": "0.0074700000", "最大ケース／50年発生確率": "0.0124000000" }, "geometry": { "type": "Polygon", "coordinates": [ [ [ 138.6968994140625, 37.042024416350813 ], [ 138.7847900390625, 37.208456662000202 ], [ 138.93310546875, 37.155938651244625 ], [ 138.8397216796875, 36.993778388725175 ], [ 138.6968994140625, 37.042024416350813 ] ] ] } },
{ "type": "Feature", "properties": { "断層面ID": "F004501_00001", "断層コード": "F004501", "name": "木曽山脈西縁断層帯主部北部", "基準位置経度": "137.600", "基準位置緯度": "35.583", "上端深さ(km)": "2.0", "断層長さ(km)": "14.0", "断層幅(km)": "16.0", "走向角(度)": "44.4", "傾斜角(度)": "90.0", "平均ケース／平均活動間隔（年）": "7750.0", "平均ケース／最新活動時期（年前）": "772.0", "平均ケース／30年発生確率": "0.0000000000", "平均ケース／50年発生確率": "0.0000000000", "確率過程": "BPT", "マグニチュード": "Mw6.9", "ばらつき": "0.24", "最大ケース／平均活動間隔（年）": "6400.0", "最大ケース／最新活動時期（年前）": "822.0", "最大ケース／30年発生確率": "0.0000000000", "最大ケース／50年発生確率": "0.0000000000" }, "geometry": { "type": "Polygon", "coordinates": [ [ [ 137.5982666015625, 35.581384183246215 ], [ 137.70263671875, 35.670685013302361 ], [ 137.5982666015625, 35.581384183246215 ] ] ] } },
{ "type": "Feature", "properties": { "断層面ID": "F004501_00002", "断層コード": "F004501", "name": "木曽山脈西縁断層帯主部北部", "基準位置経度": "137.725", "基準位置緯度": "35.676", "上端深さ(km)": "2.0", "断層長さ(km)": "30.0", "断層幅(km)": "18.0", "走向角(度)": "20.6", "傾斜角(度)": "40.0", "平均ケース／平均活動間隔（年）": "7750.0", "平均ケース／最新活動時期（年前）": "772.0", "平均ケース／30年発生確率": "0.0000000000", "平均ケース／50年発生確率": "0.0000000000", "確率過程": "BPT", "マグニチュード": "Mw6.9", "ばらつき": "0.24", "最大ケース／平均活動間隔（年）": "6400.0", "最大ケース／最新活動時期（年前）": "822.0", "最大ケース／30年発生確率": "0.0000000000", "最大ケース／50年発生確率": "0.0000000000" }, "geometry": { "type": "Polygon", "coordinates": [ [ [ 137.724609375, 35.675147436084671 ], [ 137.8399658203125, 35.929092712084568 ], [ 137.9827880859375, 35.884599647175961 ], [ 137.867431640625, 35.630511983000602 ], [ 137.724609375, 35.675147436084671 ] ] ] } },
{ "type": "Feature", "properties": { "断層面ID": "F004502_00001", "断層コード": "F004502", "name": "木曽山脈西縁断層帯主部南部", "基準位置経度": "137.583", "基準位置緯度": "35.517", "上端深さ(km)": "2.0", "断層長さ(km)": "9.4", "断層幅(km)": "9.0", "走向角(度)": "9.3", "傾斜角(度)": "90.0", "平均ケース／平均活動間隔（年）": "14250.0", "平均ケース／最新活動時期（年前）": "5150.0", "平均ケース／30年発生確率": "0.0000000000", "平均ケース／50年発生確率": "0.0000000000", "確率過程": "BPT", "マグニチュード": "Mj6.3", "ばらつき": "0.24", "最大ケース／平均活動間隔（年）": "4500.0", "最大ケース／最新活動時期（年前）": "6500.0", "最大ケース／30年発生確率": "0.0402000000", "最大ケース／50年発生確率": "0.0663000000" }, "geometry": { "type": "Polygon", "coordinates": [ [ [ 137.581787109375, 35.514343134318182 ], [ 137.5982666015625, 35.599252327729488 ], [ 137.581787109375, 35.514343134318182 ] ] ] } },
{ "type": "Feature", "properties": { "断層面ID": "F004503_00001", "断層コード": "F004503", "name": "清内路峠断層帯", "基準位置経度": "137.617", "基準位置緯度": "35.383", "上端深さ(km)": "2.0", "断層長さ(km)": "38.0", "断層幅(km)": "16.0", "走向角(度)": "12.8", "傾斜角(度)": "90.0", "平均ケース／平均活動間隔（年）": "11000.0", "平均ケース／最新活動時期（年前）": "-", "平均ケース／30年発生確率": "0.0027200000", "平均ケース／50年発生確率": "0.0045400000", "確率過程": "ポアソン", "マグニチュード": "Mw6.8", "ばらつき": "-", "最大ケース／平均活動間隔（年）": "11000.0", "最大ケース／最新活動時期（年前）": "-", "最大ケース／30年発生確率": "0.0027200000", "最大ケース／50年発生確率": "0.0045400000" }, "geometry": { "type": "Polygon", "coordinates": [ [ [ 137.61474609375, 35.380092992092145 ], [ 137.7081298828125, 35.715298012125288 ], [ 137.61474609375, 35.380092992092145 ] ] ] } },
{ "type": "Feature", "properties": { "断層面ID": "F004601_00001", "断層コード": "F004601", "name": "境峠・神谷断層帯主部", "基準位置経度": "137.900", "基準位置緯度": "35.850", "上端深さ(km)": "2.0", "断層長さ(km)": "52.0", "断層幅(km)": "16.0", "走向角(度)": "325.0", "傾斜角(度)": "90.0", "平均ケース／平均活動間隔（年）": "3500.0", "平均ケース／最新活動時期（年前）": "3700.0", "平均ケース／30年発生確率": "0.0349000000", "平均ケース／50年発生確率": "0.0577000000", "確率過程": "BPT", "マグニチュード": "Mw7", "ばらつき": "0.24", "最大ケース／平均活動間隔（年）": "1800.0", "最大ケース／最新活動時期（年前）": "4900.0", "最大ケース／30年発生確率": "0.1270000000", "最大ケース／50年発生確率": "0.2020000000" }, "geometry": { "type": "Polygon", "coordinates": [ [ [ 137.8948974609375, 35.848987186906598 ], [ 137.5653076171875, 36.230981283477931 ], [ 137.8948974609375, 35.848987186906598 ] ] ] } },
{ "type": "Feature", "properties": { "断層面ID": "F004602_00001", "断層コード": "F004602", "name": "霧訪山−奈良井断層帯", "基準位置経度": "137.767", "基準位置緯度": "35.921", "上端深さ(km)": "2.0", "断層長さ(km)": "32.0", "断層幅(km)": "16.0", "走向角(度)": "48.7", "傾斜角(度)": "90.0", "平均ケース／平均活動間隔（年）": "2200.0", "平均ケース／最新活動時期（年前）": "-", "平均ケース／30年発生確率": "0.0135000000", "平均ケース／50年発生確率": "0.0225000000", "確率過程": "ポアソン", "マグニチュード": "Mw6.7", "ばらつき": "-", "最大ケース／平均活動間隔（年）": "2200.0", "最大ケース／最新活動時期（年前）": "-", "最大ケース／30年発生確率": "0.0135000000", "最大ケース／50年発生確率": "0.0225000000" }, "geometry": { "type": "Polygon", "coordinates": [ [ [ 137.7630615234375, 35.920196100575112 ], [ 138.0322265625, 36.111252520761568 ], [ 137.7630615234375, 35.920196100575112 ] ] ] } },
{ "type": "Feature", "properties": { "断層面ID": "F004701_00001", "断層コード": "F004701", "name": "跡津川断層帯", "基準位置経度": "136.933", "基準位置緯度": "36.267", "上端深さ(km)": "2.0", "断層長さ(km)": "74.0", "断層幅(km)": "16.0", "走向角(度)": "59.6", "傾斜角(度)": "90.0", "平均ケース／平均活動間隔（年）": "2500.0", "平均ケース／最新活動時期（年前）": "164.0", "平均ケース／30年発生確率": "0.0000000000", "平均ケース／50年発生確率": "0.0000000000", "確率過程": "BPT", "マグニチュード": "Mw7.2", "ばらつき": "0.24", "最大ケース／平均活動間隔（年）": "2300.0", "最大ケース／最新活動時期（年前）": "164.0", "最大ケース／30年発生確率": "0.0000000000", "最大ケース／50年発生確率": "0.0000000000" }, "geometry": { "type": "Polygon", "coordinates": [ [ [ 136.9281005859375, 36.266421331439375 ], [ 137.6422119140625, 36.602299135790446 ], [ 136.9281005859375, 36.266421331439375 ] ] ] } },
{ "type": "Feature", "properties": { "断層面ID": "F004801_00001", "断層コード": "F004801", "name": "高山・大原断層帯国府断層帯", "基準位置経度": "136.996", "基準位置緯度": "36.047", "上端深さ(km)": "2.0", "断層長さ(km)": "28.0", "断層幅(km)": "14.0", "走向角(度)": "50.0", "傾斜角(度)": "90.0", "平均ケース／平均活動間隔（年）": "3950.0", "平均ケース／最新活動時期（年前）": "2509.5", "平均ケース／30年発生確率": "0.0043800000", "平均ケース／50年発生確率": "0.0074800000", "確率過程": "BPT", "マグニチュード": "Mw6.6", "ばらつき": "0.24", "最大ケース／平均活動間隔（年）": "3600.0", "最大ケース／最新活動時期（年前）": "4700.0", "最大ケース／30年発生確率": "0.0456000000", "最大ケース／50年発生確率": "0.0749000000" }, "geometry": { "type": "Polygon", "coordinates": [ [ [ 136.9940185546875, 36.044657539215251 ], [ 137.230224609375, 36.208823092837122 ], [ 136.9940185546875, 36.044657539215251 ] ] ] } },
{ "type": "Feature", "properties": { "断層面ID": "F004802_00001", "断層コード": "F004802", "name": "高山・大原断層帯高山断層帯", "基準位置経度": "136.976", "基準位置緯度": "35.888", "上端深さ(km)": "2.0", "断層長さ(km)": "48.0", "断層幅(km)": "14.0", "走向角(度)": "50.0", "傾斜角(度)": "90.0", "平均ケース／平均活動間隔（年）": "4000.0", "平均ケース／最新活動時期（年前）": "-", "平均ケース／30年発生確率": "0.0074700000", "平均ケース／50年発生確率": "0.0124000000", "確率過程": "ポアソン", "マグニチュード": "Mw6.9", "ばらつき": "-", "最大ケース／平均活動間隔（年）": "4000.0", "最大ケース／最新活動時期（年前）": "-", "最大ケース／30年発生確率": "0.0074700000", "最大ケース／50年発生確率": "0.0124000000" }, "geometry": { "type": "Polygon", "coordinates": [ [ [ 136.9720458984375, 35.884599647175961 ], [ 137.3785400390625, 36.164487886320643 ], [ 136.9720458984375, 35.884599647175961 ] ] ] } },
{ "type": "Feature", "properties": { "断層面ID": "F004803_00001", "断層コード": "F004803", "name": "高山・大原断層帯猪之鼻断層帯", "基準位置経度": "137.281", "基準位置緯度": "35.932", "上端深さ(km)": "2.0", "断層長さ(km)": "24.0", "断層幅(km)": "14.0", "走向角(度)": "60.0", "傾斜角(度)": "90.0", "平均ケース／平均活動間隔（年）": "7600.0", "平均ケース／最新活動時期（年前）": "-", "平均ケース／30年発生確率": "0.0039400000", "平均ケース／50年発生確率": "0.0065600000", "確率過程": "ポアソン", "マグニチュード": "Mw6.5", "ばらつき": "-", "最大ケース／平均活動間隔（年）": "7600.0", "最大ケース／最新活動時期（年前）": "-", "最大ケース／30年発生確率": "0.0039400000", "最大ケース／50年発生確率": "0.0065600000" }, "geometry": { "type": "Polygon", "coordinates": [ [ [ 137.2796630859375, 35.929092712084568 ], [ 137.5103759765625, 36.035773947835807 ], [ 137.2796630859375, 35.929092712084568 ] ] ] } },
{ "type": "Feature", "properties": { "断層面ID": "F004901_00001", "断層コード": "F004901", "name": "牛首断層帯", "基準位置経度": "136.883", "基準位置緯度": "36.267", "上端深さ(km)": "2.0", "断層長さ(km)": "58.0", "断層幅(km)": "16.0", "走向角(度)": "52.5", "傾斜角(度)": "90.0", "平均ケース／平均活動間隔（年）": "6050.0", "平均ケース／最新活動時期（年前）": "922.0", "平均ケース／30年発生確率": "0.0000000000", "平均ケース／50年発生確率": "0.0000000000", "確率過程": "BPT", "マグニチュード": "Mw7.1", "ばらつき": "0.24", "最大ケース／平均活動間隔（年）": "5000.0", "最大ケース／最新活動時期（年前）": "1022.0", "最大ケース／30年発生確率": "0.0000000000", "最大ケース／50年発生確率": "0.0000000000" }, "geometry": { "type": "Polygon", "coordinates": [ [ [ 136.878662109375, 36.266421331439375 ], [ 137.39501953125, 36.584657612471688 ], [ 136.878662109375, 36.266421331439375 ] ] ] } },
{ "type": "Feature", "properties": { "断層面ID": "F005001_00001", "断層コード": "F005001", "name": "庄川断層帯", "基準位置経度": "137.060", "基準位置緯度": "35.912", "上端深さ(km)": "2.0", "断層長さ(km)": "72.0", "断層幅(km)": "14.0", "走向角(度)": "340.3", "傾斜角(度)": "90.0", "平均ケース／平均活動間隔（年）": "5250.0", "平均ケース／最新活動時期（年前）": "722.0", "平均ケース／30年発生確率": "0.0000000000", "平均ケース／50年発生確率": "0.0000000000", "確率過程": "BPT", "マグニチュード": "Mw7.2", "ばらつき": "0.24", "最大ケース／平均活動間隔（年）": "3600.0", "最大ケース／最新活動時期（年前）": "1022.0", "最大ケース／30年発生確率": "0.0000000000", "最大ケース／50年発生確率": "0.0000000000" }, "geometry": { "type": "Polygon", "coordinates": [ [ [ 137.0599365234375, 35.911298488227459 ], [ 136.790771484375, 36.522880528051374 ], [ 137.0599365234375, 35.911298488227459 ] ] ] } },
{ "type": "Feature", "properties": { "断層面ID": "F005101_00001", "断層コード": "F005101", "name": "伊那谷断層帯主部", "基準位置経度": "137.858", "基準位置緯度": "35.637", "上端深さ(km)": "2.0", "断層長さ(km)": "37.5", "断層幅(km)": "18.0", "走向角(度)": "214.0", "傾斜角(度)": "70.0", "平均ケース／平均活動間隔（年）": "5800.0", "平均ケース／最新活動時期（年前）": "509.5", "平均ケース／30年発生確率": "0.0000000000", "平均ケース／50年発生確率": "0.0000000000", "確率過程": "BPT", "マグニチュード": "Mw7.3", "ばらつき": "0.24", "最大ケース／平均活動間隔（年）": "5200.0", "最大ケース／最新活動時期（年前）": "722.0", "最大ケース／30年発生確率": "0.0000000000", "最大ケース／50年発生確率": "0.0000000000" }, "geometry": { "type": "Polygon", "coordinates": [ [ [ 137.8564453125, 35.634976650677316 ], [ 137.625732421875, 35.353216101238232 ], [ 137.5653076171875, 35.384571603817633 ], [ 137.801513671875, 35.666222341034796 ], [ 137.8564453125, 35.634976650677316 ] ] ] } },
{ "type": "Feature", "properties": { "断層面ID": "F005101_00002", "断層コード": "F005101", "name": "伊那谷断層帯主部", "基準位置経度": "137.858", "基準位置緯度": "35.637", "上端深さ(km)": "2.0", "断層長さ(km)": "41.5", "断層幅(km)": "18.0", "走向角(度)": "10.0", "傾斜角(度)": "110.0", "平均ケース／平均活動間隔（年）": "5800.0", "平均ケース／最新活動時期（年前）": "509.5", "平均ケース／30年発生確率": "0.0000000000", "平均ケース／50年発生確率": "0.0000000000", "確率過程": "BPT", "マグニチュード": "Mw7.3", "ばらつき": "0.24", "最大ケース／平均活動間隔（年）": "5200.0", "最大ケース／最新活動時期（年前）": "722.0", "最大ケース／30年発生確率": "0.0000000000", "最大ケース／50年発生確率": "0.0000000000" }, "geometry": { "type": "Polygon", "coordinates": [ [ [ 137.8564453125, 35.634976650677316 ], [ 137.79052734375, 35.64390523787732 ], [ 137.867431640625, 36.013560585181537 ], [ 137.933349609375, 36.004673486701861 ], [ 137.8564453125, 35.634976650677316 ] ] ] } },
{ "type": "Feature", "properties": { "断層面ID": "F005102_00001", "断層コード": "F005102", "name": "伊那谷断層帯南東部", "基準位置経度": "137.829", "基準位置緯度": "35.517", "上端深さ(km)": "2.0", "断層長さ(km)": "34.0", "断層幅(km)": "18.0", "走向角(度)": "200.0", "傾斜角(度)": "60.0", "平均ケース／平均活動間隔（年）": "25000.0", "平均ケース／最新活動時期（年前）": "-", "平均ケース／30年発生確率": "0.0012000000", "平均ケース／50年発生確率": "0.0020000000", "確率過程": "ポアソン", "マグニチュード": "Mw6.8", "ばらつき": "-", "最大ケース／平均活動間隔（年）": "25000.0", "最大ケース／最新活動時期（年前）": "-", "最大ケース／30年発生確率": "0.0012000000", "最大ケース／50年発生確率": "0.0020000000" }, "geometry": { "type": "Polygon", "coordinates": [ [ [ 137.8289794921875, 35.514343134318182 ], [ 137.6971435546875, 35.227672354935862 ], [ 137.603759765625, 35.254590974650228 ], [ 137.735595703125, 35.541166279998151 ], [ 137.8289794921875, 35.514343134318182 ] ] ] } },
{ "type": "Feature", "properties": { "断層面ID": "F005201_00001", "断層コード": "F005201", "name": "阿寺断層帯主部北部", "基準位置経度": "137.220", "基準位置緯度": "35.837", "上端深さ(km)": "2.0", "断層長さ(km)": "20.0", "断層幅(km)": "16.0", "走向角(度)": "349.8", "傾斜角(度)": "90.0", "平均ケース／平均活動間隔（年）": "2150.0", "平均ケース／最新活動時期（年前）": "3200.0", "平均ケース／30年発生確率": "0.0845000000", "平均ケース／50年発生確率": "0.1370000000", "確率過程": "BPT", "マグニチュード": "Mw6.4", "ばらつき": "0.24", "最大ケース／平均活動間隔（年）": "1800.0", "最大ケース／最新活動時期（年前）": "3400.0", "最大ケース／30年発生確率": "0.1140000000", "最大ケース／50年発生確率": "0.1840000000" }, "geometry": { "type": "Polygon", "coordinates": [ [ [ 137.21923828125, 35.835628388873701 ], [ 137.1807861328125, 36.013560585181537 ], [ 137.21923828125, 35.835628388873701 ] ] ] } },
{ "type": "Feature", "properties": { "断層面ID": "F005202_00001", "断層コード": "F005202", "name": "阿寺断層帯主部南部", "基準位置経度": "137.616", "基準位置緯度": "35.488", "上端深さ(km)": "2.0", "断層長さ(km)": "64.0", "断層幅(km)": "16.0", "走向角(度)": "312.0", "傾斜角(度)": "90.0", "平均ケース／平均活動間隔（年）": "1700.0", "平均ケース／最新活動時期（年前）": "436.0", "平均ケース／30年発生確率": "0.0000000000", "平均ケース／50年発生確率": "0.0000000000", "確率過程": "BPT", "マグニチュード": "Mw7.2", "ばらつき": "0.24", "最大ケース／平均活動間隔（年）": "1700.0", "最大ケース／最新活動時期（年前）": "436.0", "最大ケース／30年発生確率": "0.0000000000", "最大ケース／50年発生確率": "0.0000000000" }, "geometry": { "type": "Polygon", "coordinates": [ [ [ 137.61474609375, 35.48751102385377 ], [ 137.08740234375, 35.871246850027973 ], [ 137.61474609375, 35.48751102385377 ] ] ] } },
{ "type": "Feature", "properties": { "断層面ID": "F005203_00001", "断層コード": "F005203", "name": "阿寺断層帯佐見断層帯", "基準位置経度": "137.085", "基準位置緯度": "35.611", "上端深さ(km)": "2.0", "断層長さ(km)": "28.0", "断層幅(km)": "16.0", "走向角(度)": "63.9", "傾斜角(度)": "90.0", "平均ケース／平均活動間隔（年）": "7900.0", "平均ケース／最新活動時期（年前）": "-", "平均ケース／30年発生確率": "0.0037900000", "平均ケース／50年発生確率": "0.0063100000", "確率過程": "ポアソン", "マグニチュード": "Mw6.7", "ばらつき": "-", "最大ケース／平均活動間隔（年）": "7900.0", "最大ケース／最新活動時期（年前）": "-", "最大ケース／30年発生確率": "0.0037900000", "最大ケース／50年発生確率": "0.0063100000" }, "geometry": { "type": "Polygon", "coordinates": [ [ [ 137.0819091796875, 35.608184904377467 ], [ 137.362060546875, 35.719757939334329 ], [ 137.0819091796875, 35.608184904377467 ] ] ] } },
{ "type": "Feature", "properties": { "断層面ID": "F005204_00001", "断層コード": "F005204", "name": "阿寺断層帯白川断層帯", "基準位置経度": "137.051", "基準位置緯度": "35.578", "上端深さ(km)": "2.0", "断層長さ(km)": "34.0", "断層幅(km)": "16.0", "走向角(度)": "68.9", "傾斜角(度)": "90.0", "平均ケース／平均活動間隔（年）": "9800.0", "平均ケース／最新活動時期（年前）": "-", "平均ケース／30年発生確率": "0.0030600000", "平均ケース／50年発生確率": "0.0050900000", "確率過程": "ポアソン", "マグニチュード": "Mw6.8", "ばらつき": "-", "最大ケース／平均活動間隔（年）": "9800.0", "最大ケース／最新活動時期（年前）": "-", "最大ケース／30年発生確率": "0.0030600000", "最大ケース／50年発生確率": "0.0050900000" }, "geometry": { "type": "Polygon", "coordinates": [ [ [ 137.0489501953125, 35.576916524038609 ], [ 137.4005126953125, 35.684071533140965 ], [ 137.0489501953125, 35.576916524038609 ] ] ] } },
{ "type": "Feature", "properties": { "断層面ID": "F005301_00001", "断層コード": "F005301", "name": "屏風山・恵那山−猿投山断層帯屏風山断層帯", "基準位置経度": "137.395", "基準位置緯度": "35.405", "上端深さ(km)": "2.0", "断層長さ(km)": "20.0", "断層幅(km)": "18.0", "走向角(度)": "61.5", "傾斜角(度)": "60.0", "平均ケース／平均活動間隔（年）": "8000.0", "平均ケース／最新活動時期（年前）": "-", "平均ケース／30年発生確率": "0.0037400000", "平均ケース／50年発生確率": "0.0062300000", "確率過程": "ポアソン", "マグニチュード": "Mw6.4", "ばらつき": "-", "最大ケース／平均活動間隔（年）": "4000.0", "最大ケース／最新活動時期（年前）": "-", "最大ケース／30年発生確率": "0.0074700000", "最大ケース／50年発生確率": "0.0124000000" }, "geometry": { "type": "Polygon", "coordinates": [ [ [ 137.3895263671875, 35.40248356426936 ], [ 137.5872802734375, 35.48751102385377 ], [ 137.6312255859375, 35.415914923456228 ], [ 137.43896484375, 35.330811857318196 ], [ 137.3895263671875, 35.40248356426936 ] ] ] } },
{ "type": "Feature", "properties": { "断層面ID": "F005302_00001", "断層コード": "F005302", "name": "赤河断層帯", "基準位置経度": "137.182", "基準位置緯度": "35.565", "上端深さ(km)": "2.0", "断層長さ(km)": "24.0", "断層幅(km)": "18.0", "走向角(度)": "125.5", "傾斜角(度)": "60.0", "平均ケース／平均活動間隔（年）": "7300.0", "平均ケース／最新活動時期（年前）": "-", "平均ケース／30年発生確率": "0.0041000000", "平均ケース／50年発生確率": "0.0068300000", "確率過程": "ポアソン", "マグニチュード": "Mw6.6", "ばらつき": "-", "最大ケース／平均活動間隔（年）": "7300.0", "最大ケース／最新活動時期（年前）": "-", "最大ケース／30年発生確率": "0.0041000000", "最大ケース／50年発生確率": "0.0068300000" }, "geometry": { "type": "Polygon", "coordinates": [ [ [ 137.1807861328125, 35.563512051219703 ], [ 137.39501953125, 35.438295547396706 ], [ 137.3345947265625, 35.371135022801013 ], [ 137.120361328125, 35.496456056584165 ], [ 137.1807861328125, 35.563512051219703 ] ] ] } },
{ "type": "Feature", "properties": { "断層面ID": "F005303_00001", "断層コード": "F005303", "name": "恵那山−猿投山北断層帯", "基準位置経度": "137.100", "基準位置緯度": "35.183", "上端深さ(km)": "2.0", "断層長さ(km)": "22.0", "断層幅(km)": "18.0", "走向角(度)": "48.4", "傾斜角(度)": "90.0", "平均ケース／平均活動間隔（年）": "10600.0", "平均ケース／最新活動時期（年前）": "6500.0", "平均ケース／30年発生確率": "0.0012300000", "平均ケース／50年発生確率": "0.0020700000", "確率過程": "BPT", "マグニチュード": "Mw7.2", "ばらつき": "0.24", "最大ケース／平均活動間隔（年）": "7200.0", "最大ケース／最新活動時期（年前）": "7600.0", "最大ケース／30年発生確率": "0.0170000000", "最大ケース／50年発生確率": "0.0282000000" }, "geometry": { "type": "Polygon", "coordinates": [ [ [ 137.098388671875, 35.182788138002294 ], [ 137.2796630859375, 35.31288398967159 ], [ 137.098388671875, 35.182788138002294 ] ] ] } },
{ "type": "Feature", "properties": { "断層面ID": "F005303_00002", "断層コード": "F005303", "name": "恵那山−猿投山北断層帯", "基準位置経度": "137.231", "基準位置緯度": "35.249", "上端深さ(km)": "2.0", "断層長さ(km)": "38.0", "断層幅(km)": "18.0", "走向角(度)": "56.1", "傾斜角(度)": "40.0", "平均ケース／平均活動間隔（年）": "10600.0", "平均ケース／最新活動時期（年前）": "6500.0", "平均ケース／30年発生確率": "0.0012300000", "平均ケース／50年発生確率": "0.0020700000", "確率過程": "BPT", "マグニチュード": "Mw7.2", "ばらつき": "0.24", "最大ケース／平均活動間隔（年）": "7200.0", "最大ケース／最新活動時期（年前）": "7600.0", "最大ケース／30年発生確率": "0.0170000000", "最大ケース／50年発生確率": "0.0282000000" }, "geometry": { "type": "Polygon", "coordinates": [ [ [ 137.230224609375, 35.245619094206802 ], [ 137.5762939453125, 35.438295547396706 ], [ 137.65869140625, 35.335293203093286 ], [ 137.3126220703125, 35.142371137139904 ], [ 137.230224609375, 35.245619094206802 ] ] ] } },
{ "type": "Feature", "properties": { "断層面ID": "F005304_00001", "断層コード": "F005304", "name": "猿投−高浜断層帯", "基準位置経度": "136.959", "基準位置緯度": "35.005", "上端深さ(km)": "2.0", "断層長さ(km)": "34.0", "断層幅(km)": "18.0", "走向角(度)": "37.5", "傾斜角(度)": "115.0", "平均ケース／平均活動間隔（年）": "40000.0", "平均ケース／最新活動時期（年前）": "14000.0", "平均ケース／30年発生確率": "0.0000000000", "平均ケース／50年発生確率": "0.0000000000", "確率過程": "BPT", "マグニチュード": "Mw7.1", "ばらつき": "0.24", "最大ケース／平均活動間隔（年）": "40000.0", "最大ケース／最新活動時期（年前）": "14000.0", "最大ケース／30年発生確率": "0.0000000000", "最大ケース／50年発生確率": "0.0000000000" }, "geometry": { "type": "Polygon", "coordinates": [ [ [ 136.95556640625, 35.003003395276721 ], [ 136.8896484375, 35.043489514314686 ], [ 137.1148681640625, 35.285984736065757 ], [ 137.1807861328125, 35.245619094206802 ], [ 136.95556640625, 35.003003395276721 ] ] ] } },
{ "type": "Feature", "properties": { "断層面ID": "F005304_00002", "断層コード": "F005304", "name": "猿投−高浜断層帯", "基準位置経度": "136.958", "基準位置緯度": "34.996", "上端深さ(km)": "2.0", "断層長さ(km)": "18.0", "断層幅(km)": "18.0", "走向角(度)": "152.8", "傾斜角(度)": "65.0", "平均ケース／平均活動間隔（年）": "40000.0", "平均ケース／最新活動時期（年前）": "14000.0", "平均ケース／30年発生確率": "0.0000000000", "平均ケース／50年発生確率": "0.0000000000", "確率過程": "BPT", "マグニチュード": "Mw7.1", "ばらつき": "0.24", "最大ケース／平均活動間隔（年）": "40000.0", "最大ケース／最新活動時期（年前）": "14000.0", "最大ケース／30年発生確率": "0.0000000000", "最大ケース／50年発生確率": "0.0000000000" }, "geometry": { "type": "Polygon", "coordinates": [ [ [ 136.95556640625, 34.994003757575769 ], [ 137.04345703125, 34.849875031954184 ], [ 136.9720458984375, 34.818313145609395 ], [ 136.878662109375, 34.962497232449152 ], [ 136.95556640625, 34.994003757575769 ] ] ] } },
{ "type": "Feature", "properties": { "断層面ID": "F005305_00001", "断層コード": "F005305", "name": "加木屋断層帯", "基準位置経度": "136.938", "基準位置緯度": "34.736", "上端深さ(km)": "2.0", "断層長さ(km)": "26.0", "断層幅(km)": "18.0", "走向角(度)": "350.0", "傾斜角(度)": "45.0", "平均ケース／平均活動間隔（年）": "30000.0", "平均ケース／最新活動時期（年前）": "-", "平均ケース／30年発生確率": "0.0010000000", "平均ケース／50年発生確率": "0.0016700000", "確率過程": "ポアソン", "マグニチュード": "Mw6.9", "ばらつき": "-", "最大ケース／平均活動間隔（年）": "30000.0", "最大ケース／最新活動時期（年前）": "-", "最大ケース／30年発生確率": "0.0010000000", "最大ケース／50年発生確率": "0.0016700000" }, "geometry": { "type": "Polygon", "coordinates": [ [ [ 136.93359375, 34.732584206123619 ], [ 136.8841552734375, 34.962497232449152 ], [ 137.021484375, 34.985003130171066 ], [ 137.0709228515625, 34.755153088189317 ], [ 136.93359375, 34.732584206123619 ] ] ] } },
{ "type": "Feature", "properties": { "断層面ID": "F005305_00002", "断層コード": "F005305", "name": "加木屋断層帯", "基準位置経度": "136.908", "基準位置緯度": "35.036", "上端深さ(km)": "2.0", "断層長さ(km)": "12.0", "断層幅(km)": "18.0", "走向角(度)": "166.8", "傾斜角(度)": "60.0", "平均ケース／平均活動間隔（年）": "30000.0", "平均ケース／最新活動時期（年前）": "-", "平均ケース／30年発生確率": "0.0010000000", "平均ケース／50年発生確率": "0.0016700000", "確率過程": "ポアソン", "マグニチュード": "Mw6.9", "ばらつき": "-", "最大ケース／平均活動間隔（年）": "30000.0", "最大ケース／最新活動時期（年前）": "-", "最大ケース／30年発生確率": "0.0010000000", "最大ケース／50年発生確率": "0.0016700000" }, "geometry": { "type": "Polygon", "coordinates": [ [ [ 136.9061279296875, 35.034494331679767 ], [ 136.93359375, 34.926474935846457 ], [ 136.8402099609375, 34.908457853981375 ], [ 136.8072509765625, 35.016500995886005 ], [ 136.9061279296875, 35.034494331679767 ] ] ] } },
{ "type": "Feature", "properties": { "断層面ID": "F005501_00001", "断層コード": "F005501", "name": "邑知潟断層帯", "基準位置経度": "136.758", "基準位置緯度": "36.674", "上端深さ(km)": "2.0", "断層長さ(km)": "46.0", "断層幅(km)": "18.0", "走向角(度)": "35.7", "傾斜角(度)": "30.0", "平均ケース／平均活動間隔（年）": "1550.0", "平均ケース／最新活動時期（年前）": "-", "平均ケース／30年発生確率": "0.0192000000", "平均ケース／50年発生確率": "0.0317000000", "確率過程": "ポアソン", "マグニチュード": "Mw7", "ばらつき": "-", "最大ケース／平均活動間隔（年）": "1200.0", "最大ケース／最新活動時期（年前）": "-", "最大ケース／30年発生確率": "0.0247000000", "最大ケース／50年発生確率": "0.0408000000" }, "geometry": { "type": "Polygon", "coordinates": [ [ [ 136.7578125, 36.672824886786557 ], [ 137.054443359375, 37.006939434185867 ], [ 137.197265625, 36.927938997766773 ], [ 136.8951416015625, 36.589068371399108 ], [ 136.7578125, 36.672824886786557 ] ] ] } },
{ "type": "Feature", "properties": { "断層面ID": "F005601_00001", "断層コード": "F005601", "name": "砺波平野断層帯西部", "基準位置経度": "136.957", "基準位置緯度": "36.752", "上端深さ(km)": "4.0", "断層長さ(km)": "26.0", "断層幅(km)": "22.0", "走向角(度)": "220.0", "傾斜角(度)": "45.0", "平均ケース／平均活動間隔（年）": "9000.0", "平均ケース／最新活動時期（年前）": "4411.0", "平均ケース／30年発生確率": "0.0001690000", "平均ケース／50年発生確率": "0.0002890000", "確率過程": "BPT", "マグニチュード": "Mw6.8", "ばらつき": "0.24", "最大ケース／平均活動間隔（年）": "6000.0", "最大ケース／最新活動時期（年前）": "6900.0", "最大ケース／30年発生確率": "0.0235000000", "最大ケース／50年発生確率": "0.0389000000" }, "geometry": { "type": "Polygon", "coordinates": [ [ [ 136.95556640625, 36.747687731900555 ], [ 136.768798828125, 36.57142382346278 ], [ 136.6314697265625, 36.659606226479696 ], [ 136.8182373046875, 36.840064620377674 ], [ 136.95556640625, 36.747687731900555 ] ] ] } },
{ "type": "Feature", "properties": { "断層面ID": "F005602_00001", "断層コード": "F005602", "name": "砺波平野断層帯東部", "基準位置経度": "136.945", "基準位置緯度": "36.453", "上端深さ(km)": "4.0", "断層長さ(km)": "22.0", "断層幅(km)": "18.0", "走向角(度)": "30.0", "傾斜角(度)": "45.0", "平均ケース／平均活動間隔（年）": "5000.0", "平均ケース／最新活動時期（年前）": "3950.0", "平均ケース／30年発生確率": "0.0109000000", "平均ケース／50年発生確率": "0.0183000000", "確率過程": "BPT", "マグニチュード": "Mw6.6", "ばらつき": "0.24", "最大ケース／平均活動間隔（年）": "3000.0", "最大ケース／最新活動時期（年前）": "4300.0", "最大ケース／30年発生確率": "0.0594000000", "最大ケース／50年発生確率": "0.0973000000" }, "geometry": { "type": "Polygon", "coordinates": [ [ [ 136.944580078125, 36.45221769643571 ], [ 137.0654296875, 36.624345367769877 ], [ 137.186279296875, 36.567012056423408 ], [ 137.0654296875, 36.394756699873852 ], [ 136.944580078125, 36.45221769643571 ] ] ] } },
{ "type": "Feature", "properties": { "断層面ID": "F005603_00001", "断層コード": "F005603", "name": "呉羽山断層帯", "基準位置経度": "137.276", "基準位置緯度": "36.851", "上端深さ(km)": "4.0", "断層長さ(km)": "30.0", "断層幅(km)": "22.0", "走向角(度)": "210.0", "傾斜角(度)": "45.0", "平均ケース／平均活動間隔（年）": "4000.0", "平均ケース／最新活動時期（年前）": "2411.0", "平均ケース／30年発生確率": "0.0029400000", "平均ケース／50年発生確率": "0.0050600000", "確率過程": "BPT", "マグニチュード": "Mw6.9", "ばらつき": "0.24", "最大ケース／平均活動間隔（年）": "3000.0", "最大ケース／最新活動時期（年前）": "3500.0", "最大ケース／30年発生確率": "0.0475000000", "最大ケース／50年発生確率": "0.0782000000" }, "geometry": { "type": "Polygon", "coordinates": [ [ [ 137.274169921875, 36.848856608486912 ], [ 137.1038818359375, 36.615527631349252 ], [ 136.95556640625, 36.686041276581932 ], [ 137.120361328125, 36.919156111481939 ], [ 137.274169921875, 36.848856608486912 ] ] ] } },
{ "type": "Feature", "properties": { "断層面ID": "F005701_00001", "断層コード": "F005701", "name": "森本・富樫断層帯", "基準位置経度": "136.650", "基準位置緯度": "36.453", "上端深さ(km)": "4.0", "断層長さ(km)": "26.0", "断層幅(km)": "20.0", "走向角(度)": "25.7", "傾斜角(度)": "50.0", "平均ケース／平均活動間隔（年）": "1950.0", "平均ケース／最新活動時期（年前）": "1815.5", "平均ケース／30年発生確率": "0.0475000000", "平均ケース／50年発生確率": "0.0790000000", "確率過程": "BPT", "マグニチュード": "Mw6.7", "ばらつき": "0.24", "最大ケース／平均活動間隔（年）": "1700.0", "最大ケース／最新活動時期（年前）": "2009.0", "最大ケース／30年発生確率": "0.0841000000", "最大ケース／50年発生確率": "0.1370000000" }, "geometry": { "type": "Polygon", "coordinates": [ [ [ 136.64794921875, 36.45221769643571 ], [ 136.7742919921875, 36.664012698841702 ], [ 136.900634765625, 36.611118384941648 ], [ 136.7742919921875, 36.39917828607652 ], [ 136.64794921875, 36.45221769643571 ] ] ] } },
{ "type": "Feature", "properties": { "断層面ID": "F005801_00001", "断層コード": "F005801", "name": "福井平野東縁断層帯主部", "基準位置経度": "136.266", "基準位置緯度": "36.434", "上端深さ(km)": "2.0", "断層長さ(km)": "48.0", "断層幅(km)": "16.0", "走向角(度)": "174.4", "傾斜角(度)": "90.0", "平均ケース／平均活動間隔（年）": "8150.0", "平均ケース／最新活動時期（年前）": "3150.0", "平均ケース／30年発生確率": "0.0000000000", "平均ケース／50年発生確率": "0.0000104000", "確率過程": "BPT", "マグニチュード": "Mw7", "ばらつき": "0.24", "最大ケース／平均活動間隔（年）": "6300.0", "最大ケース／最新活動時期（年前）": "3400.0", "最大ケース／30年発生確率": "0.0006940000", "最大ケース／50年発生確率": "0.0011900000" }, "geometry": { "type": "Polygon", "coordinates": [ [ [ 136.263427734375, 36.43012234551577 ], [ 136.3128662109375, 36.000229561780017 ], [ 136.263427734375, 36.43012234551577 ] ] ] } },
{ "type": "Feature", "properties": { "断層面ID": "F005802_00001", "断層コード": "F005802", "name": "福井平野東縁断層帯西部", "基準位置経度": "136.132", "基準位置緯度": "36.303", "上端深さ(km)": "2.0", "断層長さ(km)": "36.0", "断層幅(km)": "16.0", "走向角(度)": "156.8", "傾斜角(度)": "90.0", "平均ケース／平均活動間隔（年）": "-", "平均ケース／最新活動時期（年前）": "-", "平均ケース／30年発生確率": "0.0000000000", "平均ケース／50年発生確率": "0.0000000000", "確率過程": "不明", "マグニチュード": "Mw6.8", "ばらつき": "-", "最大ケース／平均活動間隔（年）": "-999.0", "最大ケース／最新活動時期（年前）": "-", "最大ケース／30年発生確率": "0.0000000000", "最大ケース／50年発生確率": "0.0000000000" }, "geometry": { "type": "Polygon", "coordinates": [ [ [ 136.131591796875, 36.301845303684317 ], [ 136.285400390625, 36.004673486701861 ], [ 136.131591796875, 36.301845303684317 ] ] ] } },
{ "type": "Feature", "properties": { "断層面ID": "F005901_00001", "断層コード": "F005901", "name": "長良川上流断層帯", "基準位置経度": "136.974", "基準位置緯度": "35.705", "上端深さ(km)": "2.0", "断層長さ(km)": "32.0", "断層幅(km)": "16.0", "走向角(度)": "332.4", "傾斜角(度)": "90.0", "平均ケース／平均活動間隔（年）": "9200.0", "平均ケース／最新活動時期（年前）": "-", "平均ケース／30年発生確率": "0.0032600000", "平均ケース／50年発生確率": "0.0054200000", "確率過程": "ポアソン", "マグニチュード": "Mw6.8", "ばらつき": "-", "最大ケース／平均活動間隔（年）": "9200.0", "最大ケース／最新活動時期（年前）": "-", "最大ケース／30年発生確率": "0.0032600000", "最大ケース／50年発生確率": "0.0054200000" }, "geometry": { "type": "Polygon", "coordinates": [ [ [ 136.9720458984375, 35.701916732853391 ], [ 136.8072509765625, 35.96022296929668 ], [ 136.9720458984375, 35.701916732853391 ] ] ] } },
{ "type": "Feature", "properties": { "断層面ID": "F006001_00001", "断層コード": "F006001", "name": "温見断層北西部", "基準位置経度": "136.483", "基準位置緯度": "35.800", "上端深さ(km)": "2.0", "断層長さ(km)": "20.0", "断層幅(km)": "12.0", "走向角(度)": "316.5", "傾斜角(度)": "90.0", "平均ケース／平均活動間隔（年）": "2300.0", "平均ケース／最新活動時期（年前）": "131.0", "平均ケース／30年発生確率": "0.0000000000", "平均ケース／50年発生確率": "0.0000000000", "確率過程": "BPT", "マグニチュード": "Mw6.4", "ばらつき": "0.24", "最大ケース／平均活動間隔（年）": "2200.0", "最大ケース／最新活動時期（年前）": "131.0", "最大ケース／30年発生確率": "0.0000000000", "最大ケース／50年発生確率": "0.0000000000" }, "geometry": { "type": "Polygon", "coordinates": [ [ [ 136.4776611328125, 35.799993929885275 ], [ 136.329345703125, 35.929092712084568 ], [ 136.4776611328125, 35.799993929885275 ] ] ] } },
{ "type": "Feature", "properties": { "断層面ID": "F006002_00001", "断層コード": "F006002", "name": "温見断層南東部", "基準位置経度": "136.483", "基準位置緯度": "35.800", "上端深さ(km)": "2.0", "断層長さ(km)": "22.0", "断層幅(km)": "18.0", "走向角(度)": "117.1", "傾斜角(度)": "90.0", "平均ケース／平均活動間隔（年）": "1700.0", "平均ケース／最新活動時期（年前）": "-", "平均ケース／30年発生確率": "0.0175000000", "平均ケース／50年発生確率": "0.0290000000", "確率過程": "ポアソン", "マグニチュード": "Mw6.6", "ばらつき": "-", "最大ケース／平均活動間隔（年）": "1700.0", "最大ケース／最新活動時期（年前）": "-", "最大ケース／30年発生確率": "0.0175000000", "最大ケース／50年発生確率": "0.0290000000" }, "geometry": { "type": "Polygon", "coordinates": [ [ [ 136.4776611328125, 35.799993929885275 ], [ 136.6973876953125, 35.706377408871774 ], [ 136.4776611328125, 35.799993929885275 ] ] ] } },
{ "type": "Feature", "properties": { "断層面ID": "F006003_00001", "断層コード": "F006003", "name": "濃尾断層帯主部根尾谷断層帯", "基準位置経度": "136.700", "基準位置緯度": "35.533", "上端深さ(km)": "2.0", "断層長さ(km)": "34.0", "断層幅(km)": "14.0", "走向角(度)": "323.0", "傾斜角(度)": "90.0", "平均ケース／平均活動間隔（年）": "2850.0", "平均ケース／最新活動時期（年前）": "131.0", "平均ケース／30年発生確率": "0.0000000000", "平均ケース／50年発生確率": "0.0000000000", "確率過程": "BPT", "マグニチュード": "Mw6.8", "ばらつき": "0.24", "最大ケース／平均活動間隔（年）": "2100.0", "最大ケース／最新活動時期（年前）": "131.0", "最大ケース／30年発生確率": "0.0000000000", "最大ケース／50年発生確率": "0.0000000000" }, "geometry": { "type": "Polygon", "coordinates": [ [ [ 136.6973876953125, 35.532226227703362 ], [ 136.47216796875, 35.777714272050787 ], [ 136.6973876953125, 35.532226227703362 ] ] ] } },
{ "type": "Feature", "properties": { "断層面ID": "F006004_00001", "断層コード": "F006004", "name": "濃尾断層帯主部梅原断層帯", "基準位置経度": "136.650", "基準位置緯度": "35.617", "上端深さ(km)": "2.0", "断層長さ(km)": "40.0", "断層幅(km)": "18.0", "走向角(度)": "125.3", "傾斜角(度)": "90.0", "平均ケース／平均活動間隔（年）": "14500.0", "平均ケース／最新活動時期（年前）": "131.0", "平均ケース／30年発生確率": "0.0000000000", "平均ケース／50年発生確率": "0.0000000000", "確率過程": "BPT", "マグニチュード": "Mw6.9", "ばらつき": "0.24", "最大ケース／平均活動間隔（年）": "14000.0", "最大ケース／最新活動時期（年前）": "131.0", "最大ケース／30年発生確率": "0.0000000000", "最大ケース／50年発生確率": "0.0000000000" }, "geometry": { "type": "Polygon", "coordinates": [ [ [ 136.64794921875, 35.612650818756705 ], [ 137.0050048828125, 35.406960932702006 ], [ 136.64794921875, 35.612650818756705 ] ] ] } },
{ "type": "Feature", "properties": { "断層面ID": "F006005_00001", "断層コード": "F006005", "name": "濃尾断層帯主部三田洞断層帯", "基準位置経度": "136.700", "基準位置緯度": "35.533", "上端深さ(km)": "2.0", "断層長さ(km)": "22.0", "断層幅(km)": "18.0", "走向角(度)": "126.3", "傾斜角(度)": "90.0", "平均ケース／平均活動間隔（年）": "15000.0", "平均ケース／最新活動時期（年前）": "-", "平均ケース／30年発生確率": "0.0020000000", "平均ケース／50年発生確率": "0.0033300000", "確率過程": "ポアソン", "マグニチュード": "Mw6.5", "ばらつき": "-", "最大ケース／平均活動間隔（年）": "15000.0", "最大ケース／最新活動時期（年前）": "-", "最大ケース／30年発生確率": "0.0020000000", "最大ケース／50年発生確率": "0.0033300000" }, "geometry": { "type": "Polygon", "coordinates": [ [ [ 136.6973876953125, 35.532226227703362 ], [ 136.8951416015625, 35.411438052435457 ], [ 136.6973876953125, 35.532226227703362 ] ] ] } },
{ "type": "Feature", "properties": { "断層面ID": "F006006_00001", "断層コード": "F006006", "name": "揖斐川断層帯", "基準位置経度": "136.583", "基準位置緯度": "35.650", "上端深さ(km)": "2.0", "断層長さ(km)": "28.0", "断層幅(km)": "14.0", "走向角(度)": "303.4", "傾斜角(度)": "90.0", "平均ケース／平均活動間隔（年）": "7600.0", "平均ケース／最新活動時期（年前）": "-", "平均ケース／30年発生確率": "0.0039400000", "平均ケース／50年発生確率": "0.0065600000", "確率過程": "ポアソン", "マグニチュード": "Mw6.6", "ばらつき": "-", "最大ケース／平均活動間隔（年）": "7600.0", "最大ケース／最新活動時期（年前）": "-", "最大ケース／30年発生確率": "0.0039400000", "最大ケース／50年発生確率": "0.0065600000" }, "geometry": { "type": "Polygon", "coordinates": [ [ [ 136.58203125, 35.648369157374262 ], [ 136.3238525390625, 35.786626884670099 ], [ 136.58203125, 35.648369157374262 ] ] ] } },
{ "type": "Feature", "properties": { "断層面ID": "F006007_00001", "断層コード": "F006007", "name": "武儀川断層", "基準位置経度": "136.583", "基準位置緯度": "35.650", "上端深さ(km)": "2.0", "断層長さ(km)": "32.0", "断層幅(km)": "18.0", "走向角(度)": "116.8", "傾斜角(度)": "90.0", "平均ケース／平均活動間隔（年）": "9200.0", "平均ケース／最新活動時期（年前）": "-", "平均ケース／30年発生確率": "0.0032600000", "平均ケース／50年発生確率": "0.0054200000", "確率過程": "ポアソン", "マグニチュード": "Mw6.8", "ばらつき": "-", "最大ケース／平均活動間隔（年）": "9200.0", "最大ケース／最新活動時期（年前）": "-", "最大ケース／30年発生確率": "0.0032600000", "最大ケース／50年発生確率": "0.0054200000" }, "geometry": { "type": "Polygon", "coordinates": [ [ [ 136.58203125, 35.648369157374262 ], [ 136.8951416015625, 35.51881428123059 ], [ 136.58203125, 35.648369157374262 ] ] ] } },
{ "type": "Feature", "properties": { "断層面ID": "F006101_00001", "断層コード": "F006101", "name": "柳ヶ瀬・関ヶ原断層帯主部北部", "基準位置経度": "135.981", "基準位置緯度": "35.905", "上端深さ(km)": "2.0", "断層長さ(km)": "23.9", "断層幅(km)": "18.0", "走向角(度)": "22.1", "傾斜角(度)": "40.0", "平均ケース／平均活動間隔（年）": "2500.0", "平均ケース／最新活動時期（年前）": "372.0", "平均ケース／30年発生確率": "0.0000000000", "平均ケース／50年発生確率": "0.0000000000", "確率過程": "BPT", "マグニチュード": "Mw7", "ばらつき": "0.24", "最大ケース／平均活動間隔（年）": "2300.0", "最大ケース／最新活動時期（年前）": "422.0", "最大ケース／30年発生確率": "0.0000000000", "最大ケース／50年発生確率": "0.0000000000" }, "geometry": { "type": "Polygon", "coordinates": [ [ [ 135.977783203125, 35.902399875143615 ], [ 136.07666015625, 36.10237644873645 ], [ 136.219482421875, 36.053540128339762 ], [ 136.12060546875, 35.857891802259388 ], [ 135.977783203125, 35.902399875143615 ] ] ] } },
{ "type": "Feature", "properties": { "断層面ID": "F006101_00002", "断層コード": "F006101", "name": "柳ヶ瀬・関ヶ原断層帯主部北部", "基準位置経度": "135.981", "基準位置緯度": "35.905", "上端深さ(km)": "2.0", "断層長さ(km)": "23.9", "断層幅(km)": "18.0", "走向角(度)": "135.1", "傾斜角(度)": "140.0", "平均ケース／平均活動間隔（年）": "2500.0", "平均ケース／最新活動時期（年前）": "372.0", "平均ケース／30年発生確率": "0.0000000000", "平均ケース／50年発生確率": "0.0000000000", "確率過程": "BPT", "マグニチュード": "Mw7", "ばらつき": "0.24", "最大ケース／平均活動間隔（年）": "2300.0", "最大ケース／最新活動時期（年前）": "422.0", "最大ケース／30年発生確率": "0.0000000000", "最大ケース／50年発生確率": "0.0000000000" }, "geometry": { "type": "Polygon", "coordinates": [ [ [ 135.977783203125, 35.902399875143615 ], [ 136.087646484375, 35.991340960635398 ], [ 136.2744140625, 35.840081571534682 ], [ 136.16455078125, 35.750970439449262 ], [ 135.977783203125, 35.902399875143615 ] ] ] } },
{ "type": "Feature", "properties": { "断層面ID": "F006102_00001", "断層コード": "F006102", "name": "柳ヶ瀬・関ヶ原断層帯主部中部", "基準位置経度": "136.167", "基準位置緯度": "35.633", "上端深さ(km)": "2.0", "断層長さ(km)": "13.0", "断層幅(km)": "12.0", "走向角(度)": "353.4", "傾斜角(度)": "90.0", "平均ケース／平均活動間隔（年）": "3800.0", "平均ケース／最新活動時期（年前）": "-", "平均ケース／30年発生確率": "0.0078600000", "平均ケース／50年発生確率": "0.0131000000", "確率過程": "ポアソン", "マグニチュード": "Mj6.6", "ばらつき": "-", "最大ケース／平均活動間隔（年）": "3800.0", "最大ケース／最新活動時期（年前）": "-", "最大ケース／30年発生確率": "0.0078600000", "最大ケース／50年発生確率": "0.0131000000" }, "geometry": { "type": "Polygon", "coordinates": [ [ [ 136.16455078125, 35.630511983000602 ], [ 136.1480712890625, 35.746512259918504 ], [ 136.16455078125, 35.630511983000602 ] ] ] } },
{ "type": "Feature", "properties": { "断層面ID": "F006103_00001", "断層コード": "F006103", "name": "柳ヶ瀬・関ヶ原断層帯主部南部", "基準位置経度": "136.167", "基準位置緯度": "35.633", "上端深さ(km)": "2.0", "断層長さ(km)": "48.0", "断層幅(km)": "16.0", "走向角(度)": "134.7", "傾斜角(度)": "90.0", "平均ケース／平均活動間隔（年）": "14000.0", "平均ケース／最新活動時期（年前）": "-", "平均ケース／30年発生確率": "0.0021400000", "平均ケース／50年発生確率": "0.0035700000", "確率過程": "ポアソン", "マグニチュード": "Mw7", "ばらつき": "-", "最大ケース／平均活動間隔（年）": "14000.0", "最大ケース／最新活動時期（年前）": "-", "最大ケース／30年発生確率": "0.0021400000", "最大ケース／50年発生確率": "0.0035700000" }, "geometry": { "type": "Polygon", "coordinates": [ [ [ 136.16455078125, 35.630511983000602 ], [ 136.5435791015625, 35.326330263074837 ], [ 136.16455078125, 35.630511983000602 ] ] ] } },
{ "type": "Feature", "properties": { "断層面ID": "F006104_00001", "断層コード": "F006104", "name": "浦底−柳ヶ瀬山断層帯", "基準位置経度": "136.183", "基準位置緯度": "35.583", "上端深さ(km)": "2.0", "断層長さ(km)": "26.0", "断層幅(km)": "18.0", "走向角(度)": "320.8", "傾斜角(度)": "90.0", "平均ケース／平均活動間隔（年）": "20000.0", "平均ケース／最新活動時期（年前）": "-", "平均ケース／30年発生確率": "0.0015000000", "平均ケース／50年発生確率": "0.0025000000", "確率過程": "ポアソン", "マグニチュード": "Mw6.7", "ばらつき": "-", "最大ケース／平均活動間隔（年）": "20000.0", "最大ケース／最新活動時期（年前）": "-", "最大ケース／30年発生確率": "0.0015000000", "最大ケース／50年発生確率": "0.0025000000" }, "geometry": { "type": "Polygon", "coordinates": [ [ [ 136.1810302734375, 35.581384183246215 ], [ 135.999755859375, 35.764343479667176 ], [ 136.1810302734375, 35.581384183246215 ] ] ] } },
{ "type": "Feature", "properties": { "断層面ID": "F006301_00001", "断層コード": "F006301", "name": "野坂断層帯", "基準位置経度": "136.050", "基準位置緯度": "35.600", "上端深さ(km)": "2.0", "断層長さ(km)": "34.0", "断層幅(km)": "16.0", "走向角(度)": "316.4", "傾斜角(度)": "90.0", "平均ケース／平均活動間隔（年）": "6600.0", "平均ケース／最新活動時期（年前）": "472.0", "平均ケース／30年発生確率": "0.0000000000", "平均ケース／50年発生確率": "0.0000000000", "確率過程": "BPT", "マグニチュード": "Mw6.8", "ばらつき": "0.24", "最大ケース／平均活動間隔（年）": "5600.0", "最大ケース／最新活動時期（年前）": "622.0", "最大ケース／30年発生確率": "0.0000000000", "最大ケース／50年発生確率": "0.0000000000" }, "geometry": { "type": "Polygon", "coordinates": [ [ [ 136.0491943359375, 35.599252327729488 ], [ 135.791015625, 35.817813158696609 ], [ 136.0491943359375, 35.599252327729488 ] ] ] } },
{ "type": "Feature", "properties": { "断層面ID": "F006302_00001", "断層コード": "F006302", "name": "集福寺断層", "基準位置経度": "136.167", "基準位置緯度": "35.533", "上端深さ(km)": "2.0", "断層長さ(km)": "9.6", "断層幅(km)": "10.0", "走向角(度)": "320.7", "傾斜角(度)": "90.0", "平均ケース／平均活動間隔（年）": "3200.0", "平均ケース／最新活動時期（年前）": "-", "平均ケース／30年発生確率": "0.0093300000", "平均ケース／50年発生確率": "0.0155000000", "確率過程": "ポアソン", "マグニチュード": "Mj6.5", "ばらつき": "-", "最大ケース／平均活動間隔（年）": "3200.0", "最大ケース／最新活動時期（年前）": "-", "最大ケース／30年発生確率": "0.0093300000", "最大ケース／50年発生確率": "0.0155000000" }, "geometry": { "type": "Polygon", "coordinates": [ [ [ 136.16455078125, 35.532226227703362 ], [ 136.0986328125, 35.599252327729488 ], [ 136.16455078125, 35.532226227703362 ] ] ] } },
{ "type": "Feature", "properties": { "断層面ID": "F006401_00001", "断層コード": "F006401", "name": "湖北山地断層帯北西部", "基準位置経度": "135.981", "基準位置緯度": "35.479", "上端深さ(km)": "2.0", "断層長さ(km)": "26.0", "断層幅(km)": "18.0", "走向角(度)": "30.7", "傾斜角(度)": "90.0", "平均ケース／平均活動間隔（年）": "3500.0", "平均ケース／最新活動時期（年前）": "822.0", "平均ケース／30年発生確率": "0.0000000000", "平均ケース／50年発生確率": "0.0000000000", "確率過程": "BPT", "マグニチュード": "Mw6.7", "ばらつき": "0.24", "最大ケース／平均活動間隔（年）": "3000.0", "最大ケース／最新活動時期（年前）": "1022.0", "最大ケース／30年発生確率": "0.0000000000", "最大ケース／50年発生確率": "0.0000000000" }, "geometry": { "type": "Polygon", "coordinates": [ [ [ 135.977783203125, 35.478564995357289 ], [ 136.1260986328125, 35.679609609368583 ], [ 135.977783203125, 35.478564995357289 ] ] ] } },
{ "type": "Feature", "properties": { "断層面ID": "F006402_00001", "断層コード": "F006402", "name": "湖北山地断層帯南東部", "基準位置経度": "136.117", "基準位置緯度": "35.583", "上端深さ(km)": "2.0", "断層長さ(km)": "20.0", "断層幅(km)": "16.0", "走向角(度)": "219.3", "傾斜角(度)": "90.0", "平均ケース／平均活動間隔（年）": "7000.0", "平均ケース／最新活動時期（年前）": "472.0", "平均ケース／30年発生確率": "0.0000000000", "平均ケース／50年発生確率": "0.0000000000", "確率過程": "BPT", "マグニチュード": "Mw6.4", "ばらつき": "0.24", "最大ケース／平均活動間隔（年）": "7000.0", "最大ケース／最新活動時期（年前）": "622.0", "最大ケース／30年発生確率": "0.0000000000", "最大ケース／50年発生確率": "0.0000000000" }, "geometry": { "type": "Polygon", "coordinates": [ [ [ 136.1151123046875, 35.581384183246215 ], [ 135.9722900390625, 35.442770925857658 ], [ 136.1151123046875, 35.581384183246215 ] ] ] } },
{ "type": "Feature", "properties": { "断層面ID": "F006501_00001", "断層コード": "F006501", "name": "琵琶湖西岸断層帯北部", "基準位置経度": "135.993", "基準位置緯度": "35.480", "上端深さ(km)": "3.0", "断層長さ(km)": "24.0", "断層幅(km)": "18.0", "走向角(度)": "181.1", "傾斜角(度)": "45.0", "平均ケース／平均活動間隔（年）": "1900.0", "平均ケース／最新活動時期（年前）": "-", "平均ケース／30年発生確率": "0.0157000000", "平均ケース／50年発生確率": "0.0260000000", "確率過程": "ポアソン", "マグニチュード": "Mw6.6", "ばらつき": "-", "最大ケース／平均活動間隔（年）": "1000.0", "最大ケース／最新活動時期（年前）": "-", "最大ケース／30年発生確率": "0.0296000000", "最大ケース／50年発生確率": "0.0488000000" }, "geometry": { "type": "Polygon", "coordinates": [ [ [ 135.98876953125, 35.478564995357289 ], [ 135.9832763671875, 35.263561862152102 ], [ 135.845947265625, 35.263561862152102 ], [ 135.8514404296875, 35.478564995357289 ], [ 135.98876953125, 35.478564995357289 ] ] ] } },
{ "type": "Feature", "properties": { "断層面ID": "F006502_00001", "断層コード": "F006502", "name": "琵琶湖西岸断層帯南部", "基準位置経度": "136.007", "基準位置緯度": "35.303", "上端深さ(km)": "3.0", "断層長さ(km)": "40.0", "断層幅(km)": "18.0", "走向角(度)": "200.0", "傾斜角(度)": "35.0", "平均ケース／平均活動間隔（年）": "5250.0", "平均ケース／最新活動時期（年前）": "837.0", "平均ケース／30年発生確率": "0.0000000000", "平均ケース／50年発生確率": "0.0000000000", "確率過程": "BPT", "マグニチュード": "Mw6.9", "ばらつき": "0.24", "最大ケース／平均活動間隔（年）": "4500.0", "最大ケース／最新活動時期（年前）": "837.0", "最大ケース／30年発生確率": "0.0000000000", "最大ケース／50年発生確率": "0.0000000000" }, "geometry": { "type": "Polygon", "coordinates": [ [ [ 136.0052490234375, 35.299435480545455 ], [ 135.8514404296875, 34.962497232449152 ], [ 135.703125, 35.007502842952903 ], [ 135.8514404296875, 35.344255149184093 ], [ 136.0052490234375, 35.299435480545455 ] ] ] } },
{ "type": "Feature", "properties": { "断層面ID": "F006701_00001", "断層コード": "F006701", "name": "養老−桑名−四日市断層帯", "基準位置経度": "136.641", "基準位置緯度": "35.066", "上端深さ(km)": "2.0", "断層長さ(km)": "38.2", "断層幅(km)": "18.0", "走向角(度)": "334.0", "傾斜角(度)": "150.0", "平均ケース／平均活動間隔（年）": "1650.0", "平均ケース／最新活動時期（年前）": "622.0", "平均ケース／30年発生確率": "0.0000269000", "平均ケース／50年発生確率": "0.0000611000", "確率過程": "BPT", "マグニチュード": "Mw7.2", "ばらつき": "0.24", "最大ケース／平均活動間隔（年）": "1400.0", "最大ケース／最新活動時期（年前）": "822.0", "最大ケース／30年発生確率": "0.0075000000", "最大ケース／50年発生確率": "0.0137000000" }, "geometry": { "type": "Polygon", "coordinates": [ [ [ 136.636962890625, 35.065973137984173 ], [ 136.483154296875, 35.003003395276721 ], [ 136.3018798828125, 35.31288398967159 ], [ 136.4556884765625, 35.371135022801013 ], [ 136.636962890625, 35.065973137984173 ] ] ] } },
{ "type": "Feature", "properties": { "断層面ID": "F006701_00002", "断層コード": "F006701", "name": "養老−桑名−四日市断層帯", "基準位置経度": "136.641", "基準位置緯度": "35.066", "上端深さ(km)": "2.0", "断層長さ(km)": "20.2", "断層幅(km)": "18.0", "走向角(度)": "203.0", "傾斜角(度)": "30.0", "平均ケース／平均活動間隔（年）": "1650.0", "平均ケース／最新活動時期（年前）": "622.0", "平均ケース／30年発生確率": "0.0000269000", "平均ケース／50年発生確率": "0.0000611000", "確率過程": "BPT", "マグニチュード": "Mw7.2", "ばらつき": "0.24", "最大ケース／平均活動間隔（年）": "1400.0", "最大ケース／最新活動時期（年前）": "822.0", "最大ケース／30年発生確率": "0.0075000000", "最大ケース／50年発生確率": "0.0137000000" }, "geometry": { "type": "Polygon", "coordinates": [ [ [ 136.636962890625, 35.065973137984173 ], [ 136.549072265625, 34.894942447397327 ], [ 136.395263671875, 34.948990725782267 ], [ 136.483154296875, 35.119908570996813 ], [ 136.636962890625, 35.065973137984173 ] ] ] } },
{ "type": "Feature", "properties": { "断層面ID": "F006801_00001", "断層コード": "F006801", "name": "鈴鹿東縁断層帯", "基準位置経度": "136.489", "基準位置緯度": "35.339", "上端深さ(km)": "2.0", "断層長さ(km)": "48.0", "断層幅(km)": "18.0", "走向角(度)": "191.2", "傾斜角(度)": "60.0", "平均ケース／平均活動間隔（年）": "9250.0", "平均ケース／最新活動時期（年前）": "3150.0", "平均ケース／30年発生確率": "0.0000000000", "平均ケース／50年発生確率": "0.0000000000", "確率過程": "BPT", "マグニチュード": "Mw7", "ばらつき": "0.24", "最大ケース／平均活動間隔（年）": "6500.0", "最大ケース／最新活動時期（年前）": "3500.0", "最大ケース／30年発生確率": "0.0006570000", "最大ケース／50年発生確率": "0.0011300000" }, "geometry": { "type": "Polygon", "coordinates": [ [ [ 136.4886474609375, 35.335293203093286 ], [ 136.38427734375, 34.912962495216973 ], [ 136.285400390625, 34.926474935846457 ], [ 136.3897705078125, 35.353216101238232 ], [ 136.4886474609375, 35.335293203093286 ] ] ] } },
{ "type": "Feature", "properties": { "断層面ID": "F006901_00001", "断層コード": "F006901", "name": "鈴鹿西縁断層帯", "基準位置経度": "136.366", "基準位置緯度": "34.908", "上端深さ(km)": "1.0", "断層長さ(km)": "46.0", "断層幅(km)": "18.0", "走向角(度)": "358.0", "傾斜角(度)": "35.0", "平均ケース／平均活動間隔（年）": "27000.0", "平均ケース／最新活動時期（年前）": "-", "平均ケース／30年発生確率": "0.0011100000", "平均ケース／50年発生確率": "0.0018500000", "確率過程": "ポアソン", "マグニチュード": "Mw7", "ばらつき": "-", "最大ケース／平均活動間隔（年）": "18000.0", "最大ケース／最新活動時期（年前）": "-", "最大ケース／30年発生確率": "0.0016700000", "最大ケース／50年発生確率": "0.0027700000" }, "geometry": { "type": "Polygon", "coordinates": [ [ [ 136.3623046875, 34.903952965590065 ], [ 136.3458251953125, 35.321848420376853 ], [ 136.505126953125, 35.326330263074837 ], [ 136.527099609375, 34.908457853981375 ], [ 136.3623046875, 34.903952965590065 ] ] ] } },
{ "type": "Feature", "properties": { "断層面ID": "F007001_00001", "断層コード": "F007001", "name": "頓宮断層", "基準位置経度": "136.222", "基準位置緯度": "34.696", "上端深さ(km)": "1.0", "断層長さ(km)": "32.0", "断層幅(km)": "18.0", "走向角(度)": "357.0", "傾斜角(度)": "65.0", "平均ケース／平均活動間隔（年）": "10000.0", "平均ケース／最新活動時期（年前）": "5661.0", "平均ケース／30年発生確率": "0.0006750000", "平均ケース／50年発生確率": "0.0011400000", "確率過程": "BPT", "マグニチュード": "Mw6.8", "ばらつき": "0.24", "最大ケース／平均活動間隔（年）": "10000.0", "最大ケース／最新活動時期（年前）": "10000.0", "最大ケース／30年発生確率": "0.0110000000", "最大ケース／50年発生確率": "0.0183000000" }, "geometry": { "type": "Polygon", "coordinates": [ [ [ 136.219482421875, 34.691944684250188 ], [ 136.2030029296875, 34.98050244536519 ], [ 136.285400390625, 34.985003130171066 ], [ 136.3018798828125, 34.69646117272346 ], [ 136.219482421875, 34.691944684250188 ] ] ] } },
{ "type": "Feature", "properties": { "断層面ID": "F007101_00001", "断層コード": "F007101", "name": "布引山地東縁断層帯西部", "基準位置経度": "136.402", "基準位置緯度": "34.912", "上端深さ(km)": "2.0", "断層長さ(km)": "34.0", "断層幅(km)": "18.0", "走向角(度)": "174.8", "傾斜角(度)": "55.0", "平均ケース／平均活動間隔（年）": "17000.0", "平均ケース／最新活動時期（年前）": "14209.0", "平均ケース／30年発生確率": "0.0039400000", "平均ケース／50年発生確率": "0.0065800000", "確率過程": "BPT", "マグニチュード": "Mw6.8", "ばらつき": "0.24", "最大ケース／平均活動間隔（年）": "17000.0", "最大ケース／最新活動時期（年前）": "28000.0", "最大ケース／30年発生確率": "0.0119000000", "最大ケース／50年発生確率": "0.0197000000" }, "geometry": { "type": "Polygon", "coordinates": [ [ [ 136.4007568359375, 34.908457853981375 ], [ 136.4337158203125, 34.60608459216931 ], [ 136.318359375, 34.597041516144174 ], [ 136.285400390625, 34.899447830057255 ], [ 136.4007568359375, 34.908457853981375 ] ] ] } },
{ "type": "Feature", "properties": { "断層面ID": "F007102_00001", "断層コード": "F007102", "name": "布引山地東縁断層帯東部", "基準位置経度": "136.599", "基準位置緯度": "34.879", "上端深さ(km)": "2.0", "断層長さ(km)": "50.0", "断層幅(km)": "18.0", "走向角(度)": "196.6", "傾斜角(度)": "45.0", "平均ケース／平均活動間隔（年）": "25000.0", "平均ケース／最新活動時期（年前）": "11000.0", "平均ケース／30年発生確率": "0.0000143000", "平均ケース／50年発生確率": "0.0000242000", "確率過程": "BPT", "マグニチュード": "Mw7", "ばらつき": "0.24", "最大ケース／平均活動間隔（年）": "25000.0", "最大ケース／最新活動時期（年前）": "11000.0", "最大ケース／30年発生確率": "0.0000143000", "最大ケース／50年発生確率": "0.0000242000" }, "geometry": { "type": "Polygon", "coordinates": [ [ [ 136.5985107421875, 34.876918445772091 ], [ 136.439208984375, 34.443158674505767 ], [ 136.307373046875, 34.479391971048102 ], [ 136.461181640625, 34.908457853981375 ], [ 136.5985107421875, 34.876918445772091 ] ] ] } },
{ "type": "Feature", "properties": { "断層面ID": "F007201_00001", "断層コード": "F007201", "name": "木津川断層帯", "基準位置経度": "136.264", "基準位置緯度": "34.857", "上端深さ(km)": "1.0", "断層長さ(km)": "32.0", "断層幅(km)": "18.0", "走向角(度)": "250.0", "傾斜角(度)": "50.0", "平均ケース／平均活動間隔（年）": "14500.0", "平均ケース／最新活動時期（年前）": "168.0", "平均ケース／30年発生確率": "0.0000000000", "平均ケース／50年発生確率": "0.0000000000", "確率過程": "BPT", "マグニチュード": "Mw6.8", "ばらつき": "0.24", "最大ケース／平均活動間隔（年）": "4000.0", "最大ケース／最新活動時期（年前）": "168.0", "最大ケース／30年発生確率": "0.0000000000", "最大ケース／50年発生確率": "0.0000000000" }, "geometry": { "type": "Polygon", "coordinates": [ [ [ 136.263427734375, 34.854382885097905 ], [ 135.933837890625, 34.755153088189317 ], [ 135.889892578125, 34.854382885097905 ], [ 136.219482421875, 34.953493141974221 ], [ 136.263427734375, 34.854382885097905 ] ] ] } },
{ "type": "Feature", "properties": { "断層面ID": "F007301_00001", "断層コード": "F007301", "name": "三方断層帯", "基準位置経度": "135.907", "基準位置緯度": "35.441", "上端深さ(km)": "1.0", "断層長さ(km)": "28.0", "断層幅(km)": "18.0", "走向角(度)": "356.7", "傾斜角(度)": "60.0", "平均ケース／平均活動間隔（年）": "5050.0", "平均ケース／最新活動時期（年前）": "360.0", "平均ケース／30年発生確率": "0.0000000000", "平均ケース／50年発生確率": "0.0000000000", "確率過程": "BPT", "マグニチュード": "Mw6.7", "ばらつき": "0.24", "最大ケース／平均活動間隔（年）": "3800.0", "最大ケース／最新活動時期（年前）": "360.0", "最大ケース／30年発生確率": "0.0000000000", "最大ケース／50年発生確率": "0.0000000000" }, "geometry": { "type": "Polygon", "coordinates": [ [ [ 135.9063720703125, 35.438295547396706 ], [ 135.8843994140625, 35.688533207388744 ], [ 135.9832763671875, 35.697455807258038 ], [ 136.0052490234375, 35.442770925857658 ], [ 135.9063720703125, 35.438295547396706 ] ] ] } },
{ "type": "Feature", "properties": { "断層面ID": "F007302_00001", "断層コード": "F007302", "name": "花折断層帯北部", "基準位置経度": "135.867", "基準位置緯度": "35.183", "上端深さ(km)": "1.0", "断層長さ(km)": "30.0", "断層幅(km)": "18.0", "走向角(度)": "16.3", "傾斜角(度)": "90.0", "平均ケース／平均活動間隔（年）": "-", "平均ケース／最新活動時期（年前）": "-", "平均ケース／30年発生確率": "0.0000000000", "平均ケース／50年発生確率": "0.0000000000", "確率過程": "不明", "マグニチュード": "Mw6.7", "ばらつき": "-", "最大ケース／平均活動間隔（年）": "-999.0", "最大ケース／最新活動時期（年前）": "-", "最大ケース／30年発生確率": "0.0000000000", "最大ケース／50年発生確率": "0.0000000000" }, "geometry": { "type": "Polygon", "coordinates": [ [ [ 135.8624267578125, 35.182788138002294 ], [ 135.955810546875, 35.438295547396706 ], [ 135.8624267578125, 35.182788138002294 ] ] ] } },
{ "type": "Feature", "properties": { "断層面ID": "F007303_00001", "断層コード": "F007303", "name": "花折断層帯中南部", "基準位置経度": "135.867", "基準位置緯度": "35.183", "上端深さ(km)": "1.0", "断層長さ(km)": "22.0", "断層幅(km)": "18.0", "走向角(度)": "202.3", "傾斜角(度)": "90.0", "平均ケース／平均活動間隔（年）": "5350.0", "平均ケース／最新活動時期（年前）": "2111.0", "平均ケース／30年発生確率": "0.0000134000", "平均ケース／50年発生確率": "0.0000242000", "確率過程": "BPT", "マグニチュード": "Mw6.9", "ばらつき": "0.24", "最大ケース／平均活動間隔（年）": "4200.0", "最大ケース／最新活動時期（年前）": "2800.0", "最大ケース／30年発生確率": "0.0056000000", "最大ケース／50年発生確率": "0.0095200000" }, "geometry": { "type": "Polygon", "coordinates": [ [ [ 135.8624267578125, 35.182788138002294 ], [ 135.7745361328125, 34.998503700146287 ], [ 135.8624267578125, 35.182788138002294 ] ] ] } },
{ "type": "Feature", "properties": { "断層面ID": "F007303_00002", "断層コード": "F007303", "name": "花折断層帯中南部", "基準位置経度": "135.825", "基準位置緯度": "34.890", "上端深さ(km)": "1.0", "断層長さ(km)": "16.0", "断層幅(km)": "18.0", "走向角(度)": "354.8", "傾斜角(度)": "50.0", "平均ケース／平均活動間隔（年）": "5350.0", "平均ケース／最新活動時期（年前）": "2111.0", "平均ケース／30年発生確率": "0.0000134000", "平均ケース／50年発生確率": "0.0000242000", "確率過程": "BPT", "マグニチュード": "Mw6.9", "ばらつき": "0.24", "最大ケース／平均活動間隔（年）": "4200.0", "最大ケース／最新活動時期（年前）": "2800.0", "最大ケース／30年発生確率": "0.0056000000", "最大ケース／50年発生確率": "0.0095200000" }, "geometry": { "type": "Polygon", "coordinates": [ [ [ 135.823974609375, 34.88593094075317 ], [ 135.8074951171875, 35.029996369025653 ], [ 135.933837890625, 35.038992046780805 ], [ 135.9503173828125, 34.899447830057255 ], [ 135.823974609375, 34.88593094075317 ] ] ] } },
{ "type": "Feature", "properties": { "断層面ID": "F007501_00001", "断層コード": "F007501", "name": "奈良盆地東縁断層帯", "基準位置経度": "135.858", "基準位置緯度": "34.512", "上端深さ(km)": "1.0", "断層長さ(km)": "36.0", "断層幅(km)": "18.0", "走向角(度)": "355.0", "傾斜角(度)": "55.0", "平均ケース／平均活動間隔（年）": "5000.0", "平均ケース／最新活動時期（年前）": "6110.5", "平均ケース／30年発生確率": "0.0305000000", "平均ケース／50年発生確率": "0.0505000000", "確率過程": "BPT", "マグニチュード": "Mw6.9", "ばらつき": "0.24", "最大ケース／平均活動間隔（年）": "5000.0", "最大ケース／最新活動時期（年前）": "11000.0", "最大ケース／30年発生確率": "0.0452000000", "最大ケース／50年発生確率": "0.0743000000" }, "geometry": { "type": "Polygon", "coordinates": [ [ [ 135.85693359375, 34.511083202999714 ], [ 135.8184814453125, 34.831841149828648 ], [ 135.933837890625, 34.840858584772761 ], [ 135.966796875, 34.515609538482039 ], [ 135.85693359375, 34.511083202999714 ] ] ] } },
{ "type": "Feature", "properties": { "断層面ID": "F007601_00001", "断層コード": "F007601", "name": "有馬−高槻断層帯", "基準位置経度": "135.062", "基準位置緯度": "34.796", "上端深さ(km)": "1.0", "断層長さ(km)": "60.0", "断層幅(km)": "16.0", "走向角(度)": "78.6", "傾斜角(度)": "90.0", "平均ケース／平均活動間隔（年）": "1500.0", "平均ケース／最新活動時期（年前）": "426.0", "平均ケース／30年発生確率": "0.0000000000", "平均ケース／50年発生確率": "0.0000000000", "確率過程": "BPT", "マグニチュード": "Mw7.1", "ばらつき": "0.24", "最大ケース／平均活動間隔（年）": "1000.0", "最大ケース／最新活動時期（年前）": "426.0", "最大ケース／30年発生確率": "0.0003750000", "最大ケース／50年発生確率": "0.0008960000" }, "geometry": { "type": "Polygon", "coordinates": [ [ [ 135.0604248046875, 34.795761534730332 ], [ 135.703125, 34.899447830057255 ], [ 135.0604248046875, 34.795761534730332 ] ] ] } },
{ "type": "Feature", "properties": { "断層面ID": "F007701_00001", "断層コード": "F007701", "name": "生駒断層帯", "基準位置経度": "135.646", "基準位置緯度": "34.520", "上端深さ(km)": "2.0", "断層長さ(km)": "40.0", "断層幅(km)": "18.0", "走向角(度)": "9.4", "傾斜角(度)": "35.0", "平均ケース／平均活動間隔（年）": "4500.0", "平均ケース／最新活動時期（年前）": "1322.0", "平均ケース／30年発生確率": "0.0000000000", "平均ケース／50年発生確率": "0.0000000000", "確率過程": "BPT", "マグニチュード": "Mw6.9", "ばらつき": "0.24", "最大ケース／平均活動間隔（年）": "3000.0", "最大ケース／最新活動時期（年前）": "1622.0", "最大ケース／30年発生確率": "0.0015600000", "最大ケース／50年発生確率": "0.0027600000" }, "geometry": { "type": "Polygon", "coordinates": [ [ [ 135.6427001953125, 34.515609538482039 ], [ 135.714111328125, 34.872411827691025 ], [ 135.8734130859375, 34.849875031954184 ], [ 135.802001953125, 34.497502721381593 ], [ 135.6427001953125, 34.515609538482039 ] ] ] } },
{ "type": "Feature", "properties": { "断層面ID": "F007801_00001", "断層コード": "F007801", "name": "上林川断層", "基準位置経度": "135.518", "基準位置緯度": "35.427", "上端深さ(km)": "1.0", "断層長さ(km)": "30.0", "断層幅(km)": "16.0", "走向角(度)": "236.9", "傾斜角(度)": "90.0", "平均ケース／平均活動間隔（年）": "8300.0", "平均ケース／最新活動時期（年前）": "-", "平均ケース／30年発生確率": "0.0036100000", "平均ケース／50年発生確率": "0.0060100000", "確率過程": "ポアソン", "マグニチュード": "Mw6.7", "ばらつき": "-", "最大ケース／平均活動間隔（年）": "8300.0", "最大ケース／最新活動時期（年前）": "-", "最大ケース／30年発生確率": "0.0036100000", "最大ケース／50年発生確率": "0.0060100000" }, "geometry": { "type": "Polygon", "coordinates": [ [ [ 135.516357421875, 35.424867919305584 ], [ 135.2362060546875, 35.277016331398841 ], [ 135.516357421875, 35.424867919305584 ] ] ] } },
{ "type": "Feature", "properties": { "断層面ID": "F007802_00001", "断層コード": "F007802", "name": "三峠断層", "基準位置経度": "135.489", "基準位置緯度": "35.213", "上端深さ(km)": "1.0", "断層長さ(km)": "30.0", "断層幅(km)": "16.0", "走向角(度)": "282.1", "傾斜角(度)": "90.0", "平均ケース／平均活動間隔（年）": "6000.0", "平均ケース／最新活動時期（年前）": "-", "平均ケース／30年発生確率": "0.0049900000", "平均ケース／50年発生確率": "0.0083000000", "確率過程": "ポアソン", "マグニチュード": "Mw6.7", "ばらつき": "-", "最大ケース／平均活動間隔（年）": "5000.0", "最大ケース／最新活動時期（年前）": "-", "最大ケース／30年発生確率": "0.0059800000", "最大ケース／50年発生確率": "0.0099500000" }, "geometry": { "type": "Polygon", "coordinates": [ [ [ 135.4888916015625, 35.209721645221379 ], [ 135.164794921875, 35.268046933515549 ], [ 135.4888916015625, 35.209721645221379 ] ] ] } },
{ "type": "Feature", "properties": { "断層面ID": "F007803_00001", "断層コード": "F007803", "name": "京都西山断層帯", "基準位置経度": "135.667", "基準位置緯度": "35.033", "上端深さ(km)": "1.0", "断層長さ(km)": "30.0", "断層幅(km)": "18.0", "走向角(度)": "298.4", "傾斜角(度)": "90.0", "平均ケース／平均活動間隔（年）": "4550.0", "平均ケース／最新活動時期（年前）": "2111.0", "平均ケース／30年発生確率": "0.0001760000", "平均ケース／50年発生確率": "0.0003130000", "確率過程": "BPT", "マグニチュード": "Mw7", "ばらつき": "0.24", "最大ケース／平均活動間隔（年）": "3500.0", "最大ケース／最新活動時期（年前）": "2400.0", "最大ケース／30年発生確率": "0.0079800000", "最大ケース／50年発生確率": "0.0136000000" }, "geometry": { "type": "Polygon", "coordinates": [ [ [ 135.6646728515625, 35.029996369025653 ], [ 135.37353515625, 35.160336728130346 ], [ 135.6646728515625, 35.029996369025653 ] ] ] } },
{ "type": "Feature", "properties": { "断層面ID": "F007803_00002", "断層コード": "F007803", "name": "京都西山断層帯", "基準位置経度": "135.656", "基準位置緯度": "35.034", "上端深さ(km)": "1.0", "断層長さ(km)": "18.0", "断層幅(km)": "18.0", "走向角(度)": "182.0", "傾斜角(度)": "45.0", "平均ケース／平均活動間隔（年）": "4550.0", "平均ケース／最新活動時期（年前）": "2111.0", "平均ケース／30年発生確率": "0.0001760000", "平均ケース／50年発生確率": "0.0003130000", "確率過程": "BPT", "マグニチュード": "Mw7", "ばらつき": "0.24", "最大ケース／平均活動間隔（年）": "3500.0", "最大ケース／最新活動時期（年前）": "2400.0", "最大ケース／30年発生確率": "0.0079800000", "最大ケース／50年発生確率": "0.0136000000" }, "geometry": { "type": "Polygon", "coordinates": [ [ [ 135.6536865234375, 35.029996369025653 ], [ 135.648193359375, 34.867904962568716 ], [ 135.50537109375, 34.872411827691025 ], [ 135.516357421875, 35.034494331679767 ], [ 135.6536865234375, 35.029996369025653 ] ] ] } },
{ "type": "Feature", "properties": { "断層面ID": "F008001_00001", "断層コード": "F008001", "name": "上町断層帯", "基準位置経度": "135.421", "基準位置緯度": "34.414", "上端深さ(km)": "2.0", "断層長さ(km)": "46.0", "断層幅(km)": "16.0", "走向角(度)": "8.2", "傾斜角(度)": "70.0", "平均ケース／平均活動間隔（年）": "8000.0", "平均ケース／最新活動時期（年前）": "18500.0", "平均ケース／30年発生確率": "0.0289000000", "平均ケース／50年発生確率": "0.0478000000", "確率過程": "BPT", "マグニチュード": "Mw7", "ばらつき": "0.24", "最大ケース／平均活動間隔（年）": "8000.0", "最大ケース／最新活動時期（年前）": "28000.0", "最大ケース／30年発生確率": "0.0311000000", "最大ケース／50年発生確率": "0.0513000000" }, "geometry": { "type": "Polygon", "coordinates": [ [ [ 135.41748046875, 34.41144164327244 ], [ 135.4888916015625, 34.822822727237025 ], [ 135.54931640625, 34.813803317113155 ], [ 135.4779052734375, 34.406909656520597 ], [ 135.41748046875, 34.41144164327244 ] ] ] } },
{ "type": "Feature", "properties": { "断層面ID": "F009701_00001", "断層コード": "F009701", "name": "伊勢湾断層帯主部北部", "基準位置経度": "136.831", "基準位置緯度": "34.771", "上端深さ(km)": "3.0", "断層長さ(km)": "26.0", "断層幅(km)": "18.0", "走向角(度)": "341.0", "傾斜角(度)": "65.0", "平均ケース／平均活動間隔（年）": "12500.0", "平均ケース／最新活動時期（年前）": "770.0", "平均ケース／30年発生確率": "0.0000000000", "平均ケース／50年発生確率": "0.0000000000", "確率過程": "BPT", "マグニチュード": "Mw6.7", "ばらつき": "0.24", "最大ケース／平均活動間隔（年）": "10000.0", "最大ケース／最新活動時期（年前）": "1020.0", "最大ケース／30年発生確率": "0.0000000000", "最大ケース／50年発生確率": "0.0000000000" }, "geometry": { "type": "Polygon", "coordinates": [ [ [ 136.8292236328125, 34.768691457552706 ], [ 136.73583984375, 34.989503567579305 ], [ 136.812744140625, 35.012002043160706 ], [ 136.9061279296875, 34.791250472107421 ], [ 136.8292236328125, 34.768691457552706 ] ] ] } },
{ "type": "Feature", "properties": { "断層面ID": "F009702_00001", "断層コード": "F009702", "name": "伊勢湾断層帯主部南部", "基準位置経度": "136.988", "基準位置緯度": "34.693", "上端深さ(km)": "2.0", "断層長さ(km)": "18.0", "断層幅(km)": "18.0", "走向角(度)": "303.9", "傾斜角(度)": "45.0", "平均ケース／平均活動間隔（年）": "7500.0", "平均ケース／最新活動時期（年前）": "1770.0", "平均ケース／30年発生確率": "0.0000000000", "平均ケース／50年発生確率": "0.0000000000", "確率過程": "BPT", "マグニチュード": "Mw6.4", "ばらつき": "0.24", "最大ケース／平均活動間隔（年）": "5000.0", "最大ケース／最新活動時期（年前）": "2020.0", "最大ケース／30年発生確率": "0.0000213000", "最大ケース／50年発生確率": "0.0000386000" }, "geometry": { "type": "Polygon", "coordinates": [ [ [ 136.9830322265625, 34.691944684250188 ], [ 136.82373046875, 34.782227606530128 ], [ 136.900634765625, 34.876918445772091 ], [ 137.0654296875, 34.786739162702531 ], [ 136.9830322265625, 34.691944684250188 ] ] ] } },
{ "type": "Feature", "properties": { "断層面ID": "F009703_00001", "断層コード": "F009703", "name": "白子−野間断層", "基準位置経度": "136.805", "基準位置緯度": "34.777", "上端深さ(km)": "2.0", "断層長さ(km)": "22.0", "断層幅(km)": "18.0", "走向角(度)": "270.1", "傾斜角(度)": "60.0", "平均ケース／平均活動間隔（年）": "8000.0", "平均ケース／最新活動時期（年前）": "5750.0", "平均ケース／30年発生確率": "0.0044300000", "平均ケース／50年発生確率": "0.0074400000", "確率過程": "BPT", "マグニチュード": "Mw6.6", "ばらつき": "0.24", "最大ケース／平均活動間隔（年）": "8000.0", "最大ケース／最新活動時期（年前）": "6500.0", "最大ケース／30年発生確率": "0.0075800000", "最大ケース／50年発生確率": "0.0127000000" }, "geometry": { "type": "Polygon", "coordinates": [ [ [ 136.8017578125, 34.773203753940734 ], [ 136.56005859375, 34.773203753940734 ], [ 136.56005859375, 34.854382885097905 ], [ 136.8017578125, 34.854382885097905 ], [ 136.8017578125, 34.773203753940734 ] ] ] } },
{ "type": "Feature", "properties": { "断層面ID": "F010101_00001", "断層コード": "F010101", "name": "花輪東断層帯", "基準位置経度": "140.804", "基準位置緯度": "40.075", "上端深さ(km)": "3.0", "断層長さ(km)": "20.0", "断層幅(km)": "20.0", "走向角(度)": "15.0", "傾斜角(度)": "45.0", "平均ケース／平均活動間隔（年）": "4000.0", "平均ケース／最新活動時期（年前）": "-", "平均ケース／30年発生確率": "0.0074700000", "平均ケース／50年発生確率": "0.0124000000", "確率過程": "ポアソン", "マグニチュード": "Mw6.5", "ばらつき": "-", "最大ケース／平均活動間隔（年）": "3000.0", "最大ケース／最新活動時期（年前）": "-", "最大ケース／30年発生確率": "0.0099500000", "最大ケース／50年発生確率": "0.0165000000" }, "geometry": { "type": "Polygon", "coordinates": [ [ [ 140.80078125, 40.073868105094817 ], [ 140.8612060546875, 40.245991504199026 ], [ 141.0205078125, 40.212440718286473 ], [ 140.9600830078125, 40.04023218690449 ], [ 140.80078125, 40.073868105094817 ] ] ] } },
{ "type": "Feature", "properties": { "断層面ID": "F010201_00001", "断層コード": "F010201", "name": "高田平野西縁断層帯", "基準位置経度": "138.190", "基準位置緯度": "37.296", "上端深さ(km)": "5.0", "断層長さ(km)": "32.0", "断層幅(km)": "18.0", "走向角(度)": "178.5", "傾斜角(度)": "45.0", "平均ケース／平均活動間隔（年）": "3500.0", "平均ケース／最新活動時期（年前）": "271.0", "平均ケース／30年発生確率": "0.0000000000", "平均ケース／50年発生確率": "0.0000000000", "確率過程": "BPT", "マグニチュード": "Mw6.8", "ばらつき": "0.24", "最大ケース／平均活動間隔（年）": "2200.0", "最大ケース／最新活動時期（年前）": "271.0", "最大ケース／30年発生確率": "0.0000000000", "最大ケース／50年発生確率": "0.0000000000" }, "geometry": { "type": "Polygon", "coordinates": [ [ [ 138.18603515625, 37.29590550406617 ], [ 138.197021484375, 37.006939434185867 ], [ 138.05419921875, 37.002552672159553 ], [ 138.043212890625, 37.291535472927364 ], [ 138.18603515625, 37.29590550406617 ] ] ] } },
{ "type": "Feature", "properties": { "断層面ID": "F010202_00001", "断層コード": "F010202", "name": "高田平野東縁断層帯", "基準位置経度": "138.359", "基準位置緯度": "36.962", "上端深さ(km)": "7.0", "断層長さ(km)": "28.0", "断層幅(km)": "18.0", "走向角(度)": "25.2", "傾斜角(度)": "35.0", "平均ケース／平均活動間隔（年）": "2300.0", "平均ケース／最新活動時期（年前）": "1837.5", "平均ケース／30年発生確率": "0.0251000000", "平均ケース／50年発生確率": "0.0423000000", "確率過程": "BPT", "マグニチュード": "Mw6.7", "ばらつき": "0.24", "最大ケース／平均活動間隔（年）": "2300.0", "最大ケース／最新活動時期（年前）": "3500.0", "最大ケース／30年発生確率": "0.0805000000", "最大ケース／50年発生確率": "0.1310000000" }, "geometry": { "type": "Polygon", "coordinates": [ [ [ 138.3563232421875, 36.958671131530309 ], [ 138.4881591796875, 37.186578595248832 ], [ 138.6419677734375, 37.129665954840846 ], [ 138.504638671875, 36.901587303978474 ], [ 138.3563232421875, 36.958671131530309 ] ] ] } },
{ "type": "Feature", "properties": { "断層面ID": "F010302_00001", "断層コード": "F010302", "name": "六日町断層帯南部", "基準位置経度": "138.883", "基準位置緯度": "37.186", "上端深さ(km)": "5.0", "断層長さ(km)": "32.0", "断層幅(km)": "18.0", "走向角(度)": "199.5", "傾斜角(度)": "50.0", "平均ケース／平均活動間隔（年）": "6700.0", "平均ケース／最新活動時期（年前）": "2456.5", "平均ケース／30年発生確率": "0.0000000000", "平均ケース／50年発生確率": "0.0000000000", "確率過程": "BPT", "マグニチュード": "Mw6.8", "ばらつき": "0.24", "最大ケース／平均活動間隔（年）": "6200.0", "最大ケース／最新活動時期（年前）": "2900.0", "最大ケース／30年発生確率": "0.0001400000", "最大ケース／50年発生確率": "0.0002440000" }, "geometry": { "type": "Polygon", "coordinates": [ [ [ 138.878173828125, 37.182202221079777 ], [ 138.75732421875, 36.910372213522535 ], [ 138.636474609375, 36.945501734953453 ], [ 138.75732421875, 37.217206113254974 ], [ 138.878173828125, 37.182202221079777 ] ] ] } },
{ "type": "Feature", "properties": { "断層面ID": "F010335_00001", "断層コード": "F010335", "name": "六日町断層帯北部(ケース1)", "基準位置経度": "139.020", "基準位置緯度": "37.380", "上端深さ(km)": "5.0", "断層長さ(km)": "24.0", "断層幅(km)": "18.0", "走向角(度)": "209.6", "傾斜角(度)": "50.0", "平均ケース／平均活動間隔（年）": "5400.0", "平均ケース／最新活動時期（年前）": "-", "平均ケース／30年発生確率": "0.0055400000", "平均ケース／50年発生確率": "0.0092200000", "確率過程": "ポアソン", "マグニチュード": "Mw6.6", "ばらつき": "-", "最大ケース／平均活動間隔（年）": "3200.0", "最大ケース／最新活動時期（年前）": "-", "最大ケース／30年発生確率": "0.0093300000", "最大ケース／50年発生確率": "0.0155000000" }, "geometry": { "type": "Polygon", "coordinates": [ [ [ 139.0155029296875, 37.37888785004526 ], [ 138.8836669921875, 37.190954715826052 ], [ 138.768310546875, 37.243448378654108 ], [ 138.9056396484375, 37.431250501793585 ], [ 139.0155029296875, 37.37888785004526 ] ] ] } },
{ "type": "Feature", "properties": { "断層面ID": "F010336_00001", "断層コード": "F010336", "name": "六日町断層帯北部(ケース2)", "基準位置経度": "138.976", "基準位置緯度": "37.400", "上端深さ(km)": "5.0", "断層長さ(km)": "24.0", "断層幅(km)": "18.0", "走向角(度)": "209.6", "傾斜角(度)": "50.0", "平均ケース／平均活動間隔（年）": "3600.0", "平均ケース／最新活動時期（年前）": "18.0", "平均ケース／30年発生確率": "0.0000000000", "平均ケース／50年発生確率": "0.0000000000", "確率過程": "BPT", "マグニチュード": "Mw6.6", "ばらつき": "0.24", "最大ケース／平均活動間隔（年）": "3200.0", "最大ケース／最新活動時期（年前）": "18.0", "最大ケース／30年発生確率": "0.0000000000", "最大ケース／50年発生確率": "0.0000000000" }, "geometry": { "type": "Polygon", "coordinates": [ [ [ 138.9715576171875, 37.396346133189226 ], [ 138.8397216796875, 37.208456662000202 ], [ 138.724365234375, 37.260938147754544 ], [ 138.8616943359375, 37.448696585910383 ], [ 138.9715576171875, 37.396346133189226 ] ] ] } },
{ "type": "Feature", "properties": { "断層面ID": "F010501_00001", "断層コード": "F010501", "name": "魚津断層帯", "基準位置経度": "137.491", "基準位置緯度": "36.877", "上端深さ(km)": "3.0", "断層長さ(km)": "24.0", "断層幅(km)": "18.0", "走向角(度)": "205.0", "傾斜角(度)": "137.0", "平均ケース／平均活動間隔（年）": "8000.0", "平均ケース／最新活動時期（年前）": "-", "平均ケース／30年発生確率": "0.0037400000", "平均ケース／50年発生確率": "0.0062300000", "確率過程": "ポアソン", "マグニチュード": "Mw6.8", "ばらつき": "-", "最大ケース／平均活動間隔（年）": "8000.0", "最大ケース／最新活動時期（年前）": "-", "最大ケース／30年発生確率": "0.0037400000", "最大ケース／50年発生確率": "0.0062300000" }, "geometry": { "type": "Polygon", "coordinates": [ [ [ 137.4884033203125, 36.875226506739509 ], [ 137.6202392578125, 36.822477611666201 ], [ 137.5103759765625, 36.628753857759563 ], [ 137.373046875, 36.677230602346214 ], [ 137.4884033203125, 36.875226506739509 ] ] ] } },
{ "type": "Feature", "properties": { "断層面ID": "F010501_00002", "断層コード": "F010501", "name": "魚津断層帯", "基準位置経度": "137.491", "基準位置緯度": "36.877", "上端深さ(km)": "3.0", "断層長さ(km)": "7.9", "断層幅(km)": "18.0", "走向角(度)": "68.0", "傾斜角(度)": "43.0", "平均ケース／平均活動間隔（年）": "8000.0", "平均ケース／最新活動時期（年前）": "-", "平均ケース／30年発生確率": "0.0037400000", "平均ケース／50年発生確率": "0.0062300000", "確率過程": "ポアソン", "マグニチュード": "Mw6.8", "ばらつき": "-", "最大ケース／平均活動間隔（年）": "8000.0", "最大ケース／最新活動時期（年前）": "-", "最大ケース／30年発生確率": "0.0037400000", "最大ケース／50年発生確率": "0.0062300000" }, "geometry": { "type": "Polygon", "coordinates": [ [ [ 137.4884033203125, 36.875226506739509 ], [ 137.57080078125, 36.901587303978474 ], [ 137.625732421875, 36.791690619070764 ], [ 137.5433349609375, 36.76529191711623 ], [ 137.4884033203125, 36.875226506739509 ] ] ] } },
{ "type": "Feature", "properties": { "断層面ID": "F014121_00001", "断層コード": "F014121", "name": "関谷断層", "基準位置経度": "139.929", "基準位置緯度": "37.164", "上端深さ(km)": "2.0", "断層長さ(km)": "40.0", "断層幅(km)": "18.0", "走向角(度)": "192.1", "傾斜角(度)": "45.0", "平均ケース／平均活動間隔（年）": "3350.0", "平均ケース／最新活動時期（年前）": "522.0", "平均ケース／30年発生確率": "0.0000000000", "平均ケース／50年発生確率": "0.0000000000", "確率過程": "BPT", "マグニチュード": "Mw6.9", "ばらつき": "0.24", "最大ケース／平均活動間隔（年）": "2600.0", "最大ケース／最新活動時期（年前）": "722.0", "最大ケース／30年発生確率": "0.0000000000", "最大ケース／50年発生確率": "0.0000000000" }, "geometry": { "type": "Polygon", "coordinates": [ [ [ 139.9273681640625, 37.160316546736766 ], [ 139.833984375, 36.809284702059401 ], [ 139.691162109375, 36.83127162140714 ], [ 139.7845458984375, 37.186578595248832 ], [ 139.9273681640625, 37.160316546736766 ] ] ] } },
{ "type": "Feature", "properties": { "断層面ID": "F014221_00001", "断層コード": "F014221", "name": "内ノ籠断層", "基準位置経度": "139.534", "基準位置緯度": "36.734", "上端深さ(km)": "2.0", "断層長さ(km)": "20.0", "断層幅(km)": "10.0", "走向角(度)": "209.6", "傾斜角(度)": "70.0", "平均ケース／平均活動間隔（年）": "2400.0", "平均ケース／最新活動時期（年前）": "-", "平均ケース／30年発生確率": "0.0124000000", "平均ケース／50年発生確率": "0.0206000000", "確率過程": "ポアソン", "マグニチュード": "Mj6.8", "ばらつき": "-", "最大ケース／平均活動間隔（年）": "2400.0", "最大ケース／最新活動時期（年前）": "-", "最大ケース／30年発生確率": "0.0124000000", "最大ケース／50年発生確率": "0.0206000000" }, "geometry": { "type": "Polygon", "coordinates": [ [ [ 139.5318603515625, 36.730079507078415 ], [ 139.4219970703125, 36.575835338491757 ], [ 139.3890380859375, 36.589068371399108 ], [ 139.4989013671875, 36.747687731900555 ], [ 139.5318603515625, 36.730079507078415 ] ] ] } },
{ "type": "Feature", "properties": { "断層面ID": "F014321_00001", "断層コード": "F014321", "name": "片品川左岸断層", "基準位置経度": "139.246", "基準位置緯度": "36.663", "上端深さ(km)": "2.0", "断層長さ(km)": "20.0", "断層幅(km)": "14.0", "走向角(度)": "7.8", "傾斜角(度)": "45.0", "平均ケース／平均活動間隔（年）": "6650.0", "平均ケース／最新活動時期（年前）": "-", "平均ケース／30年発生確率": "0.0045000000", "平均ケース／50年発生確率": "0.0074900000", "確率過程": "ポアソン", "マグニチュード": "Mj6.8", "ばらつき": "-", "最大ケース／平均活動間隔（年）": "5200.0", "最大ケース／最新活動時期（年前）": "-", "最大ケース／30年発生確率": "0.0057500000", "最大ケース／50年発生確率": "0.0095700000" }, "geometry": { "type": "Polygon", "coordinates": [ [ [ 139.24072265625, 36.659606226479696 ], [ 139.273681640625, 36.840064620377674 ], [ 139.383544921875, 36.826874742877308 ], [ 139.3505859375, 36.650792525034703 ], [ 139.24072265625, 36.659606226479696 ] ] ] } },
{ "type": "Feature", "properties": { "断層面ID": "F014421_00001", "断層コード": "F014421", "name": "大久保断層", "基準位置経度": "139.411", "基準位置緯度": "36.379", "上端深さ(km)": "2.0", "断層長さ(km)": "24.0", "断層幅(km)": "14.0", "走向角(度)": "300.9", "傾斜角(度)": "45.0", "平均ケース／平均活動間隔（年）": "5000.0", "平均ケース／最新活動時期（年前）": "-", "平均ケース／30年発生確率": "0.0059800000", "平均ケース／50年発生確率": "0.0099500000", "確率過程": "ポアソン", "マグニチュード": "Mj7.0", "ばらつき": "-", "最大ケース／平均活動間隔（年）": "5000.0", "最大ケース／最新活動時期（年前）": "-", "最大ケース／30年発生確率": "0.0059800000", "最大ケース／50年発生確率": "0.0099500000" }, "geometry": { "type": "Polygon", "coordinates": [ [ [ 139.405517578125, 36.377067839836812 ], [ 139.1802978515625, 36.487557169385767 ], [ 139.2352294921875, 36.562600037385451 ], [ 139.4659423828125, 36.45221769643571 ], [ 139.405517578125, 36.377067839836812 ] ] ] } },
{ "type": "Feature", "properties": { "断層面ID": "F014521_00001", "断層コード": "F014521", "name": "太田断層", "基準位置経度": "139.319", "基準位置緯度": "36.378", "上端深さ(km)": "2.0", "断層長さ(km)": "20.0", "断層幅(km)": "18.0", "走向角(度)": "153.9", "傾斜角(度)": "45.0", "平均ケース／平均活動間隔（年）": "5700.0", "平均ケース／最新活動時期（年前）": "-", "平均ケース／30年発生確率": "0.0052500000", "平均ケース／50年発生確率": "0.0087300000", "確率過程": "ポアソン", "マグニチュード": "Mj6.9", "ばらつき": "-", "最大ケース／平均活動間隔（年）": "5700.0", "最大ケース／最新活動時期（年前）": "-", "最大ケース／30年発生確率": "0.0052500000", "最大ケース／50年発生確率": "0.0087300000" }, "geometry": { "type": "Polygon", "coordinates": [ [ [ 139.317626953125, 36.377067839836812 ], [ 139.41650390625, 36.213255233061844 ], [ 139.28466796875, 36.164487886320643 ], [ 139.1912841796875, 36.32397712011263 ], [ 139.317626953125, 36.377067839836812 ] ] ] } },
{ "type": "Feature", "properties": { "断層面ID": "F014621_00001", "断層コード": "F014621", "name": "長野盆地西縁断層帯飯山−千曲区間", "基準位置経度": "138.043", "基準位置緯度": "36.553", "上端深さ(km)": "4.0", "断層長さ(km)": "62.0", "断層幅(km)": "18.0", "走向角(度)": "33.7", "傾斜角(度)": "35.0", "平均ケース／平均活動間隔（年）": "1650.0", "平均ケース／最新活動時期（年前）": "175.0", "平均ケース／30年発生確率": "0.0000000000", "平均ケース／50年発生確率": "0.0000000000", "確率過程": "BPT過程（同時活動モデル）", "マグニチュード": "Mw7.2", "ばらつき": "0.24", "最大ケース／平均活動間隔（年）": "800.0", "最大ケース／最新活動時期（年前）": "175.0", "最大ケース／30年発生確率": "0.0000000000", "最大ケース／50年発生確率": "0.0000000000" }, "geometry": { "type": "Polygon", "coordinates": [ [ [ 138.0377197265625, 36.549362468397788 ], [ 138.4222412109375, 37.015712198801268 ], [ 138.5595703125, 36.941111430107696 ], [ 138.175048828125, 36.478723811624633 ], [ 138.0377197265625, 36.549362468397788 ] ] ] } },
{ "type": "Feature", "properties": { "断層面ID": "F014622_00001", "断層コード": "F014622", "name": "長野盆地西縁断層帯麻績区間", "基準位置経度": "137.970", "基準位置緯度": "36.428", "上端深さ(km)": "4.0", "断層長さ(km)": "18.0", "断層幅(km)": "16.0", "走向角(度)": "28.3", "傾斜角(度)": "45.0", "平均ケース／平均活動間隔（年）": "3000.0", "平均ケース／最新活動時期（年前）": "-", "平均ケース／30年発生確率": "0.0099500000", "平均ケース／50年発生確率": "0.0165000000", "確率過程": "ポアソン過程（同時活動モデル）", "マグニチュード": "Mw6.4", "ばらつき": "-", "最大ケース／平均活動間隔（年）": "3000.0", "最大ケース／最新活動時期（年前）": "-", "最大ケース／30年発生確率": "0.0099500000", "最大ケース／50年発生確率": "0.0165000000" }, "geometry": { "type": "Polygon", "coordinates": [ [ [ 137.96630859375, 36.42570252039198 ], [ 138.0596923828125, 36.567012056423408 ], [ 138.175048828125, 36.518465989675903 ], [ 138.076171875, 36.377067839836812 ], [ 137.96630859375, 36.42570252039198 ] ] ] } },
{ "type": "Feature", "properties": { "断層面ID": "F01462A_00001", "断層コード": "F01462A", "name": "長野盆地西縁断層帯（全体が同時に活動）", "基準位置経度": "138.043", "基準位置緯度": "36.553", "上端深さ(km)": "4.0", "断層長さ(km)": "62.0", "断層幅(km)": "18.0", "走向角(度)": "33.7", "傾斜角(度)": "35.0", "平均ケース／平均活動間隔（年）": "-", "平均ケース／最新活動時期（年前）": "-", "平均ケース／30年発生確率": "0.0000000000", "平均ケース／50年発生確率": "0.0000000000", "確率過程": "同時活動モデル", "マグニチュード": "Mw7.3", "ばらつき": "-", "最大ケース／平均活動間隔（年）": "-999.0", "最大ケース／最新活動時期（年前）": "-", "最大ケース／30年発生確率": "0.0000000000", "最大ケース／50年発生確率": "0.0000000000" }, "geometry": { "type": "Polygon", "coordinates": [ [ [ 138.0377197265625, 36.549362468397788 ], [ 138.4222412109375, 37.015712198801268 ], [ 138.5595703125, 36.941111430107696 ], [ 138.175048828125, 36.478723811624633 ], [ 138.0377197265625, 36.549362468397788 ] ] ] } },
{ "type": "Feature", "properties": { "断層面ID": "F01462A_00002", "断層コード": "F01462A", "name": "長野盆地西縁断層帯（全体が同時に活動）", "基準位置経度": "137.970", "基準位置緯度": "36.428", "上端深さ(km)": "4.0", "断層長さ(km)": "18.0", "断層幅(km)": "16.0", "走向角(度)": "28.3", "傾斜角(度)": "45.0", "平均ケース／平均活動間隔（年）": "-", "平均ケース／最新活動時期（年前）": "-", "平均ケース／30年発生確率": "0.0000000000", "平均ケース／50年発生確率": "0.0000000000", "確率過程": "同時活動モデル", "マグニチュード": "Mw7.3", "ばらつき": "-", "最大ケース／平均活動間隔（年）": "-999.0", "最大ケース／最新活動時期（年前）": "-", "最大ケース／30年発生確率": "0.0000000000", "最大ケース／50年発生確率": "0.0000000000" }, "geometry": { "type": "Polygon", "coordinates": [ [ [ 137.96630859375, 36.42570252039198 ], [ 138.0596923828125, 36.567012056423408 ], [ 138.175048828125, 36.518465989675903 ], [ 138.076171875, 36.377067839836812 ], [ 137.96630859375, 36.42570252039198 ] ] ] } },
{ "type": "Feature", "properties": { "断層面ID": "F014721_00001", "断層コード": "F014721", "name": "深谷断層帯", "基準位置経度": "138.821", "基準位置緯度": "36.366", "上端深さ(km)": "5.0", "断層長さ(km)": "72.0", "断層幅(km)": "18.0", "走向角(度)": "122.1", "傾斜角(度)": "60.0", "平均ケース／平均活動間隔（年）": "17500.0", "平均ケース／最新活動時期（年前）": "6000.0", "平均ケース／30年発生確率": "0.0000000000", "平均ケース／50年発生確率": "0.0000000000", "確率過程": "BPT過程（同時活動モデル）", "マグニチュード": "Mw7.2", "ばらつき": "0.24", "最大ケース／平均活動間隔（年）": "10000.0", "最大ケース／最新活動時期（年前）": "6200.0", "最大ケース／30年発生確率": "0.0014200000", "最大ケース／50年発生確率": "0.0023900000" }, "geometry": { "type": "Polygon", "coordinates": [ [ [ 138.8177490234375, 36.363798554158635 ], [ 139.4989013671875, 36.018003758714158 ], [ 139.4439697265625, 35.951329861522666 ], [ 138.7628173828125, 36.292990818063387 ], [ 138.8177490234375, 36.363798554158635 ] ] ] } },
{ "type": "Feature", "properties": { "断層面ID": "F014821_00001", "断層コード": "F014821", "name": "綾瀬川断層鴻巣−伊奈区間", "基準位置経度": "139.444", "基準位置緯度": "36.057", "上端深さ(km)": "5.0", "断層長さ(km)": "20.0", "断層幅(km)": "20.0", "走向角(度)": "130.2", "傾斜角(度)": "50.0", "平均ケース／平均活動間隔（年）": "58000.0", "平均ケース／最新活動時期（年前）": "12000.0", "平均ケース／30年発生確率": "0.0000000000", "平均ケース／50年発生確率": "0.0000000000", "確率過程": "BPT過程（同時活動モデル）", "マグニチュード": "Mw6.5", "ばらつき": "0.24", "最大ケース／平均活動間隔（年）": "45000.0", "最大ケース／最新活動時期（年前）": "15000.0", "最大ケース／30年発生確率": "0.0000000000", "最大ケース／50年発生確率": "0.0000000000" }, "geometry": { "type": "Polygon", "coordinates": [ [ [ 139.4439697265625, 36.053540128339762 ], [ 139.6087646484375, 35.937988322653922 ], [ 139.5208740234375, 35.848987186906598 ], [ 139.3505859375, 35.964669147704086 ], [ 139.4439697265625, 36.053540128339762 ] ] ] } },
{ "type": "Feature", "properties": { "断層面ID": "F014822_00001", "断層コード": "F014822", "name": "綾瀬川断層伊奈−川口区間", "基準位置経度": "139.607", "基準位置緯度": "35.946", "上端深さ(km)": "5.0", "断層長さ(km)": "20.0", "断層幅(km)": "20.0", "走向角(度)": "140.6", "傾斜角(度)": "50.0", "平均ケース／平均活動間隔（年）": "38000.0", "平均ケース／最新活動時期（年前）": "-", "平均ケース／30年発生確率": "0.0007890000", "平均ケース／50年発生確率": "0.0013100000", "確率過程": "ポアソン過程（同時活動モデル）", "マグニチュード": "Mw6.5", "ばらつき": "-", "最大ケース／平均活動間隔（年）": "38000.0", "最大ケース／最新活動時期（年前）": "-", "最大ケース／30年発生確率": "0.0007890000", "最大ケース／50年発生確率": "0.0013100000" }, "geometry": { "type": "Polygon", "coordinates": [ [ [ 139.603271484375, 35.94243575255426 ], [ 139.74609375, 35.804449111914906 ], [ 139.63623046875, 35.733136223133926 ], [ 139.493408203125, 35.871246850027973 ], [ 139.603271484375, 35.94243575255426 ] ] ] } },
{ "type": "Feature", "properties": { "断層面ID": "F01482A_00001", "断層コード": "F01482A", "name": "深谷断層・綾瀬川断層（深谷断層と鴻巣−伊奈区間が同時に活動）", "基準位置経度": "138.821", "基準位置緯度": "36.366", "上端深さ(km)": "5.0", "断層長さ(km)": "72.0", "断層幅(km)": "18.0", "走向角(度)": "122.1", "傾斜角(度)": "60.0", "平均ケース／平均活動間隔（年）": "-", "平均ケース／最新活動時期（年前）": "-", "平均ケース／30年発生確率": "0.0000000000", "平均ケース／50年発生確率": "0.0000000000", "確率過程": "同時活動モデル", "マグニチュード": "Mw7.4", "ばらつき": "-", "最大ケース／平均活動間隔（年）": "-999.0", "最大ケース／最新活動時期（年前）": "-", "最大ケース／30年発生確率": "0.0000000000", "最大ケース／50年発生確率": "0.0000000000" }, "geometry": { "type": "Polygon", "coordinates": [ [ [ 138.8177490234375, 36.363798554158635 ], [ 139.4989013671875, 36.018003758714158 ], [ 139.4439697265625, 35.951329861522666 ], [ 138.7628173828125, 36.292990818063387 ], [ 138.8177490234375, 36.363798554158635 ] ] ] } },
{ "type": "Feature", "properties": { "断層面ID": "F01482A_00002", "断層コード": "F01482A", "name": "深谷断層・綾瀬川断層（深谷断層と鴻巣−伊奈区間が同時に活動）", "基準位置経度": "139.444", "基準位置緯度": "36.057", "上端深さ(km)": "5.0", "断層長さ(km)": "20.0", "断層幅(km)": "20.0", "走向角(度)": "130.2", "傾斜角(度)": "50.0", "平均ケース／平均活動間隔（年）": "-", "平均ケース／最新活動時期（年前）": "-", "平均ケース／30年発生確率": "0.0000000000", "平均ケース／50年発生確率": "0.0000000000", "確率過程": "同時活動モデル", "マグニチュード": "Mw7.4", "ばらつき": "-", "最大ケース／平均活動間隔（年）": "-999.0", "最大ケース／最新活動時期（年前）": "-", "最大ケース／30年発生確率": "0.0000000000", "最大ケース／50年発生確率": "0.0000000000" }, "geometry": { "type": "Polygon", "coordinates": [ [ [ 139.4439697265625, 36.053540128339762 ], [ 139.6087646484375, 35.937988322653922 ], [ 139.5208740234375, 35.848987186906598 ], [ 139.3505859375, 35.964669147704086 ], [ 139.4439697265625, 36.053540128339762 ] ] ] } },
{ "type": "Feature", "properties": { "断層面ID": "F01482B_00001", "断層コード": "F01482B", "name": "深谷断層・綾瀬川断層（鴻巣−伊奈区間と伊奈−川口区間が同時に活動）", "基準位置経度": "139.444", "基準位置緯度": "36.057", "上端深さ(km)": "5.0", "断層長さ(km)": "20.0", "断層幅(km)": "20.0", "走向角(度)": "130.2", "傾斜角(度)": "50.0", "平均ケース／平均活動間隔（年）": "-", "平均ケース／最新活動時期（年前）": "-", "平均ケース／30年発生確率": "0.0000000000", "平均ケース／50年発生確率": "0.0000000000", "確率過程": "同時活動モデル", "マグニチュード": "Mw7", "ばらつき": "-", "最大ケース／平均活動間隔（年）": "-999.0", "最大ケース／最新活動時期（年前）": "-", "最大ケース／30年発生確率": "0.0000000000", "最大ケース／50年発生確率": "0.0000000000" }, "geometry": { "type": "Polygon", "coordinates": [ [ [ 139.4439697265625, 36.053540128339762 ], [ 139.6087646484375, 35.937988322653922 ], [ 139.5208740234375, 35.848987186906598 ], [ 139.3505859375, 35.964669147704086 ], [ 139.4439697265625, 36.053540128339762 ] ] ] } },
{ "type": "Feature", "properties": { "断層面ID": "F01482B_00002", "断層コード": "F01482B", "name": "深谷断層・綾瀬川断層（鴻巣−伊奈区間と伊奈−川口区間が同時に活動）", "基準位置経度": "139.607", "基準位置緯度": "35.946", "上端深さ(km)": "5.0", "断層長さ(km)": "20.0", "断層幅(km)": "20.0", "走向角(度)": "140.6", "傾斜角(度)": "50.0", "平均ケース／平均活動間隔（年）": "-", "平均ケース／最新活動時期（年前）": "-", "平均ケース／30年発生確率": "0.0000000000", "平均ケース／50年発生確率": "0.0000000000", "確率過程": "同時活動モデル", "マグニチュード": "Mw7", "ばらつき": "-", "最大ケース／平均活動間隔（年）": "-999.0", "最大ケース／最新活動時期（年前）": "-", "最大ケース／30年発生確率": "0.0000000000", "最大ケース／50年発生確率": "0.0000000000" }, "geometry": { "type": "Polygon", "coordinates": [ [ [ 139.603271484375, 35.94243575255426 ], [ 139.74609375, 35.804449111914906 ], [ 139.63623046875, 35.733136223133926 ], [ 139.493408203125, 35.871246850027973 ], [ 139.603271484375, 35.94243575255426 ] ] ] } },
{ "type": "Feature", "properties": { "断層面ID": "F01482C_00001", "断層コード": "F01482C", "name": "深谷断層・綾瀬川断層（全体が同時に活動）", "基準位置経度": "138.821", "基準位置緯度": "36.366", "上端深さ(km)": "5.0", "断層長さ(km)": "72.0", "断層幅(km)": "18.0", "走向角(度)": "122.1", "傾斜角(度)": "60.0", "平均ケース／平均活動間隔（年）": "-", "平均ケース／最新活動時期（年前）": "-", "平均ケース／30年発生確率": "0.0000000000", "平均ケース／50年発生確率": "0.0000000000", "確率過程": "同時活動モデル", "マグニチュード": "Mw7.5", "ばらつき": "-", "最大ケース／平均活動間隔（年）": "-999.0", "最大ケース／最新活動時期（年前）": "-", "最大ケース／30年発生確率": "0.0000000000", "最大ケース／50年発生確率": "0.0000000000" }, "geometry": { "type": "Polygon", "coordinates": [ [ [ 138.8177490234375, 36.363798554158635 ], [ 139.4989013671875, 36.018003758714158 ], [ 139.4439697265625, 35.951329861522666 ], [ 138.7628173828125, 36.292990818063387 ], [ 138.8177490234375, 36.363798554158635 ] ] ] } },
{ "type": "Feature", "properties": { "断層面ID": "F01482C_00002", "断層コード": "F01482C", "name": "深谷断層・綾瀬川断層（全体が同時に活動）", "基準位置経度": "139.444", "基準位置緯度": "36.057", "上端深さ(km)": "5.0", "断層長さ(km)": "20.0", "断層幅(km)": "20.0", "走向角(度)": "130.2", "傾斜角(度)": "50.0", "平均ケース／平均活動間隔（年）": "-", "平均ケース／最新活動時期（年前）": "-", "平均ケース／30年発生確率": "0.0000000000", "平均ケース／50年発生確率": "0.0000000000", "確率過程": "同時活動モデル", "マグニチュード": "Mw7.5", "ばらつき": "-", "最大ケース／平均活動間隔（年）": "-999.0", "最大ケース／最新活動時期（年前）": "-", "最大ケース／30年発生確率": "0.0000000000", "最大ケース／50年発生確率": "0.0000000000" }, "geometry": { "type": "Polygon", "coordinates": [ [ [ 139.4439697265625, 36.053540128339762 ], [ 139.6087646484375, 35.937988322653922 ], [ 139.5208740234375, 35.848987186906598 ], [ 139.3505859375, 35.964669147704086 ], [ 139.4439697265625, 36.053540128339762 ] ] ] } },
{ "type": "Feature", "properties": { "断層面ID": "F01482C_00003", "断層コード": "F01482C", "name": "深谷断層・綾瀬川断層（全体が同時に活動）", "基準位置経度": "139.607", "基準位置緯度": "35.946", "上端深さ(km)": "5.0", "断層長さ(km)": "20.0", "断層幅(km)": "20.0", "走向角(度)": "140.6", "傾斜角(度)": "50.0", "平均ケース／平均活動間隔（年）": "-", "平均ケース／最新活動時期（年前）": "-", "平均ケース／30年発生確率": "0.0000000000", "平均ケース／50年発生確率": "0.0000000000", "確率過程": "同時活動モデル", "マグニチュード": "Mw7.5", "ばらつき": "-", "最大ケース／平均活動間隔（年）": "-999.0", "最大ケース／最新活動時期（年前）": "-", "最大ケース／30年発生確率": "0.0000000000", "最大ケース／50年発生確率": "0.0000000000" }, "geometry": { "type": "Polygon", "coordinates": [ [ [ 139.603271484375, 35.94243575255426 ], [ 139.74609375, 35.804449111914906 ], [ 139.63623046875, 35.733136223133926 ], [ 139.493408203125, 35.871246850027973 ], [ 139.603271484375, 35.94243575255426 ] ] ] } },
{ "type": "Feature", "properties": { "断層面ID": "F014921_00001", "断層コード": "F014921", "name": "越生断層", "基準位置経度": "139.238", "基準位置緯度": "36.014", "上端深さ(km)": "2.0", "断層長さ(km)": "17.0", "断層幅(km)": "17.0", "走向角(度)": "161.7", "傾斜角(度)": "45.0", "平均ケース／平均活動間隔（年）": "28000.0", "平均ケース／最新活動時期（年前）": "-", "平均ケース／30年発生確率": "0.0010700000", "平均ケース／50年発生確率": "0.0017800000", "確率過程": "ポアソン", "マグニチュード": "Mj6.7", "ばらつき": "-", "最大ケース／平均活動間隔（年）": "28000.0", "最大ケース／最新活動時期（年前）": "-", "最大ケース／30年発生確率": "0.0010700000", "最大ケース／50年発生確率": "0.0017800000" }, "geometry": { "type": "Polygon", "coordinates": [ [ [ 139.2352294921875, 36.013560585181537 ], [ 139.295654296875, 35.866795417490295 ], [ 139.1693115234375, 35.831174956246528 ], [ 139.10888671875, 35.978006180855658 ], [ 139.2352294921875, 36.013560585181537 ] ] ] } },
{ "type": "Feature", "properties": { "断層面ID": "F015021_00001", "断層コード": "F015021", "name": "立川断層帯", "基準位置経度": "139.453", "基準位置緯度": "35.669", "上端深さ(km)": "2.0", "断層長さ(km)": "34.0", "断層幅(km)": "18.0", "走向角(度)": "315.0", "傾斜角(度)": "80.0", "平均ケース／平均活動間隔（年）": "12500.0", "平均ケース／最新活動時期（年前）": "16500.0", "平均ケース／30年発生確率": "0.0135000000", "平均ケース／50年発生確率": "0.0224000000", "確率過程": "BPT", "マグニチュード": "Mw6.8", "ばらつき": "0.24", "最大ケース／平均活動間隔（年）": "10000.0", "最大ケース／最新活動時期（年前）": "20000.0", "最大ケース／30年発生確率": "0.0221000000", "最大ケース／50年発生確率": "0.0366000000" }, "geometry": { "type": "Polygon", "coordinates": [ [ [ 139.449462890625, 35.666222341034796 ], [ 139.185791015625, 35.884599647175961 ], [ 139.207763671875, 35.902399875143615 ], [ 139.4769287109375, 35.688533207388744 ], [ 139.449462890625, 35.666222341034796 ] ] ] } },
{ "type": "Feature", "properties": { "断層面ID": "F015121_00001", "断層コード": "F015121", "name": "鴨川低地断層帯", "基準位置経度": "140.107", "基準位置緯度": "35.102", "上端深さ(km)": "2.0", "断層長さ(km)": "26.0", "断層幅(km)": "18.0", "走向角(度)": "265.7", "傾斜角(度)": "45.0", "平均ケース／平均活動間隔（年）": "57000.0", "平均ケース／最新活動時期（年前）": "-", "平均ケース／30年発生確率": "0.0005260000", "平均ケース／50年発生確率": "0.0008770000", "確率過程": "ポアソン", "マグニチュード": "Mw6.7", "ばらつき": "-", "最大ケース／平均活動間隔（年）": "57000.0", "最大ケース／最新活動時期（年前）": "-", "最大ケース／30年発生確率": "0.0005260000", "最大ケース／50年発生確率": "0.0008770000" }, "geometry": { "type": "Polygon", "coordinates": [ [ [ 140.1031494140625, 35.101934057246055 ], [ 139.8175048828125, 35.083955579276434 ], [ 139.81201171875, 35.196256007863681 ], [ 140.0921630859375, 35.214209694830771 ], [ 140.1031494140625, 35.101934057246055 ] ] ] } },
{ "type": "Feature", "properties": { "断層面ID": "F015221_00001", "断層コード": "F015221", "name": "三浦半島断層群主部衣笠・北武断層帯", "基準位置経度": "139.788", "基準位置緯度": "35.198", "上端深さ(km)": "3.0", "断層長さ(km)": "28.0", "断層幅(km)": "18.0", "走向角(度)": "300.0", "傾斜角(度)": "45.0", "平均ケース／平均活動間隔（年）": "3400.0", "平均ケース／最新活動時期（年前）": "1422.0", "平均ケース／30年発生確率": "0.0000570000", "平均ケース／50年発生確率": "0.0001060000", "確率過程": "BPT", "マグニチュード": "Mw6.7", "ばらつき": "0.24", "最大ケース／平均活動間隔（年）": "1900.0", "最大ケース／最新活動時期（年前）": "1522.0", "最大ケース／30年発生確率": "0.0308000000", "最大ケース／50年発生確率": "0.0520000000" }, "geometry": { "type": "Polygon", "coordinates": [ [ [ 139.7845458984375, 35.196256007863681 ], [ 139.5208740234375, 35.321848420376853 ], [ 139.5867919921875, 35.420391545750746 ], [ 139.85595703125, 35.294952147406576 ], [ 139.7845458984375, 35.196256007863681 ] ] ] } },
{ "type": "Feature", "properties": { "断層面ID": "F015222_00001", "断層コード": "F015222", "name": "三浦半島断層群主部武山断層帯", "基準位置経度": "139.758", "基準位置緯度": "35.181", "上端深さ(km)": "3.0", "断層長さ(km)": "20.0", "断層幅(km)": "18.0", "走向角(度)": "300.0", "傾斜角(度)": "45.0", "平均ケース／平均活動間隔（年）": "1750.0", "平均ケース／最新活動時期（年前）": "2110.0", "平均ケース／30年発生確率": "0.0839000000", "平均ケース／50年発生確率": "0.1370000000", "確率過程": "BPT", "マグニチュード": "Mw6.5", "ばらつき": "0.24", "最大ケース／平均活動間隔（年）": "1600.0", "最大ケース／最新活動時期（年前）": "2300.0", "最大ケース／30年発生確率": "0.1090000000", "最大ケース／50年発生確率": "0.1760000000" }, "geometry": { "type": "Polygon", "coordinates": [ [ [ 139.757080078125, 35.178298352001207 ], [ 139.5648193359375, 35.268046933515549 ], [ 139.63623046875, 35.366655665262499 ], [ 139.822998046875, 35.277016331398841 ], [ 139.757080078125, 35.178298352001207 ] ] ] } },
{ "type": "Feature", "properties": { "断層面ID": "F015223_00001", "断層コード": "F015223", "name": "三浦半島断層群南部", "基準位置経度": "139.750", "基準位置緯度": "35.117", "上端深さ(km)": "3.0", "断層長さ(km)": "20.0", "断層幅(km)": "12.0", "走向角(度)": "300.0", "傾斜角(度)": "90.0", "平均ケース／平均活動間隔（年）": "22000.0", "平均ケース／最新活動時期（年前）": "24000.0", "平均ケース／30年発生確率": "0.0059200000", "平均ケース／50年発生確率": "0.0098500000", "確率過程": "BPT", "マグニチュード": "Mj7.0", "ばらつき": "0.24", "最大ケース／平均活動間隔（年）": "22000.0", "最大ケース／最新活動時期（年前）": "26000.0", "最大ケース／30年発生確率": "0.0067000000", "最大ケース／50年発生確率": "0.0111000000" }, "geometry": { "type": "Polygon", "coordinates": [ [ [ 139.74609375, 35.115415314253596 ], [ 139.559326171875, 35.205233347514536 ], [ 139.74609375, 35.115415314253596 ] ] ] } },
{ "type": "Feature", "properties": { "断層面ID": "F015321_00001", "断層コード": "F015321", "name": "伊勢原断層", "基準位置経度": "139.323", "基準位置緯度": "35.363", "上端深さ(km)": "2.0", "断層長さ(km)": "22.0", "断層幅(km)": "18.0", "走向角(度)": "351.5", "傾斜角(度)": "45.0", "平均ケース／平均活動間隔（年）": "5000.0", "平均ケース／最新活動時期（年前）": "972.0", "平均ケース／30年発生確率": "0.0000000000", "平均ケース／50年発生確率": "0.0000000000", "確率過程": "BPT", "マグニチュード": "Mw6.6", "ばらつき": "0.24", "最大ケース／平均活動間隔（年）": "4000.0", "最大ケース／最新活動時期（年前）": "1622.0", "最大ケース／30年発生確率": "0.0000291000", "最大ケース／50年発生確率": "0.0000538000" }, "geometry": { "type": "Polygon", "coordinates": [ [ [ 139.317626953125, 35.362176059146805 ], [ 139.28466796875, 35.559043395258968 ], [ 139.4219970703125, 35.572448615622804 ], [ 139.46044921875, 35.375614131748748 ], [ 139.317626953125, 35.362176059146805 ] ] ] } },
{ "type": "Feature", "properties": { "断層面ID": "F015421_00001", "断層コード": "F015421", "name": "塩沢断層帯", "基準位置経度": "139.039", "基準位置緯度": "35.428", "上端深さ(km)": "2.0", "断層長さ(km)": "18.0", "断層幅(km)": "16.0", "走向角(度)": "241.4", "傾斜角(度)": "30.0", "平均ケース／平均活動間隔（年）": "800.0", "平均ケース／最新活動時期（年前）": "-", "平均ケース／30年発生確率": "0.0368000000", "平均ケース／50年発生確率": "0.0606000000", "確率過程": "ポアソン", "マグニチュード": "Mj6.8", "ばらつき": "-", "最大ケース／平均活動間隔（年）": "800.0", "最大ケース／最新活動時期（年前）": "-", "最大ケース／30年発生確率": "0.0368000000", "最大ケース／50年発生確率": "0.0606000000" }, "geometry": { "type": "Polygon", "coordinates": [ [ [ 139.0374755859375, 35.424867919305584 ], [ 138.8616943359375, 35.348735749472553 ], [ 138.790283203125, 35.456195568343745 ], [ 138.9605712890625, 35.536696378395035 ], [ 139.0374755859375, 35.424867919305584 ] ] ] } },
{ "type": "Feature", "properties": { "断層面ID": "F015521_00001", "断層コード": "F015521", "name": "平山-松田北断層帯", "基準位置経度": "139.086", "基準位置緯度": "35.356", "上端深さ(km)": "2.0", "断層長さ(km)": "12.0", "断層幅(km)": "10.0", "走向角(度)": "218.4", "傾斜角(度)": "70.0", "平均ケース／平均活動間隔（年）": "4500.0", "平均ケース／最新活動時期（年前）": "2700.0", "平均ケース／30年発生確率": "0.0025100000", "平均ケース／50年発生確率": "0.0043000000", "確率過程": "BPT", "マグニチュード": "Mj6.8", "ばらつき": "0.24", "最大ケース／平均活動間隔（年）": "4000.0", "最大ケース／最新活動時期（年前）": "2700.0", "最大ケース／30年発生確率": "0.0063500000", "最大ケース／50年発生確率": "0.0108000000" }, "geometry": { "type": "Polygon", "coordinates": [ [ [ 139.0814208984375, 35.353216101238232 ], [ 138.9990234375, 35.268046933515549 ], [ 138.9715576171875, 35.285984736065757 ], [ 139.053955078125, 35.371135022801013 ], [ 139.0814208984375, 35.353216101238232 ] ] ] } },
{ "type": "Feature", "properties": { "断層面ID": "F015521_00002", "断層コード": "F015521", "name": "平山-松田北断層帯", "基準位置経度": "139.183", "基準位置緯度": "35.357", "上端深さ(km)": "2.0", "断層長さ(km)": "8.0", "断層幅(km)": "14.0", "走向角(度)": "279.8", "傾斜角(度)": "45.0", "平均ケース／平均活動間隔（年）": "4500.0", "平均ケース／最新活動時期（年前）": "2700.0", "平均ケース／30年発生確率": "0.0025100000", "平均ケース／50年発生確率": "0.0043000000", "確率過程": "BPT", "マグニチュード": "Mj6.8", "ばらつき": "0.24", "最大ケース／平均活動間隔（年）": "4000.0", "最大ケース／最新活動時期（年前）": "2700.0", "最大ケース／30年発生確率": "0.0063500000", "最大ケース／50年発生確率": "0.0108000000" }, "geometry": { "type": "Polygon", "coordinates": [ [ [ 139.1802978515625, 35.353216101238232 ], [ 139.0924072265625, 35.366655665262499 ], [ 139.1143798828125, 35.456195568343745 ], [ 139.19677734375, 35.442770925857658 ], [ 139.1802978515625, 35.353216101238232 ] ] ] } },
{ "type": "Feature", "properties": { "断層面ID": "F015621_00001", "断層コード": "F015621", "name": "曽根丘陵断層帯", "基準位置経度": "138.504", "基準位置緯度": "35.520", "上端深さ(km)": "2.0", "断層長さ(km)": "34.0", "断層幅(km)": "18.0", "走向角(度)": "52.5", "傾斜角(度)": "35.0", "平均ケース／平均活動間隔（年）": "2500.0", "平均ケース／最新活動時期（年前）": "-", "平均ケース／30年発生確率": "0.0119000000", "平均ケース／50年発生確率": "0.0198000000", "確率過程": "ポアソン", "マグニチュード": "Mw6.8", "ばらつき": "-", "最大ケース／平均活動間隔（年）": "2000.0", "最大ケース／最新活動時期（年前）": "-", "最大ケース／30年発生確率": "0.0149000000", "最大ケース／50年発生確率": "0.0247000000" }, "geometry": { "type": "Polygon", "coordinates": [ [ [ 138.4991455078125, 35.51881428123059 ], [ 138.80126953125, 35.706377408871774 ], [ 138.900146484375, 35.599252327729488 ], [ 138.5980224609375, 35.411438052435457 ], [ 138.4991455078125, 35.51881428123059 ] ] ] } },
{ "type": "Feature", "properties": { "断層面ID": "F015721_00001", "断層コード": "F015721", "name": "身延断層", "基準位置経度": "138.403", "基準位置緯度": "35.377", "上端深さ(km)": "5.0", "断層長さ(km)": "22.0", "断層幅(km)": "18.0", "走向角(度)": "150.2", "傾斜角(度)": "70.0", "平均ケース／平均活動間隔（年）": "4000.0", "平均ケース／最新活動時期（年前）": "-", "平均ケース／30年発生確率": "0.0074700000", "平均ケース／50年発生確率": "0.0124000000", "確率過程": "ポアソン", "マグニチュード": "Mj7.0", "ばらつき": "-", "最大ケース／平均活動間隔（年）": "4000.0", "最大ケース／最新活動時期（年前）": "-", "最大ケース／30年発生確率": "0.0074700000", "最大ケース／50年発生確率": "0.0124000000" }, "geometry": { "type": "Polygon", "coordinates": [ [ [ 138.4002685546875, 35.375614131748748 ], [ 138.5211181640625, 35.200744801724014 ], [ 138.460693359375, 35.173808317999587 ], [ 138.33984375, 35.348735749472553 ], [ 138.4002685546875, 35.375614131748748 ] ] ] } },
{ "type": "Feature", "properties": { "断層面ID": "F015821_00001", "断層コード": "F015821", "name": "北伊豆断層帯", "基準位置経度": "139.034", "基準位置緯度": "35.217", "上端深さ(km)": "2.0", "断層長さ(km)": "36.0", "断層幅(km)": "10.0", "走向角(度)": "193.6", "傾斜角(度)": "80.0", "平均ケース／平均活動間隔（年）": "1450.0", "平均ケース／最新活動時期（年前）": "92.0", "平均ケース／30年発生確率": "0.0000000000", "平均ケース／50年発生確率": "0.0000000000", "確率過程": "BPT", "マグニチュード": "Mw6.8", "ばらつき": "0.24", "最大ケース／平均活動間隔（年）": "1400.0", "最大ケース／最新活動時期（年前）": "92.0", "最大ケース／30年発生確率": "0.0000000000", "最大ケース／50年発生確率": "0.0000000000" }, "geometry": { "type": "Polygon", "coordinates": [ [ [ 139.031982421875, 35.214209694830771 ], [ 138.9385986328125, 34.899447830057255 ], [ 138.922119140625, 34.903952965590065 ], [ 139.010009765625, 35.218697496328858 ], [ 139.031982421875, 35.214209694830771 ] ] ] } },
{ "type": "Feature", "properties": { "断層面ID": "F015921_00001", "断層コード": "F015921", "name": "伊東沖断層", "基準位置経度": "139.167", "基準位置緯度": "35.001", "上端深さ(km)": "2.0", "断層長さ(km)": "20.0", "断層幅(km)": "10.0", "走向角(度)": "165.9", "傾斜角(度)": "90.0", "平均ケース／平均活動間隔（年）": "3000.0", "平均ケース／最新活動時期（年前）": "42.0", "平均ケース／30年発生確率": "0.0000000000", "平均ケース／50年発生確率": "0.0000000000", "確率過程": "BPT", "マグニチュード": "Mj6.8", "ばらつき": "0.24", "最大ケース／平均活動間隔（年）": "2000.0", "最大ケース／最新活動時期（年前）": "42.0", "最大ケース／30年発生確率": "0.0000000000", "最大ケース／50年発生確率": "0.0000000000" }, "geometry": { "type": "Polygon", "coordinates": [ [ [ 139.163818359375, 34.998503700146287 ], [ 139.21875, 34.822822727237025 ], [ 139.163818359375, 34.998503700146287 ] ] ] } },
{ "type": "Feature", "properties": { "断層面ID": "F016021_00001", "断層コード": "F016021", "name": "稲取断層帯", "基準位置経度": "138.961", "基準位置緯度": "34.795", "上端深さ(km)": "2.0", "断層長さ(km)": "8.0", "断層幅(km)": "10.0", "走向角(度)": "120.6", "傾斜角(度)": "90.0", "平均ケース／平均活動間隔（年）": "3000.0", "平均ケース／最新活動時期（年前）": "44.0", "平均ケース／30年発生確率": "0.0000000000", "平均ケース／50年発生確率": "0.0000000000", "確率過程": "BPT", "マグニチュード": "Mj7.1", "ばらつき": "0.24", "最大ケース／平均活動間隔（年）": "2000.0", "最大ケース／最新活動時期（年前）": "44.0", "最大ケース／30年発生確率": "0.0000000000", "最大ケース／50年発生確率": "0.0000000000" }, "geometry": { "type": "Polygon", "coordinates": [ [ [ 138.9605712890625, 34.791250472107421 ], [ 139.031982421875, 34.755153088189317 ], [ 138.9605712890625, 34.791250472107421 ] ] ] } },
{ "type": "Feature", "properties": { "断層面ID": "F016021_00002", "断層コード": "F016021", "name": "稲取断層帯", "基準位置経度": "139.036", "基準位置緯度": "34.758", "上端深さ(km)": "2.0", "断層長さ(km)": "20.0", "断層幅(km)": "10.0", "走向角(度)": "90.6", "傾斜角(度)": "90.0", "平均ケース／平均活動間隔（年）": "3000.0", "平均ケース／最新活動時期（年前）": "44.0", "平均ケース／30年発生確率": "0.0000000000", "平均ケース／50年発生確率": "0.0000000000", "確率過程": "BPT", "マグニチュード": "Mj7.1", "ばらつき": "0.24", "最大ケース／平均活動間隔（年）": "2000.0", "最大ケース／最新活動時期（年前）": "44.0", "最大ケース／30年発生確率": "0.0000000000", "最大ケース／50年発生確率": "0.0000000000" }, "geometry": { "type": "Polygon", "coordinates": [ [ [ 139.031982421875, 34.755153088189317 ], [ 139.251708984375, 34.755153088189317 ], [ 139.031982421875, 34.755153088189317 ] ] ] } },
{ "type": "Feature", "properties": { "断層面ID": "F016121_00001", "断層コード": "F016121", "name": "石廊崎断層", "基準位置経度": "138.927", "基準位置緯度": "34.567", "上端深さ(km)": "2.0", "断層長さ(km)": "24.0", "断層幅(km)": "10.0", "走向角(度)": "305.2", "傾斜角(度)": "80.0", "平均ケース／平均活動間隔（年）": "3000.0", "平均ケース／最新活動時期（年前）": "48.0", "平均ケース／30年発生確率": "0.0000000000", "平均ケース／50年発生確率": "0.0000000000", "確率過程": "BPT", "マグニチュード": "Mj7.0", "ばらつき": "0.24", "最大ケース／平均活動間隔（年）": "2000.0", "最大ケース／最新活動時期（年前）": "48.0", "最大ケース／30年発生確率": "0.0000000000", "最大ケース／50年発生確率": "0.0000000000" }, "geometry": { "type": "Polygon", "coordinates": [ [ [ 138.922119140625, 34.565382996995112 ], [ 138.7078857421875, 34.687427949314852 ], [ 138.7188720703125, 34.7009774147201 ], [ 138.93310546875, 34.578952410369482 ], [ 138.922119140625, 34.565382996995112 ] ] ] } },
{ "type": "Feature", "properties": { "断層面ID": "F016221_00001", "断層コード": "F016221", "name": "糸魚川−静岡構造線断層帯北部", "基準位置経度": "137.957", "基準位置緯度": "36.355", "上端深さ(km)": "2.0", "断層長さ(km)": "20.5", "断層幅(km)": "4.0", "走向角(度)": "343.7", "傾斜角(度)": "30.0", "平均ケース／平均活動間隔（年）": "1700.0", "平均ケース／最新活動時期（年前）": "1157.0", "平均ケース／30年発生確率": "0.0109000000", "平均ケース／50年発生確率": "0.0189000000", "確率過程": "BPT過程（同時活動モデル）", "マグニチュード": "Mw7.1", "ばらつき": "0.24", "最大ケース／平均活動間隔（年）": "1000.0", "最大ケース／最新活動時期（年前）": "1307.0", "最大ケース／30年発生確率": "0.1100000000", "最大ケース／50年発生確率": "0.1740000000" }, "geometry": { "type": "Polygon", "coordinates": [ [ [ 137.955322265625, 36.354951106434839 ], [ 137.889404296875, 36.531708849148686 ], [ 137.9278564453125, 36.540536162628982 ], [ 137.9937744140625, 36.359374956015856 ], [ 137.955322265625, 36.354951106434839 ] ] ] } },
{ "type": "Feature", "properties": { "断層面ID": "F016221_00002", "断層コード": "F016221", "name": "糸魚川−静岡構造線断層帯北部", "基準位置経度": "137.994", "基準位置緯度": "36.364", "上端深さ(km)": "4.0", "断層長さ(km)": "20.0", "断層幅(km)": "14.0", "走向角(度)": "343.7", "傾斜角(度)": "60.0", "平均ケース／平均活動間隔（年）": "1700.0", "平均ケース／最新活動時期（年前）": "1157.0", "平均ケース／30年発生確率": "0.0109000000", "平均ケース／50年発生確率": "0.0189000000", "確率過程": "BPT過程（同時活動モデル）", "マグニチュード": "Mw7.1", "ばらつき": "0.24", "最大ケース／平均活動間隔（年）": "1000.0", "最大ケース／最新活動時期（年前）": "1307.0", "最大ケース／30年発生確率": "0.1100000000", "最大ケース／50年発生確率": "0.1740000000" }, "geometry": { "type": "Polygon", "coordinates": [ [ [ 137.9937744140625, 36.363798554158635 ], [ 137.9278564453125, 36.536122631846851 ], [ 138.0047607421875, 36.553775243360889 ], [ 138.065185546875, 36.381490432105949 ], [ 137.9937744140625, 36.363798554158635 ] ] ] } },
{ "type": "Feature", "properties": { "断層面ID": "F016221_00003", "断層コード": "F016221", "name": "糸魚川−静岡構造線断層帯北部", "基準位置経度": "137.893", "基準位置緯度": "36.533", "上端深さ(km)": "2.0", "断層長さ(km)": "13.1", "断層幅(km)": "4.0", "走向角(度)": "2.0", "傾斜角(度)": "30.0", "平均ケース／平均活動間隔（年）": "1700.0", "平均ケース／最新活動時期（年前）": "1157.0", "平均ケース／30年発生確率": "0.0109000000", "平均ケース／50年発生確率": "0.0189000000", "確率過程": "BPT過程（同時活動モデル）", "マグニチュード": "Mw7.1", "ばらつき": "0.24", "最大ケース／平均活動間隔（年）": "1000.0", "最大ケース／最新活動時期（年前）": "1307.0", "最大ケース／30年発生確率": "0.1100000000", "最大ケース／50年発生確率": "0.1740000000" }, "geometry": { "type": "Polygon", "coordinates": [ [ [ 137.889404296875, 36.531708849148686 ], [ 137.8948974609375, 36.650792525034703 ], [ 137.933349609375, 36.646385295974952 ], [ 137.9278564453125, 36.531708849148686 ], [ 137.889404296875, 36.531708849148686 ] ] ] } },
{ "type": "Feature", "properties": { "断層面ID": "F016221_00004", "断層コード": "F016221", "name": "糸魚川−静岡構造線断層帯北部", "基準位置経度": "137.932", "基準位置緯度": "36.537", "上端深さ(km)": "4.0", "断層長さ(km)": "12.0", "断層幅(km)": "14.0", "走向角(度)": "2.0", "傾斜角(度)": "60.0", "平均ケース／平均活動間隔（年）": "1700.0", "平均ケース／最新活動時期（年前）": "1157.0", "平均ケース／30年発生確率": "0.0109000000", "平均ケース／50年発生確率": "0.0189000000", "確率過程": "BPT過程（同時活動モデル）", "マグニチュード": "Mw7.1", "ばらつき": "0.24", "最大ケース／平均活動間隔（年）": "1000.0", "最大ケース／最新活動時期（年前）": "1307.0", "最大ケース／30年発生確率": "0.1100000000", "最大ケース／50年発生確率": "0.1740000000" }, "geometry": { "type": "Polygon", "coordinates": [ [ [ 137.9278564453125, 36.536122631846851 ], [ 137.933349609375, 36.641977814705939 ], [ 138.01025390625, 36.641977814705939 ], [ 138.0047607421875, 36.531708849148686 ], [ 137.9278564453125, 36.536122631846851 ] ] ] } },
{ "type": "Feature", "properties": { "断層面ID": "F016221_00005", "断層コード": "F016221", "name": "糸魚川−静岡構造線断層帯北部", "基準位置経度": "137.898", "基準位置緯度": "36.651", "上端深さ(km)": "2.0", "断層長さ(km)": "16.5", "断層幅(km)": "4.0", "走向角(度)": "18.9", "傾斜角(度)": "30.0", "平均ケース／平均活動間隔（年）": "1700.0", "平均ケース／最新活動時期（年前）": "1157.0", "平均ケース／30年発生確率": "0.0109000000", "平均ケース／50年発生確率": "0.0189000000", "確率過程": "BPT過程（同時活動モデル）", "マグニチュード": "Mw7.1", "ばらつき": "0.24", "最大ケース／平均活動間隔（年）": "1000.0", "最大ケース／最新活動時期（年前）": "1307.0", "最大ケース／30年発生確率": "0.1100000000", "最大ケース／50年発生確率": "0.1740000000" }, "geometry": { "type": "Polygon", "coordinates": [ [ [ 137.8948974609375, 36.650792525034703 ], [ 137.955322265625, 36.787291466820008 ], [ 137.9937744140625, 36.778492404594161 ], [ 137.933349609375, 36.637570081239247 ], [ 137.8948974609375, 36.650792525034703 ] ] ] } },
{ "type": "Feature", "properties": { "断層面ID": "F016221_00006", "断層コード": "F016221", "name": "糸魚川−静岡構造線断層帯北部", "基準位置経度": "137.937", "基準位置緯度": "36.645", "上端深さ(km)": "4.0", "断層長さ(km)": "16.0", "断層幅(km)": "14.0", "走向角(度)": "18.9", "傾斜角(度)": "60.0", "平均ケース／平均活動間隔（年）": "1700.0", "平均ケース／最新活動時期（年前）": "1157.0", "平均ケース／30年発生確率": "0.0109000000", "平均ケース／50年発生確率": "0.0189000000", "確率過程": "BPT過程（同時活動モデル）", "マグニチュード": "Mw7.1", "ばらつき": "0.24", "最大ケース／平均活動間隔（年）": "1000.0", "最大ケース／最新活動時期（年前）": "1307.0", "最大ケース／30年発生確率": "0.1100000000", "最大ケース／50年発生確率": "0.1740000000" }, "geometry": { "type": "Polygon", "coordinates": [ [ [ 137.933349609375, 36.641977814705939 ], [ 137.9937744140625, 36.778492404594161 ], [ 138.065185546875, 36.760891249565617 ], [ 138.01025390625, 36.624345367769877 ], [ 137.933349609375, 36.641977814705939 ] ] ] } },
{ "type": "Feature", "properties": { "断層面ID": "F016222_00001", "断層コード": "F016222", "name": "糸魚川−静岡構造線断層帯中北部", "基準位置経度": "138.162", "基準位置緯度": "35.983", "上端深さ(km)": "2.0", "断層長さ(km)": "7.8", "断層幅(km)": "10.0", "走向角(度)": "304.6", "傾斜角(度)": "70.0", "平均ケース／平均活動間隔（年）": "700.0", "平均ケース／最新活動時期（年前）": "1007.0", "平均ケース／30年発生確率": "0.2190000000", "平均ケース／50年発生確率": "0.3360000000", "確率過程": "BPT過程（同時活動モデル）", "マグニチュード": "Mw7", "ばらつき": "0.24", "最大ケース／平均活動間隔（年）": "600.0", "最大ケース／最新活動時期（年前）": "1207.0", "最大ケース／30年発生確率": "0.2530000000", "最大ケース／50年発生確率": "0.3700000000" }, "geometry": { "type": "Polygon", "coordinates": [ [ [ 138.1585693359375, 35.982451357840432 ], [ 138.087158203125, 36.022446681758467 ], [ 138.109130859375, 36.044657539215251 ], [ 138.1805419921875, 36.004673486701861 ], [ 138.1585693359375, 35.982451357840432 ] ] ] } },
{ "type": "Feature", "properties": { "断層面ID": "F016222_00002", "断層コード": "F016222", "name": "糸魚川−静岡構造線断層帯中北部", "基準位置経度": "138.091", "基準位置緯度": "36.023", "上端深さ(km)": "2.0", "断層長さ(km)": "5.8", "断層幅(km)": "10.0", "走向角(度)": "330.9", "傾斜角(度)": "70.0", "平均ケース／平均活動間隔（年）": "700.0", "平均ケース／最新活動時期（年前）": "1007.0", "平均ケース／30年発生確率": "0.2190000000", "平均ケース／50年発生確率": "0.3360000000", "確率過程": "BPT過程（同時活動モデル）", "マグニチュード": "Mw7", "ばらつき": "0.24", "最大ケース／平均活動間隔（年）": "600.0", "最大ケース／最新活動時期（年前）": "1207.0", "最大ケース／30年発生確率": "0.2530000000", "最大ケース／50年発生確率": "0.3700000000" }, "geometry": { "type": "Polygon", "coordinates": [ [ [ 138.087158203125, 36.022446681758467 ], [ 138.0596923828125, 36.066862132578876 ], [ 138.0926513671875, 36.080181881180152 ], [ 138.1201171875, 36.035773947835807 ], [ 138.087158203125, 36.022446681758467 ] ] ] } },
{ "type": "Feature", "properties": { "断層面ID": "F016222_00003", "断層コード": "F016222", "name": "糸魚川−静岡構造線断層帯中北部", "基準位置経度": "138.059", "基準位置緯度": "36.069", "上端深さ(km)": "2.0", "断層長さ(km)": "33.9", "断層幅(km)": "10.0", "走向角(度)": "339.2", "傾斜角(度)": "70.0", "平均ケース／平均活動間隔（年）": "700.0", "平均ケース／最新活動時期（年前）": "1007.0", "平均ケース／30年発生確率": "0.2190000000", "平均ケース／50年発生確率": "0.3360000000", "確率過程": "BPT過程（同時活動モデル）", "マグニチュード": "Mw7", "ばらつき": "0.24", "最大ケース／平均活動間隔（年）": "600.0", "最大ケース／最新活動時期（年前）": "1207.0", "最大ケース／30年発生確率": "0.2530000000", "最大ケース／50年発生確率": "0.3700000000" }, "geometry": { "type": "Polygon", "coordinates": [ [ [ 138.05419921875, 36.066862132578876 ], [ 137.92236328125, 36.350527005427637 ], [ 137.9608154296875, 36.363798554158635 ], [ 138.0926513671875, 36.075742215627002 ], [ 138.05419921875, 36.066862132578876 ] ] ] } },
{ "type": "Feature", "properties": { "断層面ID": "F016223_00001", "断層コード": "F016223", "name": "糸魚川−静岡構造線断層帯中南部", "基準位置経度": "138.049", "基準位置緯度": "36.079", "上端深さ(km)": "2.0", "断層長さ(km)": "5.7", "断層幅(km)": "14.0", "走向角(度)": "116.0", "傾斜角(度)": "70.0", "平均ケース／平均活動間隔（年）": "1400.0", "平均ケース／最新活動時期（年前）": "1107.0", "平均ケース／30年発生確率": "0.0287000000", "平均ケース／50年発生確率": "0.0487000000", "確率過程": "BPT過程（同時活動モデル）", "マグニチュード": "Mw6.8", "ばらつき": "0.24", "最大ケース／平均活動間隔（年）": "1300.0", "最大ケース／最新活動時期（年前）": "1307.0", "最大ケース／30年発生確率": "0.0559000000", "最大ケース／50年発生確率": "0.0918000000" }, "geometry": { "type": "Polygon", "coordinates": [ [ [ 138.0487060546875, 36.075742215627002 ], [ 138.1036376953125, 36.053540128339762 ], [ 138.0816650390625, 36.013560585181537 ], [ 138.021240234375, 36.035773947835807 ], [ 138.0487060546875, 36.075742215627002 ] ] ] } },
{ "type": "Feature", "properties": { "断層面ID": "F016223_00002", "断層コード": "F016223", "name": "糸魚川−静岡構造線断層帯中南部", "基準位置経度": "138.106", "基準位置緯度": "36.056", "上端深さ(km)": "2.0", "断層長さ(km)": "5.7", "断層幅(km)": "14.0", "走向角(度)": "157.7", "傾斜角(度)": "70.0", "平均ケース／平均活動間隔（年）": "1400.0", "平均ケース／最新活動時期（年前）": "1107.0", "平均ケース／30年発生確率": "0.0287000000", "平均ケース／50年発生確率": "0.0487000000", "確率過程": "BPT過程（同時活動モデル）", "マグニチュード": "Mw6.8", "ばらつき": "0.24", "最大ケース／平均活動間隔（年）": "1300.0", "最大ケース／最新活動時期（年前）": "1307.0", "最大ケース／30年発生確率": "0.0559000000", "最大ケース／50年発生確率": "0.0918000000" }, "geometry": { "type": "Polygon", "coordinates": [ [ [ 138.1036376953125, 36.053540128339762 ], [ 138.1256103515625, 36.004673486701861 ], [ 138.076171875, 35.991340960635398 ], [ 138.05419921875, 36.035773947835807 ], [ 138.1036376953125, 36.053540128339762 ] ] ] } },
{ "type": "Feature", "properties": { "断層面ID": "F016223_00003", "断層コード": "F016223", "name": "糸魚川−静岡構造線断層帯中南部", "基準位置経度": "138.131", "基準位置緯度": "36.007", "上端深さ(km)": "2.0", "断層長さ(km)": "24.0", "断層幅(km)": "14.0", "走向角(度)": "141.2", "傾斜角(度)": "70.0", "平均ケース／平均活動間隔（年）": "1400.0", "平均ケース／最新活動時期（年前）": "1107.0", "平均ケース／30年発生確率": "0.0287000000", "平均ケース／50年発生確率": "0.0487000000", "確率過程": "BPT過程（同時活動モデル）", "マグニチュード": "Mw6.8", "ばらつき": "0.24", "最大ケース／平均活動間隔（年）": "1300.0", "最大ケース／最新活動時期（年前）": "1307.0", "最大ケース／30年発生確率": "0.0559000000", "最大ケース／50年発生確率": "0.0918000000" }, "geometry": { "type": "Polygon", "coordinates": [ [ [ 138.1256103515625, 36.004673486701861 ], [ 138.2958984375, 35.835628388873701 ], [ 138.251953125, 35.808904044068626 ], [ 138.087158203125, 35.978006180855658 ], [ 138.1256103515625, 36.004673486701861 ] ] ] } },
{ "type": "Feature", "properties": { "断層面ID": "F016224_00001", "断層コード": "F016224", "name": "糸魚川−静岡構造線断層帯南部", "基準位置経度": "138.260", "基準位置緯度": "35.828", "上端深さ(km)": "4.0", "断層長さ(km)": "11.1", "断層幅(km)": "22.0", "走向角(度)": "137.5", "傾斜角(度)": "45.0", "平均ケース／平均活動間隔（年）": "5650.0", "平均ケース／最新活動時期（年前）": "1953.5", "平均ケース／30年発生確率": "0.0000000000", "平均ケース／50年発生確率": "0.0000000000", "確率過程": "BPT過程（同時活動モデル）", "マグニチュード": "Mw7", "ばらつき": "0.24", "最大ケース／平均活動間隔（年）": "4600.0", "最大ケース／最新活動時期（年前）": "2500.0", "最大ケース／30年発生確率": "0.0006470000", "最大ケース／50年発生確率": "0.0011200000" }, "geometry": { "type": "Polygon", "coordinates": [ [ [ 138.2574462890625, 35.826721273666038 ], [ 138.33984375, 35.750970439449262 ], [ 138.2135009765625, 35.657296248096287 ], [ 138.131103515625, 35.733136223133926 ], [ 138.2574462890625, 35.826721273666038 ] ] ] } },
{ "type": "Feature", "properties": { "断層面ID": "F016224_00002", "断層コード": "F016224", "name": "糸魚川−静岡構造線断層帯南部", "基準位置経度": "138.343", "基準位置緯度": "35.755", "上端深さ(km)": "4.0", "断層長さ(km)": "23.6", "断層幅(km)": "22.0", "走向角(度)": "164.0", "傾斜角(度)": "45.0", "平均ケース／平均活動間隔（年）": "5650.0", "平均ケース／最新活動時期（年前）": "1953.5", "平均ケース／30年発生確率": "0.0000000000", "平均ケース／50年発生確率": "0.0000000000", "確率過程": "BPT過程（同時活動モデル）", "マグニチュード": "Mw7", "ばらつき": "0.24", "最大ケース／平均活動間隔（年）": "4600.0", "最大ケース／最新活動時期（年前）": "2500.0", "最大ケース／30年発生確率": "0.0006470000", "最大ケース／50年発生確率": "0.0011200000" }, "geometry": { "type": "Polygon", "coordinates": [ [ [ 138.33984375, 35.750970439449262 ], [ 138.4112548828125, 35.550105335885519 ], [ 138.2464599609375, 35.509871738383993 ], [ 138.175048828125, 35.715298012125288 ], [ 138.33984375, 35.750970439449262 ] ] ] } },
{ "type": "Feature", "properties": { "断層面ID": "F016224_00003", "断層コード": "F016224", "name": "糸魚川−静岡構造線断層帯南部", "基準位置経度": "138.415", "基準位置緯度": "35.551", "上端深さ(km)": "4.0", "断層長さ(km)": "14.5", "断層幅(km)": "22.0", "走向角(度)": "205.1", "傾斜角(度)": "45.0", "平均ケース／平均活動間隔（年）": "5650.0", "平均ケース／最新活動時期（年前）": "1953.5", "平均ケース／30年発生確率": "0.0000000000", "平均ケース／50年発生確率": "0.0000000000", "確率過程": "BPT過程（同時活動モデル）", "マグニチュード": "Mw7", "ばらつき": "0.24", "最大ケース／平均活動間隔（年）": "4600.0", "最大ケース／最新活動時期（年前）": "2500.0", "最大ケース／30年発生確率": "0.0006470000", "最大ケース／50年発生確率": "0.0011200000" }, "geometry": { "type": "Polygon", "coordinates": [ [ [ 138.4112548828125, 35.550105335885519 ], [ 138.3453369140625, 35.429344044107154 ], [ 138.1915283203125, 35.49198366469642 ], [ 138.2574462890625, 35.608184904377467 ], [ 138.4112548828125, 35.550105335885519 ] ] ] } },
{ "type": "Feature", "properties": { "断層面ID": "F01622A_00001", "断層コード": "F01622A", "name": "糸魚川−静岡構造線断層帯（北部と中北部が同時に活動）", "基準位置経度": "137.957", "基準位置緯度": "36.355", "上端深さ(km)": "2.0", "断層長さ(km)": "20.5", "断層幅(km)": "4.0", "走向角(度)": "343.7", "傾斜角(度)": "30.0", "平均ケース／平均活動間隔（年）": "-", "平均ケース／最新活動時期（年前）": "-", "平均ケース／30年発生確率": "0.0027100000", "平均ケース／50年発生確率": "0.0047200000", "確率過程": "同時活動モデル", "マグニチュード": "Mw7.2", "ばらつき": "-", "最大ケース／平均活動間隔（年）": "-999.0", "最大ケース／最新活動時期（年前）": "-", "最大ケース／30年発生確率": "0.0320000000", "最大ケース／50年発生確率": "0.0504000000" }, "geometry": { "type": "Polygon", "coordinates": [ [ [ 137.955322265625, 36.354951106434839 ], [ 137.889404296875, 36.531708849148686 ], [ 137.9278564453125, 36.540536162628982 ], [ 137.9937744140625, 36.359374956015856 ], [ 137.955322265625, 36.354951106434839 ] ] ] } },
{ "type": "Feature", "properties": { "断層面ID": "F01622A_00002", "断層コード": "F01622A", "name": "糸魚川−静岡構造線断層帯（北部と中北部が同時に活動）", "基準位置経度": "137.994", "基準位置緯度": "36.364", "上端深さ(km)": "4.0", "断層長さ(km)": "20.0", "断層幅(km)": "14.0", "走向角(度)": "343.7", "傾斜角(度)": "60.0", "平均ケース／平均活動間隔（年）": "-", "平均ケース／最新活動時期（年前）": "-", "平均ケース／30年発生確率": "0.0027100000", "平均ケース／50年発生確率": "0.0047200000", "確率過程": "同時活動モデル", "マグニチュード": "Mw7.2", "ばらつき": "-", "最大ケース／平均活動間隔（年）": "-999.0", "最大ケース／最新活動時期（年前）": "-", "最大ケース／30年発生確率": "0.0320000000", "最大ケース／50年発生確率": "0.0504000000" }, "geometry": { "type": "Polygon", "coordinates": [ [ [ 137.9937744140625, 36.363798554158635 ], [ 137.9278564453125, 36.536122631846851 ], [ 138.0047607421875, 36.553775243360889 ], [ 138.065185546875, 36.381490432105949 ], [ 137.9937744140625, 36.363798554158635 ] ] ] } },
{ "type": "Feature", "properties": { "断層面ID": "F01622A_00003", "断層コード": "F01622A", "name": "糸魚川−静岡構造線断層帯（北部と中北部が同時に活動）", "基準位置経度": "137.893", "基準位置緯度": "36.533", "上端深さ(km)": "2.0", "断層長さ(km)": "13.1", "断層幅(km)": "4.0", "走向角(度)": "2.0", "傾斜角(度)": "30.0", "平均ケース／平均活動間隔（年）": "-", "平均ケース／最新活動時期（年前）": "-", "平均ケース／30年発生確率": "0.0027100000", "平均ケース／50年発生確率": "0.0047200000", "確率過程": "同時活動モデル", "マグニチュード": "Mw7.2", "ばらつき": "-", "最大ケース／平均活動間隔（年）": "-999.0", "最大ケース／最新活動時期（年前）": "-", "最大ケース／30年発生確率": "0.0320000000", "最大ケース／50年発生確率": "0.0504000000" }, "geometry": { "type": "Polygon", "coordinates": [ [ [ 137.889404296875, 36.531708849148686 ], [ 137.8948974609375, 36.650792525034703 ], [ 137.933349609375, 36.646385295974952 ], [ 137.9278564453125, 36.531708849148686 ], [ 137.889404296875, 36.531708849148686 ] ] ] } },
{ "type": "Feature", "properties": { "断層面ID": "F01622A_00004", "断層コード": "F01622A", "name": "糸魚川−静岡構造線断層帯（北部と中北部が同時に活動）", "基準位置経度": "137.932", "基準位置緯度": "36.537", "上端深さ(km)": "4.0", "断層長さ(km)": "12.0", "断層幅(km)": "14.0", "走向角(度)": "2.0", "傾斜角(度)": "60.0", "平均ケース／平均活動間隔（年）": "-", "平均ケース／最新活動時期（年前）": "-", "平均ケース／30年発生確率": "0.0027100000", "平均ケース／50年発生確率": "0.0047200000", "確率過程": "同時活動モデル", "マグニチュード": "Mw7.2", "ばらつき": "-", "最大ケース／平均活動間隔（年）": "-999.0", "最大ケース／最新活動時期（年前）": "-", "最大ケース／30年発生確率": "0.0320000000", "最大ケース／50年発生確率": "0.0504000000" }, "geometry": { "type": "Polygon", "coordinates": [ [ [ 137.9278564453125, 36.536122631846851 ], [ 137.933349609375, 36.641977814705939 ], [ 138.01025390625, 36.641977814705939 ], [ 138.0047607421875, 36.531708849148686 ], [ 137.9278564453125, 36.536122631846851 ] ] ] } },
{ "type": "Feature", "properties": { "断層面ID": "F01622A_00005", "断層コード": "F01622A", "name": "糸魚川−静岡構造線断層帯（北部と中北部が同時に活動）", "基準位置経度": "137.898", "基準位置緯度": "36.651", "上端深さ(km)": "2.0", "断層長さ(km)": "16.5", "断層幅(km)": "4.0", "走向角(度)": "18.9", "傾斜角(度)": "30.0", "平均ケース／平均活動間隔（年）": "-", "平均ケース／最新活動時期（年前）": "-", "平均ケース／30年発生確率": "0.0027100000", "平均ケース／50年発生確率": "0.0047200000", "確率過程": "同時活動モデル", "マグニチュード": "Mw7.2", "ばらつき": "-", "最大ケース／平均活動間隔（年）": "-999.0", "最大ケース／最新活動時期（年前）": "-", "最大ケース／30年発生確率": "0.0320000000", "最大ケース／50年発生確率": "0.0504000000" }, "geometry": { "type": "Polygon", "coordinates": [ [ [ 137.8948974609375, 36.650792525034703 ], [ 137.955322265625, 36.787291466820008 ], [ 137.9937744140625, 36.778492404594161 ], [ 137.933349609375, 36.637570081239247 ], [ 137.8948974609375, 36.650792525034703 ] ] ] } },
{ "type": "Feature", "properties": { "断層面ID": "F01622A_00006", "断層コード": "F01622A", "name": "糸魚川−静岡構造線断層帯（北部と中北部が同時に活動）", "基準位置経度": "137.937", "基準位置緯度": "36.645", "上端深さ(km)": "4.0", "断層長さ(km)": "16.0", "断層幅(km)": "14.0", "走向角(度)": "18.9", "傾斜角(度)": "60.0", "平均ケース／平均活動間隔（年）": "-", "平均ケース／最新活動時期（年前）": "-", "平均ケース／30年発生確率": "0.0027100000", "平均ケース／50年発生確率": "0.0047200000", "確率過程": "同時活動モデル", "マグニチュード": "Mw7.2", "ばらつき": "-", "最大ケース／平均活動間隔（年）": "-999.0", "最大ケース／最新活動時期（年前）": "-", "最大ケース／30年発生確率": "0.0320000000", "最大ケース／50年発生確率": "0.0504000000" }, "geometry": { "type": "Polygon", "coordinates": [ [ [ 137.933349609375, 36.641977814705939 ], [ 137.9937744140625, 36.778492404594161 ], [ 138.065185546875, 36.760891249565617 ], [ 138.01025390625, 36.624345367769877 ], [ 137.933349609375, 36.641977814705939 ] ] ] } },
{ "type": "Feature", "properties": { "断層面ID": "F01622A_00007", "断層コード": "F01622A", "name": "糸魚川−静岡構造線断層帯（北部と中北部が同時に活動）", "基準位置経度": "138.162", "基準位置緯度": "35.983", "上端深さ(km)": "2.0", "断層長さ(km)": "7.8", "断層幅(km)": "10.0", "走向角(度)": "304.6", "傾斜角(度)": "70.0", "平均ケース／平均活動間隔（年）": "-", "平均ケース／最新活動時期（年前）": "-", "平均ケース／30年発生確率": "0.0027100000", "平均ケース／50年発生確率": "0.0047200000", "確率過程": "同時活動モデル", "マグニチュード": "Mw7.2", "ばらつき": "-", "最大ケース／平均活動間隔（年）": "-999.0", "最大ケース／最新活動時期（年前）": "-", "最大ケース／30年発生確率": "0.0320000000", "最大ケース／50年発生確率": "0.0504000000" }, "geometry": { "type": "Polygon", "coordinates": [ [ [ 138.1585693359375, 35.982451357840432 ], [ 138.087158203125, 36.022446681758467 ], [ 138.109130859375, 36.044657539215251 ], [ 138.1805419921875, 36.004673486701861 ], [ 138.1585693359375, 35.982451357840432 ] ] ] } },
{ "type": "Feature", "properties": { "断層面ID": "F01622A_00008", "断層コード": "F01622A", "name": "糸魚川−静岡構造線断層帯（北部と中北部が同時に活動）", "基準位置経度": "138.091", "基準位置緯度": "36.023", "上端深さ(km)": "2.0", "断層長さ(km)": "5.8", "断層幅(km)": "10.0", "走向角(度)": "330.9", "傾斜角(度)": "70.0", "平均ケース／平均活動間隔（年）": "-", "平均ケース／最新活動時期（年前）": "-", "平均ケース／30年発生確率": "0.0027100000", "平均ケース／50年発生確率": "0.0047200000", "確率過程": "同時活動モデル", "マグニチュード": "Mw7.2", "ばらつき": "-", "最大ケース／平均活動間隔（年）": "-999.0", "最大ケース／最新活動時期（年前）": "-", "最大ケース／30年発生確率": "0.0320000000", "最大ケース／50年発生確率": "0.0504000000" }, "geometry": { "type": "Polygon", "coordinates": [ [ [ 138.087158203125, 36.022446681758467 ], [ 138.0596923828125, 36.066862132578876 ], [ 138.0926513671875, 36.080181881180152 ], [ 138.1201171875, 36.035773947835807 ], [ 138.087158203125, 36.022446681758467 ] ] ] } },
{ "type": "Feature", "properties": { "断層面ID": "F01622A_00009", "断層コード": "F01622A", "name": "糸魚川−静岡構造線断層帯（北部と中北部が同時に活動）", "基準位置経度": "138.059", "基準位置緯度": "36.069", "上端深さ(km)": "2.0", "断層長さ(km)": "33.9", "断層幅(km)": "10.0", "走向角(度)": "339.2", "傾斜角(度)": "70.0", "平均ケース／平均活動間隔（年）": "-", "平均ケース／最新活動時期（年前）": "-", "平均ケース／30年発生確率": "0.0027100000", "平均ケース／50年発生確率": "0.0047200000", "確率過程": "同時活動モデル", "マグニチュード": "Mw7.2", "ばらつき": "-", "最大ケース／平均活動間隔（年）": "-999.0", "最大ケース／最新活動時期（年前）": "-", "最大ケース／30年発生確率": "0.0320000000", "最大ケース／50年発生確率": "0.0504000000" }, "geometry": { "type": "Polygon", "coordinates": [ [ [ 138.05419921875, 36.066862132578876 ], [ 137.92236328125, 36.350527005427637 ], [ 137.9608154296875, 36.363798554158635 ], [ 138.0926513671875, 36.075742215627002 ], [ 138.05419921875, 36.066862132578876 ] ] ] } },
{ "type": "Feature", "properties": { "断層面ID": "F01622B_00001", "断層コード": "F01622B", "name": "糸魚川−静岡構造線断層帯（中北部と中南部が同時に活動）", "基準位置経度": "138.162", "基準位置緯度": "35.983", "上端深さ(km)": "2.0", "断層長さ(km)": "7.8", "断層幅(km)": "10.0", "走向角(度)": "304.6", "傾斜角(度)": "70.0", "平均ケース／平均活動間隔（年）": "-", "平均ケース／最新活動時期（年前）": "-", "平均ケース／30年発生確率": "0.0086600000", "平均ケース／50年発生確率": "0.0147000000", "確率過程": "同時活動モデル", "マグニチュード": "Mw7.1", "ばらつき": "-", "最大ケース／平均活動間隔（年）": "-999.0", "最大ケース／最新活動時期（年前）": "-", "最大ケース／30年発生確率": "0.0139000000", "最大ケース／50年発生確率": "0.0228000000" }, "geometry": { "type": "Polygon", "coordinates": [ [ [ 138.1585693359375, 35.982451357840432 ], [ 138.087158203125, 36.022446681758467 ], [ 138.109130859375, 36.044657539215251 ], [ 138.1805419921875, 36.004673486701861 ], [ 138.1585693359375, 35.982451357840432 ] ] ] } },
{ "type": "Feature", "properties": { "断層面ID": "F01622B_00002", "断層コード": "F01622B", "name": "糸魚川−静岡構造線断層帯（中北部と中南部が同時に活動）", "基準位置経度": "138.091", "基準位置緯度": "36.023", "上端深さ(km)": "2.0", "断層長さ(km)": "5.8", "断層幅(km)": "10.0", "走向角(度)": "330.9", "傾斜角(度)": "70.0", "平均ケース／平均活動間隔（年）": "-", "平均ケース／最新活動時期（年前）": "-", "平均ケース／30年発生確率": "0.0086600000", "平均ケース／50年発生確率": "0.0147000000", "確率過程": "同時活動モデル", "マグニチュード": "Mw7.1", "ばらつき": "-", "最大ケース／平均活動間隔（年）": "-999.0", "最大ケース／最新活動時期（年前）": "-", "最大ケース／30年発生確率": "0.0139000000", "最大ケース／50年発生確率": "0.0228000000" }, "geometry": { "type": "Polygon", "coordinates": [ [ [ 138.087158203125, 36.022446681758467 ], [ 138.0596923828125, 36.066862132578876 ], [ 138.0926513671875, 36.080181881180152 ], [ 138.1201171875, 36.035773947835807 ], [ 138.087158203125, 36.022446681758467 ] ] ] } },
{ "type": "Feature", "properties": { "断層面ID": "F01622B_00003", "断層コード": "F01622B", "name": "糸魚川−静岡構造線断層帯（中北部と中南部が同時に活動）", "基準位置経度": "138.059", "基準位置緯度": "36.069", "上端深さ(km)": "2.0", "断層長さ(km)": "33.9", "断層幅(km)": "10.0", "走向角(度)": "339.2", "傾斜角(度)": "70.0", "平均ケース／平均活動間隔（年）": "-", "平均ケース／最新活動時期（年前）": "-", "平均ケース／30年発生確率": "0.0086600000", "平均ケース／50年発生確率": "0.0147000000", "確率過程": "同時活動モデル", "マグニチュード": "Mw7.1", "ばらつき": "-", "最大ケース／平均活動間隔（年）": "-999.0", "最大ケース／最新活動時期（年前）": "-", "最大ケース／30年発生確率": "0.0139000000", "最大ケース／50年発生確率": "0.0228000000" }, "geometry": { "type": "Polygon", "coordinates": [ [ [ 138.05419921875, 36.066862132578876 ], [ 137.92236328125, 36.350527005427637 ], [ 137.9608154296875, 36.363798554158635 ], [ 138.0926513671875, 36.075742215627002 ], [ 138.05419921875, 36.066862132578876 ] ] ] } },
{ "type": "Feature", "properties": { "断層面ID": "F01622B_00004", "断層コード": "F01622B", "name": "糸魚川−静岡構造線断層帯（中北部と中南部が同時に活動）", "基準位置経度": "138.049", "基準位置緯度": "36.079", "上端深さ(km)": "2.0", "断層長さ(km)": "5.7", "断層幅(km)": "14.0", "走向角(度)": "116.0", "傾斜角(度)": "70.0", "平均ケース／平均活動間隔（年）": "-", "平均ケース／最新活動時期（年前）": "-", "平均ケース／30年発生確率": "0.0086600000", "平均ケース／50年発生確率": "0.0147000000", "確率過程": "同時活動モデル", "マグニチュード": "Mw7.1", "ばらつき": "-", "最大ケース／平均活動間隔（年）": "-999.0", "最大ケース／最新活動時期（年前）": "-", "最大ケース／30年発生確率": "0.0139000000", "最大ケース／50年発生確率": "0.0228000000" }, "geometry": { "type": "Polygon", "coordinates": [ [ [ 138.0487060546875, 36.075742215627002 ], [ 138.1036376953125, 36.053540128339762 ], [ 138.0816650390625, 36.013560585181537 ], [ 138.021240234375, 36.035773947835807 ], [ 138.0487060546875, 36.075742215627002 ] ] ] } },
{ "type": "Feature", "properties": { "断層面ID": "F01622B_00005", "断層コード": "F01622B", "name": "糸魚川−静岡構造線断層帯（中北部と中南部が同時に活動）", "基準位置経度": "138.106", "基準位置緯度": "36.056", "上端深さ(km)": "2.0", "断層長さ(km)": "5.7", "断層幅(km)": "14.0", "走向角(度)": "157.7", "傾斜角(度)": "70.0", "平均ケース／平均活動間隔（年）": "-", "平均ケース／最新活動時期（年前）": "-", "平均ケース／30年発生確率": "0.0086600000", "平均ケース／50年発生確率": "0.0147000000", "確率過程": "同時活動モデル", "マグニチュード": "Mw7.1", "ばらつき": "-", "最大ケース／平均活動間隔（年）": "-999.0", "最大ケース／最新活動時期（年前）": "-", "最大ケース／30年発生確率": "0.0139000000", "最大ケース／50年発生確率": "0.0228000000" }, "geometry": { "type": "Polygon", "coordinates": [ [ [ 138.1036376953125, 36.053540128339762 ], [ 138.1256103515625, 36.004673486701861 ], [ 138.076171875, 35.991340960635398 ], [ 138.05419921875, 36.035773947835807 ], [ 138.1036376953125, 36.053540128339762 ] ] ] } },
{ "type": "Feature", "properties": { "断層面ID": "F01622B_00006", "断層コード": "F01622B", "name": "糸魚川−静岡構造線断層帯（中北部と中南部が同時に活動）", "基準位置経度": "138.131", "基準位置緯度": "36.007", "上端深さ(km)": "2.0", "断層長さ(km)": "24.0", "断層幅(km)": "14.0", "走向角(度)": "141.2", "傾斜角(度)": "70.0", "平均ケース／平均活動間隔（年）": "-", "平均ケース／最新活動時期（年前）": "-", "平均ケース／30年発生確率": "0.0086600000", "平均ケース／50年発生確率": "0.0147000000", "確率過程": "同時活動モデル", "マグニチュード": "Mw7.1", "ばらつき": "-", "最大ケース／平均活動間隔（年）": "-999.0", "最大ケース／最新活動時期（年前）": "-", "最大ケース／30年発生確率": "0.0139000000", "最大ケース／50年発生確率": "0.0228000000" }, "geometry": { "type": "Polygon", "coordinates": [ [ [ 138.1256103515625, 36.004673486701861 ], [ 138.2958984375, 35.835628388873701 ], [ 138.251953125, 35.808904044068626 ], [ 138.087158203125, 35.978006180855658 ], [ 138.1256103515625, 36.004673486701861 ] ] ] } },
{ "type": "Feature", "properties": { "断層面ID": "F01622C_00001", "断層コード": "F01622C", "name": "糸魚川−静岡構造線断層帯（中南部と南部が同時に活動）", "基準位置経度": "138.049", "基準位置緯度": "36.079", "上端深さ(km)": "2.0", "断層長さ(km)": "5.7", "断層幅(km)": "14.0", "走向角(度)": "116.0", "傾斜角(度)": "70.0", "平均ケース／平均活動間隔（年）": "-", "平均ケース／最新活動時期（年前）": "-", "平均ケース／30年発生確率": "0.0000000000", "平均ケース／50年発生確率": "0.0000000000", "確率過程": "同時活動モデル", "マグニチュード": "Mw7.3", "ばらつき": "-", "最大ケース／平均活動間隔（年）": "-999.0", "最大ケース／最新活動時期（年前）": "-", "最大ケース／30年発生確率": "0.0001290000", "最大ケース／50年発生確率": "0.0002240000" }, "geometry": { "type": "Polygon", "coordinates": [ [ [ 138.0487060546875, 36.075742215627002 ], [ 138.1036376953125, 36.053540128339762 ], [ 138.0816650390625, 36.013560585181537 ], [ 138.021240234375, 36.035773947835807 ], [ 138.0487060546875, 36.075742215627002 ] ] ] } },
{ "type": "Feature", "properties": { "断層面ID": "F01622C_00002", "断層コード": "F01622C", "name": "糸魚川−静岡構造線断層帯（中南部と南部が同時に活動）", "基準位置経度": "138.106", "基準位置緯度": "36.056", "上端深さ(km)": "2.0", "断層長さ(km)": "5.7", "断層幅(km)": "14.0", "走向角(度)": "157.7", "傾斜角(度)": "70.0", "平均ケース／平均活動間隔（年）": "-", "平均ケース／最新活動時期（年前）": "-", "平均ケース／30年発生確率": "0.0000000000", "平均ケース／50年発生確率": "0.0000000000", "確率過程": "同時活動モデル", "マグニチュード": "Mw7.3", "ばらつき": "-", "最大ケース／平均活動間隔（年）": "-999.0", "最大ケース／最新活動時期（年前）": "-", "最大ケース／30年発生確率": "0.0001290000", "最大ケース／50年発生確率": "0.0002240000" }, "geometry": { "type": "Polygon", "coordinates": [ [ [ 138.1036376953125, 36.053540128339762 ], [ 138.1256103515625, 36.004673486701861 ], [ 138.076171875, 35.991340960635398 ], [ 138.05419921875, 36.035773947835807 ], [ 138.1036376953125, 36.053540128339762 ] ] ] } },
{ "type": "Feature", "properties": { "断層面ID": "F01622C_00003", "断層コード": "F01622C", "name": "糸魚川−静岡構造線断層帯（中南部と南部が同時に活動）", "基準位置経度": "138.131", "基準位置緯度": "36.007", "上端深さ(km)": "2.0", "断層長さ(km)": "24.0", "断層幅(km)": "14.0", "走向角(度)": "141.2", "傾斜角(度)": "70.0", "平均ケース／平均活動間隔（年）": "-", "平均ケース／最新活動時期（年前）": "-", "平均ケース／30年発生確率": "0.0000000000", "平均ケース／50年発生確率": "0.0000000000", "確率過程": "同時活動モデル", "マグニチュード": "Mw7.3", "ばらつき": "-", "最大ケース／平均活動間隔（年）": "-999.0", "最大ケース／最新活動時期（年前）": "-", "最大ケース／30年発生確率": "0.0001290000", "最大ケース／50年発生確率": "0.0002240000" }, "geometry": { "type": "Polygon", "coordinates": [ [ [ 138.1256103515625, 36.004673486701861 ], [ 138.2958984375, 35.835628388873701 ], [ 138.251953125, 35.808904044068626 ], [ 138.087158203125, 35.978006180855658 ], [ 138.1256103515625, 36.004673486701861 ] ] ] } },
{ "type": "Feature", "properties": { "断層面ID": "F01622C_00004", "断層コード": "F01622C", "name": "糸魚川−静岡構造線断層帯（中南部と南部が同時に活動）", "基準位置経度": "138.260", "基準位置緯度": "35.828", "上端深さ(km)": "4.0", "断層長さ(km)": "11.1", "断層幅(km)": "22.0", "走向角(度)": "137.5", "傾斜角(度)": "45.0", "平均ケース／平均活動間隔（年）": "-", "平均ケース／最新活動時期（年前）": "-", "平均ケース／30年発生確率": "0.0000000000", "平均ケース／50年発生確率": "0.0000000000", "確率過程": "同時活動モデル", "マグニチュード": "Mw7.3", "ばらつき": "-", "最大ケース／平均活動間隔（年）": "-999.0", "最大ケース／最新活動時期（年前）": "-", "最大ケース／30年発生確率": "0.0001290000", "最大ケース／50年発生確率": "0.0002240000" }, "geometry": { "type": "Polygon", "coordinates": [ [ [ 138.2574462890625, 35.826721273666038 ], [ 138.33984375, 35.750970439449262 ], [ 138.2135009765625, 35.657296248096287 ], [ 138.131103515625, 35.733136223133926 ], [ 138.2574462890625, 35.826721273666038 ] ] ] } },
{ "type": "Feature", "properties": { "断層面ID": "F01622C_00005", "断層コード": "F01622C", "name": "糸魚川−静岡構造線断層帯（中南部と南部が同時に活動）", "基準位置経度": "138.343", "基準位置緯度": "35.755", "上端深さ(km)": "4.0", "断層長さ(km)": "23.6", "断層幅(km)": "22.0", "走向角(度)": "164.0", "傾斜角(度)": "45.0", "平均ケース／平均活動間隔（年）": "-", "平均ケース／最新活動時期（年前）": "-", "平均ケース／30年発生確率": "0.0000000000", "平均ケース／50年発生確率": "0.0000000000", "確率過程": "同時活動モデル", "マグニチュード": "Mw7.3", "ばらつき": "-", "最大ケース／平均活動間隔（年）": "-999.0", "最大ケース／最新活動時期（年前）": "-", "最大ケース／30年発生確率": "0.0001290000", "最大ケース／50年発生確率": "0.0002240000" }, "geometry": { "type": "Polygon", "coordinates": [ [ [ 138.33984375, 35.750970439449262 ], [ 138.4112548828125, 35.550105335885519 ], [ 138.2464599609375, 35.509871738383993 ], [ 138.175048828125, 35.715298012125288 ], [ 138.33984375, 35.750970439449262 ] ] ] } },
{ "type": "Feature", "properties": { "断層面ID": "F01622C_00006", "断層コード": "F01622C", "name": "糸魚川−静岡構造線断層帯（中南部と南部が同時に活動）", "基準位置経度": "138.415", "基準位置緯度": "35.551", "上端深さ(km)": "4.0", "断層長さ(km)": "14.5", "断層幅(km)": "22.0", "走向角(度)": "205.1", "傾斜角(度)": "45.0", "平均ケース／平均活動間隔（年）": "-", "平均ケース／最新活動時期（年前）": "-", "平均ケース／30年発生確率": "0.0000000000", "平均ケース／50年発生確率": "0.0000000000", "確率過程": "同時活動モデル", "マグニチュード": "Mw7.3", "ばらつき": "-", "最大ケース／平均活動間隔（年）": "-999.0", "最大ケース／最新活動時期（年前）": "-", "最大ケース／30年発生確率": "0.0001290000", "最大ケース／50年発生確率": "0.0002240000" }, "geometry": { "type": "Polygon", "coordinates": [ [ [ 138.4112548828125, 35.550105335885519 ], [ 138.3453369140625, 35.429344044107154 ], [ 138.1915283203125, 35.49198366469642 ], [ 138.2574462890625, 35.608184904377467 ], [ 138.4112548828125, 35.550105335885519 ] ] ] } },
{ "type": "Feature", "properties": { "断層面ID": "F01622D_00001", "断層コード": "F01622D", "name": "糸魚川−静岡構造線断層帯（北部と中北部と中南部が同時に活動）", "基準位置経度": "137.957", "基準位置緯度": "36.355", "上端深さ(km)": "2.0", "断層長さ(km)": "20.5", "断層幅(km)": "4.0", "走向角(度)": "343.7", "傾斜角(度)": "30.0", "平均ケース／平均活動間隔（年）": "-", "平均ケース／最新活動時期（年前）": "-", "平均ケース／30年発生確率": "0.0027100000", "平均ケース／50年発生確率": "0.0047200000", "確率過程": "同時活動モデル", "マグニチュード": "Mw7.4", "ばらつき": "-", "最大ケース／平均活動間隔（年）": "-999.0", "最大ケース／最新活動時期（年前）": "-", "最大ケース／30年発生確率": "0.0139000000", "最大ケース／50年発生確率": "0.0228000000" }, "geometry": { "type": "Polygon", "coordinates": [ [ [ 137.955322265625, 36.354951106434839 ], [ 137.889404296875, 36.531708849148686 ], [ 137.9278564453125, 36.540536162628982 ], [ 137.9937744140625, 36.359374956015856 ], [ 137.955322265625, 36.354951106434839 ] ] ] } },
{ "type": "Feature", "properties": { "断層面ID": "F01622D_00002", "断層コード": "F01622D", "name": "糸魚川−静岡構造線断層帯（北部と中北部と中南部が同時に活動）", "基準位置経度": "137.994", "基準位置緯度": "36.364", "上端深さ(km)": "4.0", "断層長さ(km)": "20.0", "断層幅(km)": "14.0", "走向角(度)": "343.7", "傾斜角(度)": "60.0", "平均ケース／平均活動間隔（年）": "-", "平均ケース／最新活動時期（年前）": "-", "平均ケース／30年発生確率": "0.0027100000", "平均ケース／50年発生確率": "0.0047200000", "確率過程": "同時活動モデル", "マグニチュード": "Mw7.4", "ばらつき": "-", "最大ケース／平均活動間隔（年）": "-999.0", "最大ケース／最新活動時期（年前）": "-", "最大ケース／30年発生確率": "0.0139000000", "最大ケース／50年発生確率": "0.0228000000" }, "geometry": { "type": "Polygon", "coordinates": [ [ [ 137.9937744140625, 36.363798554158635 ], [ 137.9278564453125, 36.536122631846851 ], [ 138.0047607421875, 36.553775243360889 ], [ 138.065185546875, 36.381490432105949 ], [ 137.9937744140625, 36.363798554158635 ] ] ] } },
{ "type": "Feature", "properties": { "断層面ID": "F01622D_00003", "断層コード": "F01622D", "name": "糸魚川−静岡構造線断層帯（北部と中北部と中南部が同時に活動）", "基準位置経度": "137.893", "基準位置緯度": "36.533", "上端深さ(km)": "2.0", "断層長さ(km)": "13.1", "断層幅(km)": "4.0", "走向角(度)": "2.0", "傾斜角(度)": "30.0", "平均ケース／平均活動間隔（年）": "-", "平均ケース／最新活動時期（年前）": "-", "平均ケース／30年発生確率": "0.0027100000", "平均ケース／50年発生確率": "0.0047200000", "確率過程": "同時活動モデル", "マグニチュード": "Mw7.4", "ばらつき": "-", "最大ケース／平均活動間隔（年）": "-999.0", "最大ケース／最新活動時期（年前）": "-", "最大ケース／30年発生確率": "0.0139000000", "最大ケース／50年発生確率": "0.0228000000" }, "geometry": { "type": "Polygon", "coordinates": [ [ [ 137.889404296875, 36.531708849148686 ], [ 137.8948974609375, 36.650792525034703 ], [ 137.933349609375, 36.646385295974952 ], [ 137.9278564453125, 36.531708849148686 ], [ 137.889404296875, 36.531708849148686 ] ] ] } },
{ "type": "Feature", "properties": { "断層面ID": "F01622D_00004", "断層コード": "F01622D", "name": "糸魚川−静岡構造線断層帯（北部と中北部と中南部が同時に活動）", "基準位置経度": "137.932", "基準位置緯度": "36.537", "上端深さ(km)": "4.0", "断層長さ(km)": "12.0", "断層幅(km)": "14.0", "走向角(度)": "2.0", "傾斜角(度)": "60.0", "平均ケース／平均活動間隔（年）": "-", "平均ケース／最新活動時期（年前）": "-", "平均ケース／30年発生確率": "0.0027100000", "平均ケース／50年発生確率": "0.0047200000", "確率過程": "同時活動モデル", "マグニチュード": "Mw7.4", "ばらつき": "-", "最大ケース／平均活動間隔（年）": "-999.0", "最大ケース／最新活動時期（年前）": "-", "最大ケース／30年発生確率": "0.0139000000", "最大ケース／50年発生確率": "0.0228000000" }, "geometry": { "type": "Polygon", "coordinates": [ [ [ 137.9278564453125, 36.536122631846851 ], [ 137.933349609375, 36.641977814705939 ], [ 138.01025390625, 36.641977814705939 ], [ 138.0047607421875, 36.531708849148686 ], [ 137.9278564453125, 36.536122631846851 ] ] ] } },
{ "type": "Feature", "properties": { "断層面ID": "F01622D_00005", "断層コード": "F01622D", "name": "糸魚川−静岡構造線断層帯（北部と中北部と中南部が同時に活動）", "基準位置経度": "137.898", "基準位置緯度": "36.651", "上端深さ(km)": "2.0", "断層長さ(km)": "16.5", "断層幅(km)": "4.0", "走向角(度)": "18.9", "傾斜角(度)": "30.0", "平均ケース／平均活動間隔（年）": "-", "平均ケース／最新活動時期（年前）": "-", "平均ケース／30年発生確率": "0.0027100000", "平均ケース／50年発生確率": "0.0047200000", "確率過程": "同時活動モデル", "マグニチュード": "Mw7.4", "ばらつき": "-", "最大ケース／平均活動間隔（年）": "-999.0", "最大ケース／最新活動時期（年前）": "-", "最大ケース／30年発生確率": "0.0139000000", "最大ケース／50年発生確率": "0.0228000000" }, "geometry": { "type": "Polygon", "coordinates": [ [ [ 137.8948974609375, 36.650792525034703 ], [ 137.955322265625, 36.787291466820008 ], [ 137.9937744140625, 36.778492404594161 ], [ 137.933349609375, 36.637570081239247 ], [ 137.8948974609375, 36.650792525034703 ] ] ] } },
{ "type": "Feature", "properties": { "断層面ID": "F01622D_00006", "断層コード": "F01622D", "name": "糸魚川−静岡構造線断層帯（北部と中北部と中南部が同時に活動）", "基準位置経度": "137.937", "基準位置緯度": "36.645", "上端深さ(km)": "4.0", "断層長さ(km)": "16.0", "断層幅(km)": "14.0", "走向角(度)": "18.9", "傾斜角(度)": "60.0", "平均ケース／平均活動間隔（年）": "-", "平均ケース／最新活動時期（年前）": "-", "平均ケース／30年発生確率": "0.0027100000", "平均ケース／50年発生確率": "0.0047200000", "確率過程": "同時活動モデル", "マグニチュード": "Mw7.4", "ばらつき": "-", "最大ケース／平均活動間隔（年）": "-999.0", "最大ケース／最新活動時期（年前）": "-", "最大ケース／30年発生確率": "0.0139000000", "最大ケース／50年発生確率": "0.0228000000" }, "geometry": { "type": "Polygon", "coordinates": [ [ [ 137.933349609375, 36.641977814705939 ], [ 137.9937744140625, 36.778492404594161 ], [ 138.065185546875, 36.760891249565617 ], [ 138.01025390625, 36.624345367769877 ], [ 137.933349609375, 36.641977814705939 ] ] ] } },
{ "type": "Feature", "properties": { "断層面ID": "F01622D_00007", "断層コード": "F01622D", "name": "糸魚川−静岡構造線断層帯（北部と中北部と中南部が同時に活動）", "基準位置経度": "138.162", "基準位置緯度": "35.983", "上端深さ(km)": "2.0", "断層長さ(km)": "7.8", "断層幅(km)": "10.0", "走向角(度)": "304.6", "傾斜角(度)": "70.0", "平均ケース／平均活動間隔（年）": "-", "平均ケース／最新活動時期（年前）": "-", "平均ケース／30年発生確率": "0.0027100000", "平均ケース／50年発生確率": "0.0047200000", "確率過程": "同時活動モデル", "マグニチュード": "Mw7.4", "ばらつき": "-", "最大ケース／平均活動間隔（年）": "-999.0", "最大ケース／最新活動時期（年前）": "-", "最大ケース／30年発生確率": "0.0139000000", "最大ケース／50年発生確率": "0.0228000000" }, "geometry": { "type": "Polygon", "coordinates": [ [ [ 138.1585693359375, 35.982451357840432 ], [ 138.087158203125, 36.022446681758467 ], [ 138.109130859375, 36.044657539215251 ], [ 138.1805419921875, 36.004673486701861 ], [ 138.1585693359375, 35.982451357840432 ] ] ] } },
{ "type": "Feature", "properties": { "断層面ID": "F01622D_00008", "断層コード": "F01622D", "name": "糸魚川−静岡構造線断層帯（北部と中北部と中南部が同時に活動）", "基準位置経度": "138.091", "基準位置緯度": "36.023", "上端深さ(km)": "2.0", "断層長さ(km)": "5.8", "断層幅(km)": "10.0", "走向角(度)": "330.9", "傾斜角(度)": "70.0", "平均ケース／平均活動間隔（年）": "-", "平均ケース／最新活動時期（年前）": "-", "平均ケース／30年発生確率": "0.0027100000", "平均ケース／50年発生確率": "0.0047200000", "確率過程": "同時活動モデル", "マグニチュード": "Mw7.4", "ばらつき": "-", "最大ケース／平均活動間隔（年）": "-999.0", "最大ケース／最新活動時期（年前）": "-", "最大ケース／30年発生確率": "0.0139000000", "最大ケース／50年発生確率": "0.0228000000" }, "geometry": { "type": "Polygon", "coordinates": [ [ [ 138.087158203125, 36.022446681758467 ], [ 138.0596923828125, 36.066862132578876 ], [ 138.0926513671875, 36.080181881180152 ], [ 138.1201171875, 36.035773947835807 ], [ 138.087158203125, 36.022446681758467 ] ] ] } },
{ "type": "Feature", "properties": { "断層面ID": "F01622D_00009", "断層コード": "F01622D", "name": "糸魚川−静岡構造線断層帯（北部と中北部と中南部が同時に活動）", "基準位置経度": "138.059", "基準位置緯度": "36.069", "上端深さ(km)": "2.0", "断層長さ(km)": "33.9", "断層幅(km)": "10.0", "走向角(度)": "339.2", "傾斜角(度)": "70.0", "平均ケース／平均活動間隔（年）": "-", "平均ケース／最新活動時期（年前）": "-", "平均ケース／30年発生確率": "0.0027100000", "平均ケース／50年発生確率": "0.0047200000", "確率過程": "同時活動モデル", "マグニチュード": "Mw7.4", "ばらつき": "-", "最大ケース／平均活動間隔（年）": "-999.0", "最大ケース／最新活動時期（年前）": "-", "最大ケース／30年発生確率": "0.0139000000", "最大ケース／50年発生確率": "0.0228000000" }, "geometry": { "type": "Polygon", "coordinates": [ [ [ 138.05419921875, 36.066862132578876 ], [ 137.92236328125, 36.350527005427637 ], [ 137.9608154296875, 36.363798554158635 ], [ 138.0926513671875, 36.075742215627002 ], [ 138.05419921875, 36.066862132578876 ] ] ] } },
{ "type": "Feature", "properties": { "断層面ID": "F01622D_00010", "断層コード": "F01622D", "name": "糸魚川−静岡構造線断層帯（北部と中北部と中南部が同時に活動）", "基準位置経度": "138.049", "基準位置緯度": "36.079", "上端深さ(km)": "2.0", "断層長さ(km)": "5.7", "断層幅(km)": "14.0", "走向角(度)": "116.0", "傾斜角(度)": "70.0", "平均ケース／平均活動間隔（年）": "-", "平均ケース／最新活動時期（年前）": "-", "平均ケース／30年発生確率": "0.0027100000", "平均ケース／50年発生確率": "0.0047200000", "確率過程": "同時活動モデル", "マグニチュード": "Mw7.4", "ばらつき": "-", "最大ケース／平均活動間隔（年）": "-999.0", "最大ケース／最新活動時期（年前）": "-", "最大ケース／30年発生確率": "0.0139000000", "最大ケース／50年発生確率": "0.0228000000" }, "geometry": { "type": "Polygon", "coordinates": [ [ [ 138.0487060546875, 36.075742215627002 ], [ 138.1036376953125, 36.053540128339762 ], [ 138.0816650390625, 36.013560585181537 ], [ 138.021240234375, 36.035773947835807 ], [ 138.0487060546875, 36.075742215627002 ] ] ] } },
{ "type": "Feature", "properties": { "断層面ID": "F01622D_00011", "断層コード": "F01622D", "name": "糸魚川−静岡構造線断層帯（北部と中北部と中南部が同時に活動）", "基準位置経度": "138.106", "基準位置緯度": "36.056", "上端深さ(km)": "2.0", "断層長さ(km)": "5.7", "断層幅(km)": "14.0", "走向角(度)": "157.7", "傾斜角(度)": "70.0", "平均ケース／平均活動間隔（年）": "-", "平均ケース／最新活動時期（年前）": "-", "平均ケース／30年発生確率": "0.0027100000", "平均ケース／50年発生確率": "0.0047200000", "確率過程": "同時活動モデル", "マグニチュード": "Mw7.4", "ばらつき": "-", "最大ケース／平均活動間隔（年）": "-999.0", "最大ケース／最新活動時期（年前）": "-", "最大ケース／30年発生確率": "0.0139000000", "最大ケース／50年発生確率": "0.0228000000" }, "geometry": { "type": "Polygon", "coordinates": [ [ [ 138.1036376953125, 36.053540128339762 ], [ 138.1256103515625, 36.004673486701861 ], [ 138.076171875, 35.991340960635398 ], [ 138.05419921875, 36.035773947835807 ], [ 138.1036376953125, 36.053540128339762 ] ] ] } },
{ "type": "Feature", "properties": { "断層面ID": "F01622D_00012", "断層コード": "F01622D", "name": "糸魚川−静岡構造線断層帯（北部と中北部と中南部が同時に活動）", "基準位置経度": "138.131", "基準位置緯度": "36.007", "上端深さ(km)": "2.0", "断層長さ(km)": "24.0", "断層幅(km)": "14.0", "走向角(度)": "141.2", "傾斜角(度)": "70.0", "平均ケース／平均活動間隔（年）": "-", "平均ケース／最新活動時期（年前）": "-", "平均ケース／30年発生確率": "0.0027100000", "平均ケース／50年発生確率": "0.0047200000", "確率過程": "同時活動モデル", "マグニチュード": "Mw7.4", "ばらつき": "-", "最大ケース／平均活動間隔（年）": "-999.0", "最大ケース／最新活動時期（年前）": "-", "最大ケース／30年発生確率": "0.0139000000", "最大ケース／50年発生確率": "0.0228000000" }, "geometry": { "type": "Polygon", "coordinates": [ [ [ 138.1256103515625, 36.004673486701861 ], [ 138.2958984375, 35.835628388873701 ], [ 138.251953125, 35.808904044068626 ], [ 138.087158203125, 35.978006180855658 ], [ 138.1256103515625, 36.004673486701861 ] ] ] } },
{ "type": "Feature", "properties": { "断層面ID": "F01622E_00001", "断層コード": "F01622E", "name": "糸魚川−静岡構造線断層帯（中北部と中南部と南部が同時に活動）", "基準位置経度": "138.162", "基準位置緯度": "35.983", "上端深さ(km)": "2.0", "断層長さ(km)": "7.8", "断層幅(km)": "10.0", "走向角(度)": "304.6", "傾斜角(度)": "70.0", "平均ケース／平均活動間隔（年）": "-", "平均ケース／最新活動時期（年前）": "-", "平均ケース／30年発生確率": "0.0000000000", "平均ケース／50年発生確率": "0.0000000000", "確率過程": "同時活動モデル", "マグニチュード": "Mw7.4", "ばらつき": "-", "最大ケース／平均活動間隔（年）": "-999.0", "最大ケース／最新活動時期（年前）": "-", "最大ケース／30年発生確率": "0.0001290000", "最大ケース／50年発生確率": "0.0002240000" }, "geometry": { "type": "Polygon", "coordinates": [ [ [ 138.1585693359375, 35.982451357840432 ], [ 138.087158203125, 36.022446681758467 ], [ 138.109130859375, 36.044657539215251 ], [ 138.1805419921875, 36.004673486701861 ], [ 138.1585693359375, 35.982451357840432 ] ] ] } },
{ "type": "Feature", "properties": { "断層面ID": "F01622E_00002", "断層コード": "F01622E", "name": "糸魚川−静岡構造線断層帯（中北部と中南部と南部が同時に活動）", "基準位置経度": "138.091", "基準位置緯度": "36.023", "上端深さ(km)": "2.0", "断層長さ(km)": "5.8", "断層幅(km)": "10.0", "走向角(度)": "330.9", "傾斜角(度)": "70.0", "平均ケース／平均活動間隔（年）": "-", "平均ケース／最新活動時期（年前）": "-", "平均ケース／30年発生確率": "0.0000000000", "平均ケース／50年発生確率": "0.0000000000", "確率過程": "同時活動モデル", "マグニチュード": "Mw7.4", "ばらつき": "-", "最大ケース／平均活動間隔（年）": "-999.0", "最大ケース／最新活動時期（年前）": "-", "最大ケース／30年発生確率": "0.0001290000", "最大ケース／50年発生確率": "0.0002240000" }, "geometry": { "type": "Polygon", "coordinates": [ [ [ 138.087158203125, 36.022446681758467 ], [ 138.0596923828125, 36.066862132578876 ], [ 138.0926513671875, 36.080181881180152 ], [ 138.1201171875, 36.035773947835807 ], [ 138.087158203125, 36.022446681758467 ] ] ] } },
{ "type": "Feature", "properties": { "断層面ID": "F01622E_00003", "断層コード": "F01622E", "name": "糸魚川−静岡構造線断層帯（中北部と中南部と南部が同時に活動）", "基準位置経度": "138.059", "基準位置緯度": "36.069", "上端深さ(km)": "2.0", "断層長さ(km)": "33.9", "断層幅(km)": "10.0", "走向角(度)": "339.2", "傾斜角(度)": "70.0", "平均ケース／平均活動間隔（年）": "-", "平均ケース／最新活動時期（年前）": "-", "平均ケース／30年発生確率": "0.0000000000", "平均ケース／50年発生確率": "0.0000000000", "確率過程": "同時活動モデル", "マグニチュード": "Mw7.4", "ばらつき": "-", "最大ケース／平均活動間隔（年）": "-999.0", "最大ケース／最新活動時期（年前）": "-", "最大ケース／30年発生確率": "0.0001290000", "最大ケース／50年発生確率": "0.0002240000" }, "geometry": { "type": "Polygon", "coordinates": [ [ [ 138.05419921875, 36.066862132578876 ], [ 137.92236328125, 36.350527005427637 ], [ 137.9608154296875, 36.363798554158635 ], [ 138.0926513671875, 36.075742215627002 ], [ 138.05419921875, 36.066862132578876 ] ] ] } },
{ "type": "Feature", "properties": { "断層面ID": "F01622E_00004", "断層コード": "F01622E", "name": "糸魚川−静岡構造線断層帯（中北部と中南部と南部が同時に活動）", "基準位置経度": "138.049", "基準位置緯度": "36.079", "上端深さ(km)": "2.0", "断層長さ(km)": "5.7", "断層幅(km)": "14.0", "走向角(度)": "116.0", "傾斜角(度)": "70.0", "平均ケース／平均活動間隔（年）": "-", "平均ケース／最新活動時期（年前）": "-", "平均ケース／30年発生確率": "0.0000000000", "平均ケース／50年発生確率": "0.0000000000", "確率過程": "同時活動モデル", "マグニチュード": "Mw7.4", "ばらつき": "-", "最大ケース／平均活動間隔（年）": "-999.0", "最大ケース／最新活動時期（年前）": "-", "最大ケース／30年発生確率": "0.0001290000", "最大ケース／50年発生確率": "0.0002240000" }, "geometry": { "type": "Polygon", "coordinates": [ [ [ 138.0487060546875, 36.075742215627002 ], [ 138.1036376953125, 36.053540128339762 ], [ 138.0816650390625, 36.013560585181537 ], [ 138.021240234375, 36.035773947835807 ], [ 138.0487060546875, 36.075742215627002 ] ] ] } },
{ "type": "Feature", "properties": { "断層面ID": "F01622E_00005", "断層コード": "F01622E", "name": "糸魚川−静岡構造線断層帯（中北部と中南部と南部が同時に活動）", "基準位置経度": "138.106", "基準位置緯度": "36.056", "上端深さ(km)": "2.0", "断層長さ(km)": "5.7", "断層幅(km)": "14.0", "走向角(度)": "157.7", "傾斜角(度)": "70.0", "平均ケース／平均活動間隔（年）": "-", "平均ケース／最新活動時期（年前）": "-", "平均ケース／30年発生確率": "0.0000000000", "平均ケース／50年発生確率": "0.0000000000", "確率過程": "同時活動モデル", "マグニチュード": "Mw7.4", "ばらつき": "-", "最大ケース／平均活動間隔（年）": "-999.0", "最大ケース／最新活動時期（年前）": "-", "最大ケース／30年発生確率": "0.0001290000", "最大ケース／50年発生確率": "0.0002240000" }, "geometry": { "type": "Polygon", "coordinates": [ [ [ 138.1036376953125, 36.053540128339762 ], [ 138.1256103515625, 36.004673486701861 ], [ 138.076171875, 35.991340960635398 ], [ 138.05419921875, 36.035773947835807 ], [ 138.1036376953125, 36.053540128339762 ] ] ] } },
{ "type": "Feature", "properties": { "断層面ID": "F01622E_00006", "断層コード": "F01622E", "name": "糸魚川−静岡構造線断層帯（中北部と中南部と南部が同時に活動）", "基準位置経度": "138.131", "基準位置緯度": "36.007", "上端深さ(km)": "2.0", "断層長さ(km)": "24.0", "断層幅(km)": "14.0", "走向角(度)": "141.2", "傾斜角(度)": "70.0", "平均ケース／平均活動間隔（年）": "-", "平均ケース／最新活動時期（年前）": "-", "平均ケース／30年発生確率": "0.0000000000", "平均ケース／50年発生確率": "0.0000000000", "確率過程": "同時活動モデル", "マグニチュード": "Mw7.4", "ばらつき": "-", "最大ケース／平均活動間隔（年）": "-999.0", "最大ケース／最新活動時期（年前）": "-", "最大ケース／30年発生確率": "0.0001290000", "最大ケース／50年発生確率": "0.0002240000" }, "geometry": { "type": "Polygon", "coordinates": [ [ [ 138.1256103515625, 36.004673486701861 ], [ 138.2958984375, 35.835628388873701 ], [ 138.251953125, 35.808904044068626 ], [ 138.087158203125, 35.978006180855658 ], [ 138.1256103515625, 36.004673486701861 ] ] ] } },
{ "type": "Feature", "properties": { "断層面ID": "F01622E_00007", "断層コード": "F01622E", "name": "糸魚川−静岡構造線断層帯（中北部と中南部と南部が同時に活動）", "基準位置経度": "138.260", "基準位置緯度": "35.828", "上端深さ(km)": "4.0", "断層長さ(km)": "11.1", "断層幅(km)": "22.0", "走向角(度)": "137.5", "傾斜角(度)": "45.0", "平均ケース／平均活動間隔（年）": "-", "平均ケース／最新活動時期（年前）": "-", "平均ケース／30年発生確率": "0.0000000000", "平均ケース／50年発生確率": "0.0000000000", "確率過程": "同時活動モデル", "マグニチュード": "Mw7.4", "ばらつき": "-", "最大ケース／平均活動間隔（年）": "-999.0", "最大ケース／最新活動時期（年前）": "-", "最大ケース／30年発生確率": "0.0001290000", "最大ケース／50年発生確率": "0.0002240000" }, "geometry": { "type": "Polygon", "coordinates": [ [ [ 138.2574462890625, 35.826721273666038 ], [ 138.33984375, 35.750970439449262 ], [ 138.2135009765625, 35.657296248096287 ], [ 138.131103515625, 35.733136223133926 ], [ 138.2574462890625, 35.826721273666038 ] ] ] } },
{ "type": "Feature", "properties": { "断層面ID": "F01622E_00008", "断層コード": "F01622E", "name": "糸魚川−静岡構造線断層帯（中北部と中南部と南部が同時に活動）", "基準位置経度": "138.343", "基準位置緯度": "35.755", "上端深さ(km)": "4.0", "断層長さ(km)": "23.6", "断層幅(km)": "22.0", "走向角(度)": "164.0", "傾斜角(度)": "45.0", "平均ケース／平均活動間隔（年）": "-", "平均ケース／最新活動時期（年前）": "-", "平均ケース／30年発生確率": "0.0000000000", "平均ケース／50年発生確率": "0.0000000000", "確率過程": "同時活動モデル", "マグニチュード": "Mw7.4", "ばらつき": "-", "最大ケース／平均活動間隔（年）": "-999.0", "最大ケース／最新活動時期（年前）": "-", "最大ケース／30年発生確率": "0.0001290000", "最大ケース／50年発生確率": "0.0002240000" }, "geometry": { "type": "Polygon", "coordinates": [ [ [ 138.33984375, 35.750970439449262 ], [ 138.4112548828125, 35.550105335885519 ], [ 138.2464599609375, 35.509871738383993 ], [ 138.175048828125, 35.715298012125288 ], [ 138.33984375, 35.750970439449262 ] ] ] } },
{ "type": "Feature", "properties": { "断層面ID": "F01622E_00009", "断層コード": "F01622E", "name": "糸魚川−静岡構造線断層帯（中北部と中南部と南部が同時に活動）", "基準位置経度": "138.415", "基準位置緯度": "35.551", "上端深さ(km)": "4.0", "断層長さ(km)": "14.5", "断層幅(km)": "22.0", "走向角(度)": "205.1", "傾斜角(度)": "45.0", "平均ケース／平均活動間隔（年）": "-", "平均ケース／最新活動時期（年前）": "-", "平均ケース／30年発生確率": "0.0000000000", "平均ケース／50年発生確率": "0.0000000000", "確率過程": "同時活動モデル", "マグニチュード": "Mw7.4", "ばらつき": "-", "最大ケース／平均活動間隔（年）": "-999.0", "最大ケース／最新活動時期（年前）": "-", "最大ケース／30年発生確率": "0.0001290000", "最大ケース／50年発生確率": "0.0002240000" }, "geometry": { "type": "Polygon", "coordinates": [ [ [ 138.4112548828125, 35.550105335885519 ], [ 138.3453369140625, 35.429344044107154 ], [ 138.1915283203125, 35.49198366469642 ], [ 138.2574462890625, 35.608184904377467 ], [ 138.4112548828125, 35.550105335885519 ] ] ] } },
{ "type": "Feature", "properties": { "断層面ID": "F01622F_00001", "断層コード": "F01622F", "name": "糸魚川−静岡構造線断層帯（全体が同時に活動）", "基準位置経度": "137.957", "基準位置緯度": "36.355", "上端深さ(km)": "2.0", "断層長さ(km)": "20.5", "断層幅(km)": "4.0", "走向角(度)": "343.7", "傾斜角(度)": "30.0", "平均ケース／平均活動間隔（年）": "-", "平均ケース／最新活動時期（年前）": "-", "平均ケース／30年発生確率": "0.0000000000", "平均ケース／50年発生確率": "0.0000000000", "確率過程": "同時活動モデル", "マグニチュード": "Mw7.5", "ばらつき": "-", "最大ケース／平均活動間隔（年）": "-999.0", "最大ケース／最新活動時期（年前）": "-", "最大ケース／30年発生確率": "0.0001290000", "最大ケース／50年発生確率": "0.0002240000" }, "geometry": { "type": "Polygon", "coordinates": [ [ [ 137.955322265625, 36.354951106434839 ], [ 137.889404296875, 36.531708849148686 ], [ 137.9278564453125, 36.540536162628982 ], [ 137.9937744140625, 36.359374956015856 ], [ 137.955322265625, 36.354951106434839 ] ] ] } },
{ "type": "Feature", "properties": { "断層面ID": "F01622F_00002", "断層コード": "F01622F", "name": "糸魚川−静岡構造線断層帯（全体が同時に活動）", "基準位置経度": "137.994", "基準位置緯度": "36.364", "上端深さ(km)": "4.0", "断層長さ(km)": "20.0", "断層幅(km)": "14.0", "走向角(度)": "343.7", "傾斜角(度)": "60.0", "平均ケース／平均活動間隔（年）": "-", "平均ケース／最新活動時期（年前）": "-", "平均ケース／30年発生確率": "0.0000000000", "平均ケース／50年発生確率": "0.0000000000", "確率過程": "同時活動モデル", "マグニチュード": "Mw7.5", "ばらつき": "-", "最大ケース／平均活動間隔（年）": "-999.0", "最大ケース／最新活動時期（年前）": "-", "最大ケース／30年発生確率": "0.0001290000", "最大ケース／50年発生確率": "0.0002240000" }, "geometry": { "type": "Polygon", "coordinates": [ [ [ 137.9937744140625, 36.363798554158635 ], [ 137.9278564453125, 36.536122631846851 ], [ 138.0047607421875, 36.553775243360889 ], [ 138.065185546875, 36.381490432105949 ], [ 137.9937744140625, 36.363798554158635 ] ] ] } },
{ "type": "Feature", "properties": { "断層面ID": "F01622F_00003", "断層コード": "F01622F", "name": "糸魚川−静岡構造線断層帯（全体が同時に活動）", "基準位置経度": "137.893", "基準位置緯度": "36.533", "上端深さ(km)": "2.0", "断層長さ(km)": "13.1", "断層幅(km)": "4.0", "走向角(度)": "2.0", "傾斜角(度)": "30.0", "平均ケース／平均活動間隔（年）": "-", "平均ケース／最新活動時期（年前）": "-", "平均ケース／30年発生確率": "0.0000000000", "平均ケース／50年発生確率": "0.0000000000", "確率過程": "同時活動モデル", "マグニチュード": "Mw7.5", "ばらつき": "-", "最大ケース／平均活動間隔（年）": "-999.0", "最大ケース／最新活動時期（年前）": "-", "最大ケース／30年発生確率": "0.0001290000", "最大ケース／50年発生確率": "0.0002240000" }, "geometry": { "type": "Polygon", "coordinates": [ [ [ 137.889404296875, 36.531708849148686 ], [ 137.8948974609375, 36.650792525034703 ], [ 137.933349609375, 36.646385295974952 ], [ 137.9278564453125, 36.531708849148686 ], [ 137.889404296875, 36.531708849148686 ] ] ] } },
{ "type": "Feature", "properties": { "断層面ID": "F01622F_00004", "断層コード": "F01622F", "name": "糸魚川−静岡構造線断層帯（全体が同時に活動）", "基準位置経度": "137.932", "基準位置緯度": "36.537", "上端深さ(km)": "4.0", "断層長さ(km)": "12.0", "断層幅(km)": "14.0", "走向角(度)": "2.0", "傾斜角(度)": "60.0", "平均ケース／平均活動間隔（年）": "-", "平均ケース／最新活動時期（年前）": "-", "平均ケース／30年発生確率": "0.0000000000", "平均ケース／50年発生確率": "0.0000000000", "確率過程": "同時活動モデル", "マグニチュード": "Mw7.5", "ばらつき": "-", "最大ケース／平均活動間隔（年）": "-999.0", "最大ケース／最新活動時期（年前）": "-", "最大ケース／30年発生確率": "0.0001290000", "最大ケース／50年発生確率": "0.0002240000" }, "geometry": { "type": "Polygon", "coordinates": [ [ [ 137.9278564453125, 36.536122631846851 ], [ 137.933349609375, 36.641977814705939 ], [ 138.01025390625, 36.641977814705939 ], [ 138.0047607421875, 36.531708849148686 ], [ 137.9278564453125, 36.536122631846851 ] ] ] } },
{ "type": "Feature", "properties": { "断層面ID": "F01622F_00005", "断層コード": "F01622F", "name": "糸魚川−静岡構造線断層帯（全体が同時に活動）", "基準位置経度": "137.898", "基準位置緯度": "36.651", "上端深さ(km)": "2.0", "断層長さ(km)": "16.5", "断層幅(km)": "4.0", "走向角(度)": "18.9", "傾斜角(度)": "30.0", "平均ケース／平均活動間隔（年）": "-", "平均ケース／最新活動時期（年前）": "-", "平均ケース／30年発生確率": "0.0000000000", "平均ケース／50年発生確率": "0.0000000000", "確率過程": "同時活動モデル", "マグニチュード": "Mw7.5", "ばらつき": "-", "最大ケース／平均活動間隔（年）": "-999.0", "最大ケース／最新活動時期（年前）": "-", "最大ケース／30年発生確率": "0.0001290000", "最大ケース／50年発生確率": "0.0002240000" }, "geometry": { "type": "Polygon", "coordinates": [ [ [ 137.8948974609375, 36.650792525034703 ], [ 137.955322265625, 36.787291466820008 ], [ 137.9937744140625, 36.778492404594161 ], [ 137.933349609375, 36.637570081239247 ], [ 137.8948974609375, 36.650792525034703 ] ] ] } },
{ "type": "Feature", "properties": { "断層面ID": "F01622F_00006", "断層コード": "F01622F", "name": "糸魚川−静岡構造線断層帯（全体が同時に活動）", "基準位置経度": "137.937", "基準位置緯度": "36.645", "上端深さ(km)": "4.0", "断層長さ(km)": "16.0", "断層幅(km)": "14.0", "走向角(度)": "18.9", "傾斜角(度)": "60.0", "平均ケース／平均活動間隔（年）": "-", "平均ケース／最新活動時期（年前）": "-", "平均ケース／30年発生確率": "0.0000000000", "平均ケース／50年発生確率": "0.0000000000", "確率過程": "同時活動モデル", "マグニチュード": "Mw7.5", "ばらつき": "-", "最大ケース／平均活動間隔（年）": "-999.0", "最大ケース／最新活動時期（年前）": "-", "最大ケース／30年発生確率": "0.0001290000", "最大ケース／50年発生確率": "0.0002240000" }, "geometry": { "type": "Polygon", "coordinates": [ [ [ 137.933349609375, 36.641977814705939 ], [ 137.9937744140625, 36.778492404594161 ], [ 138.065185546875, 36.760891249565617 ], [ 138.01025390625, 36.624345367769877 ], [ 137.933349609375, 36.641977814705939 ] ] ] } },
{ "type": "Feature", "properties": { "断層面ID": "F01622F_00007", "断層コード": "F01622F", "name": "糸魚川−静岡構造線断層帯（全体が同時に活動）", "基準位置経度": "138.162", "基準位置緯度": "35.983", "上端深さ(km)": "2.0", "断層長さ(km)": "7.8", "断層幅(km)": "10.0", "走向角(度)": "304.6", "傾斜角(度)": "70.0", "平均ケース／平均活動間隔（年）": "-", "平均ケース／最新活動時期（年前）": "-", "平均ケース／30年発生確率": "0.0000000000", "平均ケース／50年発生確率": "0.0000000000", "確率過程": "同時活動モデル", "マグニチュード": "Mw7.5", "ばらつき": "-", "最大ケース／平均活動間隔（年）": "-999.0", "最大ケース／最新活動時期（年前）": "-", "最大ケース／30年発生確率": "0.0001290000", "最大ケース／50年発生確率": "0.0002240000" }, "geometry": { "type": "Polygon", "coordinates": [ [ [ 138.1585693359375, 35.982451357840432 ], [ 138.087158203125, 36.022446681758467 ], [ 138.109130859375, 36.044657539215251 ], [ 138.1805419921875, 36.004673486701861 ], [ 138.1585693359375, 35.982451357840432 ] ] ] } },
{ "type": "Feature", "properties": { "断層面ID": "F01622F_00008", "断層コード": "F01622F", "name": "糸魚川−静岡構造線断層帯（全体が同時に活動）", "基準位置経度": "138.091", "基準位置緯度": "36.023", "上端深さ(km)": "2.0", "断層長さ(km)": "5.8", "断層幅(km)": "10.0", "走向角(度)": "330.9", "傾斜角(度)": "70.0", "平均ケース／平均活動間隔（年）": "-", "平均ケース／最新活動時期（年前）": "-", "平均ケース／30年発生確率": "0.0000000000", "平均ケース／50年発生確率": "0.0000000000", "確率過程": "同時活動モデル", "マグニチュード": "Mw7.5", "ばらつき": "-", "最大ケース／平均活動間隔（年）": "-999.0", "最大ケース／最新活動時期（年前）": "-", "最大ケース／30年発生確率": "0.0001290000", "最大ケース／50年発生確率": "0.0002240000" }, "geometry": { "type": "Polygon", "coordinates": [ [ [ 138.087158203125, 36.022446681758467 ], [ 138.0596923828125, 36.066862132578876 ], [ 138.0926513671875, 36.080181881180152 ], [ 138.1201171875, 36.035773947835807 ], [ 138.087158203125, 36.022446681758467 ] ] ] } },
{ "type": "Feature", "properties": { "断層面ID": "F01622F_00009", "断層コード": "F01622F", "name": "糸魚川−静岡構造線断層帯（全体が同時に活動）", "基準位置経度": "138.059", "基準位置緯度": "36.069", "上端深さ(km)": "2.0", "断層長さ(km)": "33.9", "断層幅(km)": "10.0", "走向角(度)": "339.2", "傾斜角(度)": "70.0", "平均ケース／平均活動間隔（年）": "-", "平均ケース／最新活動時期（年前）": "-", "平均ケース／30年発生確率": "0.0000000000", "平均ケース／50年発生確率": "0.0000000000", "確率過程": "同時活動モデル", "マグニチュード": "Mw7.5", "ばらつき": "-", "最大ケース／平均活動間隔（年）": "-999.0", "最大ケース／最新活動時期（年前）": "-", "最大ケース／30年発生確率": "0.0001290000", "最大ケース／50年発生確率": "0.0002240000" }, "geometry": { "type": "Polygon", "coordinates": [ [ [ 138.05419921875, 36.066862132578876 ], [ 137.92236328125, 36.350527005427637 ], [ 137.9608154296875, 36.363798554158635 ], [ 138.0926513671875, 36.075742215627002 ], [ 138.05419921875, 36.066862132578876 ] ] ] } },
{ "type": "Feature", "properties": { "断層面ID": "F01622F_00010", "断層コード": "F01622F", "name": "糸魚川−静岡構造線断層帯（全体が同時に活動）", "基準位置経度": "138.049", "基準位置緯度": "36.079", "上端深さ(km)": "2.0", "断層長さ(km)": "5.7", "断層幅(km)": "14.0", "走向角(度)": "116.0", "傾斜角(度)": "70.0", "平均ケース／平均活動間隔（年）": "-", "平均ケース／最新活動時期（年前）": "-", "平均ケース／30年発生確率": "0.0000000000", "平均ケース／50年発生確率": "0.0000000000", "確率過程": "同時活動モデル", "マグニチュード": "Mw7.5", "ばらつき": "-", "最大ケース／平均活動間隔（年）": "-999.0", "最大ケース／最新活動時期（年前）": "-", "最大ケース／30年発生確率": "0.0001290000", "最大ケース／50年発生確率": "0.0002240000" }, "geometry": { "type": "Polygon", "coordinates": [ [ [ 138.0487060546875, 36.075742215627002 ], [ 138.1036376953125, 36.053540128339762 ], [ 138.0816650390625, 36.013560585181537 ], [ 138.021240234375, 36.035773947835807 ], [ 138.0487060546875, 36.075742215627002 ] ] ] } },
{ "type": "Feature", "properties": { "断層面ID": "F01622F_00011", "断層コード": "F01622F", "name": "糸魚川−静岡構造線断層帯（全体が同時に活動）", "基準位置経度": "138.106", "基準位置緯度": "36.056", "上端深さ(km)": "2.0", "断層長さ(km)": "5.7", "断層幅(km)": "14.0", "走向角(度)": "157.7", "傾斜角(度)": "70.0", "平均ケース／平均活動間隔（年）": "-", "平均ケース／最新活動時期（年前）": "-", "平均ケース／30年発生確率": "0.0000000000", "平均ケース／50年発生確率": "0.0000000000", "確率過程": "同時活動モデル", "マグニチュード": "Mw7.5", "ばらつき": "-", "最大ケース／平均活動間隔（年）": "-999.0", "最大ケース／最新活動時期（年前）": "-", "最大ケース／30年発生確率": "0.0001290000", "最大ケース／50年発生確率": "0.0002240000" }, "geometry": { "type": "Polygon", "coordinates": [ [ [ 138.1036376953125, 36.053540128339762 ], [ 138.1256103515625, 36.004673486701861 ], [ 138.076171875, 35.991340960635398 ], [ 138.05419921875, 36.035773947835807 ], [ 138.1036376953125, 36.053540128339762 ] ] ] } },
{ "type": "Feature", "properties": { "断層面ID": "F01622F_00012", "断層コード": "F01622F", "name": "糸魚川−静岡構造線断層帯（全体が同時に活動）", "基準位置経度": "138.131", "基準位置緯度": "36.007", "上端深さ(km)": "2.0", "断層長さ(km)": "24.0", "断層幅(km)": "14.0", "走向角(度)": "141.2", "傾斜角(度)": "70.0", "平均ケース／平均活動間隔（年）": "-", "平均ケース／最新活動時期（年前）": "-", "平均ケース／30年発生確率": "0.0000000000", "平均ケース／50年発生確率": "0.0000000000", "確率過程": "同時活動モデル", "マグニチュード": "Mw7.5", "ばらつき": "-", "最大ケース／平均活動間隔（年）": "-999.0", "最大ケース／最新活動時期（年前）": "-", "最大ケース／30年発生確率": "0.0001290000", "最大ケース／50年発生確率": "0.0002240000" }, "geometry": { "type": "Polygon", "coordinates": [ [ [ 138.1256103515625, 36.004673486701861 ], [ 138.2958984375, 35.835628388873701 ], [ 138.251953125, 35.808904044068626 ], [ 138.087158203125, 35.978006180855658 ], [ 138.1256103515625, 36.004673486701861 ] ] ] } },
{ "type": "Feature", "properties": { "断層面ID": "F01622F_00013", "断層コード": "F01622F", "name": "糸魚川−静岡構造線断層帯（全体が同時に活動）", "基準位置経度": "138.260", "基準位置緯度": "35.828", "上端深さ(km)": "4.0", "断層長さ(km)": "11.1", "断層幅(km)": "22.0", "走向角(度)": "137.5", "傾斜角(度)": "45.0", "平均ケース／平均活動間隔（年）": "-", "平均ケース／最新活動時期（年前）": "-", "平均ケース／30年発生確率": "0.0000000000", "平均ケース／50年発生確率": "0.0000000000", "確率過程": "同時活動モデル", "マグニチュード": "Mw7.5", "ばらつき": "-", "最大ケース／平均活動間隔（年）": "-999.0", "最大ケース／最新活動時期（年前）": "-", "最大ケース／30年発生確率": "0.0001290000", "最大ケース／50年発生確率": "0.0002240000" }, "geometry": { "type": "Polygon", "coordinates": [ [ [ 138.2574462890625, 35.826721273666038 ], [ 138.33984375, 35.750970439449262 ], [ 138.2135009765625, 35.657296248096287 ], [ 138.131103515625, 35.733136223133926 ], [ 138.2574462890625, 35.826721273666038 ] ] ] } },
{ "type": "Feature", "properties": { "断層面ID": "F01622F_00014", "断層コード": "F01622F", "name": "糸魚川−静岡構造線断層帯（全体が同時に活動）", "基準位置経度": "138.343", "基準位置緯度": "35.755", "上端深さ(km)": "4.0", "断層長さ(km)": "23.6", "断層幅(km)": "22.0", "走向角(度)": "164.0", "傾斜角(度)": "45.0", "平均ケース／平均活動間隔（年）": "-", "平均ケース／最新活動時期（年前）": "-", "平均ケース／30年発生確率": "0.0000000000", "平均ケース／50年発生確率": "0.0000000000", "確率過程": "同時活動モデル", "マグニチュード": "Mw7.5", "ばらつき": "-", "最大ケース／平均活動間隔（年）": "-999.0", "最大ケース／最新活動時期（年前）": "-", "最大ケース／30年発生確率": "0.0001290000", "最大ケース／50年発生確率": "0.0002240000" }, "geometry": { "type": "Polygon", "coordinates": [ [ [ 138.33984375, 35.750970439449262 ], [ 138.4112548828125, 35.550105335885519 ], [ 138.2464599609375, 35.509871738383993 ], [ 138.175048828125, 35.715298012125288 ], [ 138.33984375, 35.750970439449262 ] ] ] } },
{ "type": "Feature", "properties": { "断層面ID": "F01622F_00015", "断層コード": "F01622F", "name": "糸魚川−静岡構造線断層帯（全体が同時に活動）", "基準位置経度": "138.415", "基準位置緯度": "35.551", "上端深さ(km)": "4.0", "断層長さ(km)": "14.5", "断層幅(km)": "22.0", "走向角(度)": "205.1", "傾斜角(度)": "45.0", "平均ケース／平均活動間隔（年）": "-", "平均ケース／最新活動時期（年前）": "-", "平均ケース／30年発生確率": "0.0000000000", "平均ケース／50年発生確率": "0.0000000000", "確率過程": "同時活動モデル", "マグニチュード": "Mw7.5", "ばらつき": "-", "最大ケース／平均活動間隔（年）": "-999.0", "最大ケース／最新活動時期（年前）": "-", "最大ケース／30年発生確率": "0.0001290000", "最大ケース／50年発生確率": "0.0002240000" }, "geometry": { "type": "Polygon", "coordinates": [ [ [ 138.4112548828125, 35.550105335885519 ], [ 138.3453369140625, 35.429344044107154 ], [ 138.1915283203125, 35.49198366469642 ], [ 138.2574462890625, 35.608184904377467 ], [ 138.4112548828125, 35.550105335885519 ] ] ] } },
{ "type": "Feature", "properties": { "断層面ID": "F020101_00001", "断層コード": "F020101", "name": "中央構造線断層帯（金剛山地東縁区間）", "基準位置経度": "135.660", "基準位置緯度": "34.549", "上端深さ(km)": "2.0", "断層長さ(km)": "18.0", "断層幅(km)": "18.0", "走向角(度)": "176.8", "傾斜角(度)": "40.0", "平均ケース／平均活動間隔（年）": "6800.0", "平均ケース／最新活動時期（年前）": "1872.0", "平均ケース／30年発生確率": "0.0000000000", "平均ケース／50年発生確率": "0.0000000000", "確率過程": "BPT過程（同時活動モデル）", "マグニチュード": "Mw6.4", "ばらつき": "0.24", "最大ケース／平均活動間隔（年）": "6000.0", "最大ケース／最新活動時期（年前）": "2022.0", "最大ケース／30年発生確率": "0.0000000000", "最大ケース／50年発生確率": "0.0000000000" }, "geometry": { "type": "Polygon", "coordinates": [ [ [ 135.6591796875, 34.547287001198029 ], [ 135.670166015625, 34.384246040152178 ], [ 135.516357421875, 34.379712580462197 ], [ 135.50537109375, 34.538237527295749 ], [ 135.6591796875, 34.547287001198029 ] ] ] } },
{ "type": "Feature", "properties": { "断層面ID": "FM20102_00001", "断層コード": "FM20102", "name": "中央構造線断層帯（五条谷区間）（傾斜角40度）", "基準位置経度": "135.693", "基準位置緯度": "34.410", "上端深さ(km)": "4.0", "断層長さ(km)": "30.0", "断層幅(km)": "18.0", "走向角(度)": "249.5", "傾斜角(度)": "40.0", "平均ケース／平均活動間隔（年）": "3000.0", "平均ケース／最新活動時期（年前）": "1761.0", "平均ケース／30年発生確率": "0.0030800000", "平均ケース／50年発生確率": "0.0053600000", "確率過程": "BPT過程（同時活動モデル）", "マグニチュード": "Mw6.8", "ばらつき": "0.24", "最大ケース／平均活動間隔（年）": "3000.0", "最大ケース／最新活動時期（年前）": "2200.0", "最大ケース／30年発生確率": "0.0125000000", "最大ケース／50年発生確率": "0.0212000000" }, "geometry": { "type": "Polygon", "coordinates": [ [ [ 135.692138671875, 34.406909656520597 ], [ 135.384521484375, 34.31168124115257 ], [ 135.32958984375, 34.42956713470528 ], [ 135.63720703125, 34.524661471771722 ], [ 135.692138671875, 34.406909656520597 ] ] ] } },
{ "type": "Feature", "properties": { "断層面ID": "FH20102_00001", "断層コード": "FH20102", "name": "中央構造線断層帯（五条谷区間）（傾斜角90度）", "基準位置経度": "135.722", "基準位置緯度": "34.396", "上端深さ(km)": "4.0", "断層長さ(km)": "34.0", "断層幅(km)": "12.0", "走向角(度)": "249.5", "傾斜角(度)": "90.0", "平均ケース／平均活動間隔（年）": "3000.0", "平均ケース／最新活動時期（年前）": "1761.0", "平均ケース／30年発生確率": "0.0030800000", "平均ケース／50年発生確率": "0.0053600000", "確率過程": "BPT過程（同時活動モデル）", "マグニチュード": "Mw6.8", "ばらつき": "0.24", "最大ケース／平均活動間隔（年）": "3000.0", "最大ケース／最新活動時期（年前）": "2200.0", "最大ケース／30年発生確率": "0.0125000000", "最大ケース／50年発生確率": "0.0212000000" }, "geometry": { "type": "Polygon", "coordinates": [ [ [ 135.7196044921875, 34.393312223161118 ], [ 135.37353515625, 34.284453254352883 ], [ 135.7196044921875, 34.393312223161118 ] ] ] } },
{ "type": "Feature", "properties": { "断層面ID": "FM20103_00001", "断層コード": "FM20103", "name": "中央構造線断層帯（根来区間）（傾斜角40度）", "基準位置経度": "135.397", "基準位置緯度": "34.340", "上端深さ(km)": "4.0", "断層長さ(km)": "28.0", "断層幅(km)": "18.0", "走向角(度)": "258.1", "傾斜角(度)": "40.0", "平均ケース／平均活動間隔（年）": "2700.0", "平均ケース／最新活動時期（年前）": "1322.0", "平均ケース／30年発生確率": "0.0003820000", "平均ケース／50年発生確率": "0.0006960000", "確率過程": "BPT過程（同時活動モデル）", "マグニチュード": "Mw6.7", "ばらつき": "0.24", "最大ケース／平均活動間隔（年）": "2500.0", "最大ケース／最新活動時期（年前）": "1422.0", "最大ケース／30年発生確率": "0.0016600000", "最大ケース／50年発生確率": "0.0029400000" }, "geometry": { "type": "Polygon", "coordinates": [ [ [ 135.3955078125, 34.338900400404995 ], [ 135.098876953125, 34.284453254352883 ], [ 135.06591796875, 34.406909656520597 ], [ 135.362548828125, 34.46127728843706 ], [ 135.3955078125, 34.338900400404995 ] ] ] } },
{ "type": "Feature", "properties": { "断層面ID": "FH20103_00001", "断層コード": "FH20103", "name": "中央構造線断層帯（根来区間）（傾斜角90度）", "基準位置経度": "135.429", "基準位置緯度": "34.301", "上端深さ(km)": "4.0", "断層長さ(km)": "32.0", "断層幅(km)": "12.0", "走向角(度)": "258.1", "傾斜角(度)": "90.0", "平均ケース／平均活動間隔（年）": "2700.0", "平均ケース／最新活動時期（年前）": "1322.0", "平均ケース／30年発生確率": "0.0003820000", "平均ケース／50年発生確率": "0.0006960000", "確率過程": "BPT過程（同時活動モデル）", "マグニチュード": "Mw6.7", "ばらつき": "0.24", "最大ケース／平均活動間隔（年）": "2500.0", "最大ケース／最新活動時期（年前）": "1422.0", "最大ケース／30年発生確率": "0.0016600000", "最大ケース／50年発生確率": "0.0029400000" }, "geometry": { "type": "Polygon", "coordinates": [ [ [ 135.428466796875, 34.298068350990818 ], [ 135.087890625, 34.239053668516391 ], [ 135.428466796875, 34.298068350990818 ] ] ] } },
{ "type": "Feature", "properties": { "断層面ID": "FM201AB_00001", "断層コード": "FM201AB", "name": "中央構造線断層帯（金剛山地東縁区間〜五条谷区間が同時に活動）（傾斜角40度）", "基準位置経度": "135.660", "基準位置緯度": "34.549", "上端深さ(km)": "2.0", "断層長さ(km)": "18.0", "断層幅(km)": "18.0", "走向角(度)": "176.8", "傾斜角(度)": "40.0", "平均ケース／平均活動間隔（年）": "-", "平均ケース／最新活動時期（年前）": "-", "平均ケース／30年発生確率": "0.0000000000", "平均ケース／50年発生確率": "0.0000000000", "確率過程": "同時活動モデル", "マグニチュード": "Mw7", "ばらつき": "-", "最大ケース／平均活動間隔（年）": "-999.0", "最大ケース／最新活動時期（年前）": "-", "最大ケース／30年発生確率": "0.0000000000", "最大ケース／50年発生確率": "0.0000000000" }, "geometry": { "type": "Polygon", "coordinates": [ [ [ 135.6591796875, 34.547287001198029 ], [ 135.670166015625, 34.384246040152178 ], [ 135.516357421875, 34.379712580462197 ], [ 135.50537109375, 34.538237527295749 ], [ 135.6591796875, 34.547287001198029 ] ] ] } },
{ "type": "Feature", "properties": { "断層面ID": "FM201AB_00002", "断層コード": "FM201AB", "name": "中央構造線断層帯（金剛山地東縁区間〜五条谷区間が同時に活動）（傾斜角40度）", "基準位置経度": "135.693", "基準位置緯度": "34.410", "上端深さ(km)": "4.0", "断層長さ(km)": "30.0", "断層幅(km)": "18.0", "走向角(度)": "249.5", "傾斜角(度)": "40.0", "平均ケース／平均活動間隔（年）": "-", "平均ケース／最新活動時期（年前）": "-", "平均ケース／30年発生確率": "0.0000000000", "平均ケース／50年発生確率": "0.0000000000", "確率過程": "同時活動モデル", "マグニチュード": "Mw7", "ばらつき": "-", "最大ケース／平均活動間隔（年）": "-999.0", "最大ケース／最新活動時期（年前）": "-", "最大ケース／30年発生確率": "0.0000000000", "最大ケース／50年発生確率": "0.0000000000" }, "geometry": { "type": "Polygon", "coordinates": [ [ [ 135.692138671875, 34.406909656520597 ], [ 135.384521484375, 34.31168124115257 ], [ 135.32958984375, 34.42956713470528 ], [ 135.63720703125, 34.524661471771722 ], [ 135.692138671875, 34.406909656520597 ] ] ] } },
{ "type": "Feature", "properties": { "断層面ID": "FH201AB_00001", "断層コード": "FH201AB", "name": "中央構造線断層帯（金剛山地東縁区間〜五条谷区間が同時に活動）（傾斜角90度）", "基準位置経度": "135.660", "基準位置緯度": "34.549", "上端深さ(km)": "2.0", "断層長さ(km)": "18.0", "断層幅(km)": "18.0", "走向角(度)": "176.8", "傾斜角(度)": "40.0", "平均ケース／平均活動間隔（年）": "-", "平均ケース／最新活動時期（年前）": "-", "平均ケース／30年発生確率": "0.0000000000", "平均ケース／50年発生確率": "0.0000000000", "確率過程": "同時活動モデル", "マグニチュード": "Mw7", "ばらつき": "-", "最大ケース／平均活動間隔（年）": "-999.0", "最大ケース／最新活動時期（年前）": "-", "最大ケース／30年発生確率": "0.0000000000", "最大ケース／50年発生確率": "0.0000000000" }, "geometry": { "type": "Polygon", "coordinates": [ [ [ 135.6591796875, 34.547287001198029 ], [ 135.670166015625, 34.384246040152178 ], [ 135.516357421875, 34.379712580462197 ], [ 135.50537109375, 34.538237527295749 ], [ 135.6591796875, 34.547287001198029 ] ] ] } },
{ "type": "Feature", "properties": { "断層面ID": "FH201AB_00002", "断層コード": "FH201AB", "name": "中央構造線断層帯（金剛山地東縁区間〜五条谷区間が同時に活動）（傾斜角90度）", "基準位置経度": "135.722", "基準位置緯度": "34.396", "上端深さ(km)": "4.0", "断層長さ(km)": "34.0", "断層幅(km)": "12.0", "走向角(度)": "249.5", "傾斜角(度)": "90.0", "平均ケース／平均活動間隔（年）": "-", "平均ケース／最新活動時期（年前）": "-", "平均ケース／30年発生確率": "0.0000000000", "平均ケース／50年発生確率": "0.0000000000", "確率過程": "同時活動モデル", "マグニチュード": "Mw7", "ばらつき": "-", "最大ケース／平均活動間隔（年）": "-999.0", "最大ケース／最新活動時期（年前）": "-", "最大ケース／30年発生確率": "0.0000000000", "最大ケース／50年発生確率": "0.0000000000" }, "geometry": { "type": "Polygon", "coordinates": [ [ [ 135.7196044921875, 34.393312223161118 ], [ 135.37353515625, 34.284453254352883 ], [ 135.7196044921875, 34.393312223161118 ] ] ] } },
{ "type": "Feature", "properties": { "断層面ID": "FM201BC_00001", "断層コード": "FM201BC", "name": "中央構造線断層帯（五条谷区間〜根来区間が同時に活動）（傾斜角40度）", "基準位置経度": "135.693", "基準位置緯度": "34.410", "上端深さ(km)": "4.0", "断層長さ(km)": "30.0", "断層幅(km)": "18.0", "走向角(度)": "249.5", "傾斜角(度)": "40.0", "平均ケース／平均活動間隔（年）": "-", "平均ケース／最新活動時期（年前）": "-", "平均ケース／30年発生確率": "0.0000763000", "平均ケース／50年発生確率": "0.0001390000", "確率過程": "同時活動モデル", "マグニチュード": "Mw7.1", "ばらつき": "-", "最大ケース／平均活動間隔（年）": "-999.0", "最大ケース／最新活動時期（年前）": "-", "最大ケース／30年発生確率": "0.0001490000", "最大ケース／50年発生確率": "0.0002630000" }, "geometry": { "type": "Polygon", "coordinates": [ [ [ 135.692138671875, 34.406909656520597 ], [ 135.384521484375, 34.31168124115257 ], [ 135.32958984375, 34.42956713470528 ], [ 135.63720703125, 34.524661471771722 ], [ 135.692138671875, 34.406909656520597 ] ] ] } },
{ "type": "Feature", "properties": { "断層面ID": "FM201BC_00002", "断層コード": "FM201BC", "name": "中央構造線断層帯（五条谷区間〜根来区間が同時に活動）（傾斜角40度）", "基準位置経度": "135.397", "基準位置緯度": "34.340", "上端深さ(km)": "4.0", "断層長さ(km)": "28.0", "断層幅(km)": "18.0", "走向角(度)": "258.1", "傾斜角(度)": "40.0", "平均ケース／平均活動間隔（年）": "-", "平均ケース／最新活動時期（年前）": "-", "平均ケース／30年発生確率": "0.0000763000", "平均ケース／50年発生確率": "0.0001390000", "確率過程": "同時活動モデル", "マグニチュード": "Mw7.1", "ばらつき": "-", "最大ケース／平均活動間隔（年）": "-999.0", "最大ケース／最新活動時期（年前）": "-", "最大ケース／30年発生確率": "0.0001490000", "最大ケース／50年発生確率": "0.0002630000" }, "geometry": { "type": "Polygon", "coordinates": [ [ [ 135.3955078125, 34.338900400404995 ], [ 135.098876953125, 34.284453254352883 ], [ 135.06591796875, 34.406909656520597 ], [ 135.362548828125, 34.46127728843706 ], [ 135.3955078125, 34.338900400404995 ] ] ] } },
{ "type": "Feature", "properties": { "断層面ID": "FH201BC_00001", "断層コード": "FH201BC", "name": "中央構造線断層帯（五条谷区間〜根来区間が同時に活動）（傾斜角90度）", "基準位置経度": "135.722", "基準位置緯度": "34.396", "上端深さ(km)": "4.0", "断層長さ(km)": "34.0", "断層幅(km)": "12.0", "走向角(度)": "249.5", "傾斜角(度)": "90.0", "平均ケース／平均活動間隔（年）": "-", "平均ケース／最新活動時期（年前）": "-", "平均ケース／30年発生確率": "0.0000763000", "平均ケース／50年発生確率": "0.0001390000", "確率過程": "同時活動モデル", "マグニチュード": "Mw7.1", "ばらつき": "-", "最大ケース／平均活動間隔（年）": "-999.0", "最大ケース／最新活動時期（年前）": "-", "最大ケース／30年発生確率": "0.0001490000", "最大ケース／50年発生確率": "0.0002630000" }, "geometry": { "type": "Polygon", "coordinates": [ [ [ 135.7196044921875, 34.393312223161118 ], [ 135.37353515625, 34.284453254352883 ], [ 135.7196044921875, 34.393312223161118 ] ] ] } },
{ "type": "Feature", "properties": { "断層面ID": "FH201BC_00002", "断層コード": "FH201BC", "name": "中央構造線断層帯（五条谷区間〜根来区間が同時に活動）（傾斜角90度）", "基準位置経度": "135.429", "基準位置緯度": "34.301", "上端深さ(km)": "4.0", "断層長さ(km)": "32.0", "断層幅(km)": "12.0", "走向角(度)": "258.1", "傾斜角(度)": "90.0", "平均ケース／平均活動間隔（年）": "-", "平均ケース／最新活動時期（年前）": "-", "平均ケース／30年発生確率": "0.0000763000", "平均ケース／50年発生確率": "0.0001390000", "確率過程": "同時活動モデル", "マグニチュード": "Mw7.1", "ばらつき": "-", "最大ケース／平均活動間隔（年）": "-999.0", "最大ケース／最新活動時期（年前）": "-", "最大ケース／30年発生確率": "0.0001490000", "最大ケース／50年発生確率": "0.0002630000" }, "geometry": { "type": "Polygon", "coordinates": [ [ [ 135.428466796875, 34.298068350990818 ], [ 135.087890625, 34.239053668516391 ], [ 135.428466796875, 34.298068350990818 ] ] ] } },
{ "type": "Feature", "properties": { "断層面ID": "FM201CD_00001", "断層コード": "FM201CD", "name": "中央構造線断層帯（根来区間〜紀淡海峡−鳴門海峡区間が同時に活動）（傾斜角40度）", "基準位置経度": "135.397", "基準位置緯度": "34.340", "上端深さ(km)": "4.0", "断層長さ(km)": "28.0", "断層幅(km)": "18.0", "走向角(度)": "258.1", "傾斜角(度)": "40.0", "平均ケース／平均活動間隔（年）": "-", "平均ケース／最新活動時期（年前）": "-", "平均ケース／30年発生確率": "0.0000763000", "平均ケース／50年発生確率": "0.0001390000", "確率過程": "同時活動モデル", "マグニチュード": "Mw7.2", "ばらつき": "-", "最大ケース／平均活動間隔（年）": "-999.0", "最大ケース／最新活動時期（年前）": "-", "最大ケース／30年発生確率": "0.0001490000", "最大ケース／50年発生確率": "0.0002630000" }, "geometry": { "type": "Polygon", "coordinates": [ [ [ 135.3955078125, 34.338900400404995 ], [ 135.098876953125, 34.284453254352883 ], [ 135.06591796875, 34.406909656520597 ], [ 135.362548828125, 34.46127728843706 ], [ 135.3955078125, 34.338900400404995 ] ] ] } },
{ "type": "Feature", "properties": { "断層面ID": "FH201CD_00001", "断層コード": "FH201CD", "name": "中央構造線断層帯（根来区間〜紀淡海峡−鳴門海峡区間が同時に活動）（傾斜角90度）", "基準位置経度": "135.429", "基準位置緯度": "34.301", "上端深さ(km)": "4.0", "断層長さ(km)": "32.0", "断層幅(km)": "12.0", "走向角(度)": "258.1", "傾斜角(度)": "90.0", "平均ケース／平均活動間隔（年）": "-", "平均ケース／最新活動時期（年前）": "-", "平均ケース／30年発生確率": "0.0000763000", "平均ケース／50年発生確率": "0.0001390000", "確率過程": "同時活動モデル", "マグニチュード": "Mw7.2", "ばらつき": "-", "最大ケース／平均活動間隔（年）": "-999.0", "最大ケース／最新活動時期（年前）": "-", "最大ケース／30年発生確率": "0.0001490000", "最大ケース／50年発生確率": "0.0002630000" }, "geometry": { "type": "Polygon", "coordinates": [ [ [ 135.428466796875, 34.298068350990818 ], [ 135.087890625, 34.239053668516391 ], [ 135.428466796875, 34.298068350990818 ] ] ] } },
{ "type": "Feature", "properties": { "断層面ID": "FM201AC_00001", "断層コード": "FM201AC", "name": "中央構造線断層帯（金剛山地東縁区間〜根来区間が同時に活動）（傾斜角40度）", "基準位置経度": "135.660", "基準位置緯度": "34.549", "上端深さ(km)": "2.0", "断層長さ(km)": "18.0", "断層幅(km)": "18.0", "走向角(度)": "176.8", "傾斜角(度)": "40.0", "平均ケース／平均活動間隔（年）": "-", "平均ケース／最新活動時期（年前）": "-", "平均ケース／30年発生確率": "0.0000000000", "平均ケース／50年発生確率": "0.0000000000", "確率過程": "同時活動モデル", "マグニチュード": "Mw7.3", "ばらつき": "-", "最大ケース／平均活動間隔（年）": "-999.0", "最大ケース／最新活動時期（年前）": "-", "最大ケース／30年発生確率": "0.0000000000", "最大ケース／50年発生確率": "0.0000000000" }, "geometry": { "type": "Polygon", "coordinates": [ [ [ 135.6591796875, 34.547287001198029 ], [ 135.670166015625, 34.384246040152178 ], [ 135.516357421875, 34.379712580462197 ], [ 135.50537109375, 34.538237527295749 ], [ 135.6591796875, 34.547287001198029 ] ] ] } },
{ "type": "Feature", "properties": { "断層面ID": "FM201AC_00002", "断層コード": "FM201AC", "name": "中央構造線断層帯（金剛山地東縁区間〜根来区間が同時に活動）（傾斜角40度）", "基準位置経度": "135.693", "基準位置緯度": "34.410", "上端深さ(km)": "4.0", "断層長さ(km)": "30.0", "断層幅(km)": "18.0", "走向角(度)": "249.5", "傾斜角(度)": "40.0", "平均ケース／平均活動間隔（年）": "-", "平均ケース／最新活動時期（年前）": "-", "平均ケース／30年発生確率": "0.0000000000", "平均ケース／50年発生確率": "0.0000000000", "確率過程": "同時活動モデル", "マグニチュード": "Mw7.3", "ばらつき": "-", "最大ケース／平均活動間隔（年）": "-999.0", "最大ケース／最新活動時期（年前）": "-", "最大ケース／30年発生確率": "0.0000000000", "最大ケース／50年発生確率": "0.0000000000" }, "geometry": { "type": "Polygon", "coordinates": [ [ [ 135.692138671875, 34.406909656520597 ], [ 135.384521484375, 34.31168124115257 ], [ 135.32958984375, 34.42956713470528 ], [ 135.63720703125, 34.524661471771722 ], [ 135.692138671875, 34.406909656520597 ] ] ] } },
{ "type": "Feature", "properties": { "断層面ID": "FM201AC_00003", "断層コード": "FM201AC", "name": "中央構造線断層帯（金剛山地東縁区間〜根来区間が同時に活動）（傾斜角40度）", "基準位置経度": "135.397", "基準位置緯度": "34.340", "上端深さ(km)": "4.0", "断層長さ(km)": "28.0", "断層幅(km)": "18.0", "走向角(度)": "258.1", "傾斜角(度)": "40.0", "平均ケース／平均活動間隔（年）": "-", "平均ケース／最新活動時期（年前）": "-", "平均ケース／30年発生確率": "0.0000000000", "平均ケース／50年発生確率": "0.0000000000", "確率過程": "同時活動モデル", "マグニチュード": "Mw7.3", "ばらつき": "-", "最大ケース／平均活動間隔（年）": "-999.0", "最大ケース／最新活動時期（年前）": "-", "最大ケース／30年発生確率": "0.0000000000", "最大ケース／50年発生確率": "0.0000000000" }, "geometry": { "type": "Polygon", "coordinates": [ [ [ 135.3955078125, 34.338900400404995 ], [ 135.098876953125, 34.284453254352883 ], [ 135.06591796875, 34.406909656520597 ], [ 135.362548828125, 34.46127728843706 ], [ 135.3955078125, 34.338900400404995 ] ] ] } },
{ "type": "Feature", "properties": { "断層面ID": "FH201AC_00001", "断層コード": "FH201AC", "name": "中央構造線断層帯（金剛山地東縁区間〜根来区間が同時に活動）（傾斜角90度）", "基準位置経度": "135.660", "基準位置緯度": "34.549", "上端深さ(km)": "2.0", "断層長さ(km)": "18.0", "断層幅(km)": "18.0", "走向角(度)": "176.8", "傾斜角(度)": "40.0", "平均ケース／平均活動間隔（年）": "-", "平均ケース／最新活動時期（年前）": "-", "平均ケース／30年発生確率": "0.0000000000", "平均ケース／50年発生確率": "0.0000000000", "確率過程": "同時活動モデル", "マグニチュード": "Mw7.3", "ばらつき": "-", "最大ケース／平均活動間隔（年）": "-999.0", "最大ケース／最新活動時期（年前）": "-", "最大ケース／30年発生確率": "0.0000000000", "最大ケース／50年発生確率": "0.0000000000" }, "geometry": { "type": "Polygon", "coordinates": [ [ [ 135.6591796875, 34.547287001198029 ], [ 135.670166015625, 34.384246040152178 ], [ 135.516357421875, 34.379712580462197 ], [ 135.50537109375, 34.538237527295749 ], [ 135.6591796875, 34.547287001198029 ] ] ] } },
{ "type": "Feature", "properties": { "断層面ID": "FH201AC_00002", "断層コード": "FH201AC", "name": "中央構造線断層帯（金剛山地東縁区間〜根来区間が同時に活動）（傾斜角90度）", "基準位置経度": "135.722", "基準位置緯度": "34.396", "上端深さ(km)": "4.0", "断層長さ(km)": "34.0", "断層幅(km)": "12.0", "走向角(度)": "249.5", "傾斜角(度)": "90.0", "平均ケース／平均活動間隔（年）": "-", "平均ケース／最新活動時期（年前）": "-", "平均ケース／30年発生確率": "0.0000000000", "平均ケース／50年発生確率": "0.0000000000", "確率過程": "同時活動モデル", "マグニチュード": "Mw7.3", "ばらつき": "-", "最大ケース／平均活動間隔（年）": "-999.0", "最大ケース／最新活動時期（年前）": "-", "最大ケース／30年発生確率": "0.0000000000", "最大ケース／50年発生確率": "0.0000000000" }, "geometry": { "type": "Polygon", "coordinates": [ [ [ 135.7196044921875, 34.393312223161118 ], [ 135.37353515625, 34.284453254352883 ], [ 135.7196044921875, 34.393312223161118 ] ] ] } },
{ "type": "Feature", "properties": { "断層面ID": "FH201AC_00003", "断層コード": "FH201AC", "name": "中央構造線断層帯（金剛山地東縁区間〜根来区間が同時に活動）（傾斜角90度）", "基準位置経度": "135.429", "基準位置緯度": "34.301", "上端深さ(km)": "4.0", "断層長さ(km)": "32.0", "断層幅(km)": "12.0", "走向角(度)": "258.1", "傾斜角(度)": "90.0", "平均ケース／平均活動間隔（年）": "-", "平均ケース／最新活動時期（年前）": "-", "平均ケース／30年発生確率": "0.0000000000", "平均ケース／50年発生確率": "0.0000000000", "確率過程": "同時活動モデル", "マグニチュード": "Mw7.3", "ばらつき": "-", "最大ケース／平均活動間隔（年）": "-999.0", "最大ケース／最新活動時期（年前）": "-", "最大ケース／30年発生確率": "0.0000000000", "最大ケース／50年発生確率": "0.0000000000" }, "geometry": { "type": "Polygon", "coordinates": [ [ [ 135.428466796875, 34.298068350990818 ], [ 135.087890625, 34.239053668516391 ], [ 135.428466796875, 34.298068350990818 ] ] ] } },
{ "type": "Feature", "properties": { "断層面ID": "FM201BD_00001", "断層コード": "FM201BD", "name": "中央構造線断層帯（五条谷区間〜紀淡海峡−鳴門海峡区間が同時に活動）（傾斜角40度）", "基準位置経度": "135.693", "基準位置緯度": "34.410", "上端深さ(km)": "4.0", "断層長さ(km)": "30.0", "断層幅(km)": "18.0", "走向角(度)": "249.5", "傾斜角(度)": "40.0", "平均ケース／平均活動間隔（年）": "-", "平均ケース／最新活動時期（年前）": "-", "平均ケース／30年発生確率": "0.0000763000", "平均ケース／50年発生確率": "0.0001390000", "確率過程": "同時活動モデル", "マグニチュード": "Mw7.4", "ばらつき": "-", "最大ケース／平均活動間隔（年）": "-999.0", "最大ケース／最新活動時期（年前）": "-", "最大ケース／30年発生確率": "0.0001490000", "最大ケース／50年発生確率": "0.0002630000" }, "geometry": { "type": "Polygon", "coordinates": [ [ [ 135.692138671875, 34.406909656520597 ], [ 135.384521484375, 34.31168124115257 ], [ 135.32958984375, 34.42956713470528 ], [ 135.63720703125, 34.524661471771722 ], [ 135.692138671875, 34.406909656520597 ] ] ] } },
{ "type": "Feature", "properties": { "断層面ID": "FM201BD_00002", "断層コード": "FM201BD", "name": "中央構造線断層帯（五条谷区間〜紀淡海峡−鳴門海峡区間が同時に活動）（傾斜角40度）", "基準位置経度": "135.397", "基準位置緯度": "34.340", "上端深さ(km)": "4.0", "断層長さ(km)": "28.0", "断層幅(km)": "18.0", "走向角(度)": "258.1", "傾斜角(度)": "40.0", "平均ケース／平均活動間隔（年）": "-", "平均ケース／最新活動時期（年前）": "-", "平均ケース／30年発生確率": "0.0000763000", "平均ケース／50年発生確率": "0.0001390000", "確率過程": "同時活動モデル", "マグニチュード": "Mw7.4", "ばらつき": "-", "最大ケース／平均活動間隔（年）": "-999.0", "最大ケース／最新活動時期（年前）": "-", "最大ケース／30年発生確率": "0.0001490000", "最大ケース／50年発生確率": "0.0002630000" }, "geometry": { "type": "Polygon", "coordinates": [ [ [ 135.3955078125, 34.338900400404995 ], [ 135.098876953125, 34.284453254352883 ], [ 135.06591796875, 34.406909656520597 ], [ 135.362548828125, 34.46127728843706 ], [ 135.3955078125, 34.338900400404995 ] ] ] } },
{ "type": "Feature", "properties": { "断層面ID": "FH201BD_00001", "断層コード": "FH201BD", "name": "中央構造線断層帯（五条谷区間〜紀淡海峡−鳴門海峡区間が同時に活動）（傾斜角90度）", "基準位置経度": "135.722", "基準位置緯度": "34.396", "上端深さ(km)": "4.0", "断層長さ(km)": "34.0", "断層幅(km)": "12.0", "走向角(度)": "249.5", "傾斜角(度)": "90.0", "平均ケース／平均活動間隔（年）": "-", "平均ケース／最新活動時期（年前）": "-", "平均ケース／30年発生確率": "0.0000763000", "平均ケース／50年発生確率": "0.0001390000", "確率過程": "同時活動モデル", "マグニチュード": "Mw7.4", "ばらつき": "-", "最大ケース／平均活動間隔（年）": "-999.0", "最大ケース／最新活動時期（年前）": "-", "最大ケース／30年発生確率": "0.0001490000", "最大ケース／50年発生確率": "0.0002630000" }, "geometry": { "type": "Polygon", "coordinates": [ [ [ 135.7196044921875, 34.393312223161118 ], [ 135.37353515625, 34.284453254352883 ], [ 135.7196044921875, 34.393312223161118 ] ] ] } },
{ "type": "Feature", "properties": { "断層面ID": "FH201BD_00002", "断層コード": "FH201BD", "name": "中央構造線断層帯（五条谷区間〜紀淡海峡−鳴門海峡区間が同時に活動）（傾斜角90度）", "基準位置経度": "135.429", "基準位置緯度": "34.301", "上端深さ(km)": "4.0", "断層長さ(km)": "32.0", "断層幅(km)": "12.0", "走向角(度)": "258.1", "傾斜角(度)": "90.0", "平均ケース／平均活動間隔（年）": "-", "平均ケース／最新活動時期（年前）": "-", "平均ケース／30年発生確率": "0.0000763000", "平均ケース／50年発生確率": "0.0001390000", "確率過程": "同時活動モデル", "マグニチュード": "Mw7.4", "ばらつき": "-", "最大ケース／平均活動間隔（年）": "-999.0", "最大ケース／最新活動時期（年前）": "-", "最大ケース／30年発生確率": "0.0001490000", "最大ケース／50年発生確率": "0.0002630000" }, "geometry": { "type": "Polygon", "coordinates": [ [ [ 135.428466796875, 34.298068350990818 ], [ 135.087890625, 34.239053668516391 ], [ 135.428466796875, 34.298068350990818 ] ] ] } },
{ "type": "Feature", "properties": { "断層面ID": "FM201CE_00001", "断層コード": "FM201CE", "name": "中央構造線断層帯（根来区間〜讃岐山脈南縁東部区間が同時に活動）（傾斜角40度）", "基準位置経度": "135.397", "基準位置緯度": "34.340", "上端深さ(km)": "4.0", "断層長さ(km)": "28.0", "断層幅(km)": "18.0", "走向角(度)": "258.1", "傾斜角(度)": "40.0", "平均ケース／平均活動間隔（年）": "-", "平均ケース／最新活動時期（年前）": "-", "平均ケース／30年発生確率": "0.0000000000", "平均ケース／50年発生確率": "0.0000000000", "確率過程": "同時活動モデル", "マグニチュード": "Mw7.5", "ばらつき": "-", "最大ケース／平均活動間隔（年）": "-999.0", "最大ケース／最新活動時期（年前）": "-", "最大ケース／30年発生確率": "0.0001490000", "最大ケース／50年発生確率": "0.0002630000" }, "geometry": { "type": "Polygon", "coordinates": [ [ [ 135.3955078125, 34.338900400404995 ], [ 135.098876953125, 34.284453254352883 ], [ 135.06591796875, 34.406909656520597 ], [ 135.362548828125, 34.46127728843706 ], [ 135.3955078125, 34.338900400404995 ] ] ] } },
{ "type": "Feature", "properties": { "断層面ID": "FH201CE_00001", "断層コード": "FH201CE", "name": "中央構造線断層帯（根来区間〜讃岐山脈南縁東部区間が同時に活動）（傾斜角90度）", "基準位置経度": "135.429", "基準位置緯度": "34.301", "上端深さ(km)": "4.0", "断層長さ(km)": "32.0", "断層幅(km)": "12.0", "走向角(度)": "258.1", "傾斜角(度)": "90.0", "平均ケース／平均活動間隔（年）": "-", "平均ケース／最新活動時期（年前）": "-", "平均ケース／30年発生確率": "0.0000000000", "平均ケース／50年発生確率": "0.0000000000", "確率過程": "同時活動モデル", "マグニチュード": "Mw7.5", "ばらつき": "-", "最大ケース／平均活動間隔（年）": "-999.0", "最大ケース／最新活動時期（年前）": "-", "最大ケース／30年発生確率": "0.0001490000", "最大ケース／50年発生確率": "0.0002630000" }, "geometry": { "type": "Polygon", "coordinates": [ [ [ 135.428466796875, 34.298068350990818 ], [ 135.087890625, 34.239053668516391 ], [ 135.428466796875, 34.298068350990818 ] ] ] } },
{ "type": "Feature", "properties": { "断層面ID": "FM201AD_00001", "断層コード": "FM201AD", "name": "中央構造線断層帯（金剛山地東縁区間〜紀淡海峡−鳴門海峡区間が同時に活動）（傾斜角40度）", "基準位置経度": "135.660", "基準位置緯度": "34.549", "上端深さ(km)": "2.0", "断層長さ(km)": "18.0", "断層幅(km)": "18.0", "走向角(度)": "176.8", "傾斜角(度)": "40.0", "平均ケース／平均活動間隔（年）": "-", "平均ケース／最新活動時期（年前）": "-", "平均ケース／30年発生確率": "0.0000000000", "平均ケース／50年発生確率": "0.0000000000", "確率過程": "同時活動モデル", "マグニチュード": "Mw7.5", "ばらつき": "-", "最大ケース／平均活動間隔（年）": "-999.0", "最大ケース／最新活動時期（年前）": "-", "最大ケース／30年発生確率": "0.0000000000", "最大ケース／50年発生確率": "0.0000000000" }, "geometry": { "type": "Polygon", "coordinates": [ [ [ 135.6591796875, 34.547287001198029 ], [ 135.670166015625, 34.384246040152178 ], [ 135.516357421875, 34.379712580462197 ], [ 135.50537109375, 34.538237527295749 ], [ 135.6591796875, 34.547287001198029 ] ] ] } },
{ "type": "Feature", "properties": { "断層面ID": "FM201AD_00002", "断層コード": "FM201AD", "name": "中央構造線断層帯（金剛山地東縁区間〜紀淡海峡−鳴門海峡区間が同時に活動）（傾斜角40度）", "基準位置経度": "135.693", "基準位置緯度": "34.410", "上端深さ(km)": "4.0", "断層長さ(km)": "30.0", "断層幅(km)": "18.0", "走向角(度)": "249.5", "傾斜角(度)": "40.0", "平均ケース／平均活動間隔（年）": "-", "平均ケース／最新活動時期（年前）": "-", "平均ケース／30年発生確率": "0.0000000000", "平均ケース／50年発生確率": "0.0000000000", "確率過程": "同時活動モデル", "マグニチュード": "Mw7.5", "ばらつき": "-", "最大ケース／平均活動間隔（年）": "-999.0", "最大ケース／最新活動時期（年前）": "-", "最大ケース／30年発生確率": "0.0000000000", "最大ケース／50年発生確率": "0.0000000000" }, "geometry": { "type": "Polygon", "coordinates": [ [ [ 135.692138671875, 34.406909656520597 ], [ 135.384521484375, 34.31168124115257 ], [ 135.32958984375, 34.42956713470528 ], [ 135.63720703125, 34.524661471771722 ], [ 135.692138671875, 34.406909656520597 ] ] ] } },
{ "type": "Feature", "properties": { "断層面ID": "FM201AD_00003", "断層コード": "FM201AD", "name": "中央構造線断層帯（金剛山地東縁区間〜紀淡海峡−鳴門海峡区間が同時に活動）（傾斜角40度）", "基準位置経度": "135.397", "基準位置緯度": "34.340", "上端深さ(km)": "4.0", "断層長さ(km)": "28.0", "断層幅(km)": "18.0", "走向角(度)": "258.1", "傾斜角(度)": "40.0", "平均ケース／平均活動間隔（年）": "-", "平均ケース／最新活動時期（年前）": "-", "平均ケース／30年発生確率": "0.0000000000", "平均ケース／50年発生確率": "0.0000000000", "確率過程": "同時活動モデル", "マグニチュード": "Mw7.5", "ばらつき": "-", "最大ケース／平均活動間隔（年）": "-999.0", "最大ケース／最新活動時期（年前）": "-", "最大ケース／30年発生確率": "0.0000000000", "最大ケース／50年発生確率": "0.0000000000" }, "geometry": { "type": "Polygon", "coordinates": [ [ [ 135.3955078125, 34.338900400404995 ], [ 135.098876953125, 34.284453254352883 ], [ 135.06591796875, 34.406909656520597 ], [ 135.362548828125, 34.46127728843706 ], [ 135.3955078125, 34.338900400404995 ] ] ] } },
{ "type": "Feature", "properties": { "断層面ID": "FH201AD_00001", "断層コード": "FH201AD", "name": "中央構造線断層帯（金剛山地東縁区間〜紀淡海峡−鳴門海峡区間が同時に活動）（傾斜角90度）", "基準位置経度": "135.660", "基準位置緯度": "34.549", "上端深さ(km)": "2.0", "断層長さ(km)": "18.0", "断層幅(km)": "18.0", "走向角(度)": "176.8", "傾斜角(度)": "40.0", "平均ケース／平均活動間隔（年）": "-", "平均ケース／最新活動時期（年前）": "-", "平均ケース／30年発生確率": "0.0000000000", "平均ケース／50年発生確率": "0.0000000000", "確率過程": "同時活動モデル", "マグニチュード": "Mw7.5", "ばらつき": "-", "最大ケース／平均活動間隔（年）": "-999.0", "最大ケース／最新活動時期（年前）": "-", "最大ケース／30年発生確率": "0.0000000000", "最大ケース／50年発生確率": "0.0000000000" }, "geometry": { "type": "Polygon", "coordinates": [ [ [ 135.6591796875, 34.547287001198029 ], [ 135.670166015625, 34.384246040152178 ], [ 135.516357421875, 34.379712580462197 ], [ 135.50537109375, 34.538237527295749 ], [ 135.6591796875, 34.547287001198029 ] ] ] } },
{ "type": "Feature", "properties": { "断層面ID": "FH201AD_00002", "断層コード": "FH201AD", "name": "中央構造線断層帯（金剛山地東縁区間〜紀淡海峡−鳴門海峡区間が同時に活動）（傾斜角90度）", "基準位置経度": "135.722", "基準位置緯度": "34.396", "上端深さ(km)": "4.0", "断層長さ(km)": "34.0", "断層幅(km)": "12.0", "走向角(度)": "249.5", "傾斜角(度)": "90.0", "平均ケース／平均活動間隔（年）": "-", "平均ケース／最新活動時期（年前）": "-", "平均ケース／30年発生確率": "0.0000000000", "平均ケース／50年発生確率": "0.0000000000", "確率過程": "同時活動モデル", "マグニチュード": "Mw7.5", "ばらつき": "-", "最大ケース／平均活動間隔（年）": "-999.0", "最大ケース／最新活動時期（年前）": "-", "最大ケース／30年発生確率": "0.0000000000", "最大ケース／50年発生確率": "0.0000000000" }, "geometry": { "type": "Polygon", "coordinates": [ [ [ 135.7196044921875, 34.393312223161118 ], [ 135.37353515625, 34.284453254352883 ], [ 135.7196044921875, 34.393312223161118 ] ] ] } },
{ "type": "Feature", "properties": { "断層面ID": "FH201AD_00003", "断層コード": "FH201AD", "name": "中央構造線断層帯（金剛山地東縁区間〜紀淡海峡−鳴門海峡区間が同時に活動）（傾斜角90度）", "基準位置経度": "135.429", "基準位置緯度": "34.301", "上端深さ(km)": "4.0", "断層長さ(km)": "32.0", "断層幅(km)": "12.0", "走向角(度)": "258.1", "傾斜角(度)": "90.0", "平均ケース／平均活動間隔（年）": "-", "平均ケース／最新活動時期（年前）": "-", "平均ケース／30年発生確率": "0.0000000000", "平均ケース／50年発生確率": "0.0000000000", "確率過程": "同時活動モデル", "マグニチュード": "Mw7.5", "ばらつき": "-", "最大ケース／平均活動間隔（年）": "-999.0", "最大ケース／最新活動時期（年前）": "-", "最大ケース／30年発生確率": "0.0000000000", "最大ケース／50年発生確率": "0.0000000000" }, "geometry": { "type": "Polygon", "coordinates": [ [ [ 135.428466796875, 34.298068350990818 ], [ 135.087890625, 34.239053668516391 ], [ 135.428466796875, 34.298068350990818 ] ] ] } },
{ "type": "Feature", "properties": { "断層面ID": "FM201BE_00001", "断層コード": "FM201BE", "name": "中央構造線断層帯（五条谷区間〜讃岐山脈南縁東部区間が同時に活動）（傾斜角40度）", "基準位置経度": "135.693", "基準位置緯度": "34.410", "上端深さ(km)": "4.0", "断層長さ(km)": "30.0", "断層幅(km)": "18.0", "走向角(度)": "249.5", "傾斜角(度)": "40.0", "平均ケース／平均活動間隔（年）": "-", "平均ケース／最新活動時期（年前）": "-", "平均ケース／30年発生確率": "0.0000000000", "平均ケース／50年発生確率": "0.0000000000", "確率過程": "同時活動モデル", "マグニチュード": "Mw7.6", "ばらつき": "-", "最大ケース／平均活動間隔（年）": "-999.0", "最大ケース／最新活動時期（年前）": "-", "最大ケース／30年発生確率": "0.0001490000", "最大ケース／50年発生確率": "0.0002630000" }, "geometry": { "type": "Polygon", "coordinates": [ [ [ 135.692138671875, 34.406909656520597 ], [ 135.384521484375, 34.31168124115257 ], [ 135.32958984375, 34.42956713470528 ], [ 135.63720703125, 34.524661471771722 ], [ 135.692138671875, 34.406909656520597 ] ] ] } },
{ "type": "Feature", "properties": { "断層面ID": "FM201BE_00002", "断層コード": "FM201BE", "name": "中央構造線断層帯（五条谷区間〜讃岐山脈南縁東部区間が同時に活動）（傾斜角40度）", "基準位置経度": "135.397", "基準位置緯度": "34.340", "上端深さ(km)": "4.0", "断層長さ(km)": "28.0", "断層幅(km)": "18.0", "走向角(度)": "258.1", "傾斜角(度)": "40.0", "平均ケース／平均活動間隔（年）": "-", "平均ケース／最新活動時期（年前）": "-", "平均ケース／30年発生確率": "0.0000000000", "平均ケース／50年発生確率": "0.0000000000", "確率過程": "同時活動モデル", "マグニチュード": "Mw7.6", "ばらつき": "-", "最大ケース／平均活動間隔（年）": "-999.0", "最大ケース／最新活動時期（年前）": "-", "最大ケース／30年発生確率": "0.0001490000", "最大ケース／50年発生確率": "0.0002630000" }, "geometry": { "type": "Polygon", "coordinates": [ [ [ 135.3955078125, 34.338900400404995 ], [ 135.098876953125, 34.284453254352883 ], [ 135.06591796875, 34.406909656520597 ], [ 135.362548828125, 34.46127728843706 ], [ 135.3955078125, 34.338900400404995 ] ] ] } },
{ "type": "Feature", "properties": { "断層面ID": "FH201BE_00001", "断層コード": "FH201BE", "name": "中央構造線断層帯（五条谷区間〜讃岐山脈南縁東部区間が同時に活動）（傾斜角90度）", "基準位置経度": "135.722", "基準位置緯度": "34.396", "上端深さ(km)": "4.0", "断層長さ(km)": "34.0", "断層幅(km)": "12.0", "走向角(度)": "249.5", "傾斜角(度)": "90.0", "平均ケース／平均活動間隔（年）": "-", "平均ケース／最新活動時期（年前）": "-", "平均ケース／30年発生確率": "0.0000000000", "平均ケース／50年発生確率": "0.0000000000", "確率過程": "同時活動モデル", "マグニチュード": "Mw7.6", "ばらつき": "-", "最大ケース／平均活動間隔（年）": "-999.0", "最大ケース／最新活動時期（年前）": "-", "最大ケース／30年発生確率": "0.0001490000", "最大ケース／50年発生確率": "0.0002630000" }, "geometry": { "type": "Polygon", "coordinates": [ [ [ 135.7196044921875, 34.393312223161118 ], [ 135.37353515625, 34.284453254352883 ], [ 135.7196044921875, 34.393312223161118 ] ] ] } },
{ "type": "Feature", "properties": { "断層面ID": "FH201BE_00002", "断層コード": "FH201BE", "name": "中央構造線断層帯（五条谷区間〜讃岐山脈南縁東部区間が同時に活動）（傾斜角90度）", "基準位置経度": "135.429", "基準位置緯度": "34.301", "上端深さ(km)": "4.0", "断層長さ(km)": "32.0", "断層幅(km)": "12.0", "走向角(度)": "258.1", "傾斜角(度)": "90.0", "平均ケース／平均活動間隔（年）": "-", "平均ケース／最新活動時期（年前）": "-", "平均ケース／30年発生確率": "0.0000000000", "平均ケース／50年発生確率": "0.0000000000", "確率過程": "同時活動モデル", "マグニチュード": "Mw7.6", "ばらつき": "-", "最大ケース／平均活動間隔（年）": "-999.0", "最大ケース／最新活動時期（年前）": "-", "最大ケース／30年発生確率": "0.0001490000", "最大ケース／50年発生確率": "0.0002630000" }, "geometry": { "type": "Polygon", "coordinates": [ [ [ 135.428466796875, 34.298068350990818 ], [ 135.087890625, 34.239053668516391 ], [ 135.428466796875, 34.298068350990818 ] ] ] } },
{ "type": "Feature", "properties": { "断層面ID": "FM201CF_00001", "断層コード": "FM201CF", "name": "中央構造線断層帯（根来区間〜讃岐山脈南縁西部区間が同時に活動）（傾斜角40度）", "基準位置経度": "135.397", "基準位置緯度": "34.340", "上端深さ(km)": "4.0", "断層長さ(km)": "28.0", "断層幅(km)": "18.0", "走向角(度)": "258.1", "傾斜角(度)": "40.0", "平均ケース／平均活動間隔（年）": "-", "平均ケース／最新活動時期（年前）": "-", "平均ケース／30年発生確率": "0.0000000000", "平均ケース／50年発生確率": "0.0000000000", "確率過程": "同時活動モデル", "マグニチュード": "Mw7.7", "ばらつき": "-", "最大ケース／平均活動間隔（年）": "-999.0", "最大ケース／最新活動時期（年前）": "-", "最大ケース／30年発生確率": "0.0001490000", "最大ケース／50年発生確率": "0.0002630000" }, "geometry": { "type": "Polygon", "coordinates": [ [ [ 135.3955078125, 34.338900400404995 ], [ 135.098876953125, 34.284453254352883 ], [ 135.06591796875, 34.406909656520597 ], [ 135.362548828125, 34.46127728843706 ], [ 135.3955078125, 34.338900400404995 ] ] ] } },
{ "type": "Feature", "properties": { "断層面ID": "FH201CF_00001", "断層コード": "FH201CF", "name": "中央構造線断層帯（根来区間〜讃岐山脈南縁西部区間が同時に活動）（傾斜角90度）", "基準位置経度": "135.429", "基準位置緯度": "34.301", "上端深さ(km)": "4.0", "断層長さ(km)": "32.0", "断層幅(km)": "12.0", "走向角(度)": "258.1", "傾斜角(度)": "90.0", "平均ケース／平均活動間隔（年）": "-", "平均ケース／最新活動時期（年前）": "-", "平均ケース／30年発生確率": "0.0000000000", "平均ケース／50年発生確率": "0.0000000000", "確率過程": "同時活動モデル", "マグニチュード": "Mw7.7", "ばらつき": "-", "最大ケース／平均活動間隔（年）": "-999.0", "最大ケース／最新活動時期（年前）": "-", "最大ケース／30年発生確率": "0.0001490000", "最大ケース／50年発生確率": "0.0002630000" }, "geometry": { "type": "Polygon", "coordinates": [ [ [ 135.428466796875, 34.298068350990818 ], [ 135.087890625, 34.239053668516391 ], [ 135.428466796875, 34.298068350990818 ] ] ] } },
{ "type": "Feature", "properties": { "断層面ID": "FM201AE_00001", "断層コード": "FM201AE", "name": "中央構造線断層帯（金剛山地東縁区間〜讃岐山脈南縁東部区間が同時に活動）（傾斜角40度）", "基準位置経度": "135.660", "基準位置緯度": "34.549", "上端深さ(km)": "2.0", "断層長さ(km)": "18.0", "断層幅(km)": "18.0", "走向角(度)": "176.8", "傾斜角(度)": "40.0", "平均ケース／平均活動間隔（年）": "-", "平均ケース／最新活動時期（年前）": "-", "平均ケース／30年発生確率": "0.0000000000", "平均ケース／50年発生確率": "0.0000000000", "確率過程": "同時活動モデル", "マグニチュード": "Mw7.6", "ばらつき": "-", "最大ケース／平均活動間隔（年）": "-999.0", "最大ケース／最新活動時期（年前）": "-", "最大ケース／30年発生確率": "0.0000000000", "最大ケース／50年発生確率": "0.0000000000" }, "geometry": { "type": "Polygon", "coordinates": [ [ [ 135.6591796875, 34.547287001198029 ], [ 135.670166015625, 34.384246040152178 ], [ 135.516357421875, 34.379712580462197 ], [ 135.50537109375, 34.538237527295749 ], [ 135.6591796875, 34.547287001198029 ] ] ] } },
{ "type": "Feature", "properties": { "断層面ID": "FM201AE_00002", "断層コード": "FM201AE", "name": "中央構造線断層帯（金剛山地東縁区間〜讃岐山脈南縁東部区間が同時に活動）（傾斜角40度）", "基準位置経度": "135.693", "基準位置緯度": "34.410", "上端深さ(km)": "4.0", "断層長さ(km)": "30.0", "断層幅(km)": "18.0", "走向角(度)": "249.5", "傾斜角(度)": "40.0", "平均ケース／平均活動間隔（年）": "-", "平均ケース／最新活動時期（年前）": "-", "平均ケース／30年発生確率": "0.0000000000", "平均ケース／50年発生確率": "0.0000000000", "確率過程": "同時活動モデル", "マグニチュード": "Mw7.6", "ばらつき": "-", "最大ケース／平均活動間隔（年）": "-999.0", "最大ケース／最新活動時期（年前）": "-", "最大ケース／30年発生確率": "0.0000000000", "最大ケース／50年発生確率": "0.0000000000" }, "geometry": { "type": "Polygon", "coordinates": [ [ [ 135.692138671875, 34.406909656520597 ], [ 135.384521484375, 34.31168124115257 ], [ 135.32958984375, 34.42956713470528 ], [ 135.63720703125, 34.524661471771722 ], [ 135.692138671875, 34.406909656520597 ] ] ] } },
{ "type": "Feature", "properties": { "断層面ID": "FM201AE_00003", "断層コード": "FM201AE", "name": "中央構造線断層帯（金剛山地東縁区間〜讃岐山脈南縁東部区間が同時に活動）（傾斜角40度）", "基準位置経度": "135.397", "基準位置緯度": "34.340", "上端深さ(km)": "4.0", "断層長さ(km)": "28.0", "断層幅(km)": "18.0", "走向角(度)": "258.1", "傾斜角(度)": "40.0", "平均ケース／平均活動間隔（年）": "-", "平均ケース／最新活動時期（年前）": "-", "平均ケース／30年発生確率": "0.0000000000", "平均ケース／50年発生確率": "0.0000000000", "確率過程": "同時活動モデル", "マグニチュード": "Mw7.6", "ばらつき": "-", "最大ケース／平均活動間隔（年）": "-999.0", "最大ケース／最新活動時期（年前）": "-", "最大ケース／30年発生確率": "0.0000000000", "最大ケース／50年発生確率": "0.0000000000" }, "geometry": { "type": "Polygon", "coordinates": [ [ [ 135.3955078125, 34.338900400404995 ], [ 135.098876953125, 34.284453254352883 ], [ 135.06591796875, 34.406909656520597 ], [ 135.362548828125, 34.46127728843706 ], [ 135.3955078125, 34.338900400404995 ] ] ] } },
{ "type": "Feature", "properties": { "断層面ID": "FH201AE_00001", "断層コード": "FH201AE", "name": "中央構造線断層帯（金剛山地東縁区間〜讃岐山脈南縁東部区間が同時に活動）（傾斜角90度）", "基準位置経度": "135.660", "基準位置緯度": "34.549", "上端深さ(km)": "2.0", "断層長さ(km)": "18.0", "断層幅(km)": "18.0", "走向角(度)": "176.8", "傾斜角(度)": "40.0", "平均ケース／平均活動間隔（年）": "-", "平均ケース／最新活動時期（年前）": "-", "平均ケース／30年発生確率": "0.0000000000", "平均ケース／50年発生確率": "0.0000000000", "確率過程": "同時活動モデル", "マグニチュード": "Mw7.6", "ばらつき": "-", "最大ケース／平均活動間隔（年）": "-999.0", "最大ケース／最新活動時期（年前）": "-", "最大ケース／30年発生確率": "0.0000000000", "最大ケース／50年発生確率": "0.0000000000" }, "geometry": { "type": "Polygon", "coordinates": [ [ [ 135.6591796875, 34.547287001198029 ], [ 135.670166015625, 34.384246040152178 ], [ 135.516357421875, 34.379712580462197 ], [ 135.50537109375, 34.538237527295749 ], [ 135.6591796875, 34.547287001198029 ] ] ] } },
{ "type": "Feature", "properties": { "断層面ID": "FH201AE_00002", "断層コード": "FH201AE", "name": "中央構造線断層帯（金剛山地東縁区間〜讃岐山脈南縁東部区間が同時に活動）（傾斜角90度）", "基準位置経度": "135.722", "基準位置緯度": "34.396", "上端深さ(km)": "4.0", "断層長さ(km)": "34.0", "断層幅(km)": "12.0", "走向角(度)": "249.5", "傾斜角(度)": "90.0", "平均ケース／平均活動間隔（年）": "-", "平均ケース／最新活動時期（年前）": "-", "平均ケース／30年発生確率": "0.0000000000", "平均ケース／50年発生確率": "0.0000000000", "確率過程": "同時活動モデル", "マグニチュード": "Mw7.6", "ばらつき": "-", "最大ケース／平均活動間隔（年）": "-999.0", "最大ケース／最新活動時期（年前）": "-", "最大ケース／30年発生確率": "0.0000000000", "最大ケース／50年発生確率": "0.0000000000" }, "geometry": { "type": "Polygon", "coordinates": [ [ [ 135.7196044921875, 34.393312223161118 ], [ 135.37353515625, 34.284453254352883 ], [ 135.7196044921875, 34.393312223161118 ] ] ] } },
{ "type": "Feature", "properties": { "断層面ID": "FH201AE_00003", "断層コード": "FH201AE", "name": "中央構造線断層帯（金剛山地東縁区間〜讃岐山脈南縁東部区間が同時に活動）（傾斜角90度）", "基準位置経度": "135.429", "基準位置緯度": "34.301", "上端深さ(km)": "4.0", "断層長さ(km)": "32.0", "断層幅(km)": "12.0", "走向角(度)": "258.1", "傾斜角(度)": "90.0", "平均ケース／平均活動間隔（年）": "-", "平均ケース／最新活動時期（年前）": "-", "平均ケース／30年発生確率": "0.0000000000", "平均ケース／50年発生確率": "0.0000000000", "確率過程": "同時活動モデル", "マグニチュード": "Mw7.6", "ばらつき": "-", "最大ケース／平均活動間隔（年）": "-999.0", "最大ケース／最新活動時期（年前）": "-", "最大ケース／30年発生確率": "0.0000000000", "最大ケース／50年発生確率": "0.0000000000" }, "geometry": { "type": "Polygon", "coordinates": [ [ [ 135.428466796875, 34.298068350990818 ], [ 135.087890625, 34.239053668516391 ], [ 135.428466796875, 34.298068350990818 ] ] ] } },
{ "type": "Feature", "properties": { "断層面ID": "FM201BF_00001", "断層コード": "FM201BF", "name": "中央構造線断層帯（五条谷区間〜讃岐山脈南縁西部区間が同時に活動）（傾斜角40度）", "基準位置経度": "135.693", "基準位置緯度": "34.410", "上端深さ(km)": "4.0", "断層長さ(km)": "30.0", "断層幅(km)": "18.0", "走向角(度)": "249.5", "傾斜角(度)": "40.0", "平均ケース／平均活動間隔（年）": "-", "平均ケース／最新活動時期（年前）": "-", "平均ケース／30年発生確率": "0.0000000000", "平均ケース／50年発生確率": "0.0000000000", "確率過程": "同時活動モデル", "マグニチュード": "Mw7.7", "ばらつき": "-", "最大ケース／平均活動間隔（年）": "-999.0", "最大ケース／最新活動時期（年前）": "-", "最大ケース／30年発生確率": "0.0001490000", "最大ケース／50年発生確率": "0.0002630000" }, "geometry": { "type": "Polygon", "coordinates": [ [ [ 135.692138671875, 34.406909656520597 ], [ 135.384521484375, 34.31168124115257 ], [ 135.32958984375, 34.42956713470528 ], [ 135.63720703125, 34.524661471771722 ], [ 135.692138671875, 34.406909656520597 ] ] ] } },
{ "type": "Feature", "properties": { "断層面ID": "FM201BF_00002", "断層コード": "FM201BF", "name": "中央構造線断層帯（五条谷区間〜讃岐山脈南縁西部区間が同時に活動）（傾斜角40度）", "基準位置経度": "135.397", "基準位置緯度": "34.340", "上端深さ(km)": "4.0", "断層長さ(km)": "28.0", "断層幅(km)": "18.0", "走向角(度)": "258.1", "傾斜角(度)": "40.0", "平均ケース／平均活動間隔（年）": "-", "平均ケース／最新活動時期（年前）": "-", "平均ケース／30年発生確率": "0.0000000000", "平均ケース／50年発生確率": "0.0000000000", "確率過程": "同時活動モデル", "マグニチュード": "Mw7.7", "ばらつき": "-", "最大ケース／平均活動間隔（年）": "-999.0", "最大ケース／最新活動時期（年前）": "-", "最大ケース／30年発生確率": "0.0001490000", "最大ケース／50年発生確率": "0.0002630000" }, "geometry": { "type": "Polygon", "coordinates": [ [ [ 135.3955078125, 34.338900400404995 ], [ 135.098876953125, 34.284453254352883 ], [ 135.06591796875, 34.406909656520597 ], [ 135.362548828125, 34.46127728843706 ], [ 135.3955078125, 34.338900400404995 ] ] ] } },
{ "type": "Feature", "properties": { "断層面ID": "FH201BF_00001", "断層コード": "FH201BF", "name": "中央構造線断層帯（五条谷区間〜讃岐山脈南縁西部区間が同時に活動）（傾斜角90度）", "基準位置経度": "135.722", "基準位置緯度": "34.396", "上端深さ(km)": "4.0", "断層長さ(km)": "34.0", "断層幅(km)": "12.0", "走向角(度)": "249.5", "傾斜角(度)": "90.0", "平均ケース／平均活動間隔（年）": "-", "平均ケース／最新活動時期（年前）": "-", "平均ケース／30年発生確率": "0.0000000000", "平均ケース／50年発生確率": "0.0000000000", "確率過程": "同時活動モデル", "マグニチュード": "Mw7.7", "ばらつき": "-", "最大ケース／平均活動間隔（年）": "-999.0", "最大ケース／最新活動時期（年前）": "-", "最大ケース／30年発生確率": "0.0001490000", "最大ケース／50年発生確率": "0.0002630000" }, "geometry": { "type": "Polygon", "coordinates": [ [ [ 135.7196044921875, 34.393312223161118 ], [ 135.37353515625, 34.284453254352883 ], [ 135.7196044921875, 34.393312223161118 ] ] ] } },
{ "type": "Feature", "properties": { "断層面ID": "FH201BF_00002", "断層コード": "FH201BF", "name": "中央構造線断層帯（五条谷区間〜讃岐山脈南縁西部区間が同時に活動）（傾斜角90度）", "基準位置経度": "135.429", "基準位置緯度": "34.301", "上端深さ(km)": "4.0", "断層長さ(km)": "32.0", "断層幅(km)": "12.0", "走向角(度)": "258.1", "傾斜角(度)": "90.0", "平均ケース／平均活動間隔（年）": "-", "平均ケース／最新活動時期（年前）": "-", "平均ケース／30年発生確率": "0.0000000000", "平均ケース／50年発生確率": "0.0000000000", "確率過程": "同時活動モデル", "マグニチュード": "Mw7.7", "ばらつき": "-", "最大ケース／平均活動間隔（年）": "-999.0", "最大ケース／最新活動時期（年前）": "-", "最大ケース／30年発生確率": "0.0001490000", "最大ケース／50年発生確率": "0.0002630000" }, "geometry": { "type": "Polygon", "coordinates": [ [ [ 135.428466796875, 34.298068350990818 ], [ 135.087890625, 34.239053668516391 ], [ 135.428466796875, 34.298068350990818 ] ] ] } },
{ "type": "Feature", "properties": { "断層面ID": "FM201CG_00001", "断層コード": "FM201CG", "name": "中央構造線断層帯（根来区間〜石鎚山脈北縁区間が同時に活動）（傾斜角40度）", "基準位置経度": "135.397", "基準位置緯度": "34.340", "上端深さ(km)": "4.0", "断層長さ(km)": "28.0", "断層幅(km)": "18.0", "走向角(度)": "258.1", "傾斜角(度)": "40.0", "平均ケース／平均活動間隔（年）": "-", "平均ケース／最新活動時期（年前）": "-", "平均ケース／30年発生確率": "0.0000000000", "平均ケース／50年発生確率": "0.0000000000", "確率過程": "同時活動モデル", "マグニチュード": "Mw7.7", "ばらつき": "-", "最大ケース／平均活動間隔（年）": "-999.0", "最大ケース／最新活動時期（年前）": "-", "最大ケース／30年発生確率": "0.0000101000", "最大ケース／50年発生確率": "0.0000218000" }, "geometry": { "type": "Polygon", "coordinates": [ [ [ 135.3955078125, 34.338900400404995 ], [ 135.098876953125, 34.284453254352883 ], [ 135.06591796875, 34.406909656520597 ], [ 135.362548828125, 34.46127728843706 ], [ 135.3955078125, 34.338900400404995 ] ] ] } },
{ "type": "Feature", "properties": { "断層面ID": "FH201CG_00001", "断層コード": "FH201CG", "name": "中央構造線断層帯（根来区間〜石鎚山脈北縁区間が同時に活動）（傾斜角90度）", "基準位置経度": "135.429", "基準位置緯度": "34.301", "上端深さ(km)": "4.0", "断層長さ(km)": "32.0", "断層幅(km)": "12.0", "走向角(度)": "258.1", "傾斜角(度)": "90.0", "平均ケース／平均活動間隔（年）": "-", "平均ケース／最新活動時期（年前）": "-", "平均ケース／30年発生確率": "0.0000000000", "平均ケース／50年発生確率": "0.0000000000", "確率過程": "同時活動モデル", "マグニチュード": "Mw7.7", "ばらつき": "-", "最大ケース／平均活動間隔（年）": "-999.0", "最大ケース／最新活動時期（年前）": "-", "最大ケース／30年発生確率": "0.0000101000", "最大ケース／50年発生確率": "0.0000218000" }, "geometry": { "type": "Polygon", "coordinates": [ [ [ 135.428466796875, 34.298068350990818 ], [ 135.087890625, 34.239053668516391 ], [ 135.428466796875, 34.298068350990818 ] ] ] } },
{ "type": "Feature", "properties": { "断層面ID": "FM201AF_00001", "断層コード": "FM201AF", "name": "中央構造線断層帯（金剛山地東縁区間〜讃岐山脈南縁西部区間が同時に活動）（傾斜角40度）", "基準位置経度": "135.660", "基準位置緯度": "34.549", "上端深さ(km)": "2.0", "断層長さ(km)": "18.0", "断層幅(km)": "18.0", "走向角(度)": "176.8", "傾斜角(度)": "40.0", "平均ケース／平均活動間隔（年）": "-", "平均ケース／最新活動時期（年前）": "-", "平均ケース／30年発生確率": "0.0000000000", "平均ケース／50年発生確率": "0.0000000000", "確率過程": "同時活動モデル", "マグニチュード": "Mw7.7", "ばらつき": "-", "最大ケース／平均活動間隔（年）": "-999.0", "最大ケース／最新活動時期（年前）": "-", "最大ケース／30年発生確率": "0.0000000000", "最大ケース／50年発生確率": "0.0000000000" }, "geometry": { "type": "Polygon", "coordinates": [ [ [ 135.6591796875, 34.547287001198029 ], [ 135.670166015625, 34.384246040152178 ], [ 135.516357421875, 34.379712580462197 ], [ 135.50537109375, 34.538237527295749 ], [ 135.6591796875, 34.547287001198029 ] ] ] } },
{ "type": "Feature", "properties": { "断層面ID": "FM201AF_00002", "断層コード": "FM201AF", "name": "中央構造線断層帯（金剛山地東縁区間〜讃岐山脈南縁西部区間が同時に活動）（傾斜角40度）", "基準位置経度": "135.693", "基準位置緯度": "34.410", "上端深さ(km)": "4.0", "断層長さ(km)": "30.0", "断層幅(km)": "18.0", "走向角(度)": "249.5", "傾斜角(度)": "40.0", "平均ケース／平均活動間隔（年）": "-", "平均ケース／最新活動時期（年前）": "-", "平均ケース／30年発生確率": "0.0000000000", "平均ケース／50年発生確率": "0.0000000000", "確率過程": "同時活動モデル", "マグニチュード": "Mw7.7", "ばらつき": "-", "最大ケース／平均活動間隔（年）": "-999.0", "最大ケース／最新活動時期（年前）": "-", "最大ケース／30年発生確率": "0.0000000000", "最大ケース／50年発生確率": "0.0000000000" }, "geometry": { "type": "Polygon", "coordinates": [ [ [ 135.692138671875, 34.406909656520597 ], [ 135.384521484375, 34.31168124115257 ], [ 135.32958984375, 34.42956713470528 ], [ 135.63720703125, 34.524661471771722 ], [ 135.692138671875, 34.406909656520597 ] ] ] } },
{ "type": "Feature", "properties": { "断層面ID": "FM201AF_00003", "断層コード": "FM201AF", "name": "中央構造線断層帯（金剛山地東縁区間〜讃岐山脈南縁西部区間が同時に活動）（傾斜角40度）", "基準位置経度": "135.397", "基準位置緯度": "34.340", "上端深さ(km)": "4.0", "断層長さ(km)": "28.0", "断層幅(km)": "18.0", "走向角(度)": "258.1", "傾斜角(度)": "40.0", "平均ケース／平均活動間隔（年）": "-", "平均ケース／最新活動時期（年前）": "-", "平均ケース／30年発生確率": "0.0000000000", "平均ケース／50年発生確率": "0.0000000000", "確率過程": "同時活動モデル", "マグニチュード": "Mw7.7", "ばらつき": "-", "最大ケース／平均活動間隔（年）": "-999.0", "最大ケース／最新活動時期（年前）": "-", "最大ケース／30年発生確率": "0.0000000000", "最大ケース／50年発生確率": "0.0000000000" }, "geometry": { "type": "Polygon", "coordinates": [ [ [ 135.3955078125, 34.338900400404995 ], [ 135.098876953125, 34.284453254352883 ], [ 135.06591796875, 34.406909656520597 ], [ 135.362548828125, 34.46127728843706 ], [ 135.3955078125, 34.338900400404995 ] ] ] } },
{ "type": "Feature", "properties": { "断層面ID": "FH201AF_00001", "断層コード": "FH201AF", "name": "中央構造線断層帯（金剛山地東縁区間〜讃岐山脈南縁西部区間が同時に活動）（傾斜角90度）", "基準位置経度": "135.660", "基準位置緯度": "34.549", "上端深さ(km)": "2.0", "断層長さ(km)": "18.0", "断層幅(km)": "18.0", "走向角(度)": "176.8", "傾斜角(度)": "40.0", "平均ケース／平均活動間隔（年）": "-", "平均ケース／最新活動時期（年前）": "-", "平均ケース／30年発生確率": "0.0000000000", "平均ケース／50年発生確率": "0.0000000000", "確率過程": "同時活動モデル", "マグニチュード": "Mw7.7", "ばらつき": "-", "最大ケース／平均活動間隔（年）": "-999.0", "最大ケース／最新活動時期（年前）": "-", "最大ケース／30年発生確率": "0.0000000000", "最大ケース／50年発生確率": "0.0000000000" }, "geometry": { "type": "Polygon", "coordinates": [ [ [ 135.6591796875, 34.547287001198029 ], [ 135.670166015625, 34.384246040152178 ], [ 135.516357421875, 34.379712580462197 ], [ 135.50537109375, 34.538237527295749 ], [ 135.6591796875, 34.547287001198029 ] ] ] } },
{ "type": "Feature", "properties": { "断層面ID": "FH201AF_00002", "断層コード": "FH201AF", "name": "中央構造線断層帯（金剛山地東縁区間〜讃岐山脈南縁西部区間が同時に活動）（傾斜角90度）", "基準位置経度": "135.722", "基準位置緯度": "34.396", "上端深さ(km)": "4.0", "断層長さ(km)": "34.0", "断層幅(km)": "12.0", "走向角(度)": "249.5", "傾斜角(度)": "90.0", "平均ケース／平均活動間隔（年）": "-", "平均ケース／最新活動時期（年前）": "-", "平均ケース／30年発生確率": "0.0000000000", "平均ケース／50年発生確率": "0.0000000000", "確率過程": "同時活動モデル", "マグニチュード": "Mw7.7", "ばらつき": "-", "最大ケース／平均活動間隔（年）": "-999.0", "最大ケース／最新活動時期（年前）": "-", "最大ケース／30年発生確率": "0.0000000000", "最大ケース／50年発生確率": "0.0000000000" }, "geometry": { "type": "Polygon", "coordinates": [ [ [ 135.7196044921875, 34.393312223161118 ], [ 135.37353515625, 34.284453254352883 ], [ 135.7196044921875, 34.393312223161118 ] ] ] } },
{ "type": "Feature", "properties": { "断層面ID": "FH201AF_00003", "断層コード": "FH201AF", "name": "中央構造線断層帯（金剛山地東縁区間〜讃岐山脈南縁西部区間が同時に活動）（傾斜角90度）", "基準位置経度": "135.429", "基準位置緯度": "34.301", "上端深さ(km)": "4.0", "断層長さ(km)": "32.0", "断層幅(km)": "12.0", "走向角(度)": "258.1", "傾斜角(度)": "90.0", "平均ケース／平均活動間隔（年）": "-", "平均ケース／最新活動時期（年前）": "-", "平均ケース／30年発生確率": "0.0000000000", "平均ケース／50年発生確率": "0.0000000000", "確率過程": "同時活動モデル", "マグニチュード": "Mw7.7", "ばらつき": "-", "最大ケース／平均活動間隔（年）": "-999.0", "最大ケース／最新活動時期（年前）": "-", "最大ケース／30年発生確率": "0.0000000000", "最大ケース／50年発生確率": "0.0000000000" }, "geometry": { "type": "Polygon", "coordinates": [ [ [ 135.428466796875, 34.298068350990818 ], [ 135.087890625, 34.239053668516391 ], [ 135.428466796875, 34.298068350990818 ] ] ] } },
{ "type": "Feature", "properties": { "断層面ID": "FM201BG_00001", "断層コード": "FM201BG", "name": "中央構造線断層帯（五条谷区間〜石鎚山脈北縁区間が同時に活動）（傾斜角40度）", "基準位置経度": "135.693", "基準位置緯度": "34.410", "上端深さ(km)": "4.0", "断層長さ(km)": "30.0", "断層幅(km)": "18.0", "走向角(度)": "249.5", "傾斜角(度)": "40.0", "平均ケース／平均活動間隔（年）": "-", "平均ケース／最新活動時期（年前）": "-", "平均ケース／30年発生確率": "0.0000000000", "平均ケース／50年発生確率": "0.0000000000", "確率過程": "同時活動モデル", "マグニチュード": "Mw7.7", "ばらつき": "-", "最大ケース／平均活動間隔（年）": "-999.0", "最大ケース／最新活動時期（年前）": "-", "最大ケース／30年発生確率": "0.0000101000", "最大ケース／50年発生確率": "0.0000218000" }, "geometry": { "type": "Polygon", "coordinates": [ [ [ 135.692138671875, 34.406909656520597 ], [ 135.384521484375, 34.31168124115257 ], [ 135.32958984375, 34.42956713470528 ], [ 135.63720703125, 34.524661471771722 ], [ 135.692138671875, 34.406909656520597 ] ] ] } },
{ "type": "Feature", "properties": { "断層面ID": "FM201BG_00002", "断層コード": "FM201BG", "name": "中央構造線断層帯（五条谷区間〜石鎚山脈北縁区間が同時に活動）（傾斜角40度）", "基準位置経度": "135.397", "基準位置緯度": "34.340", "上端深さ(km)": "4.0", "断層長さ(km)": "28.0", "断層幅(km)": "18.0", "走向角(度)": "258.1", "傾斜角(度)": "40.0", "平均ケース／平均活動間隔（年）": "-", "平均ケース／最新活動時期（年前）": "-", "平均ケース／30年発生確率": "0.0000000000", "平均ケース／50年発生確率": "0.0000000000", "確率過程": "同時活動モデル", "マグニチュード": "Mw7.7", "ばらつき": "-", "最大ケース／平均活動間隔（年）": "-999.0", "最大ケース／最新活動時期（年前）": "-", "最大ケース／30年発生確率": "0.0000101000", "最大ケース／50年発生確率": "0.0000218000" }, "geometry": { "type": "Polygon", "coordinates": [ [ [ 135.3955078125, 34.338900400404995 ], [ 135.098876953125, 34.284453254352883 ], [ 135.06591796875, 34.406909656520597 ], [ 135.362548828125, 34.46127728843706 ], [ 135.3955078125, 34.338900400404995 ] ] ] } },
{ "type": "Feature", "properties": { "断層面ID": "FH201BG_00001", "断層コード": "FH201BG", "name": "中央構造線断層帯（五条谷区間〜石鎚山脈北縁区間が同時に活動）（傾斜角90度）", "基準位置経度": "135.722", "基準位置緯度": "34.396", "上端深さ(km)": "4.0", "断層長さ(km)": "34.0", "断層幅(km)": "12.0", "走向角(度)": "249.5", "傾斜角(度)": "90.0", "平均ケース／平均活動間隔（年）": "-", "平均ケース／最新活動時期（年前）": "-", "平均ケース／30年発生確率": "0.0000000000", "平均ケース／50年発生確率": "0.0000000000", "確率過程": "同時活動モデル", "マグニチュード": "Mw7.7", "ばらつき": "-", "最大ケース／平均活動間隔（年）": "-999.0", "最大ケース／最新活動時期（年前）": "-", "最大ケース／30年発生確率": "0.0000101000", "最大ケース／50年発生確率": "0.0000218000" }, "geometry": { "type": "Polygon", "coordinates": [ [ [ 135.7196044921875, 34.393312223161118 ], [ 135.37353515625, 34.284453254352883 ], [ 135.7196044921875, 34.393312223161118 ] ] ] } },
{ "type": "Feature", "properties": { "断層面ID": "FH201BG_00002", "断層コード": "FH201BG", "name": "中央構造線断層帯（五条谷区間〜石鎚山脈北縁区間が同時に活動）（傾斜角90度）", "基準位置経度": "135.429", "基準位置緯度": "34.301", "上端深さ(km)": "4.0", "断層長さ(km)": "32.0", "断層幅(km)": "12.0", "走向角(度)": "258.1", "傾斜角(度)": "90.0", "平均ケース／平均活動間隔（年）": "-", "平均ケース／最新活動時期（年前）": "-", "平均ケース／30年発生確率": "0.0000000000", "平均ケース／50年発生確率": "0.0000000000", "確率過程": "同時活動モデル", "マグニチュード": "Mw7.7", "ばらつき": "-", "最大ケース／平均活動間隔（年）": "-999.0", "最大ケース／最新活動時期（年前）": "-", "最大ケース／30年発生確率": "0.0000101000", "最大ケース／50年発生確率": "0.0000218000" }, "geometry": { "type": "Polygon", "coordinates": [ [ [ 135.428466796875, 34.298068350990818 ], [ 135.087890625, 34.239053668516391 ], [ 135.428466796875, 34.298068350990818 ] ] ] } },
{ "type": "Feature", "properties": { "断層面ID": "FM201CH_00001", "断層コード": "FM201CH", "name": "中央構造線断層帯（根来区間〜石鎚山脈北縁西部区間が同時に活動）（傾斜角40度）", "基準位置経度": "135.397", "基準位置緯度": "34.340", "上端深さ(km)": "4.0", "断層長さ(km)": "28.0", "断層幅(km)": "18.0", "走向角(度)": "258.1", "傾斜角(度)": "40.0", "平均ケース／平均活動間隔（年）": "-", "平均ケース／最新活動時期（年前）": "-", "平均ケース／30年発生確率": "0.0000000000", "平均ケース／50年発生確率": "0.0000000000", "確率過程": "同時活動モデル", "マグニチュード": "Mw7.6", "ばらつき": "-", "最大ケース／平均活動間隔（年）": "-999.0", "最大ケース／最新活動時期（年前）": "-", "最大ケース／30年発生確率": "0.0001490000", "最大ケース／50年発生確率": "0.0002630000" }, "geometry": { "type": "Polygon", "coordinates": [ [ [ 135.3955078125, 34.338900400404995 ], [ 135.098876953125, 34.284453254352883 ], [ 135.06591796875, 34.406909656520597 ], [ 135.362548828125, 34.46127728843706 ], [ 135.3955078125, 34.338900400404995 ] ] ] } },
{ "type": "Feature", "properties": { "断層面ID": "FH201CH_00001", "断層コード": "FH201CH", "name": "中央構造線断層帯（根来区間〜石鎚山脈北縁西部区間が同時に活動）（傾斜角90度）", "基準位置経度": "135.429", "基準位置緯度": "34.301", "上端深さ(km)": "4.0", "断層長さ(km)": "32.0", "断層幅(km)": "12.0", "走向角(度)": "258.1", "傾斜角(度)": "90.0", "平均ケース／平均活動間隔（年）": "-", "平均ケース／最新活動時期（年前）": "-", "平均ケース／30年発生確率": "0.0000000000", "平均ケース／50年発生確率": "0.0000000000", "確率過程": "同時活動モデル", "マグニチュード": "Mw7.6", "ばらつき": "-", "最大ケース／平均活動間隔（年）": "-999.0", "最大ケース／最新活動時期（年前）": "-", "最大ケース／30年発生確率": "0.0001490000", "最大ケース／50年発生確率": "0.0002630000" }, "geometry": { "type": "Polygon", "coordinates": [ [ [ 135.428466796875, 34.298068350990818 ], [ 135.087890625, 34.239053668516391 ], [ 135.428466796875, 34.298068350990818 ] ] ] } },
{ "type": "Feature", "properties": { "断層面ID": "FM201AG_00001", "断層コード": "FM201AG", "name": "中央構造線断層帯（金剛山地東縁区間〜石鎚山脈北縁区間が同時に活動）（傾斜角40度）", "基準位置経度": "135.660", "基準位置緯度": "34.549", "上端深さ(km)": "2.0", "断層長さ(km)": "18.0", "断層幅(km)": "18.0", "走向角(度)": "176.8", "傾斜角(度)": "40.0", "平均ケース／平均活動間隔（年）": "-", "平均ケース／最新活動時期（年前）": "-", "平均ケース／30年発生確率": "0.0000000000", "平均ケース／50年発生確率": "0.0000000000", "確率過程": "同時活動モデル", "マグニチュード": "Mw7.7", "ばらつき": "-", "最大ケース／平均活動間隔（年）": "-999.0", "最大ケース／最新活動時期（年前）": "-", "最大ケース／30年発生確率": "0.0000000000", "最大ケース／50年発生確率": "0.0000000000" }, "geometry": { "type": "Polygon", "coordinates": [ [ [ 135.6591796875, 34.547287001198029 ], [ 135.670166015625, 34.384246040152178 ], [ 135.516357421875, 34.379712580462197 ], [ 135.50537109375, 34.538237527295749 ], [ 135.6591796875, 34.547287001198029 ] ] ] } },
{ "type": "Feature", "properties": { "断層面ID": "FM201AG_00002", "断層コード": "FM201AG", "name": "中央構造線断層帯（金剛山地東縁区間〜石鎚山脈北縁区間が同時に活動）（傾斜角40度）", "基準位置経度": "135.693", "基準位置緯度": "34.410", "上端深さ(km)": "4.0", "断層長さ(km)": "30.0", "断層幅(km)": "18.0", "走向角(度)": "249.5", "傾斜角(度)": "40.0", "平均ケース／平均活動間隔（年）": "-", "平均ケース／最新活動時期（年前）": "-", "平均ケース／30年発生確率": "0.0000000000", "平均ケース／50年発生確率": "0.0000000000", "確率過程": "同時活動モデル", "マグニチュード": "Mw7.7", "ばらつき": "-", "最大ケース／平均活動間隔（年）": "-999.0", "最大ケース／最新活動時期（年前）": "-", "最大ケース／30年発生確率": "0.0000000000", "最大ケース／50年発生確率": "0.0000000000" }, "geometry": { "type": "Polygon", "coordinates": [ [ [ 135.692138671875, 34.406909656520597 ], [ 135.384521484375, 34.31168124115257 ], [ 135.32958984375, 34.42956713470528 ], [ 135.63720703125, 34.524661471771722 ], [ 135.692138671875, 34.406909656520597 ] ] ] } },
{ "type": "Feature", "properties": { "断層面ID": "FM201AG_00003", "断層コード": "FM201AG", "name": "中央構造線断層帯（金剛山地東縁区間〜石鎚山脈北縁区間が同時に活動）（傾斜角40度）", "基準位置経度": "135.397", "基準位置緯度": "34.340", "上端深さ(km)": "4.0", "断層長さ(km)": "28.0", "断層幅(km)": "18.0", "走向角(度)": "258.1", "傾斜角(度)": "40.0", "平均ケース／平均活動間隔（年）": "-", "平均ケース／最新活動時期（年前）": "-", "平均ケース／30年発生確率": "0.0000000000", "平均ケース／50年発生確率": "0.0000000000", "確率過程": "同時活動モデル", "マグニチュード": "Mw7.7", "ばらつき": "-", "最大ケース／平均活動間隔（年）": "-999.0", "最大ケース／最新活動時期（年前）": "-", "最大ケース／30年発生確率": "0.0000000000", "最大ケース／50年発生確率": "0.0000000000" }, "geometry": { "type": "Polygon", "coordinates": [ [ [ 135.3955078125, 34.338900400404995 ], [ 135.098876953125, 34.284453254352883 ], [ 135.06591796875, 34.406909656520597 ], [ 135.362548828125, 34.46127728843706 ], [ 135.3955078125, 34.338900400404995 ] ] ] } },
{ "type": "Feature", "properties": { "断層面ID": "FH201AG_00001", "断層コード": "FH201AG", "name": "中央構造線断層帯（金剛山地東縁区間〜石鎚山脈北縁区間が同時に活動）（傾斜角90度）", "基準位置経度": "135.660", "基準位置緯度": "34.549", "上端深さ(km)": "2.0", "断層長さ(km)": "18.0", "断層幅(km)": "18.0", "走向角(度)": "176.8", "傾斜角(度)": "40.0", "平均ケース／平均活動間隔（年）": "-", "平均ケース／最新活動時期（年前）": "-", "平均ケース／30年発生確率": "0.0000000000", "平均ケース／50年発生確率": "0.0000000000", "確率過程": "同時活動モデル", "マグニチュード": "Mw7.7", "ばらつき": "-", "最大ケース／平均活動間隔（年）": "-999.0", "最大ケース／最新活動時期（年前）": "-", "最大ケース／30年発生確率": "0.0000000000", "最大ケース／50年発生確率": "0.0000000000" }, "geometry": { "type": "Polygon", "coordinates": [ [ [ 135.6591796875, 34.547287001198029 ], [ 135.670166015625, 34.384246040152178 ], [ 135.516357421875, 34.379712580462197 ], [ 135.50537109375, 34.538237527295749 ], [ 135.6591796875, 34.547287001198029 ] ] ] } },
{ "type": "Feature", "properties": { "断層面ID": "FH201AG_00002", "断層コード": "FH201AG", "name": "中央構造線断層帯（金剛山地東縁区間〜石鎚山脈北縁区間が同時に活動）（傾斜角90度）", "基準位置経度": "135.722", "基準位置緯度": "34.396", "上端深さ(km)": "4.0", "断層長さ(km)": "34.0", "断層幅(km)": "12.0", "走向角(度)": "249.5", "傾斜角(度)": "90.0", "平均ケース／平均活動間隔（年）": "-", "平均ケース／最新活動時期（年前）": "-", "平均ケース／30年発生確率": "0.0000000000", "平均ケース／50年発生確率": "0.0000000000", "確率過程": "同時活動モデル", "マグニチュード": "Mw7.7", "ばらつき": "-", "最大ケース／平均活動間隔（年）": "-999.0", "最大ケース／最新活動時期（年前）": "-", "最大ケース／30年発生確率": "0.0000000000", "最大ケース／50年発生確率": "0.0000000000" }, "geometry": { "type": "Polygon", "coordinates": [ [ [ 135.7196044921875, 34.393312223161118 ], [ 135.37353515625, 34.284453254352883 ], [ 135.7196044921875, 34.393312223161118 ] ] ] } },
{ "type": "Feature", "properties": { "断層面ID": "FH201AG_00003", "断層コード": "FH201AG", "name": "中央構造線断層帯（金剛山地東縁区間〜石鎚山脈北縁区間が同時に活動）（傾斜角90度）", "基準位置経度": "135.429", "基準位置緯度": "34.301", "上端深さ(km)": "4.0", "断層長さ(km)": "32.0", "断層幅(km)": "12.0", "走向角(度)": "258.1", "傾斜角(度)": "90.0", "平均ケース／平均活動間隔（年）": "-", "平均ケース／最新活動時期（年前）": "-", "平均ケース／30年発生確率": "0.0000000000", "平均ケース／50年発生確率": "0.0000000000", "確率過程": "同時活動モデル", "マグニチュード": "Mw7.7", "ばらつき": "-", "最大ケース／平均活動間隔（年）": "-999.0", "最大ケース／最新活動時期（年前）": "-", "最大ケース／30年発生確率": "0.0000000000", "最大ケース／50年発生確率": "0.0000000000" }, "geometry": { "type": "Polygon", "coordinates": [ [ [ 135.428466796875, 34.298068350990818 ], [ 135.087890625, 34.239053668516391 ], [ 135.428466796875, 34.298068350990818 ] ] ] } },
{ "type": "Feature", "properties": { "断層面ID": "FM201BH_00001", "断層コード": "FM201BH", "name": "中央構造線断層帯（五条谷区間〜石鎚山脈北縁西部区間が同時に活動）（傾斜角40度）", "基準位置経度": "135.693", "基準位置緯度": "34.410", "上端深さ(km)": "4.0", "断層長さ(km)": "30.0", "断層幅(km)": "18.0", "走向角(度)": "249.5", "傾斜角(度)": "40.0", "平均ケース／平均活動間隔（年）": "-", "平均ケース／最新活動時期（年前）": "-", "平均ケース／30年発生確率": "0.0000000000", "平均ケース／50年発生確率": "0.0000000000", "確率過程": "同時活動モデル", "マグニチュード": "Mw7.7", "ばらつき": "-", "最大ケース／平均活動間隔（年）": "-999.0", "最大ケース／最新活動時期（年前）": "-", "最大ケース／30年発生確率": "0.0001490000", "最大ケース／50年発生確率": "0.0002630000" }, "geometry": { "type": "Polygon", "coordinates": [ [ [ 135.692138671875, 34.406909656520597 ], [ 135.384521484375, 34.31168124115257 ], [ 135.32958984375, 34.42956713470528 ], [ 135.63720703125, 34.524661471771722 ], [ 135.692138671875, 34.406909656520597 ] ] ] } },
{ "type": "Feature", "properties": { "断層面ID": "FM201BH_00002", "断層コード": "FM201BH", "name": "中央構造線断層帯（五条谷区間〜石鎚山脈北縁西部区間が同時に活動）（傾斜角40度）", "基準位置経度": "135.397", "基準位置緯度": "34.340", "上端深さ(km)": "4.0", "断層長さ(km)": "28.0", "断層幅(km)": "18.0", "走向角(度)": "258.1", "傾斜角(度)": "40.0", "平均ケース／平均活動間隔（年）": "-", "平均ケース／最新活動時期（年前）": "-", "平均ケース／30年発生確率": "0.0000000000", "平均ケース／50年発生確率": "0.0000000000", "確率過程": "同時活動モデル", "マグニチュード": "Mw7.7", "ばらつき": "-", "最大ケース／平均活動間隔（年）": "-999.0", "最大ケース／最新活動時期（年前）": "-", "最大ケース／30年発生確率": "0.0001490000", "最大ケース／50年発生確率": "0.0002630000" }, "geometry": { "type": "Polygon", "coordinates": [ [ [ 135.3955078125, 34.338900400404995 ], [ 135.098876953125, 34.284453254352883 ], [ 135.06591796875, 34.406909656520597 ], [ 135.362548828125, 34.46127728843706 ], [ 135.3955078125, 34.338900400404995 ] ] ] } },
{ "type": "Feature", "properties": { "断層面ID": "FH201BH_00001", "断層コード": "FH201BH", "name": "中央構造線断層帯（五条谷区間〜石鎚山脈北縁西部区間が同時に活動）（傾斜角90度）", "基準位置経度": "135.722", "基準位置緯度": "34.396", "上端深さ(km)": "4.0", "断層長さ(km)": "34.0", "断層幅(km)": "12.0", "走向角(度)": "249.5", "傾斜角(度)": "90.0", "平均ケース／平均活動間隔（年）": "-", "平均ケース／最新活動時期（年前）": "-", "平均ケース／30年発生確率": "0.0000000000", "平均ケース／50年発生確率": "0.0000000000", "確率過程": "同時活動モデル", "マグニチュード": "Mw7.7", "ばらつき": "-", "最大ケース／平均活動間隔（年）": "-999.0", "最大ケース／最新活動時期（年前）": "-", "最大ケース／30年発生確率": "0.0001490000", "最大ケース／50年発生確率": "0.0002630000" }, "geometry": { "type": "Polygon", "coordinates": [ [ [ 135.7196044921875, 34.393312223161118 ], [ 135.37353515625, 34.284453254352883 ], [ 135.7196044921875, 34.393312223161118 ] ] ] } },
{ "type": "Feature", "properties": { "断層面ID": "FH201BH_00002", "断層コード": "FH201BH", "name": "中央構造線断層帯（五条谷区間〜石鎚山脈北縁西部区間が同時に活動）（傾斜角90度）", "基準位置経度": "135.429", "基準位置緯度": "34.301", "上端深さ(km)": "4.0", "断層長さ(km)": "32.0", "断層幅(km)": "12.0", "走向角(度)": "258.1", "傾斜角(度)": "90.0", "平均ケース／平均活動間隔（年）": "-", "平均ケース／最新活動時期（年前）": "-", "平均ケース／30年発生確率": "0.0000000000", "平均ケース／50年発生確率": "0.0000000000", "確率過程": "同時活動モデル", "マグニチュード": "Mw7.7", "ばらつき": "-", "最大ケース／平均活動間隔（年）": "-999.0", "最大ケース／最新活動時期（年前）": "-", "最大ケース／30年発生確率": "0.0001490000", "最大ケース／50年発生確率": "0.0002630000" }, "geometry": { "type": "Polygon", "coordinates": [ [ [ 135.428466796875, 34.298068350990818 ], [ 135.087890625, 34.239053668516391 ], [ 135.428466796875, 34.298068350990818 ] ] ] } },
{ "type": "Feature", "properties": { "断層面ID": "FM201CI_00001", "断層コード": "FM201CI", "name": "中央構造線断層帯（根来区間〜伊予灘区間が同時に活動）（傾斜角40度）", "基準位置経度": "135.397", "基準位置緯度": "34.340", "上端深さ(km)": "4.0", "断層長さ(km)": "28.0", "断層幅(km)": "18.0", "走向角(度)": "258.1", "傾斜角(度)": "40.0", "平均ケース／平均活動間隔（年）": "-", "平均ケース／最新活動時期（年前）": "-", "平均ケース／30年発生確率": "0.0000000000", "平均ケース／50年発生確率": "0.0000000000", "確率過程": "同時活動モデル", "マグニチュード": "Mw7.8", "ばらつき": "-", "最大ケース／平均活動間隔（年）": "-999.0", "最大ケース／最新活動時期（年前）": "-", "最大ケース／30年発生確率": "0.0000000000", "最大ケース／50年発生確率": "0.0000000000" }, "geometry": { "type": "Polygon", "coordinates": [ [ [ 135.3955078125, 34.338900400404995 ], [ 135.098876953125, 34.284453254352883 ], [ 135.06591796875, 34.406909656520597 ], [ 135.362548828125, 34.46127728843706 ], [ 135.3955078125, 34.338900400404995 ] ] ] } },
{ "type": "Feature", "properties": { "断層面ID": "FH201CI_00001", "断層コード": "FH201CI", "name": "中央構造線断層帯（根来区間〜伊予灘区間が同時に活動）（傾斜角90度）", "基準位置経度": "135.429", "基準位置緯度": "34.301", "上端深さ(km)": "4.0", "断層長さ(km)": "32.0", "断層幅(km)": "12.0", "走向角(度)": "258.1", "傾斜角(度)": "90.0", "平均ケース／平均活動間隔（年）": "-", "平均ケース／最新活動時期（年前）": "-", "平均ケース／30年発生確率": "0.0000000000", "平均ケース／50年発生確率": "0.0000000000", "確率過程": "同時活動モデル", "マグニチュード": "Mw7.8", "ばらつき": "-", "最大ケース／平均活動間隔（年）": "-999.0", "最大ケース／最新活動時期（年前）": "-", "最大ケース／30年発生確率": "0.0000000000", "最大ケース／50年発生確率": "0.0000000000" }, "geometry": { "type": "Polygon", "coordinates": [ [ [ 135.428466796875, 34.298068350990818 ], [ 135.087890625, 34.239053668516391 ], [ 135.428466796875, 34.298068350990818 ] ] ] } },
{ "type": "Feature", "properties": { "断層面ID": "FM201AH_00001", "断層コード": "FM201AH", "name": "中央構造線断層帯（金剛山地東縁区間〜石鎚山脈北縁西部区間が同時に活動）（傾斜角40度）", "基準位置経度": "135.660", "基準位置緯度": "34.549", "上端深さ(km)": "2.0", "断層長さ(km)": "18.0", "断層幅(km)": "18.0", "走向角(度)": "176.8", "傾斜角(度)": "40.0", "平均ケース／平均活動間隔（年）": "-", "平均ケース／最新活動時期（年前）": "-", "平均ケース／30年発生確率": "0.0000000000", "平均ケース／50年発生確率": "0.0000000000", "確率過程": "同時活動モデル", "マグニチュード": "Mw7.8", "ばらつき": "-", "最大ケース／平均活動間隔（年）": "-999.0", "最大ケース／最新活動時期（年前）": "-", "最大ケース／30年発生確率": "0.0000000000", "最大ケース／50年発生確率": "0.0000000000" }, "geometry": { "type": "Polygon", "coordinates": [ [ [ 135.6591796875, 34.547287001198029 ], [ 135.670166015625, 34.384246040152178 ], [ 135.516357421875, 34.379712580462197 ], [ 135.50537109375, 34.538237527295749 ], [ 135.6591796875, 34.547287001198029 ] ] ] } },
{ "type": "Feature", "properties": { "断層面ID": "FM201AH_00002", "断層コード": "FM201AH", "name": "中央構造線断層帯（金剛山地東縁区間〜石鎚山脈北縁西部区間が同時に活動）（傾斜角40度）", "基準位置経度": "135.693", "基準位置緯度": "34.410", "上端深さ(km)": "4.0", "断層長さ(km)": "30.0", "断層幅(km)": "18.0", "走向角(度)": "249.5", "傾斜角(度)": "40.0", "平均ケース／平均活動間隔（年）": "-", "平均ケース／最新活動時期（年前）": "-", "平均ケース／30年発生確率": "0.0000000000", "平均ケース／50年発生確率": "0.0000000000", "確率過程": "同時活動モデル", "マグニチュード": "Mw7.8", "ばらつき": "-", "最大ケース／平均活動間隔（年）": "-999.0", "最大ケース／最新活動時期（年前）": "-", "最大ケース／30年発生確率": "0.0000000000", "最大ケース／50年発生確率": "0.0000000000" }, "geometry": { "type": "Polygon", "coordinates": [ [ [ 135.692138671875, 34.406909656520597 ], [ 135.384521484375, 34.31168124115257 ], [ 135.32958984375, 34.42956713470528 ], [ 135.63720703125, 34.524661471771722 ], [ 135.692138671875, 34.406909656520597 ] ] ] } },
{ "type": "Feature", "properties": { "断層面ID": "FM201AH_00003", "断層コード": "FM201AH", "name": "中央構造線断層帯（金剛山地東縁区間〜石鎚山脈北縁西部区間が同時に活動）（傾斜角40度）", "基準位置経度": "135.397", "基準位置緯度": "34.340", "上端深さ(km)": "4.0", "断層長さ(km)": "28.0", "断層幅(km)": "18.0", "走向角(度)": "258.1", "傾斜角(度)": "40.0", "平均ケース／平均活動間隔（年）": "-", "平均ケース／最新活動時期（年前）": "-", "平均ケース／30年発生確率": "0.0000000000", "平均ケース／50年発生確率": "0.0000000000", "確率過程": "同時活動モデル", "マグニチュード": "Mw7.8", "ばらつき": "-", "最大ケース／平均活動間隔（年）": "-999.0", "最大ケース／最新活動時期（年前）": "-", "最大ケース／30年発生確率": "0.0000000000", "最大ケース／50年発生確率": "0.0000000000" }, "geometry": { "type": "Polygon", "coordinates": [ [ [ 135.3955078125, 34.338900400404995 ], [ 135.098876953125, 34.284453254352883 ], [ 135.06591796875, 34.406909656520597 ], [ 135.362548828125, 34.46127728843706 ], [ 135.3955078125, 34.338900400404995 ] ] ] } },
{ "type": "Feature", "properties": { "断層面ID": "FH201AH_00001", "断層コード": "FH201AH", "name": "中央構造線断層帯（金剛山地東縁区間〜石鎚山脈北縁西部区間が同時に活動）（傾斜角90度）", "基準位置経度": "135.660", "基準位置緯度": "34.549", "上端深さ(km)": "2.0", "断層長さ(km)": "18.0", "断層幅(km)": "18.0", "走向角(度)": "176.8", "傾斜角(度)": "40.0", "平均ケース／平均活動間隔（年）": "-", "平均ケース／最新活動時期（年前）": "-", "平均ケース／30年発生確率": "0.0000000000", "平均ケース／50年発生確率": "0.0000000000", "確率過程": "同時活動モデル", "マグニチュード": "Mw7.8", "ばらつき": "-", "最大ケース／平均活動間隔（年）": "-999.0", "最大ケース／最新活動時期（年前）": "-", "最大ケース／30年発生確率": "0.0000000000", "最大ケース／50年発生確率": "0.0000000000" }, "geometry": { "type": "Polygon", "coordinates": [ [ [ 135.6591796875, 34.547287001198029 ], [ 135.670166015625, 34.384246040152178 ], [ 135.516357421875, 34.379712580462197 ], [ 135.50537109375, 34.538237527295749 ], [ 135.6591796875, 34.547287001198029 ] ] ] } },
{ "type": "Feature", "properties": { "断層面ID": "FH201AH_00002", "断層コード": "FH201AH", "name": "中央構造線断層帯（金剛山地東縁区間〜石鎚山脈北縁西部区間が同時に活動）（傾斜角90度）", "基準位置経度": "135.722", "基準位置緯度": "34.396", "上端深さ(km)": "4.0", "断層長さ(km)": "34.0", "断層幅(km)": "12.0", "走向角(度)": "249.5", "傾斜角(度)": "90.0", "平均ケース／平均活動間隔（年）": "-", "平均ケース／最新活動時期（年前）": "-", "平均ケース／30年発生確率": "0.0000000000", "平均ケース／50年発生確率": "0.0000000000", "確率過程": "同時活動モデル", "マグニチュード": "Mw7.8", "ばらつき": "-", "最大ケース／平均活動間隔（年）": "-999.0", "最大ケース／最新活動時期（年前）": "-", "最大ケース／30年発生確率": "0.0000000000", "最大ケース／50年発生確率": "0.0000000000" }, "geometry": { "type": "Polygon", "coordinates": [ [ [ 135.7196044921875, 34.393312223161118 ], [ 135.37353515625, 34.284453254352883 ], [ 135.7196044921875, 34.393312223161118 ] ] ] } },
{ "type": "Feature", "properties": { "断層面ID": "FH201AH_00003", "断層コード": "FH201AH", "name": "中央構造線断層帯（金剛山地東縁区間〜石鎚山脈北縁西部区間が同時に活動）（傾斜角90度）", "基準位置経度": "135.429", "基準位置緯度": "34.301", "上端深さ(km)": "4.0", "断層長さ(km)": "32.0", "断層幅(km)": "12.0", "走向角(度)": "258.1", "傾斜角(度)": "90.0", "平均ケース／平均活動間隔（年）": "-", "平均ケース／最新活動時期（年前）": "-", "平均ケース／30年発生確率": "0.0000000000", "平均ケース／50年発生確率": "0.0000000000", "確率過程": "同時活動モデル", "マグニチュード": "Mw7.8", "ばらつき": "-", "最大ケース／平均活動間隔（年）": "-999.0", "最大ケース／最新活動時期（年前）": "-", "最大ケース／30年発生確率": "0.0000000000", "最大ケース／50年発生確率": "0.0000000000" }, "geometry": { "type": "Polygon", "coordinates": [ [ [ 135.428466796875, 34.298068350990818 ], [ 135.087890625, 34.239053668516391 ], [ 135.428466796875, 34.298068350990818 ] ] ] } },
{ "type": "Feature", "properties": { "断層面ID": "FM201BI_00001", "断層コード": "FM201BI", "name": "中央構造線断層帯（五条谷区間〜伊予灘区間が同時に活動）（傾斜角40度）", "基準位置経度": "135.693", "基準位置緯度": "34.410", "上端深さ(km)": "4.0", "断層長さ(km)": "30.0", "断層幅(km)": "18.0", "走向角(度)": "249.5", "傾斜角(度)": "40.0", "平均ケース／平均活動間隔（年）": "-", "平均ケース／最新活動時期（年前）": "-", "平均ケース／30年発生確率": "0.0000000000", "平均ケース／50年発生確率": "0.0000000000", "確率過程": "同時活動モデル", "マグニチュード": "Mw7.8", "ばらつき": "-", "最大ケース／平均活動間隔（年）": "-999.0", "最大ケース／最新活動時期（年前）": "-", "最大ケース／30年発生確率": "0.0000000000", "最大ケース／50年発生確率": "0.0000000000" }, "geometry": { "type": "Polygon", "coordinates": [ [ [ 135.692138671875, 34.406909656520597 ], [ 135.384521484375, 34.31168124115257 ], [ 135.32958984375, 34.42956713470528 ], [ 135.63720703125, 34.524661471771722 ], [ 135.692138671875, 34.406909656520597 ] ] ] } },
{ "type": "Feature", "properties": { "断層面ID": "FM201BI_00002", "断層コード": "FM201BI", "name": "中央構造線断層帯（五条谷区間〜伊予灘区間が同時に活動）（傾斜角40度）", "基準位置経度": "135.397", "基準位置緯度": "34.340", "上端深さ(km)": "4.0", "断層長さ(km)": "28.0", "断層幅(km)": "18.0", "走向角(度)": "258.1", "傾斜角(度)": "40.0", "平均ケース／平均活動間隔（年）": "-", "平均ケース／最新活動時期（年前）": "-", "平均ケース／30年発生確率": "0.0000000000", "平均ケース／50年発生確率": "0.0000000000", "確率過程": "同時活動モデル", "マグニチュード": "Mw7.8", "ばらつき": "-", "最大ケース／平均活動間隔（年）": "-999.0", "最大ケース／最新活動時期（年前）": "-", "最大ケース／30年発生確率": "0.0000000000", "最大ケース／50年発生確率": "0.0000000000" }, "geometry": { "type": "Polygon", "coordinates": [ [ [ 135.3955078125, 34.338900400404995 ], [ 135.098876953125, 34.284453254352883 ], [ 135.06591796875, 34.406909656520597 ], [ 135.362548828125, 34.46127728843706 ], [ 135.3955078125, 34.338900400404995 ] ] ] } },
{ "type": "Feature", "properties": { "断層面ID": "FH201BI_00001", "断層コード": "FH201BI", "name": "中央構造線断層帯（五条谷区間〜伊予灘区間が同時に活動）（傾斜角90度）", "基準位置経度": "135.722", "基準位置緯度": "34.396", "上端深さ(km)": "4.0", "断層長さ(km)": "34.0", "断層幅(km)": "12.0", "走向角(度)": "249.5", "傾斜角(度)": "90.0", "平均ケース／平均活動間隔（年）": "-", "平均ケース／最新活動時期（年前）": "-", "平均ケース／30年発生確率": "0.0000000000", "平均ケース／50年発生確率": "0.0000000000", "確率過程": "同時活動モデル", "マグニチュード": "Mw7.8", "ばらつき": "-", "最大ケース／平均活動間隔（年）": "-999.0", "最大ケース／最新活動時期（年前）": "-", "最大ケース／30年発生確率": "0.0000000000", "最大ケース／50年発生確率": "0.0000000000" }, "geometry": { "type": "Polygon", "coordinates": [ [ [ 135.7196044921875, 34.393312223161118 ], [ 135.37353515625, 34.284453254352883 ], [ 135.7196044921875, 34.393312223161118 ] ] ] } },
{ "type": "Feature", "properties": { "断層面ID": "FH201BI_00002", "断層コード": "FH201BI", "name": "中央構造線断層帯（五条谷区間〜伊予灘区間が同時に活動）（傾斜角90度）", "基準位置経度": "135.429", "基準位置緯度": "34.301", "上端深さ(km)": "4.0", "断層長さ(km)": "32.0", "断層幅(km)": "12.0", "走向角(度)": "258.1", "傾斜角(度)": "90.0", "平均ケース／平均活動間隔（年）": "-", "平均ケース／最新活動時期（年前）": "-", "平均ケース／30年発生確率": "0.0000000000", "平均ケース／50年発生確率": "0.0000000000", "確率過程": "同時活動モデル", "マグニチュード": "Mw7.8", "ばらつき": "-", "最大ケース／平均活動間隔（年）": "-999.0", "最大ケース／最新活動時期（年前）": "-", "最大ケース／30年発生確率": "0.0000000000", "最大ケース／50年発生確率": "0.0000000000" }, "geometry": { "type": "Polygon", "coordinates": [ [ [ 135.428466796875, 34.298068350990818 ], [ 135.087890625, 34.239053668516391 ], [ 135.428466796875, 34.298068350990818 ] ] ] } },
{ "type": "Feature", "properties": { "断層面ID": "FM201CJ_00001", "断層コード": "FM201CJ", "name": "中央構造線断層帯（根来区間〜豊予海峡−由布院区間が同時に活動）（傾斜角40度）", "基準位置経度": "135.397", "基準位置緯度": "34.340", "上端深さ(km)": "4.0", "断層長さ(km)": "28.0", "断層幅(km)": "18.0", "走向角(度)": "258.1", "傾斜角(度)": "40.0", "平均ケース／平均活動間隔（年）": "-", "平均ケース／最新活動時期（年前）": "-", "平均ケース／30年発生確率": "0.0000000000", "平均ケース／50年発生確率": "0.0000000000", "確率過程": "同時活動モデル", "マグニチュード": "Mw7.8", "ばらつき": "-", "最大ケース／平均活動間隔（年）": "-999.0", "最大ケース／最新活動時期（年前）": "-", "最大ケース／30年発生確率": "0.0000000000", "最大ケース／50年発生確率": "0.0000000000" }, "geometry": { "type": "Polygon", "coordinates": [ [ [ 135.3955078125, 34.338900400404995 ], [ 135.098876953125, 34.284453254352883 ], [ 135.06591796875, 34.406909656520597 ], [ 135.362548828125, 34.46127728843706 ], [ 135.3955078125, 34.338900400404995 ] ] ] } },
{ "type": "Feature", "properties": { "断層面ID": "FH201CJ_00001", "断層コード": "FH201CJ", "name": "中央構造線断層帯（根来区間〜豊予海峡−由布院区間が同時に活動）（傾斜角90度）", "基準位置経度": "135.429", "基準位置緯度": "34.301", "上端深さ(km)": "4.0", "断層長さ(km)": "32.0", "断層幅(km)": "12.0", "走向角(度)": "258.1", "傾斜角(度)": "90.0", "平均ケース／平均活動間隔（年）": "-", "平均ケース／最新活動時期（年前）": "-", "平均ケース／30年発生確率": "0.0000000000", "平均ケース／50年発生確率": "0.0000000000", "確率過程": "同時活動モデル", "マグニチュード": "Mw7.8", "ばらつき": "-", "最大ケース／平均活動間隔（年）": "-999.0", "最大ケース／最新活動時期（年前）": "-", "最大ケース／30年発生確率": "0.0000000000", "最大ケース／50年発生確率": "0.0000000000" }, "geometry": { "type": "Polygon", "coordinates": [ [ [ 135.428466796875, 34.298068350990818 ], [ 135.087890625, 34.239053668516391 ], [ 135.428466796875, 34.298068350990818 ] ] ] } },
{ "type": "Feature", "properties": { "断層面ID": "FM201AI_00001", "断層コード": "FM201AI", "name": "中央構造線断層帯（金剛山地東縁区間〜伊予灘区間が同時に活動）（傾斜角40度）", "基準位置経度": "135.660", "基準位置緯度": "34.549", "上端深さ(km)": "2.0", "断層長さ(km)": "18.0", "断層幅(km)": "18.0", "走向角(度)": "176.8", "傾斜角(度)": "40.0", "平均ケース／平均活動間隔（年）": "-", "平均ケース／最新活動時期（年前）": "-", "平均ケース／30年発生確率": "0.0000000000", "平均ケース／50年発生確率": "0.0000000000", "確率過程": "同時活動モデル", "マグニチュード": "Mw7.8", "ばらつき": "-", "最大ケース／平均活動間隔（年）": "-999.0", "最大ケース／最新活動時期（年前）": "-", "最大ケース／30年発生確率": "0.0000000000", "最大ケース／50年発生確率": "0.0000000000" }, "geometry": { "type": "Polygon", "coordinates": [ [ [ 135.6591796875, 34.547287001198029 ], [ 135.670166015625, 34.384246040152178 ], [ 135.516357421875, 34.379712580462197 ], [ 135.50537109375, 34.538237527295749 ], [ 135.6591796875, 34.547287001198029 ] ] ] } },
{ "type": "Feature", "properties": { "断層面ID": "FM201AI_00002", "断層コード": "FM201AI", "name": "中央構造線断層帯（金剛山地東縁区間〜伊予灘区間が同時に活動）（傾斜角40度）", "基準位置経度": "135.693", "基準位置緯度": "34.410", "上端深さ(km)": "4.0", "断層長さ(km)": "30.0", "断層幅(km)": "18.0", "走向角(度)": "249.5", "傾斜角(度)": "40.0", "平均ケース／平均活動間隔（年）": "-", "平均ケース／最新活動時期（年前）": "-", "平均ケース／30年発生確率": "0.0000000000", "平均ケース／50年発生確率": "0.0000000000", "確率過程": "同時活動モデル", "マグニチュード": "Mw7.8", "ばらつき": "-", "最大ケース／平均活動間隔（年）": "-999.0", "最大ケース／最新活動時期（年前）": "-", "最大ケース／30年発生確率": "0.0000000000", "最大ケース／50年発生確率": "0.0000000000" }, "geometry": { "type": "Polygon", "coordinates": [ [ [ 135.692138671875, 34.406909656520597 ], [ 135.384521484375, 34.31168124115257 ], [ 135.32958984375, 34.42956713470528 ], [ 135.63720703125, 34.524661471771722 ], [ 135.692138671875, 34.406909656520597 ] ] ] } },
{ "type": "Feature", "properties": { "断層面ID": "FM201AI_00003", "断層コード": "FM201AI", "name": "中央構造線断層帯（金剛山地東縁区間〜伊予灘区間が同時に活動）（傾斜角40度）", "基準位置経度": "135.397", "基準位置緯度": "34.340", "上端深さ(km)": "4.0", "断層長さ(km)": "28.0", "断層幅(km)": "18.0", "走向角(度)": "258.1", "傾斜角(度)": "40.0", "平均ケース／平均活動間隔（年）": "-", "平均ケース／最新活動時期（年前）": "-", "平均ケース／30年発生確率": "0.0000000000", "平均ケース／50年発生確率": "0.0000000000", "確率過程": "同時活動モデル", "マグニチュード": "Mw7.8", "ばらつき": "-", "最大ケース／平均活動間隔（年）": "-999.0", "最大ケース／最新活動時期（年前）": "-", "最大ケース／30年発生確率": "0.0000000000", "最大ケース／50年発生確率": "0.0000000000" }, "geometry": { "type": "Polygon", "coordinates": [ [ [ 135.3955078125, 34.338900400404995 ], [ 135.098876953125, 34.284453254352883 ], [ 135.06591796875, 34.406909656520597 ], [ 135.362548828125, 34.46127728843706 ], [ 135.3955078125, 34.338900400404995 ] ] ] } },
{ "type": "Feature", "properties": { "断層面ID": "FH201AI_00001", "断層コード": "FH201AI", "name": "中央構造線断層帯（金剛山地東縁区間〜伊予灘区間が同時に活動）（傾斜角90度）", "基準位置経度": "135.660", "基準位置緯度": "34.549", "上端深さ(km)": "2.0", "断層長さ(km)": "18.0", "断層幅(km)": "18.0", "走向角(度)": "176.8", "傾斜角(度)": "40.0", "平均ケース／平均活動間隔（年）": "-", "平均ケース／最新活動時期（年前）": "-", "平均ケース／30年発生確率": "0.0000000000", "平均ケース／50年発生確率": "0.0000000000", "確率過程": "同時活動モデル", "マグニチュード": "Mw7.8", "ばらつき": "-", "最大ケース／平均活動間隔（年）": "-999.0", "最大ケース／最新活動時期（年前）": "-", "最大ケース／30年発生確率": "0.0000000000", "最大ケース／50年発生確率": "0.0000000000" }, "geometry": { "type": "Polygon", "coordinates": [ [ [ 135.6591796875, 34.547287001198029 ], [ 135.670166015625, 34.384246040152178 ], [ 135.516357421875, 34.379712580462197 ], [ 135.50537109375, 34.538237527295749 ], [ 135.6591796875, 34.547287001198029 ] ] ] } },
{ "type": "Feature", "properties": { "断層面ID": "FH201AI_00002", "断層コード": "FH201AI", "name": "中央構造線断層帯（金剛山地東縁区間〜伊予灘区間が同時に活動）（傾斜角90度）", "基準位置経度": "135.722", "基準位置緯度": "34.396", "上端深さ(km)": "4.0", "断層長さ(km)": "34.0", "断層幅(km)": "12.0", "走向角(度)": "249.5", "傾斜角(度)": "90.0", "平均ケース／平均活動間隔（年）": "-", "平均ケース／最新活動時期（年前）": "-", "平均ケース／30年発生確率": "0.0000000000", "平均ケース／50年発生確率": "0.0000000000", "確率過程": "同時活動モデル", "マグニチュード": "Mw7.8", "ばらつき": "-", "最大ケース／平均活動間隔（年）": "-999.0", "最大ケース／最新活動時期（年前）": "-", "最大ケース／30年発生確率": "0.0000000000", "最大ケース／50年発生確率": "0.0000000000" }, "geometry": { "type": "Polygon", "coordinates": [ [ [ 135.7196044921875, 34.393312223161118 ], [ 135.37353515625, 34.284453254352883 ], [ 135.7196044921875, 34.393312223161118 ] ] ] } },
{ "type": "Feature", "properties": { "断層面ID": "FH201AI_00003", "断層コード": "FH201AI", "name": "中央構造線断層帯（金剛山地東縁区間〜伊予灘区間が同時に活動）（傾斜角90度）", "基準位置経度": "135.429", "基準位置緯度": "34.301", "上端深さ(km)": "4.0", "断層長さ(km)": "32.0", "断層幅(km)": "12.0", "走向角(度)": "258.1", "傾斜角(度)": "90.0", "平均ケース／平均活動間隔（年）": "-", "平均ケース／最新活動時期（年前）": "-", "平均ケース／30年発生確率": "0.0000000000", "平均ケース／50年発生確率": "0.0000000000", "確率過程": "同時活動モデル", "マグニチュード": "Mw7.8", "ばらつき": "-", "最大ケース／平均活動間隔（年）": "-999.0", "最大ケース／最新活動時期（年前）": "-", "最大ケース／30年発生確率": "0.0000000000", "最大ケース／50年発生確率": "0.0000000000" }, "geometry": { "type": "Polygon", "coordinates": [ [ [ 135.428466796875, 34.298068350990818 ], [ 135.087890625, 34.239053668516391 ], [ 135.428466796875, 34.298068350990818 ] ] ] } },
{ "type": "Feature", "properties": { "断層面ID": "FM201BJ_00001", "断層コード": "FM201BJ", "name": "中央構造線断層帯（五条谷区間〜豊予海峡−由布院区間が同時に活動）（傾斜角40度）", "基準位置経度": "135.693", "基準位置緯度": "34.410", "上端深さ(km)": "4.0", "断層長さ(km)": "30.0", "断層幅(km)": "18.0", "走向角(度)": "249.5", "傾斜角(度)": "40.0", "平均ケース／平均活動間隔（年）": "-", "平均ケース／最新活動時期（年前）": "-", "平均ケース／30年発生確率": "0.0000000000", "平均ケース／50年発生確率": "0.0000000000", "確率過程": "同時活動モデル", "マグニチュード": "Mw7.9", "ばらつき": "-", "最大ケース／平均活動間隔（年）": "-999.0", "最大ケース／最新活動時期（年前）": "-", "最大ケース／30年発生確率": "0.0000000000", "最大ケース／50年発生確率": "0.0000000000" }, "geometry": { "type": "Polygon", "coordinates": [ [ [ 135.692138671875, 34.406909656520597 ], [ 135.384521484375, 34.31168124115257 ], [ 135.32958984375, 34.42956713470528 ], [ 135.63720703125, 34.524661471771722 ], [ 135.692138671875, 34.406909656520597 ] ] ] } },
{ "type": "Feature", "properties": { "断層面ID": "FM201BJ_00002", "断層コード": "FM201BJ", "name": "中央構造線断層帯（五条谷区間〜豊予海峡−由布院区間が同時に活動）（傾斜角40度）", "基準位置経度": "135.397", "基準位置緯度": "34.340", "上端深さ(km)": "4.0", "断層長さ(km)": "28.0", "断層幅(km)": "18.0", "走向角(度)": "258.1", "傾斜角(度)": "40.0", "平均ケース／平均活動間隔（年）": "-", "平均ケース／最新活動時期（年前）": "-", "平均ケース／30年発生確率": "0.0000000000", "平均ケース／50年発生確率": "0.0000000000", "確率過程": "同時活動モデル", "マグニチュード": "Mw7.9", "ばらつき": "-", "最大ケース／平均活動間隔（年）": "-999.0", "最大ケース／最新活動時期（年前）": "-", "最大ケース／30年発生確率": "0.0000000000", "最大ケース／50年発生確率": "0.0000000000" }, "geometry": { "type": "Polygon", "coordinates": [ [ [ 135.3955078125, 34.338900400404995 ], [ 135.098876953125, 34.284453254352883 ], [ 135.06591796875, 34.406909656520597 ], [ 135.362548828125, 34.46127728843706 ], [ 135.3955078125, 34.338900400404995 ] ] ] } },
{ "type": "Feature", "properties": { "断層面ID": "FH201BJ_00001", "断層コード": "FH201BJ", "name": "中央構造線断層帯（五条谷区間〜豊予海峡−由布院区間が同時に活動）（傾斜角90度）", "基準位置経度": "135.722", "基準位置緯度": "34.396", "上端深さ(km)": "4.0", "断層長さ(km)": "34.0", "断層幅(km)": "12.0", "走向角(度)": "249.5", "傾斜角(度)": "90.0", "平均ケース／平均活動間隔（年）": "-", "平均ケース／最新活動時期（年前）": "-", "平均ケース／30年発生確率": "0.0000000000", "平均ケース／50年発生確率": "0.0000000000", "確率過程": "同時活動モデル", "マグニチュード": "Mw7.9", "ばらつき": "-", "最大ケース／平均活動間隔（年）": "-999.0", "最大ケース／最新活動時期（年前）": "-", "最大ケース／30年発生確率": "0.0000000000", "最大ケース／50年発生確率": "0.0000000000" }, "geometry": { "type": "Polygon", "coordinates": [ [ [ 135.7196044921875, 34.393312223161118 ], [ 135.37353515625, 34.284453254352883 ], [ 135.7196044921875, 34.393312223161118 ] ] ] } },
{ "type": "Feature", "properties": { "断層面ID": "FH201BJ_00002", "断層コード": "FH201BJ", "name": "中央構造線断層帯（五条谷区間〜豊予海峡−由布院区間が同時に活動）（傾斜角90度）", "基準位置経度": "135.429", "基準位置緯度": "34.301", "上端深さ(km)": "4.0", "断層長さ(km)": "32.0", "断層幅(km)": "12.0", "走向角(度)": "258.1", "傾斜角(度)": "90.0", "平均ケース／平均活動間隔（年）": "-", "平均ケース／最新活動時期（年前）": "-", "平均ケース／30年発生確率": "0.0000000000", "平均ケース／50年発生確率": "0.0000000000", "確率過程": "同時活動モデル", "マグニチュード": "Mw7.9", "ばらつき": "-", "最大ケース／平均活動間隔（年）": "-999.0", "最大ケース／最新活動時期（年前）": "-", "最大ケース／30年発生確率": "0.0000000000", "最大ケース／50年発生確率": "0.0000000000" }, "geometry": { "type": "Polygon", "coordinates": [ [ [ 135.428466796875, 34.298068350990818 ], [ 135.087890625, 34.239053668516391 ], [ 135.428466796875, 34.298068350990818 ] ] ] } },
{ "type": "Feature", "properties": { "断層面ID": "FM201AJ_00001", "断層コード": "FM201AJ", "name": "中央構造線断層帯（全体が同時に活動）（傾斜角40度）", "基準位置経度": "135.660", "基準位置緯度": "34.549", "上端深さ(km)": "2.0", "断層長さ(km)": "18.0", "断層幅(km)": "18.0", "走向角(度)": "176.8", "傾斜角(度)": "40.0", "平均ケース／平均活動間隔（年）": "-", "平均ケース／最新活動時期（年前）": "-", "平均ケース／30年発生確率": "0.0000000000", "平均ケース／50年発生確率": "0.0000000000", "確率過程": "同時活動モデル", "マグニチュード": "Mw7.9", "ばらつき": "-", "最大ケース／平均活動間隔（年）": "-999.0", "最大ケース／最新活動時期（年前）": "-", "最大ケース／30年発生確率": "0.0000000000", "最大ケース／50年発生確率": "0.0000000000" }, "geometry": { "type": "Polygon", "coordinates": [ [ [ 135.6591796875, 34.547287001198029 ], [ 135.670166015625, 34.384246040152178 ], [ 135.516357421875, 34.379712580462197 ], [ 135.50537109375, 34.538237527295749 ], [ 135.6591796875, 34.547287001198029 ] ] ] } },
{ "type": "Feature", "properties": { "断層面ID": "FM201AJ_00002", "断層コード": "FM201AJ", "name": "中央構造線断層帯（全体が同時に活動）（傾斜角40度）", "基準位置経度": "135.693", "基準位置緯度": "34.410", "上端深さ(km)": "4.0", "断層長さ(km)": "30.0", "断層幅(km)": "18.0", "走向角(度)": "249.5", "傾斜角(度)": "40.0", "平均ケース／平均活動間隔（年）": "-", "平均ケース／最新活動時期（年前）": "-", "平均ケース／30年発生確率": "0.0000000000", "平均ケース／50年発生確率": "0.0000000000", "確率過程": "同時活動モデル", "マグニチュード": "Mw7.9", "ばらつき": "-", "最大ケース／平均活動間隔（年）": "-999.0", "最大ケース／最新活動時期（年前）": "-", "最大ケース／30年発生確率": "0.0000000000", "最大ケース／50年発生確率": "0.0000000000" }, "geometry": { "type": "Polygon", "coordinates": [ [ [ 135.692138671875, 34.406909656520597 ], [ 135.384521484375, 34.31168124115257 ], [ 135.32958984375, 34.42956713470528 ], [ 135.63720703125, 34.524661471771722 ], [ 135.692138671875, 34.406909656520597 ] ] ] } },
{ "type": "Feature", "properties": { "断層面ID": "FM201AJ_00003", "断層コード": "FM201AJ", "name": "中央構造線断層帯（全体が同時に活動）（傾斜角40度）", "基準位置経度": "135.397", "基準位置緯度": "34.340", "上端深さ(km)": "4.0", "断層長さ(km)": "28.0", "断層幅(km)": "18.0", "走向角(度)": "258.1", "傾斜角(度)": "40.0", "平均ケース／平均活動間隔（年）": "-", "平均ケース／最新活動時期（年前）": "-", "平均ケース／30年発生確率": "0.0000000000", "平均ケース／50年発生確率": "0.0000000000", "確率過程": "同時活動モデル", "マグニチュード": "Mw7.9", "ばらつき": "-", "最大ケース／平均活動間隔（年）": "-999.0", "最大ケース／最新活動時期（年前）": "-", "最大ケース／30年発生確率": "0.0000000000", "最大ケース／50年発生確率": "0.0000000000" }, "geometry": { "type": "Polygon", "coordinates": [ [ [ 135.3955078125, 34.338900400404995 ], [ 135.098876953125, 34.284453254352883 ], [ 135.06591796875, 34.406909656520597 ], [ 135.362548828125, 34.46127728843706 ], [ 135.3955078125, 34.338900400404995 ] ] ] } },
{ "type": "Feature", "properties": { "断層面ID": "FH201AJ_00001", "断層コード": "FH201AJ", "name": "中央構造線断層帯（全体が同時に活動）（傾斜角90度）", "基準位置経度": "135.660", "基準位置緯度": "34.549", "上端深さ(km)": "2.0", "断層長さ(km)": "18.0", "断層幅(km)": "18.0", "走向角(度)": "176.8", "傾斜角(度)": "40.0", "平均ケース／平均活動間隔（年）": "-", "平均ケース／最新活動時期（年前）": "-", "平均ケース／30年発生確率": "0.0000000000", "平均ケース／50年発生確率": "0.0000000000", "確率過程": "同時活動モデル", "マグニチュード": "Mw7.9", "ばらつき": "-", "最大ケース／平均活動間隔（年）": "-999.0", "最大ケース／最新活動時期（年前）": "-", "最大ケース／30年発生確率": "0.0000000000", "最大ケース／50年発生確率": "0.0000000000" }, "geometry": { "type": "Polygon", "coordinates": [ [ [ 135.6591796875, 34.547287001198029 ], [ 135.670166015625, 34.384246040152178 ], [ 135.516357421875, 34.379712580462197 ], [ 135.50537109375, 34.538237527295749 ], [ 135.6591796875, 34.547287001198029 ] ] ] } },
{ "type": "Feature", "properties": { "断層面ID": "FH201AJ_00002", "断層コード": "FH201AJ", "name": "中央構造線断層帯（全体が同時に活動）（傾斜角90度）", "基準位置経度": "135.722", "基準位置緯度": "34.396", "上端深さ(km)": "4.0", "断層長さ(km)": "34.0", "断層幅(km)": "12.0", "走向角(度)": "249.5", "傾斜角(度)": "90.0", "平均ケース／平均活動間隔（年）": "-", "平均ケース／最新活動時期（年前）": "-", "平均ケース／30年発生確率": "0.0000000000", "平均ケース／50年発生確率": "0.0000000000", "確率過程": "同時活動モデル", "マグニチュード": "Mw7.9", "ばらつき": "-", "最大ケース／平均活動間隔（年）": "-999.0", "最大ケース／最新活動時期（年前）": "-", "最大ケース／30年発生確率": "0.0000000000", "最大ケース／50年発生確率": "0.0000000000" }, "geometry": { "type": "Polygon", "coordinates": [ [ [ 135.7196044921875, 34.393312223161118 ], [ 135.37353515625, 34.284453254352883 ], [ 135.7196044921875, 34.393312223161118 ] ] ] } },
{ "type": "Feature", "properties": { "断層面ID": "FH201AJ_00003", "断層コード": "FH201AJ", "name": "中央構造線断層帯（全体が同時に活動）（傾斜角90度）", "基準位置経度": "135.429", "基準位置緯度": "34.301", "上端深さ(km)": "4.0", "断層長さ(km)": "32.0", "断層幅(km)": "12.0", "走向角(度)": "258.1", "傾斜角(度)": "90.0", "平均ケース／平均活動間隔（年）": "-", "平均ケース／最新活動時期（年前）": "-", "平均ケース／30年発生確率": "0.0000000000", "平均ケース／50年発生確率": "0.0000000000", "確率過程": "同時活動モデル", "マグニチュード": "Mw7.9", "ばらつき": "-", "最大ケース／平均活動間隔（年）": "-999.0", "最大ケース／最新活動時期（年前）": "-", "最大ケース／30年発生確率": "0.0000000000", "最大ケース／50年発生確率": "0.0000000000" }, "geometry": { "type": "Polygon", "coordinates": [ [ [ 135.428466796875, 34.298068350990818 ], [ 135.087890625, 34.239053668516391 ], [ 135.428466796875, 34.298068350990818 ] ] ] } }
]
}
