{
"type": "FeatureCollection",
"name": "JMA_plate_boundaries2",
"crs": { "type": "name", "properties": { "name": "urn:ogc:def:crs:OGC:1.3:CRS84" } },
"features": [
{ "type": "Feature", "properties": { }, "geometry": { "type": "LineString", "coordinates": [ [ 156.30018344648829, 47.983845227599915 ], [ 156.296586088519518, 47.979399920967076 ], [ 156.293040121378908, 47.975262959302988 ], [ 156.283969640214792, 47.964136845013861 ], [ 156.275027636121024, 47.954475369326296 ], [ 156.267935701839718, 47.947794561670008 ], [ 156.264749470495957, 47.943888858732485 ], [ 156.244604265870834, 47.926929885451138 ], [ 156.227439729276966, 47.910895947076042 ], [ 156.193932909339281, 47.882219864982126 ], [ 156.177693407651702, 47.867213743169536 ], [ 156.149325670526537, 47.845012905419402 ], [ 156.11037142280756, 47.820345307919254 ], [ 156.084573227088669, 47.806264221012924 ], [ 156.076247912932359, 47.801844609794152 ], [ 156.044488381150899, 47.775840850762748 ], [ 156.021670853463263, 47.758367969200151 ], [ 156.011289906181958, 47.751378816575112 ], [ 155.996900474306869, 47.739970052731294 ], [ 155.966168759088021, 47.722959688621813 ], [ 155.940653212923792, 47.702506139027946 ], [ 155.914341108923622, 47.68410822255909 ], [ 155.891626362892225, 47.665915869402731 ], [ 155.862128027548323, 47.649470804402632 ], [ 155.843010639485698, 47.634053555965053 ], [ 155.81978198517308, 47.617197364339951 ], [ 155.797992274047942, 47.609077613496162 ], [ 155.778155414391563, 47.596435469777347 ], [ 155.741976271391366, 47.57300125215221 ], [ 155.710011176297428, 47.550594851089585 ], [ 155.68781033854728, 47.538672178964511 ], [ 155.652864575422086, 47.514107363120615 ], [ 155.626860816390689, 47.501568001058054 ], [ 155.595717974546744, 47.482964521276692 ], [ 155.560052739827796, 47.460352556901562 ], [ 155.538468592015164, 47.447504849870235 ], [ 155.51462324776503, 47.435582177745168 ], [ 155.493141881608665, 47.424378977213848 ], [ 155.482966497639865, 47.418828767776319 ], [ 155.459532280014741, 47.405569934119995 ], [ 155.450487494264706, 47.400739196276213 ], [ 155.427361621608327, 47.387685925932388 ], [ 155.392518640139343, 47.366204559776016 ], [ 155.362300833201687, 47.349759494775924 ], [ 155.339791650482795, 47.330025416775811 ], [ 155.330438519764016, 47.324989115619537 ], [ 155.317282467763931, 47.318822216244499 ], [ 155.29610944657631, 47.294565745369361 ], [ 155.271339067419888, 47.276270610556757 ], [ 155.246774251575999, 47.256228187587894 ], [ 155.222106654075844, 47.234027349837767 ], [ 155.200830851231956, 47.21727393986891 ], [ 155.156531957387955, 47.181403141837457 ], [ 155.117166583043968, 47.147485195274761 ], [ 155.098460321606382, 47.130526221993414 ], [ 155.083145854825034, 47.110997707305806 ], [ 155.055292025981117, 47.092188664211946 ], [ 155.017879503105888, 47.053131634836724 ], [ 155.010993132137116, 47.040797836086654 ], [ 155.006984647543334, 47.034322591742864 ], [ 154.996398136949523, 47.024866679367811 ], [ 154.975944587355656, 47.002357496648941 ], [ 154.937709811230434, 46.941202411179837 ], [ 154.915303410167809, 46.916226468710946 ], [ 154.895877677136525, 46.883130775398264 ], [ 154.879432612136441, 46.858257614585625 ], [ 154.860726350698826, 46.834309488679231 ], [ 154.858156809292581, 46.830506567397961 ], [ 154.847364735386265, 46.810772489397849 ], [ 154.84109505435498, 46.799363725554031 ], [ 154.821258194698629, 46.771818241678872 ], [ 154.794637745729716, 46.745917264303728 ], [ 154.773053597917084, 46.722071920053587 ], [ 154.755991842979512, 46.707065798241011 ], [ 154.750030506916971, 46.701515588803474 ], [ 154.733791005229392, 46.682603764053368 ], [ 154.73111868216688, 46.679520314365853 ], [ 154.682502958760324, 46.634707512240588 ], [ 154.654032439978891, 46.612815019459212 ], [ 154.633990017010063, 46.59133365330284 ], [ 154.61158361594741, 46.573552426771485 ], [ 154.59030781310355, 46.555668418583885 ], [ 154.546214482572026, 46.521853253677435 ], [ 154.54138374472825, 46.520003183864929 ], [ 154.510035339571829, 46.502633083958578 ], [ 154.492254113040474, 46.492868826614774 ], [ 154.45504715347775, 46.46953739064589 ], [ 154.449908070665231, 46.466556722614619 ], [ 154.407973154914998, 46.445692046395756 ], [ 154.389164111821145, 46.433358247645685 ], [ 154.363879824383474, 46.416913182645594 ], [ 154.34743475938339, 46.406018327083032 ], [ 154.298099564383079, 46.371894817207831 ], [ 154.264078836164146, 46.349282852832701 ], [ 154.200354209288776, 46.311459203332483 ], [ 154.162324996476059, 46.294397448394889 ], [ 154.118642792569545, 46.264590768082215 ], [ 154.076707876819313, 46.242081585363337 ], [ 154.05430147575666, 46.229645004957014 ], [ 154.025830956975256, 46.201174486175603 ], [ 154.00527462572515, 46.190074067300536 ], [ 153.984409949506272, 46.160781295269125 ], [ 153.955219959131114, 46.138683239175251 ], [ 153.947202989943548, 46.124396588956415 ], [ 153.931271833224713, 46.113707296706359 ], [ 153.920890885943436, 46.092739838831243 ], [ 153.907529270630846, 46.074341922362386 ], [ 153.893756528693274, 46.052449429581017 ], [ 153.889542480787014, 46.039087814268434 ], [ 153.882039419880698, 46.017709229768307 ], [ 153.863949848380628, 45.985435789705626 ], [ 153.84729922006801, 45.971663047768047 ], [ 153.816875849817819, 45.944323127205394 ], [ 153.786144134598914, 45.921608381174011 ], [ 153.746162070317411, 45.895296277173863 ], [ 153.703302119660918, 45.870114771392458 ], [ 153.655816994473128, 45.844624920642318 ], [ 153.571124909722641, 45.798167612017046 ], [ 153.564958010347624, 45.794673035704534 ], [ 153.532992915253686, 45.781105857079453 ], [ 153.486124480003411, 45.757157731173066 ], [ 153.468651598440829, 45.745748967329256 ], [ 153.430416822315607, 45.723342566266631 ], [ 153.399685107096673, 45.702786235016511 ], [ 153.364430999002735, 45.683874410266405 ], [ 153.327224039440011, 45.660748537610026 ], [ 153.296183979252334, 45.634230870297372 ], [ 153.264424447470873, 45.614085665672263 ], [ 153.252296212033343, 45.606582604765975 ], [ 153.209744606345595, 45.583251168797091 ], [ 153.17305155506412, 45.565469942265736 ], [ 153.108093548313747, 45.530524179140535 ], [ 153.086612182157381, 45.518909851984219 ], [ 153.054030397125956, 45.501128625452864 ], [ 153.005106328750657, 45.464230010858905 ], [ 152.979205351375526, 45.4453181861088 ], [ 152.939428850406557, 45.41828661051489 ], [ 152.928122868218992, 45.413044746046118 ], [ 152.884954572593728, 45.389918873389732 ], [ 152.84281409353099, 45.367101345702096 ], [ 152.787620344124434, 45.345722761201976 ], [ 152.74229363371785, 45.320541255420586 ], [ 152.738696275749078, 45.318382840639323 ], [ 152.687408229280038, 45.299471015889218 ], [ 152.633036733123475, 45.268944863982789 ], [ 152.585140481310674, 45.238315930420114 ], [ 152.550297499841719, 45.21405945954497 ], [ 152.517921278122799, 45.199258901044885 ], [ 152.479275375372566, 45.171302290544723 ], [ 152.439807219372312, 45.148176417888358 ], [ 152.404655892934642, 45.124536636950722 ], [ 152.374540867653224, 45.101719109263094 ], [ 152.345762003903076, 45.08249893954423 ], [ 152.331680916996731, 45.07314580882543 ], [ 152.299613040246584, 45.054131202419072 ], [ 152.270936958152646, 45.036658320856475 ], [ 152.249866718621263, 45.018774312668874 ], [ 152.226226937683634, 45.01034621685632 ], [ 152.206492859683522, 44.999862487918762 ], [ 152.193131244370932, 44.988762069043702 ], [ 152.164763507245766, 44.966972357918571 ], [ 152.132592848839352, 44.947135498262213 ], [ 152.096824832464165, 44.917534381262037 ], [ 152.058384493026438, 44.891941748855636 ], [ 152.032894642276261, 44.866349116449236 ], [ 151.997434970869818, 44.836028527855312 ], [ 151.964544840869621, 44.817116703105206 ], [ 151.931346365900708, 44.79142128904256 ], [ 151.871116315337844, 44.7547282377611 ], [ 151.854568468681492, 44.745272325386047 ], [ 151.803280422212481, 44.72646328229218 ], [ 151.784779724087372, 44.716493461635871 ], [ 151.744078188212143, 44.69305924401074 ], [ 151.712832564711931, 44.68165048016693 ], [ 151.698340351180633, 44.671577877854368 ], [ 151.685184299180548, 44.661710838854312 ], [ 151.650752444336575, 44.644546302260466 ], [ 151.598333799648771, 44.615870220166556 ], [ 151.55681001052352, 44.589146989541398 ], [ 151.522378155679547, 44.569721256510036 ], [ 151.48856299077309, 44.553892881447446 ], [ 151.460195253647925, 44.537858943072358 ], [ 151.423502202366478, 44.514321943790975 ], [ 151.389481474147544, 44.495307337384617 ], [ 151.346107615209775, 44.468686888415711 ], [ 151.290708302490714, 44.440113587978054 ], [ 151.268507464740622, 44.42911595075924 ], [ 151.230375470271639, 44.411231942571632 ], [ 151.198615938490207, 44.396123039102797 ], [ 151.164081301989995, 44.381630825571456 ], [ 151.120810224708492, 44.360457804383842 ], [ 151.094498120708352, 44.349562948821273 ], [ 151.050815916801838, 44.327978801008655 ], [ 151.023784341207943, 44.313692150789819 ], [ 151.006517022957837, 44.303413985164759 ], [ 150.982877242020209, 44.289538461570928 ], [ 150.960676404270089, 44.275354593008352 ], [ 150.947828697238748, 44.26713206050831 ], [ 150.925319514519856, 44.254284353476983 ], [ 150.901268606957217, 44.24390340619567 ], [ 150.873517559769567, 44.229616755976842 ], [ 150.837646761738114, 44.214610634164252 ], [ 150.820379443488008, 44.208649298101719 ], [ 150.799514767269159, 44.201146237195424 ], [ 150.763027279300189, 44.185009517164083 ], [ 150.732706690706294, 44.175450823132778 ], [ 150.707525184924918, 44.166611600695227 ], [ 150.677410159643472, 44.160855827945191 ], [ 150.64513671958079, 44.151605478882637 ], [ 150.611938244611849, 44.140916186632573 ], [ 150.581566265189792, 44.134903459741899 ], [ 150.561421060564697, 44.129764376929366 ], [ 150.531203253627012, 44.120925154491822 ], [ 150.50499393128311, 44.11640276161679 ], [ 150.485902238634594, 44.110621293452702 ], [ 150.461851331071955, 44.102707105921404 ], [ 150.436772606946818, 44.09592351660887 ], [ 150.412002227790424, 44.090784433796337 ], [ 150.392062586477806, 44.083075809577544 ], [ 150.372842416758942, 44.073619897202484 ], [ 150.356602915071335, 44.069508630952463 ], [ 150.338307780258731, 44.053371910921122 ], [ 150.307678846696064, 44.034254522858511 ], [ 150.271294140383361, 44.015342698108405 ], [ 150.222472853664328, 43.990263973983261 ], [ 150.199346981007949, 43.981116406576959 ], [ 150.175912763382826, 43.964671341576867 ], [ 150.155253650476453, 43.952851451108046 ], [ 150.133052812726334, 43.944526136951751 ], [ 150.109001905163694, 43.936200822795449 ], [ 150.089987298757336, 43.927669945326649 ], [ 150.064703011319693, 43.919036286201603 ], [ 150.046099531538317, 43.90495519929528 ], [ 150.029448903225727, 43.898582736607743 ], [ 150.014956689694401, 43.886865627795174 ], [ 149.99881996966306, 43.878334750326374 ], [ 149.979702581600463, 43.871756724326339 ], [ 149.962435263350358, 43.862506375263784 ], [ 149.942290058725263, 43.848014161732451 ], [ 149.92163094581889, 43.837324869482387 ], [ 149.907652640568841, 43.826121668951068 ], [ 149.885040676193711, 43.811732237075987 ], [ 149.864998253224854, 43.797753931825902 ], [ 149.849375441474763, 43.789120272700856 ], [ 149.793256657161947, 43.755407889450666 ], [ 149.765197265005497, 43.740144813497444 ], [ 149.725831890661539, 43.722466368622342 ], [ 149.688522149442576, 43.700779439153472 ], [ 149.661079447223671, 43.68217595937211 ], [ 149.633945089973537, 43.661002938184495 ], [ 149.591393484285788, 43.635307524121849 ], [ 149.560558987410616, 43.615470664465484 ], [ 149.528799455629184, 43.599642289402887 ], [ 149.488200701410221, 43.575591381840255 ], [ 149.43012906562862, 43.534992627621271 ], [ 149.403508616659707, 43.519986505808689 ], [ 149.381410560565826, 43.502513624246085 ], [ 149.363629334034499, 43.489152008933502 ], [ 149.3386533915656, 43.472090253995901 ], [ 149.315013610627972, 43.458317512058322 ], [ 149.296615694159129, 43.446086494964504 ], [ 149.274723201377782, 43.433341569589437 ], [ 149.239366311627549, 43.414326963183072 ], [ 149.235152263721261, 43.41165464012056 ], [ 149.219632233627436, 43.404151579214258 ], [ 149.198459212439815, 43.395312356776707 ], [ 149.18160302081472, 43.38544531777665 ], [ 149.168446968814635, 43.379689545026622 ], [ 149.151385213877035, 43.372083702464074 ], [ 149.129081594470648, 43.362216663464018 ], [ 149.105544595189258, 43.343613183682663 ], [ 149.089099530189173, 43.32655142874507 ], [ 149.053742640438969, 43.301472704619925 ], [ 149.03606419556391, 43.294689115307378 ], [ 149.00605195193873, 43.278038486994788 ], [ 148.981487136094842, 43.268582574619728 ], [ 148.956202848657199, 43.253782016119644 ], [ 148.914679059531949, 43.228806073650752 ], [ 148.878499916531723, 43.210099812213137 ], [ 148.860204781719119, 43.198896611681825 ], [ 148.839031760531498, 43.183479363244238 ], [ 148.82464232865641, 43.1773124638692 ], [ 148.804188779062542, 43.168062114806645 ], [ 148.773970972124857, 43.154803281150322 ], [ 148.696473603311915, 43.125407727462644 ], [ 148.680028538311831, 43.11831579318136 ], [ 148.657724918905444, 43.108037627556307 ], [ 148.632440631467801, 43.097142771993738 ], [ 148.605614619186383, 43.08840633121244 ], [ 148.577349663717484, 43.076792004056124 ], [ 148.5540182277486, 43.060655284024783 ], [ 148.533256333185989, 43.048527048587218 ], [ 148.500982893123307, 43.033315363462123 ], [ 148.472717937654409, 43.019850966493316 ], [ 148.448461466779264, 43.005050407993231 ], [ 148.417010279966604, 42.990147067836894 ], [ 148.398817926810239, 42.980177247180585 ], [ 148.366236141778785, 42.967637885118016 ], [ 148.361405403935009, 42.965171125368002 ], [ 148.33827953127863, 42.953865143180437 ], [ 148.333243230122349, 42.95129560177417 ], [ 148.309397885872215, 42.94482035743038 ], [ 148.275274375997014, 42.932486558680303 ], [ 148.247009420528116, 42.921180576492745 ], [ 148.218024993465434, 42.907613397867671 ], [ 148.203738343246613, 42.897438013898864 ], [ 148.182359758746486, 42.883151363680035 ], [ 148.167456418590149, 42.875545521117488 ], [ 148.155328183152619, 42.859614364398645 ], [ 148.143611074340072, 42.847794473929831 ], [ 148.136930266683748, 42.837824653273529 ], [ 148.131277275589952, 42.820248990054672 ], [ 148.12675488271492, 42.811306985960876 ], [ 148.125727066152422, 42.807812409648356 ], [ 148.118121223589839, 42.798150933960798 ], [ 148.110823725996056, 42.784069847054468 ], [ 148.1078430579648, 42.779855799148194 ], [ 148.098181582277249, 42.770708231741892 ], [ 148.086772818433445, 42.755702109929302 ], [ 148.070636098402105, 42.741004333085471 ], [ 148.056349448183255, 42.725998211272895 ], [ 148.046585190839465, 42.712636595960319 ], [ 148.032401322276911, 42.698452727397729 ], [ 148.022945409901837, 42.686838400241413 ], [ 148.012256117651788, 42.675635199710101 ], [ 148.002697423620447, 42.667001540585048 ], [ 148.000744572151689, 42.647575807553686 ], [ 147.99509158105792, 42.645622956084928 ], [ 147.991083096464166, 42.642847851366156 ], [ 147.988667727542264, 42.63976440167864 ], [ 147.986457921932981, 42.638890757600507 ], [ 147.983168908932981, 42.635858698741117 ], [ 147.977567308667318, 42.63123352420984 ], [ 147.974638031464167, 42.628869546116078 ], [ 147.974432468151662, 42.627173648787938 ], [ 147.97309630662042, 42.62650556802231 ], [ 147.972222662542293, 42.626556958850436 ], [ 147.970423983557907, 42.625118015662927 ], [ 147.969498948651648, 42.623267945850422 ], [ 147.967134970557879, 42.621572048522282 ], [ 147.966107153995381, 42.621520657694155 ], [ 147.965541854885998, 42.621160921897285 ], [ 147.965593245714132, 42.619773369537896 ], [ 147.963023704307858, 42.616278793225376 ], [ 147.957524885698433, 42.610831365444099 ], [ 147.956651241620307, 42.60944381308471 ], [ 147.955777597542181, 42.607747915756576 ], [ 147.952642757026524, 42.603790821990927 ], [ 147.947041156760861, 42.599833728225285 ], [ 147.942981281338945, 42.594283518787755 ], [ 147.938099152667036, 42.589504171772106 ], [ 147.935837956229534, 42.58678045788146 ], [ 147.934347622213892, 42.584416479787699 ], [ 147.921577001424765, 42.573984141678253 ], [ 147.920497794034134, 42.572802152631368 ], [ 147.919315804987235, 42.571620163584491 ], [ 147.918031034284127, 42.571620163584491 ], [ 147.917311562690372, 42.570952082818863 ], [ 147.917054608549734, 42.569513139631354 ], [ 147.914844802940337, 42.566378299115712 ], [ 147.91052797337781, 42.563397631084449 ], [ 147.906056971330912, 42.556357087631284 ], [ 147.90245961336214, 42.553016683803136 ], [ 147.899119209534007, 42.55075548736562 ], [ 147.898040002143375, 42.548802635896863 ], [ 147.88462699600268, 42.539089769381178 ], [ 147.880978247205775, 42.537959171162427 ], [ 147.879950430643277, 42.537291090396792 ], [ 147.878460096627634, 42.534515985678027 ], [ 147.876353072674505, 42.533077042490518 ], [ 147.874091876236974, 42.532460352553016 ], [ 147.87219041559635, 42.530970018537381 ], [ 147.869877828330715, 42.52860604044362 ], [ 147.867154114440069, 42.525060073302974 ], [ 147.863710928955669, 42.524905900818602 ], [ 147.853741108299374, 42.517454230740434 ], [ 147.849784014533725, 42.513188792006034 ], [ 147.834366766096139, 42.501985591474714 ], [ 147.830204109017984, 42.500084130834082 ], [ 147.828354039205493, 42.498028497709072 ], [ 147.82300939308044, 42.495407565474679 ], [ 147.808311616236608, 42.486003043927745 ], [ 147.804714258267836, 42.484923836537114 ], [ 147.797776496470902, 42.48117230608397 ], [ 147.787138595049015, 42.473412291037043 ], [ 147.778093809298952, 42.468324599052643 ], [ 147.771156047502046, 42.465138367708875 ], [ 147.753683165939435, 42.452804568958804 ], [ 147.7512164061894, 42.451930924880671 ], [ 147.746796794970635, 42.449361383474404 ], [ 147.73708392845495, 42.441549977599358 ], [ 147.723413968173588, 42.43358439923994 ], [ 147.718480448673574, 42.431271811974305 ], [ 147.715859516439167, 42.429267569677421 ], [ 147.698438025704689, 42.423614578583638 ], [ 147.691705827220289, 42.420839473864874 ], [ 147.683945812173363, 42.418629668255491 ], [ 147.679731764267103, 42.417139334239856 ], [ 147.675928842985826, 42.416522644302354 ], [ 147.670584196860801, 42.414621183661716 ], [ 147.664108952517012, 42.414415620349217 ], [ 147.656862845751334, 42.411589124802326 ], [ 147.632760547360562, 42.408402893458558 ], [ 147.618165552172968, 42.408454284286684 ], [ 147.611279181204196, 42.406912559442929 ], [ 147.597300875954119, 42.405884742880424 ], [ 147.588667216829066, 42.405884742880424 ], [ 147.582191972485276, 42.404856926317926 ], [ 147.575305601516476, 42.403777718927294 ], [ 147.567288632328939, 42.401773476630403 ], [ 147.56122451461016, 42.402904074849154 ], [ 147.55474927026637, 42.400745660067898 ], [ 147.542312689860012, 42.398844199427259 ], [ 147.516308930828615, 42.39278008170848 ], [ 147.508805869922298, 42.390467494442838 ], [ 147.494365047219105, 42.388617424630326 ], [ 147.480438132797161, 42.386202055708438 ], [ 147.474528187562726, 42.384660330864676 ], [ 147.464506976078297, 42.38460894003655 ], [ 147.459316502437645, 42.383632514302171 ], [ 147.450425889171981, 42.384608940036557 ], [ 147.375960579218429, 42.384763112520929 ], [ 147.363369826327727, 42.382604697739666 ], [ 147.346256680561964, 42.382604697739666 ], [ 147.337520239780673, 42.383632514302171 ], [ 147.325135050202448, 42.382656088567785 ], [ 147.312698469796146, 42.38368390513029 ], [ 147.283508479420988, 42.383581123474045 ], [ 147.26963295582712, 42.384763112520922 ], [ 147.252160074264509, 42.383581123474045 ], [ 147.2438347601082, 42.383632514302178 ], [ 147.232477387092501, 42.384763112520936 ], [ 147.225436843639358, 42.38471172169281 ], [ 147.21449059724867, 42.385790929083441 ], [ 147.207244490482992, 42.384660330864683 ], [ 147.198199704732957, 42.385688147427189 ], [ 147.190850816311041, 42.385739538255315 ], [ 147.177848936795414, 42.387743780552199 ], [ 147.149840935467125, 42.387795171380326 ], [ 147.143262909467097, 42.386664573161568 ], [ 147.138226608310788, 42.386664573161568 ], [ 147.126817844466984, 42.385277020802185 ], [ 147.117927231201293, 42.383272778505294 ], [ 147.110321388638766, 42.381422708692781 ], [ 147.10256137359184, 42.378390649833392 ], [ 147.091409563888647, 42.374844682692746 ], [ 147.083546767185481, 42.369859772364599 ], [ 147.076968741185425, 42.368266656692711 ], [ 147.06725587466974, 42.363744263817686 ], [ 147.063401562560358, 42.363127573880185 ], [ 147.054356776810295, 42.359067698458283 ], [ 147.043873047872751, 42.351616028380121 ], [ 147.037449194357094, 42.3483270153801 ], [ 147.031025340841438, 42.343701840848823 ], [ 147.023984797388266, 42.336507124911279 ], [ 147.018383197122603, 42.328644328208107 ], [ 147.013706631763199, 42.324276107817461 ], [ 147.009595365513178, 42.317081391879917 ], [ 147.005175754294413, 42.312713171489264 ], [ 147.000139453138132, 42.300379372739201 ], [ 146.991608575669346, 42.287994183160997 ], [ 146.989552942544321, 42.283780135254723 ], [ 146.988422344325585, 42.279617478176576 ], [ 146.984311078075564, 42.273810314598414 ], [ 146.978246960356756, 42.261836251645221 ], [ 146.973878739966125, 42.248371854676392 ], [ 146.973313440856742, 42.245339795817003 ], [ 146.970743899450468, 42.241742437848231 ], [ 146.969253565434855, 42.236963090832575 ], [ 146.967557668106679, 42.228534995020027 ], [ 146.966478460716075, 42.218822128504343 ], [ 146.963240838544181, 42.21363165486369 ], [ 146.962264412809787, 42.20669389306677 ], [ 146.958924008981626, 42.201914546051121 ], [ 146.956046122606608, 42.192201679535437 ], [ 146.952654327950341, 42.186908424238531 ], [ 146.947849285520647, 42.179970662441619 ], [ 146.945022789973734, 42.176347609058787 ], [ 146.943455369715934, 42.174985752113464 ], [ 146.940603178754969, 42.170874485863443 ], [ 146.936286349192443, 42.165992357191534 ], [ 146.932637600395537, 42.162343608394643 ], [ 146.926881827645502, 42.158180951316496 ], [ 146.921896917317355, 42.153247431816467 ], [ 146.915832799598547, 42.14898199308206 ], [ 146.910385371817256, 42.146001325050797 ], [ 146.903755954989094, 42.139320517394502 ], [ 146.89445421509842, 42.132691100566333 ], [ 146.887208108332771, 42.127808971894432 ], [ 146.882994060426483, 42.123954659785035 ], [ 146.876159080285817, 42.120203129331891 ], [ 146.872972848942055, 42.117736369581877 ], [ 146.864904488926385, 42.113265367534979 ], [ 146.856579174770076, 42.109513837081835 ], [ 146.845375974238749, 42.103912236816178 ], [ 146.839260465691865, 42.099903752222403 ], [ 146.833144957144953, 42.097180038331764 ], [ 146.828828127582426, 42.095073014378627 ], [ 146.82173619330112, 42.09265764545674 ], [ 146.812434453410447, 42.088340815894213 ], [ 146.801179862051015, 42.084537894612936 ], [ 146.793625410316594, 42.07970715676916 ], [ 146.787252947629042, 42.077497351159771 ], [ 146.780417967488404, 42.073026349112872 ], [ 146.764795155738312, 42.057146583222156 ], [ 146.752255793675744, 42.042551588034577 ], [ 146.746808365894481, 42.035922171206408 ], [ 146.743467962066319, 42.032633158206394 ], [ 146.734474567144389, 42.027288512081363 ], [ 146.722346331706831, 42.019220152065692 ], [ 146.712787637675518, 42.015108885815671 ], [ 146.694492502862886, 42.011768481987531 ], [ 146.687708913550352, 42.00971284886252 ], [ 146.68041141595657, 42.00971284886252 ], [ 146.674809815690907, 42.00765721573751 ], [ 146.664069132612696, 42.006526617518759 ], [ 146.656411899222036, 42.004368202737496 ], [ 146.64947413742513, 42.002055615471853 ], [ 146.642896111425074, 42.001490316362478 ], [ 146.640377960846934, 42.000462499799973 ], [ 146.630767875987516, 41.999383292409334 ], [ 146.627838598784365, 41.998458257503081 ], [ 146.616635398253067, 41.993370565518674 ], [ 146.614220029331193, 41.991931622331172 ], [ 146.607950348299909, 41.989824598378036 ], [ 146.603582127909249, 41.987923137737397 ], [ 146.59869999923734, 41.984017434799874 ], [ 146.588370442784139, 41.977696362940463 ], [ 146.581484071815339, 41.972660061784183 ], [ 146.575265781612188, 41.970553037831046 ], [ 146.56735159408089, 41.967366806487277 ], [ 146.562983373690258, 41.964077793487256 ], [ 146.555685876096447, 41.960274872205986 ], [ 146.549930103346412, 41.957602549143466 ], [ 146.537750477080721, 41.95153843142468 ], [ 146.526393104064994, 41.945063187080898 ], [ 146.521305412080608, 41.942801990643382 ], [ 146.493246019924186, 41.923992947549522 ], [ 146.479216323846003, 41.91613015084635 ], [ 146.474436976830361, 41.914125908549458 ], [ 146.466214444330319, 41.909500734018181 ], [ 146.457991911830277, 41.904618605346279 ], [ 146.454188990549, 41.902871317190019 ], [ 146.442369100080157, 41.89557381959623 ], [ 146.428390794830079, 41.888224931174307 ], [ 146.424690655205069, 41.885603998939921 ], [ 146.41425831709563, 41.881441341861766 ], [ 146.405367703829967, 41.87491470668985 ], [ 146.398224378720556, 41.87111178540858 ], [ 146.394215894126773, 41.868645025658559 ], [ 146.384759981751699, 41.861398918892895 ], [ 146.370421940704745, 41.849322074283457 ], [ 146.366824582735973, 41.844902463064678 ], [ 146.359578475970267, 41.839249471970895 ], [ 146.355826945517123, 41.83426456164274 ], [ 146.347296068048337, 41.827892098955203 ], [ 146.341694467782673, 41.822239107861421 ], [ 146.335887304204505, 41.819052876517645 ], [ 146.331724647126379, 41.813708230392621 ], [ 146.322011780610694, 41.80867192923634 ], [ 146.310089108485613, 41.800757741705048 ], [ 146.302791610891802, 41.797674292017533 ], [ 146.294363515079255, 41.793563025767504 ], [ 146.283314487032328, 41.785957183204964 ], [ 146.27370440217291, 41.78220565275182 ], [ 146.264145708141598, 41.777015179111167 ], [ 146.25797880876658, 41.773880338595532 ], [ 146.251143828625914, 41.771156624704886 ], [ 146.248060378938391, 41.770694107251764 ], [ 146.243692158547731, 41.769049600751757 ], [ 146.237062741719569, 41.764886943673602 ], [ 146.228994381703899, 41.761649321501714 ], [ 146.21722588206319, 41.755225467986051 ], [ 146.208438050453765, 41.752244799954781 ], [ 146.204018439235, 41.750343339314149 ], [ 146.194254181891182, 41.745255647329735 ], [ 146.187110856781771, 41.742686105923475 ], [ 146.182485682250501, 41.73996239203283 ], [ 146.177552162750459, 41.737803977251566 ], [ 146.173749241469181, 41.736827551517187 ], [ 146.164704455719146, 41.731071778767152 ], [ 146.155916624109722, 41.728039719907763 ], [ 146.146923229187792, 41.722746464610857 ], [ 146.133458832218935, 41.717350427657699 ], [ 146.130118428390801, 41.714061414657678 ], [ 146.12163894175012, 41.708922331845152 ], [ 146.112183029375075, 41.702241524188864 ], [ 146.097022735078127, 41.693607865063811 ], [ 146.089725237484316, 41.690935542001299 ], [ 146.083147211484288, 41.68692705740753 ], [ 146.073177390827965, 41.681685192938744 ], [ 146.059661603031032, 41.671663981454309 ], [ 146.053803048624758, 41.669916693298049 ], [ 146.045991642749726, 41.666062381188652 ], [ 146.039002490124687, 41.664880392141775 ], [ 146.031293865905894, 41.660871907547993 ], [ 146.025178357358982, 41.659689918501108 ], [ 146.019833711233957, 41.65819958448548 ], [ 146.012844558608919, 41.655732824735466 ], [ 146.005135934390097, 41.654550835688589 ], [ 145.998969035015079, 41.65059374192294 ], [ 145.991620146593164, 41.648435327141677 ], [ 145.972811103499282, 41.646019958219789 ], [ 145.96232737456171, 41.643861543438526 ], [ 145.948657414280376, 41.642679554391634 ], [ 145.919981332186467, 41.639596104704118 ], [ 145.915304766827063, 41.637797425719732 ], [ 145.902559841451989, 41.636615436672855 ], [ 145.897626321951947, 41.634765366860343 ], [ 145.879999267904964, 41.631938871313452 ], [ 145.872187862029932, 41.629163766594687 ], [ 145.863913938701756, 41.626285880219669 ], [ 145.857284521873595, 41.623664947985283 ], [ 145.848445299436037, 41.621609314860272 ], [ 145.838064352154731, 41.61847447434463 ], [ 145.830561291248415, 41.614979898032111 ], [ 145.827220887420282, 41.613438173188349 ], [ 145.82295544868586, 41.612204793313346 ], [ 145.818998354920211, 41.610251941844581 ], [ 145.813962053763959, 41.608247699547704 ], [ 145.811957811467067, 41.60737405546957 ], [ 145.801371300873285, 41.599357086282026 ], [ 145.798287851185762, 41.596479199907009 ], [ 145.790733399451341, 41.592162370344482 ], [ 145.786056834092051, 41.586612160906959 ], [ 145.779341765883657, 41.580205437667338 ], [ 145.778382470425328, 41.57838962840691 ], [ 145.768823776394044, 41.57390149608397 ], [ 145.761526278800233, 41.569413363761022 ], [ 145.748952656185566, 41.562252908375569 ], [ 145.744121918341818, 41.560437099115141 ], [ 145.735796604185509, 41.556976783354699 ], [ 145.725586959664611, 41.553756291458853 ], [ 145.715274533487474, 41.550398757354664 ], [ 145.708936331352021, 41.548685729750488 ], [ 145.684714121028975, 41.544745766260874 ], [ 145.674607258164343, 41.541970661542116 ], [ 145.664363353091375, 41.540463197250432 ], [ 145.654804659060062, 41.537825134740004 ], [ 145.633323292903697, 41.534810206156649 ], [ 145.616535622382742, 41.530698939906628 ], [ 145.603859218111864, 41.528574785677449 ], [ 145.581281514288804, 41.524429258875337 ], [ 145.572339510195008, 41.52161989360448 ], [ 145.547123743861505, 41.513911269385687 ], [ 145.536023324986473, 41.509731482031491 ], [ 145.525847941017645, 41.502433984437701 ], [ 145.507552806205041, 41.493286417031399 ], [ 145.504914743694627, 41.491624780255329 ], [ 145.491895733902908, 41.480678533864648 ], [ 145.481240702204929, 41.470742973760402 ], [ 145.465412327142275, 41.457347097895727 ], [ 145.461540884756801, 41.452756183916527 ], [ 145.456538844152618, 41.449090304843587 ], [ 145.450406205329671, 41.442854884364372 ], [ 145.445883812454611, 41.433775838062232 ], [ 145.444205045402526, 41.427848762551776 ], [ 145.439579870871256, 41.421476299864231 ], [ 145.436462160631635, 41.412431514114168 ], [ 145.434440788058708, 41.40886841669748 ], [ 145.430295261256589, 41.404140460509943 ], [ 145.425464523412813, 41.396842962916139 ], [ 145.42196994710028, 41.392252048936946 ], [ 145.416008611037739, 41.386222191770237 ], [ 145.409293542829374, 41.378616349207675 ], [ 145.404291502225163, 41.373888393020145 ], [ 145.389627985933458, 41.361280509853401 ], [ 145.3827758755167, 41.356655335322124 ], [ 145.375649680683324, 41.353195019561682 ], [ 145.37170971719371, 41.350488435947078 ], [ 145.36293901586032, 41.347028120186643 ], [ 145.35742306697486, 41.342779811728285 ], [ 145.349988527172741, 41.338291679405337 ], [ 145.333474941068459, 41.330103407457372 ], [ 145.324327373662129, 41.324210592498993 ], [ 145.319085509193371, 41.322394783238572 ], [ 145.308259174734957, 41.315816757238515 ], [ 145.301372803766156, 41.311191582707238 ], [ 145.284859217661904, 41.302318099717596 ], [ 145.281330380797272, 41.30074211432175 ], [ 145.273279151057608, 41.298515178436318 ], [ 145.268722497630534, 41.296870671936311 ], [ 145.259814754088808, 41.292451060717539 ], [ 145.251215355515825, 41.289744477102943 ], [ 145.241999267005355, 41.285701731957076 ], [ 145.236277754807389, 41.283063669446641 ], [ 145.231960925244863, 41.281624726259132 ], [ 145.224012477161494, 41.276725467311181 ], [ 145.215618641901045, 41.270935434009054 ], [ 145.207224806640568, 41.268091808186121 ], [ 145.200818083400947, 41.266104696165272 ], [ 145.187970376369606, 41.260280402311061 ], [ 145.183859110119585, 41.258156248081889 ], [ 145.176904218046616, 41.255723748883952 ], [ 145.173341120629914, 41.253599594654773 ], [ 145.155799717963134, 41.246953047550569 ], [ 145.148022572640173, 41.243287168477622 ], [ 145.132365500338011, 41.237497135175509 ], [ 145.127260678077533, 41.2345849882484 ], [ 145.115063921535778, 41.229822771508786 ], [ 145.111363781910768, 41.227458793415025 ], [ 145.103689418244045, 41.225642984154597 ], [ 145.098858680400269, 41.224135519862919 ], [ 145.088203648702319, 41.219544605883719 ], [ 145.075972631608465, 41.214885170800358 ], [ 145.070353901066767, 41.213274924852428 ], [ 145.062199889670893, 41.210122954060751 ], [ 145.054902392077111, 41.208101581487824 ], [ 145.046508556816605, 41.20498387124821 ], [ 145.026603176056085, 41.20001609119609 ], [ 145.019202896806007, 41.199022535185669 ], [ 145.016256489326821, 41.197823415862743 ], [ 145.014577722274737, 41.19648725433148 ], [ 145.011117406514302, 41.195562219425227 ], [ 145.001695754691355, 41.192136164216876 ], [ 144.990800899128772, 41.189600883362687 ], [ 144.98764892833708, 41.187785074102266 ], [ 144.981242205097459, 41.185455356560581 ], [ 144.977816149889094, 41.183742328956406 ], [ 144.975280869034918, 41.1835367656439 ], [ 144.970826997264055, 41.181344090310553 ], [ 144.96829171640988, 41.180179231539711 ], [ 144.963358196909837, 41.178294901175107 ], [ 144.95856171961816, 41.177095781852181 ], [ 144.955169924961865, 41.175451275352174 ], [ 144.950990137607704, 41.174594761550082 ], [ 144.946776089701444, 41.172881733945907 ], [ 144.94465193547228, 41.172333565112567 ], [ 144.939512852659732, 41.169250115425044 ], [ 144.929029123722074, 41.165310151935437 ], [ 144.926973490597078, 41.163768427091689 ], [ 144.924952118024123, 41.163185997706265 ], [ 144.923581695940783, 41.161986878383345 ], [ 144.919778774659505, 41.160856280164587 ], [ 144.91265257982613, 41.158389520414559 ], [ 144.909569130138607, 41.156573711154131 ], [ 144.902442935305203, 41.152119839383268 ], [ 144.889972094346632, 41.145987200560306 ], [ 144.886614560242464, 41.143657483018622 ], [ 144.879488365409088, 41.140848117747773 ], [ 144.873389987138211, 41.137010935914411 ], [ 144.865098933534, 41.133721922914397 ], [ 144.858726470846477, 41.1295421355602 ], [ 144.850572459450632, 41.126047559247681 ], [ 144.845364855533916, 41.122827067351828 ], [ 144.828577185012961, 41.112137775101765 ], [ 144.815215569700342, 41.098639117580831 ], [ 144.809870923575346, 41.09199257047662 ], [ 144.803772545304469, 41.086236797726585 ], [ 144.7991131102211, 41.079316166205707 ], [ 144.78568297380437, 41.066228635309784 ], [ 144.784106988408524, 41.064515607705601 ], [ 144.781914313075163, 41.061089552497251 ], [ 144.776364103637633, 41.057046807351391 ], [ 144.772732485116762, 41.051085471288836 ], [ 144.760809812991681, 41.03936836247626 ], [ 144.757931926616664, 41.034297800767895 ], [ 144.753203970429126, 41.028336464705355 ], [ 144.748407493137449, 41.022443649746982 ], [ 144.745118480137421, 41.017304566934449 ], [ 144.738129327512354, 41.012028441913579 ], [ 144.73552552555401, 41.008670907809389 ], [ 144.733332850220677, 41.004628162663529 ], [ 144.730317921637322, 41.00113358635101 ], [ 144.729290105074796, 40.995103729184315 ], [ 144.725041796616438, 40.985031126871739 ], [ 144.721136093678922, 40.97845310087169 ], [ 144.71202278682469, 40.965022964454931 ], [ 144.7078429994705, 40.957965290725717 ], [ 144.701196452366275, 40.952003954663176 ], [ 144.687971879262051, 40.94282212670479 ], [ 144.680160473386991, 40.939190508183934 ], [ 144.674952869470275, 40.938436776038095 ], [ 144.670224913282766, 40.935764452975576 ], [ 144.658987452199341, 40.92809008930886 ], [ 144.6530261161368, 40.923567696433828 ], [ 144.650559356386793, 40.920004599017133 ], [ 144.644323935907579, 40.913632136329596 ], [ 144.64274795051179, 40.911576503204579 ], [ 144.641240486220113, 40.909109743454565 ], [ 144.639458937511762, 40.903216928496192 ], [ 144.639527458615902, 40.897803761266985 ], [ 144.637882952115916, 40.891842425204452 ], [ 144.639458937511733, 40.886497779079413 ], [ 144.640418232970092, 40.880810527433539 ], [ 144.643433161553418, 40.876562218975174 ], [ 144.645831400199285, 40.87060088291264 ], [ 144.647955554428449, 40.86210426599591 ], [ 144.648503723261797, 40.859020816308394 ], [ 144.646996258970091, 40.85045567828751 ], [ 144.649188934303453, 40.84319244124579 ], [ 144.648229638845123, 40.821060124599818 ], [ 144.649120413199284, 40.800503793349677 ], [ 144.651039004115944, 40.79214421864129 ], [ 144.651176046324338, 40.773232393891163 ], [ 144.648229638845152, 40.754594653557703 ], [ 144.64411837259513, 40.749250007432671 ], [ 144.635347671261741, 40.733901280099239 ], [ 144.62397316796995, 40.705670585182389 ], [ 144.619519296199115, 40.698064742619835 ], [ 144.613146833511564, 40.685662422765581 ], [ 144.606979934136547, 40.67572686266135 ], [ 144.599579654886469, 40.664146796057103 ], [ 144.598414796115634, 40.662502289557089 ], [ 144.595948036365627, 40.660104050911244 ], [ 144.593207192198946, 40.652361166140359 ], [ 144.58710881392804, 40.640438494015285 ], [ 144.581969731115493, 40.626802794286036 ], [ 144.578749239219661, 40.613304136765116 ], [ 144.573884240823816, 40.604396393223382 ], [ 144.570595227823787, 40.593227453244147 ], [ 144.567032130407057, 40.57959175351489 ], [ 144.563743117407057, 40.57136922101482 ], [ 144.562304174219548, 40.56732647586896 ], [ 144.557987344657022, 40.557939084598061 ], [ 144.553944599511169, 40.551635143014686 ], [ 144.552642698531997, 40.547729440077156 ], [ 144.55024445988613, 40.542247751743787 ], [ 144.545310940386173, 40.532449233847892 ], [ 144.537773618927758, 40.519430224056144 ], [ 144.532017846177723, 40.511002128243582 ], [ 144.522356370490172, 40.498462766180999 ], [ 144.513174542531772, 40.490377275889287 ], [ 144.505637221073385, 40.484278897618417 ], [ 144.497003561948333, 40.473795168680837 ], [ 144.484327157677427, 40.462763270909932 ], [ 144.476995399531575, 40.456596371534886 ], [ 144.468841388135701, 40.451114683201517 ], [ 144.4616466721981, 40.445084826034808 ], [ 144.452670407552205, 40.436314124701411 ], [ 144.444379353947994, 40.428571239930534 ], [ 144.436910553593776, 40.423158072701334 ], [ 144.430126964281271, 40.418430116513804 ], [ 144.423274853864513, 40.412742864867923 ], [ 144.418889503197818, 40.40616483886788 ], [ 144.414024504801944, 40.399929418388673 ], [ 144.409159506406127, 40.395681109930308 ], [ 144.403335212551923, 40.39088463263861 ], [ 144.396894228760203, 40.386499281971915 ], [ 144.391138456010111, 40.381360199159381 ], [ 144.388603175155907, 40.376152595242687 ], [ 144.385862330989227, 40.370807949117655 ], [ 144.383806697864259, 40.359913093555093 ], [ 144.383258529030911, 40.354431405221725 ], [ 144.384080782280904, 40.343947676284138 ], [ 144.387643879697606, 40.337917819117436 ], [ 144.391138456010111, 40.331819440846559 ], [ 144.395523806676806, 40.326406273617359 ], [ 144.397305355385157, 40.321541275221492 ], [ 144.400046199551838, 40.317361487867295 ], [ 144.402375917093508, 40.311948320638095 ], [ 144.404979719051852, 40.306809237825561 ], [ 144.407103873281045, 40.303040577096368 ], [ 144.410255844072765, 40.288959490190003 ], [ 144.41005028076026, 40.271281045314886 ], [ 144.409296548614407, 40.262510343981489 ], [ 144.40587049340607, 40.247641264377229 ], [ 144.402992607031024, 40.236335282189664 ], [ 144.398949861885143, 40.226057116564597 ], [ 144.394495990114279, 40.22050690712706 ], [ 144.391481061530897, 40.215710429835362 ], [ 144.38394374007251, 40.209200924939481 ], [ 144.376543460822461, 40.202143251210273 ], [ 144.369828392614096, 40.194057760918547 ], [ 144.364141140968229, 40.189809452460189 ], [ 144.353725933134825, 40.179394244626785 ], [ 144.344544105176453, 40.171034669918399 ], [ 144.341529176593099, 40.166032629314195 ], [ 144.331388053176397, 40.151574676334938 ], [ 144.328236082384706, 40.143078059418208 ], [ 144.320835803134685, 40.12951088079312 ], [ 144.317889395655499, 40.117725250876376 ], [ 144.318026437863807, 40.110530534938832 ], [ 144.321521014176341, 40.094496596563722 ], [ 144.322206225217968, 40.085246247501175 ], [ 144.321452493072144, 40.075447729605266 ], [ 144.321726577488818, 40.068664140292718 ], [ 144.318506085592958, 40.054206187313468 ], [ 144.317409747926291, 40.04344837395923 ], [ 144.316518973572101, 40.037281474584191 ], [ 144.311928059592901, 40.025701407979938 ], [ 144.305418554697042, 40.006446977708976 ], [ 144.305212991384536, 40.001102331583944 ], [ 144.302883273842866, 39.990070433813038 ], [ 144.302951794947035, 39.981025648062975 ], [ 144.302335105009519, 39.977256987333782 ], [ 144.304527780342852, 39.970130792500406 ], [ 144.305350033592873, 39.965197273000371 ], [ 144.31336700278041, 39.951424531062777 ], [ 144.318985733322137, 39.945942842729416 ], [ 144.324467421655527, 39.939364816729373 ], [ 144.331388053176397, 39.932786790729317 ], [ 144.339542064572271, 39.923467920562587 ], [ 144.349066498051485, 39.909832220833344 ], [ 144.352835158780692, 39.903802363666635 ], [ 144.357631636072369, 39.891948212645723 ], [ 144.359481705884889, 39.882286736958157 ], [ 144.35941318478072, 39.875640189853947 ], [ 144.356466777301534, 39.866526882999722 ], [ 144.356603819509871, 39.862278574541364 ], [ 144.354479665280678, 39.859058082645511 ], [ 144.353109243197338, 39.851863366707967 ], [ 144.351122131176481, 39.849054001437111 ], [ 144.350094314613983, 39.844600129666247 ], [ 144.348792413634811, 39.841585201082893 ], [ 144.347559033759808, 39.838501751395377 ], [ 144.344475584072285, 39.835212738395356 ], [ 144.33652713598886, 39.823084502957776 ], [ 144.328304603488789, 39.812258168499362 ], [ 144.319602423259596, 39.802733735020141 ], [ 144.315833762530389, 39.797320567790926 ], [ 144.313161439467848, 39.791907400561726 ], [ 144.30980390536368, 39.785946064499186 ], [ 144.306926018988634, 39.778956911874133 ], [ 144.301581372863609, 39.764430437790708 ], [ 144.301786936176114, 39.756481989707318 ], [ 144.300347992988605, 39.752028117936455 ], [ 144.300279471884409, 39.739968403603037 ], [ 144.302335105009405, 39.735857137353008 ], [ 144.303157358259426, 39.73160882889465 ], [ 144.300005387467735, 39.718795382415401 ], [ 144.297058979988549, 39.711874750894523 ], [ 144.293564403676015, 39.706667146977829 ], [ 144.292742150426022, 39.703104049561134 ], [ 144.286849335467622, 39.69460743264441 ], [ 144.282189900384282, 39.684534830331849 ], [ 144.276434127634246, 39.671995468269266 ], [ 144.275474832175888, 39.660346880560851 ], [ 144.274241452300885, 39.655139276644157 ], [ 144.271774692550906, 39.650753925977462 ], [ 144.268965327280057, 39.641983224644065 ], [ 144.265196666550878, 39.631773580123173 ], [ 144.263415117842527, 39.628758651539819 ], [ 144.258207513925811, 39.610394995623032 ], [ 144.256014838592449, 39.605667039435502 ], [ 144.254438853196604, 39.603063237477144 ], [ 144.252040614550765, 39.594772183872927 ], [ 144.248477517134063, 39.587783031247874 ], [ 144.245873715175719, 39.58182169518534 ], [ 144.239432731383999, 39.569008248706083 ], [ 144.236760408321487, 39.564485855831052 ], [ 144.234978859613136, 39.558113393143515 ], [ 144.232238015446455, 39.554344732414322 ], [ 144.228195270300574, 39.541188680414237 ], [ 144.227235974842245, 39.530156782643324 ], [ 144.224015482946385, 39.517480378372404 ], [ 144.224152525154693, 39.510902352372369 ], [ 144.2233302719047, 39.504118763059829 ], [ 144.221343159883844, 39.496649962705611 ], [ 144.221343159883872, 39.482260530830516 ], [ 144.223398793008869, 39.474654688267961 ], [ 144.224700693988041, 39.467117366809582 ], [ 144.226208158279718, 39.461156030747041 ], [ 144.225317383925528, 39.426621394246823 ], [ 144.222576539758848, 39.419152593892605 ], [ 144.221137596571339, 39.403118655517503 ], [ 144.218328231300461, 39.385234647329881 ], [ 144.215518866029612, 39.376806551517326 ], [ 144.213463232904587, 39.367898807975607 ], [ 144.21229837413378, 39.350083320892146 ], [ 144.210311262112924, 39.339188465329578 ], [ 144.2095575299671, 39.313561572371057 ], [ 144.206268516967128, 39.30122777362098 ], [ 144.206268516967071, 39.285947567391709 ], [ 144.20770746015458, 39.277930598204158 ], [ 144.208392671196236, 39.270530318954108 ], [ 144.208324150092068, 39.263061518599891 ], [ 144.209831614383745, 39.252988916287329 ], [ 144.210379783217064, 39.23531047141222 ], [ 144.208187107883731, 39.225991601245489 ], [ 144.210311262112924, 39.218385758682928 ], [ 144.211202036467114, 39.206463086557854 ], [ 144.210311262112953, 39.194403372224443 ], [ 144.212366895237949, 39.18727717739106 ], [ 144.212572458550454, 39.170832112390961 ], [ 144.210859430946272, 39.161239157807564 ], [ 144.211133515362945, 39.144520008390778 ], [ 144.208118586779591, 39.133830716140707 ], [ 144.208255628987928, 39.125745225848988 ], [ 144.206062953654595, 39.116152271265591 ], [ 144.206268516967128, 39.090867983827913 ], [ 144.204212883842104, 39.081754676973688 ], [ 144.206337038071268, 39.074697003244474 ], [ 144.208255628987956, 39.059622360327708 ], [ 144.208392671196293, 39.053729545369329 ], [ 144.212435416342146, 39.037490043681721 ], [ 144.213805838425458, 39.026321103702486 ], [ 144.216615203696307, 39.02083941536911 ], [ 144.218602315717192, 39.006998152327355 ], [ 144.218533794613023, 39.002886886077327 ], [ 144.217163372529683, 38.998844140931467 ], [ 144.216341119279662, 38.978835978514667 ], [ 144.214970697196321, 38.970202319389607 ], [ 144.214354007258805, 38.966913306389586 ], [ 144.215039218300461, 38.953483169972834 ], [ 144.21647816148797, 38.944164299806104 ], [ 144.214216965050468, 38.934365781910202 ], [ 144.214422528362945, 38.927582192597662 ], [ 144.205857390342061, 38.90161269411832 ], [ 144.198662674404517, 38.890512275243246 ], [ 144.19297542275865, 38.877082138826488 ], [ 144.188384508779478, 38.866392846576417 ], [ 144.179682328550228, 38.851455245867996 ], [ 144.176598878862706, 38.848851443909645 ], [ 144.162277968091786, 38.827541380513651 ], [ 144.157961138529259, 38.823087508742795 ], [ 144.152616492404206, 38.815139060659412 ], [ 144.149053394987504, 38.805066458346843 ], [ 144.149258958299981, 38.798214347930134 ], [ 144.14836818394582, 38.793623433950941 ], [ 144.146518114133301, 38.790951110888422 ], [ 144.146449593029132, 38.776493157909158 ], [ 144.147271846279153, 38.770737385159116 ], [ 144.144805086529118, 38.755936826659017 ], [ 144.141104946904079, 38.75038661722148 ], [ 144.137884455008219, 38.743328943492266 ], [ 144.130963823487377, 38.728665427200504 ], [ 144.127948894904023, 38.721950358992125 ], [ 144.124933966320668, 38.716742755075423 ], [ 144.122124601049791, 38.707629448221191 ], [ 144.118630024737257, 38.699132831304468 ], [ 144.117396644862254, 38.69097881990858 ], [ 144.115409532841397, 38.687826849116888 ], [ 144.115546575049706, 38.681180302012677 ], [ 144.113422420820541, 38.668092771116754 ], [ 144.109859323403867, 38.655279324637505 ], [ 144.10369242402885, 38.639382428470739 ], [ 144.100129326612176, 38.628967220637335 ], [ 144.097388482445496, 38.621018772553953 ], [ 144.094030948341299, 38.611768423491391 ], [ 144.092729047362127, 38.606149692949685 ], [ 144.089714118778801, 38.598064202657966 ], [ 144.088001091174618, 38.59107505003292 ], [ 144.085945458049594, 38.582509912012029 ], [ 144.084369472653748, 38.573122520741137 ], [ 144.08238236063292, 38.565927804803593 ], [ 144.080600811924569, 38.554279217095171 ], [ 144.081217501862113, 38.528446760824167 ], [ 144.083547219403755, 38.518305637407437 ], [ 144.087110316820457, 38.505697754240686 ], [ 144.088960386633005, 38.497817827261457 ], [ 144.090399329820514, 38.489526773657239 ], [ 144.092317920737202, 38.483702479803036 ], [ 144.092112357424668, 38.473903961907133 ], [ 144.095812497049707, 38.466366640448754 ], [ 144.100060805508065, 38.458897840094536 ], [ 144.10259608636224, 38.449236364406978 ], [ 144.103212776299756, 38.443343549448599 ], [ 144.102253480841398, 38.433065383823532 ], [ 144.098895946737201, 38.419018557469279 ], [ 144.095606933737173, 38.408740391844205 ], [ 144.092112357424668, 38.402162365844163 ], [ 144.090810456445496, 38.389965609302408 ], [ 144.087932570070478, 38.37790589496899 ], [ 144.087452922341328, 38.364749842968905 ], [ 144.086082500257959, 38.350737277166743 ], [ 144.087452922341328, 38.345975060427115 ], [ 144.085397289216303, 38.338095133447894 ], [ 144.082999050570464, 38.331791191864525 ], [ 144.079298910945425, 38.32617246132282 ], [ 144.076900672299587, 38.317196196676917 ], [ 144.072926448257903, 38.308562537551857 ], [ 144.069705956362043, 38.302738243697654 ], [ 144.067787365445355, 38.298215850822622 ], [ 144.065115042382843, 38.28773212188505 ], [ 144.061963071591151, 38.279098462759997 ], [ 144.05648138325779, 38.270259240322439 ], [ 144.054151665716091, 38.263064524384895 ], [ 144.044764274445214, 38.251758542197315 ], [ 144.034897235445129, 38.23654685707222 ], [ 144.029963715945115, 38.225103832676311 ], [ 144.024070900986743, 38.217018342384591 ], [ 144.014752030819977, 38.199613981926134 ], [ 144.012490834382476, 38.192624829301089 ], [ 144.008996258069971, 38.187348704280218 ], [ 144.006940624944946, 38.181455889321846 ], [ 144.007009146049143, 38.175837158780141 ], [ 144.003514569736609, 38.163366317821726 ], [ 144.003651611944917, 38.15651420740501 ], [ 144.002212668757409, 38.149525054779964 ], [ 144.000157035632384, 38.141576606696574 ], [ 143.999471824590756, 38.134176327446525 ], [ 143.998032881403248, 38.131161398863171 ], [ 143.997279149257395, 38.125542668321465 ], [ 143.997347670361563, 38.106014153633836 ], [ 143.995977248278223, 38.098750916592117 ], [ 143.994675347299022, 38.078948317487814 ], [ 143.994127178465675, 38.070588742779428 ], [ 143.993304925215625, 38.017690450362416 ], [ 143.991728939819808, 38.009673481174865 ], [ 143.990495559944833, 37.996722992487278 ], [ 143.991317813194826, 37.988294896674724 ], [ 143.990564081049001, 37.983361377174688 ], [ 143.991386334298966, 37.978222294362155 ], [ 143.990495559944804, 37.974385112528793 ], [ 143.992688235278138, 37.967190396591249 ], [ 143.992619714173998, 37.956021456612014 ], [ 143.991249292090657, 37.949032303986968 ], [ 143.991249292090657, 37.94423582669527 ], [ 143.988508447923948, 37.93752075848689 ], [ 143.98850844792392, 37.930805690278518 ], [ 143.980285915423877, 37.913264287611732 ], [ 143.979395141069745, 37.905864008361682 ], [ 143.976037606965548, 37.900108235611647 ], [ 143.973981973840495, 37.891063449861583 ], [ 143.973365283903007, 37.887500352444896 ], [ 143.971652256298825, 37.884896550486545 ], [ 143.969048454340481, 37.880990847549015 ], [ 143.965690920236256, 37.870986766340614 ], [ 143.963224160486249, 37.867560711132256 ], [ 143.958701767611217, 37.851115646132151 ], [ 143.958359162090403, 37.846867337673785 ], [ 143.95616648675707, 37.840768959402915 ], [ 143.953494163694529, 37.837171601434143 ], [ 143.951404270017463, 37.832375124142445 ], [ 143.944791983465279, 37.824015549434058 ], [ 143.941811315433995, 37.82072653643403 ], [ 143.938282478569391, 37.814833721475658 ], [ 143.931430368152718, 37.80760474498603 ], [ 143.927319101902697, 37.80219157775683 ], [ 143.924406954975552, 37.796127460038036 ], [ 143.921049420871356, 37.792187496548429 ], [ 143.916389985788015, 37.784752956746296 ], [ 143.910908297454625, 37.777010071975411 ], [ 143.907961889975439, 37.770123701006611 ], [ 143.903576539308744, 37.763442893350323 ], [ 143.8996708363712, 37.752582298339831 ], [ 143.896279041714905, 37.745079237433536 ], [ 143.892681683746133, 37.736411317756399 ], [ 143.891037177246147, 37.729764770652181 ], [ 143.890283445100323, 37.726270194339662 ], [ 143.885452707256491, 37.718972696745858 ], [ 143.881752567631452, 37.710236255964546 ], [ 143.878908941808504, 37.704823088735353 ], [ 143.877058871996013, 37.697422809485303 ], [ 143.873153169058497, 37.68998826968317 ], [ 143.873084647954329, 37.683478764787296 ], [ 143.868904860600139, 37.66840412187053 ], [ 143.868151128454315, 37.660215849922558 ], [ 143.866403840298034, 37.653089655089175 ], [ 143.863320390610539, 37.642948531672445 ], [ 143.862258313495943, 37.641304025172431 ], [ 143.862224052943873, 37.635548252422396 ], [ 143.859928595954244, 37.630546211818199 ], [ 143.857153491235493, 37.622049594901469 ], [ 143.85506359755837, 37.61588269552643 ], [ 143.853076485537542, 37.612148295349321 ], [ 143.849924514745851, 37.607043473088865 ], [ 143.848314268797907, 37.60334333346384 ], [ 143.845025255797879, 37.600328404880486 ], [ 143.842832580464517, 37.595943054213791 ], [ 143.840502862922847, 37.592722562317938 ], [ 143.83807036372491, 37.589467809870001 ], [ 143.835911948943647, 37.587412176744991 ], [ 143.831869203797794, 37.580628587432443 ], [ 143.829916352329064, 37.577305313880338 ], [ 143.823372586881078, 37.570555985119874 ], [ 143.817376990266467, 37.564800212369839 ], [ 143.814910230516432, 37.561168593848976 ], [ 143.811141569787253, 37.557057327598955 ], [ 143.807715514578888, 37.552534934723923 ], [ 143.806379353047618, 37.550513562150989 ], [ 143.802302347349666, 37.547430112463474 ], [ 143.792846434974592, 37.541640079161347 ], [ 143.791852878964193, 37.541400255296764 ], [ 143.791373231235013, 37.54054374149468 ], [ 143.789386119214157, 37.534959271505059 ], [ 143.785309113516234, 37.531875821817543 ], [ 143.783938691432894, 37.531361913536287 ], [ 143.78318495928707, 37.530539660286287 ], [ 143.780307072912052, 37.525777443546673 ], [ 143.777360665432838, 37.522591212202897 ], [ 143.772769751453637, 37.520775402942469 ], [ 143.768144576922367, 37.515876143994518 ], [ 143.766534330974451, 37.513546426452841 ], [ 143.762251761964023, 37.509674984067402 ], [ 143.759682220557778, 37.504330337942363 ], [ 143.756530249766058, 37.499019952369416 ], [ 143.753583842286872, 37.490626117108953 ], [ 143.75231620185977, 37.486309287546426 ], [ 143.7522819413077, 37.482780450681815 ], [ 143.751528209161876, 37.4796970009943 ], [ 143.750671695359785, 37.478532142223457 ], [ 143.748204935609778, 37.47000126475465 ], [ 143.747382682359785, 37.463526020410853 ], [ 143.746080781380613, 37.460785176244165 ], [ 143.745464091443125, 37.440400147754453 ], [ 143.74621782358895, 37.436974092546102 ], [ 143.743990887703546, 37.429368249983554 ], [ 143.74407653908375, 37.414413518999083 ], [ 143.741335694917069, 37.405711338769855 ], [ 143.740513441667048, 37.396872116332297 ], [ 143.737018865354543, 37.387416203957237 ], [ 143.733044641312858, 37.375630574040493 ], [ 143.730509360458655, 37.37001184349878 ], [ 143.729687107208662, 37.366037619457089 ], [ 143.72653513641697, 37.360830015540387 ], [ 143.725370277646107, 37.353635299602836 ], [ 143.723451686729419, 37.350620371019481 ], [ 143.723246123416942, 37.349181427831972 ], [ 143.721464574708591, 37.345686851519453 ], [ 143.719888589312745, 37.342192275206926 ], [ 143.71879225164605, 37.340410726498583 ], [ 143.715297675333517, 37.337738403436063 ], [ 143.714269858771019, 37.330680729706856 ], [ 143.71091232466685, 37.328213969956835 ], [ 143.708308522708506, 37.324171224810968 ], [ 143.705088030812647, 37.320059958560947 ], [ 143.703443524312632, 37.314578270227571 ], [ 143.701867538916787, 37.312796721519227 ], [ 143.69988042689593, 37.308822497477543 ], [ 143.696522892791762, 37.305259400060848 ], [ 143.695015428500085, 37.302655598102504 ], [ 143.691657894395888, 37.29559792437329 ], [ 143.689122613541713, 37.292994122414939 ], [ 143.688094796979215, 37.290595883769093 ], [ 143.68507986839586, 37.286073490894061 ], [ 143.684257615145839, 37.282167787956539 ], [ 143.678775926812477, 37.275521240852328 ], [ 143.675555434916618, 37.270450679143963 ], [ 143.674527618354119, 37.267093145039773 ], [ 143.671923816395775, 37.263941174248082 ], [ 143.671238605354091, 37.260515119039717 ], [ 143.669251493333263, 37.256129768373022 ], [ 143.66849776118741, 37.250373995622986 ], [ 143.665482832604056, 37.245851602747955 ], [ 143.664112410520715, 37.238314281289576 ], [ 143.662879030645684, 37.234134493935379 ], [ 143.660069665374834, 37.229817664372845 ], [ 143.658288116666483, 37.22488414487281 ], [ 143.65746586341649, 37.220498794206115 ], [ 143.656026920228982, 37.217346823414431 ], [ 143.65383424489562, 37.212276261706059 ], [ 143.652669386124785, 37.207068657789364 ], [ 143.650339668583001, 37.204190771414318 ], [ 143.648284035458005, 37.200216547372627 ], [ 143.645611712395493, 37.193570000268416 ], [ 143.644378332520489, 37.189116128497552 ], [ 143.641089319520461, 37.184319651205854 ], [ 143.637868827624573, 37.179112047289152 ], [ 143.633277913645401, 37.174315569997454 ], [ 143.628001788624516, 37.171574725830766 ], [ 143.623684959061961, 37.168011628414078 ], [ 143.62142376262446, 37.164380009893222 ], [ 143.618134749624431, 37.161365081309867 ], [ 143.615599468770256, 37.159446490393186 ], [ 143.609569611603575, 37.152662901080646 ], [ 143.605595387561863, 37.146907128330611 ], [ 143.604567570999365, 37.141768045518077 ], [ 143.601347079103505, 37.137793821476386 ], [ 143.587368773853399, 37.126076712663796 ], [ 143.583942718645034, 37.121074672059592 ], [ 143.581201874478353, 37.116483758080399 ], [ 143.574418285165848, 37.110179816497023 ], [ 143.569142160144963, 37.103807353809479 ], [ 143.561399275374072, 37.0962700323511 ], [ 143.557425051332388, 37.092706934934405 ], [ 143.554547164957341, 37.088184542059388 ], [ 143.549271039936485, 37.082908417038517 ], [ 143.546530195769805, 37.079002714100994 ], [ 143.538033578853089, 37.07057461828844 ], [ 143.53337414376972, 37.064750324434222 ], [ 143.530633299603039, 37.058994551684187 ], [ 143.523712668082169, 37.050634976975793 ], [ 143.520218091769664, 37.045153288642425 ], [ 143.51802541643633, 37.039671600309056 ], [ 143.515421614477958, 37.03535477074653 ], [ 143.514667882332134, 37.030695335663161 ], [ 143.510488094977944, 37.023020971996445 ], [ 143.5078842930196, 37.019183790163083 ], [ 143.502265562477902, 37.013839144038052 ], [ 143.499250633894547, 37.008905624538016 ], [ 143.495550494269537, 37.006575906996332 ], [ 143.494317114394534, 37.005479569329658 ], [ 143.493426340040344, 37.002601682954641 ], [ 143.488766904956975, 36.999107106642114 ], [ 143.485957539686126, 36.994584713767082 ], [ 143.481777752331936, 36.988349293287882 ], [ 143.476364585102715, 36.977111832204479 ], [ 143.474788599706898, 36.974302466933622 ], [ 143.470471770144371, 36.969026341912752 ], [ 143.466840151623501, 36.960255640579362 ], [ 143.46314001199849, 36.955596205496001 ], [ 143.458275013602616, 36.947647757412611 ], [ 143.453684099623416, 36.939151140495888 ], [ 143.452861846373395, 36.935588043079193 ], [ 143.451285860977549, 36.933258325537516 ], [ 143.448750580123374, 36.930723044683333 ], [ 143.442583680748328, 36.919759668016603 ], [ 143.432236994019092, 36.909892629016532 ], [ 143.428468333289885, 36.904410940683164 ], [ 143.424220024831556, 36.900505237745641 ], [ 143.421136575144033, 36.895640239349774 ], [ 143.408528691977267, 36.878030315578826 ], [ 143.404348904623077, 36.873165317182959 ], [ 143.40140249714392, 36.867066938912082 ], [ 143.397565315310572, 36.862064898307885 ], [ 143.395646724393885, 36.856651731078685 ], [ 143.394550386727218, 36.848018071953625 ], [ 143.391535458143863, 36.842810468036923 ], [ 143.387013065268832, 36.837328779703554 ], [ 143.382559193497968, 36.825269065370144 ], [ 143.380846165893814, 36.823213432245126 ], [ 143.377214547372972, 36.819650334828438 ], [ 143.372075464560425, 36.811290760120052 ], [ 143.370568000268776, 36.807796183807525 ], [ 143.367210466164579, 36.803821959765834 ], [ 143.36481222751874, 36.799916256828311 ], [ 143.358919412560368, 36.795188300640774 ], [ 143.352615470976986, 36.791282597703258 ], [ 143.341857657622739, 36.77922288336984 ], [ 143.337540828060185, 36.772576336265637 ], [ 143.330072027705967, 36.766683521307264 ], [ 143.321438368580914, 36.755446060223854 ], [ 143.314449215955875, 36.743591909202941 ], [ 143.31417513153923, 36.741193670557088 ], [ 143.312119498414205, 36.738795431911242 ], [ 143.309652738664198, 36.734547123452884 ], [ 143.307460063330836, 36.729545082848681 ], [ 143.303280275976647, 36.722418888015305 ], [ 143.299169009726626, 36.714950087661087 ], [ 143.297935629851622, 36.712825933431908 ], [ 143.293687321393264, 36.708097977244378 ], [ 143.289233449622373, 36.701451430140168 ], [ 143.282518381414008, 36.695969741806799 ], [ 143.280462748288983, 36.693023334327613 ], [ 143.278818241788969, 36.690008405744258 ], [ 143.261756486851368, 36.669589116702461 ], [ 143.257645220601347, 36.664381512785759 ], [ 143.243392830934596, 36.653075530598194 ], [ 143.232018327642862, 36.64211215393145 ], [ 143.226673681517809, 36.638412014306439 ], [ 143.219410444476097, 36.631217298368888 ], [ 143.210502700934398, 36.625050398993842 ], [ 143.199128197642665, 36.615183359993772 ], [ 143.181586794975885, 36.59784752063949 ], [ 143.172747572538299, 36.592160268993624 ], [ 143.167060320892432, 36.583869215389399 ], [ 143.160550815996544, 36.577633794910192 ], [ 143.156782155267337, 36.571809501055988 ], [ 143.148491101663126, 36.567629713701791 ], [ 143.140337090267224, 36.558859012368401 ], [ 143.127386601579616, 36.54556591815998 ], [ 143.121425265517075, 36.541043525284948 ], [ 143.116834351537875, 36.536041484680737 ], [ 143.114230549579503, 36.532272823951551 ], [ 143.109845198912808, 36.528093036597355 ], [ 143.103678299537791, 36.523981770347326 ], [ 143.099498512183601, 36.518637124222295 ], [ 143.092235275141888, 36.514799942388933 ], [ 143.080997814058463, 36.505549593326378 ], [ 143.07558464682927, 36.501986495909684 ], [ 143.072227112725074, 36.496436286472147 ], [ 143.067978804266716, 36.49211945690962 ], [ 143.064484227954182, 36.486089599742911 ], [ 143.060647046120835, 36.481841291284546 ], [ 143.051465218162434, 36.471700167867809 ], [ 143.047833599641592, 36.465670310701107 ], [ 143.045777966516567, 36.464368409721935 ], [ 143.038788813891529, 36.452514258701022 ], [ 143.037555434016525, 36.449499330117668 ], [ 143.029264380412314, 36.441824966450952 ], [ 143.023234523245605, 36.432848701805064 ], [ 143.01939734141223, 36.427435534575856 ], [ 143.018232482641395, 36.425516943659183 ], [ 143.01747875049557, 36.420788987471653 ], [ 143.012956357620538, 36.414553566992446 ], [ 143.008502485849675, 36.407495893263231 ], [ 143.005830162787163, 36.401123430575687 ], [ 143.005007909537142, 36.39879371303401 ], [ 143.003911571870475, 36.39824554420067 ], [ 143.002609670891303, 36.398177023096501 ], [ 143.001102206599626, 36.396463995492326 ], [ 143.000965164391289, 36.393106461388136 ], [ 142.998841010162124, 36.392078644825624 ], [ 142.992537068578741, 36.38693956201309 ], [ 142.990412914349577, 36.383376464596402 ], [ 142.986849816932875, 36.380018930492213 ], [ 142.983560803932875, 36.3744001999505 ], [ 142.982053339641197, 36.371796397992149 ], [ 142.977667988974503, 36.367685131742128 ], [ 142.972460385057786, 36.364464639846268 ], [ 142.970678836349464, 36.360970063533749 ], [ 142.964237852557744, 36.355968022929545 ], [ 142.957591305453519, 36.347608448221159 ], [ 142.951767011599316, 36.344319435221145 ], [ 142.940872156036733, 36.333493100762738 ], [ 142.929223568328325, 36.316157261408456 ], [ 142.928195751765827, 36.3117033896376 ], [ 142.926208639744999, 36.309168108783417 ], [ 142.922577021224157, 36.303412336033368 ], [ 142.921206599140817, 36.298958464262505 ], [ 142.915245263078248, 36.288954383054111 ], [ 142.908187589349041, 36.27579833105402 ], [ 142.904350407515693, 36.271412980387318 ], [ 142.902637379911511, 36.269425868366476 ], [ 142.900513225682317, 36.263396011199767 ], [ 142.897087170473981, 36.258051365074728 ], [ 142.895374142869798, 36.256475379678889 ], [ 142.88886463797391, 36.24585460853298 ], [ 142.883245907432183, 36.237357991616264 ], [ 142.881464358723832, 36.233452288678734 ], [ 142.879340204494667, 36.231191092241218 ], [ 142.877216050265474, 36.226874262678692 ], [ 142.873241826223818, 36.220090673366144 ], [ 142.869130559973769, 36.208030959032733 ], [ 142.865019293723748, 36.203165960636866 ], [ 142.863580350536239, 36.199054694386838 ], [ 142.855768944661179, 36.188159838824269 ], [ 142.852000283932, 36.183363361532571 ], [ 142.845490779036112, 36.177059419949195 ], [ 142.840351696223564, 36.170207309532479 ], [ 142.836308951077683, 36.165684916657447 ], [ 142.832677332556841, 36.160408791636577 ], [ 142.820412054910918, 36.147732387365657 ], [ 142.816780436390076, 36.14218217792812 ], [ 142.809928325973345, 36.137454221740597 ], [ 142.807050439598328, 36.132109575615559 ], [ 142.802253962306622, 36.126764929490527 ], [ 142.794922204160741, 36.121146198948828 ], [ 142.79081093791072, 36.114842257365446 ], [ 142.78162910995232, 36.106003034927888 ], [ 142.773406577452278, 36.101275078740358 ], [ 142.76819897353559, 36.095724869302821 ], [ 142.762032074160544, 36.084898534844413 ], [ 142.76038756766053, 36.083802197177739 ], [ 142.757578202389709, 36.07859459326103 ], [ 142.755179963743871, 36.076401917927683 ], [ 142.75339841503552, 36.074277763698504 ], [ 142.752027992952179, 36.07194804615682 ], [ 142.746340741306312, 36.068933117573465 ], [ 142.74277764388961, 36.063999598073437 ], [ 142.736473702306256, 36.058723473052574 ], [ 142.734281026972923, 36.056804882135893 ], [ 142.71920638405615, 36.048376786323338 ], [ 142.708311528493596, 36.040565380448278 ], [ 142.703857656722732, 36.038098620698264 ], [ 142.700431601514367, 36.037276367448257 ], [ 142.690633083618479, 36.033987354448236 ], [ 142.682410551118437, 36.031383552489885 ], [ 142.674256539722535, 36.03021869371905 ], [ 142.668569288076668, 36.028779750531534 ], [ 142.663087599743307, 36.02686115961486 ], [ 142.651507533139068, 36.019734964781478 ], [ 142.645820281493172, 36.016103346260621 ], [ 142.641983099659825, 36.011923558906425 ], [ 142.635679158076442, 36.008566024802235 ], [ 142.63437725709727, 36.007195602718895 ], [ 142.631430849618084, 36.003426941989702 ], [ 142.629375216493059, 36.001850956593863 ], [ 142.62752514668054, 36.001028703343856 ], [ 142.625880640180526, 35.999041591323007 ], [ 142.622728669388863, 35.99876750690634 ], [ 142.618822966451347, 35.994724761760487 ], [ 142.614506136888821, 35.992395044218803 ], [ 142.607859589784596, 35.985063286072922 ], [ 142.598540719617887, 35.975607373697848 ], [ 142.591208961472006, 35.971016459718648 ], [ 142.584767977680286, 35.965329208072774 ], [ 142.575380586409381, 35.953612099260198 ], [ 142.569898898076019, 35.946897031051833 ], [ 142.559826295763429, 35.938400414135103 ], [ 142.555989113930082, 35.936276259905924 ], [ 142.554344607430068, 35.934357668989243 ], [ 142.552974185346727, 35.932027951447559 ], [ 142.550781510013366, 35.930794571572548 ], [ 142.548314750263359, 35.929766755010043 ], [ 142.541873766471639, 35.92318872901 ], [ 142.539818133346643, 35.919694152697488 ], [ 142.536666162554951, 35.916679224114134 ], [ 142.532828980721575, 35.91421246436412 ], [ 142.514944972533982, 35.897424793843165 ], [ 142.512409691679778, 35.893930217530645 ], [ 142.508846594263105, 35.890709725634785 ], [ 142.50446124359641, 35.885570642822252 ], [ 142.491373712700494, 35.872483111926336 ], [ 142.488427305221308, 35.868714451197143 ], [ 142.4813696314921, 35.863095720655437 ], [ 142.477943576283735, 35.858984454405416 ], [ 142.474860126596212, 35.852132343988693 ], [ 142.470748860346191, 35.848569246572005 ], [ 142.468487663908689, 35.844732064738643 ], [ 142.466226467471159, 35.84096340400945 ], [ 142.46245780674198, 35.835892842301085 ], [ 142.461292947971145, 35.831027843905218 ], [ 142.456633512887777, 35.823970170176004 ], [ 142.454372316450247, 35.820475593863478 ], [ 142.452659288846093, 35.818625524050965 ], [ 142.450877740137742, 35.814856863321779 ], [ 142.446629431679355, 35.808689963946733 ], [ 142.443408939783495, 35.794300532071638 ], [ 142.441490348866836, 35.791011519071617 ], [ 142.441490348866807, 35.786420605092417 ], [ 142.439640279054316, 35.783542718717399 ], [ 142.437104998200113, 35.778677720321532 ], [ 142.435460491700098, 35.772510820946493 ], [ 142.433884506304281, 35.763877161821441 ], [ 142.432377042012575, 35.757710262446395 ], [ 142.430938098825067, 35.751406320863019 ], [ 142.430664014408393, 35.747089491300493 ], [ 142.431486267658414, 35.743457872779636 ], [ 142.429156550116716, 35.736879846779587 ], [ 142.429293592325081, 35.729068440904541 ], [ 142.427169438095888, 35.718310627550309 ], [ 142.426278663741726, 35.708169504133572 ], [ 142.424085988408365, 35.699741408321017 ], [ 142.422167397491677, 35.695150494341817 ], [ 142.421619228658329, 35.690833664779291 ], [ 142.419563595533333, 35.68877803165428 ], [ 142.416137540324968, 35.68555753975842 ], [ 142.413944864991606, 35.682131484550069 ], [ 142.412505921804097, 35.677951697195873 ], [ 142.409765077637417, 35.674594163091676 ], [ 142.407572402304083, 35.670482896841655 ], [ 142.40544824807489, 35.66678275721663 ], [ 142.400172123054006, 35.662260364341599 ], [ 142.399692475324855, 35.658423182508237 ], [ 142.395855293491479, 35.655682338341556 ], [ 142.393731139262314, 35.649858044487353 ], [ 142.391058816199774, 35.644170792841471 ], [ 142.38886614086644, 35.641155864258124 ], [ 142.387427197678903, 35.636427908070587 ], [ 142.384891916824728, 35.632933331758068 ], [ 142.382699241491366, 35.628410938883036 ], [ 142.378450933033008, 35.623682982695506 ], [ 142.375778609970496, 35.6172419989038 ], [ 142.372009949241317, 35.611143620632923 ], [ 142.366459739803759, 35.603058130341211 ], [ 142.362759600178748, 35.59778200532034 ], [ 142.361457699199576, 35.596206019924495 ], [ 142.360361361532881, 35.592163274778635 ], [ 142.358648333928727, 35.590587289382789 ], [ 142.356729743012039, 35.588668698466115 ], [ 142.355496363137036, 35.585653769882761 ], [ 142.353440730012011, 35.582159193570234 ], [ 142.353509251116179, 35.577499758486873 ], [ 142.351522139095323, 35.57359405554935 ], [ 142.350425801428656, 35.569825394820157 ], [ 142.349535027074467, 35.565165959736795 ], [ 142.349466505970327, 35.537894560278275 ], [ 142.347616436157807, 35.531659139799068 ], [ 142.347616436157779, 35.521860621903173 ], [ 142.345081155303603, 35.517406750132309 ], [ 142.343094043282747, 35.512541751736443 ], [ 142.340695804636908, 35.507745274444744 ], [ 142.337954960470228, 35.505689641319734 ], [ 142.336104890657708, 35.503496965986379 ], [ 142.33144545557434, 35.502606191632211 ], [ 142.32308588086596, 35.498220840965509 ], [ 142.318220882470115, 35.493766969194645 ], [ 142.311779898678395, 35.489792745152954 ], [ 142.298760888886648, 35.478829368486217 ], [ 142.295540396990788, 35.476842256465368 ], [ 142.292868073928275, 35.474169933402855 ], [ 142.289510539824107, 35.469304935006988 ], [ 142.286495611240753, 35.464988105444455 ], [ 142.272311742678141, 35.45046163136103 ], [ 142.266144843303096, 35.445459590756826 ], [ 142.255866677678, 35.435249946235921 ], [ 142.251207242594631, 35.428671920235878 ], [ 142.242368020157073, 35.419558613381646 ], [ 142.237845627282042, 35.412432418548271 ], [ 142.235378867532035, 35.407635941256572 ], [ 142.230856474657003, 35.4017431262982 ], [ 142.222839505469437, 35.388998200923112 ], [ 142.221811688906939, 35.385640666818922 ], [ 142.21900232363609, 35.381255316152227 ], [ 142.217426338240244, 35.373580952485511 ], [ 142.214548451865227, 35.365769546610458 ], [ 142.213520635302729, 35.351243072527026 ], [ 142.211533523281901, 35.331783078943559 ], [ 142.211430741625662, 35.29371960557873 ], [ 142.209786235125648, 35.287621227307859 ], [ 142.208004686417326, 35.273711443161936 ], [ 142.206154616604806, 35.265831516182715 ], [ 142.206017574396469, 35.249660535599276 ], [ 142.203824899063108, 35.239519412182538 ], [ 142.20094701268809, 35.22862455661997 ], [ 142.19861729514642, 35.222046530619927 ], [ 142.198480252938083, 35.218209348786573 ], [ 142.195362542698462, 35.213961040328215 ], [ 142.191456839760946, 35.207314493223997 ], [ 142.188578953385928, 35.200051256182284 ], [ 142.18433064492757, 35.190800907119723 ], [ 142.179328604323359, 35.178124502848803 ], [ 142.178369308865001, 35.169079717098739 ], [ 142.176039591323331, 35.161199790119518 ], [ 142.171243114031626, 35.15153831443196 ], [ 142.168365227656608, 35.145097330640247 ], [ 142.166241073427443, 35.140026768931882 ], [ 142.166241073427443, 35.127967054598471 ], [ 142.16404839809411, 35.120498254244261 ], [ 142.164185440302447, 35.105286569119158 ], [ 142.162061286073254, 35.087882208660709 ], [ 142.161307553927429, 35.067120314098069 ], [ 142.162129807177422, 35.057527359514673 ], [ 142.161307553927429, 35.0470436305771 ], [ 142.159320441906573, 35.032859762014503 ], [ 142.158635230864945, 35.008260685618509 ], [ 142.158498188656608, 35.004354982680979 ], [ 142.160896427302475, 34.99291195828507 ], [ 142.159183399698293, 34.984757946889182 ], [ 142.160074174052482, 34.977700273159968 ], [ 142.15932044190663, 34.969272177347413 ], [ 142.15938896301077, 34.933983808701342 ], [ 142.158566709760777, 34.926583529451293 ], [ 142.157333329885745, 34.919251771305404 ], [ 142.157196287677436, 34.90273818520113 ], [ 142.156511076635752, 34.893076709513572 ], [ 142.154866570135766, 34.882113332846828 ], [ 142.153016500323247, 34.874096363659277 ], [ 142.152331289281591, 34.868614675325901 ], [ 142.151303472719064, 34.863955240242539 ], [ 142.14876819186486, 34.857445735346658 ], [ 142.146644037635696, 34.850525103825781 ], [ 142.14609586880232, 34.847510175242427 ], [ 142.144108756781492, 34.843193345679893 ], [ 142.141230870406474, 34.836341235263184 ], [ 142.139997490531471, 34.832641095638159 ], [ 142.137736294093941, 34.829694688158973 ], [ 142.136502914218937, 34.823664830992264 ], [ 142.133419464531414, 34.818799832596405 ], [ 142.127869255093856, 34.812393109356805 ], [ 142.121565313510473, 34.805815083356755 ], [ 142.116357709593757, 34.798962972940046 ], [ 142.115055808614613, 34.795742481044201 ], [ 142.111766795614585, 34.791699735898341 ], [ 142.109300035864578, 34.785669878731632 ], [ 142.106422149489561, 34.781901218002439 ], [ 142.103201657593672, 34.776076924148235 ], [ 142.098542222510304, 34.767032138398172 ], [ 142.097377363739469, 34.763331998773154 ], [ 142.089017789031089, 34.750107425668894 ], [ 142.0848380016769, 34.738732922377153 ], [ 142.078602581197686, 34.718313633335349 ], [ 142.07839701788518, 34.712283776168633 ], [ 142.077506243531019, 34.705637229064422 ], [ 142.077643285739384, 34.681106673772597 ], [ 142.078259975676872, 34.676036112064224 ], [ 142.07921927113523, 34.669732170480856 ], [ 142.084221311739412, 34.658494709397445 ], [ 142.088812225718641, 34.642323728814006 ], [ 142.09162159098949, 34.635540139501458 ], [ 142.094293914052002, 34.625604579397226 ], [ 142.097719969260368, 34.613955991688812 ], [ 142.100323771218711, 34.60456860041792 ], [ 142.10176271440622, 34.592440364980341 ], [ 142.099501517968719, 34.583601142542783 ], [ 142.095938420552017, 34.572706286980214 ], [ 142.091895675406192, 34.566059739875996 ], [ 142.084975043885294, 34.555438968730094 ], [ 142.079904482176943, 34.546873830709202 ], [ 142.072846808447736, 34.534128905334121 ], [ 142.070996738635188, 34.530771371229932 ], [ 142.067570683426823, 34.526180457250739 ], [ 142.065240965885152, 34.523508134188219 ], [ 142.061403784051805, 34.51693010818817 ], [ 142.057292517801756, 34.509050181208956 ], [ 142.053112730447566, 34.501170254229734 ], [ 142.045027240155832, 34.487740117812983 ], [ 142.039682594030808, 34.47383033366706 ], [ 142.033378652447425, 34.460057591729466 ], [ 142.026869147551565, 34.442447667958518 ], [ 142.023306050134892, 34.43765119066682 ], [ 142.021593022530709, 34.434156614354293 ], [ 142.009327744884814, 34.414628099666665 ], [ 142.003366408822274, 34.403253596374924 ], [ 142.00117373348894, 34.399553456749899 ], [ 141.997679157176407, 34.391056839833176 ], [ 141.995075355218063, 34.384478813833134 ], [ 141.992642856020183, 34.380196244822706 ], [ 141.990381659582681, 34.373070049989323 ], [ 141.988120463145151, 34.368753220426797 ], [ 141.986064830020155, 34.361352941176747 ], [ 141.983940675790961, 34.358132449280895 ], [ 141.981199831624252, 34.351897028801687 ], [ 141.978253424145066, 34.343743017405799 ], [ 141.977020044270091, 34.338740976801596 ], [ 141.972360609186723, 34.331409218655715 ], [ 141.966810399749193, 34.320308799780648 ], [ 141.961945401353319, 34.310921408509749 ], [ 141.958656388353319, 34.300780285093019 ], [ 141.95358582664494, 34.288035359717931 ], [ 141.952626531186581, 34.280360996051215 ], [ 141.949748644811592, 34.274742265509509 ], [ 141.94618554739489, 34.265560437551116 ], [ 141.942828013290722, 34.254871145301038 ], [ 141.9407038590615, 34.246031922863487 ], [ 141.938648225936504, 34.238905728030105 ], [ 141.936798156123984, 34.232875870863403 ], [ 141.933166537603114, 34.224995943884181 ], [ 141.931659073311437, 34.221569888675823 ], [ 141.929877524603114, 34.212456581821598 ], [ 141.929466397978103, 34.207386020113233 ], [ 141.930973862269781, 34.20293214834237 ], [ 141.932070199936447, 34.199711656446517 ], [ 141.931265076962347, 34.188011677909977 ], [ 141.933697576160313, 34.181639215222432 ], [ 141.935958772597843, 34.177836293941162 ], [ 141.938014405722839, 34.172594429472376 ], [ 141.941200637066629, 34.167009959482762 ], [ 141.944832255587471, 34.162453306055646 ], [ 141.946476762087542, 34.160911581211884 ], [ 141.948806479629241, 34.155155808461849 ], [ 141.952849224775093, 34.1477555292118 ], [ 141.956480843295935, 34.136929194753392 ], [ 141.957851265379304, 34.132201238565862 ], [ 141.959084645254308, 34.123636100544978 ], [ 141.960249504025171, 34.113083850503237 ], [ 141.960318025129311, 34.09876293973231 ], [ 141.957919786483473, 34.089718153982254 ], [ 141.955247463420932, 34.079508509461355 ], [ 141.953260351400104, 34.072656399044646 ], [ 141.950382465025058, 34.066763584086274 ], [ 141.947710141962546, 34.060596684711236 ], [ 141.946339719879177, 34.052785278836176 ], [ 141.944421128962517, 34.048125843752814 ], [ 141.941611763691668, 34.043946056398624 ], [ 141.938185708483303, 34.037093945981908 ], [ 141.936678244191626, 34.033941975190224 ], [ 141.934554089962432, 34.02756951250268 ], [ 141.933183667879092, 34.021745218648476 ], [ 141.931265076962404, 34.015167192648427 ], [ 141.929072401629043, 34.008315082231711 ], [ 141.927427895129057, 34.00475198481503 ], [ 141.927496416233225, 34.00153149291917 ], [ 141.92502965648319, 33.997283184460812 ], [ 141.923042544462362, 33.988032835398251 ], [ 141.920849869129029, 33.984538259085724 ], [ 141.918794236004004, 33.977549106460685 ], [ 141.916875645087345, 33.973437840210657 ], [ 141.914682969753983, 33.96651720868978 ], [ 141.912627336628987, 33.95774650735639 ], [ 141.911393956753983, 33.950688833627176 ], [ 141.909886492462306, 33.943562638793793 ], [ 141.908653112587302, 33.927939827043687 ], [ 141.908036422649786, 33.918757999085294 ], [ 141.90735121160813, 33.914372648418599 ], [ 141.907214169399793, 33.893679274960128 ], [ 141.908173464858123, 33.887717938897588 ], [ 141.9096809291498, 33.881962166147545 ], [ 141.91022909798312, 33.878330547626689 ], [ 141.910092055774811, 33.87298590150165 ], [ 141.910982830129001, 33.869491325189131 ], [ 141.913381068774839, 33.865243016730766 ], [ 141.913449589879008, 33.854142597855692 ], [ 141.914340364233198, 33.847701614063986 ], [ 141.915916349629015, 33.840301334813937 ], [ 141.916464518462362, 33.836395631876407 ], [ 141.918040503858208, 33.831599154584708 ], [ 141.919136841524875, 33.825158170792996 ], [ 141.920781348024889, 33.820772820126301 ], [ 141.922151770108229, 33.816318948355438 ], [ 141.923179586670727, 33.805150008376195 ], [ 141.927496416233282, 33.798160855751149 ], [ 141.929209443837465, 33.7953514904803 ], [ 141.931470640274966, 33.787951211230251 ], [ 141.935102258795837, 33.782332480688545 ], [ 141.940035778295879, 33.772465441688475 ], [ 141.943050706879234, 33.768148612125948 ], [ 141.948875000733437, 33.75862417864672 ], [ 141.952986266983459, 33.74731819645914 ], [ 141.956549364400132, 33.741493902604937 ], [ 141.959495771879318, 33.737999326292417 ], [ 141.960180982921003, 33.735738129854902 ], [ 141.963607038129339, 33.729913836000698 ], [ 141.965251544629353, 33.724295105458992 ], [ 141.966553445608554, 33.72175982460481 ], [ 141.968883163150224, 33.71435954535476 ], [ 141.970664711858575, 33.711344616771406 ], [ 141.972309218358589, 33.705520322917202 ], [ 141.974501893691951, 33.695653283917139 ], [ 141.974638935900288, 33.680578641000366 ], [ 141.976694569025284, 33.668587447771117 ], [ 141.976763090129452, 33.656938860062709 ], [ 141.977927948900287, 33.645975483395972 ], [ 141.978133512212793, 33.637341824270912 ], [ 141.9773112589628, 33.622335702458315 ], [ 141.978339075525298, 33.610275988124897 ], [ 141.97737978006694, 33.601094160166504 ], [ 141.976763090129452, 33.595612471833135 ], [ 141.975118583629438, 33.587047333812244 ], [ 141.973268513816947, 33.581017476645535 ], [ 141.973474077129424, 33.563613116187085 ], [ 141.972514781671094, 33.55381459829119 ], [ 141.973474077129424, 33.54655136124947 ], [ 141.974981541421101, 33.533600872561891 ], [ 141.975666752462757, 33.529489606311863 ], [ 141.977790906691951, 33.522363411478487 ], [ 141.978921504910744, 33.51503165333262 ], [ 141.98056601141073, 33.509138838374241 ], [ 141.981799391285762, 33.504822008811722 ], [ 141.983855024410758, 33.501430214155448 ], [ 141.98508840428579, 33.497832856186676 ], [ 141.988103332869144, 33.493927153249153 ], [ 141.990604353171221, 33.489336239269953 ], [ 141.997353681931685, 33.482963776582409 ], [ 142.006432728233818, 33.473781948624016 ], [ 142.014792302942197, 33.464360296801033 ], [ 142.023288919858942, 33.456822975342646 ], [ 142.030517896348556, 33.449422696092604 ], [ 142.036033845234016, 33.443632662790485 ], [ 142.038774689400697, 33.439795480957123 ], [ 142.04223500516116, 33.430819216311235 ], [ 142.047442609077848, 33.422733726019509 ], [ 142.051142748702887, 33.414716756831957 ], [ 142.053917853421638, 33.405637710529817 ], [ 142.057309648077933, 33.399779156123529 ], [ 142.059981971140445, 33.39467433386308 ], [ 142.061352393223785, 33.387445357373444 ], [ 142.062688554755056, 33.37864039548797 ], [ 142.06433306125507, 33.372816101633759 ], [ 142.064504364015477, 33.362983323185787 ], [ 142.065395138369638, 33.356645121050327 ], [ 142.067553553150901, 33.340816745987723 ], [ 142.069369362411351, 33.3346155860606 ], [ 142.070945347807196, 33.327694954539723 ], [ 142.072350030442607, 33.315087071372972 ], [ 142.075125135161386, 33.301245808331217 ], [ 142.075570522338467, 33.297134542081182 ], [ 142.076289993932221, 33.288192537987371 ], [ 142.076975204973877, 33.282436765237335 ], [ 142.077660416015561, 33.274385535497679 ], [ 142.078482669265583, 33.265066665330949 ], [ 142.079030838098902, 33.259310892580913 ], [ 142.082730977723941, 33.241769489914134 ], [ 142.083073583244783, 33.237110054830772 ], [ 142.08321062545312, 33.225392946018196 ], [ 142.083895836494776, 33.219157525538989 ], [ 142.084718089744797, 33.212236894018112 ], [ 142.085266258578173, 33.203534713788891 ], [ 142.086705201765682, 33.18825450755962 ], [ 142.092323932307352, 33.169616767226167 ], [ 142.093557312182355, 33.160983108101107 ], [ 142.094174002119843, 33.152143885663548 ], [ 142.094859213161527, 33.145634380767675 ], [ 142.095544424203212, 33.139673044705127 ], [ 142.096229635244867, 33.124324317371695 ], [ 142.096503719661541, 33.116033263767477 ], [ 142.097668578432376, 33.105275450413238 ], [ 142.098285268369892, 33.095339890309006 ], [ 142.098216747265724, 33.084856161371434 ], [ 142.099039000515745, 33.07697623439222 ], [ 142.100340901494917, 33.057790325225419 ], [ 142.101985407994931, 33.046073216412836 ], [ 142.10246505572411, 33.040591528079467 ], [ 142.103972520015759, 33.026544701725207 ], [ 142.104589209953303, 33.017431394870982 ], [ 142.105205899890763, 33.000575203245873 ], [ 142.105205899890763, 32.97316676157903 ], [ 142.104383646640741, 32.965560919016475 ], [ 142.102396534619913, 32.955145711183071 ], [ 142.100340901494917, 32.93780987182879 ], [ 142.09691484628658, 32.9244482565162 ], [ 142.091775763474004, 32.908893965870263 ], [ 142.087733018328123, 32.897793546995196 ], [ 142.082045766682285, 32.885665311557617 ], [ 142.0767696416614, 32.875044540411714 ], [ 142.071973164369723, 32.86476637478664 ], [ 142.069300841307182, 32.855995673453251 ], [ 142.064435842911337, 32.846265676661517 ], [ 142.060256055557147, 32.83749497532812 ], [ 142.058131901327954, 32.832492934723923 ], [ 142.056076268202929, 32.825298218786372 ], [ 142.053335424036248, 32.818172023952989 ], [ 142.051930741400838, 32.81227920899461 ], [ 142.049840847723743, 32.805118753609143 ], [ 142.047990777911224, 32.79538875681741 ], [ 142.045078630984108, 32.781958620400658 ], [ 142.042235005161189, 32.772365665817254 ], [ 142.040316414244529, 32.763526443379696 ], [ 142.037027401244472, 32.752768630025457 ], [ 142.035794021369469, 32.73570687508785 ], [ 142.034834725911139, 32.716315402608551 ], [ 142.03435507818196, 32.711107798691849 ], [ 142.035931063577806, 32.695827592462585 ], [ 142.03661627461949, 32.688153228795869 ], [ 142.040247893140361, 32.677052809920795 ], [ 142.043536906140361, 32.65944288614984 ], [ 142.049772326619546, 32.643545989983068 ], [ 142.052444649682087, 32.636077189628857 ], [ 142.060050492244613, 32.621071067816253 ], [ 142.061763519848796, 32.618193181441235 ], [ 142.068410066953021, 32.608189100232835 ], [ 142.075125135161386, 32.597499807982764 ], [ 142.079236401411436, 32.589414317691045 ], [ 142.086019990723969, 32.578587983232637 ], [ 142.087527455015646, 32.575847139065957 ], [ 142.102533576828279, 32.558442778607507 ], [ 142.113633995703339, 32.54412186783658 ], [ 142.125830752245093, 32.528910182711478 ], [ 142.136245960078497, 32.51534300408639 ], [ 142.145975956870245, 32.506161176127996 ], [ 142.1568708124328, 32.489236463398711 ], [ 142.164682218307831, 32.476491538023623 ], [ 142.170095385537024, 32.46676154123189 ], [ 142.177290101474568, 32.456414854502654 ], [ 142.184005169682933, 32.44784971648177 ], [ 142.188390520349628, 32.441751338210892 ], [ 142.192501786599649, 32.433254721294169 ], [ 142.199627981433025, 32.421057964752421 ], [ 142.201546572349741, 32.41708374071073 ], [ 142.204218895412254, 32.411396489064856 ], [ 142.207713471724759, 32.402488745523129 ], [ 142.209906147058092, 32.395019945168912 ], [ 142.211002484724787, 32.383508399668841 ], [ 142.212372906808156, 32.366035518106202 ], [ 142.213948892204002, 32.351029396293598 ], [ 142.214428539933152, 32.347123693356068 ], [ 142.213469244474823, 32.338695597543513 ], [ 142.211345090245658, 32.326704404314263 ], [ 142.209152414912325, 32.317454055251702 ], [ 142.207919035037293, 32.31279462016834 ], [ 142.19969650253725, 32.298953357126578 ], [ 142.191885096662219, 32.284221319730648 ], [ 142.187842351516366, 32.277780335938942 ], [ 142.18489594403718, 32.272778295334746 ], [ 142.179962424537138, 32.266405832647202 ], [ 142.166874893641221, 32.250234852063763 ], [ 142.159748698807817, 32.241532671834534 ], [ 142.156048559182778, 32.23570837798033 ], [ 142.152348419557768, 32.228308098730281 ], [ 142.150087223120238, 32.221798593834407 ], [ 142.148168632203578, 32.218166975313544 ], [ 142.144742576995213, 32.208231415209312 ], [ 142.140425747432687, 32.195417968730062 ], [ 142.138438635411859, 32.187058394021669 ], [ 142.137136734432687, 32.18020628360496 ], [ 142.135149622411831, 32.174519031959086 ], [ 142.133025468182666, 32.166227978354868 ], [ 142.130284624015985, 32.148412491271415 ], [ 142.128708638620111, 32.13806580454218 ], [ 142.127406737640939, 32.123402288250418 ], [ 142.126173357765936, 32.104833069021126 ], [ 142.124802935682595, 32.096130888791905 ], [ 142.123501034703423, 32.083043357895981 ], [ 142.12274730255757, 32.074409698770928 ], [ 142.122130612620083, 32.070846601354233 ], [ 142.123021386974244, 32.064131533145854 ], [ 142.123706598015929, 32.059540619166661 ], [ 142.122815823661739, 32.054058930833286 ], [ 142.121513922682567, 32.048234636979082 ], [ 142.121582443786707, 32.036517528166506 ], [ 142.120828711640883, 32.029596896645621 ], [ 142.120212021703367, 32.023841123895586 ], [ 142.121925049307549, 32.013151831645509 ], [ 142.121719485995044, 31.999242047499578 ], [ 142.122267654828363, 31.993554795853708 ], [ 142.123843640224237, 31.98122099710363 ], [ 142.125830752245093, 31.96635191749936 ], [ 142.127406737640939, 31.955731146353454 ], [ 142.128777159724279, 31.93236544983246 ], [ 142.131518003890989, 31.914892568269838 ], [ 142.13336807370348, 31.902764332832252 ], [ 142.133185350759049, 31.851727530411775 ], [ 142.134098965481229, 31.834186127744996 ], [ 142.134738495786792, 31.825506787883825 ], [ 142.134555772842361, 31.800108298605878 ], [ 142.13683980964791, 31.78951036782804 ], [ 142.138941123509028, 31.78073966649465 ], [ 142.140951075897931, 31.763152583091756 ], [ 142.141773329147924, 31.758036340647276 ], [ 142.143691920064612, 31.747940897966657 ], [ 142.146478444967414, 31.734647803758236 ], [ 142.149264969870217, 31.72647095199429 ], [ 142.153284874648023, 31.710711098035858 ], [ 142.162969190703649, 31.691159742980172 ], [ 142.166349565175835, 31.674394912827282 ], [ 142.169090409342516, 31.662198156285534 ], [ 142.171374446148093, 31.654797877035485 ], [ 142.174754820620336, 31.642052951660403 ], [ 142.178820406134292, 31.621085493785266 ], [ 142.179277213495368, 31.615969251340786 ], [ 142.17836359877316, 31.591484376785072 ], [ 142.175165947245375, 31.570973726271049 ], [ 142.175302989453684, 31.552427347409811 ], [ 142.173110314120322, 31.523465760715183 ], [ 142.173018952648107, 31.510309708715102 ], [ 142.174572097675906, 31.488931124214968 ], [ 142.177038857425885, 31.479246808159349 ], [ 142.178774725398114, 31.461431321075903 ], [ 142.17950561717592, 31.457411416298104 ], [ 142.184987305509281, 31.442428134853564 ], [ 142.18845904145374, 31.421597719186764 ], [ 142.192661669175976, 31.407893498353342 ], [ 142.196772935425997, 31.394646084881039 ], [ 142.20636589000938, 31.371440270936446 ], [ 142.207919035037179, 31.366232667019752 ], [ 142.210385794787186, 31.351980277352993 ], [ 142.215319314287228, 31.330418969908411 ], [ 142.216598374898325, 31.324389112741706 ], [ 142.218334242870583, 31.320277846491681 ], [ 142.222810955009521, 31.298716539047096 ], [ 142.225643160648445, 31.281357859324764 ], [ 142.227561751565105, 31.268384530269127 ], [ 142.229480342481793, 31.259248383046852 ], [ 142.231673017815154, 31.247554114602337 ], [ 142.233043439898495, 31.239240220630062 ], [ 142.233591608731814, 31.234854869963364 ], [ 142.232586632537362, 31.220602480296609 ], [ 142.230393957204001, 31.189905025629749 ], [ 142.228658089231772, 31.177205780990782 ], [ 142.224820907398424, 31.157745787407325 ], [ 142.224455461509535, 31.155553112073978 ], [ 142.224638184453994, 31.133717720212729 ], [ 142.223724569731758, 31.1203789452682 ], [ 142.221714617342855, 31.10238073524031 ], [ 142.219430580537278, 31.078169945101269 ], [ 142.217557670356683, 31.048340424420541 ], [ 142.220938044828927, 31.034179396226005 ], [ 142.222765274273371, 31.019196114781469 ], [ 142.224044334884496, 31.015358932948111 ], [ 142.228246962606761, 31.000923820336908 ], [ 142.235099073023463, 30.977626644920097 ], [ 142.235829964801241, 30.974428993392298 ], [ 142.242590713745727, 30.960998856975539 ], [ 142.250082354467992, 30.944736514919882 ], [ 142.268902817745868, 30.908374648975212 ], [ 142.271826384857007, 30.900883008252947 ], [ 142.284616990968203, 30.867627432363847 ], [ 142.292199993162683, 30.850086029697067 ], [ 142.297681681496044, 30.826149323974697 ], [ 142.308553696690581, 30.799928581446753 ], [ 142.314218107968372, 30.783666239391088 ], [ 142.317781205385074, 30.773616477446581 ], [ 142.329292750885145, 30.748217988168644 ], [ 142.33596213835736, 30.732686537890768 ], [ 142.342266079940742, 30.715419219640662 ], [ 142.346468707662979, 30.705734903585043 ], [ 142.35195039599634, 30.689289838584941 ], [ 142.353960348385272, 30.676956039834863 ], [ 142.355970300774175, 30.663069096056997 ], [ 142.356701192551952, 30.658501022445858 ], [ 142.363736025913113, 30.634838401140154 ], [ 142.366659593024252, 30.625976338334542 ], [ 142.369217714246474, 30.613733901056687 ], [ 142.371775835468725, 30.597745643417696 ], [ 142.373968510802058, 30.585685929084288 ], [ 142.37616118613542, 30.577463396584239 ], [ 142.379450199135448, 30.558642933306341 ], [ 142.382008320357642, 30.542837398611798 ], [ 142.384383718635434, 30.50967318419492 ], [ 142.384840525996566, 30.499988868139305 ], [ 142.387033201329899, 30.488751407055901 ], [ 142.389774045496608, 30.474224932972476 ], [ 142.391875359357726, 30.46454061691686 ], [ 142.394707564996651, 30.446451045416744 ], [ 142.397082963274386, 30.430919595138871 ], [ 142.400646060691116, 30.414200445722098 ], [ 142.402838736024449, 30.403876599360924 ], [ 142.404117796635575, 30.388253787610822 ], [ 142.405305495774485, 30.371077830832938 ], [ 142.405305495774485, 30.31224104272145 ], [ 142.402930097496693, 30.299633159554709 ], [ 142.397631132107762, 30.28008180449903 ], [ 142.399367000079991, 30.274600116165661 ], [ 142.400463337746686, 30.269849319610074 ], [ 142.401285590996679, 30.258520497054452 ], [ 142.407863616996707, 30.249018903943281 ], [ 142.415812065080104, 30.236502382248755 ], [ 142.418644270719, 30.232573838943175 ], [ 142.446235435330294, 30.209916193831923 ], [ 142.486434483108297, 30.170813483720561 ], [ 142.503975885775048, 30.141851897025937 ], [ 142.517954191025183, 30.121112842831362 ], [ 142.53193249627526, 30.097084775636766 ], [ 142.546733054775359, 30.054875775469839 ], [ 142.560163191192117, 30.029568647664124 ], [ 142.564913987747701, 30.014585366219581 ], [ 142.571309290803271, 30.001520675691722 ], [ 142.574963749692188, 29.956388108413666 ], [ 142.575694641469994, 29.952276842163638 ], [ 142.58282083630337, 29.926147461107917 ], [ 142.590495199970093, 29.910159203468929 ], [ 142.594149658858981, 29.892160993441038 ], [ 142.599083178359052, 29.876720904635384 ], [ 142.601824022525733, 29.868315649190887 ], [ 142.603194444609073, 29.850591523579666 ], [ 142.606483457609102, 29.822908997496157 ], [ 142.608219325581331, 29.812036982301645 ], [ 142.609315663247997, 29.785176709468143 ], [ 142.612787399192456, 29.755210146579063 ], [ 142.610503362386879, 29.721863209217741 ], [ 142.614157821275825, 29.685135897384178 ], [ 142.622380353775867, 29.639089715383893 ], [ 142.62439030616477, 29.627578169883819 ], [ 142.628684295359278, 29.611133104883713 ], [ 142.631516500998174, 29.599712920855861 ], [ 142.64567752919271, 29.562346078716736 ], [ 142.656366821442759, 29.53886618035548 ], [ 142.67683179122065, 29.504148820910817 ], [ 142.703326618165249, 29.469888268827269 ], [ 142.739779845582149, 29.432064619327029 ], [ 142.766548756943422, 29.400818995826832 ], [ 142.780983869554632, 29.379166326910028 ], [ 142.793957198610229, 29.359158164493234 ], [ 142.809488648888134, 29.326542118909696 ], [ 142.815427144582628, 29.309822969492927 ], [ 142.823741038554914, 29.286160348187224 ], [ 142.838267512638339, 29.25180843463145 ], [ 142.8420133329995, 29.228785343631301 ], [ 142.844845538638424, 29.213253893353428 ], [ 142.849687696666223, 29.175795689742081 ], [ 142.852611263777334, 29.167116349880914 ], [ 142.864853701055239, 29.132855797797365 ], [ 142.875908439194177, 29.098960691602709 ], [ 142.881390127527567, 29.081784734824822 ], [ 142.891713973888727, 29.051818171935743 ], [ 142.905875002083263, 29.022856585241115 ], [ 142.91144805188884, 29.010614147963263 ], [ 142.921497813833383, 28.986768803713115 ], [ 142.938034240305711, 28.953695950768463 ], [ 142.953474329111373, 28.922267604323817 ], [ 142.965077236083658, 28.895955500323652 ], [ 142.968000803194798, 28.888646582545828 ], [ 142.987369435306022, 28.85575645254562 ], [ 143.003083608528328, 28.826429419962103 ], [ 143.018432335861775, 28.794544266156343 ], [ 143.021629987389588, 28.787143986906294 ], [ 143.030674773139651, 28.772160705461754 ], [ 143.042186318639722, 28.75087348243385 ], [ 143.057900491862029, 28.71926241304476 ], [ 143.062377204000967, 28.710674434655818 ], [ 143.086222548251101, 28.67641388257227 ], [ 143.10495165005679, 28.645168259072076 ], [ 143.121488076529118, 28.616754841210781 ], [ 143.141130793057016, 28.57938799907166 ], [ 143.170640548584942, 28.527403321376887 ], [ 143.190283265112896, 28.486199297404404 ], [ 143.196221760807362, 28.473591414237656 ], [ 143.202617063862959, 28.453035082987526 ], [ 143.210930957835274, 28.431016968181833 ], [ 143.213671802001954, 28.423251243042898 ], [ 143.221163442724219, 28.396847777570507 ], [ 143.228198276085323, 28.374738301292599 ], [ 143.232035457918698, 28.351897933236899 ], [ 143.234228133252088, 28.341756809820168 ], [ 143.241171605141005, 28.314713814042221 ], [ 143.244003810779901, 28.301100954681022 ], [ 143.248754607335485, 28.266657679653029 ], [ 143.252043620335513, 28.244365480430666 ], [ 143.255606717752215, 28.220611497652737 ], [ 143.258895730752243, 28.198136575485929 ], [ 143.258713007807756, 28.158028889180123 ], [ 143.260266152835527, 28.136284858791097 ], [ 143.261727936391168, 28.119931155263213 ], [ 143.26236746669673, 28.083569289318543 ], [ 143.264925587918981, 28.063652488373972 ], [ 143.270864083613475, 28.024732501207058 ], [ 143.275523518696843, 27.992299178567965 ], [ 143.291329053391337, 27.950912431651044 ], [ 143.306220973363708, 27.91857047048417 ], [ 143.312250830530388, 27.904866249650755 ], [ 143.328513172586042, 27.873620626150558 ], [ 143.336370259197253, 27.859825043844911 ], [ 143.36167738700297, 27.833421578372523 ], [ 143.364235508225221, 27.830954818622512 ], [ 143.368072690058568, 27.824011346733577 ], [ 143.37611249961418, 27.811494825039055 ], [ 143.388629021308674, 27.789202625816692 ], [ 143.405074086308787, 27.757682917899828 ], [ 143.411378027892141, 27.745805926510865 ], [ 143.422524127503323, 27.717849316010689 ], [ 143.431477551781143, 27.693090357038308 ], [ 143.438055577781171, 27.671346326649282 ], [ 143.441435952253443, 27.660839757343663 ], [ 143.445912664392353, 27.639552534315751 ], [ 143.452947497753456, 27.606753765787765 ], [ 143.454592004253442, 27.58071574620427 ], [ 143.45669331811456, 27.559063077287465 ], [ 143.458611909031276, 27.539511722231786 ], [ 143.45852054755909, 27.503241217759339 ], [ 143.457606932836853, 27.487983851898129 ], [ 143.455505618975764, 27.463773061759088 ], [ 143.447191725003506, 27.430426124397762 ], [ 143.439700084281213, 27.399728669730901 ], [ 143.435588818031192, 27.38465402681414 ], [ 143.430563937058906, 27.366747178258471 ], [ 143.417499246531065, 27.330568035258242 ], [ 143.408911268142106, 27.310742595785896 ], [ 143.398313337364272, 27.286714528591304 ], [ 143.389451274558667, 27.267802703841188 ], [ 143.384738545283142, 27.257798622632784 ], [ 143.381205901690521, 27.244216217095662 ], [ 143.377125089264581, 27.227405706206667 ], [ 143.372313385060863, 27.202738108706509 ], [ 143.368902556764539, 27.184404906613803 ], [ 143.368354387931191, 27.176852358243387 ], [ 143.368476203227516, 27.154133805483983 ], [ 143.36756258850528, 27.138480539909811 ], [ 143.364882651986761, 27.109305776446664 ], [ 143.356538304190394, 27.084211825409472 ], [ 143.351178431153329, 27.067340406872326 ], [ 143.343991328671819, 27.033902108038781 ], [ 143.340215054486606, 27.012949877075688 ], [ 143.33522062733843, 26.988099556631088 ], [ 143.331809799042134, 26.970009985130972 ], [ 143.326389018356906, 26.943210619945617 ], [ 143.325049050097647, 26.935901702167794 ], [ 143.324257250671707, 26.921527497204742 ], [ 143.32316091300504, 26.904412448075007 ], [ 143.323221820653174, 26.877856713482245 ], [ 143.322308205930938, 26.872557748093321 ], [ 143.318044670560539, 26.85154460948208 ], [ 143.315669272282776, 26.838327649833847 ], [ 143.316339256412391, 26.816279081204076 ], [ 143.316400164060525, 26.786251610666852 ], [ 143.315608364634613, 26.759208614888902 ], [ 143.313232966356765, 26.736307339185053 ], [ 143.309213061579015, 26.708533451629322 ], [ 143.305802233282691, 26.694037431369971 ], [ 143.303122296764172, 26.683439500592129 ], [ 143.288443553560398, 26.657066488943812 ], [ 143.283144588171467, 26.631911630258472 ], [ 143.278941960449231, 26.613761151110211 ], [ 143.275652947449174, 26.585804540610035 ], [ 143.274008440949132, 26.575815686313675 ], [ 143.271998488560229, 26.566009554961759 ], [ 143.267247692004673, 26.543839171035692 ], [ 143.265846816097252, 26.53726114503565 ], [ 143.263166879578733, 26.519780650017022 ], [ 143.261339650134261, 26.509669980424366 ], [ 143.25878152891201, 26.494564883683527 ], [ 143.257685191245344, 26.49011862536868 ], [ 143.24726998341194, 26.454670374146236 ], [ 143.243250078634134, 26.438712570331319 ], [ 143.239900157985971, 26.422754766516402 ], [ 143.235636622615601, 26.402167981442201 ], [ 143.231555810189604, 26.377317660997598 ], [ 143.228205889541471, 26.355695445904871 ], [ 143.221810586485844, 26.330479679571376 ], [ 143.21699888228207, 26.310684693923104 ], [ 143.214928022245033, 26.301304916108229 ], [ 143.21352714633764, 26.286747988200723 ], [ 143.212065362782056, 26.278403640404377 ], [ 143.21115174805982, 26.270546553793217 ], [ 143.20682730504123, 26.23838731557079 ], [ 143.202807400263481, 26.215790578107683 ], [ 143.198604772541216, 26.189234843514924 ], [ 143.195924836022698, 26.17297250145927 ], [ 143.192574915374536, 26.159877357107334 ], [ 143.187275949985633, 26.14014327910721 ], [ 143.185022367004109, 26.118947417551517 ], [ 143.183560583448525, 26.112856652736664 ], [ 143.181916076948482, 26.101223291940293 ], [ 143.179601586318853, 26.082037382773503 ], [ 143.17661711155958, 26.068942238421574 ], [ 143.173876267392899, 26.055664371125193 ], [ 143.171439961466945, 26.043726472088075 ], [ 143.169125470837287, 26.029352267125024 ], [ 143.164983750763184, 26.005902822587839 ], [ 143.161572922466888, 25.986473282828452 ], [ 143.157431202392758, 25.964181083606089 ], [ 143.153898558800137, 25.944690636198565 ], [ 143.151096806985294, 25.928306478846611 ], [ 143.147259625151975, 25.903760696642745 ], [ 143.143787889207516, 25.885975663383377 ], [ 143.141717029170479, 25.864292540642499 ], [ 143.139463446188955, 25.842365787309028 ], [ 143.136174433188984, 25.814226453864404 ], [ 143.126551024781548, 25.742538151993571 ], [ 143.126733747726036, 25.708094876965575 ], [ 143.127738723920487, 25.690918920187691 ], [ 143.126002855948258, 25.658942404909713 ], [ 143.123901542087111, 25.636102036854012 ], [ 143.125637410059369, 25.608328149298277 ], [ 143.126185578892688, 25.586584118909251 ], [ 143.128652338642695, 25.56831182446469 ], [ 143.132032713114967, 25.537979815686729 ], [ 143.13285496636496, 25.53167587410335 ], [ 143.138336654698321, 25.511210904325445 ], [ 143.141534306226134, 25.497415322019801 ], [ 143.144275150392815, 25.487822367436404 ], [ 143.151858152587323, 25.467905566491837 ], [ 143.158801624476268, 25.45009007940839 ], [ 143.174607159170819, 25.424508867186006 ], [ 143.181733354004194, 25.41345412904705 ], [ 143.191691754476494, 25.390431038046906 ], [ 143.200279732865454, 25.37170193624123 ], [ 143.219739726448893, 25.334061009685442 ], [ 143.227048644226727, 25.309302050713065 ], [ 143.232987139921221, 25.287283935907379 ], [ 143.239108358560145, 25.271112955323943 ], [ 143.247513614004617, 25.24991709376825 ], [ 143.248701313143528, 25.221046868545848 ], [ 143.248975397560315, 25.21227616721248 ], [ 143.249797650810308, 25.20811922022634 ], [ 143.2513964765742, 25.198571946379058 ], [ 143.254045959268637, 25.180025567517841 ], [ 143.254594128101957, 25.169062190851104 ], [ 143.254411405157498, 25.131329902823087 ], [ 143.255325019879734, 25.111321740406293 ], [ 143.256878164907533, 25.089212264128378 ], [ 143.260258539379748, 25.062169268350431 ], [ 143.26245121471311, 25.050931807267027 ], [ 143.263638913851992, 25.041156129739186 ], [ 143.26829834893536, 25.024254257377969 ], [ 143.272500976657625, 25.009545060350099 ], [ 143.276064074074327, 25.001505250794494 ], [ 143.277617219102126, 24.995658116572233 ], [ 143.279627171491057, 24.981953895738815 ], [ 143.286570643379974, 24.962859348044248 ], [ 143.290681909630024, 24.949977380460833 ], [ 143.297168574157837, 24.933989122821842 ], [ 143.307583781991241, 24.907494295877232 ], [ 143.313887723574624, 24.885476181071539 ], [ 143.31863852013015, 24.86756933251586 ], [ 143.321470725769046, 24.860991306515814 ], [ 143.329510535324658, 24.8336742263212 ], [ 143.331520487713561, 24.826548031487825 ], [ 143.336271284269145, 24.816589631015539 ], [ 143.34083935788027, 24.804621278154354 ], [ 143.346046961796958, 24.791556587626495 ], [ 143.352350903380341, 24.76405678448743 ], [ 143.355731277852584, 24.748525334209553 ], [ 143.356370808158118, 24.745144959737313 ], [ 143.355365831963667, 24.731806184792784 ], [ 143.353904048408111, 24.718467409848255 ], [ 143.357193061408111, 24.699921030987028 ], [ 143.360664797352598, 24.679090615320227 ], [ 143.364593340658161, 24.657620669347871 ], [ 143.367425546297085, 24.645560955014464 ], [ 143.374277656713758, 24.625461431125444 ], [ 143.379211176213772, 24.612396740597585 ], [ 143.384692864547134, 24.598692519764164 ], [ 143.38889549226937, 24.588551396347434 ], [ 143.402325628686157, 24.563061545597275 ], [ 143.414659427436249, 24.53729761043045 ], [ 143.426170972936319, 24.51189912115251 ], [ 143.426445057352993, 24.504864287791353 ], [ 143.425440081158541, 24.492895934930164 ], [ 143.425440081158484, 24.449042428263226 ], [ 143.426445057352936, 24.429308350263099 ], [ 143.425988249991832, 24.420263564513043 ], [ 143.421328814908463, 24.383353529735032 ], [ 143.411096330019518, 24.361792222290454 ], [ 143.398488446852753, 24.331094767623593 ], [ 143.390814083186029, 24.308619845456786 ], [ 143.37994206799155, 24.271618449206546 ], [ 143.390448637297197, 24.254716576845325 ], [ 143.401686098380594, 24.245214983734158 ], [ 143.415664403630672, 24.228313111372941 ], [ 143.442707399408619, 24.210680347233939 ], [ 143.460796970908717, 24.197615656706081 ], [ 143.491768509992227, 24.183911435872655 ], [ 143.525206808825772, 24.173222143622588 ], [ 143.555356094659317, 24.167557732344775 ], [ 143.58312998221507, 24.159426561316945 ], [ 143.617573257243009, 24.149376799372437 ], [ 143.637764142604254, 24.141793797177943 ], [ 143.658960004159951, 24.133114457316779 ], [ 143.679973142771189, 24.122607888011157 ], [ 143.684358493437884, 24.118953429122243 ], [ 143.713868248965809, 24.090174565372067 ], [ 143.736617255549305, 24.066146498177471 ], [ 143.779100340132914, 24.022841160343862 ], [ 143.803585214688638, 23.998356285788152 ], [ 143.830354126049912, 23.978165400426914 ], [ 143.853834024411157, 23.953589164398984 ], [ 143.874847163022395, 23.939154051787781 ], [ 143.919705645883795, 23.904893499704229 ], [ 143.927105925133873, 23.897675943398625 ], [ 143.951864884106243, 23.873921960620695 ], [ 143.994987498995386, 23.839570047064928 ], [ 144.05199705766239, 23.803939072898036 ], [ 144.091922021023777, 23.778083776258981 ], [ 144.104803988607244, 23.770318051120046 ], [ 144.123624451885121, 23.756705191758847 ], [ 144.138973179218567, 23.745102284786554 ], [ 144.151855146801978, 23.735783414619828 ], [ 144.166290259413188, 23.727743605064223 ], [ 144.176979551663266, 23.721348302008625 ], [ 144.182369878524412, 23.719246988147503 ], [ 144.212884610246817, 23.687910003175077 ], [ 144.23161371205245, 23.667170948980498 ], [ 144.262128443774884, 23.642686074424791 ], [ 144.286156510969505, 23.615003548341285 ], [ 144.322609738386433, 23.585128346924431 ], [ 144.344627853192122, 23.563932485368746 ], [ 144.386471407470168, 23.525560667035169 ], [ 144.420001067775956, 23.497878140951659 ], [ 144.446130448831696, 23.470652422229264 ], [ 144.47289936019294, 23.447355246812453 ], [ 144.507753761846033, 23.415744177423377 ], [ 144.539730277123994, 23.388883904589875 ], [ 144.582670169068734, 23.355902413117445 ], [ 144.631000387874565, 23.314332943256073 ], [ 144.684355487652709, 23.26828676125578 ], [ 144.708749000736191, 23.244532778477851 ], [ 144.72062599212515, 23.232838510033332 ], [ 144.754521098319827, 23.204607815116493 ], [ 144.791887940458963, 23.166875527088475 ], [ 144.815916007653556, 23.143395628727212 ], [ 144.838025483931432, 23.122199767171526 ], [ 144.874295988403901, 23.092690011643562 ], [ 144.891471945181763, 23.076884476949015 ], [ 144.916322265626349, 23.058064013671117 ], [ 144.938979910737658, 23.04070533394879 ], [ 144.961911640265555, 23.021793509198666 ], [ 144.981097549432349, 23.003155768865224 ], [ 145.016271716238094, 22.98451802853177 ], [ 145.045690110293833, 22.96167766047607 ], [ 145.074286251099551, 22.947973439642649 ], [ 145.103613283683075, 22.934817387642568 ], [ 145.12709318204432, 22.918646407059125 ], [ 145.160622842350108, 22.896354207836769 ], [ 145.189858513461388, 22.870498911197714 ], [ 145.216901509239335, 22.845100421919774 ], [ 145.245040842683949, 22.82372183741964 ], [ 145.272906091711917, 22.79695292605836 ], [ 145.309176596184358, 22.76570730255817 ], [ 145.329550204490005, 22.747435008113605 ], [ 145.356958646156841, 22.711895395418939 ], [ 145.384184364879218, 22.682933808724311 ], [ 145.420911676712791, 22.650591847557443 ], [ 145.444208852129634, 22.630949131029539 ], [ 145.482489308990978, 22.595500879807098 ], [ 145.499665265768868, 22.582527550751454 ], [ 145.519216620824551, 22.568457884029144 ], [ 145.548726376352505, 22.546987938056791 ], [ 145.57531256476932, 22.528624282140012 ], [ 145.595960257491697, 22.516199121917712 ], [ 145.609573116852886, 22.507428420584322 ], [ 145.636890197047506, 22.486872089334195 ], [ 145.646483151630889, 22.479837255973042 ], [ 145.670602580297725, 22.465950312195176 ], [ 145.696457876936762, 22.450418861917296 ], [ 145.720577305603598, 22.434887411639419 ], [ 145.752919266770448, 22.418899154000428 ], [ 145.777495502798388, 22.406473993778132 ], [ 145.811116524576391, 22.383724987194654 ], [ 145.844646184882151, 22.363899547722308 ], [ 145.862187587548931, 22.353301616944464 ], [ 145.898184007604698, 22.334572515138792 ], [ 145.918923061799319, 22.322604162277603 ], [ 145.953366336827315, 22.302504638388587 ], [ 146.001148386799798, 22.269157701027265 ], [ 146.039611566605629, 22.243393765860436 ], [ 146.072227612189181, 22.221649735471409 ], [ 146.097991547356003, 22.205113308999085 ], [ 146.146595850578535, 22.174781300221113 ], [ 146.160300071411967, 22.166650129193286 ], [ 146.201047288023346, 22.134490890970863 ], [ 146.234576948329078, 22.110919631137378 ], [ 146.274867357579353, 22.078669031442729 ], [ 146.313330537385184, 22.055554578970362 ], [ 146.363031178274355, 22.019192713025689 ], [ 146.381668918607829, 22.006128022497826 ], [ 146.419401206635854, 21.96885254183093 ], [ 146.463620159191663, 21.93504879710849 ], [ 146.497606626858556, 21.903163643302737 ], [ 146.549682666025575, 21.858122437496903 ], [ 146.597921523359162, 21.804493253302123 ], [ 146.614823395720407, 21.785855512968674 ], [ 146.642414560331702, 21.758629794246275 ], [ 146.665894458692947, 21.726196471607185 ], [ 146.672563846165218, 21.717973939107132 ], [ 146.691110225026449, 21.685723339412483 ], [ 146.713950593082131, 21.651005979967817 ], [ 146.719706365832195, 21.641230302439983 ], [ 146.732222887526717, 21.616105897578713 ], [ 146.750038374610142, 21.58111445371738 ], [ 146.771599682054784, 21.541372213300463 ], [ 146.776441840082612, 21.524927148300357 ], [ 146.787587939693793, 21.498249598411302 ], [ 146.795445026304947, 21.481713171938978 ], [ 146.800561268749419, 21.452568862299898 ], [ 146.808692439777246, 21.413374790716322 ], [ 146.805312065305031, 21.372262128216065 ], [ 146.802114413777247, 21.332154441910255 ], [ 146.80019582286053, 21.311141303299014 ], [ 146.801109437582767, 21.28629098285441 ], [ 146.798094508999412, 21.266374181909839 ], [ 146.793800519804932, 21.228093725048492 ], [ 146.785577987304862, 21.182595711881536 ], [ 146.779274045721507, 21.141117603492386 ], [ 146.78457301111041, 21.107496581714397 ], [ 146.78228897430489, 21.078078187658651 ], [ 146.783202589027127, 21.055603265491847 ], [ 146.784573011110467, 21.015769663602708 ], [ 146.784573011110439, 20.929341710879939 ], [ 146.786126156138209, 20.905222282213121 ], [ 146.788318831471571, 20.875438442268493 ], [ 146.790146060916015, 20.847207747351646 ], [ 146.794622773054954, 20.820621558934814 ], [ 146.796541363971613, 20.803262879212483 ], [ 146.797820424582738, 20.777955751406768 ], [ 146.800104461388315, 20.740040740434303 ], [ 146.800469907277204, 20.732914545600931 ], [ 146.810976476582823, 20.707972863684105 ], [ 146.822670745027381, 20.68979193071177 ], [ 146.827969710416284, 20.682117567045054 ], [ 146.847064258110862, 20.668047900322744 ], [ 146.868716927027634, 20.6438371101837 ], [ 146.895211753972291, 20.621179465072448 ], [ 146.919879351472389, 20.601719471488991 ], [ 146.952221312639296, 20.579153187849961 ], [ 146.977985247806117, 20.550374324099781 ], [ 146.999546555250703, 20.525615365127397 ], [ 147.024579598639747, 20.495374717821655 ], [ 147.046140906084275, 20.466413131127023 ], [ 147.069163997084445, 20.422833708876748 ], [ 147.079670566390092, 20.391222639487662 ], [ 147.09173028072351, 20.3533076285152 ], [ 147.096937884640255, 20.337684816765101 ], [ 147.106804923640311, 20.30589102443157 ], [ 147.117768300307034, 20.27044277320913 ], [ 147.130467544946015, 20.234537714625571 ], [ 147.138690077446057, 20.213159130125433 ], [ 147.15102387619612, 20.179081300986333 ], [ 147.152851105640536, 20.172960082347405 ], [ 147.163814482307259, 20.149845629875038 ], [ 147.173590159835101, 20.130842443652696 ], [ 147.177701426085179, 20.122985357041539 ], [ 147.19898864911309, 20.094297854763578 ], [ 147.200633155613048, 20.092744709735786 ], [ 147.212418785529792, 20.069995703152312 ], [ 147.232792393835524, 20.042130454124361 ], [ 147.252343748891235, 20.016731964846425 ] ] } },
{ "type": "Feature", "properties": { }, "geometry": { "type": "LineString", "coordinates": [ [ 141.926186901798758, 34.207315595644154 ], [ 141.921116340090407, 34.208229210366383 ], [ 141.914629675562566, 34.209371228769164 ], [ 141.907396892344934, 34.211168004389556 ], [ 141.903864248752313, 34.212629787945119 ], [ 141.897286222752285, 34.213908848556244 ], [ 141.892718149141132, 34.215675170352547 ], [ 141.888576429067058, 34.21738058450071 ], [ 141.881145695992927, 34.218964183352568 ], [ 141.872314087011375, 34.222740457537775 ], [ 141.866588768085393, 34.224019518148893 ], [ 141.863117032140934, 34.225481301704455 ], [ 141.857026267326091, 34.226943085260025 ], [ 141.845331998881562, 34.231511158871164 ], [ 141.841982078233372, 34.233521111260067 ], [ 141.839119418770395, 34.234678356574889 ], [ 141.83631766695558, 34.236444678371193 ], [ 141.833089561603686, 34.237601923686015 ], [ 141.827973319159213, 34.23888098429714 ], [ 141.820908031974, 34.241439105519376 ], [ 141.816522681307305, 34.243266334963828 ], [ 141.812441868881336, 34.244484487926798 ], [ 141.803488444603516, 34.24795622387127 ], [ 141.796605880362733, 34.249844360963877 ], [ 141.790941469084913, 34.250757975686099 ], [ 141.782170767751495, 34.254716972815757 ], [ 141.773643697010698, 34.256117848723171 ], [ 141.769806515177407, 34.257579632278741 ], [ 141.762680320344032, 34.260015938204681 ], [ 141.757990431436582, 34.261477721760251 ], [ 141.755310494918064, 34.263244043556554 ], [ 141.748671561269873, 34.266289425963983 ], [ 141.739718136992025, 34.268543008945478 ], [ 141.736611846936484, 34.269212993075101 ], [ 141.727902053251256, 34.27280654431587 ], [ 141.71980133604751, 34.274146512575136 ], [ 141.715598708325246, 34.275730111426995 ], [ 141.7074979911215, 34.278592770889979 ], [ 141.701529041602953, 34.280541815630727 ], [ 141.690687480232526, 34.282125414482586 ], [ 141.679175934732456, 34.283709013334452 ], [ 141.676252367621316, 34.283648105686304 ], [ 141.663766299750876, 34.285901688667799 ], [ 141.655361044306403, 34.286449857501132 ], [ 141.639403240491475, 34.285231704538162 ], [ 141.629658016787715, 34.284074459223341 ], [ 141.624054513158057, 34.282490860371482 ], [ 141.616989225972844, 34.281942691538141 ], [ 141.575389302287391, 34.281881783889993 ], [ 141.559736036713218, 34.283648105686297 ], [ 141.544082771139045, 34.284683535704822 ], [ 141.536286592176026, 34.286693488093725 ], [ 141.530439457953776, 34.288459809890036 ], [ 141.527698613787095, 34.288947071075221 ], [ 141.519841527175913, 34.29229699172339 ], [ 141.512715332342538, 34.294611482353041 ], [ 141.498950203860971, 34.300154078334558 ], [ 141.490362225472069, 34.305635766667926 ], [ 141.486525043638693, 34.307462996112378 ], [ 141.482687861805346, 34.308802964371651 ], [ 141.478607049379377, 34.310508378519806 ], [ 141.469653625101557, 34.316538235686515 ], [ 141.460334754934848, 34.320009971630981 ], [ 141.442915167564365, 34.333409654223658 ], [ 141.433413574453198, 34.338708619612582 ], [ 141.423851073693868, 34.345408460908921 ], [ 141.410390483453057, 34.358625420557154 ], [ 141.404421533934482, 34.365507984797944 ], [ 141.398026230878884, 34.370746042538705 ], [ 141.381885704119526, 34.387800184020293 ], [ 141.373967709860239, 34.395352732390712 ], [ 141.358740797823117, 34.407107908483376 ], [ 141.349300112360112, 34.41362502683527 ], [ 141.336996767434101, 34.423492065835333 ], [ 141.328713327285897, 34.431531875390945 ], [ 141.313730045841368, 34.444261573853986 ], [ 141.299173117933861, 34.457234902909619 ], [ 141.288697002452324, 34.46539652776152 ], [ 141.28236260704486, 34.469477340187474 ], [ 141.278261492069646, 34.471385779829461 ], [ 141.271236809983179, 34.474796608125779 ], [ 141.250853050402839, 34.487242070897473 ], [ 141.244356234600332, 34.49008442781107 ], [ 141.237453367810161, 34.493535861206155 ], [ 141.227870564501472, 34.497515160885186 ], [ 141.217556869414977, 34.50039812289755 ], [ 141.213739990130989, 34.501941116650642 ], [ 141.208867378279109, 34.50348411040374 ], [ 141.196564033353098, 34.505839206132151 ], [ 141.186981230044381, 34.505757995934609 ], [ 141.177317216538171, 34.507950671267956 ], [ 141.156649221266434, 34.507991276366724 ], [ 141.150314825858999, 34.50717917439141 ], [ 141.143249538673814, 34.50567678573708 ], [ 141.133098263982419, 34.505717390835834 ], [ 141.127697785846578, 34.504458632774103 ], [ 141.126276607389769, 34.503524715502486 ], [ 141.114907179735411, 34.503443505304972 ], [ 141.108978835315611, 34.502062931946938 ], [ 141.10065479006866, 34.500316912700015 ], [ 141.095944598611794, 34.499139364835806 ], [ 141.091965298932763, 34.498124237366667 ], [ 141.086483610599402, 34.496418823218505 ], [ 141.084250330167293, 34.495769141638256 ], [ 141.076535361401824, 34.494916434564175 ], [ 141.067196188685756, 34.494144937687629 ], [ 141.062810838019061, 34.493535861206141 ], [ 141.0598060607104, 34.492601943934531 ], [ 141.051847461352338, 34.492642549033292 ], [ 141.046568798512794, 34.491505606267857 ], [ 141.036701759512738, 34.49146500116909 ], [ 141.02675351031516, 34.493414045909844 ], [ 141.015546503055816, 34.49516006515676 ], [ 141.010430260611344, 34.49731213539134 ], [ 141.005517043660717, 34.49974844131728 ], [ 141.0018625847718, 34.501738091156803 ], [ 140.997477234105105, 34.501738091156795 ], [ 140.994837902685333, 34.503971371588911 ], [ 140.991021023401345, 34.504824078662992 ], [ 140.98513328408032, 34.5097779007124 ], [ 140.974169907413597, 34.51436627687292 ], [ 140.965602231573939, 34.516071691021082 ], [ 140.961947772685022, 34.517695894971709 ], [ 140.958577549487472, 34.516477742008739 ], [ 140.954070383524481, 34.517695894971702 ], [ 140.949482007363969, 34.517574079675406 ], [ 140.944122134326904, 34.516234111416139 ], [ 140.938924681684853, 34.514691117663041 ], [ 140.93043821604283, 34.513594779996367 ], [ 140.92946369367246, 34.512417232132158 ], [ 140.92662133675887, 34.510914843477835 ], [ 140.920327546450181, 34.508316117156831 ], [ 140.918013055820552, 34.507016753996339 ], [ 140.912490762388416, 34.504864683761753 ], [ 140.903841876351322, 34.502793823724708 ], [ 140.897020219758701, 34.501047804477786 ], [ 140.887802862338901, 34.49974844131728 ], [ 140.882118148511694, 34.499301785230863 ], [ 140.876514644882064, 34.499667231119751 ], [ 140.870748720857307, 34.500722963687657 ], [ 140.857552063758504, 34.508113091663006 ], [ 140.843624514881867, 34.516843187897621 ], [ 140.835056839042295, 34.517898920465534 ], [ 140.825514640832381, 34.520538251885306 ], [ 140.815363366140986, 34.521756404848261 ], [ 140.807932633066855, 34.524923602551986 ], [ 140.795629288140844, 34.525004812749522 ], [ 140.783772599301273, 34.523624239391488 ], [ 140.769195368844379, 34.521918825243326 ], [ 140.757501100399878, 34.520741277379123 ], [ 140.749948552029423, 34.518751627539601 ], [ 140.739837882436774, 34.518711022440833 ], [ 140.733462881930564, 34.517533474576631 ], [ 140.727047276325635, 34.517655289872927 ], [ 140.720550460523128, 34.514853538058098 ], [ 140.703374503745238, 34.51477232786057 ], [ 140.692248706683444, 34.516558952206253 ], [ 140.681853801399427, 34.518832837737136 ], [ 140.677874501720396, 34.520050990700106 ], [ 140.669997112559855, 34.526629016700156 ], [ 140.665855392485753, 34.529227743021153 ], [ 140.653308416967178, 34.536333635305148 ], [ 140.641979594411538, 34.543926788774321 ], [ 140.639786919078205, 34.546363094700247 ], [ 140.632478001300399, 34.550098763786693 ], [ 140.627645994547237, 34.555377426626237 ], [ 140.625778160004018, 34.558422809033658 ], [ 140.616682617880542, 34.56349844637937 ], [ 140.607993126744674, 34.567924402144818 ], [ 140.597557616361911, 34.572756408897938 ], [ 140.586675449892709, 34.577588415651064 ], [ 140.58046286978157, 34.579902906280708 ], [ 140.575265417139548, 34.581121059243678 ], [ 140.568240735053053, 34.583679180465914 ], [ 140.562921467114762, 34.585709435404198 ], [ 140.555165893250518, 34.588998448404219 ], [ 140.547085478596131, 34.593627429663506 ], [ 140.541969236151687, 34.594845582626483 ], [ 140.536609363114621, 34.596429181478342 ], [ 140.533076719521972, 34.598093990527737 ], [ 140.527067164904651, 34.601707844317879 ], [ 140.523534521312058, 34.604144150243819 ], [ 140.51927098594166, 34.605484118503092 ], [ 140.506886430818128, 34.610600360947565 ], [ 140.486665091632801, 34.619086826589587 ], [ 140.484431811200636, 34.619980138762429 ], [ 140.476554422040095, 34.62176676310812 ], [ 140.474036905916648, 34.623066126268618 ], [ 140.471316364299355, 34.624690330219245 ], [ 140.462099006879555, 34.627735712626674 ], [ 140.455764611472091, 34.63151198681188 ], [ 140.448942954879442, 34.635288260997086 ], [ 140.443867317533744, 34.637683961824258 ], [ 140.435908718175654, 34.641135395219344 ], [ 140.428356169805312, 34.645317720392192 ], [ 140.42315871716329, 34.648890969083574 ], [ 140.41747400333611, 34.652220587182356 ], [ 140.410246295755826, 34.655225364491017 ], [ 140.403668269755798, 34.659245269268823 ], [ 140.392826708385343, 34.661965810886123 ], [ 140.386248682385315, 34.665945110565161 ], [ 140.379345815595116, 34.668178390997262 ], [ 140.373904732360529, 34.669396543960232 ], [ 140.367448521656797, 34.67280737225655 ], [ 140.36424071885429, 34.67524367818249 ], [ 140.35396762886657, 34.680644156318337 ], [ 140.347105367175118, 34.683567723429505 ], [ 140.342232755323238, 34.686288265046805 ], [ 140.336710461891101, 34.688399730182624 ], [ 140.332974792804663, 34.689617883145594 ], [ 140.322620492619393, 34.695180781676491 ], [ 140.31705759408851, 34.699525527244418 ], [ 140.314621288162556, 34.702773935145672 ], [ 140.310398357890961, 34.705372661466676 ], [ 140.30455122366871, 34.707727757195087 ], [ 140.299231955730363, 34.710651324306212 ], [ 140.294237528582187, 34.713331260824752 ], [ 140.287700107680905, 34.715726961651924 ], [ 140.283071126421646, 34.717310560503776 ], [ 140.274097399594439, 34.71986868172602 ], [ 140.253470009421449, 34.719949891923555 ], [ 140.231665071384271, 34.721777121368007 ], [ 140.2241125230139, 34.722954669232209 ], [ 140.216478764445952, 34.724619478281603 ], [ 140.210469209828631, 34.726893363812479 ], [ 140.206855356038517, 34.728030306577921 ], [ 140.199180992371794, 34.729654510528547 ], [ 140.192481151075441, 34.73140052977547 ], [ 140.18955758396433, 34.732618682738433 ], [ 140.183791659939601, 34.736476167121168 ], [ 140.181233538717379, 34.738953078145876 ], [ 140.163042454470343, 34.749997665010142 ], [ 140.151388791124617, 34.755438748244742 ], [ 140.145216816112224, 34.759986519306501 ], [ 140.131289267235616, 34.765549417837391 ], [ 140.121868884321998, 34.768107539059635 ], [ 140.115412673618238, 34.770665660281871 ], [ 140.106885602877412, 34.771761997948545 ], [ 140.100185761581059, 34.771761997948545 ], [ 140.095841016013139, 34.77103110617076 ], [ 140.090765378667442, 34.769285086923837 ], [ 140.086136397408154, 34.76709241159049 ], [ 140.079761396901944, 34.765427602541095 ], [ 140.077061157834123, 34.764290659775661 ], [ 140.072980345408126, 34.762463430331202 ], [ 140.06896044063032, 34.760879831479343 ], [ 140.06293058346364, 34.75805777711512 ], [ 140.057854946117942, 34.756920834349678 ], [ 140.054362907624096, 34.755824496683005 ], [ 140.04652612356233, 34.749896152263233 ], [ 140.044130422735122, 34.748962234991616 ], [ 140.041369276019054, 34.747378636139757 ], [ 140.038729944599311, 34.746241693374316 ], [ 140.032720389981989, 34.740597584645883 ], [ 140.021553987821477, 34.72963420797916 ], [ 140.014123254747346, 34.72545188280629 ], [ 140.009859719376948, 34.721959844312444 ], [ 139.999505419191706, 34.715056977522281 ], [ 139.989110513907661, 34.708235320929646 ], [ 139.984319112253303, 34.703525129472823 ], [ 139.978187742339713, 34.700967008250593 ], [ 139.969051595117435, 34.698774332917246 ], [ 139.958169428648205, 34.696459842287595 ], [ 139.949276912018519, 34.694795033238201 ], [ 139.940343790290115, 34.693942326164134 ], [ 139.932831847018463, 34.692155701818443 ], [ 139.923188136061668, 34.690287867275259 ], [ 139.920467594444375, 34.689150924509825 ], [ 139.912305969592467, 34.687526720559191 ], [ 139.908651510703578, 34.685943121707325 ], [ 139.90483463141959, 34.684724968744355 ], [ 139.893790044555345, 34.680095987485068 ], [ 139.887780489938024, 34.676685159188757 ], [ 139.8868465726664, 34.676035477608508 ], [ 139.878481922320674, 34.673924012472689 ], [ 139.875233514419392, 34.672746464608494 ], [ 139.870401507666287, 34.671690732040581 ], [ 139.864391953048965, 34.670513184176379 ], [ 139.858991474913125, 34.668685954731927 ], [ 139.856920614876088, 34.667955062954142 ], [ 139.837267747073497, 34.66799566805291 ], [ 139.82926854261666, 34.669782292398594 ], [ 139.819482713814153, 34.670188343386251 ], [ 139.809128413628883, 34.671487706546756 ], [ 139.802834623320223, 34.672462228917134 ], [ 139.794713603567089, 34.672462228917134 ], [ 139.779649111925011, 34.674979745040602 ], [ 139.773598952208914, 34.675873057213444 ], [ 139.76458462028296, 34.676685159188764 ], [ 139.761214397085411, 34.676969394880125 ], [ 139.750900701998916, 34.676928789781357 ], [ 139.747368058406266, 34.678309363139384 ], [ 139.744038440307492, 34.679527516102354 ], [ 139.736201656245697, 34.680664458867795 ], [ 139.726862483529601, 34.682369873015958 ], [ 139.716264552751767, 34.683791051472753 ], [ 139.707169010628263, 34.684846784040658 ], [ 139.692469964875073, 34.685902516608564 ], [ 139.682034454492282, 34.687364300164127 ], [ 139.673385568455245, 34.688947899015993 ], [ 139.664046395739149, 34.691099969250558 ], [ 139.658483497208238, 34.692439937509832 ], [ 139.655356904603281, 34.69357688027528 ], [ 139.649387955084734, 34.694673217941954 ], [ 139.641794801615561, 34.697596785053072 ], [ 139.631237475936473, 34.70397178555929 ], [ 139.628151488430262, 34.70547417421362 ], [ 139.625999418195704, 34.70640809148523 ], [ 139.620923780850006, 34.712174015509952 ], [ 139.614670595640092, 34.716924812065535 ], [ 139.609797983788212, 34.722081659608776 ], [ 139.607361677862258, 34.726426405176717 ], [ 139.604478715849893, 34.733207456670584 ], [ 139.601270913047415, 34.740435164250869 ], [ 139.599037632615278, 34.745713827090405 ], [ 139.597575849059723, 34.74957131147314 ], [ 139.597088587874509, 34.751845197004016 ], [ 139.59424623096092, 34.756433573164536 ], [ 139.592987472899182, 34.759560165769493 ], [ 139.58945482930659, 34.767478160028794 ], [ 139.586774892788071, 34.779822110053566 ], [ 139.58287680330659, 34.788308575695588 ], [ 139.579141134220151, 34.793627843633885 ], [ 139.578085401652231, 34.795049022090687 ], [ 139.576136356911491, 34.796632620942546 ], [ 139.574390337664568, 34.799840423745039 ], [ 139.571588585849724, 34.803616697930245 ], [ 139.558432533849668, 34.814661284794511 ], [ 139.554432931621278, 34.81642760659085 ], [ 139.547814300522475, 34.818254836035301 ], [ 139.539530860374271, 34.821706269430386 ], [ 139.533440095559428, 34.825035887529168 ], [ 139.529542006077946, 34.826863116973627 ], [ 139.522882769880368, 34.828974582109439 ], [ 139.514802355225953, 34.832385410405756 ], [ 139.500793596151823, 34.840912481146546 ], [ 139.496854901571595, 34.843633022763854 ], [ 139.488449646127094, 34.849074105998454 ], [ 139.479760154991226, 34.852647354689829 ], [ 139.474237861559089, 34.856139393183682 ], [ 139.467416204966469, 34.858900539899743 ], [ 139.460432127978777, 34.862189552899764 ], [ 139.457427350670116, 34.863813756850384 ], [ 139.453569866287381, 34.865559776097307 ], [ 139.448291203447837, 34.866777929060284 ], [ 139.445773687324362, 34.868554402131259 ], [ 139.440698049978664, 34.871660692186829 ], [ 139.437571457373707, 34.872290071217705 ], [ 139.435094546349006, 34.872899147699194 ], [ 139.432414609830488, 34.87399548536586 ], [ 139.431074641571229, 34.874888797538709 ], [ 139.421979099447725, 34.876797237180689 ], [ 139.416456806015589, 34.878583861526373 ], [ 139.413127187916814, 34.879680199193047 ], [ 139.404924957966159, 34.882969212193061 ], [ 139.39542336485502, 34.888613320921486 ], [ 139.391931326361174, 34.890887206452362 ], [ 139.389616835731516, 34.8919023339215 ], [ 139.387545975694479, 34.892917461390645 ], [ 139.382226707756189, 34.894825901032625 ], [ 139.37804438258334, 34.899008226205481 ], [ 139.372440878953654, 34.902784500390695 ], [ 139.36492893568203, 34.909768577378379 ], [ 139.361233871694338, 34.912367303699384 ], [ 139.359487852447415, 34.915290870810509 ], [ 139.354331004904196, 34.921503450921648 ], [ 139.351772883681974, 34.925360935304383 ], [ 139.345560303570835, 34.933238324464917 ], [ 139.34162160899055, 34.940019375958769 ], [ 139.338779252076961, 34.945013803106946 ], [ 139.336870812434967, 34.94952096906993 ], [ 139.334759347299155, 34.955855364477365 ], [ 139.331307913904055, 34.961783708897151 ], [ 139.330049155842318, 34.968686575687308 ], [ 139.328668582484255, 34.97108227651448 ], [ 139.328221926397845, 34.972503454971275 ], [ 139.328221926397845, 34.984522564205903 ], [ 139.327369219323771, 34.987649156810853 ], [ 139.328303136595366, 34.99264358395903 ], [ 139.32923705386699, 34.999099794662754 ], [ 139.330089760941064, 35.002429412761536 ], [ 139.331916990385508, 35.007180209317113 ], [ 139.332404251570694, 35.009129254057868 ], [ 139.332444856669468, 35.011687375280104 ], [ 139.335490239076904, 35.017128458514698 ], [ 139.33800775520038, 35.022488331551756 ], [ 139.33898227757075, 35.025046452773992 ], [ 139.339713169348528, 35.028335465774006 ], [ 139.340971927410266, 35.032233555255509 ], [ 139.342068265076932, 35.034872886675274 ], [ 139.343083392546077, 35.035684988650587 ], [ 139.344057914916448, 35.037918269082695 ], [ 139.344098520015223, 35.045267791959276 ], [ 139.345397883175735, 35.049531327329667 ], [ 139.346209985151063, 35.05509422586055 ], [ 139.346291195348584, 35.063012220119852 ], [ 139.344098520015251, 35.067194545292708 ], [ 139.344098520015251, 35.070321137897665 ], [ 139.342555526262146, 35.073325915206318 ], [ 139.339834984644853, 35.076817953700164 ], [ 139.337845334805337, 35.080066361601411 ], [ 139.335936895163343, 35.082421457329822 ], [ 139.32550138478058, 35.092735152416289 ], [ 139.321278454508956, 35.096795662292855 ], [ 139.319735460755851, 35.099800439601516 ], [ 139.314659823410153, 35.104470025959564 ], [ 139.305523676187875, 35.114621300650967 ], [ 139.298905045089072, 35.121686587836187 ], [ 139.291880363002633, 35.130335473873259 ], [ 139.287291986842121, 35.136507448885638 ], [ 139.283434502459386, 35.143410315675794 ], [ 139.278074629422321, 35.147714456144946 ], [ 139.275557113298845, 35.151531335428913 ], [ 139.264350106039501, 35.161682610120323 ], [ 139.260005360471581, 35.16793579533023 ], [ 139.257406634150584, 35.17199630520679 ], [ 139.254320646644373, 35.174554426429026 ], [ 139.250422557162892, 35.180442165750044 ], [ 139.247559897699944, 35.183548455805635 ], [ 139.242870008792494, 35.190674650639004 ], [ 139.241773671125827, 35.192745510676048 ], [ 139.236413798088762, 35.198714460194594 ], [ 139.232637523903549, 35.204013425583511 ], [ 139.227643096755372, 35.209495113916866 ], [ 139.223623191977566, 35.213819556935398 ], [ 139.222222316070145, 35.21808309230579 ], [ 139.220516901921997, 35.219727598805797 ], [ 139.215217936533094, 35.222772981213218 ], [ 139.212050738829362, 35.225879271268788 ], [ 139.209979878792325, 35.229046468972513 ], [ 139.207665388162667, 35.230386437231779 ], [ 139.204985451644148, 35.234345434361423 ], [ 139.202183699829305, 35.236659924991059 ], [ 139.200234655088565, 35.23994893799108 ], [ 139.194692059107041, 35.24646605634296 ], [ 139.192316660829277, 35.2510341299541 ], [ 139.189575816662597, 35.253957697065225 ] ] } },
{ "type": "Feature", "properties": { }, "geometry": { "type": "LineString", "coordinates": [ [ 138.642259690400635, 35.105921658240412 ], [ 138.642533774817281, 35.0956587195274 ], [ 138.643630112483947, 35.09066429237923 ], [ 138.643995558372836, 35.075071934453227 ], [ 138.644787357798776, 35.064413096027252 ], [ 138.645457341928392, 35.052597012286455 ], [ 138.646066418409873, 35.049064368693841 ], [ 138.646797310187651, 35.037187377304896 ], [ 138.647467294317323, 35.024518586490018 ], [ 138.648624539632152, 35.015382439267754 ], [ 138.648320001391369, 35.011118903897362 ], [ 138.647101848428406, 35.005393584971408 ], [ 138.647284571372893, 34.999607358397313 ], [ 138.648441816687722, 34.996074714804706 ], [ 138.648563631983961, 34.982614124563895 ], [ 138.647223663724702, 34.975975190915712 ], [ 138.646310049002523, 34.949723994563684 ], [ 138.644117373669161, 34.942780522674759 ], [ 138.642716497761796, 34.939491509674738 ], [ 138.640706545372893, 34.928406317711726 ], [ 138.639732023002495, 34.922498275841328 ], [ 138.640462914780272, 34.912083068007938 ], [ 138.639488392409902, 34.89344532767452 ], [ 138.638209331798805, 34.887780916396714 ], [ 138.639671115354361, 34.880167460378161 ], [ 138.637965701206184, 34.870909497859607 ], [ 138.635712118224717, 34.866341424248475 ], [ 138.633763073483948, 34.862808780655861 ], [ 138.630169522243193, 34.854525340507671 ], [ 138.627124139835757, 34.847642776266902 ], [ 138.625175095095017, 34.843988317377999 ], [ 138.623713311539433, 34.839420243766867 ], [ 138.622434250928336, 34.833329478952017 ], [ 138.622495158576442, 34.821757025803812 ], [ 138.621033375020886, 34.816518968063043 ], [ 138.622068805039447, 34.811950894451911 ], [ 138.62310423505798, 34.803423823711128 ], [ 138.623165142706114, 34.796175813581456 ], [ 138.622312435632011, 34.790328679359206 ], [ 138.620850652076456, 34.779304395044349 ], [ 138.61859706909496, 34.774919044377661 ], [ 138.617561639076428, 34.771386400785047 ], [ 138.61530805609496, 34.767610126599848 ], [ 138.613237196057923, 34.764930190081316 ], [ 138.609095475983821, 34.758047625840533 ], [ 138.605684647687497, 34.75250502985903 ], [ 138.603735602946756, 34.74818058684049 ], [ 138.601603835261557, 34.743734328525655 ], [ 138.594538548076343, 34.732649136562635 ], [ 138.59252859568744, 34.726680187044089 ], [ 138.590518643298537, 34.719736715155172 ], [ 138.589239582687412, 34.713463227395884 ], [ 138.588021429724506, 34.706702478451398 ], [ 138.587290537946672, 34.667904306580837 ], [ 138.588204152668908, 34.654443716340026 ], [ 138.58668146146519, 34.623319908136175 ], [ 138.58747326089113, 34.614183760913917 ], [ 138.586803276761486, 34.60614395135832 ], [ 138.58528058555774, 34.593170622302694 ], [ 138.583392448465133, 34.590247055191568 ], [ 138.581443403724393, 34.586653503950814 ], [ 138.579555266631786, 34.57715191083966 ], [ 138.578215298372527, 34.562473167635886 ], [ 138.576753514816971, 34.555042434561777 ], [ 138.575413546557712, 34.544018150246906 ], [ 138.574378116539179, 34.529765760580162 ], [ 138.573220871224322, 34.512589803802307 ], [ 138.572489979446544, 34.509605329043033 ], [ 138.571150011187285, 34.503088210691146 ], [ 138.57005367352059, 34.495535662320741 ], [ 138.57163727237247, 34.48195325678364 ], [ 138.57163727237247, 34.479334227913256 ], [ 138.567191014057641, 34.467213605931718 ], [ 138.566094676390975, 34.462401901727993 ], [ 138.56487652342804, 34.447418620283464 ], [ 138.562988386335434, 34.440353333098244 ], [ 138.560552080409479, 34.434140752987105 ], [ 138.55744579035391, 34.425674589894463 ], [ 138.552634086150192, 34.412274907301807 ], [ 138.547274213113099, 34.405209620116587 ], [ 138.545203353076062, 34.403626021264728 ], [ 138.539051680613085, 34.392358106357271 ], [ 138.530037348687102, 34.383587405023896 ], [ 138.521449370298171, 34.377801178449793 ], [ 138.517124927279639, 34.372014951875684 ], [ 138.502567999372161, 34.356605316894139 ], [ 138.497269033983258, 34.345641940227409 ], [ 138.49449773599261, 34.340647513079219 ], [ 138.490173292974077, 34.334556748264376 ], [ 138.488163340585174, 34.330445482014355 ], [ 138.485422496418494, 34.321857503625424 ], [ 138.483290728733323, 34.312690902579092 ], [ 138.482940509756503, 34.310939807694808 ], [ 138.482910055932422, 34.29254569795399 ], [ 138.484067301247251, 34.287825355222481 ], [ 138.485315908034266, 34.28033371450023 ], [ 138.487447675719466, 34.275491556472431 ], [ 138.489609897228718, 34.267329931620537 ], [ 138.490523511950954, 34.263035942426072 ], [ 138.490523511950983, 34.252559826944534 ], [ 138.492168018450997, 34.245707716527839 ], [ 138.493386171413931, 34.241992349990781 ], [ 138.494177970839843, 34.228684028870354 ], [ 138.494726139673219, 34.222684625527734 ], [ 138.494695685849024, 34.183947361305314 ], [ 138.495396123802749, 34.172070369916369 ], [ 138.494695685848995, 34.162507869157061 ], [ 138.493294809941574, 34.147159141823657 ], [ 138.493051179348953, 34.142347437619932 ], [ 138.49085850401562, 34.129556831508758 ], [ 138.488848551626774, 34.110370922342 ], [ 138.486229522756361, 34.092829519675242 ], [ 138.484158662719324, 34.083571557156681 ], [ 138.481478726200777, 34.07674990056406 ], [ 138.478494251441532, 34.068710091008469 ], [ 138.475266146089638, 34.05445770134174 ], [ 138.469114473626661, 34.041240741693528 ], [ 138.459795603459952, 34.024917491989754 ], [ 138.45760292812659, 34.021506663693444 ], [ 138.452425778033984, 34.013284131193402 ], [ 138.449014949737659, 34.008167888748936 ], [ 138.444325060830238, 34.00317346160076 ], [ 138.442680554330224, 34.001041693915553 ], [ 138.439087003089469, 33.994890021452562 ], [ 138.433788037700538, 33.988677441341423 ], [ 138.417830233885638, 33.973328714008019 ], [ 138.408024102533744, 33.962791690878333 ], [ 138.40522235071893, 33.959319954933868 ], [ 138.390909053404044, 33.947503871193078 ], [ 138.383173782089187, 33.94001223047082 ], [ 138.374098542515071, 33.932276959155963 ], [ 138.368495038885413, 33.926673455526306 ], [ 138.359419799311297, 33.920826321304069 ], [ 138.352476327422409, 33.913517403526249 ], [ 138.345837393774218, 33.907852992248444 ], [ 138.327565099329661, 33.895001478489128 ], [ 138.319342566829647, 33.888667083081685 ], [ 138.312642725533323, 33.884099009470553 ], [ 138.304968361866599, 33.879165489970532 ], [ 138.293883169903637, 33.870821142174194 ], [ 138.286696067422127, 33.867714852118624 ], [ 138.279874410829507, 33.860893195526003 ], [ 138.270738263607228, 33.855837860729679 ], [ 138.26215028521824, 33.848589850600007 ], [ 138.252526876810805, 33.842986346970349 ], [ 138.245400681977458, 33.836408320970321 ], [ 138.234802751199624, 33.829343033785101 ], [ 138.227493833421789, 33.824104976044332 ], [ 138.219149485625451, 33.820389609507274 ], [ 138.203374404754953, 33.810187578442424 ], [ 138.197709993477162, 33.806776750146113 ], [ 138.190218352754925, 33.803883636859062 ], [ 138.180412221403003, 33.797823325868286 ], [ 138.176240047504848, 33.796239727016427 ], [ 138.171154258884428, 33.794686581988643 ], [ 138.157450038051024, 33.785276350349704 ], [ 138.146243030791709, 33.778211063164491 ], [ 138.141796772476852, 33.775592034294107 ], [ 138.132843348199088, 33.768009032099627 ], [ 138.122641317134168, 33.760669660497747 ], [ 138.111708394291526, 33.74994991442361 ], [ 138.108632558060037, 33.746508632303225 ], [ 138.101475909402581, 33.736276147414287 ], [ 138.092918384837787, 33.726591831358689 ], [ 138.086462174134027, 33.718673837099395 ], [ 138.083264522606243, 33.714258032608633 ], [ 138.072027061522846, 33.703233748293762 ], [ 138.065905842883922, 33.695650746099275 ], [ 138.060606877495019, 33.689742704228877 ], [ 138.058718740402441, 33.686971406238122 ], [ 138.049247601115354, 33.677530720775117 ], [ 138.042060498633816, 33.670404525941755 ], [ 138.026742225124423, 33.655116706256521 ], [ 138.008835376568783, 33.642782907506458 ], [ 137.9992424219854, 33.633890390876779 ], [ 137.989527652105721, 33.627434180173047 ], [ 137.986330000577908, 33.625606950728596 ], [ 137.977224307179711, 33.618511209719294 ], [ 137.967083183763037, 33.610075500450726 ], [ 137.963337363401905, 33.608400540126645 ], [ 137.95855611302224, 33.605964234200705 ], [ 137.952282625262967, 33.602005237071062 ], [ 137.942659216855503, 33.596371279617323 ], [ 137.932670362559151, 33.590250060978413 ], [ 137.925605075373937, 33.58528608765431 ], [ 137.91790025788319, 33.579530314904282 ], [ 137.904866021179373, 33.568566938237574 ], [ 137.8985925334201, 33.56421204139496 ], [ 137.894207182753433, 33.562019366061605 ], [ 137.88945638619785, 33.559704875431962 ], [ 137.887598702929324, 33.558973983654184 ], [ 137.874716735345913, 33.550386005265253 ], [ 137.870087754086597, 33.547797430218942 ], [ 137.863540181910651, 33.543868886913373 ], [ 137.855987633540224, 33.536986322672597 ], [ 137.848709169586471, 33.530347389024421 ], [ 137.842983850660545, 33.522581663885489 ], [ 137.84069981385494, 33.519658096774364 ], [ 137.831715935753067, 33.503791654431694 ], [ 137.829705983364107, 33.498492689042777 ], [ 137.826965139197426, 33.491792847746453 ], [ 137.824346110327042, 33.485976167348277 ], [ 137.821544358512227, 33.479733133413056 ], [ 137.819382137002947, 33.475225967450086 ], [ 137.816702200484428, 33.471114701200065 ], [ 137.814418163678852, 33.466942527301882 ], [ 137.813291372188104, 33.462009007801861 ], [ 137.81125096597512, 33.456892765357388 ], [ 137.809819636243617, 33.452781499107374 ], [ 137.807109245900989, 33.449157494042545 ], [ 137.803576602308425, 33.444345789838813 ], [ 137.800835758141744, 33.44038679270917 ], [ 137.796298138354672, 33.434509204662831 ], [ 137.787222898780556, 33.426956656292425 ], [ 137.780553511308284, 33.419678192338694 ], [ 137.770869195252686, 33.413313343107177 ], [ 137.758596304150757, 33.407070309171964 ], [ 137.754926618349799, 33.405166945167295 ], [ 137.751386361301172, 33.403979246028399 ], [ 137.745744790391427, 33.40224337805617 ], [ 137.740422984634449, 33.401124200021442 ], [ 137.735740709183034, 33.399890820146432 ], [ 137.728705875821873, 33.398840163215873 ], [ 137.721100033259319, 33.397583942972808 ], [ 137.716417757807903, 33.39600795757697 ], [ 137.71082186763428, 33.394340610708902 ], [ 137.706824803224521, 33.393175751938067 ], [ 137.703307386543969, 33.391896691326949 ], [ 137.700109735016156, 33.390480588507494 ], [ 137.685263495779964, 33.390434907771379 ], [ 137.675830423772965, 33.389018804951931 ], [ 137.666328830661826, 33.388013828757479 ], [ 137.662080522203468, 33.387282936979695 ], [ 137.65783221374511, 33.386140918576913 ], [ 137.653195619029788, 33.385135942382462 ], [ 137.644881725057502, 33.382714863368555 ], [ 137.635311610842166, 33.380522188035208 ], [ 137.621584549640716, 33.374697894181011 ], [ 137.614161430022619, 33.370700829771273 ], [ 137.607149437029506, 33.366109915792087 ], [ 137.599520754098904, 33.360925152243453 ], [ 137.585519608480752, 33.350201599441291 ], [ 137.573231490466782, 33.337593716274561 ], [ 137.56966839305008, 33.331335455427308 ], [ 137.563866939563951, 33.322884519246706 ], [ 137.561765625702861, 33.319869590663359 ], [ 137.552446755536124, 33.310550720496643 ], [ 137.543995819355501, 33.304338140385497 ], [ 137.537783239244362, 33.30178001916326 ], [ 137.530337279258191, 33.298673729107691 ], [ 137.518186203452586, 33.297166264816013 ], [ 137.509780948008085, 33.295658800524336 ], [ 137.505943766174738, 33.294562462857662 ], [ 137.493655648160797, 33.293329082982659 ], [ 137.486346730382962, 33.291547534274315 ], [ 137.477987155674583, 33.289811666302086 ], [ 137.471774575563444, 33.288715328635412 ], [ 137.464237254105086, 33.286888099190953 ], [ 137.459760541966176, 33.285883122996509 ], [ 137.456562890438391, 33.284604062385391 ], [ 137.4534109196467, 33.28337068251038 ], [ 137.448797165299453, 33.282320025579821 ], [ 137.446330405549418, 33.281132326440925 ], [ 137.44249322371607, 33.279533500677026 ], [ 137.440072144702185, 33.2782087593298 ], [ 137.434042287535505, 33.275285192218675 ], [ 137.426779050493792, 33.271996179218654 ], [ 137.422165296146517, 33.269483738732518 ], [ 137.417186095910438, 33.267336744135292 ], [ 137.409374690035378, 33.263865008190827 ], [ 137.401334880479766, 33.258885807954677 ], [ 137.386899767868556, 33.248607642329624 ], [ 137.374200523229604, 33.241435766760148 ], [ 137.368627473423999, 33.239425814371245 ], [ 137.362734658465655, 33.237598584926793 ], [ 137.356659120562824, 33.235360228857338 ], [ 137.341630158382202, 33.233715722357331 ], [ 137.327469130187666, 33.23567999401012 ], [ 137.311800637701481, 33.232436661746213 ], [ 137.302527448270837, 33.228416756968414 ], [ 137.291975198229125, 33.224259809982279 ], [ 137.279595718742939, 33.216357042635018 ], [ 137.270002764159557, 33.211788969023885 ], [ 137.262465442701171, 33.208774040440538 ], [ 137.256801031423379, 33.206992491732194 ], [ 137.245974696964993, 33.204891177871076 ], [ 137.241406623353839, 33.203657797996065 ], [ 137.23304704864546, 33.200597188676603 ], [ 137.231402542145446, 33.200094700579378 ], [ 137.21514020008982, 33.198587236287707 ], [ 137.209475788812, 33.197353856412704 ], [ 137.206186775812, 33.196211838009923 ], [ 137.198101285520266, 33.194567331509916 ], [ 137.193304808228589, 33.19337963237102 ], [ 137.188051523575751, 33.18894860096821 ], [ 137.180696925061824, 33.182005129079286 ], [ 137.17343368802014, 33.172777620384792 ], [ 137.170053313547925, 33.16820954677366 ], [ 137.162104865464556, 33.161540159301403 ], [ 137.151963742047798, 33.148658191717999 ], [ 137.146207969297762, 33.137694815051276 ], [ 137.138579286367161, 33.1289241137179 ], [ 137.13469642379772, 33.122620172134539 ], [ 137.128027036325477, 33.111199988106698 ], [ 137.125377553631012, 33.105763980509451 ], [ 137.118890889103199, 33.098363701259409 ], [ 137.117246382603184, 33.096764875495509 ], [ 137.115282110950403, 33.093156097342714 ], [ 137.111353567644812, 33.088542342995467 ], [ 137.104638499436419, 33.081096383009317 ], [ 137.095913478839151, 33.073924507439841 ], [ 137.085132825116887, 33.066798312606466 ], [ 137.076910292616844, 33.063783384023111 ], [ 137.069555694102917, 33.060311648078645 ], [ 137.061150438658444, 33.056976954342524 ], [ 137.052379737325083, 33.055241086370287 ], [ 137.048816639908381, 33.054099067967506 ], [ 137.042192933172231, 33.052682965148051 ], [ 137.030361622519393, 33.051495266009162 ], [ 137.020129137630448, 33.050810054967492 ], [ 137.01236341249151, 33.048891464050811 ], [ 137.00902871875536, 33.048343295217478 ], [ 137.005100175449797, 33.04692719239803 ], [ 137.000623463310887, 33.046881511661915 ], [ 136.994684967616394, 33.044506113384131 ], [ 136.989203279283032, 33.043272733509127 ], [ 136.983767271685792, 33.041399823328561 ], [ 136.972666852810761, 33.036831749717415 ], [ 136.96951488201907, 33.035918134995185 ], [ 136.96074418068568, 33.030984615495164 ], [ 136.954942727199551, 33.028289452064598 ], [ 136.948775827824505, 33.025228842745136 ], [ 136.940781699005015, 33.022076871953452 ], [ 136.938086535574456, 33.021528703120111 ], [ 136.930183768227181, 33.018422413064535 ], [ 136.925387290935475, 33.016777906564542 ], [ 136.917849969477146, 33.015087719328385 ], [ 136.908942225935448, 33.013351851356155 ], [ 136.900674012699284, 33.00988011541169 ], [ 136.886832749657572, 33.007596078606127 ], [ 136.879432470407522, 33.005860210633891 ], [ 136.87646322256029, 33.005083638119999 ], [ 136.870524726865824, 33.002845282050544 ], [ 136.865271442213015, 33.001155094814422 ], [ 136.858327970324069, 33.000789648925533 ], [ 136.843710134768429, 32.991653501703269 ], [ 136.833157884726688, 32.986171813369914 ], [ 136.823062442046108, 32.980644444300431 ], [ 136.814474463657177, 32.975071394494847 ], [ 136.80305427962935, 32.968310645550353 ], [ 136.796384892157079, 32.964519144453121 ], [ 136.788664847754262, 32.960133793786426 ], [ 136.778660766545869, 32.953236002633602 ], [ 136.76833692018468, 32.946840699578026 ], [ 136.760936640934659, 32.942638071855775 ], [ 136.751663451504044, 32.937339106466858 ], [ 136.745268148448474, 32.934095774202952 ], [ 136.736269043434532, 32.929893146480708 ], [ 136.732431861601185, 32.92792887482792 ], [ 136.724346371309451, 32.923406481952895 ], [ 136.721103039045545, 32.921487891036215 ], [ 136.66879859619803, 32.898190715619421 ], [ 136.638969075517338, 32.885582832452684 ], [ 136.622204245364486, 32.878913444980441 ], [ 136.602561528836588, 32.870919316160951 ], [ 136.591598152169865, 32.866762369174815 ], [ 136.585705337211493, 32.863930163535905 ], [ 136.581137263600368, 32.862148614827568 ], [ 136.570356609878075, 32.858996644035876 ], [ 136.564874921544714, 32.855844673244192 ], [ 136.554368352239095, 32.850271623438609 ], [ 136.538288733127899, 32.845612188355254 ], [ 136.52951803179451, 32.842825663452466 ], [ 136.525406765544489, 32.841409560633011 ], [ 136.507682639933279, 32.834146323591312 ], [ 136.484065699363697, 32.82459904974403 ], [ 136.48059396341921, 32.823639754285693 ], [ 136.467118146266358, 32.819802572452339 ], [ 136.459489463335814, 32.816604920924547 ], [ 136.454281859419183, 32.814914733688418 ], [ 136.447521110474725, 32.812676377618963 ], [ 136.442039422141335, 32.810940509646727 ], [ 136.43788247515522, 32.809204641674498 ], [ 136.430390834432956, 32.807331731493932 ], [ 136.423036235919028, 32.805824267202262 ], [ 136.415453233724548, 32.803951357021695 ], [ 136.407093659016169, 32.803083423035588 ], [ 136.398916807252249, 32.802443892730025 ], [ 136.390465871071626, 32.803768634077251 ], [ 136.384390333168852, 32.805002013952254 ], [ 136.379593855877147, 32.806372436035595 ], [ 136.369407051724323, 32.807286050757824 ], [ 136.36488465884932, 32.807697177382828 ], [ 136.343140628460333, 32.807651496646713 ], [ 136.316371717099088, 32.805732905730039 ], [ 136.309702329626816, 32.805184736896706 ], [ 136.304037918349024, 32.803951357021695 ], [ 136.294993132598961, 32.802261169785574 ], [ 136.289557125001721, 32.80102778991057 ], [ 136.283527267835012, 32.800068494452233 ], [ 136.276538115209974, 32.798195584271667 ], [ 136.267401967987695, 32.795957228202212 ], [ 136.263153659529337, 32.794769529063316 ], [ 136.255159530709847, 32.793079341827195 ], [ 136.248216058820901, 32.791845961952191 ], [ 136.237252682154178, 32.790384178396629 ], [ 136.231496909404171, 32.788328545271618 ], [ 136.229030149654164, 32.787232207604944 ], [ 136.223228696168007, 32.784674086382708 ], [ 136.217335881209664, 32.780745543077138 ], [ 136.212402361709565, 32.774076155604874 ], [ 136.202352599765106, 32.762244844952036 ], [ 136.194632555362261, 32.756534752938123 ], [ 136.183669178695567, 32.748906070007521 ], [ 136.180974015264979, 32.74762700939641 ], [ 136.175446646195496, 32.746347948785292 ], [ 136.169827915653798, 32.744475038604726 ], [ 136.163615335542659, 32.742556447688045 ], [ 136.159412707820451, 32.74182555591026 ], [ 136.149499988084273, 32.740729218243587 ], [ 136.13890205730641, 32.741916917382483 ], [ 136.104595824486807, 32.741962598118597 ], [ 136.100712961917338, 32.741048983396375 ], [ 136.091028645861712, 32.739313115424139 ], [ 136.081527052750545, 32.736983397882454 ], [ 136.074172454236617, 32.735338891382447 ], [ 136.06508198775046, 32.7315017095491 ], [ 136.053524761514296, 32.729537437896312 ], [ 136.046535608889258, 32.726065701951853 ], [ 136.042607065583695, 32.724101430299072 ], [ 136.033973406458671, 32.720538332882384 ], [ 136.024380451875288, 32.716792512521259 ], [ 136.006564964791806, 32.711173781979554 ], [ 136.000398065416789, 32.70930087179898 ], [ 135.994322527513987, 32.707610684562859 ], [ 135.983404831583385, 32.705280967021181 ], [ 135.977055209263909, 32.703545099048952 ], [ 135.970385821791666, 32.701763550340608 ], [ 135.962620096652728, 32.699525194271146 ], [ 135.954306202680442, 32.697104115257247 ], [ 135.948063168745222, 32.694850532275716 ], [ 135.942033311578513, 32.692109688109035 ], [ 135.939231559763698, 32.691378796331257 ], [ 135.92893816722659, 32.68918612099791 ], [ 135.919436574115423, 32.687358891553458 ], [ 135.91334580930058, 32.686201646238629 ], [ 135.908960458633885, 32.685105308571956 ], [ 135.903478770300524, 32.683521709720097 ], [ 135.888860934744912, 32.6836435250164 ], [ 135.881856555207776, 32.685227123868252 ], [ 135.877105758652192, 32.686201646238629 ], [ 135.868700503207691, 32.687237076257155 ], [ 135.865289674911395, 32.68796796803494 ], [ 135.854387205892806, 32.690221551016428 ], [ 135.850854562300185, 32.691439703979398 ], [ 135.842571122152009, 32.693145118127561 ], [ 135.840073908577921, 32.693876009905338 ], [ 135.816259018151953, 32.693876009905352 ], [ 135.813807485313959, 32.693190798863654 ], [ 135.798732842397214, 32.69086108132197 ], [ 135.78927693002214, 32.688622725252522 ], [ 135.779364210285962, 32.685105308571941 ], [ 135.771507123674809, 32.682090379988587 ], [ 135.767669941841461, 32.680948361585806 ], [ 135.762827783813663, 32.680034746863576 ], [ 135.75652384223028, 32.677385264169118 ], [ 135.751681684202481, 32.675055546627441 ], [ 135.741768964466303, 32.670578834488524 ], [ 135.734734131105171, 32.668203436210732 ], [ 135.728019062896806, 32.665919399405162 ], [ 135.724501646216225, 32.664868742474603 ], [ 135.712944419980033, 32.658975927516231 ], [ 135.704493483799439, 32.657331421016224 ], [ 135.701204470799411, 32.656143721877335 ], [ 135.688002738063233, 32.653265835502317 ], [ 135.679688844090947, 32.652352220780095 ], [ 135.661325188174175, 32.650981798696748 ], [ 135.650407492243545, 32.649839780293966 ], [ 135.636611909937898, 32.649154569252296 ], [ 135.622176797326716, 32.648743442627293 ], [ 135.600158682521027, 32.646550767293945 ], [ 135.589195305854304, 32.64591123698839 ], [ 135.560325080631912, 32.644769218585608 ], [ 135.53826128509013, 32.644906260793945 ], [ 135.518938333715028, 32.645956917724504 ], [ 135.511994861826111, 32.646505086557845 ], [ 135.463801685228589, 32.646550767293952 ], [ 135.447813427589608, 32.648880484835637 ], [ 135.430043621242277, 32.646413725085623 ], [ 135.416293719672751, 32.64344447723839 ], [ 135.4119997304783, 32.642256778099494 ], [ 135.405878511839376, 32.638328234793917 ], [ 135.399026401422674, 32.63531330621057 ], [ 135.387880301811492, 32.62868959947442 ], [ 135.381896125380905, 32.626040116779954 ], [ 135.37106979092249, 32.623253591877166 ], [ 135.357319889352965, 32.620512747710485 ], [ 135.35293453868627, 32.621791808321603 ], [ 135.345351536491791, 32.623619037766055 ], [ 135.338019778345881, 32.627250656286911 ], [ 135.31581894059579, 32.636569526453627 ], [ 135.302936973012379, 32.639264689884193 ], [ 135.296998477317914, 32.639767177981426 ], [ 135.284436274887298, 32.638168352217527 ], [ 135.278771863609478, 32.63638680350919 ], [ 135.274797639567794, 32.635336146578631 ], [ 135.269224589762217, 32.632412579467498 ], [ 135.265615811609422, 32.631361922536946 ], [ 135.250678210901015, 32.624875258009133 ], [ 135.237476478164837, 32.621951690898008 ], [ 135.229025541984242, 32.621631925745227 ], [ 135.205454282150754, 32.623048028564675 ], [ 135.19933306351183, 32.623641878134116 ], [ 135.19270935677568, 32.625469107578567 ], [ 135.184623866483975, 32.627250656286911 ], [ 135.173888893497804, 32.628484036161922 ], [ 135.166305891303324, 32.628712439842474 ], [ 135.158540166164386, 32.628621078370251 ], [ 135.155662279789397, 32.62693089113413 ], [ 135.152327586053246, 32.62542342684246 ], [ 135.148581765692114, 32.623641878134116 ], [ 135.138349280803169, 32.61281554367573 ], [ 135.135517075164273, 32.609069723314597 ], [ 135.127797030761457, 32.597375454870097 ], [ 135.120214028567005, 32.590980151814506 ], [ 135.114412575080848, 32.582894661522793 ], [ 135.108702483066907, 32.579605648522779 ], [ 135.10682957288634, 32.577093208036651 ], [ 135.103586240622434, 32.57572278595331 ], [ 135.099657697316871, 32.574626448286637 ], [ 135.091389484080707, 32.571063350869956 ], [ 135.078827281650121, 32.56768297639772 ], [ 135.071335640927828, 32.563388987203247 ], [ 135.055712829177736, 32.559049317272667 ], [ 135.041094993622124, 32.556810961203205 ], [ 135.035247859399846, 32.554983731758753 ], [ 135.018391667774779, 32.552105845383743 ], [ 135.010854346316393, 32.550324296675399 ], [ 135.004047916635812, 32.547309368092051 ], [ 135.000530499955232, 32.543609228467034 ], [ 134.995322896038545, 32.54100542650869 ], [ 134.98920167739962, 32.538949793383672 ], [ 134.982440928455105, 32.533239701369752 ], [ 134.978329662205084, 32.527712332300283 ], [ 134.974766564788439, 32.521454071453029 ], [ 134.972591019730999, 32.516126555604018 ], [ 134.970672428814311, 32.509320125923423 ], [ 134.969256325994849, 32.499224683242815 ], [ 134.970352663661572, 32.490819427798321 ], [ 134.971768766481006, 32.487621776270537 ], [ 134.974418249175471, 32.480678304381613 ], [ 134.976610924508805, 32.477800418006595 ], [ 134.980082660453263, 32.472044645256567 ], [ 134.98355439639775, 32.461583756687055 ], [ 134.984787776272753, 32.456878640867593 ], [ 134.985335945106073, 32.451122868117565 ], [ 134.985107541425549, 32.445595499048082 ], [ 134.980813552231069, 32.438789069367495 ], [ 134.977775783279668, 32.4327592122008 ], [ 134.971220597647687, 32.42248104657574 ], [ 134.967086491029676, 32.415628936159052 ], [ 134.960965272390752, 32.409233633103469 ], [ 134.955392222585175, 32.402655607103434 ], [ 134.946895605668459, 32.393519459881162 ], [ 134.933465469251729, 32.380546130825529 ], [ 134.90742744966829, 32.364101065825437 ], [ 134.901900080598779, 32.360583649144864 ], [ 134.893814590307045, 32.35674646731151 ], [ 134.888972432279274, 32.353594496519833 ], [ 134.881389430084795, 32.346422620950342 ], [ 134.865401172445843, 32.33591605164473 ], [ 134.83981996022348, 32.316547419533507 ], [ 134.822735364917861, 32.302112306922325 ], [ 134.805924854028859, 32.291331653200039 ], [ 134.78646486044542, 32.283200482172226 ], [ 134.760335479389767, 32.276622456172191 ], [ 134.728541687056207, 32.269770345755482 ], [ 134.7011332453894, 32.265659079505461 ], [ 134.689713061361601, 32.263557765644343 ], [ 134.682769589472656, 32.260542837060996 ], [ 134.676739732305975, 32.255152510199856 ], [ 134.661573727916988, 32.243823687644237 ], [ 134.659381052583626, 32.241722373783112 ], [ 134.652163496278035, 32.238798806671987 ], [ 134.640103781944646, 32.231489888894167 ], [ 134.632703502694568, 32.223038952713559 ], [ 134.629231766750081, 32.21751158364409 ], [ 134.617948624930591, 32.206137080352363 ], [ 134.610822430097215, 32.201477645269009 ], [ 134.601869005819395, 32.200701072755116 ], [ 134.59026609884711, 32.198279993741217 ], [ 134.581997885610946, 32.197275017546765 ], [ 134.574277841208129, 32.195995956935654 ], [ 134.57158267777757, 32.195402107366199 ], [ 134.559431601971937, 32.190057461241167 ], [ 134.548468225305214, 32.187910466643935 ], [ 134.540474096485696, 32.186037556463369 ], [ 134.537413487166248, 32.185032580268917 ], [ 134.533484943860685, 32.182748543463347 ], [ 134.529053912457869, 32.180829952546674 ], [ 134.519369596402271, 32.178545915741111 ], [ 134.514344715430042, 32.177312535866101 ], [ 134.501873874471642, 32.170186341032732 ], [ 134.493240215346589, 32.165709628893815 ], [ 134.48373862223545, 32.162786061782683 ], [ 134.475424728263107, 32.161781085588231 ], [ 134.465100881901947, 32.160502024977113 ], [ 134.454137505235195, 32.158263668907651 ], [ 134.443813658874063, 32.156482120199314 ], [ 134.437509717290709, 32.155294421060418 ], [ 134.429606949943405, 32.151777004379838 ], [ 134.419100380637786, 32.147848461074261 ], [ 134.40708634704049, 32.141590200227007 ], [ 134.390367197623732, 32.131037950185288 ], [ 134.382144665123718, 32.120348657935224 ], [ 134.371775138026408, 32.113587908990745 ], [ 134.363004436693018, 32.105913545324043 ], [ 134.345280311081865, 32.095909464115657 ], [ 134.337925712567881, 32.092711812587879 ], [ 134.319470695178921, 32.092666131851757 ], [ 134.311704970039983, 32.089559841796188 ], [ 134.306634408331632, 32.087001720573952 ], [ 134.298685960248264, 32.082479327698927 ], [ 134.286854649595398, 32.073343180476655 ], [ 134.275845592192638, 32.064366915830803 ], [ 134.265110619206553, 32.052261520761256 ], [ 134.261273437373205, 32.044176030469544 ], [ 134.259903015289865, 32.041846312927866 ], [ 134.257253532595399, 32.034720118094498 ], [ 134.253690435178697, 32.029010026080577 ], [ 134.25295954340092, 32.027091435163896 ], [ 134.247386493595343, 32.019965240330528 ], [ 134.239392364775853, 32.011011816052708 ], [ 134.235281098525803, 32.008499375566579 ], [ 134.231809362581373, 32.002972006497103 ], [ 134.230073494609115, 31.999454589816537 ], [ 134.22664743940075, 31.995023558413735 ], [ 134.203258902511749, 31.97528948041364 ], [ 134.199467401414523, 31.971269575635837 ], [ 134.189052193581119, 31.964463145955243 ], [ 134.177083840719945, 31.959712349399663 ], [ 134.17055149545601, 31.956194932719082 ], [ 134.161735113386527, 31.951672539844058 ], [ 134.14912723021979, 31.9461908515107 ], [ 134.141544228025253, 31.942216627469037 ], [ 134.134600756136336, 31.939201698885686 ], [ 134.130854935775204, 31.937146065760675 ], [ 134.127977049400187, 31.935958366621779 ], [ 134.122175595914058, 31.93394841423288 ], [ 134.119754516900144, 31.932897757302321 ], [ 134.116876630525127, 31.932349588468984 ], [ 134.112811045011227, 31.930659401232862 ], [ 134.105502127233393, 31.92773583412173 ], [ 134.099746354483358, 31.924812267010608 ], [ 134.090701568733294, 31.92079236223281 ], [ 134.088463212663839, 31.920244193399473 ], [ 134.083986500524929, 31.918416963955018 ], [ 134.074256503733238, 31.912341426052208 ], [ 134.060460921427619, 31.906722695510513 ], [ 134.053989483811705, 31.902710404188745 ], [ 134.045766951311663, 31.898264145873906 ], [ 134.037422603515296, 31.894426964040552 ], [ 134.028590994533772, 31.88870164511459 ], [ 134.02292658325598, 31.88626533918865 ], [ 134.018114879052234, 31.884011756207158 ], [ 134.016104926663331, 31.883402679725673 ], [ 134.005141549996608, 31.878834606114534 ], [ 133.989061930885413, 31.867871229447815 ], [ 133.979956237487244, 31.863029071420012 ], [ 133.973469572959374, 31.861323657271797 ], [ 133.965795209292651, 31.858826443697708 ], [ 133.964089795144503, 31.858400090160671 ], [ 133.956963600311127, 31.855293800105098 ], [ 133.948619252514789, 31.851882971808781 ], [ 133.944051178903663, 31.850847541790259 ], [ 133.934915031681385, 31.847741251734686 ], [ 133.931686926329519, 31.846035837586527 ], [ 133.916399106644235, 31.83951871923464 ], [ 133.902816701107071, 31.833245231475342 ], [ 133.88941701851445, 31.824779068382696 ], [ 133.878210011255135, 31.818871026512301 ], [ 133.858293210310592, 31.806384958641864 ], [ 133.840751807643812, 31.795177951382541 ], [ 133.827534847995622, 31.786955418882496 ], [ 133.818581423717745, 31.782265529975056 ], [ 133.803902680513971, 31.776235672808358 ], [ 133.781793204236095, 31.765089573197191 ], [ 133.771256181106423, 31.760399684289755 ], [ 133.763277279198974, 31.756075241271216 ], [ 133.754750208458177, 31.751507167660076 ], [ 133.749999411902593, 31.749679938215621 ], [ 133.744517723569203, 31.745903664030415 ], [ 133.734894315161768, 31.740239252752605 ], [ 133.726489059717267, 31.736219347974806 ], [ 133.719971941365344, 31.732747612030352 ], [ 133.714977514217168, 31.730494029048856 ], [ 133.710226717661612, 31.728301353715512 ], [ 133.705536828754163, 31.725377786604383 ], [ 133.701699646920815, 31.722880573030295 ], [ 133.695121620920787, 31.719774282974722 ], [ 133.690614454957796, 31.717642515289523 ], [ 133.682391922457754, 31.713500795215428 ], [ 133.668139532791002, 31.702963772085734 ], [ 133.656140726105775, 31.697786621993117 ], [ 133.644446457661275, 31.69084315010419 ], [ 133.61825616895743, 31.686701430030094 ], [ 133.60053204334622, 31.67488534628929 ], [ 133.577630767642404, 31.656064883011403 ], [ 133.56800735923494, 31.639863448603908 ], [ 133.560576626160838, 31.634990836752031 ], [ 133.552293186012633, 31.631640916103862 ], [ 133.542243424068147, 31.630666393733485 ], [ 133.530183709734757, 31.631458193159418 ], [ 133.518245810697636, 31.63072730138164 ], [ 133.506368819308733, 31.624575628918628 ], [ 133.499181716827195, 31.619276663529707 ], [ 133.493273674956811, 31.610688685140772 ], [ 133.493334582604945, 31.604597920325926 ], [ 133.481213960623364, 31.597958986677739 ], [ 133.474575026975202, 31.593330005418455 ], [ 133.461114436734363, 31.586051541464712 ], [ 133.445400263512113, 31.580265314890607 ], [ 133.437299546308367, 31.576732671297997 ], [ 133.432061488567598, 31.574357273020205 ], [ 133.424996201382356, 31.57052009118685 ], [ 133.413728286474907, 31.561871205149764 ], [ 133.402886725104452, 31.556815870353436 ], [ 133.386380752456233, 31.553405042057122 ], [ 133.378340942900621, 31.550420567297852 ], [ 133.372006547493186, 31.548288799612656 ], [ 133.366707582104254, 31.545060694260787 ], [ 133.357936880770865, 31.540248990057055 ], [ 133.344902644067105, 31.531721919316269 ], [ 133.330893884992946, 31.522890310334734 ], [ 133.316397864733631, 31.511439672482823 ], [ 133.314144281752135, 31.51064787305689 ], [ 133.309515300492848, 31.501938079371651 ], [ 133.30409451980762, 31.493350100982717 ], [ 133.296724694381652, 31.471118809408519 ], [ 133.29434929610386, 31.457658219167698 ], [ 133.29319205078906, 31.453394683797306 ], [ 133.290816652511239, 31.443588552445398 ], [ 133.288380346585313, 31.43067613103792 ], [ 133.28551768712228, 31.421174537926763 ], [ 133.282350489418604, 31.406434887074834 ], [ 133.281375967048234, 31.404668565278527 ], [ 133.278817845825984, 31.400770475797025 ], [ 133.276077001659331, 31.396628755722929 ], [ 133.274737033400044, 31.393522465667356 ], [ 133.270717128622266, 31.386578993778429 ], [ 133.270778036270372, 31.378051923037642 ], [ 133.27175255864077, 31.372935680593169 ], [ 133.272970711603733, 31.368306699333882 ], [ 133.274371587511183, 31.362215934519032 ], [ 133.271935281585229, 31.353627956130094 ], [ 133.269803513900001, 31.347719914259695 ], [ 133.267062669733292, 31.338461951741124 ], [ 133.264869994399959, 31.332188463981829 ], [ 133.262433688473976, 31.324575007963272 ], [ 133.263469118492509, 31.320311472592881 ], [ 133.264565456159175, 31.314342523074327 ], [ 133.263651841436996, 31.30660725175947 ], [ 133.26273822671476, 31.302587346981671 ], [ 133.260850089622181, 31.298323811611279 ], [ 133.258901044881412, 31.293694830351996 ], [ 133.256708369548079, 31.289674925574193 ], [ 133.253358448899917, 31.278528825963022 ], [ 133.25207938828882, 31.276214335333378 ], [ 133.250678512381398, 31.272803507037061 ], [ 133.248364021751769, 31.269392678740747 ], [ 133.241542365159148, 31.262022853314779 ], [ 133.235817046233166, 31.254957566129555 ], [ 133.233928909140587, 31.251729460777685 ], [ 133.223513701307212, 31.238877947018356 ], [ 133.218945627696058, 31.233213535740546 ], [ 133.211393079325632, 31.220788375518254 ], [ 133.209360286577834, 31.217948556425842 ], [ 133.205157658855569, 31.212040514555436 ], [ 133.201685922911111, 31.207046087407257 ], [ 133.198336002262948, 31.201686214370184 ], [ 133.196143326929587, 31.198214478425719 ], [ 133.190722546244388, 31.19017466887011 ], [ 133.175069280670215, 31.176957709221885 ], [ 133.170135761170144, 31.175313202721874 ], [ 133.162400489855287, 31.172815989147782 ], [ 133.15466521854043, 31.17044059086999 ], [ 133.146625408984846, 31.167577931407006 ], [ 133.137367446466271, 31.162827134851423 ], [ 133.123663225632839, 31.154360971758777 ], [ 133.100274688743809, 31.14504210159205 ], [ 133.09266123272522, 31.137550460869782 ], [ 133.078226120114039, 31.127866144814163 ], [ 133.064765529873227, 31.119278166425222 ], [ 133.048929541354624, 31.11245650983259 ], [ 133.036321658187859, 31.103685808499201 ], [ 133.028769109817432, 31.092052447702834 ], [ 133.023165606187774, 31.079200933943493 ], [ 133.014090366613658, 31.068603003165649 ], [ 133.001604298743189, 31.061111362443377 ], [ 132.98802189320611, 31.055081505276679 ], [ 132.974134949428219, 31.045701727461804 ], [ 132.960004375057736, 31.041316376795109 ], [ 132.945508354798392, 31.039854593239543 ], [ 132.930037812168706, 31.040950930906217 ], [ 132.909268304150061, 31.03827099438768 ], [ 132.900923956353694, 31.03583468846174 ], [ 132.893310500335105, 31.033520197832097 ], [ 132.885027060186928, 31.030596630720964 ], [ 132.870713762872015, 31.026576725943166 ], [ 132.860115832094181, 31.02042505348016 ], [ 132.851954207242272, 31.015247903387539 ], [ 132.836118218723669, 31.005137233794887 ], [ 132.830758345686604, 30.999838268405963 ], [ 132.825337565001405, 30.989362152924411 ], [ 132.822718536131021, 30.985037709905864 ], [ 132.817845924279226, 30.978733768322527 ], [ 132.81382601950142, 30.971729388785448 ], [ 132.81090245239028, 30.964785916896513 ], [ 132.809745207075451, 30.962349610970573 ], [ 132.806821639964312, 30.953944355526076 ], [ 132.805603487001349, 30.95004626604457 ], [ 132.802314474001349, 30.935306615192623 ], [ 132.799512722186506, 30.925805022081452 ], [ 132.796771878019825, 30.916242521322133 ], [ 132.795919170945695, 30.912709877729515 ], [ 132.793117419130851, 30.903391007562792 ], [ 132.780996797149299, 30.882560591895992 ], [ 132.772835172297448, 30.87330262937741 ], [ 132.764795362741836, 30.867150956914408 ], [ 132.749203004815797, 30.860390207969921 ], [ 132.738848704630556, 30.84808686304391 ], [ 132.734950615149074, 30.835174441636426 ], [ 132.740919564667593, 30.814344025969628 ], [ 132.743416778241681, 30.80898415293256 ], [ 132.745731268871339, 30.800578897488059 ], [ 132.747436683019487, 30.786874676654641 ], [ 132.747619405963945, 30.781636618913868 ], [ 132.74731486772319, 30.775545854099015 ], [ 132.746705791241681, 30.773779532302704 ], [ 132.744513115908347, 30.767810582784147 ], [ 132.74305133235282, 30.763607955061904 ], [ 132.739762319352792, 30.756542667876673 ], [ 132.73836144344537, 30.753375470172948 ], [ 132.73501152279718, 30.750269180117371 ], [ 132.729164388574929, 30.742046647617322 ], [ 132.720698225482295, 30.736443143987653 ], [ 132.71479018361191, 30.727428812061671 ], [ 132.710343925297082, 30.720119894283847 ], [ 132.702974099871113, 30.707024749931911 ], [ 132.695786997389547, 30.693259621450348 ], [ 132.691706184963607, 30.681991706542867 ], [ 132.690183493759974, 30.677971801765057 ], [ 132.688234449019234, 30.673890989339107 ], [ 132.684823620722909, 30.663719412098303 ], [ 132.682691853037738, 30.657567739635304 ], [ 132.680681900648835, 30.651476974820451 ], [ 132.678306502371015, 30.644350779987072 ], [ 132.676418365278465, 30.637407308098137 ], [ 132.670997584593266, 30.61913501365358 ], [ 132.668987632204363, 30.606648945783132 ], [ 132.666794956871001, 30.59294472494971 ], [ 132.664845912130289, 30.583382224190387 ], [ 132.662592329148765, 30.576134214060712 ], [ 132.659851484982056, 30.557496473727262 ], [ 132.659668762037654, 30.556156505467989 ], [ 132.659668762037654, 30.533559768004885 ], [ 132.657232456111728, 30.511267568782518 ], [ 132.655161596074635, 30.490437153115725 ], [ 132.653273458981971, 30.474631618421174 ], [ 132.654187073704207, 30.460318321106268 ], [ 132.653821627815347, 30.452583049791407 ], [ 132.653456181926458, 30.449659482680275 ], [ 132.653151643685703, 30.446187746735809 ], [ 132.65193349072274, 30.442106934309859 ], [ 132.651446229537555, 30.428707251717178 ], [ 132.650654430111615, 30.422494671606028 ], [ 132.649009923611601, 30.414272139105982 ], [ 132.647426324759749, 30.405623253068892 ], [ 132.646999971222726, 30.401116087105901 ], [ 132.646451802389379, 30.396913459383647 ], [ 132.646573617685675, 30.360795224031577 ], [ 132.645720910611601, 30.353790844494494 ], [ 132.64450275764861, 30.336493072420307 ], [ 132.644320034704208, 30.327722371086924 ], [ 132.64279734350049, 30.31633264088315 ], [ 132.64200554407455, 30.311703659623863 ], [ 132.640056499333781, 30.304272926549743 ], [ 132.63810745459304, 30.295867671105245 ], [ 132.635244795130006, 30.288010584494081 ], [ 132.630311275629992, 30.278508991382918 ], [ 132.625560479074466, 30.270347366531013 ], [ 132.622149650778141, 30.264378417012455 ], [ 132.60984630585213, 30.2521359797346 ], [ 132.604790971055792, 30.245984307271598 ], [ 132.599674728611348, 30.241233510716008 ], [ 132.594314855574282, 30.236848160049313 ], [ 132.58140243416679, 30.228869258141856 ], [ 132.573971701092688, 30.22631113691962 ], [ 132.566723690963016, 30.224057553938124 ], [ 132.552836747185154, 30.220951263882551 ], [ 132.54260426229618, 30.219854926215877 ], [ 132.531945423870184, 30.218393142660311 ], [ 132.526768273777577, 30.21930675738254 ], [ 132.515195820629344, 30.220768540938106 ], [ 132.496009911462522, 30.223996646289972 ], [ 132.481757521795771, 30.228625627549263 ], [ 132.478955769980956, 30.229600149919641 ], [ 132.463911580888265, 30.229661057567789 ], [ 132.44978100651781, 30.228138366364078 ], [ 132.442898442276999, 30.225884783382575 ], [ 132.43845218396217, 30.22405755393812 ], [ 132.427976068480604, 30.218149512067711 ], [ 132.423895256054664, 30.216383190271404 ], [ 132.415794538850889, 30.211327855475083 ], [ 132.414210939999037, 30.208647918956547 ], [ 132.411470095832357, 30.204932552419486 ], [ 132.398314043832244, 30.188061133882353 ], [ 132.370905602165408, 30.140674983622795 ], [ 132.361038563165323, 30.128128008104198 ], [ 132.352267861831933, 30.119357306770809 ], [ 132.342035376942988, 30.113144726659652 ], [ 132.318890470646522, 30.099988674659571 ], [ 132.302445405646409, 30.091096158029885 ], [ 132.29233473605376, 30.085370839103923 ], [ 132.271626135683249, 30.076234691881645 ], [ 132.259322790757267, 30.071362080029765 ], [ 132.247263076423849, 30.067463990548259 ], [ 132.227285367831144, 30.059302365696354 ], [ 132.218514666497754, 30.054673384437066 ], [ 132.203775015645789, 30.046389944288865 ], [ 132.192568008386473, 30.033842968770266 ], [ 132.178924695201147, 30.011550769547906 ], [ 132.175148421015962, 29.997907456362633 ], [ 132.171554869775179, 29.989867646807028 ], [ 132.16552501260847, 29.974518919473596 ], [ 132.159495155441761, 29.961545590417959 ], [ 132.158094279534424, 29.958865653899434 ], [ 132.153891651812188, 29.948450446066037 ], [ 132.149323578201034, 29.938157053528929 ], [ 132.146400011089924, 29.931152673991853 ], [ 132.144755504589909, 29.927802753343684 ], [ 132.141405583941747, 29.911296780695434 ], [ 132.140491969219511, 29.895948053362002 ], [ 132.140491969219511, 29.863362461602527 ], [ 132.142136475719525, 29.851241839620972 ], [ 132.142989182793627, 29.846978304250573 ], [ 132.145790934608442, 29.83711126525051 ], [ 132.149140855256604, 29.826817872713409 ], [ 132.15389165181216, 29.81372272836148 ], [ 132.157789741293669, 29.800993029898436 ], [ 132.161505107830749, 29.791004175602076 ], [ 132.16503775142337, 29.783451627231656 ], [ 132.167595872645592, 29.776447247694573 ], [ 132.169788547978953, 29.772244619972348 ], [ 132.172407576849338, 29.764326625713039 ], [ 132.174417529238241, 29.756165000861134 ], [ 132.177219281053056, 29.744470732416616 ], [ 132.178498341664181, 29.733385540453583 ], [ 132.179777402275306, 29.723823039694263 ], [ 132.177828357534537, 29.708108866471942 ], [ 132.176001128090093, 29.697571843342246 ], [ 132.173138468627087, 29.6893493108422 ], [ 132.17027580916411, 29.681553131879188 ], [ 132.168204949127073, 29.678325026527315 ], [ 132.164063229052999, 29.669919771082814 ], [ 132.156449773034439, 29.659443655601269 ], [ 132.151942607071447, 29.654022874916048 ], [ 132.148227240534396, 29.647993017749346 ], [ 132.143720074571377, 29.640501377027071 ], [ 132.135923895608386, 29.620462760786211 ], [ 132.127153194275024, 29.604687679915745 ], [ 132.122889658904597, 29.59488154856383 ], [ 132.119417922960139, 29.58245638834153 ], [ 132.117042524682347, 29.568447629267368 ], [ 132.120270630034213, 29.550114427174659 ], [ 132.121671505941634, 29.538481066378285 ], [ 132.122767843608301, 29.533243008637513 ], [ 132.1209406141638, 29.518503357785566 ], [ 132.118869754126791, 29.497368403878031 ], [ 132.116189817608273, 29.48134969241497 ], [ 132.111865374589684, 29.470447223396381 ], [ 132.101328351460069, 29.458082970822229 ], [ 132.095724847830382, 29.449982253618472 ], [ 132.090730420682206, 29.443708765859174 ], [ 132.07696529220064, 29.431039975044278 ], [ 132.055160354163462, 29.413437664729358 ], [ 132.050896818793063, 29.410392282321933 ], [ 132.043466085718961, 29.407468715210804 ], [ 132.028056450737353, 29.395896262062582 ], [ 132.016788535829875, 29.384811070099548 ], [ 132.009905971589063, 29.375431292284674 ], [ 132.005276990329776, 29.369157804525376 ], [ 132.000221655533437, 29.358864411988275 ], [ 131.992120938329663, 29.346073805877086 ], [ 131.986273804107412, 29.329141479691792 ], [ 131.984994743496287, 29.32298980722879 ], [ 131.981583915199963, 29.304352066895341 ], [ 131.981035746366615, 29.300453977413834 ], [ 131.981096654014749, 29.288211540135979 ], [ 131.983532959940732, 29.278588131728512 ], [ 131.984994743496287, 29.274690042247002 ], [ 131.986943788237028, 29.266162971506208 ], [ 131.988466479440746, 29.258123161950603 ], [ 131.989441001811116, 29.252154212432046 ], [ 131.989441001811088, 29.212746964079944 ], [ 131.988466479440717, 29.205925307487309 ], [ 131.987065603533296, 29.198007313227997 ], [ 131.983654775237, 29.184912168876064 ], [ 131.980853023422156, 29.175776021653785 ], [ 131.976589488051758, 29.167066227968547 ], [ 131.969828739107243, 29.155250144227733 ], [ 131.96312889781089, 29.142276815172092 ], [ 131.95533271884787, 29.129851654949793 ], [ 131.948937415792301, 29.121263676560854 ], [ 131.945770218088597, 29.117426494727496 ], [ 131.939618545625592, 29.106950379245951 ], [ 131.935294102607031, 29.103783181542227 ], [ 131.931335105477388, 29.100555076190354 ], [ 131.926157955384753, 29.094159773134759 ], [ 131.912027381014298, 29.090139868356957 ], [ 131.896495930736421, 29.077288354597616 ], [ 131.884436216403031, 29.066507700875327 ], [ 131.876030960958531, 29.058528798967867 ], [ 131.865128491939913, 29.047930868190022 ], [ 131.856784144143546, 29.036662953282544 ], [ 131.836623712606382, 29.012665339912026 ], [ 131.819082309939603, 28.998961119078604 ], [ 131.812017022754333, 28.993418523097088 ], [ 131.797399187198693, 28.978008888115507 ], [ 131.787166702309747, 28.967228234393215 ], [ 131.766336286642968, 28.95163587646719 ], [ 131.760306429476231, 28.94688507991161 ], [ 131.737526969068654, 28.924958326578135 ], [ 131.730035328346418, 28.913142242837324 ], [ 131.721386442309267, 28.899559837300227 ], [ 131.701104195475835, 28.880800281670485 ], [ 131.694404354179539, 28.874953147448227 ], [ 131.670041294920111, 28.857594467725896 ], [ 131.641962869123631, 28.834145023188707 ], [ 131.616625287493832, 28.811974639262644 ], [ 131.591957689993677, 28.794494144244013 ], [ 131.566559200715744, 28.777683633355025 ], [ 131.539881650826715, 28.759106800669723 ], [ 131.519051235159907, 28.741443582706651 ], [ 131.470081486048571, 28.698320967817498 ], [ 131.454428220474341, 28.680901380447015 ], [ 131.434145973640909, 28.665187207224701 ], [ 131.430796052992719, 28.66110639479875 ], [ 131.410574713807421, 28.635586090224511 ], [ 131.397905922992521, 28.614024782779932 ], [ 131.37798912204795, 28.589113554687188 ], [ 131.364833070047865, 28.572059413205594 ], [ 131.350032511547795, 28.549340860446193 ], [ 131.334622876566215, 28.531982180723862 ], [ 131.323720407547654, 28.520044281686754 ], [ 131.305874466640091, 28.502198340779234 ], [ 131.285835850399252, 28.48557055283468 ], [ 131.264944527084282, 28.467541888982719 ], [ 131.253981150417559, 28.45852755705674 ], [ 131.23254165826927, 28.442204307352931 ], [ 131.215061163250652, 28.428743717112109 ], [ 131.204767770713545, 28.422592044649104 ], [ 131.195753438787563, 28.417597617500924 ], [ 131.17699388315782, 28.406877871426783 ], [ 131.17053767245406, 28.403710673723058 ], [ 131.140997463102025, 28.391163698204458 ], [ 131.134541252398321, 28.387021978130363 ], [ 131.117608926213023, 28.377764015611785 ], [ 131.088799608638737, 28.364607963611704 ], [ 131.063888380546018, 28.346579299759739 ], [ 131.050975959138526, 28.33123057242631 ], [ 131.033739094712473, 28.321241718129951 ], [ 131.007731528953087, 28.298279534777947 ], [ 131.001397133545623, 28.29121424759272 ], [ 130.995671814619669, 28.28865612637048 ], [ 130.968567911193531, 28.251685183944321 ], [ 130.962598961674956, 28.233412889499768 ], [ 130.958639964545313, 28.22866209294418 ], [ 130.945727543137792, 28.213800626795937 ], [ 130.910888368396826, 28.185052216869824 ], [ 130.894077857507796, 28.171043457795669 ], [ 130.888413446229947, 28.165379046517856 ], [ 130.882383589063238, 28.158191944036329 ], [ 130.876110101303965, 28.150578488017761 ], [ 130.868862091174293, 28.142173232573263 ], [ 130.862771326359422, 28.135047037739884 ], [ 130.849919812600064, 28.114277529721235 ], [ 130.829028489285122, 28.093203483461842 ], [ 130.815994252581334, 28.079499262628421 ], [ 130.809598949525736, 28.065368688257958 ], [ 130.804117261192374, 28.053674419813444 ], [ 130.78822036502558, 28.033574895924431 ], [ 130.783043214932974, 28.026875054628093 ], [ 130.771714392377362, 28.014388986757645 ], [ 130.762395522210682, 28.004095594220573 ], [ 130.750640346118018, 27.98765052922047 ], [ 130.725576848904893, 27.956222182775829 ], [ 130.708035446238114, 27.940629824849804 ], [ 130.6798961127935, 27.910906892553321 ], [ 130.662841971311906, 27.894949088738407 ], [ 130.642986078015468, 27.878260393145709 ], [ 130.629342764830227, 27.851704658552947 ], [ 130.61362859160792, 27.826123446330563 ], [ 130.609365056237522, 27.809556566034168 ], [ 130.608512349163448, 27.787873443293289 ], [ 130.613384961015328, 27.774473760700612 ], [ 130.618988464644957, 27.764972167589445 ], [ 130.624835598867179, 27.754739682700485 ], [ 130.626226323499878, 27.751247644206639 ], [ 130.634347343252983, 27.734193502725052 ], [ 130.636336993092499, 27.730132992848485 ], [ 130.65071119805549, 27.710642545440955 ], [ 130.67020164546301, 27.68774126973711 ], [ 130.69456470472241, 27.664677573638201 ], [ 130.709020119883007, 27.645755597613391 ], [ 130.711212795216369, 27.641938718329424 ], [ 130.721688910697907, 27.630812921267626 ], [ 130.741504198895569, 27.609535849514408 ], [ 130.751817893982064, 27.594024701785916 ], [ 130.762131589068531, 27.578432343859898 ], [ 130.763512162426565, 27.572422789242577 ], [ 130.768222353883402, 27.53928902864978 ], [ 130.769684137438958, 27.53011227632873 ], [ 130.770415029216736, 27.526539027637348 ], [ 130.767166621315511, 27.516712593736052 ], [ 130.767166621315482, 27.489507177563045 ], [ 130.757096556821608, 27.462382971587566 ], [ 130.755309932475882, 27.455886155785056 ], [ 130.749706428846224, 27.429492841587365 ], [ 130.741504198895541, 27.39416640566122 ], [ 130.740123625537507, 27.362007167438801 ], [ 130.737687319611609, 27.348472134516911 ], [ 130.738337001191837, 27.323621814072315 ], [ 130.73774145974329, 27.311115443652486 ], [ 130.735629994607478, 27.295468945594777 ], [ 130.734168211051895, 27.271647287652243 ], [ 130.731461204467536, 27.247013527734392 ], [ 130.732165026179445, 27.220051742153984 ], [ 130.724206426821354, 27.197312886845204 ], [ 130.716789228780158, 27.170838362449977 ], [ 130.71397394193238, 27.161282629207122 ], [ 130.708451648500272, 27.147612245956012 ], [ 130.703795597175144, 27.13632402849915 ], [ 130.701142730722438, 27.131451416647277 ], [ 130.697623622162752, 27.123005556104015 ], [ 130.69350897215449, 27.112989631741815 ], [ 130.687282857010416, 27.101999185009241 ], [ 130.681652283314918, 27.092687082358982 ], [ 130.67212362013791, 27.078123386935026 ], [ 130.662540816829221, 27.063667971774443 ], [ 130.653336994442327, 27.050945040827866 ], [ 130.644403872713895, 27.039196632251667 ], [ 130.620961195693184, 27.014941853255642 ], [ 130.604719156186917, 26.996967329535373 ], [ 130.590155460762958, 26.987817647280174 ], [ 130.581168198902816, 26.982620194638162 ], [ 130.552798769898516, 26.969788983428209 ], [ 130.529031252087663, 26.967460957765645 ], [ 130.516633161931225, 26.963075607098954 ], [ 130.505101313881767, 26.961072422226515 ], [ 130.481766917124418, 26.960964141963139 ], [ 130.476569464482424, 26.959285797880824 ], [ 130.469585387494703, 26.958202995247071 ], [ 130.463359272350658, 26.956903632086568 ], [ 130.448200035478123, 26.955171147872569 ], [ 130.434556722292854, 26.953546943921939 ], [ 130.430496212416301, 26.950839937337566 ], [ 130.415336975543767, 26.94206923600418 ], [ 130.397579012350235, 26.939253949156427 ], [ 130.376410220860407, 26.931782610983543 ], [ 130.346579008300552, 26.914566049106899 ], [ 130.321836968119328, 26.90216795895045 ], [ 130.295579004250897, 26.885655218785743 ], [ 130.274085371970926, 26.874339931263041 ], [ 130.244037598884347, 26.853820821353455 ], [ 130.229744604118849, 26.839744387114688 ], [ 130.205868806044663, 26.820957761419102 ], [ 130.186270078373752, 26.805311263361396 ], [ 130.171056701369537, 26.786145656743997 ], [ 130.158604471081418, 26.775804891591676 ], [ 130.154273260546404, 26.771798521846794 ], [ 130.141333769073071, 26.755394061945463 ], [ 130.120489818373414, 26.736336735591443 ], [ 130.103543957155239, 26.718145651344422 ], [ 130.092878351212761, 26.70347367565709 ], [ 130.089521663048146, 26.698492783541834 ], [ 130.07430828604393, 26.68279214535244 ], [ 130.070410196562449, 26.678298514422373 ], [ 130.052110832052051, 26.663518258471669 ], [ 130.037763697154844, 26.646897238043586 ], [ 130.019518472776127, 26.630059657088754 ], [ 130.013779618817239, 26.619827172199802 ], [ 130.0100439497308, 26.614088318240917 ], [ 130.00029872602704, 26.604613795195593 ], [ 129.989741400347953, 26.599957743870466 ], [ 129.970467513467156, 26.578518251722187 ], [ 129.912808273220065, 26.530495954915324 ], [ 129.893101265285793, 26.51598639962306 ], [ 129.852929287573573, 26.480145632445893 ], [ 129.83993565596856, 26.467585121894377 ], [ 129.821852851984914, 26.445171107375725 ], [ 129.802795525630899, 26.424489577071075 ], [ 129.783846479540244, 26.401209320445425 ], [ 129.764356032132724, 26.384967280939158 ], [ 129.745082145251928, 26.363744349317631 ], [ 129.722776410996659, 26.342304857169349 ], [ 129.708050295177685, 26.328011862403837 ], [ 129.684336917498541, 26.306897211045687 ], [ 129.667878317465522, 26.292604216280171 ], [ 129.641728633860424, 26.27213924650227 ], [ 129.61113945945695, 26.25005007277375 ], [ 129.58390697321812, 26.23424115432098 ], [ 129.53415219219724, 26.187626500937995 ], [ 129.508922890830831, 26.160556435094215 ], [ 129.494629896065305, 26.134136050830683 ], [ 129.47264900260015, 26.108473628410781 ], [ 129.450559828871604, 26.077505473085495 ], [ 129.431285941990836, 26.043613750649079 ], [ 129.397935620871294, 26.000193365035653 ], [ 129.385375110319757, 25.971715655767991 ], [ 129.370215873447194, 25.94630588729596 ], [ 129.349588483274232, 25.927194420810252 ], [ 129.329123513496342, 25.903318622736037 ], [ 129.307142620031186, 25.881229449007513 ], [ 129.302865549627882, 25.877277219394319 ], [ 129.283320962088681, 25.8629842246288 ], [ 129.250512042286033, 25.838458744974336 ], [ 129.231671276458741, 25.824598871262321 ], [ 129.206171274433899, 25.807219888990616 ], [ 129.184704712219741, 25.788893454414371 ], [ 129.16229069770111, 25.767941223451285 ], [ 129.135762033174188, 25.750237400389455 ], [ 129.114214260762509, 25.726145041788492 ], [ 129.096618717964049, 25.713367970710223 ], [ 129.077371901149093, 25.686514465393213 ], [ 129.054741326103681, 25.668269241014503 ], [ 129.024098011568555, 25.639791531746848 ], [ 129.005257245741262, 25.616402994857815 ], [ 128.979432402926278, 25.598157770479105 ], [ 128.956476987090724, 25.580399807285588 ], [ 128.907642588308534, 25.536762861145409 ], [ 128.89177952972409, 25.517976235449829 ], [ 128.874508827715772, 25.497457125540244 ], [ 128.86351838098318, 25.484355213671851 ], [ 128.849604367139477, 25.470657760354893 ], [ 128.832008824341017, 25.457718268881571 ], [ 128.821018377608453, 25.443587694511116 ], [ 128.8012572295425, 25.425071769473973 ], [ 128.790916464390193, 25.411320176025331 ], [ 128.773970603171961, 25.40005902863432 ], [ 128.750419645887916, 25.392100429276248 ], [ 128.727897351105867, 25.386686416107491 ], [ 128.700773145130427, 25.383059027284428 ], [ 128.676301805607665, 25.376399791086858 ], [ 128.643330465409946, 25.366708707514782 ], [ 128.610846386397412, 25.35647622262583 ], [ 128.577712625804594, 25.341695966675122 ], [ 128.553024725755108, 25.328106793621544 ], [ 128.532722176372289, 25.316195964650277 ], [ 128.506951473689014, 25.299322290274333 ], [ 128.481541705216983, 25.285390229720068 ], [ 128.456853805167441, 25.268209761264551 ], [ 128.450212615680442, 25.264239484940795 ], [ 128.419172273512913, 25.24171719015877 ], [ 128.38343978659907, 25.215080245368483 ], [ 128.356730654966555, 25.195156676907462 ], [ 128.330310270703052, 25.177037779502694 ], [ 128.32612343385253, 25.17436686633944 ], [ 128.301363346960756, 25.155887034723417 ], [ 128.286925978510737, 25.145275568912655 ], [ 128.259350604771186, 25.124124824133379 ], [ 128.244480115267663, 25.112863676742371 ], [ 128.224484359964407, 25.098642868819105 ], [ 128.193155270427837, 25.074460276665327 ], [ 128.170993909857089, 25.060672589795555 ], [ 128.156556541407042, 25.051432673987545 ], [ 128.125155265028269, 25.037284052906532 ], [ 128.105520443936257, 25.023496366036767 ], [ 128.08754592021603, 25.01006961337826 ], [ 128.06711704385927, 24.996426300192997 ], [ 128.063796449115756, 24.992961331764988 ], [ 128.053329356989508, 24.980545194897974 ], [ 128.024959927985236, 24.9601163185412 ], [ 127.988361198964441, 24.926765997421658 ], [ 127.975078819990429, 24.90792523159439 ], [ 127.959125527853161, 24.877823318376105 ], [ 127.926424888313889, 24.843029260411573 ], [ 127.897477964571607, 24.813071720877787 ], [ 127.873223185575554, 24.785063226084755 ], [ 127.857125519753794, 24.76470653657023 ], [ 127.822548022315999, 24.736770228619445 ], [ 127.786598974875474, 24.715114175944418 ], [ 127.755053324812181, 24.698439015384647 ], [ 127.720331453689894, 24.679381689030627 ], [ 127.715711495785882, 24.677937952185623 ], [ 127.67600873254834, 24.668337102166365 ], [ 127.637749706155788, 24.663861517946856 ], [ 127.621940787703011, 24.664366825842606 ], [ 127.6010066034505, 24.665521815318606 ], [ 127.571049063916718, 24.663211836366603 ], [ 127.541055430961734, 24.656570646879601 ], [ 127.506911054577472, 24.645778713963225 ], [ 127.429959880738863, 24.581388050676146 ], [ 127.413717841232611, 24.568322232228883 ], [ 127.38339936748757, 24.548398663767863 ], [ 127.366146712189831, 24.534538790055851 ], [ 127.332074522647787, 24.506674668947319 ], [ 127.317204033144264, 24.493608850500056 ], [ 127.296919530471982, 24.477655558362788 ], [ 127.28804054887523, 24.470797808349026 ], [ 127.273530993582966, 24.455422010949761 ], [ 127.234116977714464, 24.417451731926217 ], [ 127.2152762118872, 24.396156613462441 ], [ 127.190732685522192, 24.364538776556909 ], [ 127.171097864430166, 24.336674655448373 ], [ 127.157815485456155, 24.315379536984601 ], [ 127.12756919855336, 24.283472952710063 ], [ 127.096384482701325, 24.24759609211177 ], [ 127.068736922119541, 24.207099273609472 ], [ 127.033509743101476, 24.141553620846398 ], [ 127.005356874623942, 24.111235147101365 ], [ 126.984783624582676, 24.090084402322084 ], [ 126.957641371896614, 24.076513275979071 ], [ 126.93598531922207, 24.070882702283278 ], [ 126.915412069180803, 24.064674633849769 ], [ 126.885743277016005, 24.055218157515007 ], [ 126.848855800626225, 24.043162954859245 ], [ 126.81218488476317, 24.031396499572477 ], [ 126.786630742606647, 24.02013535218147 ], [ 126.751331376746364, 24.002305202145699 ], [ 126.714732647725683, 23.984763799478923 ], [ 126.695603134529421, 23.974513267879416 ], [ 126.667378079209612, 23.954950633629643 ], [ 126.632872768614106, 23.928169315154864 ], [ 126.615547926474079, 23.908101373009337 ], [ 126.596418413277789, 23.888033430863814 ], [ 126.582053231670045, 23.869770159774546 ], [ 126.573102063231033, 23.859375254490534 ], [ 126.546681678967531, 23.837033426814124 ], [ 126.514414160481749, 23.805920897804342 ], [ 126.48914876569421, 23.793865695148579 ], [ 126.468792076179668, 23.783542976706819 ], [ 126.425191223460615, 23.767373124042802 ], [ 126.385584709346176, 23.755799167002085 ], [ 126.349106291729129, 23.748869230146077 ], [ 126.29944174426106, 23.740688054691066 ], [ 126.252953417852012, 23.729330658177055 ], [ 126.210315056362958, 23.713738300251038 ], [ 126.162767989600908, 23.699204682678019 ], [ 126.131198277256928, 23.676971135264992 ], [ 126.086249936815875, 23.650310128193954 ], [ 126.052562743765833, 23.632696538684932 ], [ 126.029270455999793, 23.614794201806912 ], [ 125.998951982254752, 23.589576931580879 ], [ 125.96680477517269, 23.565995896445852 ], [ 125.938892529502652, 23.540778626219822 ], [ 125.918391466303632, 23.519796317405792 ], [ 125.908189059265638, 23.509497661244779 ], [ 125.880084315349578, 23.483510398034745 ], [ 125.855059543369549, 23.469361776953725 ], [ 125.843654022294047, 23.463923701504228 ], [ 125.820361734528021, 23.454395038327213 ], [ 125.799235052029488, 23.446406361118203 ], [ 125.773536536188459, 23.43615582951869 ], [ 125.747982394031922, 23.429274017224181 ], [ 125.727000085217895, 23.423450945282674 ], [ 125.695334123750854, 23.414162904913162 ], [ 125.663668162283827, 23.408387957533154 ], [ 125.641274199665773, 23.403094255768149 ], [ 125.617179835874751, 23.39703056101914 ], [ 125.586219701309673, 23.391480194926135 ], [ 125.555034985457652, 23.385705247546124 ], [ 125.541495942155635, 23.383395268594118 ], [ 125.515444512863596, 23.37762032121411 ], [ 125.490034744391622, 23.372679532900108 ], [ 125.44332183669556, 23.358691327024086 ], [ 125.402255544215492, 23.346435605362068 ], [ 125.345211897317427, 23.33494987668405 ], [ 125.291440720601358, 23.312620080148022 ], [ 125.251914414089271, 23.287787806413991 ], [ 125.21059145728124, 23.272099199364973 ], [ 125.159194425599168, 23.261447629752958 ], [ 125.112096521411104, 23.253683533830948 ], [ 125.065608195002071, 23.253683533830948 ], [ 125.02614605457201, 23.259522647292954 ], [ 124.986812246305959, 23.263372612212958 ], [ 124.981486461499955, 23.263693442622959 ], [ 124.947735102367915, 23.260998467178954 ], [ 124.902690512803858, 23.257790163078948 ], [ 124.860148400437794, 23.254004364240942 ], [ 124.855464276451784, 23.25336270342094 ], [ 124.825947878731739, 23.245021112760931 ], [ 124.781416617823695, 23.242582801644925 ], [ 124.773909186229687, 23.240850317430926 ], [ 124.736564526505632, 23.234882871804917 ], [ 124.712053083181601, 23.231289571212915 ], [ 124.668291815257547, 23.221087164174893 ], [ 124.653020287741526, 23.217365531418892 ], [ 124.648656994165506, 23.21537638287689 ], [ 124.621771405807479, 23.206649795724879 ], [ 124.592447506333485, 23.203377325542885 ], [ 124.566973571779428, 23.199591526704875 ], [ 124.531361396269389, 23.187592469370859 ], [ 124.489525110805332, 23.177261730168848 ], [ 124.438128079123231, 23.16243936522682 ], [ 124.385961054457155, 23.147937830694801 ], [ 124.361064614641109, 23.149156986252798 ], [ 124.350092214619096, 23.149606148826805 ], [ 124.315057533847039, 23.148579491514802 ], [ 124.283423655420975, 23.142804544134798 ], [ 124.249608130206951, 23.140879561674797 ], [ 124.246463992188922, 23.140622897346795 ], [ 124.197280690335873, 23.140606855826302 ], [ 124.170748015428842, 23.138505416640804 ], [ 124.124259689019794, 23.142467672204312 ], [ 124.094871623463746, 23.144264322500316 ], [ 124.089225008247737, 23.144777651156318 ], [ 124.053548666655701, 23.154980058194326 ], [ 124.001253309825614, 23.166209122544338 ], [ 123.973212731991595, 23.169930755300342 ], [ 123.927077319033529, 23.180774823158355 ], [ 123.883316051109489, 23.188474752998363 ], [ 123.846292221795466, 23.19155472493437 ], [ 123.840453108333463, 23.191939721426365 ], [ 123.802274289543433, 23.189565576392365 ], [ 123.749465604057363, 23.18071065707635 ], [ 123.720847531485333, 23.176989024320349 ], [ 123.68882865656731, 23.173139059400341 ], [ 123.674904616773304, 23.172625730744343 ], [ 123.64583738162726, 23.17352405589234 ], [ 123.630501688029256, 23.173203225482343 ], [ 123.590590385025223, 23.169930755300339 ], [ 123.555748202499174, 23.165695793888336 ], [ 123.542594155689159, 23.163578313182335 ], [ 123.51602939774115, 23.162679988034331 ], [ 123.506853648015138, 23.162487489788329 ], [ 123.47412894619508, 23.152990909652324 ], [ 123.44095508180105, 23.146702633616318 ], [ 123.418304454855019, 23.142146841794315 ], [ 123.376147338980985, 23.137077721316309 ], [ 123.344128464062948, 23.134061915462308 ], [ 123.326739455840951, 23.132393597330307 ], [ 123.28118153762091, 23.134960240610308 ], [ 123.243836877896868, 23.135858565758308 ], [ 123.200717270792808, 23.138938537694308 ], [ 123.16234595375677, 23.143558495598313 ], [ 123.140401153712759, 23.146060972796317 ], [ 123.10145234193871, 23.154274231292323 ], [ 123.057241911440656, 23.161140002066332 ], [ 123.03805625292263, 23.164284140084334 ], [ 122.989097532356595, 23.168775765824336 ], [ 122.956180332290558, 23.174486547122346 ], [ 122.954880969130073, 23.174679045368343 ], [ 122.89965803480878, 23.174727169929838 ], [ 122.864366689708731, 23.173636346535833 ], [ 122.842550221828716, 23.172545523141835 ], [ 122.797826462674607, 23.169337219041807 ], [ 122.767604238052598, 23.165102257629805 ], [ 122.709598099924563, 23.1604822997258 ], [ 122.676295903366523, 23.156760666969795 ], [ 122.627273016718462, 23.157979822527796 ], [ 122.596665795604466, 23.160738964053795 ], [ 122.551942036450413, 23.160931462299796 ], [ 122.503432478458365, 23.17504800033981 ], [ 122.469103624588342, 23.185057909131825 ], [ 122.424508197598271, 23.20084276530384 ], [ 122.385687717988247, 23.230936657761873 ], [ 122.352578019676145, 23.249673153705892 ], [ 122.327360749450136, 23.281948692951921 ], [ 122.297266856992124, 23.316149214657955 ], [ 122.278081198474084, 23.344703121147987 ], [ 122.243559846358039, 23.377620321214021 ], [ 122.202686052124022, 23.402324262784042 ], [ 122.167651371351994, 23.41522164526604 ], [ 122.114906851947921, 23.436396452326061 ], [ 122.085454620309889, 23.444802209068072 ], [ 122.029822627215836, 23.467901998588101 ], [ 121.990873815441816, 23.486349747163132 ], [ 121.964694053985795, 23.502070437253145 ], [ 121.937102638725733, 23.514518657161158 ], [ 121.909190393055709, 23.52472106419917 ], [ 121.88961973804571, 23.544404009852681 ], [ 121.850285929779645, 23.565771315158713 ] ] } }
]
}
