{"type":"FeatureCollection","features":[{"type":"Feature","properties":{"コード":123500,"name":"石狩市花川","所在":"北海道","所管":"気象庁"},"geometry":{"type":"Point","coordinates":[141.32,43.17]}},{"type":"Feature","properties":{"コード":123501,"name":"石狩市聚富","所在":"北海道","所管":"気象庁"},"geometry":{"type":"Point","coordinates":[141.42,43.28]}},{"type":"Feature","properties":{"コード":123520,"name":"石狩市厚田","所在":"北海道","所管":"防災科学技術研究所"},"geometry":{"type":"Point","coordinates":[141.43,43.4]}},{"type":"Feature","properties":{"コード":123521,"name":"石狩市浜益","所在":"北海道","所管":"防災科学技術研究所"},"geometry":{"type":"Point","coordinates":[141.39,43.6]}},{"type":"Feature","properties":{"コード":123522,"name":"石狩市花畔","所在":"北海道","所管":"防災科学技術研究所"},"geometry":{"type":"Point","coordinates":[141.3,43.17]}},{"type":"Feature","properties":{"コード":130320,"name":"当別町白樺","所在":"北海道","所管":"防災科学技術研究所"},"geometry":{"type":"Point","coordinates":[141.52,43.22]}},{"type":"Feature","properties":{"コード":130431,"name":"新篠津村第４７線","所在":"北海道","所管":"地方公共団体"},"geometry":{"type":"Point","coordinates":[141.65,43.23]}},{"type":"Feature","properties":{"コード":110100,"name":"札幌中央区北２条","所在":"北海道","所管":"気象庁"},"geometry":{"type":"Point","coordinates":[141.33,43.06]}},{"type":"Feature","properties":{"コード":110140,"name":"札幌中央区南４条","所在":"北海道","所管":"地方公共団体"},"geometry":{"type":"Point","coordinates":[141.34,43.05]}},{"type":"Feature","properties":{"コード":110220,"name":"札幌北区太平","所在":"北海道","所管":"防災科学技術研究所"},"geometry":{"type":"Point","coordinates":[141.35,43.14]}},{"type":"Feature","properties":{"コード":110240,"name":"札幌北区篠路","所在":"北海道","所管":"地方公共団体"},"geometry":{"type":"Point","coordinates":[141.36,43.14]}},{"type":"Feature","properties":{"コード":110241,"name":"札幌北区新琴似","所在":"北海道","所管":"地方公共団体"},"geometry":{"type":"Point","coordinates":[141.33,43.11]}},{"type":"Feature","properties":{"コード":110341,"name":"札幌東区元町","所在":"北海道","所管":"地方公共団体"},"geometry":{"type":"Point","coordinates":[141.37,43.09]}},{"type":"Feature","properties":{"コード":110441,"name":"札幌白石区北郷","所在":"北海道","所管":"地方公共団体"},"geometry":{"type":"Point","coordinates":[141.42,43.06]}},{"type":"Feature","properties":{"コード":110540,"name":"札幌豊平区月寒東","所在":"北海道","所管":"地方公共団体"},"geometry":{"type":"Point","coordinates":[141.4,43.03]}},{"type":"Feature","properties":{"コード":110621,"name":"札幌南区定山渓温泉","所在":"北海道","所管":"防災科学技術研究所"},"geometry":{"type":"Point","coordinates":[141.18,42.97]}},{"type":"Feature","properties":{"コード":110642,"name":"札幌南区川沿","所在":"北海道","所管":"地方公共団体"},"geometry":{"type":"Point","coordinates":[141.33,43]}},{"type":"Feature","properties":{"コード":110643,"name":"札幌南区石山","所在":"北海道","所管":"地方公共団体"},"geometry":{"type":"Point","coordinates":[141.33,42.97]}},{"type":"Feature","properties":{"コード":110740,"name":"札幌西区琴似","所在":"北海道","所管":"地方公共団体"},"geometry":{"type":"Point","coordinates":[141.3,43.07]}},{"type":"Feature","properties":{"コード":110840,"name":"札幌厚別区もみじ台","所在":"北海道","所管":"地方公共団体"},"geometry":{"type":"Point","coordinates":[141.49,43.03]}},{"type":"Feature","properties":{"コード":110940,"name":"札幌手稲区前田","所在":"北海道","所管":"地方公共団体"},"geometry":{"type":"Point","coordinates":[141.26,43.12]}},{"type":"Feature","properties":{"コード":111040,"name":"札幌清田区平岡","所在":"北海道","所管":"地方公共団体"},"geometry":{"type":"Point","coordinates":[141.44,43]}},{"type":"Feature","properties":{"コード":121700,"name":"江別市高砂町","所在":"北海道","所管":"気象庁"},"geometry":{"type":"Point","coordinates":[141.54,43.1]}},{"type":"Feature","properties":{"コード":121720,"name":"江別市緑町","所在":"北海道","所管":"防災科学技術研究所"},"geometry":{"type":"Point","coordinates":[141.55,43.12]}},{"type":"Feature","properties":{"コード":122400,"name":"千歳市北栄","所在":"北海道","所管":"気象庁"},"geometry":{"type":"Point","coordinates":[141.64,42.83]}},{"type":"Feature","properties":{"コード":122401,"name":"新千歳空港","所在":"北海道","所管":"気象庁"},"geometry":{"type":"Point","coordinates":[141.68,42.78]}},{"type":"Feature","properties":{"コード":122420,"name":"千歳市若草","所在":"北海道","所管":"防災科学技術研究所"},"geometry":{"type":"Point","coordinates":[141.6,42.79]}},{"type":"Feature","properties":{"コード":122421,"name":"千歳市支笏湖温泉","所在":"北海道","所管":"防災科学技術研究所"},"geometry":{"type":"Point","coordinates":[141.4,42.78]}},{"type":"Feature","properties":{"コード":123100,"name":"恵庭市漁平","所在":"北海道","所管":"気象庁"},"geometry":{"type":"Point","coordinates":[141.45,42.84]}},{"type":"Feature","properties":{"コード":123130,"name":"恵庭市京町","所在":"北海道","所管":"地方公共団体"},"geometry":{"type":"Point","coordinates":[141.58,42.88]}},{"type":"Feature","properties":{"コード":123421,"name":"北広島市中の沢","所在":"北海道","所管":"防災科学技術研究所"},"geometry":{"type":"Point","coordinates":[141.52,42.97]}},{"type":"Feature","properties":{"コード":134601,"name":"八雲町上の湯","所在":"北海道","所管":"気象庁"},"geometry":{"type":"Point","coordinates":[140.37,42.12]}},{"type":"Feature","properties":{"コード":134620,"name":"八雲町住初町","所在":"北海道","所管":"防災科学技術研究所"},"geometry":{"type":"Point","coordinates":[140.26,42.26]}},{"type":"Feature","properties":{"コード":134621,"name":"八雲町熊石雲石町","所在":"北海道","所管":"防災科学技術研究所"},"geometry":{"type":"Point","coordinates":[139.98,42.13]}},{"type":"Feature","properties":{"コード":134720,"name":"長万部町平里","所在":"北海道","所管":"防災科学技術研究所"},"geometry":{"type":"Point","coordinates":[140.35,42.49]}},{"type":"Feature","properties":{"コード":120201,"name":"函館市尾札部町","所在":"北海道","所管":"気象庁"},"geometry":{"type":"Point","coordinates":[141.03,41.89]}},{"type":"Feature","properties":{"コード":120202,"name":"函館市美原","所在":"北海道","所管":"気象庁"},"geometry":{"type":"Point","coordinates":[140.75,41.82]}},{"type":"Feature","properties":{"コード":120220,"name":"函館市大森町","所在":"北海道","所管":"防災科学技術研究所"},"geometry":{"type":"Point","coordinates":[140.74,41.77]}},{"type":"Feature","properties":{"コード":120221,"name":"函館市泊町","所在":"北海道","所管":"防災科学技術研究所"},"geometry":{"type":"Point","coordinates":[141,41.72]}},{"type":"Feature","properties":{"コード":120222,"name":"函館市新浜町","所在":"北海道","所管":"防災科学技術研究所"},"geometry":{"type":"Point","coordinates":[141.14,41.83]}},{"type":"Feature","properties":{"コード":120223,"name":"函館市川汲町","所在":"北海道","所管":"防災科学技術研究所"},"geometry":{"type":"Point","coordinates":[140.97,41.91]}},{"type":"Feature","properties":{"コード":120231,"name":"函館市日ノ浜町","所在":"北海道","所管":"地方公共団体"},"geometry":{"type":"Point","coordinates":[141.11,41.79]}},{"type":"Feature","properties":{"コード":123632,"name":"渡島北斗市中央","所在":"北海道","所管":"地方公共団体"},"geometry":{"type":"Point","coordinates":[140.65,41.82]}},{"type":"Feature","properties":{"コード":123633,"name":"渡島北斗市本町","所在":"北海道","所管":"地方公共団体"},"geometry":{"type":"Point","coordinates":[140.64,41.88]}},{"type":"Feature","properties":{"コード":133701,"name":"七飯町桜町","所在":"北海道","所管":"気象庁"},"geometry":{"type":"Point","coordinates":[140.69,41.9]}},{"type":"Feature","properties":{"コード":133720,"name":"七飯町本町","所在":"北海道","所管":"防災科学技術研究所"},"geometry":{"type":"Point","coordinates":[140.7,41.9]}},{"type":"Feature","properties":{"コード":134320,"name":"鹿部町宮浜","所在":"北海道","所管":"防災科学技術研究所"},"geometry":{"type":"Point","coordinates":[140.81,42.04]}},{"type":"Feature","properties":{"コード":134503,"name":"渡島森町御幸町","所在":"北海道","所管":"気象庁"},"geometry":{"type":"Point","coordinates":[140.58,42.11]}},{"type":"Feature","properties":{"コード":134520,"name":"渡島森町上台町","所在":"北海道","所管":"防災科学技術研究所"},"geometry":{"type":"Point","coordinates":[140.56,42.1]}},{"type":"Feature","properties":{"コード":134531,"name":"渡島森町砂原","所在":"北海道","所管":"地方公共団体"},"geometry":{"type":"Point","coordinates":[140.67,42.12]}},{"type":"Feature","properties":{"コード":133100,"name":"渡島松前町福山","所在":"北海道","所管":"気象庁"},"geometry":{"type":"Point","coordinates":[140.11,41.43]}},{"type":"Feature","properties":{"コード":133101,"name":"渡島松前町清部","所在":"北海道","所管":"気象庁"},"geometry":{"type":"Point","coordinates":[140.01,41.52]}},{"type":"Feature","properties":{"コード":133220,"name":"福島町福島","所在":"北海道","所管":"防災科学技術研究所"},"geometry":{"type":"Point","coordinates":[140.25,41.49]}},{"type":"Feature","properties":{"コード":133300,"name":"知内町小谷石","所在":"北海道","所管":"気象庁"},"geometry":{"type":"Point","coordinates":[140.41,41.53]}},{"type":"Feature","properties":{"コード":133331,"name":"知内町重内","所在":"北海道","所管":"地方公共団体"},"geometry":{"type":"Point","coordinates":[140.42,41.6]}},{"type":"Feature","properties":{"コード":133421,"name":"木古内町木古内","所在":"北海道","所管":"防災科学技術研究所"},"geometry":{"type":"Point","coordinates":[140.43,41.68]}},{"type":"Feature","properties":{"コード":136101,"name":"檜山江差町姥神","所在":"北海道","所管":"気象庁"},"geometry":{"type":"Point","coordinates":[140.12,41.87]}},{"type":"Feature","properties":{"コード":136120,"name":"檜山江差町中歌町","所在":"北海道","所管":"防災科学技術研究所"},"geometry":{"type":"Point","coordinates":[140.13,41.87]}},{"type":"Feature","properties":{"コード":136220,"name":"上ノ国町湯ノ岱","所在":"北海道","所管":"防災科学技術研究所"},"geometry":{"type":"Point","coordinates":[140.25,41.75]}},{"type":"Feature","properties":{"コード":136221,"name":"上ノ国町小砂子","所在":"北海道","所管":"防災科学技術研究所"},"geometry":{"type":"Point","coordinates":[140,41.65]}},{"type":"Feature","properties":{"コード":136231,"name":"上ノ国町大留","所在":"北海道","所管":"地方公共団体"},"geometry":{"type":"Point","coordinates":[140.12,41.8]}},{"type":"Feature","properties":{"コード":136320,"name":"厚沢部町木間内","所在":"北海道","所管":"防災科学技術研究所"},"geometry":{"type":"Point","coordinates":[140.37,41.94]}},{"type":"Feature","properties":{"コード":136331,"name":"厚沢部町新町","所在":"北海道","所管":"地方公共団体"},"geometry":{"type":"Point","coordinates":[140.23,41.92]}},{"type":"Feature","properties":{"コード":136431,"name":"乙部町緑町","所在":"北海道","所管":"地方公共団体"},"geometry":{"type":"Point","coordinates":[140.14,41.97]}},{"type":"Feature","properties":{"コード":137020,"name":"今金町今金","所在":"北海道","所管":"防災科学技術研究所"},"geometry":{"type":"Point","coordinates":[140.02,42.43]}},{"type":"Feature","properties":{"コード":137100,"name":"せたな町北檜山区豊岡","所在":"北海道","所管":"気象庁"},"geometry":{"type":"Point","coordinates":[139.88,42.42]}},{"type":"Feature","properties":{"コード":137120,"name":"せたな町大成区都","所在":"北海道","所管":"防災科学技術研究所"},"geometry":{"type":"Point","coordinates":[139.82,42.23]}},{"type":"Feature","properties":{"コード":137121,"name":"せたな町瀬棚区本町","所在":"北海道","所管":"防災科学技術研究所"},"geometry":{"type":"Point","coordinates":[139.85,42.45]}},{"type":"Feature","properties":{"コード":137122,"name":"せたな町瀬棚区北島歌","所在":"北海道","所管":"防災科学技術研究所"},"geometry":{"type":"Point","coordinates":[139.83,42.59]}},{"type":"Feature","properties":{"コード":137131,"name":"せたな町北檜山区徳島","所在":"北海道","所管":"地方公共団体"},"geometry":{"type":"Point","coordinates":[139.88,42.42]}},{"type":"Feature","properties":{"コード":120300,"name":"小樽市勝納町","所在":"北海道","所管":"気象庁"},"geometry":{"type":"Point","coordinates":[141.02,43.18]}},{"type":"Feature","properties":{"コード":120320,"name":"小樽市花園町","所在":"北海道","所管":"防災科学技術研究所"},"geometry":{"type":"Point","coordinates":[140.99,43.19]}},{"type":"Feature","properties":{"コード":140500,"name":"積丹町日司町","所在":"北海道","所管":"気象庁"},"geometry":{"type":"Point","coordinates":[140.47,43.35]}},{"type":"Feature","properties":{"コード":140520,"name":"積丹町美国町","所在":"北海道","所管":"防災科学技術研究所"},"geometry":{"type":"Point","coordinates":[140.6,43.29]}},{"type":"Feature","properties":{"コード":140521,"name":"積丹町余別町","所在":"北海道","所管":"防災科学技術研究所"},"geometry":{"type":"Point","coordinates":[140.38,43.32]}},{"type":"Feature","properties":{"コード":140632,"name":"古平町浜町","所在":"北海道","所管":"地方公共団体"},"geometry":{"type":"Point","coordinates":[140.64,43.26]}},{"type":"Feature","properties":{"コード":140731,"name":"仁木町西町","所在":"北海道","所管":"地方公共団体"},"geometry":{"type":"Point","coordinates":[140.77,43.15]}},{"type":"Feature","properties":{"コード":140800,"name":"余市町朝日町","所在":"北海道","所管":"気象庁"},"geometry":{"type":"Point","coordinates":[140.78,43.2]}},{"type":"Feature","properties":{"コード":140820,"name":"余市町浜中町","所在":"北海道","所管":"防災科学技術研究所"},"geometry":{"type":"Point","coordinates":[140.78,43.2]}},{"type":"Feature","properties":{"コード":140920,"name":"赤井川村赤井川","所在":"北海道","所管":"防災科学技術研究所"},"geometry":{"type":"Point","coordinates":[140.82,43.08]}},{"type":"Feature","properties":{"コード":139520,"name":"ニセコ町中央通","所在":"北海道","所管":"防災科学技術研究所"},"geometry":{"type":"Point","coordinates":[140.69,42.81]}},{"type":"Feature","properties":{"コード":139632,"name":"真狩村真狩","所在":"北海道","所管":"地方公共団体"},"geometry":{"type":"Point","coordinates":[140.8,42.76]}},{"type":"Feature","properties":{"コード":139731,"name":"留寿都村留寿都","所在":"北海道","所管":"地方公共団体"},"geometry":{"type":"Point","coordinates":[140.88,42.74]}},{"type":"Feature","properties":{"コード":139820,"name":"喜茂別町喜茂別","所在":"北海道","所管":"防災科学技術研究所"},"geometry":{"type":"Point","coordinates":[140.94,42.8]}},{"type":"Feature","properties":{"コード":139931,"name":"京極町京極","所在":"北海道","所管":"地方公共団体"},"geometry":{"type":"Point","coordinates":[140.88,42.86]}},{"type":"Feature","properties":{"コード":140000,"name":"倶知安町南１条","所在":"北海道","所管":"気象庁"},"geometry":{"type":"Point","coordinates":[140.76,42.9]}},{"type":"Feature","properties":{"コード":140020,"name":"倶知安町北４条","所在":"北海道","所管":"防災科学技術研究所"},"geometry":{"type":"Point","coordinates":[140.77,42.91]}},{"type":"Feature","properties":{"コード":139100,"name":"島牧村江ノ島","所在":"北海道","所管":"気象庁"},"geometry":{"type":"Point","coordinates":[140.04,42.65]}},{"type":"Feature","properties":{"コード":139120,"name":"島牧村泊","所在":"北海道","所管":"防災科学技術研究所"},"geometry":{"type":"Point","coordinates":[140.06,42.7]}},{"type":"Feature","properties":{"コード":139201,"name":"寿都町新栄","所在":"北海道","所管":"気象庁"},"geometry":{"type":"Point","coordinates":[140.22,42.8]}},{"type":"Feature","properties":{"コード":139220,"name":"寿都町渡島","所在":"北海道","所管":"防災科学技術研究所"},"geometry":{"type":"Point","coordinates":[140.23,42.79]}},{"type":"Feature","properties":{"コード":139321,"name":"黒松内町黒松内","所在":"北海道","所管":"防災科学技術研究所"},"geometry":{"type":"Point","coordinates":[140.3,42.67]}},{"type":"Feature","properties":{"コード":139420,"name":"蘭越町蘭越","所在":"北海道","所管":"防災科学技術研究所"},"geometry":{"type":"Point","coordinates":[140.53,42.81]}},{"type":"Feature","properties":{"コード":140131,"name":"共和町南幌似","所在":"北海道","所管":"地方公共団体"},"geometry":{"type":"Point","coordinates":[140.61,42.98]}},{"type":"Feature","properties":{"コード":140201,"name":"岩内町高台","所在":"北海道","所管":"気象庁"},"geometry":{"type":"Point","coordinates":[140.52,42.98]}},{"type":"Feature","properties":{"コード":140220,"name":"岩内町清住","所在":"北海道","所管":"防災科学技術研究所"},"geometry":{"type":"Point","coordinates":[140.51,42.98]}},{"type":"Feature","properties":{"コード":140331,"name":"泊村茅沼村","所在":"北海道","所管":"地方公共団体"},"geometry":{"type":"Point","coordinates":[140.5,43.06]}},{"type":"Feature","properties":{"コード":140420,"name":"神恵内村神恵内","所在":"北海道","所管":"防災科学技術研究所"},"geometry":{"type":"Point","coordinates":[140.44,43.14]}},{"type":"Feature","properties":{"コード":136701,"name":"奥尻町松江","所在":"北海道","所管":"気象庁"},"geometry":{"type":"Point","coordinates":[139.47,42.08]}},{"type":"Feature","properties":{"コード":136732,"name":"奥尻町奥尻","所在":"北海道","所管":"地方公共団体"},"geometry":{"type":"Point","coordinates":[139.51,42.17]}},{"type":"Feature","properties":{"コード":122820,"name":"深川市１条","所在":"北海道","所管":"防災科学技術研究所"},"geometry":{"type":"Point","coordinates":[142.05,43.72]}},{"type":"Feature","properties":{"コード":143331,"name":"妹背牛町妹背牛","所在":"北海道","所管":"地方公共団体"},"geometry":{"type":"Point","coordinates":[141.96,43.7]}},{"type":"Feature","properties":{"コード":143431,"name":"秩父別町役場","所在":"北海道","所管":"地方公共団体"},"geometry":{"type":"Point","coordinates":[141.96,43.77]}},{"type":"Feature","properties":{"コード":143700,"name":"北竜町竜西","所在":"北海道","所管":"気象庁"},"geometry":{"type":"Point","coordinates":[141.72,43.75]}},{"type":"Feature","properties":{"コード":143731,"name":"北竜町和","所在":"北海道","所管":"地方公共団体"},"geometry":{"type":"Point","coordinates":[141.88,43.73]}},{"type":"Feature","properties":{"コード":143820,"name":"沼田町沼田","所在":"北海道","所管":"防災科学技術研究所"},"geometry":{"type":"Point","coordinates":[141.93,43.8]}},{"type":"Feature","properties":{"コード":121600,"name":"芦別市旭町","所在":"北海道","所管":"気象庁"},"geometry":{"type":"Point","coordinates":[142.22,43.51]}},{"type":"Feature","properties":{"コード":121620,"name":"芦別市北２条","所在":"北海道","所管":"防災科学技術研究所"},"geometry":{"type":"Point","coordinates":[142.19,43.52]}},{"type":"Feature","properties":{"コード":121831,"name":"赤平市泉町","所在":"北海道","所管":"地方公共団体"},"geometry":{"type":"Point","coordinates":[142.04,43.56]}},{"type":"Feature","properties":{"コード":122500,"name":"滝川市大町","所在":"北海道","所管":"気象庁"},"geometry":{"type":"Point","coordinates":[141.91,43.56]}},{"type":"Feature","properties":{"コード":122520,"name":"滝川市新町","所在":"北海道","所管":"防災科学技術研究所"},"geometry":{"type":"Point","coordinates":[141.92,43.55]}},{"type":"Feature","properties":{"コード":122632,"name":"砂川市西７条","所在":"北海道","所管":"地方公共団体"},"geometry":{"type":"Point","coordinates":[141.9,43.49]}},{"type":"Feature","properties":{"コード":122731,"name":"歌志内市本町","所在":"北海道","所管":"地方公共団体"},"geometry":{"type":"Point","coordinates":[142.03,43.52]}},{"type":"Feature","properties":{"コード":142432,"name":"奈井江町奈井江","所在":"北海道","所管":"地方公共団体"},"geometry":{"type":"Point","coordinates":[141.88,43.43]}},{"type":"Feature","properties":{"コード":142532,"name":"上砂川町上砂川","所在":"北海道","所管":"地方公共団体"},"geometry":{"type":"Point","coordinates":[141.98,43.48]}},{"type":"Feature","properties":{"コード":143130,"name":"浦臼町ウラウスナイ","所在":"北海道","所管":"地方公共団体"},"geometry":{"type":"Point","coordinates":[141.82,43.43]}},{"type":"Feature","properties":{"コード":143232,"name":"新十津川町中央","所在":"北海道","所管":"地方公共団体"},"geometry":{"type":"Point","coordinates":[141.88,43.55]}},{"type":"Feature","properties":{"コード":143632,"name":"雨竜町フシコウリウ","所在":"北海道","所管":"地方公共団体"},"geometry":{"type":"Point","coordinates":[141.89,43.64]}},{"type":"Feature","properties":{"コード":120900,"name":"夕張市若菜","所在":"北海道","所管":"気象庁"},"geometry":{"type":"Point","coordinates":[141.97,43.03]}},{"type":"Feature","properties":{"コード":121000,"name":"岩見沢市５条","所在":"北海道","所管":"気象庁"},"geometry":{"type":"Point","coordinates":[141.79,43.21]}},{"type":"Feature","properties":{"コード":121021,"name":"岩見沢市鳩が丘","所在":"北海道","所管":"防災科学技術研究所"},"geometry":{"type":"Point","coordinates":[141.78,43.2]}},{"type":"Feature","properties":{"コード":121032,"name":"岩見沢市北村赤川","所在":"北海道","所管":"地方公共団体"},"geometry":{"type":"Point","coordinates":[141.7,43.26]}},{"type":"Feature","properties":{"コード":121034,"name":"岩見沢市栗沢町東本町","所在":"北海道","所管":"地方公共団体"},"geometry":{"type":"Point","coordinates":[141.75,43.12]}},{"type":"Feature","properties":{"コード":121501,"name":"美唄市西５条","所在":"北海道","所管":"気象庁"},"geometry":{"type":"Point","coordinates":[141.85,43.33]}},{"type":"Feature","properties":{"コード":121520,"name":"美唄市西３条","所在":"北海道","所管":"防災科学技術研究所"},"geometry":{"type":"Point","coordinates":[141.86,43.33]}},{"type":"Feature","properties":{"コード":122231,"name":"三笠市幸町","所在":"北海道","所管":"地方公共団体"},"geometry":{"type":"Point","coordinates":[141.88,43.25]}},{"type":"Feature","properties":{"コード":142331,"name":"南幌町栄町","所在":"北海道","所管":"地方公共団体"},"geometry":{"type":"Point","coordinates":[141.65,43.06]}},{"type":"Feature","properties":{"コード":142720,"name":"由仁町新光","所在":"北海道","所管":"防災科学技術研究所"},"geometry":{"type":"Point","coordinates":[141.79,43]}},{"type":"Feature","properties":{"コード":142831,"name":"長沼町中央","所在":"北海道","所管":"地方公共団体"},"geometry":{"type":"Point","coordinates":[141.7,43.01]}},{"type":"Feature","properties":{"コード":142931,"name":"栗山町松風","所在":"北海道","所管":"地方公共団体"},"geometry":{"type":"Point","coordinates":[141.78,43.06]}},{"type":"Feature","properties":{"コード":143020,"name":"月形町円山公園","所在":"北海道","所管":"防災科学技術研究所"},"geometry":{"type":"Point","coordinates":[141.66,43.34]}},{"type":"Feature","properties":{"コード":122001,"name":"士別市朝日町","所在":"北海道","所管":"気象庁"},"geometry":{"type":"Point","coordinates":[142.59,44.12]}},{"type":"Feature","properties":{"コード":122002,"name":"士別市東６条","所在":"北海道","所管":"気象庁"},"geometry":{"type":"Point","coordinates":[142.4,44.18]}},{"type":"Feature","properties":{"コード":122021,"name":"士別市東３条","所在":"北海道","所管":"防災科学技術研究所"},"geometry":{"type":"Point","coordinates":[142.39,44.18]}},{"type":"Feature","properties":{"コード":122100,"name":"名寄市大通","所在":"北海道","所管":"気象庁"},"geometry":{"type":"Point","coordinates":[142.46,44.36]}},{"type":"Feature","properties":{"コード":122120,"name":"名寄市西５条","所在":"北海道","所管":"防災科学技術研究所"},"geometry":{"type":"Point","coordinates":[142.45,44.36]}},{"type":"Feature","properties":{"コード":122131,"name":"名寄市風連町","所在":"北海道","所管":"地方公共団体"},"geometry":{"type":"Point","coordinates":[142.41,44.29]}},{"type":"Feature","properties":{"コード":146420,"name":"和寒町西町","所在":"北海道","所管":"防災科学技術研究所"},"geometry":{"type":"Point","coordinates":[142.41,44.02]}},{"type":"Feature","properties":{"コード":146531,"name":"剣淵町仲町","所在":"北海道","所管":"地方公共団体"},"geometry":{"type":"Point","coordinates":[142.36,44.1]}},{"type":"Feature","properties":{"コード":146820,"name":"下川町北町","所在":"北海道","所管":"防災科学技術研究所"},"geometry":{"type":"Point","coordinates":[142.64,44.31]}},{"type":"Feature","properties":{"コード":146920,"name":"美深町西町","所在":"北海道","所管":"防災科学技術研究所"},"geometry":{"type":"Point","coordinates":[142.34,44.48]}},{"type":"Feature","properties":{"コード":146921,"name":"美深町仁宇布","所在":"北海道","所管":"防災科学技術研究所"},"geometry":{"type":"Point","coordinates":[142.57,44.54]}},{"type":"Feature","properties":{"コード":147020,"name":"音威子府村音威子府","所在":"北海道","所管":"防災科学技術研究所"},"geometry":{"type":"Point","coordinates":[142.26,44.73]}},{"type":"Feature","properties":{"コード":147120,"name":"上川中川町中川","所在":"北海道","所管":"防災科学技術研究所"},"geometry":{"type":"Point","coordinates":[142.07,44.81]}},{"type":"Feature","properties":{"コード":147220,"name":"幌加内町平和","所在":"北海道","所管":"防災科学技術研究所"},"geometry":{"type":"Point","coordinates":[142.15,44.01]}},{"type":"Feature","properties":{"コード":147221,"name":"幌加内町朱鞠内","所在":"北海道","所管":"防災科学技術研究所"},"geometry":{"type":"Point","coordinates":[142.16,44.28]}},{"type":"Feature","properties":{"コード":120401,"name":"旭川市宮前１条","所在":"北海道","所管":"気象庁"},"geometry":{"type":"Point","coordinates":[142.37,43.76]}},{"type":"Feature","properties":{"コード":120420,"name":"旭川市７条","所在":"北海道","所管":"防災科学技術研究所"},"geometry":{"type":"Point","coordinates":[142.36,43.77]}},{"type":"Feature","properties":{"コード":145231,"name":"鷹栖町南１条","所在":"北海道","所管":"地方公共団体"},"geometry":{"type":"Point","coordinates":[142.35,43.84]}},{"type":"Feature","properties":{"コード":145332,"name":"東神楽町南１条","所在":"北海道","所管":"地方公共団体"},"geometry":{"type":"Point","coordinates":[142.45,43.7]}},{"type":"Feature","properties":{"コード":145431,"name":"当麻町３条","所在":"北海道","所管":"地方公共団体"},"geometry":{"type":"Point","coordinates":[142.51,43.83]}},{"type":"Feature","properties":{"コード":145531,"name":"比布町北町","所在":"北海道","所管":"地方公共団体"},"geometry":{"type":"Point","coordinates":[142.48,43.88]}},{"type":"Feature","properties":{"コード":145620,"name":"愛別町南町","所在":"北海道","所管":"防災科学技術研究所"},"geometry":{"type":"Point","coordinates":[142.57,43.91]}},{"type":"Feature","properties":{"コード":145701,"name":"上川地方上川町越路","所在":"北海道","所管":"気象庁"},"geometry":{"type":"Point","coordinates":[142.74,43.88]}},{"type":"Feature","properties":{"コード":145720,"name":"上川地方上川町花園町","所在":"北海道","所管":"防災科学技術研究所"},"geometry":{"type":"Point","coordinates":[142.77,43.85]}},{"type":"Feature","properties":{"コード":145721,"name":"上川地方上川町清川","所在":"北海道","所管":"防災科学技術研究所"},"geometry":{"type":"Point","coordinates":[142.9,43.77]}},{"type":"Feature","properties":{"コード":145830,"name":"東川町東町","所在":"北海道","所管":"地方公共団体"},"geometry":{"type":"Point","coordinates":[142.51,43.7]}},{"type":"Feature","properties":{"コード":145920,"name":"美瑛町本町","所在":"北海道","所管":"防災科学技術研究所"},"geometry":{"type":"Point","coordinates":[142.47,43.59]}},{"type":"Feature","properties":{"コード":145921,"name":"美瑛町忠別","所在":"北海道","所管":"防災科学技術研究所"},"geometry":{"type":"Point","coordinates":[142.68,43.62]}},{"type":"Feature","properties":{"コード":122900,"name":"富良野市若松町","所在":"北海道","所管":"気象庁"},"geometry":{"type":"Point","coordinates":[142.38,43.35]}},{"type":"Feature","properties":{"コード":122920,"name":"富良野市末広町","所在":"北海道","所管":"防災科学技術研究所"},"geometry":{"type":"Point","coordinates":[142.38,43.34]}},{"type":"Feature","properties":{"コード":146000,"name":"上富良野町大町","所在":"北海道","所管":"気象庁"},"geometry":{"type":"Point","coordinates":[142.47,43.46]}},{"type":"Feature","properties":{"コード":146131,"name":"中富良野町本町","所在":"北海道","所管":"地方公共団体"},"geometry":{"type":"Point","coordinates":[142.43,43.41]}},{"type":"Feature","properties":{"コード":146200,"name":"南富良野町幾寅","所在":"北海道","所管":"気象庁"},"geometry":{"type":"Point","coordinates":[142.59,43.17]}},{"type":"Feature","properties":{"コード":146220,"name":"南富良野町役場","所在":"北海道","所管":"防災科学技術研究所"},"geometry":{"type":"Point","coordinates":[142.57,43.17]}},{"type":"Feature","properties":{"コード":146320,"name":"占冠村中央","所在":"北海道","所管":"防災科学技術研究所"},"geometry":{"type":"Point","coordinates":[142.4,42.98]}},{"type":"Feature","properties":{"コード":148331,"name":"苫前町旭","所在":"北海道","所管":"地方公共団体"},"geometry":{"type":"Point","coordinates":[141.65,44.31]}},{"type":"Feature","properties":{"コード":148400,"name":"羽幌町南３条","所在":"北海道","所管":"気象庁"},"geometry":{"type":"Point","coordinates":[141.7,44.36]}},{"type":"Feature","properties":{"コード":148401,"name":"羽幌町焼尻","所在":"北海道","所管":"気象庁"},"geometry":{"type":"Point","coordinates":[141.42,44.43]}},{"type":"Feature","properties":{"コード":148420,"name":"羽幌町南町","所在":"北海道","所管":"防災科学技術研究所"},"geometry":{"type":"Point","coordinates":[141.7,44.36]}},{"type":"Feature","properties":{"コード":148500,"name":"初山別村有明","所在":"北海道","所管":"気象庁"},"geometry":{"type":"Point","coordinates":[141.85,44.4]}},{"type":"Feature","properties":{"コード":148520,"name":"初山別村初山別","所在":"北海道","所管":"防災科学技術研究所"},"geometry":{"type":"Point","coordinates":[141.77,44.53]}},{"type":"Feature","properties":{"コード":148620,"name":"遠別町本町","所在":"北海道","所管":"防災科学技術研究所"},"geometry":{"type":"Point","coordinates":[141.79,44.72]}},{"type":"Feature","properties":{"コード":148720,"name":"天塩町川口","所在":"北海道","所管":"防災科学技術研究所"},"geometry":{"type":"Point","coordinates":[141.75,44.88]}},{"type":"Feature","properties":{"コード":121201,"name":"留萌市大町","所在":"北海道","所管":"気象庁"},"geometry":{"type":"Point","coordinates":[141.63,43.95]}},{"type":"Feature","properties":{"コード":121220,"name":"留萌市幸町","所在":"北海道","所管":"防災科学技術研究所"},"geometry":{"type":"Point","coordinates":[141.64,43.94]}},{"type":"Feature","properties":{"コード":148120,"name":"増毛町見晴町","所在":"北海道","所管":"防災科学技術研究所"},"geometry":{"type":"Point","coordinates":[141.53,43.85]}},{"type":"Feature","properties":{"コード":148121,"name":"増毛町岩尾","所在":"北海道","所管":"防災科学技術研究所"},"geometry":{"type":"Point","coordinates":[141.37,43.77]}},{"type":"Feature","properties":{"コード":148220,"name":"小平町鬼鹿","所在":"北海道","所管":"防災科学技術研究所"},"geometry":{"type":"Point","coordinates":[141.66,44.15]}},{"type":"Feature","properties":{"コード":148221,"name":"小平町達布","所在":"北海道","所管":"防災科学技術研究所"},"geometry":{"type":"Point","coordinates":[141.86,44.05]}},{"type":"Feature","properties":{"コード":121401,"name":"稚内市恵北","所在":"北海道","所管":"気象庁"},"geometry":{"type":"Point","coordinates":[141.89,45.32]}},{"type":"Feature","properties":{"コード":121402,"name":"稚内市開運","所在":"北海道","所管":"気象庁"},"geometry":{"type":"Point","coordinates":[141.68,45.42]}},{"type":"Feature","properties":{"コード":121420,"name":"稚内市中央","所在":"北海道","所管":"防災科学技術研究所"},"geometry":{"type":"Point","coordinates":[141.67,45.42]}},{"type":"Feature","properties":{"コード":121421,"name":"稚内市宗谷岬","所在":"北海道","所管":"防災科学技術研究所"},"geometry":{"type":"Point","coordinates":[141.95,45.51]}},{"type":"Feature","properties":{"コード":121423,"name":"稚内市沼川","所在":"北海道","所管":"防災科学技術研究所"},"geometry":{"type":"Point","coordinates":[141.85,45.25]}},{"type":"Feature","properties":{"コード":151121,"name":"猿払村浅茅野","所在":"北海道","所管":"防災科学技術研究所"},"geometry":{"type":"Point","coordinates":[142.23,45.21]}},{"type":"Feature","properties":{"コード":151122,"name":"猿払村浜鬼志別","所在":"北海道","所管":"防災科学技術研究所"},"geometry":{"type":"Point","coordinates":[142.17,45.33]}},{"type":"Feature","properties":{"コード":151620,"name":"豊富町西６条","所在":"北海道","所管":"防災科学技術研究所"},"geometry":{"type":"Point","coordinates":[141.77,45.1]}},{"type":"Feature","properties":{"コード":152031,"name":"幌延町宮園町","所在":"北海道","所管":"地方公共団体"},"geometry":{"type":"Point","coordinates":[141.85,45.02]}},{"type":"Feature","properties":{"コード":151220,"name":"浜頓別町クッチャロ","所在":"北海道","所管":"防災科学技術研究所"},"geometry":{"type":"Point","coordinates":[142.35,45.13]}},{"type":"Feature","properties":{"コード":151320,"name":"中頓別町中頓別","所在":"北海道","所管":"防災科学技術研究所"},"geometry":{"type":"Point","coordinates":[142.29,44.97]}},{"type":"Feature","properties":{"コード":151401,"name":"宗谷枝幸町岬町","所在":"北海道","所管":"気象庁"},"geometry":{"type":"Point","coordinates":[142.58,44.96]}},{"type":"Feature","properties":{"コード":151403,"name":"宗谷枝幸町本町","所在":"北海道","所管":"気象庁"},"geometry":{"type":"Point","coordinates":[142.59,44.94]}},{"type":"Feature","properties":{"コード":151420,"name":"宗谷枝幸町栄町","所在":"北海道","所管":"防災科学技術研究所"},"geometry":{"type":"Point","coordinates":[142.57,44.94]}},{"type":"Feature","properties":{"コード":151421,"name":"宗谷枝幸町歌登東町","所在":"北海道","所管":"防災科学技術研究所"},"geometry":{"type":"Point","coordinates":[142.48,44.84]}},{"type":"Feature","properties":{"コード":151422,"name":"宗谷枝幸町風烈布","所在":"北海道","所管":"防災科学技術研究所"},"geometry":{"type":"Point","coordinates":[142.76,44.74]}},{"type":"Feature","properties":{"コード":151700,"name":"礼文町上泊埼","所在":"北海道","所管":"気象庁"},"geometry":{"type":"Point","coordinates":[141.07,45.42]}},{"type":"Feature","properties":{"コード":151720,"name":"礼文町香深","所在":"北海道","所管":"防災科学技術研究所"},"geometry":{"type":"Point","coordinates":[141.05,45.3]}},{"type":"Feature","properties":{"コード":151721,"name":"礼文町船泊","所在":"北海道","所管":"防災科学技術研究所"},"geometry":{"type":"Point","coordinates":[141.04,45.44]}},{"type":"Feature","properties":{"コード":151831,"name":"利尻町沓形","所在":"北海道","所管":"地方公共団体"},"geometry":{"type":"Point","coordinates":[141.14,45.19]}},{"type":"Feature","properties":{"コード":151900,"name":"利尻富士町鬼脇","所在":"北海道","所管":"気象庁"},"geometry":{"type":"Point","coordinates":[141.31,45.14]}},{"type":"Feature","properties":{"コード":151920,"name":"利尻富士町鴛泊","所在":"北海道","所管":"防災科学技術研究所"},"geometry":{"type":"Point","coordinates":[141.22,45.25]}},{"type":"Feature","properties":{"コード":121100,"name":"網走市台町","所在":"北海道","所管":"気象庁"},"geometry":{"type":"Point","coordinates":[144.28,44.02]}},{"type":"Feature","properties":{"コード":121121,"name":"網走市北２条","所在":"北海道","所管":"防災科学技術研究所"},"geometry":{"type":"Point","coordinates":[144.26,44.02]}},{"type":"Feature","properties":{"コード":154301,"name":"美幌町東３条","所在":"北海道","所管":"気象庁"},"geometry":{"type":"Point","coordinates":[144.1,43.82]}},{"type":"Feature","properties":{"コード":154420,"name":"津別町幸町","所在":"北海道","所管":"防災科学技術研究所"},"geometry":{"type":"Point","coordinates":[144.03,43.71]}},{"type":"Feature","properties":{"コード":154500,"name":"斜里町本町","所在":"北海道","所管":"気象庁"},"geometry":{"type":"Point","coordinates":[144.67,43.91]}},{"type":"Feature","properties":{"コード":154521,"name":"斜里町ウトロ香川","所在":"北海道","所管":"防災科学技術研究所"},"geometry":{"type":"Point","coordinates":[145,44.07]}},{"type":"Feature","properties":{"コード":154631,"name":"清里町羽衣町","所在":"北海道","所管":"地方公共団体"},"geometry":{"type":"Point","coordinates":[144.59,43.84]}},{"type":"Feature","properties":{"コード":154721,"name":"小清水町小清水","所在":"北海道","所管":"防災科学技術研究所"},"geometry":{"type":"Point","coordinates":[144.46,43.86]}},{"type":"Feature","properties":{"コード":156432,"name":"大空町東藻琴","所在":"北海道","所管":"地方公共団体"},"geometry":{"type":"Point","coordinates":[144.29,43.84]}},{"type":"Feature","properties":{"コード":156433,"name":"大空町女満別西３条","所在":"北海道","所管":"地方公共団体"},"geometry":{"type":"Point","coordinates":[144.17,43.91]}},{"type":"Feature","properties":{"コード":120800,"name":"北見市公園町","所在":"北海道","所管":"気象庁"},"geometry":{"type":"Point","coordinates":[143.9,43.82]}},{"type":"Feature","properties":{"コード":120803,"name":"北見市常呂町東浜","所在":"北海道","所管":"気象庁"},"geometry":{"type":"Point","coordinates":[144.09,44.12]}},{"type":"Feature","properties":{"コード":120804,"name":"北見市留辺蘂町温根湯温泉","所在":"北海道","所管":"気象庁"},"geometry":{"type":"Point","coordinates":[143.51,43.76]}},{"type":"Feature","properties":{"コード":120820,"name":"北見市南仲町","所在":"北海道","所管":"防災科学技術研究所"},"geometry":{"type":"Point","coordinates":[143.9,43.8]}},{"type":"Feature","properties":{"コード":120821,"name":"北見市常呂町常呂","所在":"北海道","所管":"防災科学技術研究所"},"geometry":{"type":"Point","coordinates":[144.07,44.12]}},{"type":"Feature","properties":{"コード":120822,"name":"北見市留辺蘂町栄町","所在":"北海道","所管":"防災科学技術研究所"},"geometry":{"type":"Point","coordinates":[143.61,43.78]}},{"type":"Feature","properties":{"コード":120823,"name":"北見市留辺蘂町富士見","所在":"北海道","所管":"防災科学技術研究所"},"geometry":{"type":"Point","coordinates":[143.31,43.67]}},{"type":"Feature","properties":{"コード":120831,"name":"北見市端野町二区","所在":"北海道","所管":"地方公共団体"},"geometry":{"type":"Point","coordinates":[143.95,43.86]}},{"type":"Feature","properties":{"コード":154931,"name":"訓子府町東町","所在":"北海道","所管":"地方公共団体"},"geometry":{"type":"Point","coordinates":[143.74,43.73]}},{"type":"Feature","properties":{"コード":155020,"name":"置戸町拓殖","所在":"北海道","所管":"防災科学技術研究所"},"geometry":{"type":"Point","coordinates":[143.58,43.67]}},{"type":"Feature","properties":{"コード":155221,"name":"佐呂間町永代町","所在":"北海道","所管":"防災科学技術研究所"},"geometry":{"type":"Point","coordinates":[143.77,44.02]}},{"type":"Feature","properties":{"コード":121901,"name":"紋別市南が丘町","所在":"北海道","所管":"気象庁"},"geometry":{"type":"Point","coordinates":[143.36,44.35]}},{"type":"Feature","properties":{"コード":121921,"name":"紋別市北浜町","所在":"北海道","所管":"防災科学技術研究所"},"geometry":{"type":"Point","coordinates":[143.35,44.37]}},{"type":"Feature","properties":{"コード":155500,"name":"遠軽町丸瀬布金湧山","所在":"北海道","所管":"気象庁"},"geometry":{"type":"Point","coordinates":[143.36,44.01]}},{"type":"Feature","properties":{"コード":155520,"name":"遠軽町学田","所在":"北海道","所管":"防災科学技術研究所"},"geometry":{"type":"Point","coordinates":[143.53,44.09]}},{"type":"Feature","properties":{"コード":155521,"name":"遠軽町白滝","所在":"北海道","所管":"防災科学技術研究所"},"geometry":{"type":"Point","coordinates":[143.17,43.88]}},{"type":"Feature","properties":{"コード":155531,"name":"遠軽町生田原","所在":"北海道","所管":"地方公共団体"},"geometry":{"type":"Point","coordinates":[143.53,43.92]}},{"type":"Feature","properties":{"コード":155920,"name":"湧別町栄町","所在":"北海道","所管":"防災科学技術研究所"},"geometry":{"type":"Point","coordinates":[143.62,44.22]}},{"type":"Feature","properties":{"コード":155931,"name":"湧別町上湧別","所在":"北海道","所管":"地方公共団体"},"geometry":{"type":"Point","coordinates":[143.57,44.15]}},{"type":"Feature","properties":{"コード":156020,"name":"滝上町旭町","所在":"北海道","所管":"防災科学技術研究所"},"geometry":{"type":"Point","coordinates":[143.08,44.19]}},{"type":"Feature","properties":{"コード":156120,"name":"興部町興部","所在":"北海道","所管":"防災科学技術研究所"},"geometry":{"type":"Point","coordinates":[143.13,44.48]}},{"type":"Feature","properties":{"コード":156220,"name":"西興部村西興部","所在":"北海道","所管":"防災科学技術研究所"},"geometry":{"type":"Point","coordinates":[142.95,44.33]}},{"type":"Feature","properties":{"コード":156301,"name":"雄武町雄武","所在":"北海道","所管":"気象庁"},"geometry":{"type":"Point","coordinates":[142.96,44.58]}},{"type":"Feature","properties":{"コード":123300,"name":"胆振伊達市梅本","所在":"北海道","所管":"気象庁"},"geometry":{"type":"Point","coordinates":[140.88,42.47]}},{"type":"Feature","properties":{"コード":123320,"name":"胆振伊達市末永町","所在":"北海道","所管":"防災科学技術研究所"},"geometry":{"type":"Point","coordinates":[140.87,42.47]}},{"type":"Feature","properties":{"コード":123321,"name":"胆振伊達市大滝区本町","所在":"北海道","所管":"防災科学技術研究所"},"geometry":{"type":"Point","coordinates":[141.08,42.67]}},{"type":"Feature","properties":{"コード":157120,"name":"豊浦町大岸","所在":"北海道","所管":"防災科学技術研究所"},"geometry":{"type":"Point","coordinates":[140.64,42.59]}},{"type":"Feature","properties":{"コード":157520,"name":"壮瞥町滝之町","所在":"北海道","所管":"防災科学技術研究所"},"geometry":{"type":"Point","coordinates":[140.89,42.55]}},{"type":"Feature","properties":{"コード":158432,"name":"洞爺湖町栄町","所在":"北海道","所管":"地方公共団体"},"geometry":{"type":"Point","coordinates":[140.76,42.55]}},{"type":"Feature","properties":{"コード":158433,"name":"洞爺湖町洞爺町","所在":"北海道","所管":"地方公共団体"},"geometry":{"type":"Point","coordinates":[140.83,42.65]}},{"type":"Feature","properties":{"コード":120501,"name":"室蘭市山手町","所在":"北海道","所管":"気象庁"},"geometry":{"type":"Point","coordinates":[140.98,42.31]}},{"type":"Feature","properties":{"コード":120520,"name":"室蘭市寿町","所在":"北海道","所管":"防災科学技術研究所"},"geometry":{"type":"Point","coordinates":[141.03,42.35]}},{"type":"Feature","properties":{"コード":121301,"name":"苫小牧市末広町","所在":"北海道","所管":"気象庁"},"geometry":{"type":"Point","coordinates":[141.61,42.64]}},{"type":"Feature","properties":{"コード":121320,"name":"苫小牧市旭町","所在":"北海道","所管":"防災科学技術研究所"},"geometry":{"type":"Point","coordinates":[141.61,42.63]}},{"type":"Feature","properties":{"コード":123000,"name":"登別市鉱山","所在":"北海道","所管":"気象庁"},"geometry":{"type":"Point","coordinates":[141.03,42.47]}},{"type":"Feature","properties":{"コード":123020,"name":"登別市桜木町","所在":"北海道","所管":"防災科学技術研究所"},"geometry":{"type":"Point","coordinates":[141.08,42.42]}},{"type":"Feature","properties":{"コード":157801,"name":"白老町竹浦","所在":"北海道","所管":"気象庁"},"geometry":{"type":"Point","coordinates":[141.25,42.49]}},{"type":"Feature","properties":{"コード":157820,"name":"白老町緑丘","所在":"北海道","所管":"防災科学技術研究所"},"geometry":{"type":"Point","coordinates":[141.35,42.56]}},{"type":"Feature","properties":{"コード":158100,"name":"厚真町鹿沼","所在":"北海道","所管":"気象庁"},"geometry":{"type":"Point","coordinates":[141.92,42.62]}},{"type":"Feature","properties":{"コード":158131,"name":"厚真町京町","所在":"北海道","所管":"地方公共団体"},"geometry":{"type":"Point","coordinates":[141.88,42.72]}},{"type":"Feature","properties":{"コード":158520,"name":"安平町早来北進","所在":"北海道","所管":"防災科学技術研究所"},"geometry":{"type":"Point","coordinates":[141.82,42.77]}},{"type":"Feature","properties":{"コード":158521,"name":"安平町追分柏が丘","所在":"北海道","所管":"防災科学技術研究所"},"geometry":{"type":"Point","coordinates":[141.82,42.87]}},{"type":"Feature","properties":{"コード":158620,"name":"むかわ町松風","所在":"北海道","所管":"防災科学技術研究所"},"geometry":{"type":"Point","coordinates":[141.93,42.57]}},{"type":"Feature","properties":{"コード":158621,"name":"むかわ町穂別","所在":"北海道","所管":"防災科学技術研究所"},"geometry":{"type":"Point","coordinates":[142.13,42.76]}},{"type":"Feature","properties":{"コード":160120,"name":"日高地方日高町日高","所在":"北海道","所管":"防災科学技術研究所"},"geometry":{"type":"Point","coordinates":[142.45,42.88]}},{"type":"Feature","properties":{"コード":160121,"name":"日高地方日高町門別","所在":"北海道","所管":"防災科学技術研究所"},"geometry":{"type":"Point","coordinates":[142.05,42.48]}},{"type":"Feature","properties":{"コード":160200,"name":"平取町仁世宇","所在":"北海道","所管":"気象庁"},"geometry":{"type":"Point","coordinates":[142.36,42.78]}},{"type":"Feature","properties":{"コード":160220,"name":"平取町本町","所在":"北海道","所管":"防災科学技術研究所"},"geometry":{"type":"Point","coordinates":[142.13,42.59]}},{"type":"Feature","properties":{"コード":160221,"name":"平取町振内","所在":"北海道","所管":"防災科学技術研究所"},"geometry":{"type":"Point","coordinates":[142.3,42.73]}},{"type":"Feature","properties":{"コード":160431,"name":"新冠町北星町","所在":"北海道","所管":"地方公共団体"},"geometry":{"type":"Point","coordinates":[142.32,42.36]}},{"type":"Feature","properties":{"コード":161001,"name":"新ひだか町静内山手町","所在":"北海道","所管":"気象庁"},"geometry":{"type":"Point","coordinates":[142.36,42.34]}},{"type":"Feature","properties":{"コード":161002,"name":"新ひだか町静内御園","所在":"北海道","所管":"気象庁"},"geometry":{"type":"Point","coordinates":[142.47,42.41]}},{"type":"Feature","properties":{"コード":161020,"name":"新ひだか町静内御幸町","所在":"北海道","所管":"防災科学技術研究所"},"geometry":{"type":"Point","coordinates":[142.37,42.34]}},{"type":"Feature","properties":{"コード":161021,"name":"新ひだか町三石旭町","所在":"北海道","所管":"防災科学技術研究所"},"geometry":{"type":"Point","coordinates":[142.56,42.25]}},{"type":"Feature","properties":{"コード":161022,"name":"新ひだか町静内農屋","所在":"北海道","所管":"防災科学技術研究所"},"geometry":{"type":"Point","coordinates":[142.5,42.42]}},{"type":"Feature","properties":{"コード":160701,"name":"浦河町野深","所在":"北海道","所管":"気象庁"},"geometry":{"type":"Point","coordinates":[142.75,42.28]}},{"type":"Feature","properties":{"コード":160702,"name":"浦河町潮見","所在":"北海道","所管":"気象庁"},"geometry":{"type":"Point","coordinates":[142.78,42.16]}},{"type":"Feature","properties":{"コード":160720,"name":"浦河町築地","所在":"北海道","所管":"防災科学技術研究所"},"geometry":{"type":"Point","coordinates":[142.77,42.17]}},{"type":"Feature","properties":{"コード":160820,"name":"様似町栄町","所在":"北海道","所管":"防災科学技術研究所"},"geometry":{"type":"Point","coordinates":[142.94,42.13]}},{"type":"Feature","properties":{"コード":160900,"name":"えりも町本町","所在":"北海道","所管":"気象庁"},"geometry":{"type":"Point","coordinates":[143.15,42.02]}},{"type":"Feature","properties":{"コード":160921,"name":"えりも町目黒","所在":"北海道","所管":"防災科学技術研究所"},"geometry":{"type":"Point","coordinates":[143.32,42.13]}},{"type":"Feature","properties":{"コード":160922,"name":"えりも町えりも岬","所在":"北海道","所管":"防災科学技術研究所"},"geometry":{"type":"Point","coordinates":[143.24,41.94]}},{"type":"Feature","properties":{"コード":163320,"name":"上士幌町清水谷","所在":"北海道","所管":"防災科学技術研究所"},"geometry":{"type":"Point","coordinates":[143.3,43.32]}},{"type":"Feature","properties":{"コード":163331,"name":"上士幌町上士幌","所在":"北海道","所管":"地方公共団体"},"geometry":{"type":"Point","coordinates":[143.3,43.23]}},{"type":"Feature","properties":{"コード":163431,"name":"鹿追町東町","所在":"北海道","所管":"地方公共団体"},"geometry":{"type":"Point","coordinates":[142.99,43.1]}},{"type":"Feature","properties":{"コード":163520,"name":"新得町２条","所在":"北海道","所管":"防災科学技術研究所"},"geometry":{"type":"Point","coordinates":[142.84,43.07]}},{"type":"Feature","properties":{"コード":163521,"name":"新得町トムラウシ","所在":"北海道","所管":"防災科学技術研究所"},"geometry":{"type":"Point","coordinates":[142.95,43.33]}},{"type":"Feature","properties":{"コード":164700,"name":"足寄町上螺湾","所在":"北海道","所管":"気象庁"},"geometry":{"type":"Point","coordinates":[143.77,43.3]}},{"type":"Feature","properties":{"コード":164720,"name":"足寄町南１条","所在":"北海道","所管":"防災科学技術研究所"},"geometry":{"type":"Point","coordinates":[143.55,43.24]}},{"type":"Feature","properties":{"コード":164820,"name":"陸別町陸別","所在":"北海道","所管":"防災科学技術研究所"},"geometry":{"type":"Point","coordinates":[143.75,43.47]}},{"type":"Feature","properties":{"コード":120700,"name":"帯広市東４条","所在":"北海道","所管":"気象庁"},"geometry":{"type":"Point","coordinates":[143.21,42.92]}},{"type":"Feature","properties":{"コード":120720,"name":"帯広市東６条","所在":"北海道","所管":"防災科学技術研究所"},"geometry":{"type":"Point","coordinates":[143.21,42.93]}},{"type":"Feature","properties":{"コード":163131,"name":"音更町元町","所在":"北海道","所管":"地方公共団体"},"geometry":{"type":"Point","coordinates":[143.2,42.99]}},{"type":"Feature","properties":{"コード":163220,"name":"士幌町士幌","所在":"北海道","所管":"防災科学技術研究所"},"geometry":{"type":"Point","coordinates":[143.24,43.17]}},{"type":"Feature","properties":{"コード":163600,"name":"十勝清水町南４条","所在":"北海道","所管":"気象庁"},"geometry":{"type":"Point","coordinates":[142.88,43.01]}},{"type":"Feature","properties":{"コード":163732,"name":"芽室町東２条","所在":"北海道","所管":"地方公共団体"},"geometry":{"type":"Point","coordinates":[143.05,42.91]}},{"type":"Feature","properties":{"コード":164300,"name":"幕別町忠類明和","所在":"北海道","所管":"気象庁"},"geometry":{"type":"Point","coordinates":[143.36,42.62]}},{"type":"Feature","properties":{"コード":164333,"name":"幕別町忠類錦町","所在":"北海道","所管":"地方公共団体"},"geometry":{"type":"Point","coordinates":[143.31,42.57]}},{"type":"Feature","properties":{"コード":164334,"name":"幕別町本町","所在":"北海道","所管":"地方公共団体"},"geometry":{"type":"Point","coordinates":[143.36,42.91]}},{"type":"Feature","properties":{"コード":164420,"name":"十勝池田町西１条","所在":"北海道","所管":"防災科学技術研究所"},"geometry":{"type":"Point","coordinates":[143.45,42.93]}},{"type":"Feature","properties":{"コード":164531,"name":"豊頃町茂岩本町","所在":"北海道","所管":"地方公共団体"},"geometry":{"type":"Point","coordinates":[143.51,42.8]}},{"type":"Feature","properties":{"コード":164600,"name":"本別町北２丁目","所在":"北海道","所管":"気象庁"},"geometry":{"type":"Point","coordinates":[143.61,43.12]}},{"type":"Feature","properties":{"コード":164620,"name":"本別町向陽町","所在":"北海道","所管":"防災科学技術研究所"},"geometry":{"type":"Point","coordinates":[143.62,43.12]}},{"type":"Feature","properties":{"コード":164920,"name":"浦幌町桜町","所在":"北海道","所管":"防災科学技術研究所"},"geometry":{"type":"Point","coordinates":[143.66,42.81]}},{"type":"Feature","properties":{"コード":163820,"name":"中札内村東２条","所在":"北海道","所管":"防災科学技術研究所"},"geometry":{"type":"Point","coordinates":[143.14,42.7]}},{"type":"Feature","properties":{"コード":163931,"name":"更別村更別","所在":"北海道","所管":"地方公共団体"},"geometry":{"type":"Point","coordinates":[143.19,42.65]}},{"type":"Feature","properties":{"コード":164120,"name":"十勝大樹町東本通","所在":"北海道","所管":"防災科学技術研究所"},"geometry":{"type":"Point","coordinates":[143.28,42.5]}},{"type":"Feature","properties":{"コード":164121,"name":"十勝大樹町生花","所在":"北海道","所管":"防災科学技術研究所"},"geometry":{"type":"Point","coordinates":[143.42,42.62]}},{"type":"Feature","properties":{"コード":164200,"name":"広尾町並木通","所在":"北海道","所管":"気象庁"},"geometry":{"type":"Point","coordinates":[143.32,42.29]}},{"type":"Feature","properties":{"コード":164201,"name":"広尾町白樺通","所在":"北海道","所管":"気象庁"},"geometry":{"type":"Point","coordinates":[143.3,42.29]}},{"type":"Feature","properties":{"コード":166501,"name":"弟子屈町美里","所在":"北海道","所管":"気象庁"},"geometry":{"type":"Point","coordinates":[144.44,43.48]}},{"type":"Feature","properties":{"コード":166520,"name":"弟子屈町弟子屈","所在":"北海道","所管":"防災科学技術研究所"},"geometry":{"type":"Point","coordinates":[144.45,43.51]}},{"type":"Feature","properties":{"コード":166521,"name":"弟子屈町サワンチサップ","所在":"北海道","所管":"防災科学技術研究所"},"geometry":{"type":"Point","coordinates":[144.39,43.64]}},{"type":"Feature","properties":{"コード":120601,"name":"釧路市幸町","所在":"北海道","所管":"気象庁"},"geometry":{"type":"Point","coordinates":[144.38,42.99]}},{"type":"Feature","properties":{"コード":120602,"name":"釧路市音別町尺別","所在":"北海道","所管":"気象庁"},"geometry":{"type":"Point","coordinates":[143.83,42.91]}},{"type":"Feature","properties":{"コード":120620,"name":"釧路市黒金町","所在":"北海道","所管":"防災科学技術研究所"},"geometry":{"type":"Point","coordinates":[144.38,42.98]}},{"type":"Feature","properties":{"コード":120621,"name":"釧路市阿寒町中央","所在":"北海道","所管":"防災科学技術研究所"},"geometry":{"type":"Point","coordinates":[144.12,43.11]}},{"type":"Feature","properties":{"コード":120623,"name":"釧路市阿寒町阿寒湖温泉","所在":"北海道","所管":"防災科学技術研究所"},"geometry":{"type":"Point","coordinates":[144.09,43.44]}},{"type":"Feature","properties":{"コード":120641,"name":"釧路市音別町中園","所在":"北海道","所管":"地方公共団体"},"geometry":{"type":"Point","coordinates":[143.93,42.89]}},{"type":"Feature","properties":{"コード":166131,"name":"釧路町別保","所在":"北海道","所管":"地方公共団体"},"geometry":{"type":"Point","coordinates":[144.47,43]}},{"type":"Feature","properties":{"コード":166200,"name":"厚岸町尾幌","所在":"北海道","所管":"気象庁"},"geometry":{"type":"Point","coordinates":[144.69,43]}},{"type":"Feature","properties":{"コード":166220,"name":"厚岸町真栄","所在":"北海道","所管":"防災科学技術研究所"},"geometry":{"type":"Point","coordinates":[144.85,43.05]}},{"type":"Feature","properties":{"コード":166300,"name":"浜中町湯沸","所在":"北海道","所管":"気象庁"},"geometry":{"type":"Point","coordinates":[145.16,43.08]}},{"type":"Feature","properties":{"コード":166321,"name":"浜中町茶内","所在":"北海道","所管":"防災科学技術研究所"},"geometry":{"type":"Point","coordinates":[145.03,43.13]}},{"type":"Feature","properties":{"コード":166420,"name":"標茶町川上","所在":"北海道","所管":"防災科学技術研究所"},"geometry":{"type":"Point","coordinates":[144.6,43.3]}},{"type":"Feature","properties":{"コード":166421,"name":"標茶町塘路","所在":"北海道","所管":"防災科学技術研究所"},"geometry":{"type":"Point","coordinates":[144.5,43.15]}},{"type":"Feature","properties":{"コード":166720,"name":"鶴居村鶴居東","所在":"北海道","所管":"防災科学技術研究所"},"geometry":{"type":"Point","coordinates":[144.33,43.23]}},{"type":"Feature","properties":{"コード":166820,"name":"白糠町西１条","所在":"北海道","所管":"防災科学技術研究所"},"geometry":{"type":"Point","coordinates":[144.07,42.96]}},{"type":"Feature","properties":{"コード":169200,"name":"中標津町養老牛","所在":"北海道","所管":"気象庁"},"geometry":{"type":"Point","coordinates":[144.72,43.59]}},{"type":"Feature","properties":{"コード":169220,"name":"中標津町丸山","所在":"北海道","所管":"防災科学技術研究所"},"geometry":{"type":"Point","coordinates":[144.97,43.55]}},{"type":"Feature","properties":{"コード":169300,"name":"標津町古多糠","所在":"北海道","所管":"気象庁"},"geometry":{"type":"Point","coordinates":[145,43.78]}},{"type":"Feature","properties":{"コード":169320,"name":"標津町北２条","所在":"北海道","所管":"防災科学技術研究所"},"geometry":{"type":"Point","coordinates":[145.13,43.66]}},{"type":"Feature","properties":{"コード":169321,"name":"標津町薫別","所在":"北海道","所管":"防災科学技術研究所"},"geometry":{"type":"Point","coordinates":[145.06,43.79]}},{"type":"Feature","properties":{"コード":169400,"name":"羅臼町春日","所在":"北海道","所管":"気象庁"},"geometry":{"type":"Point","coordinates":[145.12,43.94]}},{"type":"Feature","properties":{"コード":169420,"name":"羅臼町緑町","所在":"北海道","所管":"防災科学技術研究所"},"geometry":{"type":"Point","coordinates":[145.19,44.02]}},{"type":"Feature","properties":{"コード":169421,"name":"羅臼町岬町","所在":"北海道","所管":"防災科学技術研究所"},"geometry":{"type":"Point","coordinates":[145.25,44.11]}},{"type":"Feature","properties":{"コード":169100,"name":"別海町常盤","所在":"北海道","所管":"気象庁"},"geometry":{"type":"Point","coordinates":[145.12,43.39]}},{"type":"Feature","properties":{"コード":169120,"name":"別海町西春別","所在":"北海道","所管":"防災科学技術研究所"},"geometry":{"type":"Point","coordinates":[144.77,43.41]}},{"type":"Feature","properties":{"コード":169122,"name":"別海町本別海","所在":"北海道","所管":"防災科学技術研究所"},"geometry":{"type":"Point","coordinates":[145.28,43.39]}},{"type":"Feature","properties":{"コード":122300,"name":"根室市弥栄","所在":"北海道","所管":"気象庁"},"geometry":{"type":"Point","coordinates":[145.59,43.33]}},{"type":"Feature","properties":{"コード":122301,"name":"根室市豊里","所在":"北海道","所管":"気象庁"},"geometry":{"type":"Point","coordinates":[145.74,43.37]}},{"type":"Feature","properties":{"コード":122320,"name":"根室市牧の内","所在":"北海道","所管":"防災科学技術研究所"},"geometry":{"type":"Point","coordinates":[145.6,43.33]}},{"type":"Feature","properties":{"コード":122321,"name":"根室市厚床","所在":"北海道","所管":"防災科学技術研究所"},"geometry":{"type":"Point","coordinates":[145.26,43.23]}},{"type":"Feature","properties":{"コード":122322,"name":"根室市落石東","所在":"北海道","所管":"防災科学技術研究所"},"geometry":{"type":"Point","coordinates":[145.52,43.19]}},{"type":"Feature","properties":{"コード":122323,"name":"根室市珸瑤瑁","所在":"北海道","所管":"防災科学技術研究所"},"geometry":{"type":"Point","coordinates":[145.8,43.37]}},{"type":"Feature","properties":{"コード":220100,"name":"青森市花園","所在":"青森県","所管":"気象庁"},"geometry":{"type":"Point","coordinates":[140.77,40.82]}},{"type":"Feature","properties":{"コード":220120,"name":"青森市中央","所在":"青森県","所管":"防災科学技術研究所"},"geometry":{"type":"Point","coordinates":[140.75,40.82]}},{"type":"Feature","properties":{"コード":220130,"name":"青森市浪岡","所在":"青森県","所管":"地方公共団体"},"geometry":{"type":"Point","coordinates":[140.6,40.71]}},{"type":"Feature","properties":{"コード":220500,"name":"五所川原市栄町","所在":"青森県","所管":"気象庁"},"geometry":{"type":"Point","coordinates":[140.44,40.8]}},{"type":"Feature","properties":{"コード":220501,"name":"五所川原市太田","所在":"青森県","所管":"気象庁"},"geometry":{"type":"Point","coordinates":[140.41,41.06]}},{"type":"Feature","properties":{"コード":220520,"name":"五所川原市敷島町","所在":"青森県","所管":"防災科学技術研究所"},"geometry":{"type":"Point","coordinates":[140.45,40.82]}},{"type":"Feature","properties":{"コード":220533,"name":"五所川原市相内","所在":"青森県","所管":"地方公共団体"},"geometry":{"type":"Point","coordinates":[140.35,41.06]}},{"type":"Feature","properties":{"コード":220534,"name":"五所川原市金木町","所在":"青森県","所管":"地方公共団体"},"geometry":{"type":"Point","coordinates":[140.46,40.9]}},{"type":"Feature","properties":{"コード":220932,"name":"つがる市柏","所在":"青森県","所管":"地方公共団体"},"geometry":{"type":"Point","coordinates":[140.41,40.79]}},{"type":"Feature","properties":{"コード":220936,"name":"つがる市森田町","所在":"青森県","所管":"地方公共団体"},"geometry":{"type":"Point","coordinates":[140.33,40.78]}},{"type":"Feature","properties":{"コード":220938,"name":"つがる市稲垣町","所在":"青森県","所管":"地方公共団体"},"geometry":{"type":"Point","coordinates":[140.4,40.88]}},{"type":"Feature","properties":{"コード":220939,"name":"つがる市車力町","所在":"青森県","所管":"地方公共団体"},"geometry":{"type":"Point","coordinates":[140.36,40.95]}},{"type":"Feature","properties":{"コード":220940,"name":"つがる市木造","所在":"青森県","所管":"地方公共団体"},"geometry":{"type":"Point","coordinates":[140.38,40.81]}},{"type":"Feature","properties":{"コード":230100,"name":"平内町小湊","所在":"青森県","所管":"気象庁"},"geometry":{"type":"Point","coordinates":[140.95,40.93]}},{"type":"Feature","properties":{"コード":230120,"name":"平内町東田沢","所在":"青森県","所管":"防災科学技術研究所"},"geometry":{"type":"Point","coordinates":[140.92,40.99]}},{"type":"Feature","properties":{"コード":230330,"name":"今別町今別","所在":"青森県","所管":"地方公共団体"},"geometry":{"type":"Point","coordinates":[140.48,41.18]}},{"type":"Feature","properties":{"コード":230430,"name":"蓬田村蓬田","所在":"青森県","所管":"地方公共団体"},"geometry":{"type":"Point","coordinates":[140.66,40.97]}},{"type":"Feature","properties":{"コード":230733,"name":"外ヶ浜町平舘","所在":"青森県","所管":"地方公共団体"},"geometry":{"type":"Point","coordinates":[140.63,41.15]}},{"type":"Feature","properties":{"コード":230734,"name":"外ヶ浜町三厩","所在":"青森県","所管":"地方公共団体"},"geometry":{"type":"Point","coordinates":[140.43,41.19]}},{"type":"Feature","properties":{"コード":230735,"name":"外ヶ浜町蟹田","所在":"青森県","所管":"地方公共団体"},"geometry":{"type":"Point","coordinates":[140.63,41.04]}},{"type":"Feature","properties":{"コード":238132,"name":"板柳町板柳","所在":"青森県","所管":"地方公共団体"},"geometry":{"type":"Point","coordinates":[140.46,40.7]}},{"type":"Feature","properties":{"コード":238430,"name":"鶴田町鶴田","所在":"青森県","所管":"地方公共団体"},"geometry":{"type":"Point","coordinates":[140.43,40.76]}},{"type":"Feature","properties":{"コード":238733,"name":"中泊町小泊","所在":"青森県","所管":"地方公共団体"},"geometry":{"type":"Point","coordinates":[140.3,41.13]}},{"type":"Feature","properties":{"コード":238734,"name":"中泊町中里","所在":"青森県","所管":"地方公共団体"},"geometry":{"type":"Point","coordinates":[140.43,40.96]}},{"type":"Feature","properties":{"コード":220200,"name":"弘前市和田町","所在":"青森県","所管":"気象庁"},"geometry":{"type":"Point","coordinates":[140.46,40.61]}},{"type":"Feature","properties":{"コード":220201,"name":"弘前市弥生","所在":"青森県","所管":"気象庁"},"geometry":{"type":"Point","coordinates":[140.36,40.65]}},{"type":"Feature","properties":{"コード":220220,"name":"弘前市城東中央","所在":"青森県","所管":"防災科学技術研究所"},"geometry":{"type":"Point","coordinates":[140.5,40.6]}},{"type":"Feature","properties":{"コード":220230,"name":"弘前市賀田","所在":"青森県","所管":"地方公共団体"},"geometry":{"type":"Point","coordinates":[140.42,40.62]}},{"type":"Feature","properties":{"コード":220232,"name":"弘前市五所","所在":"青森県","所管":"地方公共団体"},"geometry":{"type":"Point","coordinates":[140.4,40.59]}},{"type":"Feature","properties":{"コード":220430,"name":"黒石市市ノ町","所在":"青森県","所管":"地方公共団体"},"geometry":{"type":"Point","coordinates":[140.59,40.64]}},{"type":"Feature","properties":{"コード":221030,"name":"平川市猿賀","所在":"青森県","所管":"地方公共団体"},"geometry":{"type":"Point","coordinates":[140.57,40.62]}},{"type":"Feature","properties":{"コード":221033,"name":"平川市碇ヶ関","所在":"青森県","所管":"地方公共団体"},"geometry":{"type":"Point","coordinates":[140.63,40.47]}},{"type":"Feature","properties":{"コード":221034,"name":"平川市柏木町","所在":"青森県","所管":"地方公共団体"},"geometry":{"type":"Point","coordinates":[140.57,40.58]}},{"type":"Feature","properties":{"コード":232101,"name":"鰺ヶ沢町舞戸町鳴戸","所在":"青森県","所管":"気象庁"},"geometry":{"type":"Point","coordinates":[140.23,40.78]}},{"type":"Feature","properties":{"コード":232120,"name":"鰺ヶ沢町舞戸町小夜","所在":"青森県","所管":"防災科学技術研究所"},"geometry":{"type":"Point","coordinates":[140.21,40.78]}},{"type":"Feature","properties":{"コード":232301,"name":"深浦町長慶平","所在":"青森県","所管":"気象庁"},"geometry":{"type":"Point","coordinates":[140,40.6]}},{"type":"Feature","properties":{"コード":232302,"name":"深浦町深浦岡町","所在":"青森県","所管":"気象庁"},"geometry":{"type":"Point","coordinates":[139.93,40.65]}},{"type":"Feature","properties":{"コード":232320,"name":"深浦町深浦中沢","所在":"青森県","所管":"防災科学技術研究所"},"geometry":{"type":"Point","coordinates":[139.93,40.64]}},{"type":"Feature","properties":{"コード":232332,"name":"深浦町岩崎","所在":"青森県","所管":"地方公共団体"},"geometry":{"type":"Point","coordinates":[139.93,40.58]}},{"type":"Feature","properties":{"コード":234331,"name":"西目屋村田代","所在":"青森県","所管":"地方公共団体"},"geometry":{"type":"Point","coordinates":[140.3,40.58]}},{"type":"Feature","properties":{"コード":236130,"name":"藤崎町西豊田","所在":"青森県","所管":"地方公共団体"},"geometry":{"type":"Point","coordinates":[140.5,40.66]}},{"type":"Feature","properties":{"コード":236132,"name":"藤崎町水木","所在":"青森県","所管":"地方公共団体"},"geometry":{"type":"Point","coordinates":[140.54,40.67]}},{"type":"Feature","properties":{"コード":236230,"name":"大鰐町大鰐","所在":"青森県","所管":"地方公共団体"},"geometry":{"type":"Point","coordinates":[140.57,40.52]}},{"type":"Feature","properties":{"コード":236731,"name":"田舎館村田舎館","所在":"青森県","所管":"地方公共団体"},"geometry":{"type":"Point","coordinates":[140.55,40.63]}},{"type":"Feature","properties":{"コード":220301,"name":"八戸市島守","所在":"青森県","所管":"気象庁"},"geometry":{"type":"Point","coordinates":[141.51,40.38]}},{"type":"Feature","properties":{"コード":220302,"name":"八戸市湊町","所在":"青森県","所管":"気象庁"},"geometry":{"type":"Point","coordinates":[141.52,40.53]}},{"type":"Feature","properties":{"コード":220320,"name":"八戸市内丸","所在":"青森県","所管":"防災科学技術研究所"},"geometry":{"type":"Point","coordinates":[141.49,40.51]}},{"type":"Feature","properties":{"コード":220331,"name":"八戸市南郷","所在":"青森県","所管":"地方公共団体"},"geometry":{"type":"Point","coordinates":[141.44,40.4]}},{"type":"Feature","properties":{"コード":220621,"name":"十和田市西二番町","所在":"青森県","所管":"防災科学技術研究所"},"geometry":{"type":"Point","coordinates":[141.21,40.62]}},{"type":"Feature","properties":{"コード":220630,"name":"十和田市西十二番町","所在":"青森県","所管":"地方公共団体"},"geometry":{"type":"Point","coordinates":[141.21,40.61]}},{"type":"Feature","properties":{"コード":220632,"name":"十和田市奥瀬","所在":"青森県","所管":"地方公共団体"},"geometry":{"type":"Point","coordinates":[141.11,40.59]}},{"type":"Feature","properties":{"コード":220731,"name":"三沢市桜町","所在":"青森県","所管":"地方公共団体"},"geometry":{"type":"Point","coordinates":[141.37,40.68]}},{"type":"Feature","properties":{"コード":240120,"name":"野辺地町田狭沢","所在":"青森県","所管":"防災科学技術研究所"},"geometry":{"type":"Point","coordinates":[141.14,40.87]}},{"type":"Feature","properties":{"コード":240131,"name":"野辺地町野辺地","所在":"青森県","所管":"地方公共団体"},"geometry":{"type":"Point","coordinates":[141.13,40.86]}},{"type":"Feature","properties":{"コード":240200,"name":"七戸町北天間舘","所在":"青森県","所管":"気象庁"},"geometry":{"type":"Point","coordinates":[141.06,40.79]}},{"type":"Feature","properties":{"コード":240231,"name":"七戸町森ノ上","所在":"青森県","所管":"地方公共団体"},"geometry":{"type":"Point","coordinates":[141.16,40.74]}},{"type":"Feature","properties":{"コード":240232,"name":"七戸町七戸","所在":"青森県","所管":"地方公共団体"},"geometry":{"type":"Point","coordinates":[141.15,40.7]}},{"type":"Feature","properties":{"コード":240531,"name":"六戸町犬落瀬","所在":"青森県","所管":"地方公共団体"},"geometry":{"type":"Point","coordinates":[141.33,40.61]}},{"type":"Feature","properties":{"コード":240620,"name":"横浜町林ノ脇","所在":"青森県","所管":"防災科学技術研究所"},"geometry":{"type":"Point","coordinates":[141.26,41.08]}},{"type":"Feature","properties":{"コード":240630,"name":"横浜町寺下","所在":"青森県","所管":"地方公共団体"},"geometry":{"type":"Point","coordinates":[141.25,41.08]}},{"type":"Feature","properties":{"コード":240831,"name":"東北町上北南","所在":"青森県","所管":"地方公共団体"},"geometry":{"type":"Point","coordinates":[141.26,40.73]}},{"type":"Feature","properties":{"コード":240832,"name":"東北町塔ノ沢山","所在":"青森県","所管":"地方公共団体"},"geometry":{"type":"Point","coordinates":[141.22,40.78]}},{"type":"Feature","properties":{"コード":241100,"name":"六ヶ所村尾駮","所在":"青森県","所管":"気象庁"},"geometry":{"type":"Point","coordinates":[141.37,40.97]}},{"type":"Feature","properties":{"コード":241101,"name":"六ヶ所村出戸","所在":"青森県","所管":"気象庁"},"geometry":{"type":"Point","coordinates":[141.37,41.01]}},{"type":"Feature","properties":{"コード":241231,"name":"おいらせ町中下田","所在":"青森県","所管":"地方公共団体"},"geometry":{"type":"Point","coordinates":[141.4,40.6]}},{"type":"Feature","properties":{"コード":241232,"name":"おいらせ町上明堂","所在":"青森県","所管":"地方公共団体"},"geometry":{"type":"Point","coordinates":[141.43,40.6]}},{"type":"Feature","properties":{"コード":244131,"name":"三戸町在府小路町","所在":"青森県","所管":"地方公共団体"},"geometry":{"type":"Point","coordinates":[141.26,40.38]}},{"type":"Feature","properties":{"コード":244200,"name":"五戸町古舘","所在":"青森県","所管":"気象庁"},"geometry":{"type":"Point","coordinates":[141.31,40.53]}},{"type":"Feature","properties":{"コード":244231,"name":"五戸町倉石中市","所在":"青森県","所管":"地方公共団体"},"geometry":{"type":"Point","coordinates":[141.25,40.51]}},{"type":"Feature","properties":{"コード":244331,"name":"田子町田子","所在":"青森県","所管":"地方公共団体"},"geometry":{"type":"Point","coordinates":[141.15,40.34]}},{"type":"Feature","properties":{"コード":244530,"name":"青森南部町沖田面","所在":"青森県","所管":"地方公共団体"},"geometry":{"type":"Point","coordinates":[141.28,40.41]}},{"type":"Feature","properties":{"コード":244534,"name":"青森南部町苫米地","所在":"青森県","所管":"地方公共団体"},"geometry":{"type":"Point","coordinates":[141.38,40.47]}},{"type":"Feature","properties":{"コード":244536,"name":"青森南部町平","所在":"青森県","所管":"地方公共団体"},"geometry":{"type":"Point","coordinates":[141.33,40.42]}},{"type":"Feature","properties":{"コード":244632,"name":"階上町道仏","所在":"青森県","所管":"地方公共団体"},"geometry":{"type":"Point","coordinates":[141.62,40.45]}},{"type":"Feature","properties":{"コード":245031,"name":"新郷村戸来","所在":"青森県","所管":"地方公共団体"},"geometry":{"type":"Point","coordinates":[141.17,40.47]}},{"type":"Feature","properties":{"コード":220800,"name":"むつ市金曲","所在":"青森県","所管":"気象庁"},"geometry":{"type":"Point","coordinates":[141.21,41.28]}},{"type":"Feature","properties":{"コード":220801,"name":"むつ市大畑町奥薬研","所在":"青森県","所管":"気象庁"},"geometry":{"type":"Point","coordinates":[141.04,41.38]}},{"type":"Feature","properties":{"コード":220820,"name":"むつ市金谷","所在":"青森県","所管":"防災科学技術研究所"},"geometry":{"type":"Point","coordinates":[141.2,41.29]}},{"type":"Feature","properties":{"コード":220824,"name":"むつ市大畑町中島","所在":"青森県","所管":"防災科学技術研究所"},"geometry":{"type":"Point","coordinates":[141.17,41.41]}},{"type":"Feature","properties":{"コード":220830,"name":"むつ市川内町","所在":"青森県","所管":"地方公共団体"},"geometry":{"type":"Point","coordinates":[141,41.2]}},{"type":"Feature","properties":{"コード":220832,"name":"むつ市脇野沢","所在":"青森県","所管":"地方公共団体"},"geometry":{"type":"Point","coordinates":[140.81,41.15]}},{"type":"Feature","properties":{"コード":242331,"name":"大間町大間","所在":"青森県","所管":"地方公共団体"},"geometry":{"type":"Point","coordinates":[140.91,41.52]}},{"type":"Feature","properties":{"コード":242400,"name":"東通村砂子又蒲谷地","所在":"青森県","所管":"気象庁"},"geometry":{"type":"Point","coordinates":[141.34,41.27]}},{"type":"Feature","properties":{"コード":242420,"name":"東通村尻屋","所在":"青森県","所管":"防災科学技術研究所"},"geometry":{"type":"Point","coordinates":[141.45,41.41]}},{"type":"Feature","properties":{"コード":242422,"name":"東通村白糠","所在":"青森県","所管":"防災科学技術研究所"},"geometry":{"type":"Point","coordinates":[141.38,41.17]}},{"type":"Feature","properties":{"コード":242431,"name":"東通村砂子又沢内","所在":"青森県","所管":"地方公共団体"},"geometry":{"type":"Point","coordinates":[141.33,41.28]}},{"type":"Feature","properties":{"コード":242530,"name":"風間浦村易国間","所在":"青森県","所管":"地方公共団体"},"geometry":{"type":"Point","coordinates":[141,41.49]}},{"type":"Feature","properties":{"コード":242620,"name":"佐井村長後","所在":"青森県","所管":"防災科学技術研究所"},"geometry":{"type":"Point","coordinates":[140.81,41.33]}},{"type":"Feature","properties":{"コード":242631,"name":"佐井村佐井","所在":"青森県","所管":"地方公共団体"},"geometry":{"type":"Point","coordinates":[140.86,41.43]}},{"type":"Feature","properties":{"コード":320200,"name":"宮古市鍬ヶ崎","所在":"岩手県","所管":"気象庁"},"geometry":{"type":"Point","coordinates":[141.97,39.65]}},{"type":"Feature","properties":{"コード":320201,"name":"宮古市長沢","所在":"岩手県","所管":"気象庁"},"geometry":{"type":"Point","coordinates":[141.82,39.58]}},{"type":"Feature","properties":{"コード":320220,"name":"宮古市五月町","所在":"岩手県","所管":"防災科学技術研究所"},"geometry":{"type":"Point","coordinates":[141.95,39.65]}},{"type":"Feature","properties":{"コード":320222,"name":"宮古市川井","所在":"岩手県","所管":"防災科学技術研究所"},"geometry":{"type":"Point","coordinates":[141.68,39.6]}},{"type":"Feature","properties":{"コード":320223,"name":"宮古市区界","所在":"岩手県","所管":"防災科学技術研究所"},"geometry":{"type":"Point","coordinates":[141.44,39.63]}},{"type":"Feature","properties":{"コード":320224,"name":"宮古市田老","所在":"岩手県","所管":"防災科学技術研究所"},"geometry":{"type":"Point","coordinates":[141.97,39.74]}},{"type":"Feature","properties":{"コード":320230,"name":"宮古市茂市","所在":"岩手県","所管":"地方公共団体"},"geometry":{"type":"Point","coordinates":[141.79,39.63]}},{"type":"Feature","properties":{"コード":320700,"name":"久慈市川崎町","所在":"岩手県","所管":"気象庁"},"geometry":{"type":"Point","coordinates":[141.78,40.19]}},{"type":"Feature","properties":{"コード":320701,"name":"久慈市枝成沢","所在":"岩手県","所管":"気象庁"},"geometry":{"type":"Point","coordinates":[141.71,40.21]}},{"type":"Feature","properties":{"コード":320720,"name":"久慈市長内町","所在":"岩手県","所管":"防災科学技術研究所"},"geometry":{"type":"Point","coordinates":[141.76,40.18]}},{"type":"Feature","properties":{"コード":320731,"name":"久慈市山形町","所在":"岩手県","所管":"地方公共団体"},"geometry":{"type":"Point","coordinates":[141.57,40.15]}},{"type":"Feature","properties":{"コード":348201,"name":"山田町八幡町","所在":"岩手県","所管":"気象庁"},"geometry":{"type":"Point","coordinates":[141.95,39.47]}},{"type":"Feature","properties":{"コード":348221,"name":"山田町大沢","所在":"岩手県","所管":"防災科学技術研究所"},"geometry":{"type":"Point","coordinates":[141.97,39.49]}},{"type":"Feature","properties":{"コード":348320,"name":"岩泉町大川","所在":"岩手県","所管":"防災科学技術研究所"},"geometry":{"type":"Point","coordinates":[141.66,39.8]}},{"type":"Feature","properties":{"コード":348330,"name":"岩泉町岩泉","所在":"岩手県","所管":"地方公共団体"},"geometry":{"type":"Point","coordinates":[141.8,39.84]}},{"type":"Feature","properties":{"コード":348400,"name":"田野畑村田野畑","所在":"岩手県","所管":"気象庁"},"geometry":{"type":"Point","coordinates":[141.86,39.94]}},{"type":"Feature","properties":{"コード":348430,"name":"田野畑村役場","所在":"岩手県","所管":"地方公共団体"},"geometry":{"type":"Point","coordinates":[141.89,39.93]}},{"type":"Feature","properties":{"コード":348532,"name":"普代村銅屋","所在":"岩手県","所管":"地方公共団体"},"geometry":{"type":"Point","coordinates":[141.89,40.01]}},{"type":"Feature","properties":{"コード":350330,"name":"野田村野田","所在":"岩手県","所管":"地方公共団体"},"geometry":{"type":"Point","coordinates":[141.82,40.11]}},{"type":"Feature","properties":{"コード":350700,"name":"岩手洋野町種市","所在":"岩手県","所管":"気象庁"},"geometry":{"type":"Point","coordinates":[141.72,40.41]}},{"type":"Feature","properties":{"コード":350731,"name":"岩手洋野町大野","所在":"岩手県","所管":"地方公共団体"},"geometry":{"type":"Point","coordinates":[141.62,40.28]}},{"type":"Feature","properties":{"コード":320300,"name":"大船渡市大船渡町","所在":"岩手県","所管":"気象庁"},"geometry":{"type":"Point","coordinates":[141.71,39.07]}},{"type":"Feature","properties":{"コード":320301,"name":"大船渡市猪川町","所在":"岩手県","所管":"気象庁"},"geometry":{"type":"Point","coordinates":[141.66,39.08]}},{"type":"Feature","properties":{"コード":320320,"name":"大船渡市盛町","所在":"岩手県","所管":"防災科学技術研究所"},"geometry":{"type":"Point","coordinates":[141.71,39.08]}},{"type":"Feature","properties":{"コード":321033,"name":"陸前高田市高田町","所在":"岩手県","所管":"地方公共団体"},"geometry":{"type":"Point","coordinates":[141.62,39.03]}},{"type":"Feature","properties":{"コード":321100,"name":"釜石市只越町","所在":"岩手県","所管":"気象庁"},"geometry":{"type":"Point","coordinates":[141.89,39.28]}},{"type":"Feature","properties":{"コード":321120,"name":"釜石市中妻町","所在":"岩手県","所管":"防災科学技術研究所"},"geometry":{"type":"Point","coordinates":[141.86,39.27]}},{"type":"Feature","properties":{"コード":344131,"name":"住田町世田米","所在":"岩手県","所管":"地方公共団体"},"geometry":{"type":"Point","coordinates":[141.58,39.14]}},{"type":"Feature","properties":{"コード":346133,"name":"大槌町上町","所在":"岩手県","所管":"地方公共団体"},"geometry":{"type":"Point","coordinates":[141.9,39.36]}},{"type":"Feature","properties":{"コード":320100,"name":"盛岡市山王町","所在":"岩手県","所管":"気象庁"},"geometry":{"type":"Point","coordinates":[141.17,39.7]}},{"type":"Feature","properties":{"コード":320120,"name":"盛岡市馬場町","所在":"岩手県","所管":"防災科学技術研究所"},"geometry":{"type":"Point","coordinates":[141.15,39.7]}},{"type":"Feature","properties":{"コード":320121,"name":"盛岡市薮川","所在":"岩手県","所管":"防災科学技術研究所"},"geometry":{"type":"Point","coordinates":[141.33,39.78]}},{"type":"Feature","properties":{"コード":320130,"name":"盛岡市渋民","所在":"岩手県","所管":"地方公共団体"},"geometry":{"type":"Point","coordinates":[141.17,39.85]}},{"type":"Feature","properties":{"コード":321301,"name":"二戸市福岡","所在":"岩手県","所管":"気象庁"},"geometry":{"type":"Point","coordinates":[141.3,40.27]}},{"type":"Feature","properties":{"コード":321321,"name":"二戸市石切所","所在":"岩手県","所管":"防災科学技術研究所"},"geometry":{"type":"Point","coordinates":[141.29,40.26]}},{"type":"Feature","properties":{"コード":321330,"name":"二戸市浄法寺町","所在":"岩手県","所管":"地方公共団体"},"geometry":{"type":"Point","coordinates":[141.16,40.18]}},{"type":"Feature","properties":{"コード":321400,"name":"八幡平市大更","所在":"岩手県","所管":"気象庁"},"geometry":{"type":"Point","coordinates":[141.1,39.93]}},{"type":"Feature","properties":{"コード":321420,"name":"八幡平市田頭","所在":"岩手県","所管":"防災科学技術研究所"},"geometry":{"type":"Point","coordinates":[141.08,39.92]}},{"type":"Feature","properties":{"コード":321431,"name":"八幡平市叺田","所在":"岩手県","所管":"地方公共団体"},"geometry":{"type":"Point","coordinates":[141.05,40.1]}},{"type":"Feature","properties":{"コード":321433,"name":"八幡平市野駄","所在":"岩手県","所管":"地方公共団体"},"geometry":{"type":"Point","coordinates":[141.07,39.96]}},{"type":"Feature","properties":{"コード":321630,"name":"滝沢市鵜飼","所在":"岩手県","所管":"地方公共団体"},"geometry":{"type":"Point","coordinates":[141.08,39.73]}},{"type":"Feature","properties":{"コード":330101,"name":"雫石町千刈田","所在":"岩手県","所管":"気象庁"},"geometry":{"type":"Point","coordinates":[140.98,39.7]}},{"type":"Feature","properties":{"コード":330102,"name":"雫石町西根上駒木野","所在":"岩手県","所管":"気象庁"},"geometry":{"type":"Point","coordinates":[140.95,39.74]}},{"type":"Feature","properties":{"コード":330200,"name":"葛巻町葛巻元木","所在":"岩手県","所管":"気象庁"},"geometry":{"type":"Point","coordinates":[141.33,39.99]}},{"type":"Feature","properties":{"コード":330220,"name":"葛巻町消防分署","所在":"岩手県","所管":"防災科学技術研究所"},"geometry":{"type":"Point","coordinates":[141.45,40.04]}},{"type":"Feature","properties":{"コード":330231,"name":"葛巻町役場","所在":"岩手県","所管":"地方公共団体"},"geometry":{"type":"Point","coordinates":[141.44,40.04]}},{"type":"Feature","properties":{"コード":330330,"name":"岩手町五日市","所在":"岩手県","所管":"地方公共団体"},"geometry":{"type":"Point","coordinates":[141.21,39.97]}},{"type":"Feature","properties":{"コード":332132,"name":"紫波町紫波中央駅前","所在":"岩手県","所管":"地方公共団体"},"geometry":{"type":"Point","coordinates":[141.16,39.55]}},{"type":"Feature","properties":{"コード":332232,"name":"矢巾町南矢幅","所在":"岩手県","所管":"地方公共団体"},"geometry":{"type":"Point","coordinates":[141.14,39.61]}},{"type":"Feature","properties":{"コード":350131,"name":"軽米町軽米","所在":"岩手県","所管":"地方公共団体"},"geometry":{"type":"Point","coordinates":[141.46,40.33]}},{"type":"Feature","properties":{"コード":350631,"name":"九戸村伊保内","所在":"岩手県","所管":"地方公共団体"},"geometry":{"type":"Point","coordinates":[141.42,40.21]}},{"type":"Feature","properties":{"コード":352430,"name":"一戸町高善寺","所在":"岩手県","所管":"地方公共団体"},"geometry":{"type":"Point","coordinates":[141.3,40.21]}},{"type":"Feature","properties":{"コード":320500,"name":"花巻市大迫町","所在":"岩手県","所管":"気象庁"},"geometry":{"type":"Point","coordinates":[141.29,39.48]}},{"type":"Feature","properties":{"コード":320520,"name":"花巻市石鳥谷町","所在":"岩手県","所管":"防災科学技術研究所"},"geometry":{"type":"Point","coordinates":[141.15,39.48]}},{"type":"Feature","properties":{"コード":320531,"name":"花巻市大迫総合支所","所在":"岩手県","所管":"地方公共団体"},"geometry":{"type":"Point","coordinates":[141.29,39.47]}},{"type":"Feature","properties":{"コード":320535,"name":"花巻市材木町","所在":"岩手県","所管":"地方公共団体"},"geometry":{"type":"Point","coordinates":[141.11,39.39]}},{"type":"Feature","properties":{"コード":320537,"name":"花巻市東和町","所在":"岩手県","所管":"地方公共団体"},"geometry":{"type":"Point","coordinates":[141.23,39.39]}},{"type":"Feature","properties":{"コード":320600,"name":"北上市柳原町","所在":"岩手県","所管":"気象庁"},"geometry":{"type":"Point","coordinates":[141.11,39.29]}},{"type":"Feature","properties":{"コード":320621,"name":"北上市相去町","所在":"岩手県","所管":"防災科学技術研究所"},"geometry":{"type":"Point","coordinates":[141.1,39.26]}},{"type":"Feature","properties":{"コード":320821,"name":"遠野市青笹町","所在":"岩手県","所管":"防災科学技術研究所"},"geometry":{"type":"Point","coordinates":[141.56,39.33]}},{"type":"Feature","properties":{"コード":320831,"name":"遠野市宮守町","所在":"岩手県","所管":"地方公共団体"},"geometry":{"type":"Point","coordinates":[141.36,39.34]}},{"type":"Feature","properties":{"コード":320902,"name":"一関市大東町","所在":"岩手県","所管":"気象庁"},"geometry":{"type":"Point","coordinates":[141.4,39.02]}},{"type":"Feature","properties":{"コード":320921,"name":"一関市竹山町","所在":"岩手県","所管":"防災科学技術研究所"},"geometry":{"type":"Point","coordinates":[141.13,38.93]}},{"type":"Feature","properties":{"コード":320935,"name":"一関市花泉町","所在":"岩手県","所管":"地方公共団体"},"geometry":{"type":"Point","coordinates":[141.18,38.83]}},{"type":"Feature","properties":{"コード":320936,"name":"一関市千厩町","所在":"岩手県","所管":"地方公共団体"},"geometry":{"type":"Point","coordinates":[141.33,38.92]}},{"type":"Feature","properties":{"コード":320937,"name":"一関市東山町","所在":"岩手県","所管":"地方公共団体"},"geometry":{"type":"Point","coordinates":[141.25,39]}},{"type":"Feature","properties":{"コード":320938,"name":"一関市室根町","所在":"岩手県","所管":"地方公共団体"},"geometry":{"type":"Point","coordinates":[141.44,38.94]}},{"type":"Feature","properties":{"コード":320939,"name":"一関市藤沢町","所在":"岩手県","所管":"地方公共団体"},"geometry":{"type":"Point","coordinates":[141.35,38.86]}},{"type":"Feature","properties":{"コード":320940,"name":"一関市川崎町","所在":"岩手県","所管":"地方公共団体"},"geometry":{"type":"Point","coordinates":[141.26,38.9]}},{"type":"Feature","properties":{"コード":321500,"name":"奥州市水沢大鐘町","所在":"岩手県","所管":"気象庁"},"geometry":{"type":"Point","coordinates":[141.14,39.13]}},{"type":"Feature","properties":{"コード":321520,"name":"奥州市水沢佐倉河","所在":"岩手県","所管":"防災科学技術研究所"},"geometry":{"type":"Point","coordinates":[141.15,39.15]}},{"type":"Feature","properties":{"コード":321530,"name":"奥州市江刺","所在":"岩手県","所管":"地方公共団体"},"geometry":{"type":"Point","coordinates":[141.17,39.19]}},{"type":"Feature","properties":{"コード":321531,"name":"奥州市前沢","所在":"岩手県","所管":"地方公共団体"},"geometry":{"type":"Point","coordinates":[141.12,39.05]}},{"type":"Feature","properties":{"コード":321535,"name":"奥州市胆沢","所在":"岩手県","所管":"地方公共団体"},"geometry":{"type":"Point","coordinates":[141.07,39.12]}},{"type":"Feature","properties":{"コード":321536,"name":"奥州市衣川","所在":"岩手県","所管":"地方公共団体"},"geometry":{"type":"Point","coordinates":[141.06,39.04]}},{"type":"Feature","properties":{"コード":336620,"name":"西和賀町川尻","所在":"岩手県","所管":"防災科学技術研究所"},"geometry":{"type":"Point","coordinates":[140.78,39.32]}},{"type":"Feature","properties":{"コード":336621,"name":"西和賀町沢内川舟","所在":"岩手県","所管":"防災科学技術研究所"},"geometry":{"type":"Point","coordinates":[140.83,39.52]}},{"type":"Feature","properties":{"コード":336631,"name":"西和賀町沢内太田","所在":"岩手県","所管":"地方公共団体"},"geometry":{"type":"Point","coordinates":[140.75,39.43]}},{"type":"Feature","properties":{"コード":338131,"name":"金ケ崎町西根","所在":"岩手県","所管":"地方公共団体"},"geometry":{"type":"Point","coordinates":[141.12,39.2]}},{"type":"Feature","properties":{"コード":340231,"name":"平泉町平泉","所在":"岩手県","所管":"地方公共団体"},"geometry":{"type":"Point","coordinates":[141.11,38.99]}},{"type":"Feature","properties":{"コード":420500,"name":"気仙沼市赤岩","所在":"宮城県","所管":"気象庁"},"geometry":{"type":"Point","coordinates":[141.57,38.88]}},{"type":"Feature","properties":{"コード":420501,"name":"気仙沼市本吉町西川内","所在":"宮城県","所管":"気象庁"},"geometry":{"type":"Point","coordinates":[141.47,38.81]}},{"type":"Feature","properties":{"コード":420520,"name":"気仙沼市笹が陣","所在":"宮城県","所管":"防災科学技術研究所"},"geometry":{"type":"Point","coordinates":[141.57,38.9]}},{"type":"Feature","properties":{"コード":420530,"name":"気仙沼市唐桑町","所在":"宮城県","所管":"地方公共団体"},"geometry":{"type":"Point","coordinates":[141.65,38.9]}},{"type":"Feature","properties":{"コード":420531,"name":"気仙沼市本吉町津谷","所在":"宮城県","所管":"地方公共団体"},"geometry":{"type":"Point","coordinates":[141.5,38.79]}},{"type":"Feature","properties":{"コード":421200,"name":"登米市中田町","所在":"宮城県","所管":"気象庁"},"geometry":{"type":"Point","coordinates":[141.24,38.71]}},{"type":"Feature","properties":{"コード":421220,"name":"登米市東和町","所在":"宮城県","所管":"防災科学技術研究所"},"geometry":{"type":"Point","coordinates":[141.31,38.73]}},{"type":"Feature","properties":{"コード":421222,"name":"登米市豊里町","所在":"宮城県","所管":"防災科学技術研究所"},"geometry":{"type":"Point","coordinates":[141.25,38.59]}},{"type":"Feature","properties":{"コード":421231,"name":"登米市登米町","所在":"宮城県","所管":"地方公共団体"},"geometry":{"type":"Point","coordinates":[141.28,38.66]}},{"type":"Feature","properties":{"コード":421234,"name":"登米市南方町","所在":"宮城県","所管":"地方公共団体"},"geometry":{"type":"Point","coordinates":[141.16,38.66]}},{"type":"Feature","properties":{"コード":421236,"name":"登米市迫町","所在":"宮城県","所管":"地方公共団体"},"geometry":{"type":"Point","coordinates":[141.19,38.69]}},{"type":"Feature","properties":{"コード":421237,"name":"登米市石越町","所在":"宮城県","所管":"地方公共団体"},"geometry":{"type":"Point","coordinates":[141.18,38.76]}},{"type":"Feature","properties":{"コード":421238,"name":"登米市津山町","所在":"宮城県","所管":"地方公共団体"},"geometry":{"type":"Point","coordinates":[141.3,38.61]}},{"type":"Feature","properties":{"コード":421239,"name":"登米市米山町","所在":"宮城県","所管":"地方公共団体"},"geometry":{"type":"Point","coordinates":[141.19,38.63]}},{"type":"Feature","properties":{"コード":421300,"name":"栗原市栗駒","所在":"宮城県","所管":"気象庁"},"geometry":{"type":"Point","coordinates":[140.99,38.83]}},{"type":"Feature","properties":{"コード":421321,"name":"栗原市築館","所在":"宮城県","所管":"防災科学技術研究所"},"geometry":{"type":"Point","coordinates":[141.03,38.73]}},{"type":"Feature","properties":{"コード":421334,"name":"栗原市鶯沢","所在":"宮城県","所管":"地方公共団体"},"geometry":{"type":"Point","coordinates":[140.95,38.81]}},{"type":"Feature","properties":{"コード":421337,"name":"栗原市花山","所在":"宮城県","所管":"地方公共団体"},"geometry":{"type":"Point","coordinates":[140.85,38.79]}},{"type":"Feature","properties":{"コード":421339,"name":"栗原市瀬峰","所在":"宮城県","所管":"地方公共団体"},"geometry":{"type":"Point","coordinates":[141.07,38.66]}},{"type":"Feature","properties":{"コード":421340,"name":"栗原市志波姫","所在":"宮城県","所管":"地方公共団体"},"geometry":{"type":"Point","coordinates":[141.07,38.76]}},{"type":"Feature","properties":{"コード":421341,"name":"栗原市高清水","所在":"宮城県","所管":"地方公共団体"},"geometry":{"type":"Point","coordinates":[141.01,38.66]}},{"type":"Feature","properties":{"コード":421342,"name":"栗原市金成","所在":"宮城県","所管":"地方公共団体"},"geometry":{"type":"Point","coordinates":[141.07,38.81]}},{"type":"Feature","properties":{"コード":421343,"name":"栗原市若柳","所在":"宮城県","所管":"地方公共団体"},"geometry":{"type":"Point","coordinates":[141.12,38.77]}},{"type":"Feature","properties":{"コード":421344,"name":"栗原市一迫","所在":"宮城県","所管":"地方公共団体"},"geometry":{"type":"Point","coordinates":[140.95,38.74]}},{"type":"Feature","properties":{"コード":421500,"name":"大崎市古川三日町","所在":"宮城県","所管":"気象庁"},"geometry":{"type":"Point","coordinates":[140.96,38.57]}},{"type":"Feature","properties":{"コード":421501,"name":"大崎市古川大崎","所在":"宮城県","所管":"気象庁"},"geometry":{"type":"Point","coordinates":[140.91,38.6]}},{"type":"Feature","properties":{"コード":421523,"name":"大崎市鳴子","所在":"宮城県","所管":"防災科学技術研究所"},"geometry":{"type":"Point","coordinates":[140.72,38.75]}},{"type":"Feature","properties":{"コード":421524,"name":"大崎市古川旭","所在":"宮城県","所管":"防災科学技術研究所"},"geometry":{"type":"Point","coordinates":[140.98,38.57]}},{"type":"Feature","properties":{"コード":421530,"name":"大崎市松山","所在":"宮城県","所管":"地方公共団体"},"geometry":{"type":"Point","coordinates":[141.06,38.51]}},{"type":"Feature","properties":{"コード":421531,"name":"大崎市三本木","所在":"宮城県","所管":"地方公共団体"},"geometry":{"type":"Point","coordinates":[140.94,38.52]}},{"type":"Feature","properties":{"コード":421532,"name":"大崎市鹿島台","所在":"宮城県","所管":"地方公共団体"},"geometry":{"type":"Point","coordinates":[141.1,38.48]}},{"type":"Feature","properties":{"コード":421533,"name":"大崎市岩出山","所在":"宮城県","所管":"地方公共団体"},"geometry":{"type":"Point","coordinates":[140.88,38.65]}},{"type":"Feature","properties":{"コード":421535,"name":"大崎市田尻","所在":"宮城県","所管":"地方公共団体"},"geometry":{"type":"Point","coordinates":[141.06,38.6]}},{"type":"Feature","properties":{"コード":444431,"name":"色麻町四竈","所在":"宮城県","所管":"地方公共団体"},"geometry":{"type":"Point","coordinates":[140.85,38.55]}},{"type":"Feature","properties":{"コード":444530,"name":"宮城加美町中新田","所在":"宮城県","所管":"地方公共団体"},"geometry":{"type":"Point","coordinates":[140.86,38.57]}},{"type":"Feature","properties":{"コード":444531,"name":"宮城加美町小野田","所在":"宮城県","所管":"地方公共団体"},"geometry":{"type":"Point","coordinates":[140.78,38.58]}},{"type":"Feature","properties":{"コード":444532,"name":"宮城加美町宮崎","所在":"宮城県","所管":"地方公共団体"},"geometry":{"type":"Point","coordinates":[140.76,38.61]}},{"type":"Feature","properties":{"コード":450100,"name":"涌谷町新町裏","所在":"宮城県","所管":"気象庁"},"geometry":{"type":"Point","coordinates":[141.13,38.54]}},{"type":"Feature","properties":{"コード":450530,"name":"宮城美里町北浦","所在":"宮城県","所管":"地方公共団体"},"geometry":{"type":"Point","coordinates":[141.06,38.54]}},{"type":"Feature","properties":{"コード":450531,"name":"宮城美里町木間塚","所在":"宮城県","所管":"地方公共団体"},"geometry":{"type":"Point","coordinates":[141.14,38.49]}},{"type":"Feature","properties":{"コード":460602,"name":"南三陸町志津川","所在":"宮城県","所管":"気象庁"},"geometry":{"type":"Point","coordinates":[141.46,38.68]}},{"type":"Feature","properties":{"コード":460621,"name":"南三陸町歌津","所在":"宮城県","所管":"防災科学技術研究所"},"geometry":{"type":"Point","coordinates":[141.52,38.72]}},{"type":"Feature","properties":{"コード":420620,"name":"白石市亘理町","所在":"宮城県","所管":"防災科学技術研究所"},"geometry":{"type":"Point","coordinates":[140.62,38.01]}},{"type":"Feature","properties":{"コード":420700,"name":"仙台空港","所在":"宮城県","所管":"気象庁"},"geometry":{"type":"Point","coordinates":[140.93,38.14]}},{"type":"Feature","properties":{"コード":420730,"name":"名取市増田","所在":"宮城県","所管":"地方公共団体"},"geometry":{"type":"Point","coordinates":[140.89,38.17]}},{"type":"Feature","properties":{"コード":420820,"name":"角田市角田","所在":"宮城県","所管":"防災科学技術研究所"},"geometry":{"type":"Point","coordinates":[140.78,37.98]}},{"type":"Feature","properties":{"コード":421120,"name":"岩沼市桜","所在":"宮城県","所管":"防災科学技術研究所"},"geometry":{"type":"Point","coordinates":[140.87,38.1]}},{"type":"Feature","properties":{"コード":430130,"name":"蔵王町円田","所在":"宮城県","所管":"地方公共団体"},"geometry":{"type":"Point","coordinates":[140.66,38.1]}},{"type":"Feature","properties":{"コード":430230,"name":"七ヶ宿町関","所在":"宮城県","所管":"地方公共団体"},"geometry":{"type":"Point","coordinates":[140.44,37.99]}},{"type":"Feature","properties":{"コード":432131,"name":"大河原町新南","所在":"宮城県","所管":"地方公共団体"},"geometry":{"type":"Point","coordinates":[140.73,38.05]}},{"type":"Feature","properties":{"コード":432230,"name":"村田町村田","所在":"宮城県","所管":"地方公共団体"},"geometry":{"type":"Point","coordinates":[140.72,38.12]}},{"type":"Feature","properties":{"コード":432300,"name":"柴田町船岡","所在":"宮城県","所管":"気象庁"},"geometry":{"type":"Point","coordinates":[140.76,38.05]}},{"type":"Feature","properties":{"コード":432430,"name":"宮城川崎町前川","所在":"宮城県","所管":"地方公共団体"},"geometry":{"type":"Point","coordinates":[140.64,38.18]}},{"type":"Feature","properties":{"コード":434100,"name":"丸森町上滝","所在":"宮城県","所管":"気象庁"},"geometry":{"type":"Point","coordinates":[140.79,37.87]}},{"type":"Feature","properties":{"コード":434130,"name":"丸森町鳥屋","所在":"宮城県","所管":"地方公共団体"},"geometry":{"type":"Point","coordinates":[140.77,37.91]}},{"type":"Feature","properties":{"コード":436131,"name":"亘理町悠里","所在":"宮城県","所管":"地方公共団体"},"geometry":{"type":"Point","coordinates":[140.87,38.04]}},{"type":"Feature","properties":{"コード":436231,"name":"山元町浅生原","所在":"宮城県","所管":"地方公共団体"},"geometry":{"type":"Point","coordinates":[140.88,37.96]}},{"type":"Feature","properties":{"コード":410101,"name":"仙台青葉区大倉","所在":"宮城県","所管":"気象庁"},"geometry":{"type":"Point","coordinates":[140.66,38.37]}},{"type":"Feature","properties":{"コード":410121,"name":"仙台青葉区作並","所在":"宮城県","所管":"防災科学技術研究所"},"geometry":{"type":"Point","coordinates":[140.64,38.32]}},{"type":"Feature","properties":{"コード":410142,"name":"仙台青葉区雨宮","所在":"宮城県","所管":"地方公共団体"},"geometry":{"type":"Point","coordinates":[140.87,38.28]}},{"type":"Feature","properties":{"コード":410143,"name":"仙台青葉区落合","所在":"宮城県","所管":"地方公共団体"},"geometry":{"type":"Point","coordinates":[140.79,38.27]}},{"type":"Feature","properties":{"コード":410201,"name":"仙台宮城野区五輪","所在":"宮城県","所管":"気象庁"},"geometry":{"type":"Point","coordinates":[140.9,38.26]}},{"type":"Feature","properties":{"コード":410221,"name":"仙台宮城野区苦竹","所在":"宮城県","所管":"防災科学技術研究所"},"geometry":{"type":"Point","coordinates":[140.93,38.27]}},{"type":"Feature","properties":{"コード":410341,"name":"仙台若林区遠見塚","所在":"宮城県","所管":"地方公共団体"},"geometry":{"type":"Point","coordinates":[140.91,38.24]}},{"type":"Feature","properties":{"コード":410441,"name":"仙台太白区山田","所在":"宮城県","所管":"地方公共団体"},"geometry":{"type":"Point","coordinates":[140.83,38.22]}},{"type":"Feature","properties":{"コード":410541,"name":"仙台泉区将監","所在":"宮城県","所管":"地方公共団体"},"geometry":{"type":"Point","coordinates":[140.89,38.34]}},{"type":"Feature","properties":{"コード":420202,"name":"石巻市泉町","所在":"宮城県","所管":"気象庁"},"geometry":{"type":"Point","coordinates":[141.3,38.43]}},{"type":"Feature","properties":{"コード":420203,"name":"石巻市大瓜","所在":"宮城県","所管":"気象庁"},"geometry":{"type":"Point","coordinates":[141.35,38.46]}},{"type":"Feature","properties":{"コード":420225,"name":"石巻市鮎川浜","所在":"宮城県","所管":"防災科学技術研究所"},"geometry":{"type":"Point","coordinates":[141.51,38.3]}},{"type":"Feature","properties":{"コード":420226,"name":"石巻市大街道南","所在":"宮城県","所管":"防災科学技術研究所"},"geometry":{"type":"Point","coordinates":[141.28,38.43]}},{"type":"Feature","properties":{"コード":420227,"name":"石巻市北上町","所在":"宮城県","所管":"防災科学技術研究所"},"geometry":{"type":"Point","coordinates":[141.43,38.57]}},{"type":"Feature","properties":{"コード":420235,"name":"石巻市相野谷","所在":"宮城県","所管":"地方公共団体"},"geometry":{"type":"Point","coordinates":[141.32,38.52]}},{"type":"Feature","properties":{"コード":420237,"name":"石巻市前谷地","所在":"宮城県","所管":"地方公共団体"},"geometry":{"type":"Point","coordinates":[141.19,38.51]}},{"type":"Feature","properties":{"コード":420239,"name":"石巻市桃生町","所在":"宮城県","所管":"地方公共団体"},"geometry":{"type":"Point","coordinates":[141.24,38.56]}},{"type":"Feature","properties":{"コード":420241,"name":"石巻市雄勝町","所在":"宮城県","所管":"地方公共団体"},"geometry":{"type":"Point","coordinates":[141.5,38.51]}},{"type":"Feature","properties":{"コード":420322,"name":"塩竈市今宮町","所在":"宮城県","所管":"防災科学技術研究所"},"geometry":{"type":"Point","coordinates":[141.01,38.33]}},{"type":"Feature","properties":{"コード":420931,"name":"多賀城市中央","所在":"宮城県","所管":"地方公共団体"},"geometry":{"type":"Point","coordinates":[141.01,38.3]}},{"type":"Feature","properties":{"コード":421433,"name":"東松島市小野","所在":"宮城県","所管":"地方公共団体"},"geometry":{"type":"Point","coordinates":[141.16,38.4]}},{"type":"Feature","properties":{"コード":421434,"name":"東松島市矢本","所在":"宮城県","所管":"地方公共団体"},"geometry":{"type":"Point","coordinates":[141.21,38.43]}},{"type":"Feature","properties":{"コード":421630,"name":"富谷市富谷","所在":"宮城県","所管":"地方公共団体"},"geometry":{"type":"Point","coordinates":[140.9,38.4]}},{"type":"Feature","properties":{"コード":440101,"name":"松島町高城","所在":"宮城県","所管":"気象庁"},"geometry":{"type":"Point","coordinates":[141.07,38.39]}},{"type":"Feature","properties":{"コード":440431,"name":"七ヶ浜町東宮浜","所在":"宮城県","所管":"地方公共団体"},"geometry":{"type":"Point","coordinates":[141.06,38.3]}},{"type":"Feature","properties":{"コード":440632,"name":"利府町利府","所在":"宮城県","所管":"地方公共団体"},"geometry":{"type":"Point","coordinates":[140.98,38.33]}},{"type":"Feature","properties":{"コード":442121,"name":"大和町吉岡","所在":"宮城県","所管":"防災科学技術研究所"},"geometry":{"type":"Point","coordinates":[140.89,38.45]}},{"type":"Feature","properties":{"コード":442231,"name":"大郷町粕川","所在":"宮城県","所管":"地方公共団体"},"geometry":{"type":"Point","coordinates":[141,38.42]}},{"type":"Feature","properties":{"コード":442431,"name":"大衡村大衡","所在":"宮城県","所管":"地方公共団体"},"geometry":{"type":"Point","coordinates":[140.88,38.47]}},{"type":"Feature","properties":{"コード":458134,"name":"女川町女川","所在":"宮城県","所管":"地方公共団体"},"geometry":{"type":"Point","coordinates":[141.44,38.45]}},{"type":"Feature","properties":{"コード":520200,"name":"能代市緑町","所在":"秋田県","所管":"気象庁"},"geometry":{"type":"Point","coordinates":[140.03,40.2]}},{"type":"Feature","properties":{"コード":520201,"name":"能代市常盤山谷","所在":"秋田県","所管":"気象庁"},"geometry":{"type":"Point","coordinates":[140.16,40.27]}},{"type":"Feature","properties":{"コード":520220,"name":"能代市追分町","所在":"秋田県","所管":"防災科学技術研究所"},"geometry":{"type":"Point","coordinates":[140.03,40.2]}},{"type":"Feature","properties":{"コード":520232,"name":"能代市上町","所在":"秋田県","所管":"地方公共団体"},"geometry":{"type":"Point","coordinates":[140.03,40.21]}},{"type":"Feature","properties":{"コード":520233,"name":"能代市二ツ井町上台","所在":"秋田県","所管":"地方公共団体"},"geometry":{"type":"Point","coordinates":[140.23,40.21]}},{"type":"Feature","properties":{"コード":520601,"name":"男鹿市男鹿中","所在":"秋田県","所管":"気象庁"},"geometry":{"type":"Point","coordinates":[139.81,39.92]}},{"type":"Feature","properties":{"コード":520632,"name":"男鹿市船川","所在":"秋田県","所管":"地方公共団体"},"geometry":{"type":"Point","coordinates":[139.85,39.89]}},{"type":"Feature","properties":{"コード":520633,"name":"男鹿市角間崎","所在":"秋田県","所管":"地方公共団体"},"geometry":{"type":"Point","coordinates":[139.92,39.96]}},{"type":"Feature","properties":{"コード":521130,"name":"潟上市昭和大久保","所在":"秋田県","所管":"地方公共団体"},"geometry":{"type":"Point","coordinates":[140.07,39.87]}},{"type":"Feature","properties":{"コード":521131,"name":"潟上市飯田川下虻川","所在":"秋田県","所管":"地方公共団体"},"geometry":{"type":"Point","coordinates":[140.07,39.88]}},{"type":"Feature","properties":{"コード":521133,"name":"潟上市天王","所在":"秋田県","所管":"地方公共団体"},"geometry":{"type":"Point","coordinates":[140.01,39.86]}},{"type":"Feature","properties":{"コード":534631,"name":"藤里町藤琴","所在":"秋田県","所管":"地方公共団体"},"geometry":{"type":"Point","coordinates":[140.26,40.28]}},{"type":"Feature","properties":{"コード":534820,"name":"三種町ことおか中央公園","所在":"秋田県","所管":"防災科学技術研究所"},"geometry":{"type":"Point","coordinates":[140.09,40.04]}},{"type":"Feature","properties":{"コード":534832,"name":"三種町鵜川","所在":"秋田県","所管":"地方公共団体"},"geometry":{"type":"Point","coordinates":[140,40.1]}},{"type":"Feature","properties":{"コード":534834,"name":"三種町鹿渡","所在":"秋田県","所管":"地方公共団体"},"geometry":{"type":"Point","coordinates":[140.08,40.05]}},{"type":"Feature","properties":{"コード":534835,"name":"三種町森岳","所在":"秋田県","所管":"地方公共団体"},"geometry":{"type":"Point","coordinates":[140.08,40.1]}},{"type":"Feature","properties":{"コード":534920,"name":"八峰町八森木戸の沢","所在":"秋田県","所管":"防災科学技術研究所"},"geometry":{"type":"Point","coordinates":[139.98,40.39]}},{"type":"Feature","properties":{"コード":534932,"name":"八峰町峰浜目名潟","所在":"秋田県","所管":"地方公共団体"},"geometry":{"type":"Point","coordinates":[140.04,40.32]}},{"type":"Feature","properties":{"コード":536100,"name":"五城目町西磯ノ目","所在":"秋田県","所管":"気象庁"},"geometry":{"type":"Point","coordinates":[140.11,39.94]}},{"type":"Feature","properties":{"コード":536332,"name":"八郎潟町大道","所在":"秋田県","所管":"地方公共団体"},"geometry":{"type":"Point","coordinates":[140.07,39.95]}},{"type":"Feature","properties":{"コード":536631,"name":"井川町北川尻","所在":"秋田県","所管":"地方公共団体"},"geometry":{"type":"Point","coordinates":[140.08,39.91]}},{"type":"Feature","properties":{"コード":536831,"name":"大潟村中央","所在":"秋田県","所管":"地方公共団体"},"geometry":{"type":"Point","coordinates":[139.96,40.02]}},{"type":"Feature","properties":{"コード":520100,"name":"秋田市山王","所在":"秋田県","所管":"気象庁"},"geometry":{"type":"Point","coordinates":[140.1,39.72]}},{"type":"Feature","properties":{"コード":520101,"name":"秋田市雄和女米木","所在":"秋田県","所管":"気象庁"},"geometry":{"type":"Point","coordinates":[140.21,39.54]}},{"type":"Feature","properties":{"コード":520120,"name":"秋田市八橋運動公園","所在":"秋田県","所管":"防災科学技術研究所"},"geometry":{"type":"Point","coordinates":[140.1,39.72]}},{"type":"Feature","properties":{"コード":520131,"name":"秋田市河辺和田","所在":"秋田県","所管":"地方公共団体"},"geometry":{"type":"Point","coordinates":[140.21,39.65]}},{"type":"Feature","properties":{"コード":520134,"name":"秋田市雄和新波","所在":"秋田県","所管":"地方公共団体"},"geometry":{"type":"Point","coordinates":[140.23,39.53]}},{"type":"Feature","properties":{"コード":521000,"name":"由利本荘市石脇","所在":"秋田県","所管":"気象庁"},"geometry":{"type":"Point","coordinates":[140.05,39.4]}},{"type":"Feature","properties":{"コード":521020,"name":"由利本荘市桜小路","所在":"秋田県","所管":"防災科学技術研究所"},"geometry":{"type":"Point","coordinates":[140.05,39.38]}},{"type":"Feature","properties":{"コード":521021,"name":"由利本荘市鳥海町伏見","所在":"秋田県","所管":"防災科学技術研究所"},"geometry":{"type":"Point","coordinates":[140.19,39.19]}},{"type":"Feature","properties":{"コード":521032,"name":"由利本荘市岩城内道川","所在":"秋田県","所管":"地方公共団体"},"geometry":{"type":"Point","coordinates":[140.06,39.54]}},{"type":"Feature","properties":{"コード":521034,"name":"由利本荘市西目町沼田","所在":"秋田県","所管":"地方公共団体"},"geometry":{"type":"Point","coordinates":[140.02,39.35]}},{"type":"Feature","properties":{"コード":521035,"name":"由利本荘市東由利老方","所在":"秋田県","所管":"地方公共団体"},"geometry":{"type":"Point","coordinates":[140.29,39.3]}},{"type":"Feature","properties":{"コード":521038,"name":"由利本荘市矢島町矢島町","所在":"秋田県","所管":"地方公共団体"},"geometry":{"type":"Point","coordinates":[140.13,39.23]}},{"type":"Feature","properties":{"コード":521039,"name":"由利本荘市岩谷町","所在":"秋田県","所管":"地方公共団体"},"geometry":{"type":"Point","coordinates":[140.1,39.44]}},{"type":"Feature","properties":{"コード":521040,"name":"由利本荘市前郷","所在":"秋田県","所管":"地方公共団体"},"geometry":{"type":"Point","coordinates":[140.11,39.32]}},{"type":"Feature","properties":{"コード":521430,"name":"にかほ市平沢","所在":"秋田県","所管":"地方公共団体"},"geometry":{"type":"Point","coordinates":[139.96,39.29]}},{"type":"Feature","properties":{"コード":521431,"name":"にかほ市金浦","所在":"秋田県","所管":"地方公共団体"},"geometry":{"type":"Point","coordinates":[139.92,39.25]}},{"type":"Feature","properties":{"コード":521432,"name":"にかほ市象潟町浜ノ田","所在":"秋田県","所管":"地方公共団体"},"geometry":{"type":"Point","coordinates":[139.91,39.2]}},{"type":"Feature","properties":{"コード":520400,"name":"大館市比内町味噌内","所在":"秋田県","所管":"気象庁"},"geometry":{"type":"Point","coordinates":[140.63,40.19]}},{"type":"Feature","properties":{"コード":520420,"name":"大館市桜町","所在":"秋田県","所管":"防災科学技術研究所"},"geometry":{"type":"Point","coordinates":[140.57,40.27]}},{"type":"Feature","properties":{"コード":520431,"name":"大館市比内町扇田","所在":"秋田県","所管":"地方公共団体"},"geometry":{"type":"Point","coordinates":[140.58,40.22]}},{"type":"Feature","properties":{"コード":520433,"name":"大館市早口","所在":"秋田県","所管":"地方公共団体"},"geometry":{"type":"Point","coordinates":[140.45,40.27]}},{"type":"Feature","properties":{"コード":520931,"name":"鹿角市花輪","所在":"秋田県","所管":"地方公共団体"},"geometry":{"type":"Point","coordinates":[140.79,40.22]}},{"type":"Feature","properties":{"コード":521300,"name":"北秋田市花園町","所在":"秋田県","所管":"気象庁"},"geometry":{"type":"Point","coordinates":[140.37,40.23]}},{"type":"Feature","properties":{"コード":521320,"name":"北秋田市阿仁水無","所在":"秋田県","所管":"防災科学技術研究所"},"geometry":{"type":"Point","coordinates":[140.4,39.99]}},{"type":"Feature","properties":{"コード":521333,"name":"北秋田市米内沢","所在":"秋田県","所管":"地方公共団体"},"geometry":{"type":"Point","coordinates":[140.38,40.12]}},{"type":"Feature","properties":{"コード":521334,"name":"北秋田市新田目","所在":"秋田県","所管":"地方公共団体"},"geometry":{"type":"Point","coordinates":[140.33,40.16]}},{"type":"Feature","properties":{"コード":530320,"name":"小坂町小坂砂森","所在":"秋田県","所管":"防災科学技術研究所"},"geometry":{"type":"Point","coordinates":[140.74,40.33]}},{"type":"Feature","properties":{"コード":532730,"name":"上小阿仁村小沢田","所在":"秋田県","所管":"地方公共団体"},"geometry":{"type":"Point","coordinates":[140.3,40.06]}},{"type":"Feature","properties":{"コード":520301,"name":"横手市雄物川町今宿","所在":"秋田県","所管":"気象庁"},"geometry":{"type":"Point","coordinates":[140.43,39.29]}},{"type":"Feature","properties":{"コード":520320,"name":"横手市安田柳堤地内","所在":"秋田県","所管":"防災科学技術研究所"},"geometry":{"type":"Point","coordinates":[140.56,39.3]}},{"type":"Feature","properties":{"コード":520330,"name":"横手市中央町","所在":"秋田県","所管":"地方公共団体"},"geometry":{"type":"Point","coordinates":[140.57,39.31]}},{"type":"Feature","properties":{"コード":520331,"name":"横手市増田町増田","所在":"秋田県","所管":"地方公共団体"},"geometry":{"type":"Point","coordinates":[140.54,39.2]}},{"type":"Feature","properties":{"コード":520333,"name":"横手市大森町","所在":"秋田県","所管":"地方公共団体"},"geometry":{"type":"Point","coordinates":[140.43,39.34]}},{"type":"Feature","properties":{"コード":520337,"name":"横手市大雄","所在":"秋田県","所管":"地方公共団体"},"geometry":{"type":"Point","coordinates":[140.47,39.33]}},{"type":"Feature","properties":{"コード":520338,"name":"横手市山内土渕","所在":"秋田県","所管":"地方公共団体"},"geometry":{"type":"Point","coordinates":[140.62,39.28]}},{"type":"Feature","properties":{"コード":520339,"name":"横手市平鹿町浅舞","所在":"秋田県","所管":"地方公共団体"},"geometry":{"type":"Point","coordinates":[140.49,39.26]}},{"type":"Feature","properties":{"コード":520340,"name":"横手市十文字町","所在":"秋田県","所管":"地方公共団体"},"geometry":{"type":"Point","coordinates":[140.52,39.22]}},{"type":"Feature","properties":{"コード":520700,"name":"湯沢市沖鶴","所在":"秋田県","所管":"気象庁"},"geometry":{"type":"Point","coordinates":[140.48,39.17]}},{"type":"Feature","properties":{"コード":520720,"name":"湯沢市寺沢","所在":"秋田県","所管":"防災科学技術研究所"},"geometry":{"type":"Point","coordinates":[140.45,39.04]}},{"type":"Feature","properties":{"コード":520731,"name":"湯沢市川連町","所在":"秋田県","所管":"地方公共団体"},"geometry":{"type":"Point","coordinates":[140.57,39.15]}},{"type":"Feature","properties":{"コード":520734,"name":"湯沢市佐竹町","所在":"秋田県","所管":"地方公共団体"},"geometry":{"type":"Point","coordinates":[140.5,39.16]}},{"type":"Feature","properties":{"コード":520735,"name":"湯沢市横堀","所在":"秋田県","所管":"地方公共団体"},"geometry":{"type":"Point","coordinates":[140.45,39.06]}},{"type":"Feature","properties":{"コード":520736,"name":"湯沢市皆瀬","所在":"秋田県","所管":"地方公共団体"},"geometry":{"type":"Point","coordinates":[140.59,39.07]}},{"type":"Feature","properties":{"コード":521220,"name":"大仙市協和境唐松岳","所在":"秋田県","所管":"防災科学技術研究所"},"geometry":{"type":"Point","coordinates":[140.32,39.61]}},{"type":"Feature","properties":{"コード":521232,"name":"大仙市刈和野","所在":"秋田県","所管":"地方公共団体"},"geometry":{"type":"Point","coordinates":[140.37,39.55]}},{"type":"Feature","properties":{"コード":521233,"name":"大仙市北長野","所在":"秋田県","所管":"地方公共団体"},"geometry":{"type":"Point","coordinates":[140.54,39.54]}},{"type":"Feature","properties":{"コード":521235,"name":"大仙市南外","所在":"秋田県","所管":"地方公共団体"},"geometry":{"type":"Point","coordinates":[140.36,39.45]}},{"type":"Feature","properties":{"コード":521237,"name":"大仙市太田町太田","所在":"秋田県","所管":"地方公共団体"},"geometry":{"type":"Point","coordinates":[140.6,39.51]}},{"type":"Feature","properties":{"コード":521238,"name":"大仙市大曲花園町","所在":"秋田県","所管":"地方公共団体"},"geometry":{"type":"Point","coordinates":[140.48,39.45]}},{"type":"Feature","properties":{"コード":521239,"name":"大仙市高梨","所在":"秋田県","所管":"地方公共団体"},"geometry":{"type":"Point","coordinates":[140.51,39.46]}},{"type":"Feature","properties":{"コード":521240,"name":"大仙市神宮寺","所在":"秋田県","所管":"地方公共団体"},"geometry":{"type":"Point","coordinates":[140.43,39.49]}},{"type":"Feature","properties":{"コード":521501,"name":"仙北市角館町中菅沢","所在":"秋田県","所管":"気象庁"},"geometry":{"type":"Point","coordinates":[140.57,39.59]}},{"type":"Feature","properties":{"コード":521520,"name":"仙北市西木町上桧木内","所在":"秋田県","所管":"防災科学技術研究所"},"geometry":{"type":"Point","coordinates":[140.58,39.81]}},{"type":"Feature","properties":{"コード":521521,"name":"仙北市田沢湖生保内上清水","所在":"秋田県","所管":"防災科学技術研究所"},"geometry":{"type":"Point","coordinates":[140.72,39.7]}},{"type":"Feature","properties":{"コード":521522,"name":"仙北市角館町小勝田","所在":"秋田県","所管":"防災科学技術研究所"},"geometry":{"type":"Point","coordinates":[140.56,39.6]}},{"type":"Feature","properties":{"コード":521523,"name":"仙北市田沢湖田沢","所在":"秋田県","所管":"防災科学技術研究所"},"geometry":{"type":"Point","coordinates":[140.67,39.77]}},{"type":"Feature","properties":{"コード":521530,"name":"仙北市田沢湖生保内宮ノ後","所在":"秋田県","所管":"地方公共団体"},"geometry":{"type":"Point","coordinates":[140.73,39.7]}},{"type":"Feature","properties":{"コード":521531,"name":"仙北市西木町上荒井","所在":"秋田県","所管":"地方公共団体"},"geometry":{"type":"Point","coordinates":[140.57,39.66]}},{"type":"Feature","properties":{"コード":543400,"name":"秋田美郷町六郷東根","所在":"秋田県","所管":"気象庁"},"geometry":{"type":"Point","coordinates":[140.63,39.4]}},{"type":"Feature","properties":{"コード":543430,"name":"秋田美郷町土崎","所在":"秋田県","所管":"地方公共団体"},"geometry":{"type":"Point","coordinates":[140.58,39.46]}},{"type":"Feature","properties":{"コード":546331,"name":"羽後町西馬音内","所在":"秋田県","所管":"地方公共団体"},"geometry":{"type":"Point","coordinates":[140.41,39.2]}},{"type":"Feature","properties":{"コード":546420,"name":"東成瀬村椿川","所在":"秋田県","所管":"防災科学技術研究所"},"geometry":{"type":"Point","coordinates":[140.72,39.15]}},{"type":"Feature","properties":{"コード":546430,"name":"東成瀬村田子内","所在":"秋田県","所管":"地方公共団体"},"geometry":{"type":"Point","coordinates":[140.65,39.18]}},{"type":"Feature","properties":{"コード":620300,"name":"鶴岡市馬場町","所在":"山形県","所管":"気象庁"},"geometry":{"type":"Point","coordinates":[139.83,38.73]}},{"type":"Feature","properties":{"コード":620301,"name":"鶴岡市温海川","所在":"山形県","所管":"気象庁"},"geometry":{"type":"Point","coordinates":[139.71,38.6]}},{"type":"Feature","properties":{"コード":620320,"name":"鶴岡市温海","所在":"山形県","所管":"防災科学技術研究所"},"geometry":{"type":"Point","coordinates":[139.59,38.62]}},{"type":"Feature","properties":{"コード":620321,"name":"鶴岡市道田町","所在":"山形県","所管":"防災科学技術研究所"},"geometry":{"type":"Point","coordinates":[139.8,38.73]}},{"type":"Feature","properties":{"コード":620330,"name":"鶴岡市藤島","所在":"山形県","所管":"地方公共団体"},"geometry":{"type":"Point","coordinates":[139.9,38.77]}},{"type":"Feature","properties":{"コード":620332,"name":"鶴岡市上山添","所在":"山形県","所管":"地方公共団体"},"geometry":{"type":"Point","coordinates":[139.85,38.68]}},{"type":"Feature","properties":{"コード":620334,"name":"鶴岡市羽黒町","所在":"山形県","所管":"地方公共団体"},"geometry":{"type":"Point","coordinates":[139.9,38.72]}},{"type":"Feature","properties":{"コード":620335,"name":"鶴岡市下名川","所在":"山形県","所管":"地方公共団体"},"geometry":{"type":"Point","coordinates":[139.83,38.61]}},{"type":"Feature","properties":{"コード":620401,"name":"酒田市飛島","所在":"山形県","所管":"気象庁"},"geometry":{"type":"Point","coordinates":[139.55,39.2]}},{"type":"Feature","properties":{"コード":620402,"name":"酒田市亀ケ崎","所在":"山形県","所管":"気象庁"},"geometry":{"type":"Point","coordinates":[139.84,38.91]}},{"type":"Feature","properties":{"コード":620420,"name":"酒田市宮野浦","所在":"山形県","所管":"防災科学技術研究所"},"geometry":{"type":"Point","coordinates":[139.81,38.91]}},{"type":"Feature","properties":{"コード":620433,"name":"酒田市飛鳥","所在":"山形県","所管":"地方公共団体"},"geometry":{"type":"Point","coordinates":[139.93,38.89]}},{"type":"Feature","properties":{"コード":620434,"name":"酒田市山田","所在":"山形県","所管":"地方公共団体"},"geometry":{"type":"Point","coordinates":[139.95,38.86]}},{"type":"Feature","properties":{"コード":620435,"name":"酒田市観音寺","所在":"山形県","所管":"地方公共団体"},"geometry":{"type":"Point","coordinates":[139.94,38.97]}},{"type":"Feature","properties":{"コード":620436,"name":"酒田市本町","所在":"山形県","所管":"地方公共団体"},"geometry":{"type":"Point","coordinates":[139.84,38.91]}},{"type":"Feature","properties":{"コード":642631,"name":"三川町横山","所在":"山形県","所管":"地方公共団体"},"geometry":{"type":"Point","coordinates":[139.85,38.79]}},{"type":"Feature","properties":{"コード":642820,"name":"庄内町清川","所在":"山形県","所管":"防災科学技術研究所"},"geometry":{"type":"Point","coordinates":[140.02,38.79]}},{"type":"Feature","properties":{"コード":642830,"name":"庄内町狩川","所在":"山形県","所管":"地方公共団体"},"geometry":{"type":"Point","coordinates":[139.96,38.79]}},{"type":"Feature","properties":{"コード":642832,"name":"庄内町余目","所在":"山形県","所管":"地方公共団体"},"geometry":{"type":"Point","coordinates":[139.9,38.85]}},{"type":"Feature","properties":{"コード":646100,"name":"遊佐町遊佐","所在":"山形県","所管":"気象庁"},"geometry":{"type":"Point","coordinates":[139.91,39.01]}},{"type":"Feature","properties":{"コード":646101,"name":"遊佐町小原田","所在":"山形県","所管":"気象庁"},"geometry":{"type":"Point","coordinates":[139.93,39.02]}},{"type":"Feature","properties":{"コード":646131,"name":"遊佐町舞鶴","所在":"山形県","所管":"地方公共団体"},"geometry":{"type":"Point","coordinates":[139.91,39.01]}},{"type":"Feature","properties":{"コード":620500,"name":"新庄市東谷地田町","所在":"山形県","所管":"気象庁"},"geometry":{"type":"Point","coordinates":[140.31,38.76]}},{"type":"Feature","properties":{"コード":620520,"name":"新庄市堀端町","所在":"山形県","所管":"防災科学技術研究所"},"geometry":{"type":"Point","coordinates":[140.3,38.77]}},{"type":"Feature","properties":{"コード":620531,"name":"新庄市住吉町","所在":"山形県","所管":"地方公共団体"},"geometry":{"type":"Point","coordinates":[140.31,38.77]}},{"type":"Feature","properties":{"コード":636100,"name":"山形金山町中田","所在":"山形県","所管":"気象庁"},"geometry":{"type":"Point","coordinates":[140.36,38.92]}},{"type":"Feature","properties":{"コード":636131,"name":"山形金山町金山","所在":"山形県","所管":"地方公共団体"},"geometry":{"type":"Point","coordinates":[140.34,38.88]}},{"type":"Feature","properties":{"コード":636231,"name":"最上町向町","所在":"山形県","所管":"地方公共団体"},"geometry":{"type":"Point","coordinates":[140.52,38.76]}},{"type":"Feature","properties":{"コード":636331,"name":"舟形町舟形","所在":"山形県","所管":"地方公共団体"},"geometry":{"type":"Point","coordinates":[140.32,38.69]}},{"type":"Feature","properties":{"コード":636432,"name":"真室川町新町","所在":"山形県","所管":"地方公共団体"},"geometry":{"type":"Point","coordinates":[140.25,38.86]}},{"type":"Feature","properties":{"コード":636520,"name":"大蔵村肘折","所在":"山形県","所管":"防災科学技術研究所"},"geometry":{"type":"Point","coordinates":[140.16,38.61]}},{"type":"Feature","properties":{"コード":636531,"name":"大蔵村清水","所在":"山形県","所管":"地方公共団体"},"geometry":{"type":"Point","coordinates":[140.23,38.7]}},{"type":"Feature","properties":{"コード":636630,"name":"鮭川村佐渡","所在":"山形県","所管":"地方公共団体"},"geometry":{"type":"Point","coordinates":[140.22,38.8]}},{"type":"Feature","properties":{"コード":636730,"name":"戸沢村古口","所在":"山形県","所管":"地方公共団体"},"geometry":{"type":"Point","coordinates":[140.14,38.74]}},{"type":"Feature","properties":{"コード":620100,"name":"山形市緑町","所在":"山形県","所管":"気象庁"},"geometry":{"type":"Point","coordinates":[140.35,38.26]}},{"type":"Feature","properties":{"コード":620120,"name":"山形市薬師町","所在":"山形県","所管":"防災科学技術研究所"},"geometry":{"type":"Point","coordinates":[140.35,38.26]}},{"type":"Feature","properties":{"コード":620130,"name":"山形市旅篭町","所在":"山形県","所管":"地方公共団体"},"geometry":{"type":"Point","coordinates":[140.34,38.26]}},{"type":"Feature","properties":{"コード":620620,"name":"寒河江市西根","所在":"山形県","所管":"防災科学技術研究所"},"geometry":{"type":"Point","coordinates":[140.27,38.39]}},{"type":"Feature","properties":{"コード":620630,"name":"寒河江市中央","所在":"山形県","所管":"地方公共団体"},"geometry":{"type":"Point","coordinates":[140.28,38.38]}},{"type":"Feature","properties":{"コード":620730,"name":"上山市河崎","所在":"山形県","所管":"地方公共団体"},"geometry":{"type":"Point","coordinates":[140.27,38.15]}},{"type":"Feature","properties":{"コード":620830,"name":"村山市中央","所在":"山形県","所管":"地方公共団体"},"geometry":{"type":"Point","coordinates":[140.38,38.48]}},{"type":"Feature","properties":{"コード":621030,"name":"天童市老野森","所在":"山形県","所管":"地方公共団体"},"geometry":{"type":"Point","coordinates":[140.38,38.36]}},{"type":"Feature","properties":{"コード":621120,"name":"東根市中央","所在":"山形県","所管":"防災科学技術研究所"},"geometry":{"type":"Point","coordinates":[140.39,38.43]}},{"type":"Feature","properties":{"コード":621220,"name":"尾花沢市若葉町","所在":"山形県","所管":"防災科学技術研究所"},"geometry":{"type":"Point","coordinates":[140.41,38.6]}},{"type":"Feature","properties":{"コード":630132,"name":"山辺町緑ケ丘","所在":"山形県","所管":"地方公共団体"},"geometry":{"type":"Point","coordinates":[140.26,38.29]}},{"type":"Feature","properties":{"コード":630231,"name":"中山町長崎","所在":"山形県","所管":"地方公共団体"},"geometry":{"type":"Point","coordinates":[140.28,38.33]}},{"type":"Feature","properties":{"コード":632132,"name":"河北町役場","所在":"山形県","所管":"地方公共団体"},"geometry":{"type":"Point","coordinates":[140.31,38.43]}},{"type":"Feature","properties":{"コード":632220,"name":"西川町大井沢","所在":"山形県","所管":"防災科学技術研究所"},"geometry":{"type":"Point","coordinates":[139.99,38.39]}},{"type":"Feature","properties":{"コード":632230,"name":"西川町海味","所在":"山形県","所管":"地方公共団体"},"geometry":{"type":"Point","coordinates":[140.15,38.43]}},{"type":"Feature","properties":{"コード":632330,"name":"山形朝日町宮宿","所在":"山形県","所管":"地方公共団体"},"geometry":{"type":"Point","coordinates":[140.15,38.3]}},{"type":"Feature","properties":{"コード":632430,"name":"大江町左沢","所在":"山形県","所管":"地方公共団体"},"geometry":{"type":"Point","coordinates":[140.21,38.38]}},{"type":"Feature","properties":{"コード":634131,"name":"大石田町緑町","所在":"山形県","所管":"地方公共団体"},"geometry":{"type":"Point","coordinates":[140.37,38.59]}},{"type":"Feature","properties":{"コード":620200,"name":"米沢市駅前","所在":"山形県","所管":"気象庁"},"geometry":{"type":"Point","coordinates":[140.12,37.91]}},{"type":"Feature","properties":{"コード":620201,"name":"米沢市アルカディア","所在":"山形県","所管":"気象庁"},"geometry":{"type":"Point","coordinates":[140.14,37.91]}},{"type":"Feature","properties":{"コード":620220,"name":"米沢市林泉寺","所在":"山形県","所管":"防災科学技術研究所"},"geometry":{"type":"Point","coordinates":[140.1,37.9]}},{"type":"Feature","properties":{"コード":620231,"name":"米沢市金池","所在":"山形県","所管":"地方公共団体"},"geometry":{"type":"Point","coordinates":[140.12,37.92]}},{"type":"Feature","properties":{"コード":620932,"name":"長井市本町","所在":"山形県","所管":"地方公共団体"},"geometry":{"type":"Point","coordinates":[140.03,38.11]}},{"type":"Feature","properties":{"コード":621330,"name":"南陽市三間通","所在":"山形県","所管":"地方公共団体"},"geometry":{"type":"Point","coordinates":[140.15,38.06]}},{"type":"Feature","properties":{"コード":638131,"name":"高畠町高畠","所在":"山形県","所管":"地方公共団体"},"geometry":{"type":"Point","coordinates":[140.19,38]}},{"type":"Feature","properties":{"コード":638231,"name":"山形川西町上小松","所在":"山形県","所管":"地方公共団体"},"geometry":{"type":"Point","coordinates":[140.05,38.01]}},{"type":"Feature","properties":{"コード":640100,"name":"山形小国町岩井沢","所在":"山形県","所管":"気象庁"},"geometry":{"type":"Point","coordinates":[139.75,38.06]}},{"type":"Feature","properties":{"コード":640130,"name":"山形小国町小国小坂町","所在":"山形県","所管":"地方公共団体"},"geometry":{"type":"Point","coordinates":[139.74,38.06]}},{"type":"Feature","properties":{"コード":640200,"name":"白鷹町黒鴨","所在":"山形県","所管":"気象庁"},"geometry":{"type":"Point","coordinates":[140.06,38.22]}},{"type":"Feature","properties":{"コード":640232,"name":"白鷹町荒砥","所在":"山形県","所管":"地方公共団体"},"geometry":{"type":"Point","coordinates":[140.1,38.18]}},{"type":"Feature","properties":{"コード":640320,"name":"飯豊町上原","所在":"山形県","所管":"防災科学技術研究所"},"geometry":{"type":"Point","coordinates":[139.88,37.92]}},{"type":"Feature","properties":{"コード":640330,"name":"飯豊町椿","所在":"山形県","所管":"地方公共団体"},"geometry":{"type":"Point","coordinates":[139.99,38.05]}},{"type":"Feature","properties":{"コード":720101,"name":"福島市花園町","所在":"福島県","所管":"気象庁"},"geometry":{"type":"Point","coordinates":[140.47,37.76]}},{"type":"Feature","properties":{"コード":720120,"name":"福島市桜木町","所在":"福島県","所管":"防災科学技術研究所"},"geometry":{"type":"Point","coordinates":[140.48,37.76]}},{"type":"Feature","properties":{"コード":720131,"name":"福島市飯野町","所在":"福島県","所管":"地方公共団体"},"geometry":{"type":"Point","coordinates":[140.54,37.66]}},{"type":"Feature","properties":{"コード":720132,"name":"福島市五老内町","所在":"福島県","所管":"地方公共団体"},"geometry":{"type":"Point","coordinates":[140.48,37.76]}},{"type":"Feature","properties":{"コード":720300,"name":"郡山市朝日","所在":"福島県","所管":"気象庁"},"geometry":{"type":"Point","coordinates":[140.36,37.4]}},{"type":"Feature","properties":{"コード":720320,"name":"郡山市開成","所在":"福島県","所管":"防災科学技術研究所"},"geometry":{"type":"Point","coordinates":[140.37,37.4]}},{"type":"Feature","properties":{"コード":720321,"name":"郡山市湖南町","所在":"福島県","所管":"防災科学技術研究所"},"geometry":{"type":"Point","coordinates":[140.13,37.4]}},{"type":"Feature","properties":{"コード":720500,"name":"白河市郭内","所在":"福島県","所管":"気象庁"},"geometry":{"type":"Point","coordinates":[140.22,37.13]}},{"type":"Feature","properties":{"コード":720520,"name":"白河市新白河","所在":"福島県","所管":"防災科学技術研究所"},"geometry":{"type":"Point","coordinates":[140.19,37.12]}},{"type":"Feature","properties":{"コード":720532,"name":"白河市東","所在":"福島県","所管":"地方公共団体"},"geometry":{"type":"Point","coordinates":[140.35,37.1]}},{"type":"Feature","properties":{"コード":720534,"name":"白河市表郷","所在":"福島県","所管":"地方公共団体"},"geometry":{"type":"Point","coordinates":[140.31,37.05]}},{"type":"Feature","properties":{"コード":720535,"name":"白河市大信","所在":"福島県","所管":"地方公共団体"},"geometry":{"type":"Point","coordinates":[140.25,37.2]}},{"type":"Feature","properties":{"コード":720536,"name":"白河市八幡小路","所在":"福島県","所管":"地方公共団体"},"geometry":{"type":"Point","coordinates":[140.21,37.13]}},{"type":"Feature","properties":{"コード":720720,"name":"須賀川市八幡山","所在":"福島県","所管":"防災科学技術研究所"},"geometry":{"type":"Point","coordinates":[140.37,37.28]}},{"type":"Feature","properties":{"コード":720731,"name":"須賀川市長沼支所","所在":"福島県","所管":"地方公共団体"},"geometry":{"type":"Point","coordinates":[140.21,37.29]}},{"type":"Feature","properties":{"コード":720735,"name":"須賀川市岩瀬支所","所在":"福島県","所管":"地方公共団体"},"geometry":{"type":"Point","coordinates":[140.28,37.32]}},{"type":"Feature","properties":{"コード":720737,"name":"須賀川市八幡町","所在":"福島県","所管":"地方公共団体"},"geometry":{"type":"Point","coordinates":[140.37,37.29]}},{"type":"Feature","properties":{"コード":721030,"name":"二本松市金色","所在":"福島県","所管":"地方公共団体"},"geometry":{"type":"Point","coordinates":[140.43,37.59]}},{"type":"Feature","properties":{"コード":721031,"name":"二本松市油井","所在":"福島県","所管":"地方公共団体"},"geometry":{"type":"Point","coordinates":[140.46,37.61]}},{"type":"Feature","properties":{"コード":721032,"name":"二本松市小浜","所在":"福島県","所管":"地方公共団体"},"geometry":{"type":"Point","coordinates":[140.51,37.56]}},{"type":"Feature","properties":{"コード":721034,"name":"二本松市針道","所在":"福島県","所管":"地方公共団体"},"geometry":{"type":"Point","coordinates":[140.58,37.6]}},{"type":"Feature","properties":{"コード":721101,"name":"田村市船引町","所在":"福島県","所管":"気象庁"},"geometry":{"type":"Point","coordinates":[140.58,37.44]}},{"type":"Feature","properties":{"コード":721131,"name":"田村市大越町","所在":"福島県","所管":"地方公共団体"},"geometry":{"type":"Point","coordinates":[140.64,37.38]}},{"type":"Feature","properties":{"コード":721133,"name":"田村市常葉町","所在":"福島県","所管":"地方公共団体"},"geometry":{"type":"Point","coordinates":[140.64,37.44]}},{"type":"Feature","properties":{"コード":721134,"name":"田村市都路町","所在":"福島県","所管":"地方公共団体"},"geometry":{"type":"Point","coordinates":[140.79,37.44]}},{"type":"Feature","properties":{"コード":721135,"name":"田村市滝根町","所在":"福島県","所管":"地方公共団体"},"geometry":{"type":"Point","coordinates":[140.66,37.32]}},{"type":"Feature","properties":{"コード":721331,"name":"福島伊達市梁川町","所在":"福島県","所管":"地方公共団体"},"geometry":{"type":"Point","coordinates":[140.6,37.85]}},{"type":"Feature","properties":{"コード":721332,"name":"福島伊達市保原町","所在":"福島県","所管":"地方公共団体"},"geometry":{"type":"Point","coordinates":[140.56,37.82]}},{"type":"Feature","properties":{"コード":721333,"name":"福島伊達市霊山町","所在":"福島県","所管":"地方公共団体"},"geometry":{"type":"Point","coordinates":[140.6,37.78]}},{"type":"Feature","properties":{"コード":721335,"name":"福島伊達市月舘町","所在":"福島県","所管":"地方公共団体"},"geometry":{"type":"Point","coordinates":[140.61,37.73]}},{"type":"Feature","properties":{"コード":721336,"name":"福島伊達市前川原","所在":"福島県","所管":"地方公共団体"},"geometry":{"type":"Point","coordinates":[140.51,37.82]}},{"type":"Feature","properties":{"コード":721430,"name":"本宮市本宮","所在":"福島県","所管":"地方公共団体"},"geometry":{"type":"Point","coordinates":[140.39,37.51]}},{"type":"Feature","properties":{"コード":721432,"name":"本宮市白岩","所在":"福島県","所管":"地方公共団体"},"geometry":{"type":"Point","coordinates":[140.45,37.51]}},{"type":"Feature","properties":{"コード":730131,"name":"桑折町谷地","所在":"福島県","所管":"地方公共団体"},"geometry":{"type":"Point","coordinates":[140.52,37.85]}},{"type":"Feature","properties":{"コード":730334,"name":"国見町藤田","所在":"福島県","所管":"地方公共団体"},"geometry":{"type":"Point","coordinates":[140.55,37.88]}},{"type":"Feature","properties":{"コード":730832,"name":"川俣町五百田","所在":"福島県","所管":"地方公共団体"},"geometry":{"type":"Point","coordinates":[140.6,37.66]}},{"type":"Feature","properties":{"コード":732201,"name":"大玉村南小屋","所在":"福島県","所管":"気象庁"},"geometry":{"type":"Point","coordinates":[140.33,37.56]}},{"type":"Feature","properties":{"コード":732232,"name":"大玉村玉井","所在":"福島県","所管":"地方公共団体"},"geometry":{"type":"Point","coordinates":[140.37,37.53]}},{"type":"Feature","properties":{"コード":734230,"name":"鏡石町不時沼","所在":"福島県","所管":"地方公共団体"},"geometry":{"type":"Point","coordinates":[140.34,37.25]}},{"type":"Feature","properties":{"コード":734431,"name":"天栄村下松本","所在":"福島県","所管":"地方公共団体"},"geometry":{"type":"Point","coordinates":[140.25,37.26]}},{"type":"Feature","properties":{"コード":734432,"name":"天栄村湯本支所","所在":"福島県","所管":"地方公共団体"},"geometry":{"type":"Point","coordinates":[140.02,37.27]}},{"type":"Feature","properties":{"コード":746130,"name":"西郷村熊倉","所在":"福島県","所管":"地方公共団体"},"geometry":{"type":"Point","coordinates":[140.16,37.14]}},{"type":"Feature","properties":{"コード":746431,"name":"泉崎村泉崎","所在":"福島県","所管":"地方公共団体"},"geometry":{"type":"Point","coordinates":[140.3,37.15]}},{"type":"Feature","properties":{"コード":746532,"name":"中島村滑津","所在":"福島県","所管":"地方公共団体"},"geometry":{"type":"Point","coordinates":[140.35,37.15]}},{"type":"Feature","properties":{"コード":746630,"name":"矢吹町一本木","所在":"福島県","所管":"地方公共団体"},"geometry":{"type":"Point","coordinates":[140.34,37.2]}},{"type":"Feature","properties":{"コード":748101,"name":"棚倉町棚倉中居野","所在":"福島県","所管":"気象庁"},"geometry":{"type":"Point","coordinates":[140.38,37.03]}},{"type":"Feature","properties":{"コード":748120,"name":"棚倉町棚倉舘ヶ丘","所在":"福島県","所管":"防災科学技術研究所"},"geometry":{"type":"Point","coordinates":[140.38,37.02]}},{"type":"Feature","properties":{"コード":748221,"name":"矢祭町戸塚","所在":"福島県","所管":"防災科学技術研究所"},"geometry":{"type":"Point","coordinates":[140.42,36.89]}},{"type":"Feature","properties":{"コード":748230,"name":"矢祭町東舘","所在":"福島県","所管":"地方公共団体"},"geometry":{"type":"Point","coordinates":[140.42,36.87]}},{"type":"Feature","properties":{"コード":748331,"name":"塙町塙","所在":"福島県","所管":"地方公共団体"},"geometry":{"type":"Point","coordinates":[140.41,36.96]}},{"type":"Feature","properties":{"コード":748430,"name":"鮫川村赤坂中野","所在":"福島県","所管":"地方公共団体"},"geometry":{"type":"Point","coordinates":[140.51,37.04]}},{"type":"Feature","properties":{"コード":750131,"name":"石川町長久保","所在":"福島県","所管":"地方公共団体"},"geometry":{"type":"Point","coordinates":[140.45,37.16]}},{"type":"Feature","properties":{"コード":750230,"name":"玉川村小高","所在":"福島県","所管":"地方公共団体"},"geometry":{"type":"Point","coordinates":[140.41,37.21]}},{"type":"Feature","properties":{"コード":750331,"name":"平田村永田","所在":"福島県","所管":"地方公共団体"},"geometry":{"type":"Point","coordinates":[140.58,37.22]}},{"type":"Feature","properties":{"コード":750430,"name":"浅川町浅川","所在":"福島県","所管":"地方公共団体"},"geometry":{"type":"Point","coordinates":[140.41,37.08]}},{"type":"Feature","properties":{"コード":750500,"name":"古殿町松川横川","所在":"福島県","所管":"気象庁"},"geometry":{"type":"Point","coordinates":[140.56,37.09]}},{"type":"Feature","properties":{"コード":750530,"name":"古殿町松川新桑原","所在":"福島県","所管":"地方公共団体"},"geometry":{"type":"Point","coordinates":[140.56,37.09]}},{"type":"Feature","properties":{"コード":752131,"name":"三春町大町","所在":"福島県","所管":"地方公共団体"},"geometry":{"type":"Point","coordinates":[140.49,37.44]}},{"type":"Feature","properties":{"コード":752220,"name":"小野町中通","所在":"福島県","所管":"防災科学技術研究所"},"geometry":{"type":"Point","coordinates":[140.63,37.28]}},{"type":"Feature","properties":{"コード":752230,"name":"小野町小野新町","所在":"福島県","所管":"地方公共団体"},"geometry":{"type":"Point","coordinates":[140.63,37.29]}},{"type":"Feature","properties":{"コード":720400,"name":"いわき市小名浜","所在":"福島県","所管":"気象庁"},"geometry":{"type":"Point","coordinates":[140.9,36.95]}},{"type":"Feature","properties":{"コード":720401,"name":"いわき市三和町","所在":"福島県","所管":"気象庁"},"geometry":{"type":"Point","coordinates":[140.8,37.1]}},{"type":"Feature","properties":{"コード":720420,"name":"いわき市平四ツ波","所在":"福島県","所管":"防災科学技術研究所"},"geometry":{"type":"Point","coordinates":[140.9,37.09]}},{"type":"Feature","properties":{"コード":720421,"name":"いわき市錦町","所在":"福島県","所管":"防災科学技術研究所"},"geometry":{"type":"Point","coordinates":[140.79,36.91]}},{"type":"Feature","properties":{"コード":720433,"name":"いわき市平梅本","所在":"福島県","所管":"地方公共団体"},"geometry":{"type":"Point","coordinates":[140.89,37.05]}},{"type":"Feature","properties":{"コード":720932,"name":"相馬市中村","所在":"福島県","所管":"地方公共団体"},"geometry":{"type":"Point","coordinates":[140.92,37.8]}},{"type":"Feature","properties":{"コード":721200,"name":"南相馬市原町区三島町","所在":"福島県","所管":"気象庁"},"geometry":{"type":"Point","coordinates":[140.96,37.64]}},{"type":"Feature","properties":{"コード":721201,"name":"南相馬市鹿島区栃窪","所在":"福島県","所管":"気象庁"},"geometry":{"type":"Point","coordinates":[140.89,37.72]}},{"type":"Feature","properties":{"コード":721220,"name":"南相馬市原町区高見町","所在":"福島県","所管":"防災科学技術研究所"},"geometry":{"type":"Point","coordinates":[140.99,37.64]}},{"type":"Feature","properties":{"コード":721230,"name":"南相馬市原町区本町","所在":"福島県","所管":"地方公共団体"},"geometry":{"type":"Point","coordinates":[140.97,37.64]}},{"type":"Feature","properties":{"コード":721233,"name":"南相馬市鹿島区西町","所在":"福島県","所管":"地方公共団体"},"geometry":{"type":"Point","coordinates":[140.97,37.7]}},{"type":"Feature","properties":{"コード":721235,"name":"南相馬市小高区","所在":"福島県","所管":"地方公共団体"},"geometry":{"type":"Point","coordinates":[140.99,37.57]}},{"type":"Feature","properties":{"コード":754120,"name":"福島広野町下北迫大谷地原","所在":"福島県","所管":"防災科学技術研究所"},"geometry":{"type":"Point","coordinates":[141,37.23]}},{"type":"Feature","properties":{"コード":754130,"name":"福島広野町下北迫苗代替","所在":"福島県","所管":"地方公共団体"},"geometry":{"type":"Point","coordinates":[141,37.21]}},{"type":"Feature","properties":{"コード":754230,"name":"楢葉町北田","所在":"福島県","所管":"地方公共団体"},"geometry":{"type":"Point","coordinates":[140.99,37.28]}},{"type":"Feature","properties":{"コード":754330,"name":"富岡町本岡","所在":"福島県","所管":"地方公共団体"},"geometry":{"type":"Point","coordinates":[141.01,37.34]}},{"type":"Feature","properties":{"コード":754400,"name":"川内村下川内","所在":"福島県","所管":"気象庁"},"geometry":{"type":"Point","coordinates":[140.87,37.37]}},{"type":"Feature","properties":{"コード":754420,"name":"川内村上川内小山平","所在":"福島県","所管":"防災科学技術研究所"},"geometry":{"type":"Point","coordinates":[140.81,37.34]}},{"type":"Feature","properties":{"コード":754430,"name":"川内村上川内早渡","所在":"福島県","所管":"地方公共団体"},"geometry":{"type":"Point","coordinates":[140.81,37.34]}},{"type":"Feature","properties":{"コード":754520,"name":"大熊町野上","所在":"福島県","所管":"防災科学技術研究所"},"geometry":{"type":"Point","coordinates":[140.96,37.41]}},{"type":"Feature","properties":{"コード":754531,"name":"大熊町大川原","所在":"福島県","所管":"地方公共団体"},"geometry":{"type":"Point","coordinates":[140.96,37.38]}},{"type":"Feature","properties":{"コード":754633,"name":"双葉町長塚","所在":"福島県","所管":"地方公共団体"},"geometry":{"type":"Point","coordinates":[141.01,37.45]}},{"type":"Feature","properties":{"コード":754700,"name":"浪江町幾世橋","所在":"福島県","所管":"気象庁"},"geometry":{"type":"Point","coordinates":[141,37.49]}},{"type":"Feature","properties":{"コード":754830,"name":"葛尾村落合落合","所在":"福島県","所管":"地方公共団体"},"geometry":{"type":"Point","coordinates":[140.76,37.5]}},{"type":"Feature","properties":{"コード":756132,"name":"新地町谷地小屋","所在":"福島県","所管":"地方公共団体"},"geometry":{"type":"Point","coordinates":[140.92,37.88]}},{"type":"Feature","properties":{"コード":756431,"name":"飯舘村伊丹沢","所在":"福島県","所管":"地方公共団体"},"geometry":{"type":"Point","coordinates":[140.74,37.68]}},{"type":"Feature","properties":{"コード":720201,"name":"会津若松市材木町","所在":"福島県","所管":"気象庁"},"geometry":{"type":"Point","coordinates":[139.91,37.49]}},{"type":"Feature","properties":{"コード":720231,"name":"会津若松市北会津町","所在":"福島県","所管":"地方公共団体"},"geometry":{"type":"Point","coordinates":[139.87,37.49]}},{"type":"Feature","properties":{"コード":720232,"name":"会津若松市河東町","所在":"福島県","所管":"地方公共団体"},"geometry":{"type":"Point","coordinates":[139.93,37.55]}},{"type":"Feature","properties":{"コード":720820,"name":"喜多方市松山町","所在":"福島県","所管":"防災科学技術研究所"},"geometry":{"type":"Point","coordinates":[139.86,37.65]}},{"type":"Feature","properties":{"コード":720831,"name":"喜多方市熱塩加納町","所在":"福島県","所管":"地方公共団体"},"geometry":{"type":"Point","coordinates":[139.87,37.72]}},{"type":"Feature","properties":{"コード":720834,"name":"喜多方市高郷町","所在":"福島県","所管":"地方公共団体"},"geometry":{"type":"Point","coordinates":[139.76,37.6]}},{"type":"Feature","properties":{"コード":720835,"name":"喜多方市御清水","所在":"福島県","所管":"地方公共団体"},"geometry":{"type":"Point","coordinates":[139.88,37.65]}},{"type":"Feature","properties":{"コード":720836,"name":"喜多方市塩川町","所在":"福島県","所管":"地方公共団体"},"geometry":{"type":"Point","coordinates":[139.89,37.6]}},{"type":"Feature","properties":{"コード":720837,"name":"喜多方市山都町","所在":"福島県","所管":"地方公共団体"},"geometry":{"type":"Point","coordinates":[139.77,37.64]}},{"type":"Feature","properties":{"コード":736220,"name":"下郷町高陦","所在":"福島県","所管":"防災科学技術研究所"},"geometry":{"type":"Point","coordinates":[139.9,37.31]}},{"type":"Feature","properties":{"コード":736230,"name":"下郷町塩生","所在":"福島県","所管":"地方公共団体"},"geometry":{"type":"Point","coordinates":[139.87,37.26]}},{"type":"Feature","properties":{"コード":736420,"name":"檜枝岐村上河原","所在":"福島県","所管":"防災科学技術研究所"},"geometry":{"type":"Point","coordinates":[139.38,37.02]}},{"type":"Feature","properties":{"コード":736432,"name":"檜枝岐村下ノ原","所在":"福島県","所管":"地方公共団体"},"geometry":{"type":"Point","coordinates":[139.39,37.02]}},{"type":"Feature","properties":{"コード":736720,"name":"只見町黒谷","所在":"福島県","所管":"防災科学技術研究所"},"geometry":{"type":"Point","coordinates":[139.36,37.3]}},{"type":"Feature","properties":{"コード":736730,"name":"只見町只見","所在":"福島県","所管":"地方公共団体"},"geometry":{"type":"Point","coordinates":[139.32,37.35]}},{"type":"Feature","properties":{"コード":736801,"name":"南会津町田島","所在":"福島県","所管":"気象庁"},"geometry":{"type":"Point","coordinates":[139.77,37.2]}},{"type":"Feature","properties":{"コード":736820,"name":"南会津町界","所在":"福島県","所管":"防災科学技術研究所"},"geometry":{"type":"Point","coordinates":[139.54,37.27]}},{"type":"Feature","properties":{"コード":736821,"name":"南会津町滝原","所在":"福島県","所管":"防災科学技術研究所"},"geometry":{"type":"Point","coordinates":[139.68,37.07]}},{"type":"Feature","properties":{"コード":736831,"name":"南会津町古町","所在":"福島県","所管":"地方公共団体"},"geometry":{"type":"Point","coordinates":[139.53,37.18]}},{"type":"Feature","properties":{"コード":736832,"name":"南会津町山口","所在":"福島県","所管":"地方公共団体"},"geometry":{"type":"Point","coordinates":[139.54,37.22]}},{"type":"Feature","properties":{"コード":736833,"name":"南会津町松戸原","所在":"福島県","所管":"地方公共団体"},"geometry":{"type":"Point","coordinates":[139.53,37.09]}},{"type":"Feature","properties":{"コード":740231,"name":"北塩原村北山","所在":"福島県","所管":"地方公共団体"},"geometry":{"type":"Point","coordinates":[139.94,37.66]}},{"type":"Feature","properties":{"コード":740501,"name":"西会津町野沢","所在":"福島県","所管":"気象庁"},"geometry":{"type":"Point","coordinates":[139.65,37.59]}},{"type":"Feature","properties":{"コード":740520,"name":"西会津町登世島","所在":"福島県","所管":"防災科学技術研究所"},"geometry":{"type":"Point","coordinates":[139.65,37.6]}},{"type":"Feature","properties":{"コード":740731,"name":"磐梯町磐梯","所在":"福島県","所管":"地方公共団体"},"geometry":{"type":"Point","coordinates":[139.99,37.56]}},{"type":"Feature","properties":{"コード":740800,"name":"猪苗代町城南","所在":"福島県","所管":"気象庁"},"geometry":{"type":"Point","coordinates":[140.1,37.56]}},{"type":"Feature","properties":{"コード":740821,"name":"猪苗代町下園","所在":"福島県","所管":"防災科学技術研究所"},"geometry":{"type":"Point","coordinates":[140.12,37.56]}},{"type":"Feature","properties":{"コード":742130,"name":"会津坂下町市中三番甲","所在":"福島県","所管":"地方公共団体"},"geometry":{"type":"Point","coordinates":[139.82,37.56]}},{"type":"Feature","properties":{"コード":742232,"name":"湯川村清水田","所在":"福島県","所管":"地方公共団体"},"geometry":{"type":"Point","coordinates":[139.89,37.57]}},{"type":"Feature","properties":{"コード":742300,"name":"柳津町大成沢","所在":"福島県","所管":"気象庁"},"geometry":{"type":"Point","coordinates":[139.7,37.41]}},{"type":"Feature","properties":{"コード":742331,"name":"柳津町柳津","所在":"福島県","所管":"地方公共団体"},"geometry":{"type":"Point","coordinates":[139.72,37.53]}},{"type":"Feature","properties":{"コード":744430,"name":"三島町宮下","所在":"福島県","所管":"地方公共団体"},"geometry":{"type":"Point","coordinates":[139.64,37.47]}},{"type":"Feature","properties":{"コード":744530,"name":"福島金山町川口","所在":"福島県","所管":"地方公共団体"},"geometry":{"type":"Point","coordinates":[139.52,37.45]}},{"type":"Feature","properties":{"コード":744631,"name":"福島昭和村下中津川","所在":"福島県","所管":"地方公共団体"},"geometry":{"type":"Point","coordinates":[139.61,37.34]}},{"type":"Feature","properties":{"コード":744733,"name":"会津美里町本郷庁舎","所在":"福島県","所管":"地方公共団体"},"geometry":{"type":"Point","coordinates":[139.88,37.45]}},{"type":"Feature","properties":{"コード":744734,"name":"会津美里町新鶴庁舎","所在":"福島県","所管":"地方公共団体"},"geometry":{"type":"Point","coordinates":[139.83,37.51]}},{"type":"Feature","properties":{"コード":744735,"name":"会津美里町高田庁舎","所在":"福島県","所管":"地方公共団体"},"geometry":{"type":"Point","coordinates":[139.83,37.47]}},{"type":"Feature","properties":{"コード":820101,"name":"水戸市金町","所在":"茨城県","所管":"気象庁"},"geometry":{"type":"Point","coordinates":[140.47,36.38]}},{"type":"Feature","properties":{"コード":820121,"name":"水戸市千波町","所在":"茨城県","所管":"防災科学技術研究所"},"geometry":{"type":"Point","coordinates":[140.45,36.37]}},{"type":"Feature","properties":{"コード":820132,"name":"水戸市内原町","所在":"茨城県","所管":"地方公共団体"},"geometry":{"type":"Point","coordinates":[140.36,36.36]}},{"type":"Feature","properties":{"コード":820133,"name":"水戸市栗崎町","所在":"茨城県","所管":"地方公共団体"},"geometry":{"type":"Point","coordinates":[140.52,36.35]}},{"type":"Feature","properties":{"コード":820220,"name":"日立市助川小学校","所在":"茨城県","所管":"防災科学技術研究所"},"geometry":{"type":"Point","coordinates":[140.65,36.59]}},{"type":"Feature","properties":{"コード":820232,"name":"日立市役所","所在":"茨城県","所管":"地方公共団体"},"geometry":{"type":"Point","coordinates":[140.65,36.6]}},{"type":"Feature","properties":{"コード":820233,"name":"日立市十王町友部","所在":"茨城県","所管":"地方公共団体"},"geometry":{"type":"Point","coordinates":[140.68,36.68]}},{"type":"Feature","properties":{"コード":821200,"name":"常陸太田市町屋町","所在":"茨城県","所管":"気象庁"},"geometry":{"type":"Point","coordinates":[140.57,36.61]}},{"type":"Feature","properties":{"コード":821232,"name":"常陸太田市町田町","所在":"茨城県","所管":"地方公共団体"},"geometry":{"type":"Point","coordinates":[140.48,36.62]}},{"type":"Feature","properties":{"コード":821235,"name":"常陸太田市高柿町","所在":"茨城県","所管":"地方公共団体"},"geometry":{"type":"Point","coordinates":[140.46,36.55]}},{"type":"Feature","properties":{"コード":821236,"name":"常陸太田市金井町","所在":"茨城県","所管":"地方公共団体"},"geometry":{"type":"Point","coordinates":[140.53,36.54]}},{"type":"Feature","properties":{"コード":821237,"name":"常陸太田市大中町","所在":"茨城県","所管":"地方公共団体"},"geometry":{"type":"Point","coordinates":[140.49,36.73]}},{"type":"Feature","properties":{"コード":821420,"name":"高萩市安良川","所在":"茨城県","所管":"防災科学技術研究所"},"geometry":{"type":"Point","coordinates":[140.71,36.71]}},{"type":"Feature","properties":{"コード":821432,"name":"高萩市本町","所在":"茨城県","所管":"地方公共団体"},"geometry":{"type":"Point","coordinates":[140.72,36.71]}},{"type":"Feature","properties":{"コード":821530,"name":"北茨城市磯原町","所在":"茨城県","所管":"地方公共団体"},"geometry":{"type":"Point","coordinates":[140.75,36.8]}},{"type":"Feature","properties":{"コード":821540,"name":"北茨城市中郷町","所在":"茨城県","所管":"地方公共団体"},"geometry":{"type":"Point","coordinates":[140.73,36.78]}},{"type":"Feature","properties":{"コード":821620,"name":"笠間市石井","所在":"茨城県","所管":"防災科学技術研究所"},"geometry":{"type":"Point","coordinates":[140.24,36.39]}},{"type":"Feature","properties":{"コード":821631,"name":"笠間市中央","所在":"茨城県","所管":"地方公共団体"},"geometry":{"type":"Point","coordinates":[140.3,36.35]}},{"type":"Feature","properties":{"コード":821632,"name":"笠間市下郷","所在":"茨城県","所管":"地方公共団体"},"geometry":{"type":"Point","coordinates":[140.29,36.3]}},{"type":"Feature","properties":{"コード":821634,"name":"笠間市笠間","所在":"茨城県","所管":"地方公共団体"},"geometry":{"type":"Point","coordinates":[140.25,36.38]}},{"type":"Feature","properties":{"コード":822100,"name":"ひたちなか市山ノ上町","所在":"茨城県","所管":"気象庁"},"geometry":{"type":"Point","coordinates":[140.59,36.34]}},{"type":"Feature","properties":{"コード":822120,"name":"ひたちなか市南神敷台","所在":"茨城県","所管":"防災科学技術研究所"},"geometry":{"type":"Point","coordinates":[140.6,36.35]}},{"type":"Feature","properties":{"コード":822131,"name":"ひたちなか市東石川","所在":"茨城県","所管":"地方公共団体"},"geometry":{"type":"Point","coordinates":[140.54,36.4]}},{"type":"Feature","properties":{"コード":822500,"name":"常陸大宮市中富町","所在":"茨城県","所管":"気象庁"},"geometry":{"type":"Point","coordinates":[140.41,36.54]}},{"type":"Feature","properties":{"コード":822521,"name":"常陸大宮市北町","所在":"茨城県","所管":"防災科学技術研究所"},"geometry":{"type":"Point","coordinates":[140.41,36.55]}},{"type":"Feature","properties":{"コード":822535,"name":"常陸大宮市高部","所在":"茨城県","所管":"地方公共団体"},"geometry":{"type":"Point","coordinates":[140.3,36.66]}},{"type":"Feature","properties":{"コード":822536,"name":"常陸大宮市上小瀬","所在":"茨城県","所管":"地方公共団体"},"geometry":{"type":"Point","coordinates":[140.32,36.61]}},{"type":"Feature","properties":{"コード":822537,"name":"常陸大宮市山方","所在":"茨城県","所管":"地方公共団体"},"geometry":{"type":"Point","coordinates":[140.4,36.63]}},{"type":"Feature","properties":{"コード":822538,"name":"常陸大宮市野口","所在":"茨城県","所管":"地方公共団体"},"geometry":{"type":"Point","coordinates":[140.32,36.56]}},{"type":"Feature","properties":{"コード":822630,"name":"那珂市福田","所在":"茨城県","所管":"地方公共団体"},"geometry":{"type":"Point","coordinates":[140.49,36.46]}},{"type":"Feature","properties":{"コード":822631,"name":"那珂市瓜連","所在":"茨城県","所管":"地方公共団体"},"geometry":{"type":"Point","coordinates":[140.44,36.5]}},{"type":"Feature","properties":{"コード":823633,"name":"小美玉市小川","所在":"茨城県","所管":"地方公共団体"},"geometry":{"type":"Point","coordinates":[140.36,36.18]}},{"type":"Feature","properties":{"コード":823634,"name":"小美玉市堅倉","所在":"茨城県","所管":"地方公共団体"},"geometry":{"type":"Point","coordinates":[140.35,36.24]}},{"type":"Feature","properties":{"コード":823635,"name":"小美玉市上玉里","所在":"茨城県","所管":"地方公共団体"},"geometry":{"type":"Point","coordinates":[140.34,36.16]}},{"type":"Feature","properties":{"コード":830231,"name":"茨城町小堤","所在":"茨城県","所管":"地方公共団体"},"geometry":{"type":"Point","coordinates":[140.42,36.29]}},{"type":"Feature","properties":{"コード":830931,"name":"大洗町磯浜町","所在":"茨城県","所管":"地方公共団体"},"geometry":{"type":"Point","coordinates":[140.58,36.32]}},{"type":"Feature","properties":{"コード":831034,"name":"城里町石塚","所在":"茨城県","所管":"地方公共団体"},"geometry":{"type":"Point","coordinates":[140.38,36.48]}},{"type":"Feature","properties":{"コード":831035,"name":"城里町阿波山","所在":"茨城県","所管":"地方公共団体"},"geometry":{"type":"Point","coordinates":[140.37,36.52]}},{"type":"Feature","properties":{"コード":831037,"name":"城里町徳蔵","所在":"茨城県","所管":"地方公共団体"},"geometry":{"type":"Point","coordinates":[140.26,36.46]}},{"type":"Feature","properties":{"コード":834132,"name":"東海村東海","所在":"茨城県","所管":"地方公共団体"},"geometry":{"type":"Point","coordinates":[140.57,36.47]}},{"type":"Feature","properties":{"コード":836430,"name":"大子町池田","所在":"茨城県","所管":"地方公共団体"},"geometry":{"type":"Point","coordinates":[140.36,36.78]}},{"type":"Feature","properties":{"コード":820301,"name":"土浦市常名","所在":"茨城県","所管":"気象庁"},"geometry":{"type":"Point","coordinates":[140.19,36.1]}},{"type":"Feature","properties":{"コード":820332,"name":"土浦市田中","所在":"茨城県","所管":"地方公共団体"},"geometry":{"type":"Point","coordinates":[140.19,36.09]}},{"type":"Feature","properties":{"コード":820333,"name":"土浦市藤沢","所在":"茨城県","所管":"地方公共団体"},"geometry":{"type":"Point","coordinates":[140.16,36.13]}},{"type":"Feature","properties":{"コード":820432,"name":"茨城古河市仁連","所在":"茨城県","所管":"地方公共団体"},"geometry":{"type":"Point","coordinates":[139.82,36.19]}},{"type":"Feature","properties":{"コード":820433,"name":"茨城古河市長谷町","所在":"茨城県","所管":"地方公共団体"},"geometry":{"type":"Point","coordinates":[139.7,36.18]}},{"type":"Feature","properties":{"コード":820434,"name":"茨城古河市下大野","所在":"茨城県","所管":"地方公共団体"},"geometry":{"type":"Point","coordinates":[139.76,36.18]}},{"type":"Feature","properties":{"コード":820500,"name":"石岡市柿岡","所在":"茨城県","所管":"気象庁"},"geometry":{"type":"Point","coordinates":[140.19,36.23]}},{"type":"Feature","properties":{"コード":820520,"name":"石岡市若宮","所在":"茨城県","所管":"防災科学技術研究所"},"geometry":{"type":"Point","coordinates":[140.27,36.2]}},{"type":"Feature","properties":{"コード":820532,"name":"石岡市八郷","所在":"茨城県","所管":"地方公共団体"},"geometry":{"type":"Point","coordinates":[140.2,36.25]}},{"type":"Feature","properties":{"コード":820533,"name":"石岡市石岡","所在":"茨城県","所管":"地方公共団体"},"geometry":{"type":"Point","coordinates":[140.29,36.19]}},{"type":"Feature","properties":{"コード":820731,"name":"結城市中央町","所在":"茨城県","所管":"地方公共団体"},"geometry":{"type":"Point","coordinates":[139.87,36.29]}},{"type":"Feature","properties":{"コード":820831,"name":"龍ケ崎市役所","所在":"茨城県","所管":"地方公共団体"},"geometry":{"type":"Point","coordinates":[140.18,35.91]}},{"type":"Feature","properties":{"コード":821033,"name":"下妻市本城町","所在":"茨城県","所管":"地方公共団体"},"geometry":{"type":"Point","coordinates":[139.97,36.18]}},{"type":"Feature","properties":{"コード":821034,"name":"下妻市鬼怒","所在":"茨城県","所管":"地方公共団体"},"geometry":{"type":"Point","coordinates":[139.96,36.16]}},{"type":"Feature","properties":{"コード":821133,"name":"常総市新石下","所在":"茨城県","所管":"地方公共団体"},"geometry":{"type":"Point","coordinates":[139.98,36.12]}},{"type":"Feature","properties":{"コード":821134,"name":"常総市水海道諏訪町","所在":"茨城県","所管":"地方公共団体"},"geometry":{"type":"Point","coordinates":[139.99,36.02]}},{"type":"Feature","properties":{"コード":821720,"name":"取手市寺田","所在":"茨城県","所管":"防災科学技術研究所"},"geometry":{"type":"Point","coordinates":[140.05,35.91]}},{"type":"Feature","properties":{"コード":821730,"name":"取手市井野","所在":"茨城県","所管":"地方公共団体"},"geometry":{"type":"Point","coordinates":[140.07,35.91]}},{"type":"Feature","properties":{"コード":821731,"name":"取手市藤代","所在":"茨城県","所管":"地方公共団体"},"geometry":{"type":"Point","coordinates":[140.11,35.92]}},{"type":"Feature","properties":{"コード":821931,"name":"牛久市中央","所在":"茨城県","所管":"地方公共団体"},"geometry":{"type":"Point","coordinates":[140.15,35.98]}},{"type":"Feature","properties":{"コード":822020,"name":"つくば市天王台","所在":"茨城県","所管":"防災科学技術研究所"},"geometry":{"type":"Point","coordinates":[140.09,36.13]}},{"type":"Feature","properties":{"コード":822032,"name":"つくば市研究学園","所在":"茨城県","所管":"地方公共団体"},"geometry":{"type":"Point","coordinates":[140.08,36.08]}},{"type":"Feature","properties":{"コード":822033,"name":"つくば市小茎","所在":"茨城県","所管":"地方公共団体"},"geometry":{"type":"Point","coordinates":[140.11,35.99]}},{"type":"Feature","properties":{"コード":822201,"name":"茨城鹿嶋市鉢形","所在":"茨城県","所管":"気象庁"},"geometry":{"type":"Point","coordinates":[140.65,35.97]}},{"type":"Feature","properties":{"コード":822220,"name":"茨城鹿嶋市宮中","所在":"茨城県","所管":"防災科学技術研究所"},"geometry":{"type":"Point","coordinates":[140.63,35.98]}},{"type":"Feature","properties":{"コード":822300,"name":"潮来市堀之内","所在":"茨城県","所管":"気象庁"},"geometry":{"type":"Point","coordinates":[140.53,35.97]}},{"type":"Feature","properties":{"コード":822331,"name":"潮来市辻","所在":"茨城県","所管":"地方公共団体"},"geometry":{"type":"Point","coordinates":[140.56,35.95]}},{"type":"Feature","properties":{"コード":822431,"name":"守谷市大柏","所在":"茨城県","所管":"地方公共団体"},"geometry":{"type":"Point","coordinates":[139.98,35.95]}},{"type":"Feature","properties":{"コード":822700,"name":"筑西市舟生","所在":"茨城県","所管":"気象庁"},"geometry":{"type":"Point","coordinates":[139.93,36.25]}},{"type":"Feature","properties":{"コード":822733,"name":"筑西市門井","所在":"茨城県","所管":"地方公共団体"},"geometry":{"type":"Point","coordinates":[140.03,36.33]}},{"type":"Feature","properties":{"コード":822734,"name":"筑西市海老ヶ島","所在":"茨城県","所管":"地方公共団体"},"geometry":{"type":"Point","coordinates":[140.04,36.25]}},{"type":"Feature","properties":{"コード":822735,"name":"筑西市二木成","所在":"茨城県","所管":"地方公共団体"},"geometry":{"type":"Point","coordinates":[139.97,36.3]}},{"type":"Feature","properties":{"コード":822800,"name":"坂東市岩井","所在":"茨城県","所管":"気象庁"},"geometry":{"type":"Point","coordinates":[139.88,36.04]}},{"type":"Feature","properties":{"コード":822820,"name":"坂東市馬立","所在":"茨城県","所管":"防災科学技術研究所"},"geometry":{"type":"Point","coordinates":[139.91,36.07]}},{"type":"Feature","properties":{"コード":822834,"name":"坂東市役所","所在":"茨城県","所管":"地方公共団体"},"geometry":{"type":"Point","coordinates":[139.89,36.05]}},{"type":"Feature","properties":{"コード":822835,"name":"坂東市山","所在":"茨城県","所管":"地方公共団体"},"geometry":{"type":"Point","coordinates":[139.89,36.12]}},{"type":"Feature","properties":{"コード":822920,"name":"稲敷市江戸崎甲","所在":"茨城県","所管":"防災科学技術研究所"},"geometry":{"type":"Point","coordinates":[140.32,35.95]}},{"type":"Feature","properties":{"コード":822934,"name":"稲敷市役所","所在":"茨城県","所管":"地方公共団体"},"geometry":{"type":"Point","coordinates":[140.3,35.97]}},{"type":"Feature","properties":{"コード":822935,"name":"稲敷市伊佐津","所在":"茨城県","所管":"地方公共団体"},"geometry":{"type":"Point","coordinates":[140.29,35.91]}},{"type":"Feature","properties":{"コード":822936,"name":"稲敷市結佐","所在":"茨城県","所管":"地方公共団体"},"geometry":{"type":"Point","coordinates":[140.46,35.93]}},{"type":"Feature","properties":{"コード":822937,"name":"稲敷市須賀津","所在":"茨城県","所管":"地方公共団体"},"geometry":{"type":"Point","coordinates":[140.41,35.97]}},{"type":"Feature","properties":{"コード":823032,"name":"かすみがうら市大和田","所在":"茨城県","所管":"地方公共団体"},"geometry":{"type":"Point","coordinates":[140.33,36.09]}},{"type":"Feature","properties":{"コード":823033,"name":"かすみがうら市上土田","所在":"茨城県","所管":"地方公共団体"},"geometry":{"type":"Point","coordinates":[140.24,36.15]}},{"type":"Feature","properties":{"コード":823133,"name":"桜川市岩瀬","所在":"茨城県","所管":"地方公共団体"},"geometry":{"type":"Point","coordinates":[140.11,36.36]}},{"type":"Feature","properties":{"コード":823134,"name":"桜川市真壁","所在":"茨城県","所管":"地方公共団体"},"geometry":{"type":"Point","coordinates":[140.09,36.27]}},{"type":"Feature","properties":{"コード":823135,"name":"桜川市羽田","所在":"茨城県","所管":"地方公共団体"},"geometry":{"type":"Point","coordinates":[140.09,36.33]}},{"type":"Feature","properties":{"コード":823230,"name":"神栖市溝口","所在":"茨城県","所管":"地方公共団体"},"geometry":{"type":"Point","coordinates":[140.66,35.89]}},{"type":"Feature","properties":{"コード":823232,"name":"神栖市波崎","所在":"茨城県","所管":"地方公共団体"},"geometry":{"type":"Point","coordinates":[140.81,35.76]}},{"type":"Feature","properties":{"コード":823332,"name":"行方市玉造","所在":"茨城県","所管":"地方公共団体"},"geometry":{"type":"Point","coordinates":[140.42,36.1]}},{"type":"Feature","properties":{"コード":823333,"name":"行方市麻生","所在":"茨城県","所管":"地方公共団体"},"geometry":{"type":"Point","coordinates":[140.49,35.99]}},{"type":"Feature","properties":{"コード":823334,"name":"行方市山田","所在":"茨城県","所管":"地方公共団体"},"geometry":{"type":"Point","coordinates":[140.53,36.08]}},{"type":"Feature","properties":{"コード":823400,"name":"鉾田市鉾田","所在":"茨城県","所管":"気象庁"},"geometry":{"type":"Point","coordinates":[140.52,36.16]}},{"type":"Feature","properties":{"コード":823432,"name":"鉾田市汲上","所在":"茨城県","所管":"地方公共団体"},"geometry":{"type":"Point","coordinates":[140.57,36.1]}},{"type":"Feature","properties":{"コード":823433,"name":"鉾田市造谷","所在":"茨城県","所管":"地方公共団体"},"geometry":{"type":"Point","coordinates":[140.54,36.23]}},{"type":"Feature","properties":{"コード":823531,"name":"つくばみらい市加藤","所在":"茨城県","所管":"地方公共団体"},"geometry":{"type":"Point","coordinates":[140.01,35.99]}},{"type":"Feature","properties":{"コード":823533,"name":"つくばみらい市福田","所在":"茨城県","所管":"地方公共団体"},"geometry":{"type":"Point","coordinates":[140.04,35.96]}},{"type":"Feature","properties":{"コード":844230,"name":"美浦村受領","所在":"茨城県","所管":"地方公共団体"},"geometry":{"type":"Point","coordinates":[140.3,36]}},{"type":"Feature","properties":{"コード":844331,"name":"阿見町中央","所在":"茨城県","所管":"地方公共団体"},"geometry":{"type":"Point","coordinates":[140.21,36.03]}},{"type":"Feature","properties":{"コード":844730,"name":"河内町源清田","所在":"茨城県","所管":"地方公共団体"},"geometry":{"type":"Point","coordinates":[140.24,35.88]}},{"type":"Feature","properties":{"コード":852131,"name":"八千代町菅谷","所在":"茨城県","所管":"地方公共団体"},"geometry":{"type":"Point","coordinates":[139.89,36.18]}},{"type":"Feature","properties":{"コード":854230,"name":"五霞町小福田","所在":"茨城県","所管":"地方公共団体"},"geometry":{"type":"Point","coordinates":[139.75,36.11]}},{"type":"Feature","properties":{"コード":854631,"name":"境町旭町","所在":"茨城県","所管":"地方公共団体"},"geometry":{"type":"Point","coordinates":[139.79,36.11]}},{"type":"Feature","properties":{"コード":856400,"name":"利根町布川","所在":"茨城県","所管":"気象庁"},"geometry":{"type":"Point","coordinates":[140.14,35.86]}},{"type":"Feature","properties":{"コード":920601,"name":"日光市瀬川","所在":"栃木県","所管":"気象庁"},"geometry":{"type":"Point","coordinates":[139.69,36.73]}},{"type":"Feature","properties":{"コード":920602,"name":"日光市中宮祠","所在":"栃木県","所管":"気象庁"},"geometry":{"type":"Point","coordinates":[139.5,36.74]}},{"type":"Feature","properties":{"コード":920620,"name":"日光市鬼怒川温泉大原","所在":"栃木県","所管":"防災科学技術研究所"},"geometry":{"type":"Point","coordinates":[139.72,36.82]}},{"type":"Feature","properties":{"コード":920621,"name":"日光市湯元","所在":"栃木県","所管":"防災科学技術研究所"},"geometry":{"type":"Point","coordinates":[139.42,36.81]}},{"type":"Feature","properties":{"コード":920623,"name":"日光市足尾町中才","所在":"栃木県","所管":"防災科学技術研究所"},"geometry":{"type":"Point","coordinates":[139.44,36.63]}},{"type":"Feature","properties":{"コード":920624,"name":"日光市芹沼","所在":"栃木県","所管":"防災科学技術研究所"},"geometry":{"type":"Point","coordinates":[139.71,36.75]}},{"type":"Feature","properties":{"コード":920635,"name":"日光市足尾町通洞","所在":"栃木県","所管":"地方公共団体"},"geometry":{"type":"Point","coordinates":[139.44,36.63]}},{"type":"Feature","properties":{"コード":920636,"name":"日光市藤原庁舎","所在":"栃木県","所管":"地方公共団体"},"geometry":{"type":"Point","coordinates":[139.72,36.82]}},{"type":"Feature","properties":{"コード":920637,"name":"日光市御幸町","所在":"栃木県","所管":"地方公共団体"},"geometry":{"type":"Point","coordinates":[139.61,36.75]}},{"type":"Feature","properties":{"コード":920638,"name":"日光市黒部","所在":"栃木県","所管":"地方公共団体"},"geometry":{"type":"Point","coordinates":[139.6,36.87]}},{"type":"Feature","properties":{"コード":920639,"name":"日光市今市本町","所在":"栃木県","所管":"地方公共団体"},"geometry":{"type":"Point","coordinates":[139.7,36.72]}},{"type":"Feature","properties":{"コード":921000,"name":"大田原市黒羽田町","所在":"栃木県","所管":"気象庁"},"geometry":{"type":"Point","coordinates":[140.12,36.86]}},{"type":"Feature","properties":{"コード":921033,"name":"大田原市本町","所在":"栃木県","所管":"地方公共団体"},"geometry":{"type":"Point","coordinates":[140.02,36.87]}},{"type":"Feature","properties":{"コード":921034,"name":"大田原市湯津上","所在":"栃木県","所管":"地方公共団体"},"geometry":{"type":"Point","coordinates":[140.1,36.82]}},{"type":"Feature","properties":{"コード":921130,"name":"矢板市本町","所在":"栃木県","所管":"地方公共団体"},"geometry":{"type":"Point","coordinates":[139.92,36.81]}},{"type":"Feature","properties":{"コード":921300,"name":"那須塩原市蟇沼","所在":"栃木県","所管":"気象庁"},"geometry":{"type":"Point","coordinates":[139.92,36.97]}},{"type":"Feature","properties":{"コード":921320,"name":"那須塩原市鍋掛","所在":"栃木県","所管":"防災科学技術研究所"},"geometry":{"type":"Point","coordinates":[140.08,36.94]}},{"type":"Feature","properties":{"コード":921321,"name":"那須塩原市中塩原","所在":"栃木県","所管":"防災科学技術研究所"},"geometry":{"type":"Point","coordinates":[139.8,36.99]}},{"type":"Feature","properties":{"コード":921330,"name":"那須塩原市共墾社","所在":"栃木県","所管":"地方公共団体"},"geometry":{"type":"Point","coordinates":[140.05,36.96]}},{"type":"Feature","properties":{"コード":921331,"name":"那須塩原市あたご町","所在":"栃木県","所管":"地方公共団体"},"geometry":{"type":"Point","coordinates":[139.98,36.88]}},{"type":"Feature","properties":{"コード":921333,"name":"那須塩原市塩原庁舎","所在":"栃木県","所管":"地方公共団体"},"geometry":{"type":"Point","coordinates":[139.81,36.98]}},{"type":"Feature","properties":{"コード":938431,"name":"塩谷町玉生","所在":"栃木県","所管":"地方公共団体"},"geometry":{"type":"Point","coordinates":[139.86,36.78]}},{"type":"Feature","properties":{"コード":940730,"name":"那須町寺子","所在":"栃木県","所管":"地方公共団体"},"geometry":{"type":"Point","coordinates":[140.12,37.02]}},{"type":"Feature","properties":{"コード":920100,"name":"宇都宮市明保野町","所在":"栃木県","所管":"気象庁"},"geometry":{"type":"Point","coordinates":[139.87,36.55]}},{"type":"Feature","properties":{"コード":920120,"name":"宇都宮市塙田","所在":"栃木県","所管":"防災科学技術研究所"},"geometry":{"type":"Point","coordinates":[139.89,36.57]}},{"type":"Feature","properties":{"コード":920130,"name":"宇都宮市旭","所在":"栃木県","所管":"地方公共団体"},"geometry":{"type":"Point","coordinates":[139.88,36.55]}},{"type":"Feature","properties":{"コード":920131,"name":"宇都宮市中里町","所在":"栃木県","所管":"地方公共団体"},"geometry":{"type":"Point","coordinates":[139.9,36.68]}},{"type":"Feature","properties":{"コード":920133,"name":"宇都宮市中岡本町","所在":"栃木県","所管":"地方公共団体"},"geometry":{"type":"Point","coordinates":[139.94,36.62]}},{"type":"Feature","properties":{"コード":920231,"name":"足利市大正町","所在":"栃木県","所管":"地方公共団体"},"geometry":{"type":"Point","coordinates":[139.45,36.34]}},{"type":"Feature","properties":{"コード":920300,"name":"栃木市旭町","所在":"栃木県","所管":"気象庁"},"geometry":{"type":"Point","coordinates":[139.74,36.38]}},{"type":"Feature","properties":{"コード":920331,"name":"栃木市大平町富田","所在":"栃木県","所管":"地方公共団体"},"geometry":{"type":"Point","coordinates":[139.7,36.34]}},{"type":"Feature","properties":{"コード":920332,"name":"栃木市藤岡町藤岡","所在":"栃木県","所管":"地方公共団体"},"geometry":{"type":"Point","coordinates":[139.65,36.26]}},{"type":"Feature","properties":{"コード":920334,"name":"栃木市西方町本城","所在":"栃木県","所管":"地方公共団体"},"geometry":{"type":"Point","coordinates":[139.75,36.47]}},{"type":"Feature","properties":{"コード":920335,"name":"栃木市万町","所在":"栃木県","所管":"地方公共団体"},"geometry":{"type":"Point","coordinates":[139.73,36.38]}},{"type":"Feature","properties":{"コード":920336,"name":"栃木市岩舟町静","所在":"栃木県","所管":"地方公共団体"},"geometry":{"type":"Point","coordinates":[139.66,36.32]}},{"type":"Feature","properties":{"コード":920420,"name":"佐野市中町","所在":"栃木県","所管":"防災科学技術研究所"},"geometry":{"type":"Point","coordinates":[139.61,36.39]}},{"type":"Feature","properties":{"コード":920434,"name":"佐野市葛生東","所在":"栃木県","所管":"地方公共団体"},"geometry":{"type":"Point","coordinates":[139.61,36.4]}},{"type":"Feature","properties":{"コード":920435,"name":"佐野市高砂町","所在":"栃木県","所管":"地方公共団体"},"geometry":{"type":"Point","coordinates":[139.58,36.31]}},{"type":"Feature","properties":{"コード":920436,"name":"佐野市田沼町","所在":"栃木県","所管":"地方公共団体"},"geometry":{"type":"Point","coordinates":[139.57,36.38]}},{"type":"Feature","properties":{"コード":920520,"name":"鹿沼市晃望台","所在":"栃木県","所管":"防災科学技術研究所"},"geometry":{"type":"Point","coordinates":[139.77,36.56]}},{"type":"Feature","properties":{"コード":920531,"name":"鹿沼市口粟野","所在":"栃木県","所管":"地方公共団体"},"geometry":{"type":"Point","coordinates":[139.67,36.52]}},{"type":"Feature","properties":{"コード":920532,"name":"鹿沼市今宮町","所在":"栃木県","所管":"地方公共団体"},"geometry":{"type":"Point","coordinates":[139.75,36.57]}},{"type":"Feature","properties":{"コード":920820,"name":"小山市神鳥谷","所在":"栃木県","所管":"防災科学技術研究所"},"geometry":{"type":"Point","coordinates":[139.8,36.29]}},{"type":"Feature","properties":{"コード":920831,"name":"小山市中央町","所在":"栃木県","所管":"地方公共団体"},"geometry":{"type":"Point","coordinates":[139.8,36.31]}},{"type":"Feature","properties":{"コード":920920,"name":"真岡市田町","所在":"栃木県","所管":"防災科学技術研究所"},"geometry":{"type":"Point","coordinates":[140.02,36.44]}},{"type":"Feature","properties":{"コード":920932,"name":"真岡市荒町","所在":"栃木県","所管":"地方公共団体"},"geometry":{"type":"Point","coordinates":[140.01,36.44]}},{"type":"Feature","properties":{"コード":920933,"name":"真岡市石島","所在":"栃木県","所管":"地方公共団体"},"geometry":{"type":"Point","coordinates":[139.97,36.39]}},{"type":"Feature","properties":{"コード":921430,"name":"栃木さくら市氏家","所在":"栃木県","所管":"地方公共団体"},"geometry":{"type":"Point","coordinates":[139.97,36.69]}},{"type":"Feature","properties":{"コード":921432,"name":"栃木さくら市喜連川","所在":"栃木県","所管":"地方公共団体"},"geometry":{"type":"Point","coordinates":[140.02,36.72]}},{"type":"Feature","properties":{"コード":921501,"name":"那須烏山市神長","所在":"栃木県","所管":"気象庁"},"geometry":{"type":"Point","coordinates":[140.13,36.66]}},{"type":"Feature","properties":{"コード":921530,"name":"那須烏山市大金","所在":"栃木県","所管":"地方公共団体"},"geometry":{"type":"Point","coordinates":[140.09,36.66]}},{"type":"Feature","properties":{"コード":921531,"name":"那須烏山市役所","所在":"栃木県","所管":"地方公共団体"},"geometry":{"type":"Point","coordinates":[140.15,36.66]}},{"type":"Feature","properties":{"コード":921633,"name":"下野市田中","所在":"栃木県","所管":"地方公共団体"},"geometry":{"type":"Point","coordinates":[139.88,36.39]}},{"type":"Feature","properties":{"コード":921634,"name":"下野市笹原","所在":"栃木県","所管":"地方公共団体"},"geometry":{"type":"Point","coordinates":[139.85,36.39]}},{"type":"Feature","properties":{"コード":921635,"name":"下野市大松山","所在":"栃木県","所管":"地方公共団体"},"geometry":{"type":"Point","coordinates":[139.86,36.43]}},{"type":"Feature","properties":{"コード":930130,"name":"上三川町しらさぎ","所在":"栃木県","所管":"地方公共団体"},"geometry":{"type":"Point","coordinates":[139.91,36.44]}},{"type":"Feature","properties":{"コード":934200,"name":"益子町益子","所在":"栃木県","所管":"気象庁"},"geometry":{"type":"Point","coordinates":[140.09,36.47]}},{"type":"Feature","properties":{"コード":934321,"name":"茂木町北高岡天矢場","所在":"栃木県","所管":"防災科学技術研究所"},"geometry":{"type":"Point","coordinates":[140.16,36.53]}},{"type":"Feature","properties":{"コード":934330,"name":"茂木町茂木","所在":"栃木県","所管":"地方公共団体"},"geometry":{"type":"Point","coordinates":[140.19,36.53]}},{"type":"Feature","properties":{"コード":934430,"name":"市貝町市塙","所在":"栃木県","所管":"地方公共団体"},"geometry":{"type":"Point","coordinates":[140.1,36.54]}},{"type":"Feature","properties":{"コード":934531,"name":"芳賀町祖母井","所在":"栃木県","所管":"地方公共団体"},"geometry":{"type":"Point","coordinates":[140.06,36.55]}},{"type":"Feature","properties":{"コード":936131,"name":"壬生町壬生甲","所在":"栃木県","所管":"地方公共団体"},"geometry":{"type":"Point","coordinates":[139.81,36.44]}},{"type":"Feature","properties":{"コード":936430,"name":"野木町丸林","所在":"栃木県","所管":"地方公共団体"},"geometry":{"type":"Point","coordinates":[139.74,36.23]}},{"type":"Feature","properties":{"コード":938630,"name":"高根沢町石末","所在":"栃木県","所管":"地方公共団体"},"geometry":{"type":"Point","coordinates":[139.99,36.63]}},{"type":"Feature","properties":{"コード":941132,"name":"栃木那珂川町馬頭","所在":"栃木県","所管":"地方公共団体"},"geometry":{"type":"Point","coordinates":[140.17,36.74]}},{"type":"Feature","properties":{"コード":941133,"name":"栃木那珂川町小川","所在":"栃木県","所管":"地方公共団体"},"geometry":{"type":"Point","coordinates":[140.13,36.76]}},{"type":"Feature","properties":{"コード":1020601,"name":"沼田市西倉内町","所在":"群馬県","所管":"気象庁"},"geometry":{"type":"Point","coordinates":[139.04,36.65]}},{"type":"Feature","properties":{"コード":1020602,"name":"沼田市尾瀬高等学校","所在":"群馬県","所管":"気象庁"},"geometry":{"type":"Point","coordinates":[139.22,36.73]}},{"type":"Feature","properties":{"コード":1020620,"name":"沼田市下久屋町","所在":"群馬県","所管":"防災科学技術研究所"},"geometry":{"type":"Point","coordinates":[139.08,36.66]}},{"type":"Feature","properties":{"コード":1020631,"name":"沼田市白沢町","所在":"群馬県","所管":"地方公共団体"},"geometry":{"type":"Point","coordinates":[139.14,36.66]}},{"type":"Feature","properties":{"コード":1020634,"name":"沼田市利根町","所在":"群馬県","所管":"地方公共団体"},"geometry":{"type":"Point","coordinates":[139.21,36.7]}},{"type":"Feature","properties":{"コード":1042100,"name":"中之条町日影","所在":"群馬県","所管":"気象庁"},"geometry":{"type":"Point","coordinates":[138.64,36.56]}},{"type":"Feature","properties":{"コード":1042130,"name":"中之条町中之条町","所在":"群馬県","所管":"地方公共団体"},"geometry":{"type":"Point","coordinates":[138.84,36.59]}},{"type":"Feature","properties":{"コード":1042132,"name":"中之条町入山","所在":"群馬県","所管":"地方公共団体"},"geometry":{"type":"Point","coordinates":[138.65,36.65]}},{"type":"Feature","properties":{"コード":1042431,"name":"長野原町長野原","所在":"群馬県","所管":"地方公共団体"},"geometry":{"type":"Point","coordinates":[138.65,36.54]}},{"type":"Feature","properties":{"コード":1042530,"name":"嬬恋村大前","所在":"群馬県","所管":"地方公共団体"},"geometry":{"type":"Point","coordinates":[138.53,36.52]}},{"type":"Feature","properties":{"コード":1042620,"name":"草津町草津","所在":"群馬県","所管":"防災科学技術研究所"},"geometry":{"type":"Point","coordinates":[138.59,36.62]}},{"type":"Feature","properties":{"コード":1042832,"name":"群馬高山村中山","所在":"群馬県","所管":"地方公共団体"},"geometry":{"type":"Point","coordinates":[138.94,36.62]}},{"type":"Feature","properties":{"コード":1042901,"name":"東吾妻町原町","所在":"群馬県","所管":"気象庁"},"geometry":{"type":"Point","coordinates":[138.82,36.57]}},{"type":"Feature","properties":{"コード":1042920,"name":"東吾妻町本宿","所在":"群馬県","所管":"防災科学技術研究所"},"geometry":{"type":"Point","coordinates":[138.75,36.51]}},{"type":"Feature","properties":{"コード":1042931,"name":"東吾妻町奥田","所在":"群馬県","所管":"地方公共団体"},"geometry":{"type":"Point","coordinates":[138.9,36.55]}},{"type":"Feature","properties":{"コード":1044320,"name":"片品村鎌田","所在":"群馬県","所管":"防災科学技術研究所"},"geometry":{"type":"Point","coordinates":[139.22,36.77]}},{"type":"Feature","properties":{"コード":1044432,"name":"川場村谷地","所在":"群馬県","所管":"地方公共団体"},"geometry":{"type":"Point","coordinates":[139.1,36.69]}},{"type":"Feature","properties":{"コード":1044832,"name":"群馬昭和村糸井","所在":"群馬県","所管":"地方公共団体"},"geometry":{"type":"Point","coordinates":[139.07,36.64]}},{"type":"Feature","properties":{"コード":1044920,"name":"みなかみ町鹿野沢","所在":"群馬県","所管":"防災科学技術研究所"},"geometry":{"type":"Point","coordinates":[138.97,36.78]}},{"type":"Feature","properties":{"コード":1044930,"name":"みなかみ町後閑","所在":"群馬県","所管":"地方公共団体"},"geometry":{"type":"Point","coordinates":[139,36.68]}},{"type":"Feature","properties":{"コード":1044931,"name":"みなかみ町布施","所在":"群馬県","所管":"地方公共団体"},"geometry":{"type":"Point","coordinates":[138.93,36.69]}},{"type":"Feature","properties":{"コード":1020101,"name":"前橋市昭和町","所在":"群馬県","所管":"気象庁"},"geometry":{"type":"Point","coordinates":[139.06,36.41]}},{"type":"Feature","properties":{"コード":1020120,"name":"前橋市駒形町","所在":"群馬県","所管":"防災科学技術研究所"},"geometry":{"type":"Point","coordinates":[139.14,36.35]}},{"type":"Feature","properties":{"コード":1020130,"name":"前橋市大手町","所在":"群馬県","所管":"地方公共団体"},"geometry":{"type":"Point","coordinates":[139.06,36.39]}},{"type":"Feature","properties":{"コード":1020131,"name":"前橋市堀越町","所在":"群馬県","所管":"地方公共団体"},"geometry":{"type":"Point","coordinates":[139.16,36.42]}},{"type":"Feature","properties":{"コード":1020133,"name":"前橋市粕川町","所在":"群馬県","所管":"地方公共団体"},"geometry":{"type":"Point","coordinates":[139.21,36.41]}},{"type":"Feature","properties":{"コード":1020134,"name":"前橋市富士見町","所在":"群馬県","所管":"地方公共団体"},"geometry":{"type":"Point","coordinates":[139.08,36.45]}},{"type":"Feature","properties":{"コード":1020135,"name":"前橋市鼻毛石町","所在":"群馬県","所管":"地方公共団体"},"geometry":{"type":"Point","coordinates":[139.18,36.44]}},{"type":"Feature","properties":{"コード":1020230,"name":"高崎市高松町","所在":"群馬県","所管":"地方公共団体"},"geometry":{"type":"Point","coordinates":[139,36.32]}},{"type":"Feature","properties":{"コード":1020231,"name":"高崎市倉渕町","所在":"群馬県","所管":"地方公共団体"},"geometry":{"type":"Point","coordinates":[138.79,36.43]}},{"type":"Feature","properties":{"コード":1020232,"name":"高崎市箕郷町","所在":"群馬県","所管":"地方公共団体"},"geometry":{"type":"Point","coordinates":[138.96,36.39]}},{"type":"Feature","properties":{"コード":1020233,"name":"高崎市足門町","所在":"群馬県","所管":"地方公共団体"},"geometry":{"type":"Point","coordinates":[139,36.4]}},{"type":"Feature","properties":{"コード":1020234,"name":"高崎市新町","所在":"群馬県","所管":"地方公共団体"},"geometry":{"type":"Point","coordinates":[139.11,36.28]}},{"type":"Feature","properties":{"コード":1020235,"name":"高崎市下室田","所在":"群馬県","所管":"地方公共団体"},"geometry":{"type":"Point","coordinates":[138.88,36.38]}},{"type":"Feature","properties":{"コード":1020236,"name":"高崎市吉井町吉井川","所在":"群馬県","所管":"地方公共団体"},"geometry":{"type":"Point","coordinates":[138.99,36.25]}},{"type":"Feature","properties":{"コード":1020301,"name":"桐生市錦町","所在":"群馬県","所管":"気象庁"},"geometry":{"type":"Point","coordinates":[139.33,36.4]}},{"type":"Feature","properties":{"コード":1020320,"name":"桐生市元宿町","所在":"群馬県","所管":"防災科学技術研究所"},"geometry":{"type":"Point","coordinates":[139.33,36.41]}},{"type":"Feature","properties":{"コード":1020331,"name":"桐生市黒保根町","所在":"群馬県","所管":"地方公共団体"},"geometry":{"type":"Point","coordinates":[139.28,36.5]}},{"type":"Feature","properties":{"コード":1020332,"name":"桐生市新里町","所在":"群馬県","所管":"地方公共団体"},"geometry":{"type":"Point","coordinates":[139.24,36.42]}},{"type":"Feature","properties":{"コード":1020431,"name":"伊勢崎市今泉町","所在":"群馬県","所管":"地方公共団体"},"geometry":{"type":"Point","coordinates":[139.2,36.31]}},{"type":"Feature","properties":{"コード":1020432,"name":"伊勢崎市西久保町","所在":"群馬県","所管":"地方公共団体"},"geometry":{"type":"Point","coordinates":[139.23,36.38]}},{"type":"Feature","properties":{"コード":1020434,"name":"伊勢崎市境","所在":"群馬県","所管":"地方公共団体"},"geometry":{"type":"Point","coordinates":[139.25,36.28]}},{"type":"Feature","properties":{"コード":1020435,"name":"伊勢崎市東町","所在":"群馬県","所管":"地方公共団体"},"geometry":{"type":"Point","coordinates":[139.25,36.34]}},{"type":"Feature","properties":{"コード":1020520,"name":"太田市西本町","所在":"群馬県","所管":"防災科学技術研究所"},"geometry":{"type":"Point","coordinates":[139.36,36.29]}},{"type":"Feature","properties":{"コード":1020530,"name":"太田市浜町","所在":"群馬県","所管":"地方公共団体"},"geometry":{"type":"Point","coordinates":[139.38,36.29]}},{"type":"Feature","properties":{"コード":1020531,"name":"太田市粕川町","所在":"群馬県","所管":"地方公共団体"},"geometry":{"type":"Point","coordinates":[139.3,36.26]}},{"type":"Feature","properties":{"コード":1020532,"name":"太田市新田金井町","所在":"群馬県","所管":"地方公共団体"},"geometry":{"type":"Point","coordinates":[139.3,36.3]}},{"type":"Feature","properties":{"コード":1020534,"name":"太田市大原町","所在":"群馬県","所管":"地方公共団体"},"geometry":{"type":"Point","coordinates":[139.3,36.36]}},{"type":"Feature","properties":{"コード":1020721,"name":"館林市上三林町","所在":"群馬県","所管":"防災科学技術研究所"},"geometry":{"type":"Point","coordinates":[139.48,36.22]}},{"type":"Feature","properties":{"コード":1020730,"name":"館林市城町","所在":"群馬県","所管":"地方公共団体"},"geometry":{"type":"Point","coordinates":[139.54,36.25]}},{"type":"Feature","properties":{"コード":1020821,"name":"渋川市有馬","所在":"群馬県","所管":"防災科学技術研究所"},"geometry":{"type":"Point","coordinates":[139.01,36.46]}},{"type":"Feature","properties":{"コード":1020830,"name":"渋川市石原","所在":"群馬県","所管":"地方公共団体"},"geometry":{"type":"Point","coordinates":[139,36.49]}},{"type":"Feature","properties":{"コード":1020831,"name":"渋川市北橘町","所在":"群馬県","所管":"地方公共団体"},"geometry":{"type":"Point","coordinates":[139.05,36.48]}},{"type":"Feature","properties":{"コード":1020833,"name":"渋川市吹屋","所在":"群馬県","所管":"地方公共団体"},"geometry":{"type":"Point","coordinates":[139.01,36.52]}},{"type":"Feature","properties":{"コード":1020834,"name":"渋川市村上","所在":"群馬県","所管":"地方公共団体"},"geometry":{"type":"Point","coordinates":[138.94,36.55]}},{"type":"Feature","properties":{"コード":1020836,"name":"渋川市赤城町","所在":"群馬県","所管":"地方公共団体"},"geometry":{"type":"Point","coordinates":[139.04,36.53]}},{"type":"Feature","properties":{"コード":1020837,"name":"渋川市伊香保町","所在":"群馬県","所管":"地方公共団体"},"geometry":{"type":"Point","coordinates":[138.92,36.5]}},{"type":"Feature","properties":{"コード":1020930,"name":"藤岡市中栗須","所在":"群馬県","所管":"地方公共団体"},"geometry":{"type":"Point","coordinates":[139.08,36.26]}},{"type":"Feature","properties":{"コード":1020932,"name":"藤岡市鬼石","所在":"群馬県","所管":"地方公共団体"},"geometry":{"type":"Point","coordinates":[139.06,36.16]}},{"type":"Feature","properties":{"コード":1021000,"name":"富岡市七日市","所在":"群馬県","所管":"気象庁"},"geometry":{"type":"Point","coordinates":[138.88,36.26]}},{"type":"Feature","properties":{"コード":1021030,"name":"富岡市妙義町","所在":"群馬県","所管":"地方公共団体"},"geometry":{"type":"Point","coordinates":[138.82,36.29]}},{"type":"Feature","properties":{"コード":1021121,"name":"安中市松井田町","所在":"群馬県","所管":"防災科学技術研究所"},"geometry":{"type":"Point","coordinates":[138.72,36.35]}},{"type":"Feature","properties":{"コード":1021130,"name":"安中市安中","所在":"群馬県","所管":"地方公共団体"},"geometry":{"type":"Point","coordinates":[138.89,36.33]}},{"type":"Feature","properties":{"コード":1021230,"name":"みどり市東町","所在":"群馬県","所管":"地方公共団体"},"geometry":{"type":"Point","coordinates":[139.31,36.52]}},{"type":"Feature","properties":{"コード":1021231,"name":"みどり市笠懸町","所在":"群馬県","所管":"地方公共団体"},"geometry":{"type":"Point","coordinates":[139.28,36.4]}},{"type":"Feature","properties":{"コード":1021232,"name":"みどり市大間々町","所在":"群馬県","所管":"地方公共団体"},"geometry":{"type":"Point","coordinates":[139.27,36.43]}},{"type":"Feature","properties":{"コード":1034431,"name":"榛東村新井","所在":"群馬県","所管":"地方公共団体"},"geometry":{"type":"Point","coordinates":[138.97,36.44]}},{"type":"Feature","properties":{"コード":1034530,"name":"吉岡町下野田","所在":"群馬県","所管":"地方公共団体"},"geometry":{"type":"Point","coordinates":[139.01,36.45]}},{"type":"Feature","properties":{"コード":1036631,"name":"群馬上野村川和","所在":"群馬県","所管":"地方公共団体"},"geometry":{"type":"Point","coordinates":[138.78,36.08]}},{"type":"Feature","properties":{"コード":1036720,"name":"神流町生利","所在":"群馬県","所管":"防災科学技術研究所"},"geometry":{"type":"Point","coordinates":[138.93,36.12]}},{"type":"Feature","properties":{"コード":1036731,"name":"神流町神ヶ原","所在":"群馬県","所管":"地方公共団体"},"geometry":{"type":"Point","coordinates":[138.83,36.09]}},{"type":"Feature","properties":{"コード":1038220,"name":"下仁田町下小坂","所在":"群馬県","所管":"防災科学技術研究所"},"geometry":{"type":"Point","coordinates":[138.76,36.23]}},{"type":"Feature","properties":{"コード":1038330,"name":"群馬南牧村大日向","所在":"群馬県","所管":"地方公共団体"},"geometry":{"type":"Point","coordinates":[138.71,36.16]}},{"type":"Feature","properties":{"コード":1038430,"name":"甘楽町小幡","所在":"群馬県","所管":"地方公共団体"},"geometry":{"type":"Point","coordinates":[138.92,36.24]}},{"type":"Feature","properties":{"コード":1046430,"name":"玉村町下新田","所在":"群馬県","所管":"地方公共団体"},"geometry":{"type":"Point","coordinates":[139.12,36.3]}},{"type":"Feature","properties":{"コード":1052101,"name":"板倉町板倉","所在":"群馬県","所管":"気象庁"},"geometry":{"type":"Point","coordinates":[139.6,36.22]}},{"type":"Feature","properties":{"コード":1052231,"name":"群馬明和町新里","所在":"群馬県","所管":"地方公共団体"},"geometry":{"type":"Point","coordinates":[139.53,36.21]}},{"type":"Feature","properties":{"コード":1052330,"name":"千代田町赤岩","所在":"群馬県","所管":"地方公共団体"},"geometry":{"type":"Point","coordinates":[139.44,36.22]}},{"type":"Feature","properties":{"コード":1052430,"name":"大泉町日の出","所在":"群馬県","所管":"地方公共団体"},"geometry":{"type":"Point","coordinates":[139.41,36.25]}},{"type":"Feature","properties":{"コード":1052531,"name":"邑楽町中野","所在":"群馬県","所管":"地方公共団体"},"geometry":{"type":"Point","coordinates":[139.46,36.25]}},{"type":"Feature","properties":{"コード":1120200,"name":"熊谷市桜町","所在":"埼玉県","所管":"気象庁"},"geometry":{"type":"Point","coordinates":[139.38,36.15]}},{"type":"Feature","properties":{"コード":1120220,"name":"熊谷市宮町","所在":"埼玉県","所管":"防災科学技術研究所"},"geometry":{"type":"Point","coordinates":[139.39,36.15]}},{"type":"Feature","properties":{"コード":1120230,"name":"熊谷市大里","所在":"埼玉県","所管":"地方公共団体"},"geometry":{"type":"Point","coordinates":[139.41,36.1]}},{"type":"Feature","properties":{"コード":1120231,"name":"熊谷市妻沼","所在":"埼玉県","所管":"地方公共団体"},"geometry":{"type":"Point","coordinates":[139.37,36.22]}},{"type":"Feature","properties":{"コード":1120232,"name":"熊谷市江南","所在":"埼玉県","所管":"地方公共団体"},"geometry":{"type":"Point","coordinates":[139.34,36.12]}},{"type":"Feature","properties":{"コード":1120630,"name":"行田市本丸","所在":"埼玉県","所管":"地方公共団体"},"geometry":{"type":"Point","coordinates":[139.46,36.14]}},{"type":"Feature","properties":{"コード":1120631,"name":"行田市南河原","所在":"埼玉県","所管":"地方公共団体"},"geometry":{"type":"Point","coordinates":[139.44,36.18]}},{"type":"Feature","properties":{"コード":1121030,"name":"加須市三俣","所在":"埼玉県","所管":"地方公共団体"},"geometry":{"type":"Point","coordinates":[139.6,36.13]}},{"type":"Feature","properties":{"コード":1121031,"name":"加須市騎西","所在":"埼玉県","所管":"地方公共団体"},"geometry":{"type":"Point","coordinates":[139.57,36.1]}},{"type":"Feature","properties":{"コード":1121032,"name":"加須市北川辺","所在":"埼玉県","所管":"地方公共団体"},"geometry":{"type":"Point","coordinates":[139.66,36.19]}},{"type":"Feature","properties":{"コード":1121033,"name":"加須市大利根","所在":"埼玉県","所管":"地方公共団体"},"geometry":{"type":"Point","coordinates":[139.66,36.14]}},{"type":"Feature","properties":{"コード":1121101,"name":"本庄市児玉町","所在":"埼玉県","所管":"気象庁"},"geometry":{"type":"Point","coordinates":[139.13,36.19]}},{"type":"Feature","properties":{"コード":1121120,"name":"本庄市本庄","所在":"埼玉県","所管":"防災科学技術研究所"},"geometry":{"type":"Point","coordinates":[139.19,36.24]}},{"type":"Feature","properties":{"コード":1121220,"name":"東松山市市ノ川","所在":"埼玉県","所管":"防災科学技術研究所"},"geometry":{"type":"Point","coordinates":[139.39,36.05]}},{"type":"Feature","properties":{"コード":1121230,"name":"東松山市松葉町","所在":"埼玉県","所管":"地方公共団体"},"geometry":{"type":"Point","coordinates":[139.4,36.04]}},{"type":"Feature","properties":{"コード":1121630,"name":"羽生市東","所在":"埼玉県","所管":"地方公共団体"},"geometry":{"type":"Point","coordinates":[139.55,36.17]}},{"type":"Feature","properties":{"コード":1121730,"name":"鴻巣市中央","所在":"埼玉県","所管":"地方公共団体"},"geometry":{"type":"Point","coordinates":[139.52,36.07]}},{"type":"Feature","properties":{"コード":1121733,"name":"鴻巣市川里","所在":"埼玉県","所管":"地方公共団体"},"geometry":{"type":"Point","coordinates":[139.51,36.11]}},{"type":"Feature","properties":{"コード":1121734,"name":"鴻巣市吹上富士見","所在":"埼玉県","所管":"地方公共団体"},"geometry":{"type":"Point","coordinates":[139.45,36.1]}},{"type":"Feature","properties":{"コード":1121834,"name":"深谷市花園","所在":"埼玉県","所管":"地方公共団体"},"geometry":{"type":"Point","coordinates":[139.23,36.13]}},{"type":"Feature","properties":{"コード":1121835,"name":"深谷市普済寺","所在":"埼玉県","所管":"地方公共団体"},"geometry":{"type":"Point","coordinates":[139.24,36.2]}},{"type":"Feature","properties":{"コード":1121836,"name":"深谷市仲町","所在":"埼玉県","所管":"地方公共団体"},"geometry":{"type":"Point","coordinates":[139.28,36.2]}},{"type":"Feature","properties":{"コード":1121837,"name":"深谷市菅沼","所在":"埼玉県","所管":"地方公共団体"},"geometry":{"type":"Point","coordinates":[139.29,36.14]}},{"type":"Feature","properties":{"コード":1123200,"name":"久喜市下早見","所在":"埼玉県","所管":"気象庁"},"geometry":{"type":"Point","coordinates":[139.67,36.06]}},{"type":"Feature","properties":{"コード":1123220,"name":"久喜市青葉","所在":"埼玉県","所管":"防災科学技術研究所"},"geometry":{"type":"Point","coordinates":[139.7,36.07]}},{"type":"Feature","properties":{"コード":1123230,"name":"久喜市菖蒲","所在":"埼玉県","所管":"地方公共団体"},"geometry":{"type":"Point","coordinates":[139.6,36.06]}},{"type":"Feature","properties":{"コード":1123231,"name":"久喜市栗橋","所在":"埼玉県","所管":"地方公共団体"},"geometry":{"type":"Point","coordinates":[139.7,36.13]}},{"type":"Feature","properties":{"コード":1123232,"name":"久喜市鷲宮","所在":"埼玉県","所管":"地方公共団体"},"geometry":{"type":"Point","coordinates":[139.67,36.1]}},{"type":"Feature","properties":{"コード":1134130,"name":"滑川町福田","所在":"埼玉県","所管":"地方公共団体"},"geometry":{"type":"Point","coordinates":[139.36,36.07]}},{"type":"Feature","properties":{"コード":1134230,"name":"嵐山町杉山","所在":"埼玉県","所管":"地方公共団体"},"geometry":{"type":"Point","coordinates":[139.32,36.06]}},{"type":"Feature","properties":{"コード":1134320,"name":"小川町大塚","所在":"埼玉県","所管":"防災科学技術研究所"},"geometry":{"type":"Point","coordinates":[139.26,36.06]}},{"type":"Feature","properties":{"コード":1134730,"name":"吉見町下細谷","所在":"埼玉県","所管":"地方公共団体"},"geometry":{"type":"Point","coordinates":[139.45,36.04]}},{"type":"Feature","properties":{"コード":1134800,"name":"鳩山町大豆戸","所在":"埼玉県","所管":"気象庁"},"geometry":{"type":"Point","coordinates":[139.33,35.98]}},{"type":"Feature","properties":{"コード":1134930,"name":"ときがわ町桃木","所在":"埼玉県","所管":"地方公共団体"},"geometry":{"type":"Point","coordinates":[139.27,36]}},{"type":"Feature","properties":{"コード":1134931,"name":"ときがわ町玉川","所在":"埼玉県","所管":"地方公共団体"},"geometry":{"type":"Point","coordinates":[139.3,36.01]}},{"type":"Feature","properties":{"コード":1136930,"name":"東秩父村御堂","所在":"埼玉県","所管":"地方公共団体"},"geometry":{"type":"Point","coordinates":[139.19,36.06]}},{"type":"Feature","properties":{"コード":1138130,"name":"埼玉美里町木部","所在":"埼玉県","所管":"地方公共団体"},"geometry":{"type":"Point","coordinates":[139.18,36.18]}},{"type":"Feature","properties":{"コード":1138333,"name":"埼玉神川町植竹","所在":"埼玉県","所管":"地方公共団体"},"geometry":{"type":"Point","coordinates":[139.1,36.21]}},{"type":"Feature","properties":{"コード":1138334,"name":"埼玉神川町下阿久原","所在":"埼玉県","所管":"地方公共団体"},"geometry":{"type":"Point","coordinates":[139.05,36.15]}},{"type":"Feature","properties":{"コード":1138530,"name":"上里町七本木","所在":"埼玉県","所管":"地方公共団体"},"geometry":{"type":"Point","coordinates":[139.14,36.25]}},{"type":"Feature","properties":{"コード":1140830,"name":"寄居町寄居","所在":"埼玉県","所管":"地方公共団体"},"geometry":{"type":"Point","coordinates":[139.19,36.12]}},{"type":"Feature","properties":{"コード":1110130,"name":"さいたま西区指扇","所在":"埼玉県","所管":"地方公共団体"},"geometry":{"type":"Point","coordinates":[139.58,35.93]}},{"type":"Feature","properties":{"コード":1110230,"name":"さいたま北区宮原","所在":"埼玉県","所管":"地方公共団体"},"geometry":{"type":"Point","coordinates":[139.62,35.93]}},{"type":"Feature","properties":{"コード":1110320,"name":"さいたま大宮区天沼町","所在":"埼玉県","所管":"防災科学技術研究所"},"geometry":{"type":"Point","coordinates":[139.65,35.91]}},{"type":"Feature","properties":{"コード":1110331,"name":"さいたま大宮区大門","所在":"埼玉県","所管":"地方公共団体"},"geometry":{"type":"Point","coordinates":[139.63,35.91]}},{"type":"Feature","properties":{"コード":1110430,"name":"さいたま見沼区堀崎","所在":"埼玉県","所管":"地方公共団体"},"geometry":{"type":"Point","coordinates":[139.65,35.94]}},{"type":"Feature","properties":{"コード":1110530,"name":"さいたま中央区下落合","所在":"埼玉県","所管":"地方公共団体"},"geometry":{"type":"Point","coordinates":[139.63,35.88]}},{"type":"Feature","properties":{"コード":1110630,"name":"さいたま桜区道場","所在":"埼玉県","所管":"地方公共団体"},"geometry":{"type":"Point","coordinates":[139.61,35.86]}},{"type":"Feature","properties":{"コード":1110700,"name":"さいたま浦和区高砂","所在":"埼玉県","所管":"気象庁"},"geometry":{"type":"Point","coordinates":[139.65,35.86]}},{"type":"Feature","properties":{"コード":1110730,"name":"さいたま浦和区常盤","所在":"埼玉県","所管":"地方公共団体"},"geometry":{"type":"Point","coordinates":[139.64,35.86]}},{"type":"Feature","properties":{"コード":1110831,"name":"さいたま南区別所","所在":"埼玉県","所管":"地方公共団体"},"geometry":{"type":"Point","coordinates":[139.64,35.84]}},{"type":"Feature","properties":{"コード":1110930,"name":"さいたま緑区中尾","所在":"埼玉県","所管":"地方公共団体"},"geometry":{"type":"Point","coordinates":[139.68,35.87]}},{"type":"Feature","properties":{"コード":1111031,"name":"さいたま岩槻区本丸","所在":"埼玉県","所管":"地方公共団体"},"geometry":{"type":"Point","coordinates":[139.7,35.95]}},{"type":"Feature","properties":{"コード":1120100,"name":"川越市旭町","所在":"埼玉県","所管":"気象庁"},"geometry":{"type":"Point","coordinates":[139.47,35.9]}},{"type":"Feature","properties":{"コード":1120121,"name":"川越市新宿町","所在":"埼玉県","所管":"防災科学技術研究所"},"geometry":{"type":"Point","coordinates":[139.48,35.9]}},{"type":"Feature","properties":{"コード":1120320,"name":"川口市中青木分室","所在":"埼玉県","所管":"防災科学技術研究所"},"geometry":{"type":"Point","coordinates":[139.72,35.81]}},{"type":"Feature","properties":{"コード":1120331,"name":"川口市三ツ和","所在":"埼玉県","所管":"地方公共団体"},"geometry":{"type":"Point","coordinates":[139.74,35.83]}},{"type":"Feature","properties":{"コード":1120333,"name":"川口市安行領家","所在":"埼玉県","所管":"地方公共団体"},"geometry":{"type":"Point","coordinates":[139.76,35.85]}},{"type":"Feature","properties":{"コード":1120820,"name":"所沢市北有楽町","所在":"埼玉県","所管":"防災科学技術研究所"},"geometry":{"type":"Point","coordinates":[139.47,35.8]}},{"type":"Feature","properties":{"コード":1120831,"name":"所沢市並木","所在":"埼玉県","所管":"地方公共団体"},"geometry":{"type":"Point","coordinates":[139.47,35.8]}},{"type":"Feature","properties":{"コード":1120901,"name":"飯能市下直竹","所在":"埼玉県","所管":"気象庁"},"geometry":{"type":"Point","coordinates":[139.28,35.84]}},{"type":"Feature","properties":{"コード":1120920,"name":"飯能市征矢町","所在":"埼玉県","所管":"防災科学技術研究所"},"geometry":{"type":"Point","coordinates":[139.32,35.84]}},{"type":"Feature","properties":{"コード":1120930,"name":"飯能市双柳","所在":"埼玉県","所管":"地方公共団体"},"geometry":{"type":"Point","coordinates":[139.33,35.86]}},{"type":"Feature","properties":{"コード":1120931,"name":"飯能市名栗","所在":"埼玉県","所管":"地方公共団体"},"geometry":{"type":"Point","coordinates":[139.18,35.88]}},{"type":"Feature","properties":{"コード":1121421,"name":"春日部市粕壁","所在":"埼玉県","所管":"防災科学技術研究所"},"geometry":{"type":"Point","coordinates":[139.75,35.98]}},{"type":"Feature","properties":{"コード":1121430,"name":"春日部市金崎","所在":"埼玉県","所管":"地方公共団体"},"geometry":{"type":"Point","coordinates":[139.8,35.99]}},{"type":"Feature","properties":{"コード":1121440,"name":"春日部市谷原新田","所在":"埼玉県","所管":"地方公共団体"},"geometry":{"type":"Point","coordinates":[139.74,35.96]}},{"type":"Feature","properties":{"コード":1121530,"name":"狭山市入間川","所在":"埼玉県","所管":"地方公共団体"},"geometry":{"type":"Point","coordinates":[139.41,35.85]}},{"type":"Feature","properties":{"コード":1121931,"name":"上尾市本町","所在":"埼玉県","所管":"地方公共団体"},"geometry":{"type":"Point","coordinates":[139.59,35.98]}},{"type":"Feature","properties":{"コード":1122132,"name":"草加市中央","所在":"埼玉県","所管":"地方公共団体"},"geometry":{"type":"Point","coordinates":[139.81,35.83]}},{"type":"Feature","properties":{"コード":1122231,"name":"越谷市越ヶ谷","所在":"埼玉県","所管":"地方公共団体"},"geometry":{"type":"Point","coordinates":[139.79,35.89]}},{"type":"Feature","properties":{"コード":1122331,"name":"蕨市中央","所在":"埼玉県","所管":"地方公共団体"},"geometry":{"type":"Point","coordinates":[139.68,35.83]}},{"type":"Feature","properties":{"コード":1122431,"name":"戸田市上戸田","所在":"埼玉県","所管":"地方公共団体"},"geometry":{"type":"Point","coordinates":[139.68,35.82]}},{"type":"Feature","properties":{"コード":1122530,"name":"入間市豊岡","所在":"埼玉県","所管":"地方公共団体"},"geometry":{"type":"Point","coordinates":[139.39,35.84]}},{"type":"Feature","properties":{"コード":1122730,"name":"朝霞市本町","所在":"埼玉県","所管":"地方公共団体"},"geometry":{"type":"Point","coordinates":[139.59,35.8]}},{"type":"Feature","properties":{"コード":1122832,"name":"志木市中宗岡","所在":"埼玉県","所管":"地方公共団体"},"geometry":{"type":"Point","coordinates":[139.58,35.84]}},{"type":"Feature","properties":{"コード":1122930,"name":"和光市広沢","所在":"埼玉県","所管":"地方公共団体"},"geometry":{"type":"Point","coordinates":[139.61,35.78]}},{"type":"Feature","properties":{"コード":1123031,"name":"新座市野火止","所在":"埼玉県","所管":"地方公共団体"},"geometry":{"type":"Point","coordinates":[139.57,35.79]}},{"type":"Feature","properties":{"コード":1123132,"name":"桶川市泉","所在":"埼玉県","所管":"地方公共団体"},"geometry":{"type":"Point","coordinates":[139.56,36]}},{"type":"Feature","properties":{"コード":1123331,"name":"北本市本町","所在":"埼玉県","所管":"地方公共団体"},"geometry":{"type":"Point","coordinates":[139.53,36.03]}},{"type":"Feature","properties":{"コード":1123431,"name":"八潮市中央","所在":"埼玉県","所管":"地方公共団体"},"geometry":{"type":"Point","coordinates":[139.84,35.82]}},{"type":"Feature","properties":{"コード":1123530,"name":"富士見市鶴馬","所在":"埼玉県","所管":"地方公共団体"},"geometry":{"type":"Point","coordinates":[139.55,35.86]}},{"type":"Feature","properties":{"コード":1123731,"name":"三郷市中央","所在":"埼玉県","所管":"地方公共団体"},"geometry":{"type":"Point","coordinates":[139.88,35.83]}},{"type":"Feature","properties":{"コード":1123830,"name":"蓮田市黒浜","所在":"埼玉県","所管":"地方公共団体"},"geometry":{"type":"Point","coordinates":[139.66,35.99]}},{"type":"Feature","properties":{"コード":1123930,"name":"坂戸市千代田","所在":"埼玉県","所管":"地方公共団体"},"geometry":{"type":"Point","coordinates":[139.4,35.96]}},{"type":"Feature","properties":{"コード":1124030,"name":"幸手市東","所在":"埼玉県","所管":"地方公共団体"},"geometry":{"type":"Point","coordinates":[139.73,36.08]}},{"type":"Feature","properties":{"コード":1124130,"name":"鶴ヶ島市三ツ木","所在":"埼玉県","所管":"地方公共団体"},"geometry":{"type":"Point","coordinates":[139.39,35.93]}},{"type":"Feature","properties":{"コード":1124230,"name":"日高市南平沢","所在":"埼玉県","所管":"地方公共団体"},"geometry":{"type":"Point","coordinates":[139.34,35.91]}},{"type":"Feature","properties":{"コード":1124331,"name":"吉川市きよみ野","所在":"埼玉県","所管":"地方公共団体"},"geometry":{"type":"Point","coordinates":[139.86,35.9]}},{"type":"Feature","properties":{"コード":1124530,"name":"ふじみ野市福岡","所在":"埼玉県","所管":"地方公共団体"},"geometry":{"type":"Point","coordinates":[139.52,35.88]}},{"type":"Feature","properties":{"コード":1124532,"name":"ふじみ野市大井","所在":"埼玉県","所管":"地方公共団体"},"geometry":{"type":"Point","coordinates":[139.51,35.86]}},{"type":"Feature","properties":{"コード":1124630,"name":"白岡市千駄野","所在":"埼玉県","所管":"地方公共団体"},"geometry":{"type":"Point","coordinates":[139.68,36.02]}},{"type":"Feature","properties":{"コード":1130130,"name":"伊奈町中央","所在":"埼玉県","所管":"地方公共団体"},"geometry":{"type":"Point","coordinates":[139.62,36]}},{"type":"Feature","properties":{"コード":1132430,"name":"埼玉三芳町藤久保","所在":"埼玉県","所管":"地方公共団体"},"geometry":{"type":"Point","coordinates":[139.53,35.83]}},{"type":"Feature","properties":{"コード":1132630,"name":"毛呂山町中央","所在":"埼玉県","所管":"地方公共団体"},"geometry":{"type":"Point","coordinates":[139.32,35.94]}},{"type":"Feature","properties":{"コード":1132730,"name":"越生町越生","所在":"埼玉県","所管":"地方公共団体"},"geometry":{"type":"Point","coordinates":[139.29,35.96]}},{"type":"Feature","properties":{"コード":1134631,"name":"川島町下八ツ林","所在":"埼玉県","所管":"地方公共団体"},"geometry":{"type":"Point","coordinates":[139.48,35.99]}},{"type":"Feature","properties":{"コード":1144231,"name":"宮代町笠原","所在":"埼玉県","所管":"地方公共団体"},"geometry":{"type":"Point","coordinates":[139.72,36.02]}},{"type":"Feature","properties":{"コード":1146430,"name":"杉戸町清地","所在":"埼玉県","所管":"地方公共団体"},"geometry":{"type":"Point","coordinates":[139.74,36.03]}},{"type":"Feature","properties":{"コード":1146530,"name":"松伏町松伏","所在":"埼玉県","所管":"地方公共団体"},"geometry":{"type":"Point","coordinates":[139.82,35.93]}},{"type":"Feature","properties":{"コード":1120701,"name":"秩父市上町","所在":"埼玉県","所管":"気象庁"},"geometry":{"type":"Point","coordinates":[139.07,35.99]}},{"type":"Feature","properties":{"コード":1120720,"name":"秩父市近戸町","所在":"埼玉県","所管":"防災科学技術研究所"},"geometry":{"type":"Point","coordinates":[139.07,36]}},{"type":"Feature","properties":{"コード":1120721,"name":"秩父市中津川","所在":"埼玉県","所管":"防災科学技術研究所"},"geometry":{"type":"Point","coordinates":[138.8,36]}},{"type":"Feature","properties":{"コード":1120731,"name":"秩父市吉田","所在":"埼玉県","所管":"地方公共団体"},"geometry":{"type":"Point","coordinates":[139.02,36.04]}},{"type":"Feature","properties":{"コード":1120733,"name":"秩父市荒川","所在":"埼玉県","所管":"地方公共団体"},"geometry":{"type":"Point","coordinates":[139.03,35.96]}},{"type":"Feature","properties":{"コード":1120734,"name":"秩父市熊木町","所在":"埼玉県","所管":"地方公共団体"},"geometry":{"type":"Point","coordinates":[139.09,35.99]}},{"type":"Feature","properties":{"コード":1120735,"name":"秩父市大滝","所在":"埼玉県","所管":"地方公共団体"},"geometry":{"type":"Point","coordinates":[138.94,35.95]}},{"type":"Feature","properties":{"コード":1136130,"name":"横瀬町横瀬","所在":"埼玉県","所管":"地方公共団体"},"geometry":{"type":"Point","coordinates":[139.1,35.99]}},{"type":"Feature","properties":{"コード":1136230,"name":"皆野町皆野","所在":"埼玉県","所管":"地方公共団体"},"geometry":{"type":"Point","coordinates":[139.1,36.07]}},{"type":"Feature","properties":{"コード":1136320,"name":"長瀞町野上下郷","所在":"埼玉県","所管":"防災科学技術研究所"},"geometry":{"type":"Point","coordinates":[139.1,36.12]}},{"type":"Feature","properties":{"コード":1136330,"name":"長瀞町本野上","所在":"埼玉県","所管":"地方公共団体"},"geometry":{"type":"Point","coordinates":[139.11,36.11]}},{"type":"Feature","properties":{"コード":1136500,"name":"小鹿野町両神薄","所在":"埼玉県","所管":"気象庁"},"geometry":{"type":"Point","coordinates":[138.9,36.02]}},{"type":"Feature","properties":{"コード":1136531,"name":"小鹿野町役場両神庁舎","所在":"埼玉県","所管":"地方公共団体"},"geometry":{"type":"Point","coordinates":[138.97,36.01]}},{"type":"Feature","properties":{"コード":1136532,"name":"小鹿野町小鹿野","所在":"埼玉県","所管":"地方公共団体"},"geometry":{"type":"Point","coordinates":[139.01,36.02]}},{"type":"Feature","properties":{"コード":1220200,"name":"銚子市川口町","所在":"千葉県","所管":"気象庁"},"geometry":{"type":"Point","coordinates":[140.86,35.74]}},{"type":"Feature","properties":{"コード":1220202,"name":"銚子市小畑新町","所在":"千葉県","所管":"気象庁"},"geometry":{"type":"Point","coordinates":[140.86,35.72]}},{"type":"Feature","properties":{"コード":1220220,"name":"銚子市若宮町","所在":"千葉県","所管":"防災科学技術研究所"},"geometry":{"type":"Point","coordinates":[140.83,35.74]}},{"type":"Feature","properties":{"コード":1221030,"name":"茂原市道表","所在":"千葉県","所管":"地方公共団体"},"geometry":{"type":"Point","coordinates":[140.29,35.43]}},{"type":"Feature","properties":{"コード":1221300,"name":"東金市東新宿","所在":"千葉県","所管":"気象庁"},"geometry":{"type":"Point","coordinates":[140.37,35.56]}},{"type":"Feature","properties":{"コード":1221320,"name":"東金市日吉台","所在":"千葉県","所管":"防災科学技術研究所"},"geometry":{"type":"Point","coordinates":[140.34,35.57]}},{"type":"Feature","properties":{"コード":1221331,"name":"東金市東岩崎","所在":"千葉県","所管":"地方公共団体"},"geometry":{"type":"Point","coordinates":[140.38,35.56]}},{"type":"Feature","properties":{"コード":1221531,"name":"旭市南堀之内","所在":"千葉県","所管":"地方公共団体"},"geometry":{"type":"Point","coordinates":[140.62,35.77]}},{"type":"Feature","properties":{"コード":1221532,"name":"旭市高生","所在":"千葉県","所管":"地方公共団体"},"geometry":{"type":"Point","coordinates":[140.69,35.73]}},{"type":"Feature","properties":{"コード":1221533,"name":"旭市萩園","所在":"千葉県","所管":"地方公共団体"},"geometry":{"type":"Point","coordinates":[140.71,35.71]}},{"type":"Feature","properties":{"コード":1221535,"name":"旭市ニ","所在":"千葉県","所管":"地方公共団体"},"geometry":{"type":"Point","coordinates":[140.65,35.72]}},{"type":"Feature","properties":{"コード":1223530,"name":"匝瑳市八日市場ハ","所在":"千葉県","所管":"地方公共団体"},"geometry":{"type":"Point","coordinates":[140.56,35.71]}},{"type":"Feature","properties":{"コード":1223532,"name":"匝瑳市今泉","所在":"千葉県","所管":"地方公共団体"},"geometry":{"type":"Point","coordinates":[140.57,35.66]}},{"type":"Feature","properties":{"コード":1223602,"name":"香取市佐原平田","所在":"千葉県","所管":"気象庁"},"geometry":{"type":"Point","coordinates":[140.51,35.89]}},{"type":"Feature","properties":{"コード":1223620,"name":"香取市佐原諏訪台","所在":"千葉県","所管":"防災科学技術研究所"},"geometry":{"type":"Point","coordinates":[140.49,35.89]}},{"type":"Feature","properties":{"コード":1223630,"name":"香取市役所","所在":"千葉県","所管":"地方公共団体"},"geometry":{"type":"Point","coordinates":[140.5,35.9]}},{"type":"Feature","properties":{"コード":1223631,"name":"香取市羽根川","所在":"千葉県","所管":"地方公共団体"},"geometry":{"type":"Point","coordinates":[140.6,35.85]}},{"type":"Feature","properties":{"コード":1223632,"name":"香取市仁良","所在":"千葉県","所管":"地方公共団体"},"geometry":{"type":"Point","coordinates":[140.58,35.8]}},{"type":"Feature","properties":{"コード":1223633,"name":"香取市岩部","所在":"千葉県","所管":"地方公共団体"},"geometry":{"type":"Point","coordinates":[140.5,35.81]}},{"type":"Feature","properties":{"コード":1223700,"name":"山武市松尾町富士見台","所在":"千葉県","所管":"気象庁"},"geometry":{"type":"Point","coordinates":[140.45,35.64]}},{"type":"Feature","properties":{"コード":1223721,"name":"山武市蓮沼ニ","所在":"千葉県","所管":"防災科学技術研究所"},"geometry":{"type":"Point","coordinates":[140.5,35.59]}},{"type":"Feature","properties":{"コード":1223734,"name":"山武市埴谷","所在":"千葉県","所管":"地方公共団体"},"geometry":{"type":"Point","coordinates":[140.38,35.64]}},{"type":"Feature","properties":{"コード":1223735,"name":"山武市殿台","所在":"千葉県","所管":"地方公共団体"},"geometry":{"type":"Point","coordinates":[140.41,35.6]}},{"type":"Feature","properties":{"コード":1223736,"name":"山武市蓮沼ハ","所在":"千葉県","所管":"地方公共団体"},"geometry":{"type":"Point","coordinates":[140.5,35.6]}},{"type":"Feature","properties":{"コード":1223737,"name":"山武市松尾町五反田","所在":"千葉県","所管":"地方公共団体"},"geometry":{"type":"Point","coordinates":[140.46,35.64]}},{"type":"Feature","properties":{"コード":1223930,"name":"大網白里市大網","所在":"千葉県","所管":"地方公共団体"},"geometry":{"type":"Point","coordinates":[140.32,35.52]}},{"type":"Feature","properties":{"コード":1234230,"name":"神崎町神崎本宿","所在":"千葉県","所管":"地方公共団体"},"geometry":{"type":"Point","coordinates":[140.4,35.9]}},{"type":"Feature","properties":{"コード":1234700,"name":"多古町多古","所在":"千葉県","所管":"気象庁"},"geometry":{"type":"Point","coordinates":[140.47,35.74]}},{"type":"Feature","properties":{"コード":1234931,"name":"東庄町笹川","所在":"千葉県","所管":"地方公共団体"},"geometry":{"type":"Point","coordinates":[140.67,35.84]}},{"type":"Feature","properties":{"コード":1240330,"name":"九十九里町片貝","所在":"千葉県","所管":"地方公共団体"},"geometry":{"type":"Point","coordinates":[140.44,35.53]}},{"type":"Feature","properties":{"コード":1240931,"name":"芝山町小池","所在":"千葉県","所管":"地方公共団体"},"geometry":{"type":"Point","coordinates":[140.41,35.69]}},{"type":"Feature","properties":{"コード":1241030,"name":"横芝光町宮川","所在":"千葉県","所管":"地方公共団体"},"geometry":{"type":"Point","coordinates":[140.5,35.67]}},{"type":"Feature","properties":{"コード":1241032,"name":"横芝光町栗山","所在":"千葉県","所管":"地方公共団体"},"geometry":{"type":"Point","coordinates":[140.5,35.66]}},{"type":"Feature","properties":{"コード":1242101,"name":"一宮町一宮","所在":"千葉県","所管":"気象庁"},"geometry":{"type":"Point","coordinates":[140.37,35.37]}},{"type":"Feature","properties":{"コード":1242230,"name":"睦沢町下之郷","所在":"千葉県","所管":"地方公共団体"},"geometry":{"type":"Point","coordinates":[140.32,35.36]}},{"type":"Feature","properties":{"コード":1242330,"name":"長生村本郷","所在":"千葉県","所管":"地方公共団体"},"geometry":{"type":"Point","coordinates":[140.35,35.41]}},{"type":"Feature","properties":{"コード":1242431,"name":"白子町関","所在":"千葉県","所管":"地方公共団体"},"geometry":{"type":"Point","coordinates":[140.37,35.45]}},{"type":"Feature","properties":{"コード":1242630,"name":"長柄町桜谷","所在":"千葉県","所管":"地方公共団体"},"geometry":{"type":"Point","coordinates":[140.23,35.43]}},{"type":"Feature","properties":{"コード":1242700,"name":"長南町総合グラウンド","所在":"千葉県","所管":"気象庁"},"geometry":{"type":"Point","coordinates":[140.24,35.38]}},{"type":"Feature","properties":{"コード":1242732,"name":"長南町長南","所在":"千葉県","所管":"地方公共団体"},"geometry":{"type":"Point","coordinates":[140.24,35.39]}},{"type":"Feature","properties":{"コード":1210101,"name":"千葉中央区中央港","所在":"千葉県","所管":"気象庁"},"geometry":{"type":"Point","coordinates":[140.1,35.6]}},{"type":"Feature","properties":{"コード":1210240,"name":"千葉花見川区花島町","所在":"千葉県","所管":"地方公共団体"},"geometry":{"type":"Point","coordinates":[140.1,35.68]}},{"type":"Feature","properties":{"コード":1210340,"name":"千葉稲毛区園生町","所在":"千葉県","所管":"地方公共団体"},"geometry":{"type":"Point","coordinates":[140.13,35.65]}},{"type":"Feature","properties":{"コード":1210420,"name":"千葉若葉区野呂町","所在":"千葉県","所管":"防災科学技術研究所"},"geometry":{"type":"Point","coordinates":[140.24,35.59]}},{"type":"Feature","properties":{"コード":1210440,"name":"千葉若葉区小倉台","所在":"千葉県","所管":"地方公共団体"},"geometry":{"type":"Point","coordinates":[140.17,35.63]}},{"type":"Feature","properties":{"コード":1210540,"name":"千葉緑区おゆみ野","所在":"千葉県","所管":"地方公共団体"},"geometry":{"type":"Point","coordinates":[140.18,35.56]}},{"type":"Feature","properties":{"コード":1210600,"name":"千葉美浜区ひび野","所在":"千葉県","所管":"気象庁"},"geometry":{"type":"Point","coordinates":[140.04,35.64]}},{"type":"Feature","properties":{"コード":1210620,"name":"千葉美浜区稲毛海岸","所在":"千葉県","所管":"防災科学技術研究所"},"geometry":{"type":"Point","coordinates":[140.08,35.63]}},{"type":"Feature","properties":{"コード":1220320,"name":"市川市大町","所在":"千葉県","所管":"防災科学技術研究所"},"geometry":{"type":"Point","coordinates":[139.97,35.77]}},{"type":"Feature","properties":{"コード":1220321,"name":"市川市本行徳","所在":"千葉県","所管":"防災科学技術研究所"},"geometry":{"type":"Point","coordinates":[139.92,35.69]}},{"type":"Feature","properties":{"コード":1220332,"name":"市川市八幡","所在":"千葉県","所管":"地方公共団体"},"geometry":{"type":"Point","coordinates":[139.93,35.72]}},{"type":"Feature","properties":{"コード":1220431,"name":"船橋市湊町","所在":"千葉県","所管":"地方公共団体"},"geometry":{"type":"Point","coordinates":[139.98,35.69]}},{"type":"Feature","properties":{"コード":1220731,"name":"松戸市根本","所在":"千葉県","所管":"地方公共団体"},"geometry":{"type":"Point","coordinates":[139.9,35.79]}},{"type":"Feature","properties":{"コード":1220740,"name":"松戸市西馬橋","所在":"千葉県","所管":"地方公共団体"},"geometry":{"type":"Point","coordinates":[139.91,35.81]}},{"type":"Feature","properties":{"コード":1220832,"name":"野田市鶴奉","所在":"千葉県","所管":"地方公共団体"},"geometry":{"type":"Point","coordinates":[139.87,35.96]}},{"type":"Feature","properties":{"コード":1220833,"name":"野田市東宝珠花","所在":"千葉県","所管":"地方公共団体"},"geometry":{"type":"Point","coordinates":[139.82,36.03]}},{"type":"Feature","properties":{"コード":1221101,"name":"成田国際空港","所在":"千葉県","所管":"気象庁"},"geometry":{"type":"Point","coordinates":[140.38,35.77]}},{"type":"Feature","properties":{"コード":1221102,"name":"成田市名古屋","所在":"千葉県","所管":"気象庁"},"geometry":{"type":"Point","coordinates":[140.36,35.86]}},{"type":"Feature","properties":{"コード":1221120,"name":"成田市中台","所在":"千葉県","所管":"防災科学技術研究所"},"geometry":{"type":"Point","coordinates":[140.31,35.78]}},{"type":"Feature","properties":{"コード":1221133,"name":"成田市役所","所在":"千葉県","所管":"地方公共団体"},"geometry":{"type":"Point","coordinates":[140.32,35.78]}},{"type":"Feature","properties":{"コード":1221134,"name":"成田市猿山","所在":"千葉県","所管":"地方公共団体"},"geometry":{"type":"Point","coordinates":[140.35,35.88]}},{"type":"Feature","properties":{"コード":1221135,"name":"成田市松子","所在":"千葉県","所管":"地方公共団体"},"geometry":{"type":"Point","coordinates":[140.42,35.83]}},{"type":"Feature","properties":{"コード":1221231,"name":"千葉佐倉市海隣寺町","所在":"千葉県","所管":"地方公共団体"},"geometry":{"type":"Point","coordinates":[140.22,35.72]}},{"type":"Feature","properties":{"コード":1221632,"name":"習志野市鷺沼","所在":"千葉県","所管":"地方公共団体"},"geometry":{"type":"Point","coordinates":[140.03,35.68]}},{"type":"Feature","properties":{"コード":1221701,"name":"柏市旭町","所在":"千葉県","所管":"気象庁"},"geometry":{"type":"Point","coordinates":[139.96,35.86]}},{"type":"Feature","properties":{"コード":1221732,"name":"柏市柏","所在":"千葉県","所管":"地方公共団体"},"geometry":{"type":"Point","coordinates":[139.98,35.87]}},{"type":"Feature","properties":{"コード":1221733,"name":"柏市大島田","所在":"千葉県","所管":"地方公共団体"},"geometry":{"type":"Point","coordinates":[140.01,35.84]}},{"type":"Feature","properties":{"コード":1221920,"name":"市原市姉崎","所在":"千葉県","所管":"防災科学技術研究所"},"geometry":{"type":"Point","coordinates":[140.05,35.47]}},{"type":"Feature","properties":{"コード":1221930,"name":"市原市国分寺台中央","所在":"千葉県","所管":"地方公共団体"},"geometry":{"type":"Point","coordinates":[140.12,35.5]}},{"type":"Feature","properties":{"コード":1222030,"name":"流山市平和台","所在":"千葉県","所管":"地方公共団体"},"geometry":{"type":"Point","coordinates":[139.9,35.86]}},{"type":"Feature","properties":{"コード":1222131,"name":"八千代市大和田新田","所在":"千葉県","所管":"地方公共団体"},"geometry":{"type":"Point","coordinates":[140.1,35.72]}},{"type":"Feature","properties":{"コード":1222230,"name":"我孫子市我孫子","所在":"千葉県","所管":"地方公共団体"},"geometry":{"type":"Point","coordinates":[140.03,35.86]}},{"type":"Feature","properties":{"コード":1222431,"name":"鎌ケ谷市新鎌ケ谷","所在":"千葉県","所管":"地方公共団体"},"geometry":{"type":"Point","coordinates":[140,35.78]}},{"type":"Feature","properties":{"コード":1222700,"name":"浦安市日の出","所在":"千葉県","所管":"気象庁"},"geometry":{"type":"Point","coordinates":[139.92,35.64]}},{"type":"Feature","properties":{"コード":1222732,"name":"浦安市猫実","所在":"千葉県","所管":"地方公共団体"},"geometry":{"type":"Point","coordinates":[139.9,35.65]}},{"type":"Feature","properties":{"コード":1222831,"name":"四街道市鹿渡","所在":"千葉県","所管":"地方公共団体"},"geometry":{"type":"Point","coordinates":[140.17,35.67]}},{"type":"Feature","properties":{"コード":1223031,"name":"八街市八街","所在":"千葉県","所管":"地方公共団体"},"geometry":{"type":"Point","coordinates":[140.32,35.67]}},{"type":"Feature","properties":{"コード":1223130,"name":"印西市大森","所在":"千葉県","所管":"地方公共団体"},"geometry":{"type":"Point","coordinates":[140.15,35.83]}},{"type":"Feature","properties":{"コード":1223132,"name":"印西市笠神","所在":"千葉県","所管":"地方公共団体"},"geometry":{"type":"Point","coordinates":[140.2,35.82]}},{"type":"Feature","properties":{"コード":1223134,"name":"印西市美瀬","所在":"千葉県","所管":"地方公共団体"},"geometry":{"type":"Point","coordinates":[140.2,35.78]}},{"type":"Feature","properties":{"コード":1223232,"name":"白井市復","所在":"千葉県","所管":"地方公共団体"},"geometry":{"type":"Point","coordinates":[140.06,35.79]}},{"type":"Feature","properties":{"コード":1223330,"name":"富里市七栄","所在":"千葉県","所管":"地方公共団体"},"geometry":{"type":"Point","coordinates":[140.34,35.73]}},{"type":"Feature","properties":{"コード":1232231,"name":"酒々井町中央台","所在":"千葉県","所管":"地方公共団体"},"geometry":{"type":"Point","coordinates":[140.27,35.72]}},{"type":"Feature","properties":{"コード":1232931,"name":"栄町安食台","所在":"千葉県","所管":"地方公共団体"},"geometry":{"type":"Point","coordinates":[140.24,35.84]}},{"type":"Feature","properties":{"コード":1220501,"name":"館山市長須賀","所在":"千葉県","所管":"気象庁"},"geometry":{"type":"Point","coordinates":[139.87,34.99]}},{"type":"Feature","properties":{"コード":1220531,"name":"館山市北条","所在":"千葉県","所管":"地方公共団体"},"geometry":{"type":"Point","coordinates":[139.87,35]}},{"type":"Feature","properties":{"コード":1220601,"name":"木更津市太田","所在":"千葉県","所管":"気象庁"},"geometry":{"type":"Point","coordinates":[139.94,35.38]}},{"type":"Feature","properties":{"コード":1220631,"name":"木更津市富士見","所在":"千葉県","所管":"地方公共団体"},"geometry":{"type":"Point","coordinates":[139.92,35.38]}},{"type":"Feature","properties":{"コード":1221800,"name":"勝浦市墨名","所在":"千葉県","所管":"気象庁"},"geometry":{"type":"Point","coordinates":[140.31,35.15]}},{"type":"Feature","properties":{"コード":1221820,"name":"勝浦市新官","所在":"千葉県","所管":"防災科学技術研究所"},"geometry":{"type":"Point","coordinates":[140.32,35.15]}},{"type":"Feature","properties":{"コード":1222300,"name":"鴨川市八色","所在":"千葉県","所管":"気象庁"},"geometry":{"type":"Point","coordinates":[140.1,35.11]}},{"type":"Feature","properties":{"コード":1222301,"name":"鴨川市内浦","所在":"千葉県","所管":"気象庁"},"geometry":{"type":"Point","coordinates":[140.2,35.16]}},{"type":"Feature","properties":{"コード":1222320,"name":"鴨川市横渚","所在":"千葉県","所管":"防災科学技術研究所"},"geometry":{"type":"Point","coordinates":[140.1,35.11]}},{"type":"Feature","properties":{"コード":1222330,"name":"鴨川市天津","所在":"千葉県","所管":"地方公共団体"},"geometry":{"type":"Point","coordinates":[140.15,35.12]}},{"type":"Feature","properties":{"コード":1222520,"name":"君津市久留里市場","所在":"千葉県","所管":"防災科学技術研究所"},"geometry":{"type":"Point","coordinates":[140.07,35.3]}},{"type":"Feature","properties":{"コード":1222531,"name":"君津市久保","所在":"千葉県","所管":"地方公共団体"},"geometry":{"type":"Point","coordinates":[139.9,35.33]}},{"type":"Feature","properties":{"コード":1222631,"name":"富津市下飯野","所在":"千葉県","所管":"地方公共団体"},"geometry":{"type":"Point","coordinates":[139.86,35.3]}},{"type":"Feature","properties":{"コード":1222931,"name":"袖ケ浦市坂戸市場","所在":"千葉県","所管":"地方公共団体"},"geometry":{"type":"Point","coordinates":[139.95,35.43]}},{"type":"Feature","properties":{"コード":1223400,"name":"南房総市上堀","所在":"千葉県","所管":"気象庁"},"geometry":{"type":"Point","coordinates":[139.89,35.04]}},{"type":"Feature","properties":{"コード":1223430,"name":"南房総市富浦町青木","所在":"千葉県","所管":"地方公共団体"},"geometry":{"type":"Point","coordinates":[139.84,35.04]}},{"type":"Feature","properties":{"コード":1223433,"name":"南房総市白浜町白浜","所在":"千葉県","所管":"地方公共団体"},"geometry":{"type":"Point","coordinates":[139.9,34.91]}},{"type":"Feature","properties":{"コード":1223435,"name":"南房総市岩糸","所在":"千葉県","所管":"地方公共団体"},"geometry":{"type":"Point","coordinates":[139.96,35.02]}},{"type":"Feature","properties":{"コード":1223438,"name":"南房総市久枝","所在":"千葉県","所管":"地方公共団体"},"geometry":{"type":"Point","coordinates":[139.85,35.1]}},{"type":"Feature","properties":{"コード":1223439,"name":"南房総市和田町","所在":"千葉県","所管":"地方公共団体"},"geometry":{"type":"Point","coordinates":[140.02,35.04]}},{"type":"Feature","properties":{"コード":1223440,"name":"南房総市谷向","所在":"千葉県","所管":"地方公共団体"},"geometry":{"type":"Point","coordinates":[139.9,35.03]}},{"type":"Feature","properties":{"コード":1223441,"name":"南房総市千倉町瀬戸","所在":"千葉県","所管":"地方公共団体"},"geometry":{"type":"Point","coordinates":[139.96,34.98]}},{"type":"Feature","properties":{"コード":1223831,"name":"いすみ市大原","所在":"千葉県","所管":"地方公共団体"},"geometry":{"type":"Point","coordinates":[140.39,35.25]}},{"type":"Feature","properties":{"コード":1223833,"name":"いすみ市国府台","所在":"千葉県","所管":"地方公共団体"},"geometry":{"type":"Point","coordinates":[140.31,35.28]}},{"type":"Feature","properties":{"コード":1223834,"name":"いすみ市岬町長者","所在":"千葉県","所管":"地方公共団体"},"geometry":{"type":"Point","coordinates":[140.38,35.3]}},{"type":"Feature","properties":{"コード":1244130,"name":"大多喜町大多喜","所在":"千葉県","所管":"地方公共団体"},"geometry":{"type":"Point","coordinates":[140.25,35.29]}},{"type":"Feature","properties":{"コード":1244330,"name":"御宿町須賀","所在":"千葉県","所管":"地方公共団体"},"geometry":{"type":"Point","coordinates":[140.35,35.19]}},{"type":"Feature","properties":{"コード":1246330,"name":"鋸南町下佐久間","所在":"千葉県","所管":"地方公共団体"},"geometry":{"type":"Point","coordinates":[139.84,35.11]}},{"type":"Feature","properties":{"コード":1310100,"name":"東京千代田区大手町","所在":"東京都","所管":"気象庁"},"geometry":{"type":"Point","coordinates":[139.76,35.69]}},{"type":"Feature","properties":{"コード":1310134,"name":"東京千代田区富士見","所在":"東京都","所管":"地方公共団体"},"geometry":{"type":"Point","coordinates":[139.75,35.7]}},{"type":"Feature","properties":{"コード":1310151,"name":"東京千代田区麹町","所在":"東京都","所管":"地方公共団体"},"geometry":{"type":"Point","coordinates":[139.74,35.68]}},{"type":"Feature","properties":{"コード":1310230,"name":"東京中央区築地","所在":"東京都","所管":"地方公共団体"},"geometry":{"type":"Point","coordinates":[139.77,35.67]}},{"type":"Feature","properties":{"コード":1310250,"name":"東京中央区日本橋兜町","所在":"東京都","所管":"地方公共団体"},"geometry":{"type":"Point","coordinates":[139.78,35.68]}},{"type":"Feature","properties":{"コード":1310253,"name":"東京中央区勝どき","所在":"東京都","所管":"地方公共団体"},"geometry":{"type":"Point","coordinates":[139.78,35.66]}},{"type":"Feature","properties":{"コード":1310300,"name":"東京港区海岸","所在":"東京都","所管":"気象庁"},"geometry":{"type":"Point","coordinates":[139.75,35.64]}},{"type":"Feature","properties":{"コード":1310330,"name":"東京港区芝公園","所在":"東京都","所管":"地方公共団体"},"geometry":{"type":"Point","coordinates":[139.75,35.66]}},{"type":"Feature","properties":{"コード":1310352,"name":"東京港区南青山","所在":"東京都","所管":"地方公共団体"},"geometry":{"type":"Point","coordinates":[139.72,35.67]}},{"type":"Feature","properties":{"コード":1310353,"name":"東京港区白金","所在":"東京都","所管":"地方公共団体"},"geometry":{"type":"Point","coordinates":[139.73,35.64]}},{"type":"Feature","properties":{"コード":1310400,"name":"東京新宿区西新宿","所在":"東京都","所管":"気象庁"},"geometry":{"type":"Point","coordinates":[139.7,35.69]}},{"type":"Feature","properties":{"コード":1310420,"name":"東京新宿区上落合","所在":"東京都","所管":"防災科学技術研究所"},"geometry":{"type":"Point","coordinates":[139.69,35.71]}},{"type":"Feature","properties":{"コード":1310432,"name":"東京新宿区歌舞伎町","所在":"東京都","所管":"地方公共団体"},"geometry":{"type":"Point","coordinates":[139.7,35.69]}},{"type":"Feature","properties":{"コード":1310451,"name":"東京新宿区百人町","所在":"東京都","所管":"地方公共団体"},"geometry":{"type":"Point","coordinates":[139.7,35.71]}},{"type":"Feature","properties":{"コード":1310531,"name":"東京文京区スポーツセンタ","所在":"東京都","所管":"地方公共団体"},"geometry":{"type":"Point","coordinates":[139.74,35.72]}},{"type":"Feature","properties":{"コード":1310550,"name":"東京文京区本郷","所在":"東京都","所管":"地方公共団体"},"geometry":{"type":"Point","coordinates":[139.76,35.71]}},{"type":"Feature","properties":{"コード":1310551,"name":"東京文京区大塚","所在":"東京都","所管":"地方公共団体"},"geometry":{"type":"Point","coordinates":[139.73,35.72]}},{"type":"Feature","properties":{"コード":1310632,"name":"東京台東区東上野","所在":"東京都","所管":"地方公共団体"},"geometry":{"type":"Point","coordinates":[139.78,35.71]}},{"type":"Feature","properties":{"コード":1310650,"name":"東京台東区千束","所在":"東京都","所管":"地方公共団体"},"geometry":{"type":"Point","coordinates":[139.8,35.72]}},{"type":"Feature","properties":{"コード":1310700,"name":"東京墨田区横川","所在":"東京都","所管":"気象庁"},"geometry":{"type":"Point","coordinates":[139.82,35.7]}},{"type":"Feature","properties":{"コード":1310730,"name":"東京墨田区吾妻橋","所在":"東京都","所管":"地方公共団体"},"geometry":{"type":"Point","coordinates":[139.8,35.71]}},{"type":"Feature","properties":{"コード":1310750,"name":"東京墨田区東向島","所在":"東京都","所管":"地方公共団体"},"geometry":{"type":"Point","coordinates":[139.82,35.72]}},{"type":"Feature","properties":{"コード":1310800,"name":"東京江東区青海","所在":"東京都","所管":"気象庁"},"geometry":{"type":"Point","coordinates":[139.78,35.62]}},{"type":"Feature","properties":{"コード":1310820,"name":"東京江東区越中島","所在":"東京都","所管":"防災科学技術研究所"},"geometry":{"type":"Point","coordinates":[139.79,35.67]}},{"type":"Feature","properties":{"コード":1310831,"name":"東京江東区東陽","所在":"東京都","所管":"地方公共団体"},"geometry":{"type":"Point","coordinates":[139.82,35.67]}},{"type":"Feature","properties":{"コード":1310850,"name":"東京江東区森下","所在":"東京都","所管":"地方公共団体"},"geometry":{"type":"Point","coordinates":[139.81,35.68]}},{"type":"Feature","properties":{"コード":1310852,"name":"東京江東区亀戸","所在":"東京都","所管":"地方公共団体"},"geometry":{"type":"Point","coordinates":[139.83,35.7]}},{"type":"Feature","properties":{"コード":1310854,"name":"東京江東区枝川","所在":"東京都","所管":"地方公共団体"},"geometry":{"type":"Point","coordinates":[139.81,35.66]}},{"type":"Feature","properties":{"コード":1310931,"name":"東京品川区広町","所在":"東京都","所管":"地方公共団体"},"geometry":{"type":"Point","coordinates":[139.73,35.61]}},{"type":"Feature","properties":{"コード":1310950,"name":"東京品川区北品川","所在":"東京都","所管":"地方公共団体"},"geometry":{"type":"Point","coordinates":[139.74,35.62]}},{"type":"Feature","properties":{"コード":1310951,"name":"東京品川区平塚","所在":"東京都","所管":"地方公共団体"},"geometry":{"type":"Point","coordinates":[139.71,35.61]}},{"type":"Feature","properties":{"コード":1311030,"name":"東京目黒区中央町","所在":"東京都","所管":"地方公共団体"},"geometry":{"type":"Point","coordinates":[139.69,35.63]}},{"type":"Feature","properties":{"コード":1311102,"name":"東京国際空港","所在":"東京都","所管":"気象庁"},"geometry":{"type":"Point","coordinates":[139.8,35.54]}},{"type":"Feature","properties":{"コード":1311130,"name":"東京大田区蒲田","所在":"東京都","所管":"地方公共団体"},"geometry":{"type":"Point","coordinates":[139.72,35.56]}},{"type":"Feature","properties":{"コード":1311150,"name":"東京大田区大森東","所在":"東京都","所管":"地方公共団体"},"geometry":{"type":"Point","coordinates":[139.74,35.58]}},{"type":"Feature","properties":{"コード":1311152,"name":"東京大田区本羽田","所在":"東京都","所管":"地方公共団体"},"geometry":{"type":"Point","coordinates":[139.73,35.55]}},{"type":"Feature","properties":{"コード":1311153,"name":"東京大田区多摩川","所在":"東京都","所管":"地方公共団体"},"geometry":{"type":"Point","coordinates":[139.7,35.56]}},{"type":"Feature","properties":{"コード":1311231,"name":"東京世田谷区世田谷","所在":"東京都","所管":"地方公共団体"},"geometry":{"type":"Point","coordinates":[139.65,35.65]}},{"type":"Feature","properties":{"コード":1311250,"name":"東京世田谷区三軒茶屋","所在":"東京都","所管":"地方公共団体"},"geometry":{"type":"Point","coordinates":[139.67,35.64]}},{"type":"Feature","properties":{"コード":1311252,"name":"東京世田谷区中町","所在":"東京都","所管":"地方公共団体"},"geometry":{"type":"Point","coordinates":[139.65,35.61]}},{"type":"Feature","properties":{"コード":1311253,"name":"東京世田谷区成城","所在":"東京都","所管":"地方公共団体"},"geometry":{"type":"Point","coordinates":[139.6,35.64]}},{"type":"Feature","properties":{"コード":1311331,"name":"東京渋谷区宇田川町","所在":"東京都","所管":"地方公共団体"},"geometry":{"type":"Point","coordinates":[139.7,35.66]}},{"type":"Feature","properties":{"コード":1311350,"name":"東京渋谷区本町","所在":"東京都","所管":"地方公共団体"},"geometry":{"type":"Point","coordinates":[139.68,35.68]}},{"type":"Feature","properties":{"コード":1311431,"name":"東京中野区中野","所在":"東京都","所管":"地方公共団体"},"geometry":{"type":"Point","coordinates":[139.66,35.71]}},{"type":"Feature","properties":{"コード":1311451,"name":"東京中野区江古田","所在":"東京都","所管":"地方公共団体"},"geometry":{"type":"Point","coordinates":[139.67,35.73]}},{"type":"Feature","properties":{"コード":1311452,"name":"東京中野区中央","所在":"東京都","所管":"地方公共団体"},"geometry":{"type":"Point","coordinates":[139.67,35.7]}},{"type":"Feature","properties":{"コード":1311501,"name":"東京杉並区阿佐谷","所在":"東京都","所管":"気象庁"},"geometry":{"type":"Point","coordinates":[139.64,35.7]}},{"type":"Feature","properties":{"コード":1311550,"name":"東京杉並区桃井","所在":"東京都","所管":"地方公共団体"},"geometry":{"type":"Point","coordinates":[139.61,35.71]}},{"type":"Feature","properties":{"コード":1311551,"name":"東京杉並区高井戸","所在":"東京都","所管":"地方公共団体"},"geometry":{"type":"Point","coordinates":[139.62,35.69]}},{"type":"Feature","properties":{"コード":1311631,"name":"東京豊島区南池袋","所在":"東京都","所管":"地方公共団体"},"geometry":{"type":"Point","coordinates":[139.72,35.73]}},{"type":"Feature","properties":{"コード":1311730,"name":"東京北区西ヶ原","所在":"東京都","所管":"地方公共団体"},"geometry":{"type":"Point","coordinates":[139.74,35.75]}},{"type":"Feature","properties":{"コード":1311753,"name":"東京北区赤羽南","所在":"東京都","所管":"地方公共団体"},"geometry":{"type":"Point","coordinates":[139.72,35.78]}},{"type":"Feature","properties":{"コード":1311830,"name":"東京荒川区荒川","所在":"東京都","所管":"地方公共団体"},"geometry":{"type":"Point","coordinates":[139.78,35.74]}},{"type":"Feature","properties":{"コード":1311850,"name":"東京荒川区東尾久","所在":"東京都","所管":"地方公共団体"},"geometry":{"type":"Point","coordinates":[139.77,35.75]}},{"type":"Feature","properties":{"コード":1311931,"name":"東京板橋区高島平","所在":"東京都","所管":"地方公共団体"},"geometry":{"type":"Point","coordinates":[139.66,35.79]}},{"type":"Feature","properties":{"コード":1311950,"name":"東京板橋区板橋","所在":"東京都","所管":"地方公共団体"},"geometry":{"type":"Point","coordinates":[139.71,35.75]}},{"type":"Feature","properties":{"コード":1311951,"name":"東京板橋区相生町","所在":"東京都","所管":"地方公共団体"},"geometry":{"type":"Point","coordinates":[139.68,35.78]}},{"type":"Feature","properties":{"コード":1312031,"name":"東京練馬区豊玉北","所在":"東京都","所管":"地方公共団体"},"geometry":{"type":"Point","coordinates":[139.65,35.74]}},{"type":"Feature","properties":{"コード":1312051,"name":"東京練馬区東大泉","所在":"東京都","所管":"地方公共団体"},"geometry":{"type":"Point","coordinates":[139.59,35.75]}},{"type":"Feature","properties":{"コード":1312052,"name":"東京練馬区光が丘","所在":"東京都","所管":"地方公共団体"},"geometry":{"type":"Point","coordinates":[139.63,35.76]}},{"type":"Feature","properties":{"コード":1312130,"name":"東京足立区中央本町","所在":"東京都","所管":"地方公共団体"},"geometry":{"type":"Point","coordinates":[139.8,35.77]}},{"type":"Feature","properties":{"コード":1312152,"name":"東京足立区神明南","所在":"東京都","所管":"地方公共団体"},"geometry":{"type":"Point","coordinates":[139.83,35.79]}},{"type":"Feature","properties":{"コード":1312153,"name":"東京足立区千住中居町","所在":"東京都","所管":"地方公共団体"},"geometry":{"type":"Point","coordinates":[139.8,35.75]}},{"type":"Feature","properties":{"コード":1312154,"name":"東京足立区伊興","所在":"東京都","所管":"地方公共団体"},"geometry":{"type":"Point","coordinates":[139.78,35.79]}},{"type":"Feature","properties":{"コード":1312230,"name":"東京葛飾区立石","所在":"東京都","所管":"地方公共団体"},"geometry":{"type":"Point","coordinates":[139.85,35.74]}},{"type":"Feature","properties":{"コード":1312252,"name":"東京葛飾区金町","所在":"東京都","所管":"地方公共団体"},"geometry":{"type":"Point","coordinates":[139.87,35.76]}},{"type":"Feature","properties":{"コード":1312300,"name":"東京江戸川区中央","所在":"東京都","所管":"気象庁"},"geometry":{"type":"Point","coordinates":[139.87,35.71]}},{"type":"Feature","properties":{"コード":1312351,"name":"東京江戸川区鹿骨","所在":"東京都","所管":"地方公共団体"},"geometry":{"type":"Point","coordinates":[139.89,35.71]}},{"type":"Feature","properties":{"コード":1312352,"name":"東京江戸川区船堀","所在":"東京都","所管":"地方公共団体"},"geometry":{"type":"Point","coordinates":[139.87,35.68]}},{"type":"Feature","properties":{"コード":1320100,"name":"八王子市大横町","所在":"東京都","所管":"気象庁"},"geometry":{"type":"Point","coordinates":[139.33,35.66]}},{"type":"Feature","properties":{"コード":1320120,"name":"八王子市堀之内","所在":"東京都","所管":"防災科学技術研究所"},"geometry":{"type":"Point","coordinates":[139.4,35.63]}},{"type":"Feature","properties":{"コード":1320150,"name":"八王子市石川町","所在":"東京都","所管":"地方公共団体"},"geometry":{"type":"Point","coordinates":[139.36,35.67]}},{"type":"Feature","properties":{"コード":1320231,"name":"立川市泉町","所在":"東京都","所管":"地方公共団体"},"geometry":{"type":"Point","coordinates":[139.41,35.72]}},{"type":"Feature","properties":{"コード":1320331,"name":"武蔵野市緑町","所在":"東京都","所管":"地方公共団体"},"geometry":{"type":"Point","coordinates":[139.57,35.72]}},{"type":"Feature","properties":{"コード":1320352,"name":"武蔵野市吉祥寺東町","所在":"東京都","所管":"地方公共団体"},"geometry":{"type":"Point","coordinates":[139.58,35.71]}},{"type":"Feature","properties":{"コード":1320433,"name":"三鷹市新川","所在":"東京都","所管":"地方公共団体"},"geometry":{"type":"Point","coordinates":[139.56,35.68]}},{"type":"Feature","properties":{"コード":1320631,"name":"東京府中市寿町","所在":"東京都","所管":"地方公共団体"},"geometry":{"type":"Point","coordinates":[139.48,35.67]}},{"type":"Feature","properties":{"コード":1320651,"name":"東京府中市朝日町","所在":"東京都","所管":"地方公共団体"},"geometry":{"type":"Point","coordinates":[139.52,35.67]}},{"type":"Feature","properties":{"コード":1320730,"name":"昭島市田中町","所在":"東京都","所管":"地方公共団体"},"geometry":{"type":"Point","coordinates":[139.35,35.71]}},{"type":"Feature","properties":{"コード":1320830,"name":"調布市小島町","所在":"東京都","所管":"地方公共団体"},"geometry":{"type":"Point","coordinates":[139.54,35.65]}},{"type":"Feature","properties":{"コード":1320850,"name":"調布市西つつじヶ丘","所在":"東京都","所管":"地方公共団体"},"geometry":{"type":"Point","coordinates":[139.57,35.66]}},{"type":"Feature","properties":{"コード":1320921,"name":"町田市忠生","所在":"東京都","所管":"防災科学技術研究所"},"geometry":{"type":"Point","coordinates":[139.41,35.58]}},{"type":"Feature","properties":{"コード":1320932,"name":"町田市森野","所在":"東京都","所管":"地方公共団体"},"geometry":{"type":"Point","coordinates":[139.44,35.55]}},{"type":"Feature","properties":{"コード":1320952,"name":"町田市本町田","所在":"東京都","所管":"地方公共団体"},"geometry":{"type":"Point","coordinates":[139.44,35.56]}},{"type":"Feature","properties":{"コード":1321020,"name":"小金井市本町","所在":"東京都","所管":"防災科学技術研究所"},"geometry":{"type":"Point","coordinates":[139.5,35.7]}},{"type":"Feature","properties":{"コード":1321131,"name":"小平市小川町","所在":"東京都","所管":"地方公共団体"},"geometry":{"type":"Point","coordinates":[139.48,35.73]}},{"type":"Feature","properties":{"コード":1321230,"name":"日野市神明","所在":"東京都","所管":"地方公共団体"},"geometry":{"type":"Point","coordinates":[139.4,35.67]}},{"type":"Feature","properties":{"コード":1321331,"name":"東村山市本町","所在":"東京都","所管":"地方公共団体"},"geometry":{"type":"Point","coordinates":[139.47,35.76]}},{"type":"Feature","properties":{"コード":1321351,"name":"東村山市美住町","所在":"東京都","所管":"地方公共団体"},"geometry":{"type":"Point","coordinates":[139.45,35.75]}},{"type":"Feature","properties":{"コード":1321451,"name":"国分寺市泉町","所在":"東京都","所管":"地方公共団体"},"geometry":{"type":"Point","coordinates":[139.47,35.7]}},{"type":"Feature","properties":{"コード":1321530,"name":"国立市富士見台","所在":"東京都","所管":"地方公共団体"},"geometry":{"type":"Point","coordinates":[139.44,35.68]}},{"type":"Feature","properties":{"コード":1321852,"name":"福生市福生","所在":"東京都","所管":"地方公共団体"},"geometry":{"type":"Point","coordinates":[139.33,35.74]}},{"type":"Feature","properties":{"コード":1321931,"name":"狛江市和泉本町","所在":"東京都","所管":"地方公共団体"},"geometry":{"type":"Point","coordinates":[139.58,35.63]}},{"type":"Feature","properties":{"コード":1322030,"name":"東大和市中央","所在":"東京都","所管":"地方公共団体"},"geometry":{"type":"Point","coordinates":[139.43,35.75]}},{"type":"Feature","properties":{"コード":1322141,"name":"清瀬市中里","所在":"東京都","所管":"地方公共団体"},"geometry":{"type":"Point","coordinates":[139.53,35.79]}},{"type":"Feature","properties":{"コード":1322152,"name":"清瀬市中清戸","所在":"東京都","所管":"地方公共団体"},"geometry":{"type":"Point","coordinates":[139.53,35.78]}},{"type":"Feature","properties":{"コード":1322231,"name":"東久留米市本町","所在":"東京都","所管":"地方公共団体"},"geometry":{"type":"Point","coordinates":[139.53,35.76]}},{"type":"Feature","properties":{"コード":1322331,"name":"武蔵村山市本町","所在":"東京都","所管":"地方公共団体"},"geometry":{"type":"Point","coordinates":[139.39,35.75]}},{"type":"Feature","properties":{"コード":1322431,"name":"多摩市関戸","所在":"東京都","所管":"地方公共団体"},"geometry":{"type":"Point","coordinates":[139.45,35.64]}},{"type":"Feature","properties":{"コード":1322450,"name":"多摩市鶴牧","所在":"東京都","所管":"地方公共団体"},"geometry":{"type":"Point","coordinates":[139.42,35.62]}},{"type":"Feature","properties":{"コード":1322530,"name":"稲城市東長沼","所在":"東京都","所管":"地方公共団体"},"geometry":{"type":"Point","coordinates":[139.5,35.64]}},{"type":"Feature","properties":{"コード":1322730,"name":"羽村市緑ヶ丘","所在":"東京都","所管":"地方公共団体"},"geometry":{"type":"Point","coordinates":[139.31,35.77]}},{"type":"Feature","properties":{"コード":1322941,"name":"西東京市中町","所在":"東京都","所管":"地方公共団体"},"geometry":{"type":"Point","coordinates":[139.56,35.74]}},{"type":"Feature","properties":{"コード":1330331,"name":"瑞穂町箱根ヶ崎","所在":"東京都","所管":"地方公共団体"},"geometry":{"type":"Point","coordinates":[139.35,35.77]}},{"type":"Feature","properties":{"コード":1320501,"name":"青梅市東青梅","所在":"東京都","所管":"気象庁"},"geometry":{"type":"Point","coordinates":[139.27,35.79]}},{"type":"Feature","properties":{"コード":1320550,"name":"青梅市日向和田","所在":"東京都","所管":"地方公共団体"},"geometry":{"type":"Point","coordinates":[139.24,35.79]}},{"type":"Feature","properties":{"コード":1322851,"name":"あきる野市伊奈","所在":"東京都","所管":"地方公共団体"},"geometry":{"type":"Point","coordinates":[139.26,35.73]}},{"type":"Feature","properties":{"コード":1330540,"name":"日の出町平井","所在":"東京都","所管":"地方公共団体"},"geometry":{"type":"Point","coordinates":[139.26,35.74]}},{"type":"Feature","properties":{"コード":1330721,"name":"檜原村本宿","所在":"東京都","所管":"防災科学技術研究所"},"geometry":{"type":"Point","coordinates":[139.15,35.73]}},{"type":"Feature","properties":{"コード":1330740,"name":"檜原村役場","所在":"東京都","所管":"地方公共団体"},"geometry":{"type":"Point","coordinates":[139.16,35.73]}},{"type":"Feature","properties":{"コード":1330852,"name":"奥多摩町氷川","所在":"東京都","所管":"地方公共団体"},"geometry":{"type":"Point","coordinates":[139.09,35.8]}},{"type":"Feature","properties":{"コード":1336401,"name":"神津島村金長","所在":"東京都","所管":"気象庁"},"geometry":{"type":"Point","coordinates":[139.13,34.19]}},{"type":"Feature","properties":{"コード":1336431,"name":"神津島村役場","所在":"東京都","所管":"地方公共団体"},"geometry":{"type":"Point","coordinates":[139.13,34.21]}},{"type":"Feature","properties":{"コード":1336103,"name":"伊豆大島町差木地","所在":"東京都","所管":"気象庁"},"geometry":{"type":"Point","coordinates":[139.41,34.68]}},{"type":"Feature","properties":{"コード":1336104,"name":"伊豆大島町元町","所在":"東京都","所管":"気象庁"},"geometry":{"type":"Point","coordinates":[139.36,34.75]}},{"type":"Feature","properties":{"コード":1336121,"name":"伊豆大島町波浮港","所在":"東京都","所管":"防災科学技術研究所"},"geometry":{"type":"Point","coordinates":[139.44,34.69]}},{"type":"Feature","properties":{"コード":1336200,"name":"東京利島村東山","所在":"東京都","所管":"気象庁"},"geometry":{"type":"Point","coordinates":[139.29,34.52]}},{"type":"Feature","properties":{"コード":1336300,"name":"新島村大原","所在":"東京都","所管":"気象庁"},"geometry":{"type":"Point","coordinates":[139.27,34.36]}},{"type":"Feature","properties":{"コード":1336301,"name":"新島村式根島","所在":"東京都","所管":"気象庁"},"geometry":{"type":"Point","coordinates":[139.21,34.33]}},{"type":"Feature","properties":{"コード":1336330,"name":"新島村本村","所在":"東京都","所管":"地方公共団体"},"geometry":{"type":"Point","coordinates":[139.26,34.38]}},{"type":"Feature","properties":{"コード":1338103,"name":"三宅村神着","所在":"東京都","所管":"気象庁"},"geometry":{"type":"Point","coordinates":[139.52,34.12]}},{"type":"Feature","properties":{"コード":1338104,"name":"三宅村坪田","所在":"東京都","所管":"気象庁"},"geometry":{"type":"Point","coordinates":[139.55,34.06]}},{"type":"Feature","properties":{"コード":1338120,"name":"三宅村阿古","所在":"東京都","所管":"防災科学技術研究所"},"geometry":{"type":"Point","coordinates":[139.48,34.08]}},{"type":"Feature","properties":{"コード":1338200,"name":"御蔵島村西川","所在":"東京都","所管":"気象庁"},"geometry":{"type":"Point","coordinates":[139.59,33.89]}},{"type":"Feature","properties":{"コード":1340103,"name":"八丈町樫立","所在":"東京都","所管":"気象庁"},"geometry":{"type":"Point","coordinates":[139.8,33.07]}},{"type":"Feature","properties":{"コード":1340104,"name":"八丈町三根","所在":"東京都","所管":"気象庁"},"geometry":{"type":"Point","coordinates":[139.79,33.11]}},{"type":"Feature","properties":{"コード":1340121,"name":"八丈町富士グランド","所在":"東京都","所管":"防災科学技術研究所"},"geometry":{"type":"Point","coordinates":[139.8,33.12]}},{"type":"Feature","properties":{"コード":1340200,"name":"青ヶ島村","所在":"東京都","所管":"気象庁"},"geometry":{"type":"Point","coordinates":[139.76,32.46]}},{"type":"Feature","properties":{"コード":1342100,"name":"小笠原村父島西町","所在":"東京都","所管":"気象庁"},"geometry":{"type":"Point","coordinates":[142.19,27.09]}},{"type":"Feature","properties":{"コード":1342101,"name":"小笠原村父島三日月山","所在":"東京都","所管":"気象庁"},"geometry":{"type":"Point","coordinates":[142.18,27.1]}},{"type":"Feature","properties":{"コード":1342103,"name":"小笠原村母島","所在":"東京都","所管":"気象庁"},"geometry":{"type":"Point","coordinates":[142.18,26.63]}},{"type":"Feature","properties":{"コード":1410141,"name":"横浜鶴見区鶴見","所在":"神奈川県","所管":"地方公共団体"},"geometry":{"type":"Point","coordinates":[139.69,35.51]}},{"type":"Feature","properties":{"コード":1410142,"name":"横浜鶴見区馬場","所在":"神奈川県","所管":"地方公共団体"},"geometry":{"type":"Point","coordinates":[139.64,35.51]}},{"type":"Feature","properties":{"コード":1410143,"name":"横浜鶴見区末広町","所在":"神奈川県","所管":"地方公共団体"},"geometry":{"type":"Point","coordinates":[139.69,35.49]}},{"type":"Feature","properties":{"コード":1410240,"name":"横浜神奈川区神大寺","所在":"神奈川県","所管":"地方公共団体"},"geometry":{"type":"Point","coordinates":[139.61,35.49]}},{"type":"Feature","properties":{"コード":1410242,"name":"横浜神奈川区広台太田町","所在":"神奈川県","所管":"地方公共団体"},"geometry":{"type":"Point","coordinates":[139.63,35.48]}},{"type":"Feature","properties":{"コード":1410340,"name":"横浜西区みなとみらい","所在":"神奈川県","所管":"地方公共団体"},"geometry":{"type":"Point","coordinates":[139.64,35.46]}},{"type":"Feature","properties":{"コード":1410341,"name":"横浜西区浜松町","所在":"神奈川県","所管":"地方公共団体"},"geometry":{"type":"Point","coordinates":[139.61,35.45]}},{"type":"Feature","properties":{"コード":1410400,"name":"横浜中区山手町","所在":"神奈川県","所管":"気象庁"},"geometry":{"type":"Point","coordinates":[139.65,35.44]}},{"type":"Feature","properties":{"コード":1410440,"name":"横浜中区山下町","所在":"神奈川県","所管":"地方公共団体"},"geometry":{"type":"Point","coordinates":[139.64,35.44]}},{"type":"Feature","properties":{"コード":1410441,"name":"横浜中区山吹町","所在":"神奈川県","所管":"地方公共団体"},"geometry":{"type":"Point","coordinates":[139.63,35.44]}},{"type":"Feature","properties":{"コード":1410442,"name":"横浜中区日本大通","所在":"神奈川県","所管":"地方公共団体"},"geometry":{"type":"Point","coordinates":[139.64,35.45]}},{"type":"Feature","properties":{"コード":1410541,"name":"横浜南区六ツ川","所在":"神奈川県","所管":"地方公共団体"},"geometry":{"type":"Point","coordinates":[139.59,35.42]}},{"type":"Feature","properties":{"コード":1410542,"name":"横浜南区大岡","所在":"神奈川県","所管":"地方公共団体"},"geometry":{"type":"Point","coordinates":[139.61,35.41]}},{"type":"Feature","properties":{"コード":1410640,"name":"横浜保土ケ谷区神戸町","所在":"神奈川県","所管":"地方公共団体"},"geometry":{"type":"Point","coordinates":[139.6,35.45]}},{"type":"Feature","properties":{"コード":1410641,"name":"横浜保土ケ谷区上菅田町","所在":"神奈川県","所管":"地方公共団体"},"geometry":{"type":"Point","coordinates":[139.57,35.49]}},{"type":"Feature","properties":{"コード":1410740,"name":"横浜磯子区磯子","所在":"神奈川県","所管":"地方公共団体"},"geometry":{"type":"Point","coordinates":[139.62,35.4]}},{"type":"Feature","properties":{"コード":1410741,"name":"横浜磯子区洋光台","所在":"神奈川県","所管":"地方公共団体"},"geometry":{"type":"Point","coordinates":[139.6,35.37]}},{"type":"Feature","properties":{"コード":1410840,"name":"横浜金沢区白帆","所在":"神奈川県","所管":"地方公共団体"},"geometry":{"type":"Point","coordinates":[139.65,35.38]}},{"type":"Feature","properties":{"コード":1410841,"name":"横浜金沢区寺前","所在":"神奈川県","所管":"地方公共団体"},"geometry":{"type":"Point","coordinates":[139.63,35.34]}},{"type":"Feature","properties":{"コード":1410842,"name":"横浜金沢区釜利谷南","所在":"神奈川県","所管":"地方公共団体"},"geometry":{"type":"Point","coordinates":[139.6,35.34]}},{"type":"Feature","properties":{"コード":1410940,"name":"横浜港北区大倉山","所在":"神奈川県","所管":"地方公共団体"},"geometry":{"type":"Point","coordinates":[139.62,35.52]}},{"type":"Feature","properties":{"コード":1410941,"name":"横浜港北区日吉本町","所在":"神奈川県","所管":"地方公共団体"},"geometry":{"type":"Point","coordinates":[139.63,35.55]}},{"type":"Feature","properties":{"コード":1410942,"name":"横浜港北区綱島西","所在":"神奈川県","所管":"地方公共団体"},"geometry":{"type":"Point","coordinates":[139.63,35.54]}},{"type":"Feature","properties":{"コード":1411040,"name":"横浜戸塚区平戸町","所在":"神奈川県","所管":"地方公共団体"},"geometry":{"type":"Point","coordinates":[139.56,35.43]}},{"type":"Feature","properties":{"コード":1411041,"name":"横浜戸塚区戸塚町","所在":"神奈川県","所管":"地方公共団体"},"geometry":{"type":"Point","coordinates":[139.53,35.39]}},{"type":"Feature","properties":{"コード":1411042,"name":"横浜戸塚区鳥が丘","所在":"神奈川県","所管":"地方公共団体"},"geometry":{"type":"Point","coordinates":[139.52,35.41]}},{"type":"Feature","properties":{"コード":1411142,"name":"横浜港南区野庭町","所在":"神奈川県","所管":"地方公共団体"},"geometry":{"type":"Point","coordinates":[139.57,35.39]}},{"type":"Feature","properties":{"コード":1411143,"name":"横浜港南区丸山台北部","所在":"神奈川県","所管":"地方公共団体"},"geometry":{"type":"Point","coordinates":[139.57,35.4]}},{"type":"Feature","properties":{"コード":1411220,"name":"横浜旭区大池町","所在":"神奈川県","所管":"防災科学技術研究所"},"geometry":{"type":"Point","coordinates":[139.54,35.45]}},{"type":"Feature","properties":{"コード":1411240,"name":"横浜旭区今宿東町","所在":"神奈川県","所管":"地方公共団体"},"geometry":{"type":"Point","coordinates":[139.53,35.48]}},{"type":"Feature","properties":{"コード":1411241,"name":"横浜旭区上白根町","所在":"神奈川県","所管":"地方公共団体"},"geometry":{"type":"Point","coordinates":[139.53,35.5]}},{"type":"Feature","properties":{"コード":1411242,"name":"横浜旭区川井宿町","所在":"神奈川県","所管":"地方公共団体"},"geometry":{"type":"Point","coordinates":[139.52,35.49]}},{"type":"Feature","properties":{"コード":1411341,"name":"横浜緑区十日市場町","所在":"神奈川県","所管":"地方公共団体"},"geometry":{"type":"Point","coordinates":[139.51,35.53]}},{"type":"Feature","properties":{"コード":1411342,"name":"横浜緑区鴨居","所在":"神奈川県","所管":"地方公共団体"},"geometry":{"type":"Point","coordinates":[139.57,35.51]}},{"type":"Feature","properties":{"コード":1411440,"name":"横浜瀬谷区中屋敷","所在":"神奈川県","所管":"地方公共団体"},"geometry":{"type":"Point","coordinates":[139.48,35.48]}},{"type":"Feature","properties":{"コード":1411441,"name":"横浜瀬谷区三ツ境","所在":"神奈川県","所管":"地方公共団体"},"geometry":{"type":"Point","coordinates":[139.5,35.46]}},{"type":"Feature","properties":{"コード":1411540,"name":"横浜栄区桂台南","所在":"神奈川県","所管":"地方公共団体"},"geometry":{"type":"Point","coordinates":[139.56,35.35]}},{"type":"Feature","properties":{"コード":1411541,"name":"横浜栄区小菅ケ谷","所在":"神奈川県","所管":"地方公共団体"},"geometry":{"type":"Point","coordinates":[139.55,35.37]}},{"type":"Feature","properties":{"コード":1411640,"name":"横浜泉区岡津町","所在":"神奈川県","所管":"地方公共団体"},"geometry":{"type":"Point","coordinates":[139.52,35.43]}},{"type":"Feature","properties":{"コード":1411641,"name":"横浜泉区和泉中央北","所在":"神奈川県","所管":"地方公共団体"},"geometry":{"type":"Point","coordinates":[139.49,35.42]}},{"type":"Feature","properties":{"コード":1411742,"name":"横浜青葉区美しが丘","所在":"神奈川県","所管":"地方公共団体"},"geometry":{"type":"Point","coordinates":[139.55,35.58]}},{"type":"Feature","properties":{"コード":1411743,"name":"横浜青葉区鴨志田町","所在":"神奈川県","所管":"地方公共団体"},"geometry":{"type":"Point","coordinates":[139.5,35.56]}},{"type":"Feature","properties":{"コード":1411840,"name":"横浜都筑区池辺町","所在":"神奈川県","所管":"地方公共団体"},"geometry":{"type":"Point","coordinates":[139.57,35.52]}},{"type":"Feature","properties":{"コード":1411842,"name":"横浜都筑区茅ケ崎","所在":"神奈川県","所管":"地方公共団体"},"geometry":{"type":"Point","coordinates":[139.57,35.54]}},{"type":"Feature","properties":{"コード":1413120,"name":"川崎川崎区宮前町","所在":"神奈川県","所管":"防災科学技術研究所"},"geometry":{"type":"Point","coordinates":[139.71,35.53]}},{"type":"Feature","properties":{"コード":1413141,"name":"川崎川崎区千鳥町","所在":"神奈川県","所管":"地方公共団体"},"geometry":{"type":"Point","coordinates":[139.75,35.52]}},{"type":"Feature","properties":{"コード":1413142,"name":"川崎川崎区中島","所在":"神奈川県","所管":"地方公共団体"},"geometry":{"type":"Point","coordinates":[139.72,35.53]}},{"type":"Feature","properties":{"コード":1413241,"name":"川崎幸区戸手本町","所在":"神奈川県","所管":"地方公共団体"},"geometry":{"type":"Point","coordinates":[139.69,35.54]}},{"type":"Feature","properties":{"コード":1413300,"name":"川崎中原区小杉陣屋町","所在":"神奈川県","所管":"気象庁"},"geometry":{"type":"Point","coordinates":[139.66,35.59]}},{"type":"Feature","properties":{"コード":1413340,"name":"川崎中原区小杉町","所在":"神奈川県","所管":"地方公共団体"},"geometry":{"type":"Point","coordinates":[139.66,35.58]}},{"type":"Feature","properties":{"コード":1413440,"name":"川崎高津区下作延","所在":"神奈川県","所管":"地方公共団体"},"geometry":{"type":"Point","coordinates":[139.61,35.6]}},{"type":"Feature","properties":{"コード":1413540,"name":"川崎多摩区登戸","所在":"神奈川県","所管":"地方公共団体"},"geometry":{"type":"Point","coordinates":[139.56,35.62]}},{"type":"Feature","properties":{"コード":1413640,"name":"川崎宮前区宮前平","所在":"神奈川県","所管":"地方公共団体"},"geometry":{"type":"Point","coordinates":[139.59,35.59]}},{"type":"Feature","properties":{"コード":1413641,"name":"川崎宮前区野川","所在":"神奈川県","所管":"地方公共団体"},"geometry":{"type":"Point","coordinates":[139.61,35.57]}},{"type":"Feature","properties":{"コード":1413740,"name":"川崎麻生区万福寺","所在":"神奈川県","所管":"地方公共団体"},"geometry":{"type":"Point","coordinates":[139.51,35.6]}},{"type":"Feature","properties":{"コード":1413742,"name":"川崎麻生区片平","所在":"神奈川県","所管":"地方公共団体"},"geometry":{"type":"Point","coordinates":[139.5,35.59]}},{"type":"Feature","properties":{"コード":1420100,"name":"横須賀市光の丘","所在":"神奈川県","所管":"気象庁"},"geometry":{"type":"Point","coordinates":[139.66,35.23]}},{"type":"Feature","properties":{"コード":1420120,"name":"横須賀市坂本町","所在":"神奈川県","所管":"防災科学技術研究所"},"geometry":{"type":"Point","coordinates":[139.66,35.27]}},{"type":"Feature","properties":{"コード":1420321,"name":"平塚市浅間町","所在":"神奈川県","所管":"防災科学技術研究所"},"geometry":{"type":"Point","coordinates":[139.34,35.33]}},{"type":"Feature","properties":{"コード":1420420,"name":"鎌倉市御成町","所在":"神奈川県","所管":"防災科学技術研究所"},"geometry":{"type":"Point","coordinates":[139.55,35.32]}},{"type":"Feature","properties":{"コード":1420521,"name":"藤沢市朝日町","所在":"神奈川県","所管":"防災科学技術研究所"},"geometry":{"type":"Point","coordinates":[139.49,35.34]}},{"type":"Feature","properties":{"コード":1420540,"name":"藤沢市大庭","所在":"神奈川県","所管":"地方公共団体"},"geometry":{"type":"Point","coordinates":[139.45,35.37]}},{"type":"Feature","properties":{"コード":1420541,"name":"藤沢市打戻","所在":"神奈川県","所管":"地方公共団体"},"geometry":{"type":"Point","coordinates":[139.42,35.4]}},{"type":"Feature","properties":{"コード":1420542,"name":"藤沢市長後","所在":"神奈川県","所管":"地方公共団体"},"geometry":{"type":"Point","coordinates":[139.46,35.41]}},{"type":"Feature","properties":{"コード":1420544,"name":"藤沢市辻堂西海岸","所在":"神奈川県","所管":"地方公共団体"},"geometry":{"type":"Point","coordinates":[139.45,35.33]}},{"type":"Feature","properties":{"コード":1420700,"name":"茅ヶ崎市茅ヶ崎","所在":"神奈川県","所管":"気象庁"},"geometry":{"type":"Point","coordinates":[139.4,35.33]}},{"type":"Feature","properties":{"コード":1420830,"name":"逗子市桜山","所在":"神奈川県","所管":"地方公共団体"},"geometry":{"type":"Point","coordinates":[139.59,35.3]}},{"type":"Feature","properties":{"コード":1421020,"name":"三浦市城山町","所在":"神奈川県","所管":"防災科学技術研究所"},"geometry":{"type":"Point","coordinates":[139.62,35.14]}},{"type":"Feature","properties":{"コード":1421332,"name":"大和市下鶴間","所在":"神奈川県","所管":"地方公共団体"},"geometry":{"type":"Point","coordinates":[139.46,35.49]}},{"type":"Feature","properties":{"コード":1421530,"name":"海老名市大谷","所在":"神奈川県","所管":"地方公共団体"},"geometry":{"type":"Point","coordinates":[139.39,35.44]}},{"type":"Feature","properties":{"コード":1421631,"name":"座間市相武台","所在":"神奈川県","所管":"地方公共団体"},"geometry":{"type":"Point","coordinates":[139.4,35.49]}},{"type":"Feature","properties":{"コード":1421831,"name":"綾瀬市深谷中","所在":"神奈川県","所管":"地方公共団体"},"geometry":{"type":"Point","coordinates":[139.43,35.43]}},{"type":"Feature","properties":{"コード":1430130,"name":"葉山町堀内","所在":"神奈川県","所管":"地方公共団体"},"geometry":{"type":"Point","coordinates":[139.59,35.27]}},{"type":"Feature","properties":{"コード":1432130,"name":"寒川町宮山","所在":"神奈川県","所管":"地方公共団体"},"geometry":{"type":"Point","coordinates":[139.38,35.37]}},{"type":"Feature","properties":{"コード":1434131,"name":"大磯町月京","所在":"神奈川県","所管":"地方公共団体"},"geometry":{"type":"Point","coordinates":[139.28,35.31]}},{"type":"Feature","properties":{"コード":1434230,"name":"二宮町中里","所在":"神奈川県","所管":"地方公共団体"},"geometry":{"type":"Point","coordinates":[139.25,35.31]}},{"type":"Feature","properties":{"コード":1415100,"name":"相模原緑区若柳","所在":"神奈川県","所管":"気象庁"},"geometry":{"type":"Point","coordinates":[139.21,35.6]}},{"type":"Feature","properties":{"コード":1415120,"name":"相模原緑区大島","所在":"神奈川県","所管":"防災科学技術研究所"},"geometry":{"type":"Point","coordinates":[139.33,35.57]}},{"type":"Feature","properties":{"コード":1415121,"name":"相模原緑区小渕","所在":"神奈川県","所管":"防災科学技術研究所"},"geometry":{"type":"Point","coordinates":[139.16,35.62]}},{"type":"Feature","properties":{"コード":1415130,"name":"相模原緑区中野","所在":"神奈川県","所管":"地方公共団体"},"geometry":{"type":"Point","coordinates":[139.26,35.59]}},{"type":"Feature","properties":{"コード":1415131,"name":"相模原緑区与瀬","所在":"神奈川県","所管":"地方公共団体"},"geometry":{"type":"Point","coordinates":[139.19,35.61]}},{"type":"Feature","properties":{"コード":1415133,"name":"相模原緑区久保沢","所在":"神奈川県","所管":"地方公共団体"},"geometry":{"type":"Point","coordinates":[139.3,35.6]}},{"type":"Feature","properties":{"コード":1415200,"name":"相模原中央区中央","所在":"神奈川県","所管":"気象庁"},"geometry":{"type":"Point","coordinates":[139.37,35.57]}},{"type":"Feature","properties":{"コード":1415341,"name":"相模原南区磯部","所在":"神奈川県","所管":"地方公共団体"},"geometry":{"type":"Point","coordinates":[139.38,35.5]}},{"type":"Feature","properties":{"コード":1420600,"name":"小田原市久野","所在":"神奈川県","所管":"気象庁"},"geometry":{"type":"Point","coordinates":[139.09,35.27]}},{"type":"Feature","properties":{"コード":1420621,"name":"小田原市荻窪","所在":"神奈川県","所管":"防災科学技術研究所"},"geometry":{"type":"Point","coordinates":[139.15,35.26]}},{"type":"Feature","properties":{"コード":1421100,"name":"秦野市曽屋","所在":"神奈川県","所管":"気象庁"},"geometry":{"type":"Point","coordinates":[139.21,35.38]}},{"type":"Feature","properties":{"コード":1421120,"name":"秦野市平沢","所在":"神奈川県","所管":"防災科学技術研究所"},"geometry":{"type":"Point","coordinates":[139.2,35.38]}},{"type":"Feature","properties":{"コード":1421220,"name":"厚木市中町","所在":"神奈川県","所管":"防災科学技術研究所"},"geometry":{"type":"Point","coordinates":[139.36,35.44]}},{"type":"Feature","properties":{"コード":1421248,"name":"厚木市下津古久","所在":"神奈川県","所管":"地方公共団体"},"geometry":{"type":"Point","coordinates":[139.35,35.4]}},{"type":"Feature","properties":{"コード":1421432,"name":"伊勢原市伊勢原","所在":"神奈川県","所管":"地方公共団体"},"geometry":{"type":"Point","coordinates":[139.31,35.4]}},{"type":"Feature","properties":{"コード":1421731,"name":"南足柄市関本","所在":"神奈川県","所管":"地方公共団体"},"geometry":{"type":"Point","coordinates":[139.1,35.32]}},{"type":"Feature","properties":{"コード":1436131,"name":"中井町比奈窪","所在":"神奈川県","所管":"地方公共団体"},"geometry":{"type":"Point","coordinates":[139.22,35.33]}},{"type":"Feature","properties":{"コード":1436230,"name":"神奈川大井町金子","所在":"神奈川県","所管":"地方公共団体"},"geometry":{"type":"Point","coordinates":[139.16,35.33]}},{"type":"Feature","properties":{"コード":1436330,"name":"松田町松田惣領","所在":"神奈川県","所管":"地方公共団体"},"geometry":{"type":"Point","coordinates":[139.14,35.35]}},{"type":"Feature","properties":{"コード":1436420,"name":"山北町山北","所在":"神奈川県","所管":"防災科学技術研究所"},"geometry":{"type":"Point","coordinates":[139.08,35.36]}},{"type":"Feature","properties":{"コード":1436631,"name":"開成町延沢","所在":"神奈川県","所管":"地方公共団体"},"geometry":{"type":"Point","coordinates":[139.12,35.34]}},{"type":"Feature","properties":{"コード":1438230,"name":"箱根町湯本","所在":"神奈川県","所管":"地方公共団体"},"geometry":{"type":"Point","coordinates":[139.11,35.23]}},{"type":"Feature","properties":{"コード":1438331,"name":"真鶴町岩","所在":"神奈川県","所管":"地方公共団体"},"geometry":{"type":"Point","coordinates":[139.14,35.16]}},{"type":"Feature","properties":{"コード":1438401,"name":"湯河原町中央","所在":"神奈川県","所管":"気象庁"},"geometry":{"type":"Point","coordinates":[139.11,35.15]}},{"type":"Feature","properties":{"コード":1440131,"name":"愛川町角田","所在":"神奈川県","所管":"地方公共団体"},"geometry":{"type":"Point","coordinates":[139.32,35.53]}},{"type":"Feature","properties":{"コード":1440230,"name":"清川村煤ヶ谷","所在":"神奈川県","所管":"地方公共団体"},"geometry":{"type":"Point","coordinates":[139.28,35.48]}},{"type":"Feature","properties":{"コード":1521600,"name":"糸魚川市一の宮","所在":"新潟県","所管":"気象庁"},"geometry":{"type":"Point","coordinates":[137.86,37.04]}},{"type":"Feature","properties":{"コード":1521620,"name":"糸魚川市大野","所在":"新潟県","所管":"防災科学技術研究所"},"geometry":{"type":"Point","coordinates":[137.86,37.02]}},{"type":"Feature","properties":{"コード":1521632,"name":"糸魚川市青海","所在":"新潟県","所管":"地方公共団体"},"geometry":{"type":"Point","coordinates":[137.8,37.02]}},{"type":"Feature","properties":{"コード":1521633,"name":"糸魚川市能生","所在":"新潟県","所管":"地方公共団体"},"geometry":{"type":"Point","coordinates":[137.99,37.1]}},{"type":"Feature","properties":{"コード":1521720,"name":"妙高市田町","所在":"新潟県","所管":"防災科学技術研究所"},"geometry":{"type":"Point","coordinates":[138.25,37.02]}},{"type":"Feature","properties":{"コード":1521733,"name":"妙高市栄町","所在":"新潟県","所管":"地方公共団体"},"geometry":{"type":"Point","coordinates":[138.25,37.03]}},{"type":"Feature","properties":{"コード":1521734,"name":"妙高市関山","所在":"新潟県","所管":"地方公共団体"},"geometry":{"type":"Point","coordinates":[138.23,36.93]}},{"type":"Feature","properties":{"コード":1521735,"name":"妙高市田口","所在":"新潟県","所管":"地方公共団体"},"geometry":{"type":"Point","coordinates":[138.21,36.87]}},{"type":"Feature","properties":{"コード":1522201,"name":"上越市中ノ俣","所在":"新潟県","所管":"気象庁"},"geometry":{"type":"Point","coordinates":[138.16,37.11]}},{"type":"Feature","properties":{"コード":1522202,"name":"上越市大手町","所在":"新潟県","所管":"気象庁"},"geometry":{"type":"Point","coordinates":[138.25,37.11]}},{"type":"Feature","properties":{"コード":1522230,"name":"上越市木田","所在":"新潟県","所管":"地方公共団体"},"geometry":{"type":"Point","coordinates":[138.24,37.15]}},{"type":"Feature","properties":{"コード":1522231,"name":"上越市安塚区安塚","所在":"新潟県","所管":"地方公共団体"},"geometry":{"type":"Point","coordinates":[138.45,37.13]}},{"type":"Feature","properties":{"コード":1522232,"name":"上越市浦川原区釜淵","所在":"新潟県","所管":"地方公共団体"},"geometry":{"type":"Point","coordinates":[138.43,37.16]}},{"type":"Feature","properties":{"コード":1522234,"name":"上越市牧区柳島","所在":"新潟県","所管":"地方公共団体"},"geometry":{"type":"Point","coordinates":[138.38,37.08]}},{"type":"Feature","properties":{"コード":1522235,"name":"上越市柿崎区柿崎","所在":"新潟県","所管":"地方公共団体"},"geometry":{"type":"Point","coordinates":[138.39,37.28]}},{"type":"Feature","properties":{"コード":1522236,"name":"上越市大潟区土底浜","所在":"新潟県","所管":"地方公共団体"},"geometry":{"type":"Point","coordinates":[138.33,37.23]}},{"type":"Feature","properties":{"コード":1522237,"name":"上越市頸城区百間町","所在":"新潟県","所管":"地方公共団体"},"geometry":{"type":"Point","coordinates":[138.33,37.19]}},{"type":"Feature","properties":{"コード":1522238,"name":"上越市吉川区原之町","所在":"新潟県","所管":"地方公共団体"},"geometry":{"type":"Point","coordinates":[138.41,37.22]}},{"type":"Feature","properties":{"コード":1522239,"name":"上越市中郷区藤沢","所在":"新潟県","所管":"地方公共団体"},"geometry":{"type":"Point","coordinates":[138.23,36.98]}},{"type":"Feature","properties":{"コード":1522241,"name":"上越市清里区荒牧","所在":"新潟県","所管":"地方公共団体"},"geometry":{"type":"Point","coordinates":[138.33,37.08]}},{"type":"Feature","properties":{"コード":1522242,"name":"上越市三和区井ノ口","所在":"新潟県","所管":"地方公共団体"},"geometry":{"type":"Point","coordinates":[138.35,37.12]}},{"type":"Feature","properties":{"コード":1522244,"name":"上越市大島区岡","所在":"新潟県","所管":"地方公共団体"},"geometry":{"type":"Point","coordinates":[138.51,37.15]}},{"type":"Feature","properties":{"コード":1522245,"name":"上越市板倉区針","所在":"新潟県","所管":"地方公共団体"},"geometry":{"type":"Point","coordinates":[138.29,37.05]}},{"type":"Feature","properties":{"コード":1522246,"name":"上越市名立区名立大町","所在":"新潟県","所管":"地方公共団体"},"geometry":{"type":"Point","coordinates":[138.09,37.16]}},{"type":"Feature","properties":{"コード":1520200,"name":"長岡市幸町","所在":"新潟県","所管":"気象庁"},"geometry":{"type":"Point","coordinates":[138.84,37.44]}},{"type":"Feature","properties":{"コード":1520220,"name":"長岡市寺泊一里塚","所在":"新潟県","所管":"防災科学技術研究所"},"geometry":{"type":"Point","coordinates":[138.77,37.65]}},{"type":"Feature","properties":{"コード":1520221,"name":"長岡市千手","所在":"新潟県","所管":"防災科学技術研究所"},"geometry":{"type":"Point","coordinates":[138.84,37.44]}},{"type":"Feature","properties":{"コード":1520231,"name":"長岡市浦","所在":"新潟県","所管":"地方公共団体"},"geometry":{"type":"Point","coordinates":[138.79,37.39]}},{"type":"Feature","properties":{"コード":1520232,"name":"長岡市上岩井","所在":"新潟県","所管":"地方公共団体"},"geometry":{"type":"Point","coordinates":[138.78,37.49]}},{"type":"Feature","properties":{"コード":1520234,"name":"長岡市小国町法坂","所在":"新潟県","所管":"地方公共団体"},"geometry":{"type":"Point","coordinates":[138.71,37.31]}},{"type":"Feature","properties":{"コード":1520237,"name":"長岡市小島谷","所在":"新潟県","所管":"地方公共団体"},"geometry":{"type":"Point","coordinates":[138.77,37.57]}},{"type":"Feature","properties":{"コード":1520240,"name":"長岡市山古志竹沢","所在":"新潟県","所管":"地方公共団体"},"geometry":{"type":"Point","coordinates":[138.89,37.33]}},{"type":"Feature","properties":{"コード":1520242,"name":"長岡市寺泊敦ケ曽根","所在":"新潟県","所管":"地方公共団体"},"geometry":{"type":"Point","coordinates":[138.82,37.62]}},{"type":"Feature","properties":{"コード":1520243,"name":"長岡市寺泊烏帽子平","所在":"新潟県","所管":"地方公共団体"},"geometry":{"type":"Point","coordinates":[138.77,37.64]}},{"type":"Feature","properties":{"コード":1520244,"name":"長岡市東川口","所在":"新潟県","所管":"地方公共団体"},"geometry":{"type":"Point","coordinates":[138.86,37.27]}},{"type":"Feature","properties":{"コード":1520245,"name":"長岡市中之島","所在":"新潟県","所管":"地方公共団体"},"geometry":{"type":"Point","coordinates":[138.88,37.55]}},{"type":"Feature","properties":{"コード":1520247,"name":"長岡市与板町与板","所在":"新潟県","所管":"地方公共団体"},"geometry":{"type":"Point","coordinates":[138.81,37.54]}},{"type":"Feature","properties":{"コード":1520248,"name":"長岡市中央公園","所在":"新潟県","所管":"地方公共団体"},"geometry":{"type":"Point","coordinates":[138.99,37.48]}},{"type":"Feature","properties":{"コード":1520431,"name":"三条市西裏館","所在":"新潟県","所管":"地方公共団体"},"geometry":{"type":"Point","coordinates":[138.96,37.64]}},{"type":"Feature","properties":{"コード":1520432,"name":"三条市荻堀","所在":"新潟県","所管":"地方公共団体"},"geometry":{"type":"Point","coordinates":[139.03,37.57]}},{"type":"Feature","properties":{"コード":1520433,"name":"三条市新堀","所在":"新潟県","所管":"地方公共団体"},"geometry":{"type":"Point","coordinates":[138.92,37.59]}},{"type":"Feature","properties":{"コード":1520534,"name":"柏崎市西山町池浦","所在":"新潟県","所管":"地方公共団体"},"geometry":{"type":"Point","coordinates":[138.67,37.46]}},{"type":"Feature","properties":{"コード":1520536,"name":"柏崎市高柳町岡野町","所在":"新潟県","所管":"地方公共団体"},"geometry":{"type":"Point","coordinates":[138.64,37.22]}},{"type":"Feature","properties":{"コード":1520537,"name":"柏崎市日石町","所在":"新潟県","所管":"地方公共団体"},"geometry":{"type":"Point","coordinates":[138.56,37.37]}},{"type":"Feature","properties":{"コード":1520800,"name":"小千谷市城内","所在":"新潟県","所管":"気象庁"},"geometry":{"type":"Point","coordinates":[138.79,37.31]}},{"type":"Feature","properties":{"コード":1520821,"name":"小千谷市旭町","所在":"新潟県","所管":"防災科学技術研究所"},"geometry":{"type":"Point","coordinates":[138.81,37.3]}},{"type":"Feature","properties":{"コード":1520930,"name":"加茂市幸町","所在":"新潟県","所管":"地方公共団体"},"geometry":{"type":"Point","coordinates":[139.04,37.67]}},{"type":"Feature","properties":{"コード":1521021,"name":"十日町市下条","所在":"新潟県","所管":"防災科学技術研究所"},"geometry":{"type":"Point","coordinates":[138.78,37.2]}},{"type":"Feature","properties":{"コード":1521031,"name":"十日町市千歳町","所在":"新潟県","所管":"地方公共団体"},"geometry":{"type":"Point","coordinates":[138.76,37.13]}},{"type":"Feature","properties":{"コード":1521037,"name":"十日町市上山","所在":"新潟県","所管":"地方公共団体"},"geometry":{"type":"Point","coordinates":[138.7,37.05]}},{"type":"Feature","properties":{"コード":1521039,"name":"十日町市松代","所在":"新潟県","所管":"地方公共団体"},"geometry":{"type":"Point","coordinates":[138.61,37.13]}},{"type":"Feature","properties":{"コード":1521040,"name":"十日町市水口沢","所在":"新潟県","所管":"地方公共団体"},"geometry":{"type":"Point","coordinates":[138.74,37.16]}},{"type":"Feature","properties":{"コード":1521041,"name":"十日町市松之山","所在":"新潟県","所管":"地方公共団体"},"geometry":{"type":"Point","coordinates":[138.61,37.09]}},{"type":"Feature","properties":{"コード":1521131,"name":"見附市昭和町","所在":"新潟県","所管":"地方公共団体"},"geometry":{"type":"Point","coordinates":[138.91,37.53]}},{"type":"Feature","properties":{"コード":1522501,"name":"魚沼市下折立","所在":"新潟県","所管":"気象庁"},"geometry":{"type":"Point","coordinates":[139.06,37.21]}},{"type":"Feature","properties":{"コード":1522533,"name":"魚沼市今泉","所在":"新潟県","所管":"地方公共団体"},"geometry":{"type":"Point","coordinates":[138.98,37.26]}},{"type":"Feature","properties":{"コード":1522536,"name":"魚沼市堀之内","所在":"新潟県","所管":"地方公共団体"},"geometry":{"type":"Point","coordinates":[138.92,37.24]}},{"type":"Feature","properties":{"コード":1522537,"name":"魚沼市須原","所在":"新潟県","所管":"地方公共団体"},"geometry":{"type":"Point","coordinates":[139.01,37.32]}},{"type":"Feature","properties":{"コード":1522538,"name":"魚沼市穴沢","所在":"新潟県","所管":"地方公共団体"},"geometry":{"type":"Point","coordinates":[139.07,37.36]}},{"type":"Feature","properties":{"コード":1522539,"name":"魚沼市小出島","所在":"新潟県","所管":"地方公共団体"},"geometry":{"type":"Point","coordinates":[138.96,37.24]}},{"type":"Feature","properties":{"コード":1522540,"name":"魚沼市大沢","所在":"新潟県","所管":"地方公共団体"},"geometry":{"type":"Point","coordinates":[139.01,37.23]}},{"type":"Feature","properties":{"コード":1522600,"name":"南魚沼市六日町","所在":"新潟県","所管":"気象庁"},"geometry":{"type":"Point","coordinates":[138.88,37.07]}},{"type":"Feature","properties":{"コード":1522620,"name":"南魚沼市塩沢小学校","所在":"新潟県","所管":"防災科学技術研究所"},"geometry":{"type":"Point","coordinates":[138.85,37.04]}},{"type":"Feature","properties":{"コード":1522630,"name":"南魚沼市浦佐","所在":"新潟県","所管":"地方公共団体"},"geometry":{"type":"Point","coordinates":[138.93,37.16]}},{"type":"Feature","properties":{"コード":1522632,"name":"南魚沼市塩沢庁舎","所在":"新潟県","所管":"地方公共団体"},"geometry":{"type":"Point","coordinates":[138.85,37.04]}},{"type":"Feature","properties":{"コード":1536130,"name":"田上町原ケ崎新田","所在":"新潟県","所管":"地方公共団体"},"geometry":{"type":"Point","coordinates":[139.06,37.7]}},{"type":"Feature","properties":{"コード":1540500,"name":"出雲崎町米田","所在":"新潟県","所管":"気象庁"},"geometry":{"type":"Point","coordinates":[138.71,37.53]}},{"type":"Feature","properties":{"コード":1540530,"name":"出雲崎町川西","所在":"新潟県","所管":"地方公共団体"},"geometry":{"type":"Point","coordinates":[138.72,37.53]}},{"type":"Feature","properties":{"コード":1546130,"name":"湯沢町神立","所在":"新潟県","所管":"地方公共団体"},"geometry":{"type":"Point","coordinates":[138.82,36.93]}},{"type":"Feature","properties":{"コード":1548231,"name":"津南町下船渡","所在":"新潟県","所管":"地方公共団体"},"geometry":{"type":"Point","coordinates":[138.65,37.01]}},{"type":"Feature","properties":{"コード":1550433,"name":"刈羽村割町新田","所在":"新潟県","所管":"地方公共団体"},"geometry":{"type":"Point","coordinates":[138.62,37.42]}},{"type":"Feature","properties":{"コード":1510131,"name":"新潟北区東栄町","所在":"新潟県","所管":"地方公共団体"},"geometry":{"type":"Point","coordinates":[139.22,37.91]}},{"type":"Feature","properties":{"コード":1510200,"name":"新潟空港","所在":"新潟県","所管":"気象庁"},"geometry":{"type":"Point","coordinates":[139.11,37.95]}},{"type":"Feature","properties":{"コード":1510231,"name":"新潟東区下木戸","所在":"新潟県","所管":"地方公共団体"},"geometry":{"type":"Point","coordinates":[139.09,37.92]}},{"type":"Feature","properties":{"コード":1510301,"name":"新潟中央区美咲町","所在":"新潟県","所管":"気象庁"},"geometry":{"type":"Point","coordinates":[139.02,37.89]}},{"type":"Feature","properties":{"コード":1510320,"name":"新潟中央区関屋","所在":"新潟県","所管":"防災科学技術研究所"},"geometry":{"type":"Point","coordinates":[139.01,37.91]}},{"type":"Feature","properties":{"コード":1510331,"name":"新潟中央区新潟市役所","所在":"新潟県","所管":"地方公共団体"},"geometry":{"type":"Point","coordinates":[139.04,37.92]}},{"type":"Feature","properties":{"コード":1510430,"name":"新潟江南区泉町","所在":"新潟県","所管":"地方公共団体"},"geometry":{"type":"Point","coordinates":[139.09,37.87]}},{"type":"Feature","properties":{"コード":1510500,"name":"新潟秋葉区程島","所在":"新潟県","所管":"気象庁"},"geometry":{"type":"Point","coordinates":[139.11,37.79]}},{"type":"Feature","properties":{"コード":1510520,"name":"新潟秋葉区新津東町","所在":"新潟県","所管":"防災科学技術研究所"},"geometry":{"type":"Point","coordinates":[139.15,37.8]}},{"type":"Feature","properties":{"コード":1510630,"name":"新潟南区白根","所在":"新潟県","所管":"地方公共団体"},"geometry":{"type":"Point","coordinates":[139.02,37.77]}},{"type":"Feature","properties":{"コード":1510731,"name":"新潟西区寺尾東","所在":"新潟県","所管":"地方公共団体"},"geometry":{"type":"Point","coordinates":[138.97,37.87]}},{"type":"Feature","properties":{"コード":1510800,"name":"新潟西蒲区役所","所在":"新潟県","所管":"気象庁"},"geometry":{"type":"Point","coordinates":[138.89,37.76]}},{"type":"Feature","properties":{"コード":1510820,"name":"新潟西蒲区巻甲","所在":"新潟県","所管":"防災科学技術研究所"},"geometry":{"type":"Point","coordinates":[138.88,37.76]}},{"type":"Feature","properties":{"コード":1520620,"name":"新発田市本町","所在":"新潟県","所管":"防災科学技術研究所"},"geometry":{"type":"Point","coordinates":[139.34,37.95]}},{"type":"Feature","properties":{"コード":1520631,"name":"新発田市乙次","所在":"新潟県","所管":"地方公共団体"},"geometry":{"type":"Point","coordinates":[139.31,37.92]}},{"type":"Feature","properties":{"コード":1520633,"name":"新発田市住田","所在":"新潟県","所管":"地方公共団体"},"geometry":{"type":"Point","coordinates":[139.37,37.99]}},{"type":"Feature","properties":{"コード":1520635,"name":"新発田市中央町","所在":"新潟県","所管":"地方公共団体"},"geometry":{"type":"Point","coordinates":[139.33,37.95]}},{"type":"Feature","properties":{"コード":1520636,"name":"新発田市真野原外","所在":"新潟県","所管":"地方公共団体"},"geometry":{"type":"Point","coordinates":[139.32,38.02]}},{"type":"Feature","properties":{"コード":1521200,"name":"村上市塩町","所在":"新潟県","所管":"気象庁"},"geometry":{"type":"Point","coordinates":[139.47,38.23]}},{"type":"Feature","properties":{"コード":1521220,"name":"村上市片町","所在":"新潟県","所管":"防災科学技術研究所"},"geometry":{"type":"Point","coordinates":[139.49,38.23]}},{"type":"Feature","properties":{"コード":1521221,"name":"村上市寒川","所在":"新潟県","所管":"防災科学技術研究所"},"geometry":{"type":"Point","coordinates":[139.5,38.45]}},{"type":"Feature","properties":{"コード":1521231,"name":"村上市三之町","所在":"新潟県","所管":"地方公共団体"},"geometry":{"type":"Point","coordinates":[139.48,38.22]}},{"type":"Feature","properties":{"コード":1521232,"name":"村上市山口","所在":"新潟県","所管":"地方公共団体"},"geometry":{"type":"Point","coordinates":[139.44,38.12]}},{"type":"Feature","properties":{"コード":1521236,"name":"村上市岩船駅前","所在":"新潟県","所管":"地方公共団体"},"geometry":{"type":"Point","coordinates":[139.46,38.18]}},{"type":"Feature","properties":{"コード":1521237,"name":"村上市府屋","所在":"新潟県","所管":"地方公共団体"},"geometry":{"type":"Point","coordinates":[139.53,38.51]}},{"type":"Feature","properties":{"コード":1521238,"name":"村上市岩沢","所在":"新潟県","所管":"地方公共団体"},"geometry":{"type":"Point","coordinates":[139.54,38.27]}},{"type":"Feature","properties":{"コード":1521336,"name":"燕市秋葉町","所在":"新潟県","所管":"地方公共団体"},"geometry":{"type":"Point","coordinates":[138.92,37.66]}},{"type":"Feature","properties":{"コード":1521338,"name":"燕市吉田西太田","所在":"新潟県","所管":"地方公共団体"},"geometry":{"type":"Point","coordinates":[138.88,37.67]}},{"type":"Feature","properties":{"コード":1521339,"name":"燕市分水桜町","所在":"新潟県","所管":"地方公共団体"},"geometry":{"type":"Point","coordinates":[138.84,37.63]}},{"type":"Feature","properties":{"コード":1521801,"name":"五泉市村松乙","所在":"新潟県","所管":"気象庁"},"geometry":{"type":"Point","coordinates":[139.17,37.69]}},{"type":"Feature","properties":{"コード":1521821,"name":"五泉市愛宕甲","所在":"新潟県","所管":"防災科学技術研究所"},"geometry":{"type":"Point","coordinates":[139.19,37.69]}},{"type":"Feature","properties":{"コード":1521830,"name":"五泉市太田","所在":"新潟県","所管":"地方公共団体"},"geometry":{"type":"Point","coordinates":[139.18,37.74]}},{"type":"Feature","properties":{"コード":1522300,"name":"阿賀野市畑江","所在":"新潟県","所管":"気象庁"},"geometry":{"type":"Point","coordinates":[139.31,37.82]}},{"type":"Feature","properties":{"コード":1522330,"name":"阿賀野市岡山町","所在":"新潟県","所管":"地方公共団体"},"geometry":{"type":"Point","coordinates":[139.23,37.83]}},{"type":"Feature","properties":{"コード":1522333,"name":"阿賀野市山崎","所在":"新潟県","所管":"地方公共団体"},"geometry":{"type":"Point","coordinates":[139.27,37.84]}},{"type":"Feature","properties":{"コード":1522335,"name":"阿賀野市姥ヶ橋","所在":"新潟県","所管":"地方公共団体"},"geometry":{"type":"Point","coordinates":[139.18,37.84]}},{"type":"Feature","properties":{"コード":1522336,"name":"阿賀野市かがやき","所在":"新潟県","所管":"地方公共団体"},"geometry":{"type":"Point","coordinates":[139.25,37.78]}},{"type":"Feature","properties":{"コード":1522700,"name":"胎内市新和町","所在":"新潟県","所管":"気象庁"},"geometry":{"type":"Point","coordinates":[139.41,38.06]}},{"type":"Feature","properties":{"コード":1522720,"name":"胎内市大川町","所在":"新潟県","所管":"防災科学技術研究所"},"geometry":{"type":"Point","coordinates":[139.41,38.05]}},{"type":"Feature","properties":{"コード":1522731,"name":"胎内市黒川","所在":"新潟県","所管":"地方公共団体"},"geometry":{"type":"Point","coordinates":[139.44,38.07]}},{"type":"Feature","properties":{"コード":1530731,"name":"聖籠町諏訪山","所在":"新潟県","所管":"地方公共団体"},"geometry":{"type":"Point","coordinates":[139.27,37.97]}},{"type":"Feature","properties":{"コード":1534231,"name":"弥彦村矢作","所在":"新潟県","所管":"地方公共団体"},"geometry":{"type":"Point","coordinates":[138.86,37.69]}},{"type":"Feature","properties":{"コード":1538532,"name":"阿賀町豊川","所在":"新潟県","所管":"地方公共団体"},"geometry":{"type":"Point","coordinates":[139.46,37.63]}},{"type":"Feature","properties":{"コード":1538533,"name":"阿賀町白崎","所在":"新潟県","所管":"地方公共団体"},"geometry":{"type":"Point","coordinates":[139.38,37.71]}},{"type":"Feature","properties":{"コード":1538534,"name":"阿賀町津川","所在":"新潟県","所管":"地方公共団体"},"geometry":{"type":"Point","coordinates":[139.46,37.68]}},{"type":"Feature","properties":{"コード":1558131,"name":"関川村下関","所在":"新潟県","所管":"地方公共団体"},"geometry":{"type":"Point","coordinates":[139.57,38.09]}},{"type":"Feature","properties":{"コード":1558600,"name":"粟島浦村笹畑","所在":"新潟県","所管":"気象庁"},"geometry":{"type":"Point","coordinates":[139.25,38.46]}},{"type":"Feature","properties":{"コード":1558631,"name":"粟島浦村日ノ見山","所在":"新潟県","所管":"地方公共団体"},"geometry":{"type":"Point","coordinates":[139.25,38.47]}},{"type":"Feature","properties":{"コード":1522401,"name":"佐渡市相川金山","所在":"新潟県","所管":"気象庁"},"geometry":{"type":"Point","coordinates":[138.26,38.04]}},{"type":"Feature","properties":{"コード":1522402,"name":"佐渡市相川三町目","所在":"新潟県","所管":"気象庁"},"geometry":{"type":"Point","coordinates":[138.24,38.03]}},{"type":"Feature","properties":{"コード":1522420,"name":"佐渡市岩谷口","所在":"新潟県","所管":"防災科学技術研究所"},"geometry":{"type":"Point","coordinates":[138.43,38.26]}},{"type":"Feature","properties":{"コード":1522421,"name":"佐渡市両津湊","所在":"新潟県","所管":"防災科学技術研究所"},"geometry":{"type":"Point","coordinates":[138.44,38.07]}},{"type":"Feature","properties":{"コード":1522424,"name":"佐渡市松ヶ崎","所在":"新潟県","所管":"防災科学技術研究所"},"geometry":{"type":"Point","coordinates":[138.5,37.92]}},{"type":"Feature","properties":{"コード":1522430,"name":"佐渡市千種","所在":"新潟県","所管":"地方公共団体"},"geometry":{"type":"Point","coordinates":[138.37,38.02]}},{"type":"Feature","properties":{"コード":1522433,"name":"佐渡市河原田本町","所在":"新潟県","所管":"地方公共団体"},"geometry":{"type":"Point","coordinates":[138.32,38]}},{"type":"Feature","properties":{"コード":1522435,"name":"佐渡市畑野","所在":"新潟県","所管":"地方公共団体"},"geometry":{"type":"Point","coordinates":[138.4,37.99]}},{"type":"Feature","properties":{"コード":1522438,"name":"佐渡市羽茂本郷","所在":"新潟県","所管":"地方公共団体"},"geometry":{"type":"Point","coordinates":[138.32,37.85]}},{"type":"Feature","properties":{"コード":1522440,"name":"佐渡市真野新町","所在":"新潟県","所管":"地方公共団体"},"geometry":{"type":"Point","coordinates":[138.35,37.97]}},{"type":"Feature","properties":{"コード":1522441,"name":"佐渡市赤泊","所在":"新潟県","所管":"地方公共団体"},"geometry":{"type":"Point","coordinates":[138.41,37.87]}},{"type":"Feature","properties":{"コード":1522443,"name":"佐渡市相川栄町","所在":"新潟県","所管":"地方公共団体"},"geometry":{"type":"Point","coordinates":[138.24,38.04]}},{"type":"Feature","properties":{"コード":1522445,"name":"佐渡市両津支所","所在":"新潟県","所管":"地方公共団体"},"geometry":{"type":"Point","coordinates":[138.44,38.08]}},{"type":"Feature","properties":{"コード":1522446,"name":"佐渡市新穂瓜生屋","所在":"新潟県","所管":"地方公共団体"},"geometry":{"type":"Point","coordinates":[138.43,38.02]}},{"type":"Feature","properties":{"コード":1522447,"name":"佐渡市小木町","所在":"新潟県","所管":"地方公共団体"},"geometry":{"type":"Point","coordinates":[138.28,37.82]}},{"type":"Feature","properties":{"コード":1620100,"name":"富山市石坂","所在":"富山県","所管":"気象庁"},"geometry":{"type":"Point","coordinates":[137.2,36.71]}},{"type":"Feature","properties":{"コード":1620102,"name":"富山市八尾町福島","所在":"富山県","所管":"気象庁"},"geometry":{"type":"Point","coordinates":[137.14,36.58]}},{"type":"Feature","properties":{"コード":1620123,"name":"富山市今泉","所在":"富山県","所管":"防災科学技術研究所"},"geometry":{"type":"Point","coordinates":[137.21,36.67]}},{"type":"Feature","properties":{"コード":1620130,"name":"富山市新桜町","所在":"富山県","所管":"地方公共団体"},"geometry":{"type":"Point","coordinates":[137.21,36.7]}},{"type":"Feature","properties":{"コード":1620133,"name":"富山市婦中町笹倉","所在":"富山県","所管":"地方公共団体"},"geometry":{"type":"Point","coordinates":[137.15,36.66]}},{"type":"Feature","properties":{"コード":1620136,"name":"富山市花崎","所在":"富山県","所管":"地方公共団体"},"geometry":{"type":"Point","coordinates":[137.28,36.61]}},{"type":"Feature","properties":{"コード":1620137,"name":"富山市上二杉","所在":"富山県","所管":"地方公共団体"},"geometry":{"type":"Point","coordinates":[137.2,36.59]}},{"type":"Feature","properties":{"コード":1620138,"name":"富山市山田湯","所在":"富山県","所管":"地方公共団体"},"geometry":{"type":"Point","coordinates":[137.08,36.58]}},{"type":"Feature","properties":{"コード":1620139,"name":"富山市楡原","所在":"富山県","所管":"地方公共団体"},"geometry":{"type":"Point","coordinates":[137.23,36.53]}},{"type":"Feature","properties":{"コード":1620400,"name":"魚津市釈迦堂","所在":"富山県","所管":"気象庁"},"geometry":{"type":"Point","coordinates":[137.41,36.83]}},{"type":"Feature","properties":{"コード":1620420,"name":"魚津市本江","所在":"富山県","所管":"防災科学技術研究所"},"geometry":{"type":"Point","coordinates":[137.42,36.82]}},{"type":"Feature","properties":{"コード":1620630,"name":"滑川市寺家町","所在":"富山県","所管":"地方公共団体"},"geometry":{"type":"Point","coordinates":[137.34,36.76]}},{"type":"Feature","properties":{"コード":1620720,"name":"黒部市宇奈月町下立","所在":"富山県","所管":"防災科学技術研究所"},"geometry":{"type":"Point","coordinates":[137.53,36.86]}},{"type":"Feature","properties":{"コード":1620732,"name":"黒部市植木","所在":"富山県","所管":"地方公共団体"},"geometry":{"type":"Point","coordinates":[137.46,36.88]}},{"type":"Feature","properties":{"コード":1632130,"name":"舟橋村仏生寺","所在":"富山県","所管":"地方公共団体"},"geometry":{"type":"Point","coordinates":[137.31,36.7]}},{"type":"Feature","properties":{"コード":1632231,"name":"上市町稗田","所在":"富山県","所管":"地方公共団体"},"geometry":{"type":"Point","coordinates":[137.35,36.7]}},{"type":"Feature","properties":{"コード":1632300,"name":"立山町吉峰","所在":"富山県","所管":"気象庁"},"geometry":{"type":"Point","coordinates":[137.33,36.61]}},{"type":"Feature","properties":{"コード":1632320,"name":"立山町芦峅寺","所在":"富山県","所管":"防災科学技術研究所"},"geometry":{"type":"Point","coordinates":[137.39,36.58]}},{"type":"Feature","properties":{"コード":1632330,"name":"立山町米沢","所在":"富山県","所管":"地方公共団体"},"geometry":{"type":"Point","coordinates":[137.32,36.66]}},{"type":"Feature","properties":{"コード":1634231,"name":"入善町入膳","所在":"富山県","所管":"地方公共団体"},"geometry":{"type":"Point","coordinates":[137.5,36.93]}},{"type":"Feature","properties":{"コード":1634300,"name":"富山朝日町道下","所在":"富山県","所管":"気象庁"},"geometry":{"type":"Point","coordinates":[137.56,36.95]}},{"type":"Feature","properties":{"コード":1634320,"name":"富山朝日町境","所在":"富山県","所管":"防災科学技術研究所"},"geometry":{"type":"Point","coordinates":[137.63,36.98]}},{"type":"Feature","properties":{"コード":1620200,"name":"高岡市伏木","所在":"富山県","所管":"気象庁"},"geometry":{"type":"Point","coordinates":[137.06,36.79]}},{"type":"Feature","properties":{"コード":1620232,"name":"高岡市広小路","所在":"富山県","所管":"地方公共団体"},"geometry":{"type":"Point","coordinates":[137.03,36.75]}},{"type":"Feature","properties":{"コード":1620233,"name":"高岡市福岡町","所在":"富山県","所管":"地方公共団体"},"geometry":{"type":"Point","coordinates":[136.92,36.71]}},{"type":"Feature","properties":{"コード":1620531,"name":"氷見市加納","所在":"富山県","所管":"地方公共団体"},"geometry":{"type":"Point","coordinates":[136.97,36.87]}},{"type":"Feature","properties":{"コード":1620830,"name":"砺波市栄町","所在":"富山県","所管":"地方公共団体"},"geometry":{"type":"Point","coordinates":[136.96,36.65]}},{"type":"Feature","properties":{"コード":1620832,"name":"砺波市庄川町","所在":"富山県","所管":"地方公共団体"},"geometry":{"type":"Point","coordinates":[136.99,36.58]}},{"type":"Feature","properties":{"コード":1620901,"name":"小矢部市泉町","所在":"富山県","所管":"気象庁"},"geometry":{"type":"Point","coordinates":[136.87,36.67]}},{"type":"Feature","properties":{"コード":1620920,"name":"小矢部市水牧","所在":"富山県","所管":"防災科学技術研究所"},"geometry":{"type":"Point","coordinates":[136.9,36.67]}},{"type":"Feature","properties":{"コード":1621001,"name":"南砺市天池","所在":"富山県","所管":"気象庁"},"geometry":{"type":"Point","coordinates":[136.88,36.54]}},{"type":"Feature","properties":{"コード":1621020,"name":"南砺市荒木","所在":"富山県","所管":"防災科学技術研究所"},"geometry":{"type":"Point","coordinates":[136.89,36.56]}},{"type":"Feature","properties":{"コード":1621021,"name":"南砺市利賀村上百瀬","所在":"富山県","所管":"防災科学技術研究所"},"geometry":{"type":"Point","coordinates":[137.04,36.44]}},{"type":"Feature","properties":{"コード":1621030,"name":"南砺市城端","所在":"富山県","所管":"地方公共団体"},"geometry":{"type":"Point","coordinates":[136.9,36.51]}},{"type":"Feature","properties":{"コード":1621031,"name":"南砺市下梨","所在":"富山県","所管":"地方公共団体"},"geometry":{"type":"Point","coordinates":[136.95,36.43]}},{"type":"Feature","properties":{"コード":1621032,"name":"南砺市上平細島","所在":"富山県","所管":"地方公共団体"},"geometry":{"type":"Point","coordinates":[136.9,36.4]}},{"type":"Feature","properties":{"コード":1621034,"name":"南砺市井波","所在":"富山県","所管":"地方公共団体"},"geometry":{"type":"Point","coordinates":[136.97,36.56]}},{"type":"Feature","properties":{"コード":1621036,"name":"南砺市苗島","所在":"富山県","所管":"地方公共団体"},"geometry":{"type":"Point","coordinates":[136.92,36.59]}},{"type":"Feature","properties":{"コード":1621037,"name":"南砺市蛇喰","所在":"富山県","所管":"地方公共団体"},"geometry":{"type":"Point","coordinates":[136.93,36.54]}},{"type":"Feature","properties":{"コード":1621121,"name":"射水市久々湊","所在":"富山県","所管":"防災科学技術研究所"},"geometry":{"type":"Point","coordinates":[137.09,36.76]}},{"type":"Feature","properties":{"コード":1621134,"name":"射水市小島","所在":"富山県","所管":"地方公共団体"},"geometry":{"type":"Point","coordinates":[137.06,36.73]}},{"type":"Feature","properties":{"コード":1621135,"name":"射水市本町","所在":"富山県","所管":"地方公共団体"},"geometry":{"type":"Point","coordinates":[137.08,36.78]}},{"type":"Feature","properties":{"コード":1621136,"name":"射水市橋下条","所在":"富山県","所管":"地方公共団体"},"geometry":{"type":"Point","coordinates":[137.08,36.72]}},{"type":"Feature","properties":{"コード":1621137,"name":"射水市二口","所在":"富山県","所管":"地方公共団体"},"geometry":{"type":"Point","coordinates":[137.05,36.72]}},{"type":"Feature","properties":{"コード":1621138,"name":"射水市加茂中部","所在":"富山県","所管":"地方公共団体"},"geometry":{"type":"Point","coordinates":[137.15,36.74]}},{"type":"Feature","properties":{"コード":1720200,"name":"七尾市本府中町","所在":"石川県","所管":"気象庁"},"geometry":{"type":"Point","coordinates":[136.97,37.03]}},{"type":"Feature","properties":{"コード":1720220,"name":"七尾市袖ヶ江町","所在":"石川県","所管":"防災科学技術研究所"},"geometry":{"type":"Point","coordinates":[136.97,37.04]}},{"type":"Feature","properties":{"コード":1720236,"name":"七尾市垣吉町","所在":"石川県","所管":"地方公共団体"},"geometry":{"type":"Point","coordinates":[136.9,37.06]}},{"type":"Feature","properties":{"コード":1720237,"name":"七尾市能登島向田町","所在":"石川県","所管":"地方公共団体"},"geometry":{"type":"Point","coordinates":[137,37.13]}},{"type":"Feature","properties":{"コード":1720238,"name":"七尾市中島町中島","所在":"石川県","所管":"地方公共団体"},"geometry":{"type":"Point","coordinates":[136.85,37.12]}},{"type":"Feature","properties":{"コード":1720401,"name":"輪島市舳倉島","所在":"石川県","所管":"気象庁"},"geometry":{"type":"Point","coordinates":[136.92,37.85]}},{"type":"Feature","properties":{"コード":1720402,"name":"輪島市鳳至町","所在":"石川県","所管":"気象庁"},"geometry":{"type":"Point","coordinates":[136.9,37.39]}},{"type":"Feature","properties":{"コード":1720420,"name":"輪島市河井町","所在":"石川県","所管":"防災科学技術研究所"},"geometry":{"type":"Point","coordinates":[136.91,37.39]}},{"type":"Feature","properties":{"コード":1720431,"name":"輪島市門前町走出","所在":"石川県","所管":"地方公共団体"},"geometry":{"type":"Point","coordinates":[136.77,37.29]}},{"type":"Feature","properties":{"コード":1720500,"name":"珠洲市三崎町","所在":"石川県","所管":"気象庁"},"geometry":{"type":"Point","coordinates":[137.36,37.45]}},{"type":"Feature","properties":{"コード":1720520,"name":"珠洲市正院町","所在":"石川県","所管":"防災科学技術研究所"},"geometry":{"type":"Point","coordinates":[137.29,37.45]}},{"type":"Feature","properties":{"コード":1720521,"name":"珠洲市大谷町","所在":"石川県","所管":"防災科学技術研究所"},"geometry":{"type":"Point","coordinates":[137.18,37.5]}},{"type":"Feature","properties":{"コード":1720700,"name":"羽咋市柳田町","所在":"石川県","所管":"気象庁"},"geometry":{"type":"Point","coordinates":[136.78,36.93]}},{"type":"Feature","properties":{"コード":1720721,"name":"羽咋市旭町","所在":"石川県","所管":"防災科学技術研究所"},"geometry":{"type":"Point","coordinates":[136.78,36.89]}},{"type":"Feature","properties":{"コード":1738400,"name":"志賀町富来領家町","所在":"石川県","所管":"気象庁"},"geometry":{"type":"Point","coordinates":[136.73,37.14]}},{"type":"Feature","properties":{"コード":1738420,"name":"志賀町香能","所在":"石川県","所管":"防災科学技術研究所"},"geometry":{"type":"Point","coordinates":[136.69,37.16]}},{"type":"Feature","properties":{"コード":1738431,"name":"志賀町末吉千古","所在":"石川県","所管":"地方公共団体"},"geometry":{"type":"Point","coordinates":[136.78,37.01]}},{"type":"Feature","properties":{"コード":1738633,"name":"宝達志水町子浦","所在":"石川県","所管":"地方公共団体"},"geometry":{"type":"Point","coordinates":[136.8,36.86]}},{"type":"Feature","properties":{"コード":1738634,"name":"宝達志水町今浜","所在":"石川県","所管":"地方公共団体"},"geometry":{"type":"Point","coordinates":[136.75,36.83]}},{"type":"Feature","properties":{"コード":1740733,"name":"中能登町末坂","所在":"石川県","所管":"地方公共団体"},"geometry":{"type":"Point","coordinates":[136.9,36.99]}},{"type":"Feature","properties":{"コード":1740736,"name":"中能登町井田","所在":"石川県","所管":"地方公共団体"},"geometry":{"type":"Point","coordinates":[136.91,36.97]}},{"type":"Feature","properties":{"コード":1740737,"name":"中能登町能登部下","所在":"石川県","所管":"地方公共団体"},"geometry":{"type":"Point","coordinates":[136.87,36.96]}},{"type":"Feature","properties":{"コード":1746121,"name":"穴水町大町","所在":"石川県","所管":"防災科学技術研究所"},"geometry":{"type":"Point","coordinates":[136.91,37.23]}},{"type":"Feature","properties":{"コード":1746301,"name":"能登町宇出津","所在":"石川県","所管":"気象庁"},"geometry":{"type":"Point","coordinates":[137.15,37.31]}},{"type":"Feature","properties":{"コード":1746334,"name":"能登町柳田","所在":"石川県","所管":"地方公共団体"},"geometry":{"type":"Point","coordinates":[137.1,37.37]}},{"type":"Feature","properties":{"コード":1746335,"name":"能登町松波","所在":"石川県","所管":"地方公共団体"},"geometry":{"type":"Point","coordinates":[137.24,37.35]}},{"type":"Feature","properties":{"コード":1720100,"name":"金沢市西念","所在":"石川県","所管":"気象庁"},"geometry":{"type":"Point","coordinates":[136.63,36.59]}},{"type":"Feature","properties":{"コード":1720120,"name":"金沢市弥生","所在":"石川県","所管":"防災科学技術研究所"},"geometry":{"type":"Point","coordinates":[136.64,36.54]}},{"type":"Feature","properties":{"コード":1720300,"name":"小松市小馬出町","所在":"石川県","所管":"気象庁"},"geometry":{"type":"Point","coordinates":[136.44,36.41]}},{"type":"Feature","properties":{"コード":1720320,"name":"小松市向本折町","所在":"石川県","所管":"防災科学技術研究所"},"geometry":{"type":"Point","coordinates":[136.44,36.4]}},{"type":"Feature","properties":{"コード":1720600,"name":"加賀市直下町","所在":"石川県","所管":"気象庁"},"geometry":{"type":"Point","coordinates":[136.33,36.28]}},{"type":"Feature","properties":{"コード":1720620,"name":"加賀市大聖寺南町","所在":"石川県","所管":"防災科学技術研究所"},"geometry":{"type":"Point","coordinates":[136.32,36.3]}},{"type":"Feature","properties":{"コード":1720632,"name":"加賀市山中温泉本町","所在":"石川県","所管":"地方公共団体"},"geometry":{"type":"Point","coordinates":[136.37,36.25]}},{"type":"Feature","properties":{"コード":1720921,"name":"かほく市浜北","所在":"石川県","所管":"防災科学技術研究所"},"geometry":{"type":"Point","coordinates":[136.7,36.73]}},{"type":"Feature","properties":{"コード":1720932,"name":"かほく市宇野気","所在":"石川県","所管":"地方公共団体"},"geometry":{"type":"Point","coordinates":[136.71,36.72]}},{"type":"Feature","properties":{"コード":1720933,"name":"かほく市高松","所在":"石川県","所管":"地方公共団体"},"geometry":{"type":"Point","coordinates":[136.73,36.77]}},{"type":"Feature","properties":{"コード":1721020,"name":"白山市別宮町","所在":"石川県","所管":"防災科学技術研究所"},"geometry":{"type":"Point","coordinates":[136.6,36.36]}},{"type":"Feature","properties":{"コード":1721021,"name":"白山市白峰","所在":"石川県","所管":"防災科学技術研究所"},"geometry":{"type":"Point","coordinates":[136.62,36.18]}},{"type":"Feature","properties":{"コード":1721030,"name":"白山市倉光","所在":"石川県","所管":"地方公共団体"},"geometry":{"type":"Point","coordinates":[136.57,36.51]}},{"type":"Feature","properties":{"コード":1721036,"name":"白山市美川浜町","所在":"石川県","所管":"地方公共団体"},"geometry":{"type":"Point","coordinates":[136.49,36.49]}},{"type":"Feature","properties":{"コード":1721037,"name":"白山市鶴来本町","所在":"石川県","所管":"地方公共団体"},"geometry":{"type":"Point","coordinates":[136.63,36.45]}},{"type":"Feature","properties":{"コード":1721038,"name":"白山市河内町口直海","所在":"石川県","所管":"地方公共団体"},"geometry":{"type":"Point","coordinates":[136.63,36.4]}},{"type":"Feature","properties":{"コード":1721039,"name":"白山市市原","所在":"石川県","所管":"地方公共団体"},"geometry":{"type":"Point","coordinates":[136.65,36.32]}},{"type":"Feature","properties":{"コード":1721040,"name":"白山市女原","所在":"石川県","所管":"地方公共団体"},"geometry":{"type":"Point","coordinates":[136.65,36.28]}},{"type":"Feature","properties":{"コード":1721133,"name":"能美市中町","所在":"石川県","所管":"地方公共団体"},"geometry":{"type":"Point","coordinates":[136.46,36.45]}},{"type":"Feature","properties":{"コード":1721135,"name":"能美市来丸町","所在":"石川県","所管":"地方公共団体"},"geometry":{"type":"Point","coordinates":[136.55,36.45]}},{"type":"Feature","properties":{"コード":1721136,"name":"能美市寺井町","所在":"石川県","所管":"地方公共団体"},"geometry":{"type":"Point","coordinates":[136.5,36.44]}},{"type":"Feature","properties":{"コード":1721230,"name":"野々市市三納","所在":"石川県","所管":"地方公共団体"},"geometry":{"type":"Point","coordinates":[136.61,36.52]}},{"type":"Feature","properties":{"コード":1732431,"name":"川北町壱ツ屋","所在":"石川県","所管":"地方公共団体"},"geometry":{"type":"Point","coordinates":[136.54,36.47]}},{"type":"Feature","properties":{"コード":1736101,"name":"津幡町加賀爪","所在":"石川県","所管":"気象庁"},"geometry":{"type":"Point","coordinates":[136.73,36.67]}},{"type":"Feature","properties":{"コード":1736532,"name":"内灘町大学","所在":"石川県","所管":"地方公共団体"},"geometry":{"type":"Point","coordinates":[136.65,36.65]}},{"type":"Feature","properties":{"コード":1820100,"name":"福井市豊島","所在":"福井県","所管":"気象庁"},"geometry":{"type":"Point","coordinates":[136.22,36.06]}},{"type":"Feature","properties":{"コード":1820121,"name":"福井市蒲生町","所在":"福井県","所管":"防災科学技術研究所"},"geometry":{"type":"Point","coordinates":[136.01,36.04]}},{"type":"Feature","properties":{"コード":1820122,"name":"福井市原目町","所在":"福井県","所管":"防災科学技術研究所"},"geometry":{"type":"Point","coordinates":[136.27,36.07]}},{"type":"Feature","properties":{"コード":1820131,"name":"福井市美山町","所在":"福井県","所管":"地方公共団体"},"geometry":{"type":"Point","coordinates":[136.36,36]}},{"type":"Feature","properties":{"コード":1820134,"name":"福井市小羽町","所在":"福井県","所管":"地方公共団体"},"geometry":{"type":"Point","coordinates":[136.14,36.03]}},{"type":"Feature","properties":{"コード":1820137,"name":"福井市茱崎町","所在":"福井県","所管":"地方公共団体"},"geometry":{"type":"Point","coordinates":[136.01,36.04]}},{"type":"Feature","properties":{"コード":1820522,"name":"大野市貝皿","所在":"福井県","所管":"防災科学技術研究所"},"geometry":{"type":"Point","coordinates":[136.67,35.91]}},{"type":"Feature","properties":{"コード":1820533,"name":"大野市天神町","所在":"福井県","所管":"地方公共団体"},"geometry":{"type":"Point","coordinates":[136.49,35.98]}},{"type":"Feature","properties":{"コード":1820600,"name":"勝山市旭町","所在":"福井県","所管":"気象庁"},"geometry":{"type":"Point","coordinates":[136.51,36.05]}},{"type":"Feature","properties":{"コード":1820731,"name":"鯖江市水落町","所在":"福井県","所管":"地方公共団体"},"geometry":{"type":"Point","coordinates":[136.19,35.96]}},{"type":"Feature","properties":{"コード":1820832,"name":"あわら市市姫","所在":"福井県","所管":"地方公共団体"},"geometry":{"type":"Point","coordinates":[136.23,36.21]}},{"type":"Feature","properties":{"コード":1820833,"name":"あわら市国影","所在":"福井県","所管":"地方公共団体"},"geometry":{"type":"Point","coordinates":[136.2,36.22]}},{"type":"Feature","properties":{"コード":1820900,"name":"越前市高瀬","所在":"福井県","所管":"気象庁"},"geometry":{"type":"Point","coordinates":[136.16,35.9]}},{"type":"Feature","properties":{"コード":1820920,"name":"越前市村国","所在":"福井県","所管":"防災科学技術研究所"},"geometry":{"type":"Point","coordinates":[136.17,35.91]}},{"type":"Feature","properties":{"コード":1820932,"name":"越前市粟田部","所在":"福井県","所管":"地方公共団体"},"geometry":{"type":"Point","coordinates":[136.25,35.92]}},{"type":"Feature","properties":{"コード":1821001,"name":"福井坂井市三国町陣ケ岡","所在":"福井県","所管":"気象庁"},"geometry":{"type":"Point","coordinates":[136.14,36.24]}},{"type":"Feature","properties":{"コード":1821022,"name":"福井坂井市三国町中央","所在":"福井県","所管":"防災科学技術研究所"},"geometry":{"type":"Point","coordinates":[136.16,36.22]}},{"type":"Feature","properties":{"コード":1821030,"name":"福井坂井市丸岡町西里丸岡","所在":"福井県","所管":"地方公共団体"},"geometry":{"type":"Point","coordinates":[136.27,36.15]}},{"type":"Feature","properties":{"コード":1821032,"name":"福井坂井市坂井町下新庄","所在":"福井県","所管":"地方公共団体"},"geometry":{"type":"Point","coordinates":[136.23,36.17]}},{"type":"Feature","properties":{"コード":1821033,"name":"福井坂井市春江町随応寺","所在":"福井県","所管":"地方公共団体"},"geometry":{"type":"Point","coordinates":[136.22,36.13]}},{"type":"Feature","properties":{"コード":1832231,"name":"永平寺町松岡春日","所在":"福井県","所管":"地方公共団体"},"geometry":{"type":"Point","coordinates":[136.3,36.09]}},{"type":"Feature","properties":{"コード":1832233,"name":"永平寺町東古市","所在":"福井県","所管":"地方公共団体"},"geometry":{"type":"Point","coordinates":[136.33,36.1]}},{"type":"Feature","properties":{"コード":1832234,"name":"永平寺町山王","所在":"福井県","所管":"地方公共団体"},"geometry":{"type":"Point","coordinates":[136.4,36.08]}},{"type":"Feature","properties":{"コード":1838230,"name":"福井池田町稲荷","所在":"福井県","所管":"地方公共団体"},"geometry":{"type":"Point","coordinates":[136.34,35.89]}},{"type":"Feature","properties":{"コード":1840433,"name":"南越前町河野","所在":"福井県","所管":"地方公共団体"},"geometry":{"type":"Point","coordinates":[136.07,35.82]}},{"type":"Feature","properties":{"コード":1840434,"name":"南越前町東大道","所在":"福井県","所管":"地方公共団体"},"geometry":{"type":"Point","coordinates":[136.19,35.84]}},{"type":"Feature","properties":{"コード":1840435,"name":"南越前町今庄","所在":"福井県","所管":"地方公共団体"},"geometry":{"type":"Point","coordinates":[136.2,35.77]}},{"type":"Feature","properties":{"コード":1842330,"name":"越前町道口","所在":"福井県","所管":"地方公共団体"},"geometry":{"type":"Point","coordinates":[136,35.94]}},{"type":"Feature","properties":{"コード":1842334,"name":"越前町織田","所在":"福井県","所管":"地方公共団体"},"geometry":{"type":"Point","coordinates":[136.05,35.96]}},{"type":"Feature","properties":{"コード":1842335,"name":"越前町江波","所在":"福井県","所管":"地方公共団体"},"geometry":{"type":"Point","coordinates":[136.07,35.94]}},{"type":"Feature","properties":{"コード":1842337,"name":"越前町西田中","所在":"福井県","所管":"地方公共団体"},"geometry":{"type":"Point","coordinates":[136.13,35.97]}},{"type":"Feature","properties":{"コード":1820200,"name":"敦賀市松栄町","所在":"福井県","所管":"気象庁"},"geometry":{"type":"Point","coordinates":[136.06,35.65]}},{"type":"Feature","properties":{"コード":1820420,"name":"小浜市四谷町","所在":"福井県","所管":"防災科学技術研究所"},"geometry":{"type":"Point","coordinates":[135.75,35.5]}},{"type":"Feature","properties":{"コード":1844200,"name":"福井美浜町新庄","所在":"福井県","所管":"気象庁"},"geometry":{"type":"Point","coordinates":[135.98,35.53]}},{"type":"Feature","properties":{"コード":1844230,"name":"福井美浜町郷市","所在":"福井県","所管":"地方公共団体"},"geometry":{"type":"Point","coordinates":[135.94,35.6]}},{"type":"Feature","properties":{"コード":1848101,"name":"高浜町宮崎","所在":"福井県","所管":"気象庁"},"geometry":{"type":"Point","coordinates":[135.55,35.49]}},{"type":"Feature","properties":{"コード":1848332,"name":"福井おおい町名田庄久坂","所在":"福井県","所管":"地方公共団体"},"geometry":{"type":"Point","coordinates":[135.68,35.4]}},{"type":"Feature","properties":{"コード":1848333,"name":"福井おおい町本郷","所在":"福井県","所管":"地方公共団体"},"geometry":{"type":"Point","coordinates":[135.62,35.48]}},{"type":"Feature","properties":{"コード":1850131,"name":"福井若狭町市場","所在":"福井県","所管":"地方公共団体"},"geometry":{"type":"Point","coordinates":[135.86,35.46]}},{"type":"Feature","properties":{"コード":1850132,"name":"福井若狭町中央","所在":"福井県","所管":"地方公共団体"},"geometry":{"type":"Point","coordinates":[135.91,35.55]}},{"type":"Feature","properties":{"コード":1920100,"name":"甲府市飯田","所在":"山梨県","所管":"気象庁"},"geometry":{"type":"Point","coordinates":[138.55,35.67]}},{"type":"Feature","properties":{"コード":1920120,"name":"甲府市相生","所在":"山梨県","所管":"防災科学技術研究所"},"geometry":{"type":"Point","coordinates":[138.57,35.66]}},{"type":"Feature","properties":{"コード":1920133,"name":"甲府市古関町","所在":"山梨県","所管":"地方公共団体"},"geometry":{"type":"Point","coordinates":[138.61,35.53]}},{"type":"Feature","properties":{"コード":1920134,"name":"甲府市下曽根町","所在":"山梨県","所管":"地方公共団体"},"geometry":{"type":"Point","coordinates":[138.59,35.6]}},{"type":"Feature","properties":{"コード":1920531,"name":"山梨市牧丘町窪平","所在":"山梨県","所管":"地方公共団体"},"geometry":{"type":"Point","coordinates":[138.71,35.74]}},{"type":"Feature","properties":{"コード":1920533,"name":"山梨市小原西","所在":"山梨県","所管":"地方公共団体"},"geometry":{"type":"Point","coordinates":[138.69,35.69]}},{"type":"Feature","properties":{"コード":1920534,"name":"山梨市三富川浦","所在":"山梨県","所管":"地方公共団体"},"geometry":{"type":"Point","coordinates":[138.74,35.79]}},{"type":"Feature","properties":{"コード":1920730,"name":"韮崎市水神","所在":"山梨県","所管":"地方公共団体"},"geometry":{"type":"Point","coordinates":[138.45,35.71]}},{"type":"Feature","properties":{"コード":1920820,"name":"南アルプス市芦安芦倉","所在":"山梨県","所管":"防災科学技術研究所"},"geometry":{"type":"Point","coordinates":[138.38,35.64]}},{"type":"Feature","properties":{"コード":1920834,"name":"南アルプス市鮎沢","所在":"山梨県","所管":"地方公共団体"},"geometry":{"type":"Point","coordinates":[138.47,35.59]}},{"type":"Feature","properties":{"コード":1920835,"name":"南アルプス市飯野","所在":"山梨県","所管":"地方公共団体"},"geometry":{"type":"Point","coordinates":[138.46,35.64]}},{"type":"Feature","properties":{"コード":1920836,"name":"南アルプス市小笠原","所在":"山梨県","所管":"地方公共団体"},"geometry":{"type":"Point","coordinates":[138.47,35.61]}},{"type":"Feature","properties":{"コード":1920837,"name":"南アルプス市榎原","所在":"山梨県","所管":"地方公共団体"},"geometry":{"type":"Point","coordinates":[138.48,35.66]}},{"type":"Feature","properties":{"コード":1920838,"name":"南アルプス市寺部","所在":"山梨県","所管":"地方公共団体"},"geometry":{"type":"Point","coordinates":[138.49,35.61]}},{"type":"Feature","properties":{"コード":1920920,"name":"山梨北杜市健康ランド須玉","所在":"山梨県","所管":"防災科学技術研究所"},"geometry":{"type":"Point","coordinates":[138.42,35.79]}},{"type":"Feature","properties":{"コード":1920930,"name":"山梨北杜市明野町","所在":"山梨県","所管":"地方公共団体"},"geometry":{"type":"Point","coordinates":[138.44,35.77]}},{"type":"Feature","properties":{"コード":1920932,"name":"山梨北杜市高根町","所在":"山梨県","所管":"地方公共団体"},"geometry":{"type":"Point","coordinates":[138.41,35.84]}},{"type":"Feature","properties":{"コード":1920938,"name":"山梨北杜市武川町","所在":"山梨県","所管":"地方公共団体"},"geometry":{"type":"Point","coordinates":[138.38,35.78]}},{"type":"Feature","properties":{"コード":1920939,"name":"山梨北杜市長坂町","所在":"山梨県","所管":"地方公共団体"},"geometry":{"type":"Point","coordinates":[138.37,35.83]}},{"type":"Feature","properties":{"コード":1920940,"name":"山梨北杜市白州町","所在":"山梨県","所管":"地方公共団体"},"geometry":{"type":"Point","coordinates":[138.34,35.81]}},{"type":"Feature","properties":{"コード":1920941,"name":"山梨北杜市役所","所在":"山梨県","所管":"地方公共団体"},"geometry":{"type":"Point","coordinates":[138.42,35.78]}},{"type":"Feature","properties":{"コード":1920942,"name":"山梨北杜市大泉町","所在":"山梨県","所管":"地方公共団体"},"geometry":{"type":"Point","coordinates":[138.39,35.86]}},{"type":"Feature","properties":{"コード":1920943,"name":"山梨北杜市小淵沢町","所在":"山梨県","所管":"地方公共団体"},"geometry":{"type":"Point","coordinates":[138.32,35.86]}},{"type":"Feature","properties":{"コード":1921030,"name":"甲斐市篠原","所在":"山梨県","所管":"地方公共団体"},"geometry":{"type":"Point","coordinates":[138.52,35.66]}},{"type":"Feature","properties":{"コード":1921033,"name":"甲斐市下今井","所在":"山梨県","所管":"地方公共団体"},"geometry":{"type":"Point","coordinates":[138.49,35.69]}},{"type":"Feature","properties":{"コード":1921034,"name":"甲斐市島上条","所在":"山梨県","所管":"地方公共団体"},"geometry":{"type":"Point","coordinates":[138.52,35.69]}},{"type":"Feature","properties":{"コード":1921131,"name":"笛吹市一宮町末木","所在":"山梨県","所管":"地方公共団体"},"geometry":{"type":"Point","coordinates":[138.69,35.65]}},{"type":"Feature","properties":{"コード":1921135,"name":"笛吹市境川町藤垈","所在":"山梨県","所管":"地方公共団体"},"geometry":{"type":"Point","coordinates":[138.62,35.59]}},{"type":"Feature","properties":{"コード":1921136,"name":"笛吹市御坂町夏目原","所在":"山梨県","所管":"地方公共団体"},"geometry":{"type":"Point","coordinates":[138.66,35.62]}},{"type":"Feature","properties":{"コード":1921137,"name":"笛吹市芦川町中芦川","所在":"山梨県","所管":"地方公共団体"},"geometry":{"type":"Point","coordinates":[138.67,35.55]}},{"type":"Feature","properties":{"コード":1921139,"name":"笛吹市八代町南","所在":"山梨県","所管":"地方公共団体"},"geometry":{"type":"Point","coordinates":[138.64,35.62]}},{"type":"Feature","properties":{"コード":1921140,"name":"笛吹市役所","所在":"山梨県","所管":"地方公共団体"},"geometry":{"type":"Point","coordinates":[138.64,35.65]}},{"type":"Feature","properties":{"コード":1921141,"name":"笛吹市春日居町寺本","所在":"山梨県","所管":"地方公共団体"},"geometry":{"type":"Point","coordinates":[138.65,35.67]}},{"type":"Feature","properties":{"コード":1921300,"name":"甲州市塩山下於曽","所在":"山梨県","所管":"気象庁"},"geometry":{"type":"Point","coordinates":[138.72,35.7]}},{"type":"Feature","properties":{"コード":1921320,"name":"甲州市塩山上於曽","所在":"山梨県","所管":"防災科学技術研究所"},"geometry":{"type":"Point","coordinates":[138.73,35.7]}},{"type":"Feature","properties":{"コード":1921332,"name":"甲州市大和町初鹿野","所在":"山梨県","所管":"地方公共団体"},"geometry":{"type":"Point","coordinates":[138.78,35.64]}},{"type":"Feature","properties":{"コード":1921333,"name":"甲州市役所","所在":"山梨県","所管":"地方公共団体"},"geometry":{"type":"Point","coordinates":[138.73,35.7]}},{"type":"Feature","properties":{"コード":1921335,"name":"甲州市勝沼町勝沼","所在":"山梨県","所管":"地方公共団体"},"geometry":{"type":"Point","coordinates":[138.72,35.67]}},{"type":"Feature","properties":{"コード":1921430,"name":"中央市大鳥居","所在":"山梨県","所管":"地方公共団体"},"geometry":{"type":"Point","coordinates":[138.56,35.57]}},{"type":"Feature","properties":{"コード":1921431,"name":"中央市成島","所在":"山梨県","所管":"地方公共団体"},"geometry":{"type":"Point","coordinates":[138.54,35.6]}},{"type":"Feature","properties":{"コード":1921432,"name":"中央市臼井阿原","所在":"山梨県","所管":"地方公共団体"},"geometry":{"type":"Point","coordinates":[138.52,35.6]}},{"type":"Feature","properties":{"コード":1934630,"name":"市川三郷町上野","所在":"山梨県","所管":"地方公共団体"},"geometry":{"type":"Point","coordinates":[138.52,35.56]}},{"type":"Feature","properties":{"コード":1934631,"name":"市川三郷町役場","所在":"山梨県","所管":"地方公共団体"},"geometry":{"type":"Point","coordinates":[138.5,35.57]}},{"type":"Feature","properties":{"コード":1934632,"name":"市川三郷町六郷支所","所在":"山梨県","所管":"地方公共団体"},"geometry":{"type":"Point","coordinates":[138.46,35.5]}},{"type":"Feature","properties":{"コード":1936420,"name":"早川町保","所在":"山梨県","所管":"防災科学技術研究所"},"geometry":{"type":"Point","coordinates":[138.33,35.43]}},{"type":"Feature","properties":{"コード":1936431,"name":"早川町薬袋","所在":"山梨県","所管":"地方公共団体"},"geometry":{"type":"Point","coordinates":[138.37,35.41]}},{"type":"Feature","properties":{"コード":1936500,"name":"身延町大磯小磯","所在":"山梨県","所管":"気象庁"},"geometry":{"type":"Point","coordinates":[138.54,35.5]}},{"type":"Feature","properties":{"コード":1936530,"name":"身延町梅平","所在":"山梨県","所管":"地方公共団体"},"geometry":{"type":"Point","coordinates":[138.44,35.37]}},{"type":"Feature","properties":{"コード":1936532,"name":"身延町役場","所在":"山梨県","所管":"地方公共団体"},"geometry":{"type":"Point","coordinates":[138.44,35.47]}},{"type":"Feature","properties":{"コード":1936533,"name":"身延町常葉","所在":"山梨県","所管":"地方公共団体"},"geometry":{"type":"Point","coordinates":[138.48,35.45]}},{"type":"Feature","properties":{"コード":1936620,"name":"山梨南部町栄小学校","所在":"山梨県","所管":"防災科学技術研究所"},"geometry":{"type":"Point","coordinates":[138.47,35.28]}},{"type":"Feature","properties":{"コード":1936630,"name":"山梨南部町内船","所在":"山梨県","所管":"地方公共団体"},"geometry":{"type":"Point","coordinates":[138.46,35.28]}},{"type":"Feature","properties":{"コード":1936631,"name":"山梨南部町福士","所在":"山梨県","所管":"地方公共団体"},"geometry":{"type":"Point","coordinates":[138.49,35.24]}},{"type":"Feature","properties":{"コード":1936832,"name":"富士川町鰍沢","所在":"山梨県","所管":"地方公共団体"},"geometry":{"type":"Point","coordinates":[138.46,35.54]}},{"type":"Feature","properties":{"コード":1936833,"name":"富士川町天神中条","所在":"山梨県","所管":"地方公共団体"},"geometry":{"type":"Point","coordinates":[138.46,35.56]}},{"type":"Feature","properties":{"コード":1938430,"name":"昭和町押越","所在":"山梨県","所管":"地方公共団体"},"geometry":{"type":"Point","coordinates":[138.53,35.63]}},{"type":"Feature","properties":{"コード":1920221,"name":"富士吉田市上吉田","所在":"山梨県","所管":"防災科学技術研究所"},"geometry":{"type":"Point","coordinates":[138.81,35.47]}},{"type":"Feature","properties":{"コード":1920232,"name":"富士吉田市下吉田","所在":"山梨県","所管":"地方公共団体"},"geometry":{"type":"Point","coordinates":[138.81,35.49]}},{"type":"Feature","properties":{"コード":1920431,"name":"都留市上谷","所在":"山梨県","所管":"地方公共団体"},"geometry":{"type":"Point","coordinates":[138.91,35.55]}},{"type":"Feature","properties":{"コード":1920601,"name":"大月市大月","所在":"山梨県","所管":"気象庁"},"geometry":{"type":"Point","coordinates":[138.94,35.61]}},{"type":"Feature","properties":{"コード":1920621,"name":"大月市御太刀","所在":"山梨県","所管":"防災科学技術研究所"},"geometry":{"type":"Point","coordinates":[138.95,35.61]}},{"type":"Feature","properties":{"コード":1920631,"name":"大月市役所","所在":"山梨県","所管":"地方公共団体"},"geometry":{"type":"Point","coordinates":[138.94,35.61]}},{"type":"Feature","properties":{"コード":1921202,"name":"上野原市四方津","所在":"山梨県","所管":"気象庁"},"geometry":{"type":"Point","coordinates":[139.08,35.61]}},{"type":"Feature","properties":{"コード":1921232,"name":"上野原市秋山","所在":"山梨県","所管":"地方公共団体"},"geometry":{"type":"Point","coordinates":[139.08,35.57]}},{"type":"Feature","properties":{"コード":1921233,"name":"上野原市役所","所在":"山梨県","所管":"地方公共団体"},"geometry":{"type":"Point","coordinates":[139.11,35.63]}},{"type":"Feature","properties":{"コード":1942232,"name":"道志村釜之前","所在":"山梨県","所管":"地方公共団体"},"geometry":{"type":"Point","coordinates":[139,35.51]}},{"type":"Feature","properties":{"コード":1942331,"name":"西桂町小沼","所在":"山梨県","所管":"地方公共団体"},"geometry":{"type":"Point","coordinates":[138.85,35.52]}},{"type":"Feature","properties":{"コード":1942432,"name":"忍野村忍草","所在":"山梨県","所管":"地方公共団体"},"geometry":{"type":"Point","coordinates":[138.85,35.46]}},{"type":"Feature","properties":{"コード":1942531,"name":"山中湖村山中","所在":"山梨県","所管":"地方公共団体"},"geometry":{"type":"Point","coordinates":[138.86,35.41]}},{"type":"Feature","properties":{"コード":1942932,"name":"鳴沢村役場","所在":"山梨県","所管":"地方公共団体"},"geometry":{"type":"Point","coordinates":[138.71,35.48]}},{"type":"Feature","properties":{"コード":1943002,"name":"富士河口湖町船津","所在":"山梨県","所管":"気象庁"},"geometry":{"type":"Point","coordinates":[138.76,35.5]}},{"type":"Feature","properties":{"コード":1943021,"name":"富士河口湖町本栖","所在":"山梨県","所管":"防災科学技術研究所"},"geometry":{"type":"Point","coordinates":[138.61,35.47]}},{"type":"Feature","properties":{"コード":1943034,"name":"富士河口湖町勝山","所在":"山梨県","所管":"地方公共団体"},"geometry":{"type":"Point","coordinates":[138.74,35.51]}},{"type":"Feature","properties":{"コード":1943036,"name":"富士河口湖町役場","所在":"山梨県","所管":"地方公共団体"},"geometry":{"type":"Point","coordinates":[138.75,35.5]}},{"type":"Feature","properties":{"コード":1943037,"name":"富士河口湖町長浜","所在":"山梨県","所管":"地方公共団体"},"geometry":{"type":"Point","coordinates":[138.71,35.51]}},{"type":"Feature","properties":{"コード":1944233,"name":"小菅村小菅小学校","所在":"山梨県","所管":"地方公共団体"},"geometry":{"type":"Point","coordinates":[138.94,35.76]}},{"type":"Feature","properties":{"コード":1944321,"name":"丹波山村丹波","所在":"山梨県","所管":"防災科学技術研究所"},"geometry":{"type":"Point","coordinates":[138.92,35.79]}},{"type":"Feature","properties":{"コード":2020100,"name":"長野市箱清水","所在":"長野県","所管":"気象庁"},"geometry":{"type":"Point","coordinates":[138.19,36.66]}},{"type":"Feature","properties":{"コード":2020102,"name":"長野市松代","所在":"長野県","所管":"気象庁"},"geometry":{"type":"Point","coordinates":[138.21,36.54]}},{"type":"Feature","properties":{"コード":2020120,"name":"長野市鶴賀緑町","所在":"長野県","所管":"防災科学技術研究所"},"geometry":{"type":"Point","coordinates":[138.19,36.65]}},{"type":"Feature","properties":{"コード":2020130,"name":"長野市戸隠","所在":"長野県","所管":"地方公共団体"},"geometry":{"type":"Point","coordinates":[138.09,36.7]}},{"type":"Feature","properties":{"コード":2020131,"name":"長野市鬼無里","所在":"長野県","所管":"地方公共団体"},"geometry":{"type":"Point","coordinates":[138,36.68]}},{"type":"Feature","properties":{"コード":2020134,"name":"長野市豊野町豊野","所在":"長野県","所管":"地方公共団体"},"geometry":{"type":"Point","coordinates":[138.28,36.71]}},{"type":"Feature","properties":{"コード":2020135,"name":"長野市大岡","所在":"長野県","所管":"地方公共団体"},"geometry":{"type":"Point","coordinates":[137.99,36.51]}},{"type":"Feature","properties":{"コード":2020137,"name":"長野市信州新町新町","所在":"長野県","所管":"地方公共団体"},"geometry":{"type":"Point","coordinates":[138.01,36.57]}},{"type":"Feature","properties":{"コード":2020138,"name":"長野市中条","所在":"長野県","所管":"地方公共団体"},"geometry":{"type":"Point","coordinates":[138.03,36.61]}},{"type":"Feature","properties":{"コード":2020730,"name":"須坂市須坂","所在":"長野県","所管":"地方公共団体"},"geometry":{"type":"Point","coordinates":[138.31,36.65]}},{"type":"Feature","properties":{"コード":2021131,"name":"中野市豊津","所在":"長野県","所管":"地方公共団体"},"geometry":{"type":"Point","coordinates":[138.32,36.77]}},{"type":"Feature","properties":{"コード":2021132,"name":"中野市三好町","所在":"長野県","所管":"地方公共団体"},"geometry":{"type":"Point","coordinates":[138.37,36.74]}},{"type":"Feature","properties":{"コード":2021200,"name":"大町市役所","所在":"長野県","所管":"気象庁"},"geometry":{"type":"Point","coordinates":[137.85,36.5]}},{"type":"Feature","properties":{"コード":2021220,"name":"大町市大町図書館","所在":"長野県","所管":"防災科学技術研究所"},"geometry":{"type":"Point","coordinates":[137.85,36.51]}},{"type":"Feature","properties":{"コード":2021230,"name":"大町市八坂","所在":"長野県","所管":"地方公共団体"},"geometry":{"type":"Point","coordinates":[137.91,36.49]}},{"type":"Feature","properties":{"コード":2021240,"name":"大町市美麻","所在":"長野県","所管":"地方公共団体"},"geometry":{"type":"Point","coordinates":[137.9,36.61]}},{"type":"Feature","properties":{"コード":2021320,"name":"飯山市飯山福寿町","所在":"長野県","所管":"防災科学技術研究所"},"geometry":{"type":"Point","coordinates":[138.37,36.85]}},{"type":"Feature","properties":{"コード":2021831,"name":"千曲市上山田温泉","所在":"長野県","所管":"地方公共団体"},"geometry":{"type":"Point","coordinates":[138.15,36.47]}},{"type":"Feature","properties":{"コード":2021832,"name":"千曲市戸倉","所在":"長野県","所管":"地方公共団体"},"geometry":{"type":"Point","coordinates":[138.15,36.49]}},{"type":"Feature","properties":{"コード":2021834,"name":"千曲市杭瀬下","所在":"長野県","所管":"地方公共団体"},"geometry":{"type":"Point","coordinates":[138.11,36.53]}},{"type":"Feature","properties":{"コード":2048130,"name":"長野池田町池田","所在":"長野県","所管":"地方公共団体"},"geometry":{"type":"Point","coordinates":[137.87,36.42]}},{"type":"Feature","properties":{"コード":2048230,"name":"松川村役場","所在":"長野県","所管":"地方公共団体"},"geometry":{"type":"Point","coordinates":[137.85,36.42]}},{"type":"Feature","properties":{"コード":2048520,"name":"白馬村北城","所在":"長野県","所管":"防災科学技術研究所"},"geometry":{"type":"Point","coordinates":[137.86,36.7]}},{"type":"Feature","properties":{"コード":2048630,"name":"小谷村中小谷","所在":"長野県","所管":"地方公共団体"},"geometry":{"type":"Point","coordinates":[137.91,36.78]}},{"type":"Feature","properties":{"コード":2052130,"name":"坂城町坂城","所在":"長野県","所管":"地方公共団体"},"geometry":{"type":"Point","coordinates":[138.18,36.46]}},{"type":"Feature","properties":{"コード":2054130,"name":"小布施町小布施","所在":"長野県","所管":"地方公共団体"},"geometry":{"type":"Point","coordinates":[138.31,36.7]}},{"type":"Feature","properties":{"コード":2054331,"name":"長野高山村高井","所在":"長野県","所管":"地方公共団体"},"geometry":{"type":"Point","coordinates":[138.36,36.68]}},{"type":"Feature","properties":{"コード":2056100,"name":"山ノ内町平穏","所在":"長野県","所管":"気象庁"},"geometry":{"type":"Point","coordinates":[138.41,36.74]}},{"type":"Feature","properties":{"コード":2056120,"name":"山ノ内町消防署","所在":"長野県","所管":"防災科学技術研究所"},"geometry":{"type":"Point","coordinates":[138.41,36.74]}},{"type":"Feature","properties":{"コード":2056231,"name":"木島平村往郷","所在":"長野県","所管":"地方公共団体"},"geometry":{"type":"Point","coordinates":[138.41,36.86]}},{"type":"Feature","properties":{"コード":2056330,"name":"野沢温泉村豊郷","所在":"長野県","所管":"地方公共団体"},"geometry":{"type":"Point","coordinates":[138.44,36.92]}},{"type":"Feature","properties":{"コード":2058320,"name":"信濃町柏原東裏","所在":"長野県","所管":"防災科学技術研究所"},"geometry":{"type":"Point","coordinates":[138.21,36.81]}},{"type":"Feature","properties":{"コード":2058830,"name":"小川村高府","所在":"長野県","所管":"地方公共団体"},"geometry":{"type":"Point","coordinates":[137.97,36.62]}},{"type":"Feature","properties":{"コード":2059032,"name":"飯綱町芋川","所在":"長野県","所管":"地方公共団体"},"geometry":{"type":"Point","coordinates":[138.25,36.76]}},{"type":"Feature","properties":{"コード":2059033,"name":"飯綱町牟礼","所在":"長野県","所管":"地方公共団体"},"geometry":{"type":"Point","coordinates":[138.24,36.75]}},{"type":"Feature","properties":{"コード":2060230,"name":"栄村北信","所在":"長野県","所管":"地方公共団体"},"geometry":{"type":"Point","coordinates":[138.58,36.99]}},{"type":"Feature","properties":{"コード":2060240,"name":"栄村小赤沢","所在":"長野県","所管":"地方公共団体"},"geometry":{"type":"Point","coordinates":[138.63,36.87]}},{"type":"Feature","properties":{"コード":2020201,"name":"松本市沢村","所在":"長野県","所管":"気象庁"},"geometry":{"type":"Point","coordinates":[137.97,36.25]}},{"type":"Feature","properties":{"コード":2020220,"name":"松本市美須々","所在":"長野県","所管":"防災科学技術研究所"},"geometry":{"type":"Point","coordinates":[137.98,36.26]}},{"type":"Feature","properties":{"コード":2020221,"name":"松本市安曇","所在":"長野県","所管":"防災科学技術研究所"},"geometry":{"type":"Point","coordinates":[137.79,36.18]}},{"type":"Feature","properties":{"コード":2020231,"name":"松本市会田","所在":"長野県","所管":"地方公共団体"},"geometry":{"type":"Point","coordinates":[137.99,36.35]}},{"type":"Feature","properties":{"コード":2020233,"name":"松本市梓川梓","所在":"長野県","所管":"地方公共団体"},"geometry":{"type":"Point","coordinates":[137.87,36.22]}},{"type":"Feature","properties":{"コード":2020234,"name":"松本市丸の内","所在":"長野県","所管":"地方公共団体"},"geometry":{"type":"Point","coordinates":[137.97,36.24]}},{"type":"Feature","properties":{"コード":2020235,"name":"松本市波田","所在":"長野県","所管":"地方公共団体"},"geometry":{"type":"Point","coordinates":[137.86,36.2]}},{"type":"Feature","properties":{"コード":2020236,"name":"松本市奈川","所在":"長野県","所管":"地方公共団体"},"geometry":{"type":"Point","coordinates":[137.68,36.09]}},{"type":"Feature","properties":{"コード":2020240,"name":"松本市寿","所在":"長野県","所管":"地方公共団体"},"geometry":{"type":"Point","coordinates":[137.98,36.18]}},{"type":"Feature","properties":{"コード":2020301,"name":"上田市築地","所在":"長野県","所管":"気象庁"},"geometry":{"type":"Point","coordinates":[138.21,36.4]}},{"type":"Feature","properties":{"コード":2020321,"name":"上田市大手","所在":"長野県","所管":"防災科学技術研究所"},"geometry":{"type":"Point","coordinates":[138.25,36.4]}},{"type":"Feature","properties":{"コード":2020330,"name":"上田市上丸子","所在":"長野県","所管":"地方公共団体"},"geometry":{"type":"Point","coordinates":[138.27,36.32]}},{"type":"Feature","properties":{"コード":2020332,"name":"上田市真田町長","所在":"長野県","所管":"地方公共団体"},"geometry":{"type":"Point","coordinates":[138.3,36.44]}},{"type":"Feature","properties":{"コード":2020333,"name":"上田市下武石","所在":"長野県","所管":"地方公共団体"},"geometry":{"type":"Point","coordinates":[138.23,36.28]}},{"type":"Feature","properties":{"コード":2020431,"name":"岡谷市幸町","所在":"長野県","所管":"地方公共団体"},"geometry":{"type":"Point","coordinates":[138.05,36.07]}},{"type":"Feature","properties":{"コード":2020600,"name":"諏訪市湖岸通り","所在":"長野県","所管":"気象庁"},"geometry":{"type":"Point","coordinates":[138.11,36.05]}},{"type":"Feature","properties":{"コード":2020630,"name":"諏訪市高島","所在":"長野県","所管":"地方公共団体"},"geometry":{"type":"Point","coordinates":[138.11,36.04]}},{"type":"Feature","properties":{"コード":2020820,"name":"小諸市小諸消防署","所在":"長野県","所管":"防災科学技術研究所"},"geometry":{"type":"Point","coordinates":[138.43,36.33]}},{"type":"Feature","properties":{"コード":2020831,"name":"小諸市文化センター","所在":"長野県","所管":"地方公共団体"},"geometry":{"type":"Point","coordinates":[138.44,36.31]}},{"type":"Feature","properties":{"コード":2021432,"name":"茅野市葛井公園","所在":"長野県","所管":"地方公共団体"},"geometry":{"type":"Point","coordinates":[138.14,36]}},{"type":"Feature","properties":{"コード":2021520,"name":"塩尻市楢川保育園","所在":"長野県","所管":"防災科学技術研究所"},"geometry":{"type":"Point","coordinates":[137.83,35.97]}},{"type":"Feature","properties":{"コード":2021530,"name":"塩尻市広丘高出","所在":"長野県","所管":"地方公共団体"},"geometry":{"type":"Point","coordinates":[137.95,36.12]}},{"type":"Feature","properties":{"コード":2021532,"name":"塩尻市木曽平沢","所在":"長野県","所管":"地方公共団体"},"geometry":{"type":"Point","coordinates":[137.82,35.97]}},{"type":"Feature","properties":{"コード":2021700,"name":"佐久市下小田切","所在":"長野県","所管":"気象庁"},"geometry":{"type":"Point","coordinates":[138.48,36.19]}},{"type":"Feature","properties":{"コード":2021733,"name":"佐久市中込","所在":"長野県","所管":"地方公共団体"},"geometry":{"type":"Point","coordinates":[138.48,36.25]}},{"type":"Feature","properties":{"コード":2021735,"name":"佐久市望月","所在":"長野県","所管":"地方公共団体"},"geometry":{"type":"Point","coordinates":[138.36,36.26]}},{"type":"Feature","properties":{"コード":2021736,"name":"佐久市臼田","所在":"長野県","所管":"地方公共団体"},"geometry":{"type":"Point","coordinates":[138.49,36.2]}},{"type":"Feature","properties":{"コード":2021737,"name":"佐久市甲","所在":"長野県","所管":"地方公共団体"},"geometry":{"type":"Point","coordinates":[138.41,36.27]}},{"type":"Feature","properties":{"コード":2021930,"name":"東御市県","所在":"長野県","所管":"地方公共団体"},"geometry":{"type":"Point","coordinates":[138.33,36.36]}},{"type":"Feature","properties":{"コード":2021931,"name":"東御市大日向","所在":"長野県","所管":"地方公共団体"},"geometry":{"type":"Point","coordinates":[138.35,36.33]}},{"type":"Feature","properties":{"コード":2022001,"name":"安曇野市穂高支所","所在":"長野県","所管":"気象庁"},"geometry":{"type":"Point","coordinates":[137.89,36.34]}},{"type":"Feature","properties":{"コード":2022020,"name":"安曇野市穂高福祉センター","所在":"長野県","所管":"防災科学技術研究所"},"geometry":{"type":"Point","coordinates":[137.87,36.34]}},{"type":"Feature","properties":{"コード":2022033,"name":"安曇野市堀金","所在":"長野県","所管":"地方公共団体"},"geometry":{"type":"Point","coordinates":[137.88,36.29]}},{"type":"Feature","properties":{"コード":2022034,"name":"安曇野市明科","所在":"長野県","所管":"地方公共団体"},"geometry":{"type":"Point","coordinates":[137.93,36.36]}},{"type":"Feature","properties":{"コード":2022035,"name":"安曇野市豊科","所在":"長野県","所管":"地方公共団体"},"geometry":{"type":"Point","coordinates":[137.91,36.31]}},{"type":"Feature","properties":{"コード":2022036,"name":"安曇野市三郷","所在":"長野県","所管":"地方公共団体"},"geometry":{"type":"Point","coordinates":[137.89,36.26]}},{"type":"Feature","properties":{"コード":2030320,"name":"小海町豊里","所在":"長野県","所管":"防災科学技術研究所"},"geometry":{"type":"Point","coordinates":[138.48,36.1]}},{"type":"Feature","properties":{"コード":2030430,"name":"長野川上村大深山","所在":"長野県","所管":"地方公共団体"},"geometry":{"type":"Point","coordinates":[138.58,35.98]}},{"type":"Feature","properties":{"コード":2030530,"name":"長野南牧村海ノ口","所在":"長野県","所管":"地方公共団体"},"geometry":{"type":"Point","coordinates":[138.49,36.02]}},{"type":"Feature","properties":{"コード":2030630,"name":"南相木村見上","所在":"長野県","所管":"地方公共団体"},"geometry":{"type":"Point","coordinates":[138.55,36.04]}},{"type":"Feature","properties":{"コード":2030730,"name":"北相木村役場","所在":"長野県","所管":"地方公共団体"},"geometry":{"type":"Point","coordinates":[138.55,36.06]}},{"type":"Feature","properties":{"コード":2030932,"name":"佐久穂町高野町","所在":"長野県","所管":"地方公共団体"},"geometry":{"type":"Point","coordinates":[138.48,36.16]}},{"type":"Feature","properties":{"コード":2032101,"name":"軽井沢町追分","所在":"長野県","所管":"気象庁"},"geometry":{"type":"Point","coordinates":[138.55,36.34]}},{"type":"Feature","properties":{"コード":2032130,"name":"軽井沢町長倉","所在":"長野県","所管":"地方公共団体"},"geometry":{"type":"Point","coordinates":[138.6,36.35]}},{"type":"Feature","properties":{"コード":2032331,"name":"御代田町役場","所在":"長野県","所管":"地方公共団体"},"geometry":{"type":"Point","coordinates":[138.51,36.32]}},{"type":"Feature","properties":{"コード":2032432,"name":"立科町芦田","所在":"長野県","所管":"地方公共団体"},"geometry":{"type":"Point","coordinates":[138.32,36.27]}},{"type":"Feature","properties":{"コード":2034930,"name":"青木村田沢青木","所在":"長野県","所管":"地方公共団体"},"geometry":{"type":"Point","coordinates":[138.13,36.37]}},{"type":"Feature","properties":{"コード":2035020,"name":"長和町古町","所在":"長野県","所管":"防災科学技術研究所"},"geometry":{"type":"Point","coordinates":[138.26,36.27]}},{"type":"Feature","properties":{"コード":2035030,"name":"長和町和田","所在":"長野県","所管":"地方公共団体"},"geometry":{"type":"Point","coordinates":[138.21,36.21]}},{"type":"Feature","properties":{"コード":2036130,"name":"下諏訪町役場","所在":"長野県","所管":"地方公共団体"},"geometry":{"type":"Point","coordinates":[138.08,36.07]}},{"type":"Feature","properties":{"コード":2036230,"name":"富士見町落合","所在":"長野県","所管":"地方公共団体"},"geometry":{"type":"Point","coordinates":[138.24,35.91]}},{"type":"Feature","properties":{"コード":2036330,"name":"原村役場","所在":"長野県","所管":"地方公共団体"},"geometry":{"type":"Point","coordinates":[138.22,35.96]}},{"type":"Feature","properties":{"コード":2044630,"name":"麻績村麻","所在":"長野県","所管":"地方公共団体"},"geometry":{"type":"Point","coordinates":[138.05,36.46]}},{"type":"Feature","properties":{"コード":2044830,"name":"生坂村役場","所在":"長野県","所管":"地方公共団体"},"geometry":{"type":"Point","coordinates":[137.93,36.43]}},{"type":"Feature","properties":{"コード":2045030,"name":"山形村役場","所在":"長野県","所管":"地方公共団体"},"geometry":{"type":"Point","coordinates":[137.88,36.17]}},{"type":"Feature","properties":{"コード":2045131,"name":"朝日村役場","所在":"長野県","所管":"地方公共団体"},"geometry":{"type":"Point","coordinates":[137.87,36.13]}},{"type":"Feature","properties":{"コード":2045201,"name":"筑北村坂井","所在":"長野県","所管":"気象庁"},"geometry":{"type":"Point","coordinates":[138.07,36.45]}},{"type":"Feature","properties":{"コード":2045230,"name":"筑北村西条","所在":"長野県","所管":"地方公共団体"},"geometry":{"type":"Point","coordinates":[138.01,36.4]}},{"type":"Feature","properties":{"コード":2045231,"name":"筑北村坂北","所在":"長野県","所管":"地方公共団体"},"geometry":{"type":"Point","coordinates":[138.02,36.43]}},{"type":"Feature","properties":{"コード":2020502,"name":"飯田市高羽町","所在":"長野県","所管":"気象庁"},"geometry":{"type":"Point","coordinates":[137.82,35.52]}},{"type":"Feature","properties":{"コード":2020520,"name":"飯田市上郷黒田","所在":"長野県","所管":"防災科学技術研究所"},"geometry":{"type":"Point","coordinates":[137.84,35.52]}},{"type":"Feature","properties":{"コード":2020533,"name":"飯田市大久保町","所在":"長野県","所管":"地方公共団体"},"geometry":{"type":"Point","coordinates":[137.82,35.52]}},{"type":"Feature","properties":{"コード":2020534,"name":"飯田市上村","所在":"長野県","所管":"地方公共団体"},"geometry":{"type":"Point","coordinates":[137.97,35.39]}},{"type":"Feature","properties":{"コード":2020535,"name":"飯田市南信濃","所在":"長野県","所管":"地方公共団体"},"geometry":{"type":"Point","coordinates":[137.93,35.32]}},{"type":"Feature","properties":{"コード":2020900,"name":"伊那市高遠町荊口","所在":"長野県","所管":"気象庁"},"geometry":{"type":"Point","coordinates":[138.13,35.88]}},{"type":"Feature","properties":{"コード":2020920,"name":"伊那市下新田","所在":"長野県","所管":"防災科学技術研究所"},"geometry":{"type":"Point","coordinates":[137.95,35.83]}},{"type":"Feature","properties":{"コード":2020930,"name":"伊那市高遠町西高遠","所在":"長野県","所管":"地方公共団体"},"geometry":{"type":"Point","coordinates":[138.06,35.84]}},{"type":"Feature","properties":{"コード":2020931,"name":"伊那市長谷溝口","所在":"長野県","所管":"地方公共団体"},"geometry":{"type":"Point","coordinates":[138.09,35.79]}},{"type":"Feature","properties":{"コード":2021020,"name":"駒ヶ根市赤須町","所在":"長野県","所管":"防災科学技術研究所"},"geometry":{"type":"Point","coordinates":[137.93,35.73]}},{"type":"Feature","properties":{"コード":2038200,"name":"辰野町中央","所在":"長野県","所管":"気象庁"},"geometry":{"type":"Point","coordinates":[137.99,35.98]}},{"type":"Feature","properties":{"コード":2038330,"name":"箕輪町中箕輪","所在":"長野県","所管":"地方公共団体"},"geometry":{"type":"Point","coordinates":[137.98,35.92]}},{"type":"Feature","properties":{"コード":2038401,"name":"飯島町飯島","所在":"長野県","所管":"気象庁"},"geometry":{"type":"Point","coordinates":[137.92,35.68]}},{"type":"Feature","properties":{"コード":2038530,"name":"南箕輪村役場","所在":"長野県","所管":"地方公共団体"},"geometry":{"type":"Point","coordinates":[137.98,35.87]}},{"type":"Feature","properties":{"コード":2038630,"name":"中川村大草","所在":"長野県","所管":"地方公共団体"},"geometry":{"type":"Point","coordinates":[137.95,35.63]}},{"type":"Feature","properties":{"コード":2038830,"name":"宮田村役場","所在":"長野県","所管":"地方公共団体"},"geometry":{"type":"Point","coordinates":[137.94,35.77]}},{"type":"Feature","properties":{"コード":2040230,"name":"松川町元大島","所在":"長野県","所管":"地方公共団体"},"geometry":{"type":"Point","coordinates":[137.91,35.6]}},{"type":"Feature","properties":{"コード":2040330,"name":"長野高森町下市田","所在":"長野県","所管":"地方公共団体"},"geometry":{"type":"Point","coordinates":[137.88,35.55]}},{"type":"Feature","properties":{"コード":2040430,"name":"阿南町東條","所在":"長野県","所管":"地方公共団体"},"geometry":{"type":"Point","coordinates":[137.82,35.32]}},{"type":"Feature","properties":{"コード":2040730,"name":"阿智村駒場","所在":"長野県","所管":"地方公共団体"},"geometry":{"type":"Point","coordinates":[137.75,35.44]}},{"type":"Feature","properties":{"コード":2040731,"name":"阿智村浪合","所在":"長野県","所管":"地方公共団体"},"geometry":{"type":"Point","coordinates":[137.69,35.37]}},{"type":"Feature","properties":{"コード":2040733,"name":"阿智村清内路","所在":"長野県","所管":"地方公共団体"},"geometry":{"type":"Point","coordinates":[137.7,35.5]}},{"type":"Feature","properties":{"コード":2040931,"name":"平谷村役場","所在":"長野県","所管":"地方公共団体"},"geometry":{"type":"Point","coordinates":[137.63,35.32]}},{"type":"Feature","properties":{"コード":2041032,"name":"根羽村役場","所在":"長野県","所管":"地方公共団体"},"geometry":{"type":"Point","coordinates":[137.58,35.26]}},{"type":"Feature","properties":{"コード":2041130,"name":"下條村睦沢","所在":"長野県","所管":"地方公共団体"},"geometry":{"type":"Point","coordinates":[137.79,35.4]}},{"type":"Feature","properties":{"コード":2041231,"name":"売木村役場","所在":"長野県","所管":"地方公共団体"},"geometry":{"type":"Point","coordinates":[137.71,35.27]}},{"type":"Feature","properties":{"コード":2041321,"name":"天龍村清水","所在":"長野県","所管":"防災科学技術研究所"},"geometry":{"type":"Point","coordinates":[137.86,35.29]}},{"type":"Feature","properties":{"コード":2041330,"name":"天龍村平岡","所在":"長野県","所管":"地方公共団体"},"geometry":{"type":"Point","coordinates":[137.85,35.28]}},{"type":"Feature","properties":{"コード":2041400,"name":"泰阜村梨久保","所在":"長野県","所管":"気象庁"},"geometry":{"type":"Point","coordinates":[137.86,35.36]}},{"type":"Feature","properties":{"コード":2041431,"name":"泰阜村役場","所在":"長野県","所管":"地方公共団体"},"geometry":{"type":"Point","coordinates":[137.85,35.38]}},{"type":"Feature","properties":{"コード":2041530,"name":"喬木村役場","所在":"長野県","所管":"地方公共団体"},"geometry":{"type":"Point","coordinates":[137.87,35.51]}},{"type":"Feature","properties":{"コード":2041630,"name":"豊丘村神稲","所在":"長野県","所管":"地方公共団体"},"geometry":{"type":"Point","coordinates":[137.9,35.55]}},{"type":"Feature","properties":{"コード":2041720,"name":"大鹿村大河原","所在":"長野県","所管":"防災科学技術研究所"},"geometry":{"type":"Point","coordinates":[138.03,35.58]}},{"type":"Feature","properties":{"コード":2042231,"name":"上松町役場","所在":"長野県","所管":"地方公共団体"},"geometry":{"type":"Point","coordinates":[137.69,35.78]}},{"type":"Feature","properties":{"コード":2042320,"name":"南木曽町読書小学校","所在":"長野県","所管":"防災科学技術研究所"},"geometry":{"type":"Point","coordinates":[137.61,35.61]}},{"type":"Feature","properties":{"コード":2042330,"name":"南木曽町役場","所在":"長野県","所管":"地方公共団体"},"geometry":{"type":"Point","coordinates":[137.61,35.6]}},{"type":"Feature","properties":{"コード":2042531,"name":"木祖村薮原","所在":"長野県","所管":"地方公共団体"},"geometry":{"type":"Point","coordinates":[137.78,35.94]}},{"type":"Feature","properties":{"コード":2042920,"name":"王滝村鈴ヶ沢","所在":"長野県","所管":"防災科学技術研究所"},"geometry":{"type":"Point","coordinates":[137.53,35.81]}},{"type":"Feature","properties":{"コード":2042930,"name":"王滝村役場","所在":"長野県","所管":"地方公共団体"},"geometry":{"type":"Point","coordinates":[137.55,35.81]}},{"type":"Feature","properties":{"コード":2043031,"name":"大桑村長野","所在":"長野県","所管":"地方公共団体"},"geometry":{"type":"Point","coordinates":[137.67,35.69]}},{"type":"Feature","properties":{"コード":2043220,"name":"木曽町新開","所在":"長野県","所管":"防災科学技術研究所"},"geometry":{"type":"Point","coordinates":[137.71,35.86]}},{"type":"Feature","properties":{"コード":2043232,"name":"木曽町開田高原西野","所在":"長野県","所管":"地方公共団体"},"geometry":{"type":"Point","coordinates":[137.6,35.94]}},{"type":"Feature","properties":{"コード":2043233,"name":"木曽町三岳","所在":"長野県","所管":"地方公共団体"},"geometry":{"type":"Point","coordinates":[137.63,35.85]}},{"type":"Feature","properties":{"コード":2043235,"name":"木曽町日義","所在":"長野県","所管":"地方公共団体"},"geometry":{"type":"Point","coordinates":[137.76,35.88]}},{"type":"Feature","properties":{"コード":2043236,"name":"木曽町福島","所在":"長野県","所管":"地方公共団体"},"geometry":{"type":"Point","coordinates":[137.7,35.85]}},{"type":"Feature","properties":{"コード":2120301,"name":"高山市丹生川町森部","所在":"岐阜県","所管":"気象庁"},"geometry":{"type":"Point","coordinates":[137.31,36.23]}},{"type":"Feature","properties":{"コード":2120302,"name":"高山市桐生町","所在":"岐阜県","所管":"気象庁"},"geometry":{"type":"Point","coordinates":[137.25,36.16]}},{"type":"Feature","properties":{"コード":2120320,"name":"高山市消防署","所在":"岐阜県","所管":"防災科学技術研究所"},"geometry":{"type":"Point","coordinates":[137.25,36.15]}},{"type":"Feature","properties":{"コード":2120321,"name":"高山市奥飛騨温泉郷栃尾","所在":"岐阜県","所管":"防災科学技術研究所"},"geometry":{"type":"Point","coordinates":[137.52,36.25]}},{"type":"Feature","properties":{"コード":2120330,"name":"高山市丹生川町坊方","所在":"岐阜県","所管":"地方公共団体"},"geometry":{"type":"Point","coordinates":[137.31,36.17]}},{"type":"Feature","properties":{"コード":2120333,"name":"高山市一之宮町","所在":"岐阜県","所管":"地方公共団体"},"geometry":{"type":"Point","coordinates":[137.24,36.08]}},{"type":"Feature","properties":{"コード":2120335,"name":"高山市朝日町","所在":"岐阜県","所管":"地方公共団体"},"geometry":{"type":"Point","coordinates":[137.35,36.09]}},{"type":"Feature","properties":{"コード":2120339,"name":"高山市荘川町","所在":"岐阜県","所管":"地方公共団体"},"geometry":{"type":"Point","coordinates":[136.96,36.03]}},{"type":"Feature","properties":{"コード":2120340,"name":"高山市清見町","所在":"岐阜県","所管":"地方公共団体"},"geometry":{"type":"Point","coordinates":[137.19,36.13]}},{"type":"Feature","properties":{"コード":2120342,"name":"高山市高根町","所在":"岐阜県","所管":"地方公共団体"},"geometry":{"type":"Point","coordinates":[137.49,36.04]}},{"type":"Feature","properties":{"コード":2120343,"name":"高山市国府町","所在":"岐阜県","所管":"地方公共団体"},"geometry":{"type":"Point","coordinates":[137.21,36.22]}},{"type":"Feature","properties":{"コード":2120344,"name":"高山市上宝町本郷","所在":"岐阜県","所管":"地方公共団体"},"geometry":{"type":"Point","coordinates":[137.36,36.29]}},{"type":"Feature","properties":{"コード":2120345,"name":"高山市久々野町","所在":"岐阜県","所管":"地方公共団体"},"geometry":{"type":"Point","coordinates":[137.28,36.05]}},{"type":"Feature","properties":{"コード":2121701,"name":"飛騨市神岡町殿","所在":"岐阜県","所管":"気象庁"},"geometry":{"type":"Point","coordinates":[137.31,36.32]}},{"type":"Feature","properties":{"コード":2121720,"name":"飛騨市河合町元田","所在":"岐阜県","所管":"防災科学技術研究所"},"geometry":{"type":"Point","coordinates":[137.03,36.27]}},{"type":"Feature","properties":{"コード":2121730,"name":"飛騨市古川町","所在":"岐阜県","所管":"地方公共団体"},"geometry":{"type":"Point","coordinates":[137.19,36.24]}},{"type":"Feature","properties":{"コード":2121731,"name":"飛騨市河合町角川","所在":"岐阜県","所管":"地方公共団体"},"geometry":{"type":"Point","coordinates":[137.1,36.3]}},{"type":"Feature","properties":{"コード":2121735,"name":"飛騨市宮川町","所在":"岐阜県","所管":"地方公共団体"},"geometry":{"type":"Point","coordinates":[137.14,36.33]}},{"type":"Feature","properties":{"コード":2121736,"name":"飛騨市神岡町東町","所在":"岐阜県","所管":"地方公共団体"},"geometry":{"type":"Point","coordinates":[137.3,36.33]}},{"type":"Feature","properties":{"コード":2122000,"name":"下呂市森","所在":"岐阜県","所管":"気象庁"},"geometry":{"type":"Point","coordinates":[137.24,35.81]}},{"type":"Feature","properties":{"コード":2122021,"name":"下呂市下呂小学校","所在":"岐阜県","所管":"防災科学技術研究所"},"geometry":{"type":"Point","coordinates":[137.25,35.8]}},{"type":"Feature","properties":{"コード":2122031,"name":"下呂市小坂町","所在":"岐阜県","所管":"地方公共団体"},"geometry":{"type":"Point","coordinates":[137.26,35.95]}},{"type":"Feature","properties":{"コード":2122032,"name":"下呂市金山町","所在":"岐阜県","所管":"地方公共団体"},"geometry":{"type":"Point","coordinates":[137.16,35.66]}},{"type":"Feature","properties":{"コード":2122033,"name":"下呂市馬瀬","所在":"岐阜県","所管":"地方公共団体"},"geometry":{"type":"Point","coordinates":[137.17,35.87]}},{"type":"Feature","properties":{"コード":2122034,"name":"下呂市萩原町","所在":"岐阜県","所管":"地方公共団体"},"geometry":{"type":"Point","coordinates":[137.21,35.88]}},{"type":"Feature","properties":{"コード":2160430,"name":"白川村鳩谷","所在":"岐阜県","所管":"地方公共団体"},"geometry":{"type":"Point","coordinates":[136.9,36.27]}},{"type":"Feature","properties":{"コード":2120430,"name":"多治見市三笠町","所在":"岐阜県","所管":"地方公共団体"},"geometry":{"type":"Point","coordinates":[137.13,35.33]}},{"type":"Feature","properties":{"コード":2120431,"name":"多治見市笠原町","所在":"岐阜県","所管":"地方公共団体"},"geometry":{"type":"Point","coordinates":[137.16,35.3]}},{"type":"Feature","properties":{"コード":2120600,"name":"中津川市かやの木町","所在":"岐阜県","所管":"気象庁"},"geometry":{"type":"Point","coordinates":[137.5,35.49]}},{"type":"Feature","properties":{"コード":2120620,"name":"中津川市本町","所在":"岐阜県","所管":"防災科学技術研究所"},"geometry":{"type":"Point","coordinates":[137.5,35.5]}},{"type":"Feature","properties":{"コード":2120621,"name":"中津川市小栗山","所在":"岐阜県","所管":"防災科学技術研究所"},"geometry":{"type":"Point","coordinates":[137.43,35.66]}},{"type":"Feature","properties":{"コード":2120630,"name":"中津川市坂下","所在":"岐阜県","所管":"地方公共団体"},"geometry":{"type":"Point","coordinates":[137.53,35.57]}},{"type":"Feature","properties":{"コード":2120632,"name":"中津川市加子母","所在":"岐阜県","所管":"地方公共団体"},"geometry":{"type":"Point","coordinates":[137.37,35.72]}},{"type":"Feature","properties":{"コード":2120634,"name":"中津川市福岡","所在":"岐阜県","所管":"地方公共団体"},"geometry":{"type":"Point","coordinates":[137.45,35.56]}},{"type":"Feature","properties":{"コード":2120637,"name":"中津川市川上","所在":"岐阜県","所管":"地方公共団体"},"geometry":{"type":"Point","coordinates":[137.5,35.61]}},{"type":"Feature","properties":{"コード":2120638,"name":"中津川市付知町","所在":"岐阜県","所管":"地方公共団体"},"geometry":{"type":"Point","coordinates":[137.44,35.66]}},{"type":"Feature","properties":{"コード":2120639,"name":"中津川市蛭川","所在":"岐阜県","所管":"地方公共団体"},"geometry":{"type":"Point","coordinates":[137.38,35.52]}},{"type":"Feature","properties":{"コード":2120640,"name":"中津川市山口","所在":"岐阜県","所管":"地方公共団体"},"geometry":{"type":"Point","coordinates":[137.54,35.56]}},{"type":"Feature","properties":{"コード":2120831,"name":"瑞浪市上平町","所在":"岐阜県","所管":"地方公共団体"},"geometry":{"type":"Point","coordinates":[137.25,35.36]}},{"type":"Feature","properties":{"コード":2121020,"name":"恵那市長島小学校","所在":"岐阜県","所管":"防災科学技術研究所"},"geometry":{"type":"Point","coordinates":[137.4,35.45]}},{"type":"Feature","properties":{"コード":2121031,"name":"恵那市岩村町","所在":"岐阜県","所管":"地方公共団体"},"geometry":{"type":"Point","coordinates":[137.44,35.36]}},{"type":"Feature","properties":{"コード":2121033,"name":"恵那市明智町","所在":"岐阜県","所管":"地方公共団体"},"geometry":{"type":"Point","coordinates":[137.39,35.3]}},{"type":"Feature","properties":{"コード":2121035,"name":"恵那市上矢作町","所在":"岐阜県","所管":"地方公共団体"},"geometry":{"type":"Point","coordinates":[137.5,35.3]}},{"type":"Feature","properties":{"コード":2121036,"name":"恵那市山岡町","所在":"岐阜県","所管":"地方公共団体"},"geometry":{"type":"Point","coordinates":[137.38,35.35]}},{"type":"Feature","properties":{"コード":2121037,"name":"恵那市串原","所在":"岐阜県","所管":"地方公共団体"},"geometry":{"type":"Point","coordinates":[137.41,35.26]}},{"type":"Feature","properties":{"コード":2121038,"name":"恵那市長島町","所在":"岐阜県","所管":"地方公共団体"},"geometry":{"type":"Point","coordinates":[137.41,35.45]}},{"type":"Feature","properties":{"コード":2121100,"name":"美濃加茂市太田町","所在":"岐阜県","所管":"気象庁"},"geometry":{"type":"Point","coordinates":[137.02,35.44]}},{"type":"Feature","properties":{"コード":2121120,"name":"美濃加茂市西町","所在":"岐阜県","所管":"防災科学技術研究所"},"geometry":{"type":"Point","coordinates":[137,35.44]}},{"type":"Feature","properties":{"コード":2121220,"name":"土岐市泉町","所在":"岐阜県","所管":"防災科学技術研究所"},"geometry":{"type":"Point","coordinates":[137.22,35.39]}},{"type":"Feature","properties":{"コード":2121230,"name":"土岐市肥田","所在":"岐阜県","所管":"地方公共団体"},"geometry":{"type":"Point","coordinates":[137.2,35.36]}},{"type":"Feature","properties":{"コード":2121430,"name":"可児市広見","所在":"岐阜県","所管":"地方公共団体"},"geometry":{"type":"Point","coordinates":[137.06,35.43]}},{"type":"Feature","properties":{"コード":2121432,"name":"可児市兼山","所在":"岐阜県","所管":"地方公共団体"},"geometry":{"type":"Point","coordinates":[137.09,35.46]}},{"type":"Feature","properties":{"コード":2150130,"name":"坂祝町取組","所在":"岐阜県","所管":"地方公共団体"},"geometry":{"type":"Point","coordinates":[136.99,35.43]}},{"type":"Feature","properties":{"コード":2150230,"name":"富加町滝田","所在":"岐阜県","所管":"地方公共団体"},"geometry":{"type":"Point","coordinates":[136.98,35.48]}},{"type":"Feature","properties":{"コード":2150331,"name":"川辺町中川辺","所在":"岐阜県","所管":"地方公共団体"},"geometry":{"type":"Point","coordinates":[137.07,35.49]}},{"type":"Feature","properties":{"コード":2150430,"name":"七宗町上麻生","所在":"岐阜県","所管":"地方公共団体"},"geometry":{"type":"Point","coordinates":[137.12,35.54]}},{"type":"Feature","properties":{"コード":2150530,"name":"八百津町八百津","所在":"岐阜県","所管":"地方公共団体"},"geometry":{"type":"Point","coordinates":[137.14,35.48]}},{"type":"Feature","properties":{"コード":2150600,"name":"白川町黒川","所在":"岐阜県","所管":"気象庁"},"geometry":{"type":"Point","coordinates":[137.35,35.6]}},{"type":"Feature","properties":{"コード":2150630,"name":"白川町河岐","所在":"岐阜県","所管":"地方公共団体"},"geometry":{"type":"Point","coordinates":[137.19,35.58]}},{"type":"Feature","properties":{"コード":2150730,"name":"東白川村神土","所在":"岐阜県","所管":"地方公共団体"},"geometry":{"type":"Point","coordinates":[137.32,35.64]}},{"type":"Feature","properties":{"コード":2152130,"name":"御嵩町御嵩","所在":"岐阜県","所管":"地方公共団体"},"geometry":{"type":"Point","coordinates":[137.13,35.43]}},{"type":"Feature","properties":{"コード":2120100,"name":"岐阜市加納二之丸","所在":"岐阜県","所管":"気象庁"},"geometry":{"type":"Point","coordinates":[136.76,35.4]}},{"type":"Feature","properties":{"コード":2120121,"name":"岐阜市京町","所在":"岐阜県","所管":"防災科学技術研究所"},"geometry":{"type":"Point","coordinates":[136.76,35.42]}},{"type":"Feature","properties":{"コード":2120130,"name":"岐阜市柳津町","所在":"岐阜県","所管":"地方公共団体"},"geometry":{"type":"Point","coordinates":[136.74,35.37]}},{"type":"Feature","properties":{"コード":2120231,"name":"大垣市上石津町","所在":"岐阜県","所管":"地方公共団体"},"geometry":{"type":"Point","coordinates":[136.47,35.28]}},{"type":"Feature","properties":{"コード":2120233,"name":"大垣市墨俣町","所在":"岐阜県","所管":"地方公共団体"},"geometry":{"type":"Point","coordinates":[136.68,35.36]}},{"type":"Feature","properties":{"コード":2120234,"name":"大垣市丸の内","所在":"岐阜県","所管":"地方公共団体"},"geometry":{"type":"Point","coordinates":[136.61,35.36]}},{"type":"Feature","properties":{"コード":2120530,"name":"関市若草通り","所在":"岐阜県","所管":"地方公共団体"},"geometry":{"type":"Point","coordinates":[136.92,35.5]}},{"type":"Feature","properties":{"コード":2120532,"name":"関市板取","所在":"岐阜県","所管":"地方公共団体"},"geometry":{"type":"Point","coordinates":[136.8,35.7]}},{"type":"Feature","properties":{"コード":2120533,"name":"関市武芸川町","所在":"岐阜県","所管":"地方公共団体"},"geometry":{"type":"Point","coordinates":[136.84,35.53]}},{"type":"Feature","properties":{"コード":2120536,"name":"関市中之保","所在":"岐阜県","所管":"地方公共団体"},"geometry":{"type":"Point","coordinates":[137.01,35.57]}},{"type":"Feature","properties":{"コード":2120537,"name":"関市洞戸市場","所在":"岐阜県","所管":"地方公共団体"},"geometry":{"type":"Point","coordinates":[136.82,35.6]}},{"type":"Feature","properties":{"コード":2120538,"name":"関市上之保","所在":"岐阜県","所管":"地方公共団体"},"geometry":{"type":"Point","coordinates":[137.04,35.61]}},{"type":"Feature","properties":{"コード":2120730,"name":"美濃市役所","所在":"岐阜県","所管":"地方公共団体"},"geometry":{"type":"Point","coordinates":[136.91,35.54]}},{"type":"Feature","properties":{"コード":2120932,"name":"羽島市竹鼻町","所在":"岐阜県","所管":"地方公共団体"},"geometry":{"type":"Point","coordinates":[136.7,35.32]}},{"type":"Feature","properties":{"コード":2121332,"name":"各務原市川島河田町","所在":"岐阜県","所管":"地方公共団体"},"geometry":{"type":"Point","coordinates":[136.83,35.36]}},{"type":"Feature","properties":{"コード":2121333,"name":"各務原市那加桜町","所在":"岐阜県","所管":"地方公共団体"},"geometry":{"type":"Point","coordinates":[136.85,35.4]}},{"type":"Feature","properties":{"コード":2121501,"name":"岐阜山県市谷合運動場","所在":"岐阜県","所管":"気象庁"},"geometry":{"type":"Point","coordinates":[136.74,35.59]}},{"type":"Feature","properties":{"コード":2121520,"name":"岐阜山県市美山支所","所在":"岐阜県","所管":"防災科学技術研究所"},"geometry":{"type":"Point","coordinates":[136.75,35.59]}},{"type":"Feature","properties":{"コード":2121531,"name":"岐阜山県市大門","所在":"岐阜県","所管":"地方公共団体"},"geometry":{"type":"Point","coordinates":[136.73,35.53]}},{"type":"Feature","properties":{"コード":2121532,"name":"岐阜山県市高富","所在":"岐阜県","所管":"地方公共団体"},"geometry":{"type":"Point","coordinates":[136.79,35.5]}},{"type":"Feature","properties":{"コード":2121630,"name":"瑞穂市別府","所在":"岐阜県","所管":"地方公共団体"},"geometry":{"type":"Point","coordinates":[136.69,35.39]}},{"type":"Feature","properties":{"コード":2121632,"name":"瑞穂市宮田","所在":"岐阜県","所管":"地方公共団体"},"geometry":{"type":"Point","coordinates":[136.65,35.4]}},{"type":"Feature","properties":{"コード":2121830,"name":"本巣市文殊","所在":"岐阜県","所管":"地方公共団体"},"geometry":{"type":"Point","coordinates":[136.68,35.48]}},{"type":"Feature","properties":{"コード":2121833,"name":"本巣市根尾","所在":"岐阜県","所管":"地方公共団体"},"geometry":{"type":"Point","coordinates":[136.62,35.63]}},{"type":"Feature","properties":{"コード":2121834,"name":"本巣市下真桑","所在":"岐阜県","所管":"地方公共団体"},"geometry":{"type":"Point","coordinates":[136.66,35.43]}},{"type":"Feature","properties":{"コード":2121835,"name":"本巣市早野","所在":"岐阜県","所管":"地方公共団体"},"geometry":{"type":"Point","coordinates":[136.67,35.46]}},{"type":"Feature","properties":{"コード":2121900,"name":"郡上市八幡町島谷","所在":"岐阜県","所管":"気象庁"},"geometry":{"type":"Point","coordinates":[136.96,35.75]}},{"type":"Feature","properties":{"コード":2121920,"name":"郡上市八幡町旭","所在":"岐阜県","所管":"防災科学技術研究所"},"geometry":{"type":"Point","coordinates":[136.98,35.76]}},{"type":"Feature","properties":{"コード":2121922,"name":"郡上市白鳥町長滝","所在":"岐阜県","所管":"防災科学技術研究所"},"geometry":{"type":"Point","coordinates":[136.83,35.92]}},{"type":"Feature","properties":{"コード":2121935,"name":"郡上市和良町","所在":"岐阜県","所管":"地方公共団体"},"geometry":{"type":"Point","coordinates":[137.09,35.75]}},{"type":"Feature","properties":{"コード":2121936,"name":"郡上市明宝","所在":"岐阜県","所管":"地方公共団体"},"geometry":{"type":"Point","coordinates":[137.03,35.85]}},{"type":"Feature","properties":{"コード":2121937,"name":"郡上市大和町","所在":"岐阜県","所管":"地方公共団体"},"geometry":{"type":"Point","coordinates":[136.9,35.81]}},{"type":"Feature","properties":{"コード":2121938,"name":"郡上市白鳥町白鳥","所在":"岐阜県","所管":"地方公共団体"},"geometry":{"type":"Point","coordinates":[136.86,35.88]}},{"type":"Feature","properties":{"コード":2121939,"name":"郡上市高鷲町","所在":"岐阜県","所管":"地方公共団体"},"geometry":{"type":"Point","coordinates":[136.88,35.95]}},{"type":"Feature","properties":{"コード":2121940,"name":"郡上市美並町","所在":"岐阜県","所管":"地方公共団体"},"geometry":{"type":"Point","coordinates":[136.96,35.66]}},{"type":"Feature","properties":{"コード":2122130,"name":"海津市海津町","所在":"岐阜県","所管":"地方公共団体"},"geometry":{"type":"Point","coordinates":[136.64,35.22]}},{"type":"Feature","properties":{"コード":2122134,"name":"海津市南濃町","所在":"岐阜県","所管":"地方公共団体"},"geometry":{"type":"Point","coordinates":[136.6,35.22]}},{"type":"Feature","properties":{"コード":2122135,"name":"海津市平田町","所在":"岐阜県","所管":"地方公共団体"},"geometry":{"type":"Point","coordinates":[136.64,35.26]}},{"type":"Feature","properties":{"コード":2130232,"name":"岐南町八剣","所在":"岐阜県","所管":"地方公共団体"},"geometry":{"type":"Point","coordinates":[136.78,35.39]}},{"type":"Feature","properties":{"コード":2130331,"name":"笠松町司町","所在":"岐阜県","所管":"地方公共団体"},"geometry":{"type":"Point","coordinates":[136.76,35.37]}},{"type":"Feature","properties":{"コード":2134130,"name":"養老町高田","所在":"岐阜県","所管":"地方公共団体"},"geometry":{"type":"Point","coordinates":[136.56,35.31]}},{"type":"Feature","properties":{"コード":2136131,"name":"垂井町役場","所在":"岐阜県","所管":"地方公共団体"},"geometry":{"type":"Point","coordinates":[136.54,35.37]}},{"type":"Feature","properties":{"コード":2136231,"name":"関ケ原町関ケ原","所在":"岐阜県","所管":"地方公共団体"},"geometry":{"type":"Point","coordinates":[136.47,35.37]}},{"type":"Feature","properties":{"コード":2138131,"name":"神戸町神戸","所在":"岐阜県","所管":"地方公共団体"},"geometry":{"type":"Point","coordinates":[136.61,35.42]}},{"type":"Feature","properties":{"コード":2138230,"name":"輪之内町四郷","所在":"岐阜県","所管":"地方公共団体"},"geometry":{"type":"Point","coordinates":[136.64,35.29]}},{"type":"Feature","properties":{"コード":2138330,"name":"安八町氷取","所在":"岐阜県","所管":"地方公共団体"},"geometry":{"type":"Point","coordinates":[136.67,35.34]}},{"type":"Feature","properties":{"コード":2140102,"name":"揖斐川町三輪","所在":"岐阜県","所管":"気象庁"},"geometry":{"type":"Point","coordinates":[136.57,35.49]}},{"type":"Feature","properties":{"コード":2140120,"name":"揖斐川町東杉原","所在":"岐阜県","所管":"防災科学技術研究所"},"geometry":{"type":"Point","coordinates":[136.49,35.64]}},{"type":"Feature","properties":{"コード":2140121,"name":"揖斐川町中籠橋","所在":"岐阜県","所管":"防災科学技術研究所"},"geometry":{"type":"Point","coordinates":[136.57,35.48]}},{"type":"Feature","properties":{"コード":2140130,"name":"揖斐川町谷汲","所在":"岐阜県","所管":"地方公共団体"},"geometry":{"type":"Point","coordinates":[136.61,35.53]}},{"type":"Feature","properties":{"コード":2140133,"name":"揖斐川町西横山","所在":"岐阜県","所管":"地方公共団体"},"geometry":{"type":"Point","coordinates":[136.46,35.58]}},{"type":"Feature","properties":{"コード":2140134,"name":"揖斐川町坂内","所在":"岐阜県","所管":"地方公共団体"},"geometry":{"type":"Point","coordinates":[136.41,35.6]}},{"type":"Feature","properties":{"コード":2140135,"name":"揖斐川町春日","所在":"岐阜県","所管":"地方公共団体"},"geometry":{"type":"Point","coordinates":[136.48,35.47]}},{"type":"Feature","properties":{"コード":2140136,"name":"揖斐川町東津汲","所在":"岐阜県","所管":"地方公共団体"},"geometry":{"type":"Point","coordinates":[136.51,35.56]}},{"type":"Feature","properties":{"コード":2140330,"name":"大野町大野","所在":"岐阜県","所管":"地方公共団体"},"geometry":{"type":"Point","coordinates":[136.63,35.47]}},{"type":"Feature","properties":{"コード":2140430,"name":"岐阜池田町六之井","所在":"岐阜県","所管":"地方公共団体"},"geometry":{"type":"Point","coordinates":[136.57,35.44]}},{"type":"Feature","properties":{"コード":2142132,"name":"北方町北方","所在":"岐阜県","所管":"地方公共団体"},"geometry":{"type":"Point","coordinates":[136.68,35.44]}},{"type":"Feature","properties":{"コード":2220501,"name":"熱海市網代","所在":"静岡県","所管":"気象庁"},"geometry":{"type":"Point","coordinates":[139.09,35.05]}},{"type":"Feature","properties":{"コード":2220520,"name":"熱海市泉","所在":"静岡県","所管":"防災科学技術研究所"},"geometry":{"type":"Point","coordinates":[139.08,35.14]}},{"type":"Feature","properties":{"コード":2220532,"name":"熱海市中央町","所在":"静岡県","所管":"地方公共団体"},"geometry":{"type":"Point","coordinates":[139.07,35.1]}},{"type":"Feature","properties":{"コード":2220800,"name":"伊東市大原","所在":"静岡県","所管":"気象庁"},"geometry":{"type":"Point","coordinates":[139.1,34.97]}},{"type":"Feature","properties":{"コード":2220830,"name":"伊東市八幡野","所在":"静岡県","所管":"地方公共団体"},"geometry":{"type":"Point","coordinates":[139.1,34.88]}},{"type":"Feature","properties":{"コード":2221900,"name":"下田市加増野","所在":"静岡県","所管":"気象庁"},"geometry":{"type":"Point","coordinates":[138.88,34.72]}},{"type":"Feature","properties":{"コード":2221930,"name":"下田市中","所在":"静岡県","所管":"地方公共団体"},"geometry":{"type":"Point","coordinates":[138.95,34.68]}},{"type":"Feature","properties":{"コード":2221932,"name":"下田市敷根","所在":"静岡県","所管":"地方公共団体"},"geometry":{"type":"Point","coordinates":[138.93,34.68]}},{"type":"Feature","properties":{"コード":2222200,"name":"伊豆市中伊豆グラウンド","所在":"静岡県","所管":"気象庁"},"geometry":{"type":"Point","coordinates":[139.01,34.96]}},{"type":"Feature","properties":{"コード":2222230,"name":"伊豆市土肥","所在":"静岡県","所管":"地方公共団体"},"geometry":{"type":"Point","coordinates":[138.79,34.91]}},{"type":"Feature","properties":{"コード":2222232,"name":"伊豆市八幡","所在":"静岡県","所管":"地方公共団体"},"geometry":{"type":"Point","coordinates":[139,34.95]}},{"type":"Feature","properties":{"コード":2222234,"name":"伊豆市湯ケ島","所在":"静岡県","所管":"地方公共団体"},"geometry":{"type":"Point","coordinates":[138.93,34.89]}},{"type":"Feature","properties":{"コード":2222241,"name":"伊豆市小立野","所在":"静岡県","所管":"地方公共団体"},"geometry":{"type":"Point","coordinates":[138.95,34.98]}},{"type":"Feature","properties":{"コード":2222532,"name":"伊豆の国市田京","所在":"静岡県","所管":"地方公共団体"},"geometry":{"type":"Point","coordinates":[138.95,35.01]}},{"type":"Feature","properties":{"コード":2222533,"name":"伊豆の国市長岡","所在":"静岡県","所管":"地方公共団体"},"geometry":{"type":"Point","coordinates":[138.93,35.03]}},{"type":"Feature","properties":{"コード":2230120,"name":"東伊豆町奈良本","所在":"静岡県","所管":"防災科学技術研究所"},"geometry":{"type":"Point","coordinates":[139.05,34.82]}},{"type":"Feature","properties":{"コード":2230130,"name":"東伊豆町稲取","所在":"静岡県","所管":"地方公共団体"},"geometry":{"type":"Point","coordinates":[139.04,34.77]}},{"type":"Feature","properties":{"コード":2230230,"name":"河津町田中","所在":"静岡県","所管":"地方公共団体"},"geometry":{"type":"Point","coordinates":[138.99,34.76]}},{"type":"Feature","properties":{"コード":2230402,"name":"南伊豆町石廊崎","所在":"静岡県","所管":"気象庁"},"geometry":{"type":"Point","coordinates":[138.84,34.6]}},{"type":"Feature","properties":{"コード":2230420,"name":"南伊豆町入間","所在":"静岡県","所管":"防災科学技術研究所"},"geometry":{"type":"Point","coordinates":[138.82,34.65]}},{"type":"Feature","properties":{"コード":2230431,"name":"南伊豆町下賀茂","所在":"静岡県","所管":"地方公共団体"},"geometry":{"type":"Point","coordinates":[138.86,34.65]}},{"type":"Feature","properties":{"コード":2230520,"name":"松崎町江奈","所在":"静岡県","所管":"防災科学技術研究所"},"geometry":{"type":"Point","coordinates":[138.78,34.76]}},{"type":"Feature","properties":{"コード":2230531,"name":"松崎町宮内","所在":"静岡県","所管":"地方公共団体"},"geometry":{"type":"Point","coordinates":[138.78,34.75]}},{"type":"Feature","properties":{"コード":2230620,"name":"西伊豆町一色","所在":"静岡県","所管":"防災科学技術研究所"},"geometry":{"type":"Point","coordinates":[138.79,34.78]}},{"type":"Feature","properties":{"コード":2230630,"name":"西伊豆町仁科","所在":"静岡県","所管":"地方公共団体"},"geometry":{"type":"Point","coordinates":[138.78,34.77]}},{"type":"Feature","properties":{"コード":2230632,"name":"西伊豆町宇久須","所在":"静岡県","所管":"地方公共団体"},"geometry":{"type":"Point","coordinates":[138.78,34.85]}},{"type":"Feature","properties":{"コード":2232531,"name":"函南町平井","所在":"静岡県","所管":"地方公共団体"},"geometry":{"type":"Point","coordinates":[138.95,35.09]}},{"type":"Feature","properties":{"コード":2220321,"name":"沼津市西間門","所在":"静岡県","所管":"防災科学技術研究所"},"geometry":{"type":"Point","coordinates":[138.84,35.11]}},{"type":"Feature","properties":{"コード":2220331,"name":"沼津市御幸町","所在":"静岡県","所管":"地方公共団体"},"geometry":{"type":"Point","coordinates":[138.86,35.1]}},{"type":"Feature","properties":{"コード":2220333,"name":"沼津市高島本町","所在":"静岡県","所管":"地方公共団体"},"geometry":{"type":"Point","coordinates":[138.86,35.11]}},{"type":"Feature","properties":{"コード":2220334,"name":"沼津市戸田","所在":"静岡県","所管":"地方公共団体"},"geometry":{"type":"Point","coordinates":[138.79,34.97]}},{"type":"Feature","properties":{"コード":2220335,"name":"沼津市原","所在":"静岡県","所管":"地方公共団体"},"geometry":{"type":"Point","coordinates":[138.8,35.13]}},{"type":"Feature","properties":{"コード":2220601,"name":"三島市東本町","所在":"静岡県","所管":"気象庁"},"geometry":{"type":"Point","coordinates":[138.93,35.11]}},{"type":"Feature","properties":{"コード":2220630,"name":"三島市大社町","所在":"静岡県","所管":"地方公共団体"},"geometry":{"type":"Point","coordinates":[138.92,35.12]}},{"type":"Feature","properties":{"コード":2220701,"name":"富士宮市弓沢町","所在":"静岡県","所管":"気象庁"},"geometry":{"type":"Point","coordinates":[138.62,35.22]}},{"type":"Feature","properties":{"コード":2220721,"name":"富士宮市野中","所在":"静岡県","所管":"防災科学技術研究所"},"geometry":{"type":"Point","coordinates":[138.6,35.21]}},{"type":"Feature","properties":{"コード":2220730,"name":"富士宮市猪之頭","所在":"静岡県","所管":"地方公共団体"},"geometry":{"type":"Point","coordinates":[138.57,35.37]}},{"type":"Feature","properties":{"コード":2220731,"name":"富士宮市長貫","所在":"静岡県","所管":"地方公共団体"},"geometry":{"type":"Point","coordinates":[138.56,35.2]}},{"type":"Feature","properties":{"コード":2221000,"name":"富士市富士総合運動公園","所在":"静岡県","所管":"気象庁"},"geometry":{"type":"Point","coordinates":[138.69,35.19]}},{"type":"Feature","properties":{"コード":2221031,"name":"富士市本市場","所在":"静岡県","所管":"地方公共団体"},"geometry":{"type":"Point","coordinates":[138.66,35.16]}},{"type":"Feature","properties":{"コード":2221032,"name":"富士市永田町","所在":"静岡県","所管":"地方公共団体"},"geometry":{"type":"Point","coordinates":[138.68,35.16]}},{"type":"Feature","properties":{"コード":2221034,"name":"富士市岩渕","所在":"静岡県","所管":"地方公共団体"},"geometry":{"type":"Point","coordinates":[138.62,35.15]}},{"type":"Feature","properties":{"コード":2221035,"name":"富士市吉永","所在":"静岡県","所管":"地方公共団体"},"geometry":{"type":"Point","coordinates":[138.72,35.16]}},{"type":"Feature","properties":{"コード":2221036,"name":"富士市大淵","所在":"静岡県","所管":"地方公共団体"},"geometry":{"type":"Point","coordinates":[138.68,35.21]}},{"type":"Feature","properties":{"コード":2221500,"name":"御殿場市萩原","所在":"静岡県","所管":"気象庁"},"geometry":{"type":"Point","coordinates":[138.93,35.31]}},{"type":"Feature","properties":{"コード":2221521,"name":"御殿場市茱萸沢","所在":"静岡県","所管":"防災科学技術研究所"},"geometry":{"type":"Point","coordinates":[138.91,35.31]}},{"type":"Feature","properties":{"コード":2221530,"name":"御殿場市竈","所在":"静岡県","所管":"地方公共団体"},"geometry":{"type":"Point","coordinates":[138.92,35.28]}},{"type":"Feature","properties":{"コード":2222020,"name":"裾野市石脇","所在":"静岡県","所管":"防災科学技術研究所"},"geometry":{"type":"Point","coordinates":[138.91,35.2]}},{"type":"Feature","properties":{"コード":2222030,"name":"裾野市佐野","所在":"静岡県","所管":"地方公共団体"},"geometry":{"type":"Point","coordinates":[138.91,35.17]}},{"type":"Feature","properties":{"コード":2234131,"name":"静岡清水町堂庭","所在":"静岡県","所管":"地方公共団体"},"geometry":{"type":"Point","coordinates":[138.9,35.1]}},{"type":"Feature","properties":{"コード":2234230,"name":"長泉町中土狩","所在":"静岡県","所管":"地方公共団体"},"geometry":{"type":"Point","coordinates":[138.9,35.14]}},{"type":"Feature","properties":{"コード":2234430,"name":"小山町藤曲","所在":"静岡県","所管":"地方公共団体"},"geometry":{"type":"Point","coordinates":[138.99,35.36]}},{"type":"Feature","properties":{"コード":2234431,"name":"小山町須走","所在":"静岡県","所管":"地方公共団体"},"geometry":{"type":"Point","coordinates":[138.87,35.36]}},{"type":"Feature","properties":{"コード":2210120,"name":"静岡葵区駒形通","所在":"静岡県","所管":"防災科学技術研究所"},"geometry":{"type":"Point","coordinates":[138.37,34.96]}},{"type":"Feature","properties":{"コード":2210121,"name":"静岡葵区梅ヶ島","所在":"静岡県","所管":"防災科学技術研究所"},"geometry":{"type":"Point","coordinates":[138.34,35.24]}},{"type":"Feature","properties":{"コード":2210130,"name":"静岡葵区追手町県庁","所在":"静岡県","所管":"地方公共団体"},"geometry":{"type":"Point","coordinates":[138.38,34.98]}},{"type":"Feature","properties":{"コード":2210131,"name":"静岡葵区追手町市役所","所在":"静岡県","所管":"地方公共団体"},"geometry":{"type":"Point","coordinates":[138.38,34.98]}},{"type":"Feature","properties":{"コード":2210201,"name":"静岡駿河区曲金","所在":"静岡県","所管":"気象庁"},"geometry":{"type":"Point","coordinates":[138.4,34.98]}},{"type":"Feature","properties":{"コード":2210231,"name":"静岡駿河区用宗","所在":"静岡県","所管":"地方公共団体"},"geometry":{"type":"Point","coordinates":[138.37,34.93]}},{"type":"Feature","properties":{"コード":2210300,"name":"静岡清水区千歳町","所在":"静岡県","所管":"気象庁"},"geometry":{"type":"Point","coordinates":[138.48,35.02]}},{"type":"Feature","properties":{"コード":2210321,"name":"静岡清水区蒲原新栄","所在":"静岡県","所管":"防災科学技術研究所"},"geometry":{"type":"Point","coordinates":[138.62,35.13]}},{"type":"Feature","properties":{"コード":2210333,"name":"静岡清水区由比北田","所在":"静岡県","所管":"地方公共団体"},"geometry":{"type":"Point","coordinates":[138.56,35.11]}},{"type":"Feature","properties":{"コード":2210334,"name":"静岡清水区谷津","所在":"静岡県","所管":"地方公共団体"},"geometry":{"type":"Point","coordinates":[138.52,35.07]}},{"type":"Feature","properties":{"コード":2220901,"name":"島田市川根町家山","所在":"静岡県","所管":"気象庁"},"geometry":{"type":"Point","coordinates":[138.08,34.94]}},{"type":"Feature","properties":{"コード":2220903,"name":"島田市元島田","所在":"静岡県","所管":"気象庁"},"geometry":{"type":"Point","coordinates":[138.19,34.84]}},{"type":"Feature","properties":{"コード":2220920,"name":"島田市川根町笹間上","所在":"静岡県","所管":"防災科学技術研究所"},"geometry":{"type":"Point","coordinates":[138.15,35.01]}},{"type":"Feature","properties":{"コード":2220931,"name":"島田市金谷代官町","所在":"静岡県","所管":"地方公共団体"},"geometry":{"type":"Point","coordinates":[138.13,34.84]}},{"type":"Feature","properties":{"コード":2221231,"name":"焼津市宗高","所在":"静岡県","所管":"地方公共団体"},"geometry":{"type":"Point","coordinates":[138.28,34.8]}},{"type":"Feature","properties":{"コード":2221233,"name":"焼津市石津","所在":"静岡県","所管":"地方公共団体"},"geometry":{"type":"Point","coordinates":[138.31,34.84]}},{"type":"Feature","properties":{"コード":2221430,"name":"藤枝市瀬戸新屋","所在":"静岡県","所管":"地方公共団体"},"geometry":{"type":"Point","coordinates":[138.24,34.85]}},{"type":"Feature","properties":{"コード":2221431,"name":"藤枝市岡出山","所在":"静岡県","所管":"地方公共団体"},"geometry":{"type":"Point","coordinates":[138.26,34.87]}},{"type":"Feature","properties":{"コード":2221432,"name":"藤枝市岡部町岡部","所在":"静岡県","所管":"地方公共団体"},"geometry":{"type":"Point","coordinates":[138.28,34.91]}},{"type":"Feature","properties":{"コード":2222600,"name":"牧之原市鬼女新田","所在":"静岡県","所管":"気象庁"},"geometry":{"type":"Point","coordinates":[138.18,34.68]}},{"type":"Feature","properties":{"コード":2222620,"name":"牧之原市静波","所在":"静岡県","所管":"防災科学技術研究所"},"geometry":{"type":"Point","coordinates":[138.22,34.74]}},{"type":"Feature","properties":{"コード":2242430,"name":"吉田町住吉","所在":"静岡県","所管":"地方公共団体"},"geometry":{"type":"Point","coordinates":[138.25,34.77]}},{"type":"Feature","properties":{"コード":2242920,"name":"川根本町東藤川","所在":"静岡県","所管":"防災科学技術研究所"},"geometry":{"type":"Point","coordinates":[138.13,35.1]}},{"type":"Feature","properties":{"コード":2242930,"name":"川根本町上長尾","所在":"静岡県","所管":"地方公共団体"},"geometry":{"type":"Point","coordinates":[138.08,35.05]}},{"type":"Feature","properties":{"コード":2213801,"name":"浜松中央区高丘東","所在":"静岡県","所管":"気象庁"},"geometry":{"type":"Point","coordinates":[137.71,34.75]}},{"type":"Feature","properties":{"コード":2213820,"name":"浜松中央区三組町","所在":"静岡県","所管":"防災科学技術研究所"},"geometry":{"type":"Point","coordinates":[137.72,34.71]}},{"type":"Feature","properties":{"コード":2213831,"name":"浜松中央区元城町","所在":"静岡県","所管":"地方公共団体"},"geometry":{"type":"Point","coordinates":[137.73,34.71]}},{"type":"Feature","properties":{"コード":2213832,"name":"浜松中央区流通元町","所在":"静岡県","所管":"地方公共団体"},"geometry":{"type":"Point","coordinates":[137.79,34.74]}},{"type":"Feature","properties":{"コード":2213833,"name":"浜松中央区舞阪町","所在":"静岡県","所管":"地方公共団体"},"geometry":{"type":"Point","coordinates":[137.61,34.69]}},{"type":"Feature","properties":{"コード":2213834,"name":"浜松中央区雄踏","所在":"静岡県","所管":"地方公共団体"},"geometry":{"type":"Point","coordinates":[137.64,34.69]}},{"type":"Feature","properties":{"コード":2213835,"name":"浜松中央区江之島町","所在":"静岡県","所管":"地方公共団体"},"geometry":{"type":"Point","coordinates":[137.75,34.67]}},{"type":"Feature","properties":{"コード":2213900,"name":"浜松浜名区三ヶ日町","所在":"静岡県","所管":"気象庁"},"geometry":{"type":"Point","coordinates":[137.56,34.8]}},{"type":"Feature","properties":{"コード":2213901,"name":"浜松浜名区滝沢町","所在":"静岡県","所管":"気象庁"},"geometry":{"type":"Point","coordinates":[137.72,34.86]}},{"type":"Feature","properties":{"コード":2213930,"name":"浜松浜名区細江町","所在":"静岡県","所管":"地方公共団体"},"geometry":{"type":"Point","coordinates":[137.65,34.81]}},{"type":"Feature","properties":{"コード":2213932,"name":"浜松浜名区西美薗","所在":"静岡県","所管":"地方公共団体"},"geometry":{"type":"Point","coordinates":[137.79,34.79]}},{"type":"Feature","properties":{"コード":2214020,"name":"浜松天竜区春野町","所在":"静岡県","所管":"防災科学技術研究所"},"geometry":{"type":"Point","coordinates":[137.9,34.98]}},{"type":"Feature","properties":{"コード":2214022,"name":"浜松天竜区佐久間町","所在":"静岡県","所管":"防災科学技術研究所"},"geometry":{"type":"Point","coordinates":[137.81,35.09]}},{"type":"Feature","properties":{"コード":2214030,"name":"浜松天竜区二俣町鹿島","所在":"静岡県","所管":"地方公共団体"},"geometry":{"type":"Point","coordinates":[137.81,34.85]}},{"type":"Feature","properties":{"コード":2214034,"name":"浜松天竜区水窪町","所在":"静岡県","所管":"地方公共団体"},"geometry":{"type":"Point","coordinates":[137.87,35.17]}},{"type":"Feature","properties":{"コード":2214036,"name":"浜松天竜区龍山町","所在":"静岡県","所管":"地方公共団体"},"geometry":{"type":"Point","coordinates":[137.83,34.97]}},{"type":"Feature","properties":{"コード":2221130,"name":"磐田市見付","所在":"静岡県","所管":"地方公共団体"},"geometry":{"type":"Point","coordinates":[137.85,34.73]}},{"type":"Feature","properties":{"コード":2221131,"name":"磐田市国府台","所在":"静岡県","所管":"地方公共団体"},"geometry":{"type":"Point","coordinates":[137.85,34.72]}},{"type":"Feature","properties":{"コード":2221132,"name":"磐田市福田","所在":"静岡県","所管":"地方公共団体"},"geometry":{"type":"Point","coordinates":[137.88,34.68]}},{"type":"Feature","properties":{"コード":2221133,"name":"磐田市岡","所在":"静岡県","所管":"地方公共団体"},"geometry":{"type":"Point","coordinates":[137.82,34.68]}},{"type":"Feature","properties":{"コード":2221135,"name":"磐田市下野部","所在":"静岡県","所管":"地方公共団体"},"geometry":{"type":"Point","coordinates":[137.84,34.84]}},{"type":"Feature","properties":{"コード":2221300,"name":"掛川市篠場","所在":"静岡県","所管":"気象庁"},"geometry":{"type":"Point","coordinates":[137.99,34.75]}},{"type":"Feature","properties":{"コード":2221330,"name":"掛川市西大渕","所在":"静岡県","所管":"地方公共団体"},"geometry":{"type":"Point","coordinates":[137.99,34.68]}},{"type":"Feature","properties":{"コード":2221331,"name":"掛川市三俣","所在":"静岡県","所管":"地方公共団体"},"geometry":{"type":"Point","coordinates":[138.05,34.67]}},{"type":"Feature","properties":{"コード":2221340,"name":"掛川市長谷","所在":"静岡県","所管":"地方公共団体"},"geometry":{"type":"Point","coordinates":[138,34.77]}},{"type":"Feature","properties":{"コード":2221600,"name":"袋井市新屋","所在":"静岡県","所管":"気象庁"},"geometry":{"type":"Point","coordinates":[137.92,34.75]}},{"type":"Feature","properties":{"コード":2221630,"name":"袋井市浅名","所在":"静岡県","所管":"地方公共団体"},"geometry":{"type":"Point","coordinates":[137.93,34.71]}},{"type":"Feature","properties":{"コード":2222131,"name":"湖西市新居町浜名","所在":"静岡県","所管":"地方公共団体"},"geometry":{"type":"Point","coordinates":[137.56,34.69]}},{"type":"Feature","properties":{"コード":2222140,"name":"湖西市吉美","所在":"静岡県","所管":"地方公共団体"},"geometry":{"type":"Point","coordinates":[137.53,34.72]}},{"type":"Feature","properties":{"コード":2222301,"name":"御前崎市御前崎","所在":"静岡県","所管":"気象庁"},"geometry":{"type":"Point","coordinates":[138.21,34.6]}},{"type":"Feature","properties":{"コード":2222330,"name":"御前崎市池新田","所在":"静岡県","所管":"地方公共団体"},"geometry":{"type":"Point","coordinates":[138.13,34.64]}},{"type":"Feature","properties":{"コード":2222430,"name":"静岡菊川市赤土","所在":"静岡県","所管":"地方公共団体"},"geometry":{"type":"Point","coordinates":[138.09,34.69]}},{"type":"Feature","properties":{"コード":2222431,"name":"静岡菊川市堀之内","所在":"静岡県","所管":"地方公共団体"},"geometry":{"type":"Point","coordinates":[138.08,34.76]}},{"type":"Feature","properties":{"コード":2246131,"name":"静岡森町森","所在":"静岡県","所管":"地方公共団体"},"geometry":{"type":"Point","coordinates":[137.93,34.84]}},{"type":"Feature","properties":{"コード":2320100,"name":"豊橋市向山","所在":"愛知県","所管":"気象庁"},"geometry":{"type":"Point","coordinates":[137.41,34.76]}},{"type":"Feature","properties":{"コード":2320130,"name":"豊橋市東松山町","所在":"愛知県","所管":"地方公共団体"},"geometry":{"type":"Point","coordinates":[137.39,34.76]}},{"type":"Feature","properties":{"コード":2320732,"name":"豊川市赤坂町","所在":"愛知県","所管":"地方公共団体"},"geometry":{"type":"Point","coordinates":[137.31,34.86]}},{"type":"Feature","properties":{"コード":2320735,"name":"豊川市小坂井町","所在":"愛知県","所管":"地方公共団体"},"geometry":{"type":"Point","coordinates":[137.36,34.8]}},{"type":"Feature","properties":{"コード":2320736,"name":"豊川市諏訪","所在":"愛知県","所管":"地方公共団体"},"geometry":{"type":"Point","coordinates":[137.37,34.83]}},{"type":"Feature","properties":{"コード":2320737,"name":"豊川市一宮町","所在":"愛知県","所管":"地方公共団体"},"geometry":{"type":"Point","coordinates":[137.42,34.86]}},{"type":"Feature","properties":{"コード":2320738,"name":"豊川市御津町","所在":"愛知県","所管":"地方公共団体"},"geometry":{"type":"Point","coordinates":[137.31,34.82]}},{"type":"Feature","properties":{"コード":2321420,"name":"蒲郡市御幸町","所在":"愛知県","所管":"防災科学技術研究所"},"geometry":{"type":"Point","coordinates":[137.22,34.83]}},{"type":"Feature","properties":{"コード":2321431,"name":"蒲郡市水竹町","所在":"愛知県","所管":"地方公共団体"},"geometry":{"type":"Point","coordinates":[137.24,34.83]}},{"type":"Feature","properties":{"コード":2322100,"name":"新城市乗本","所在":"愛知県","所管":"気象庁"},"geometry":{"type":"Point","coordinates":[137.57,34.93]}},{"type":"Feature","properties":{"コード":2322102,"name":"新城市作手清岳","所在":"愛知県","所管":"気象庁"},"geometry":{"type":"Point","coordinates":[137.42,34.97]}},{"type":"Feature","properties":{"コード":2322121,"name":"新城市作手高里松風呂","所在":"愛知県","所管":"防災科学技術研究所"},"geometry":{"type":"Point","coordinates":[137.43,34.98]}},{"type":"Feature","properties":{"コード":2322122,"name":"新城市大野","所在":"愛知県","所管":"防災科学技術研究所"},"geometry":{"type":"Point","coordinates":[137.61,34.95]}},{"type":"Feature","properties":{"コード":2322133,"name":"新城市作手高里縄手上","所在":"愛知県","所管":"地方公共団体"},"geometry":{"type":"Point","coordinates":[137.42,34.98]}},{"type":"Feature","properties":{"コード":2322134,"name":"新城市長篠","所在":"愛知県","所管":"地方公共団体"},"geometry":{"type":"Point","coordinates":[137.57,34.93]}},{"type":"Feature","properties":{"コード":2322135,"name":"新城市東入船","所在":"愛知県","所管":"地方公共団体"},"geometry":{"type":"Point","coordinates":[137.5,34.9]}},{"type":"Feature","properties":{"コード":2323101,"name":"田原市石神町","所在":"愛知県","所管":"気象庁"},"geometry":{"type":"Point","coordinates":[137.14,34.63]}},{"type":"Feature","properties":{"コード":2323102,"name":"田原市福江町","所在":"愛知県","所管":"気象庁"},"geometry":{"type":"Point","coordinates":[137.09,34.63]}},{"type":"Feature","properties":{"コード":2323120,"name":"田原市古田町","所在":"愛知県","所管":"防災科学技術研究所"},"geometry":{"type":"Point","coordinates":[137.11,34.62]}},{"type":"Feature","properties":{"コード":2323132,"name":"田原市田原町","所在":"愛知県","所管":"地方公共団体"},"geometry":{"type":"Point","coordinates":[137.26,34.67]}},{"type":"Feature","properties":{"コード":2323133,"name":"田原市赤羽根町","所在":"愛知県","所管":"地方公共団体"},"geometry":{"type":"Point","coordinates":[137.21,34.62]}},{"type":"Feature","properties":{"コード":2356131,"name":"設楽町津具","所在":"愛知県","所管":"地方公共団体"},"geometry":{"type":"Point","coordinates":[137.62,35.17]}},{"type":"Feature","properties":{"コード":2356132,"name":"設楽町田口","所在":"愛知県","所管":"地方公共団体"},"geometry":{"type":"Point","coordinates":[137.57,35.1]}},{"type":"Feature","properties":{"コード":2356231,"name":"東栄町本郷","所在":"愛知県","所管":"地方公共団体"},"geometry":{"type":"Point","coordinates":[137.7,35.08]}},{"type":"Feature","properties":{"コード":2356332,"name":"豊根村下黒川","所在":"愛知県","所管":"地方公共団体"},"geometry":{"type":"Point","coordinates":[137.72,35.15]}},{"type":"Feature","properties":{"コード":2356333,"name":"豊根村富山","所在":"愛知県","所管":"地方公共団体"},"geometry":{"type":"Point","coordinates":[137.8,35.18]}},{"type":"Feature","properties":{"コード":2310100,"name":"名古屋千種区日和町","所在":"愛知県","所管":"気象庁"},"geometry":{"type":"Point","coordinates":[136.97,35.17]}},{"type":"Feature","properties":{"コード":2310240,"name":"名古屋東区筒井","所在":"愛知県","所管":"地方公共団体"},"geometry":{"type":"Point","coordinates":[136.93,35.18]}},{"type":"Feature","properties":{"コード":2310340,"name":"名古屋北区萩野通","所在":"愛知県","所管":"地方公共団体"},"geometry":{"type":"Point","coordinates":[136.91,35.21]}},{"type":"Feature","properties":{"コード":2310440,"name":"名古屋西区八筋町","所在":"愛知県","所管":"地方公共団体"},"geometry":{"type":"Point","coordinates":[136.88,35.22]}},{"type":"Feature","properties":{"コード":2310540,"name":"名古屋中村区大宮町","所在":"愛知県","所管":"地方公共団体"},"geometry":{"type":"Point","coordinates":[136.87,35.17]}},{"type":"Feature","properties":{"コード":2310630,"name":"名古屋中区市役所","所在":"愛知県","所管":"地方公共団体"},"geometry":{"type":"Point","coordinates":[136.91,35.18]}},{"type":"Feature","properties":{"コード":2310632,"name":"名古屋中区県庁","所在":"愛知県","所管":"地方公共団体"},"geometry":{"type":"Point","coordinates":[136.9,35.18]}},{"type":"Feature","properties":{"コード":2310740,"name":"名古屋昭和区阿由知通","所在":"愛知県","所管":"地方公共団体"},"geometry":{"type":"Point","coordinates":[136.93,35.15]}},{"type":"Feature","properties":{"コード":2310840,"name":"名古屋瑞穂区塩入町","所在":"愛知県","所管":"地方公共団体"},"geometry":{"type":"Point","coordinates":[136.92,35.12]}},{"type":"Feature","properties":{"コード":2310940,"name":"名古屋熱田区一番","所在":"愛知県","所管":"地方公共団体"},"geometry":{"type":"Point","coordinates":[136.9,35.12]}},{"type":"Feature","properties":{"コード":2311040,"name":"名古屋中川区東春田","所在":"愛知県","所管":"地方公共団体"},"geometry":{"type":"Point","coordinates":[136.82,35.14]}},{"type":"Feature","properties":{"コード":2311140,"name":"名古屋港区金城ふ頭","所在":"愛知県","所管":"地方公共団体"},"geometry":{"type":"Point","coordinates":[136.85,35.05]}},{"type":"Feature","properties":{"コード":2311141,"name":"名古屋港区春田野","所在":"愛知県","所管":"地方公共団体"},"geometry":{"type":"Point","coordinates":[136.81,35.11]}},{"type":"Feature","properties":{"コード":2311142,"name":"名古屋港区善進本町","所在":"愛知県","所管":"地方公共団体"},"geometry":{"type":"Point","coordinates":[136.86,35.1]}},{"type":"Feature","properties":{"コード":2311240,"name":"名古屋南区鳴尾","所在":"愛知県","所管":"地方公共団体"},"geometry":{"type":"Point","coordinates":[136.93,35.08]}},{"type":"Feature","properties":{"コード":2311340,"name":"名古屋守山区下志段味","所在":"愛知県","所管":"地方公共団体"},"geometry":{"type":"Point","coordinates":[137.02,35.24]}},{"type":"Feature","properties":{"コード":2311341,"name":"名古屋守山区西新","所在":"愛知県","所管":"地方公共団体"},"geometry":{"type":"Point","coordinates":[136.97,35.2]}},{"type":"Feature","properties":{"コード":2311420,"name":"名古屋緑区有松町","所在":"愛知県","所管":"防災科学技術研究所"},"geometry":{"type":"Point","coordinates":[136.97,35.06]}},{"type":"Feature","properties":{"コード":2311540,"name":"名古屋名東区名東本町","所在":"愛知県","所管":"地方公共団体"},"geometry":{"type":"Point","coordinates":[136.99,35.16]}},{"type":"Feature","properties":{"コード":2311640,"name":"名古屋天白区島田","所在":"愛知県","所管":"地方公共団体"},"geometry":{"type":"Point","coordinates":[136.97,35.12]}},{"type":"Feature","properties":{"コード":2320201,"name":"岡崎市若宮町","所在":"愛知県","所管":"気象庁"},"geometry":{"type":"Point","coordinates":[137.18,34.95]}},{"type":"Feature","properties":{"コード":2320231,"name":"岡崎市樫山町","所在":"愛知県","所管":"地方公共団体"},"geometry":{"type":"Point","coordinates":[137.29,34.92]}},{"type":"Feature","properties":{"コード":2320300,"name":"一宮市千秋","所在":"愛知県","所管":"気象庁"},"geometry":{"type":"Point","coordinates":[136.84,35.3]}},{"type":"Feature","properties":{"コード":2320334,"name":"一宮市西五城","所在":"愛知県","所管":"地方公共団体"},"geometry":{"type":"Point","coordinates":[136.75,35.3]}},{"type":"Feature","properties":{"コード":2320335,"name":"一宮市木曽川町","所在":"愛知県","所管":"地方公共団体"},"geometry":{"type":"Point","coordinates":[136.78,35.34]}},{"type":"Feature","properties":{"コード":2320336,"name":"一宮市緑","所在":"愛知県","所管":"地方公共団体"},"geometry":{"type":"Point","coordinates":[136.81,35.3]}},{"type":"Feature","properties":{"コード":2320431,"name":"瀬戸市追分町","所在":"愛知県","所管":"地方公共団体"},"geometry":{"type":"Point","coordinates":[137.08,35.22]}},{"type":"Feature","properties":{"コード":2320531,"name":"半田市東洋町","所在":"愛知県","所管":"地方公共団体"},"geometry":{"type":"Point","coordinates":[136.94,34.89]}},{"type":"Feature","properties":{"コード":2320631,"name":"春日井市鳥居松町","所在":"愛知県","所管":"地方公共団体"},"geometry":{"type":"Point","coordinates":[136.97,35.25]}},{"type":"Feature","properties":{"コード":2320831,"name":"愛知津島市埋田町","所在":"愛知県","所管":"地方公共団体"},"geometry":{"type":"Point","coordinates":[136.74,35.17]}},{"type":"Feature","properties":{"コード":2320932,"name":"碧南市松本町","所在":"愛知県","所管":"地方公共団体"},"geometry":{"type":"Point","coordinates":[136.99,34.88]}},{"type":"Feature","properties":{"コード":2321031,"name":"刈谷市寿町","所在":"愛知県","所管":"地方公共団体"},"geometry":{"type":"Point","coordinates":[137,34.99]}},{"type":"Feature","properties":{"コード":2321100,"name":"豊田市小坂本町","所在":"愛知県","所管":"気象庁"},"geometry":{"type":"Point","coordinates":[137.15,35.09]}},{"type":"Feature","properties":{"コード":2321101,"name":"豊田市大洞町","所在":"愛知県","所管":"気象庁"},"geometry":{"type":"Point","coordinates":[137.25,35.27]}},{"type":"Feature","properties":{"コード":2321120,"name":"豊田市小坂町","所在":"愛知県","所管":"防災科学技術研究所"},"geometry":{"type":"Point","coordinates":[137.15,35.08]}},{"type":"Feature","properties":{"コード":2321121,"name":"豊田市藤岡飯野町","所在":"愛知県","所管":"防災科学技術研究所"},"geometry":{"type":"Point","coordinates":[137.21,35.2]}},{"type":"Feature","properties":{"コード":2321137,"name":"豊田市大沼町","所在":"愛知県","所管":"地方公共団体"},"geometry":{"type":"Point","coordinates":[137.32,35.04]}},{"type":"Feature","properties":{"コード":2321140,"name":"豊田市駒場町","所在":"愛知県","所管":"地方公共団体"},"geometry":{"type":"Point","coordinates":[137.05,35.02]}},{"type":"Feature","properties":{"コード":2321141,"name":"豊田市坂上町","所在":"愛知県","所管":"地方公共団体"},"geometry":{"type":"Point","coordinates":[137.26,35.07]}},{"type":"Feature","properties":{"コード":2321142,"name":"豊田市畝部西町","所在":"愛知県","所管":"地方公共団体"},"geometry":{"type":"Point","coordinates":[137.16,35.01]}},{"type":"Feature","properties":{"コード":2321143,"name":"豊田市百々町","所在":"愛知県","所管":"地方公共団体"},"geometry":{"type":"Point","coordinates":[137.19,35.1]}},{"type":"Feature","properties":{"コード":2321144,"name":"豊田市保見町","所在":"愛知県","所管":"地方公共団体"},"geometry":{"type":"Point","coordinates":[137.13,35.14]}},{"type":"Feature","properties":{"コード":2321145,"name":"豊田市長興寺","所在":"愛知県","所管":"地方公共団体"},"geometry":{"type":"Point","coordinates":[137.17,35.07]}},{"type":"Feature","properties":{"コード":2321146,"name":"豊田市足助町","所在":"愛知県","所管":"地方公共団体"},"geometry":{"type":"Point","coordinates":[137.31,35.13]}},{"type":"Feature","properties":{"コード":2321147,"name":"豊田市稲武町","所在":"愛知県","所管":"地方公共団体"},"geometry":{"type":"Point","coordinates":[137.51,35.22]}},{"type":"Feature","properties":{"コード":2321148,"name":"豊田市小原町","所在":"愛知県","所管":"地方公共団体"},"geometry":{"type":"Point","coordinates":[137.28,35.23]}},{"type":"Feature","properties":{"コード":2321149,"name":"豊田市小渡町","所在":"愛知県","所管":"地方公共団体"},"geometry":{"type":"Point","coordinates":[137.36,35.23]}},{"type":"Feature","properties":{"コード":2321220,"name":"安城市和泉町","所在":"愛知県","所管":"防災科学技術研究所"},"geometry":{"type":"Point","coordinates":[137.04,34.91]}},{"type":"Feature","properties":{"コード":2321231,"name":"安城市横山町","所在":"愛知県","所管":"地方公共団体"},"geometry":{"type":"Point","coordinates":[137.08,34.96]}},{"type":"Feature","properties":{"コード":2321302,"name":"西尾市一色町","所在":"愛知県","所管":"気象庁"},"geometry":{"type":"Point","coordinates":[137.03,34.81]}},{"type":"Feature","properties":{"コード":2321334,"name":"西尾市西幡豆町","所在":"愛知県","所管":"地方公共団体"},"geometry":{"type":"Point","coordinates":[137.13,34.79]}},{"type":"Feature","properties":{"コード":2321335,"name":"西尾市吉良町","所在":"愛知県","所管":"地方公共団体"},"geometry":{"type":"Point","coordinates":[137.07,34.8]}},{"type":"Feature","properties":{"コード":2321336,"name":"西尾市矢曽根町","所在":"愛知県","所管":"地方公共団体"},"geometry":{"type":"Point","coordinates":[137.05,34.86]}},{"type":"Feature","properties":{"コード":2321531,"name":"犬山市五郎丸","所在":"愛知県","所管":"地方公共団体"},"geometry":{"type":"Point","coordinates":[136.94,35.36]}},{"type":"Feature","properties":{"コード":2321601,"name":"中部国際空港","所在":"愛知県","所管":"気象庁"},"geometry":{"type":"Point","coordinates":[136.81,34.86]}},{"type":"Feature","properties":{"コード":2321602,"name":"常滑市飛香台","所在":"愛知県","所管":"気象庁"},"geometry":{"type":"Point","coordinates":[136.85,34.89]}},{"type":"Feature","properties":{"コード":2321731,"name":"愛知江南市赤童子町","所在":"愛知県","所管":"地方公共団体"},"geometry":{"type":"Point","coordinates":[136.87,35.33]}},{"type":"Feature","properties":{"コード":2321931,"name":"小牧市安田町","所在":"愛知県","所管":"地方公共団体"},"geometry":{"type":"Point","coordinates":[136.92,35.3]}},{"type":"Feature","properties":{"コード":2322034,"name":"稲沢市平和町","所在":"愛知県","所管":"地方公共団体"},"geometry":{"type":"Point","coordinates":[136.74,35.22]}},{"type":"Feature","properties":{"コード":2322035,"name":"稲沢市稲府町","所在":"愛知県","所管":"地方公共団体"},"geometry":{"type":"Point","coordinates":[136.78,35.25]}},{"type":"Feature","properties":{"コード":2322036,"name":"稲沢市祖父江町","所在":"愛知県","所管":"地方公共団体"},"geometry":{"type":"Point","coordinates":[136.73,35.25]}},{"type":"Feature","properties":{"コード":2322231,"name":"東海市加木屋町","所在":"愛知県","所管":"地方公共団体"},"geometry":{"type":"Point","coordinates":[136.91,35]}},{"type":"Feature","properties":{"コード":2322331,"name":"大府市中央町","所在":"愛知県","所管":"地方公共団体"},"geometry":{"type":"Point","coordinates":[136.96,35.01]}},{"type":"Feature","properties":{"コード":2322420,"name":"知多市緑町","所在":"愛知県","所管":"防災科学技術研究所"},"geometry":{"type":"Point","coordinates":[136.86,35]}},{"type":"Feature","properties":{"コード":2322530,"name":"知立市弘法","所在":"愛知県","所管":"地方公共団体"},"geometry":{"type":"Point","coordinates":[137.04,35]}},{"type":"Feature","properties":{"コード":2322631,"name":"尾張旭市東大道町","所在":"愛知県","所管":"地方公共団体"},"geometry":{"type":"Point","coordinates":[137.04,35.21]}},{"type":"Feature","properties":{"コード":2322731,"name":"高浜市稗田町","所在":"愛知県","所管":"地方公共団体"},"geometry":{"type":"Point","coordinates":[136.99,34.92]}},{"type":"Feature","properties":{"コード":2322831,"name":"岩倉市川井町","所在":"愛知県","所管":"地方公共団体"},"geometry":{"type":"Point","coordinates":[136.87,35.27]}},{"type":"Feature","properties":{"コード":2322931,"name":"豊明市沓掛町","所在":"愛知県","所管":"地方公共団体"},"geometry":{"type":"Point","coordinates":[137.02,35.06]}},{"type":"Feature","properties":{"コード":2323031,"name":"日進市蟹甲町","所在":"愛知県","所管":"地方公共団体"},"geometry":{"type":"Point","coordinates":[137.04,35.13]}},{"type":"Feature","properties":{"コード":2323201,"name":"愛西市稲葉町","所在":"愛知県","所管":"気象庁"},"geometry":{"type":"Point","coordinates":[136.73,35.15]}},{"type":"Feature","properties":{"コード":2323233,"name":"愛西市石田町","所在":"愛知県","所管":"地方公共団体"},"geometry":{"type":"Point","coordinates":[136.69,35.17]}},{"type":"Feature","properties":{"コード":2323234,"name":"愛西市江西町","所在":"愛知県","所管":"地方公共団体"},"geometry":{"type":"Point","coordinates":[136.7,35.22]}},{"type":"Feature","properties":{"コード":2323235,"name":"愛西市諏訪町","所在":"愛知県","所管":"地方公共団体"},"geometry":{"type":"Point","coordinates":[136.74,35.19]}},{"type":"Feature","properties":{"コード":2323334,"name":"清須市須ケ口","所在":"愛知県","所管":"地方公共団体"},"geometry":{"type":"Point","coordinates":[136.85,35.2]}},{"type":"Feature","properties":{"コード":2323336,"name":"清須市春日振形","所在":"愛知県","所管":"地方公共団体"},"geometry":{"type":"Point","coordinates":[136.84,35.24]}},{"type":"Feature","properties":{"コード":2323337,"name":"清須市西枇杷島町住吉","所在":"愛知県","所管":"地方公共団体"},"geometry":{"type":"Point","coordinates":[136.87,35.2]}},{"type":"Feature","properties":{"コード":2323338,"name":"清須市清洲","所在":"愛知県","所管":"地方公共団体"},"geometry":{"type":"Point","coordinates":[136.84,35.22]}},{"type":"Feature","properties":{"コード":2323432,"name":"北名古屋市西之保","所在":"愛知県","所管":"地方公共団体"},"geometry":{"type":"Point","coordinates":[136.87,35.25]}},{"type":"Feature","properties":{"コード":2323433,"name":"北名古屋市井瀬木","所在":"愛知県","所管":"地方公共団体"},"geometry":{"type":"Point","coordinates":[136.89,35.24]}},{"type":"Feature","properties":{"コード":2323533,"name":"弥富市神戸","所在":"愛知県","所管":"地方公共団体"},"geometry":{"type":"Point","coordinates":[136.77,35.1]}},{"type":"Feature","properties":{"コード":2323534,"name":"弥富市前ヶ須町","所在":"愛知県","所管":"地方公共団体"},"geometry":{"type":"Point","coordinates":[136.72,35.11]}},{"type":"Feature","properties":{"コード":2323632,"name":"愛知みよし市三好町","所在":"愛知県","所管":"地方公共団体"},"geometry":{"type":"Point","coordinates":[137.07,35.09]}},{"type":"Feature","properties":{"コード":2323733,"name":"あま市七宝町","所在":"愛知県","所管":"地方公共団体"},"geometry":{"type":"Point","coordinates":[136.8,35.17]}},{"type":"Feature","properties":{"コード":2323734,"name":"あま市木田","所在":"愛知県","所管":"地方公共団体"},"geometry":{"type":"Point","coordinates":[136.79,35.2]}},{"type":"Feature","properties":{"コード":2323735,"name":"あま市甚目寺","所在":"愛知県","所管":"地方公共団体"},"geometry":{"type":"Point","coordinates":[136.82,35.2]}},{"type":"Feature","properties":{"コード":2323831,"name":"長久手市岩作城の内","所在":"愛知県","所管":"地方公共団体"},"geometry":{"type":"Point","coordinates":[137.05,35.18]}},{"type":"Feature","properties":{"コード":2330231,"name":"東郷町春木","所在":"愛知県","所管":"地方公共団体"},"geometry":{"type":"Point","coordinates":[137.05,35.1]}},{"type":"Feature","properties":{"コード":2334231,"name":"豊山町豊場","所在":"愛知県","所管":"地方公共団体"},"geometry":{"type":"Point","coordinates":[136.91,35.25]}},{"type":"Feature","properties":{"コード":2336131,"name":"大口町下小口","所在":"愛知県","所管":"地方公共団体"},"geometry":{"type":"Point","coordinates":[136.91,35.33]}},{"type":"Feature","properties":{"コード":2336231,"name":"扶桑町高雄","所在":"愛知県","所管":"地方公共団体"},"geometry":{"type":"Point","coordinates":[136.91,35.36]}},{"type":"Feature","properties":{"コード":2342431,"name":"大治町馬島","所在":"愛知県","所管":"地方公共団体"},"geometry":{"type":"Point","coordinates":[136.82,35.18]}},{"type":"Feature","properties":{"コード":2342531,"name":"蟹江町蟹江本町","所在":"愛知県","所管":"地方公共団体"},"geometry":{"type":"Point","coordinates":[136.79,35.14]}},{"type":"Feature","properties":{"コード":2342730,"name":"飛島村竹之郷","所在":"愛知県","所管":"地方公共団体"},"geometry":{"type":"Point","coordinates":[136.79,35.08]}},{"type":"Feature","properties":{"コード":2344131,"name":"阿久比町卯坂","所在":"愛知県","所管":"地方公共団体"},"geometry":{"type":"Point","coordinates":[136.92,34.93]}},{"type":"Feature","properties":{"コード":2344231,"name":"東浦町緒川","所在":"愛知県","所管":"地方公共団体"},"geometry":{"type":"Point","coordinates":[136.97,34.98]}},{"type":"Feature","properties":{"コード":2344500,"name":"南知多町豊浜","所在":"愛知県","所管":"気象庁"},"geometry":{"type":"Point","coordinates":[136.93,34.72]}},{"type":"Feature","properties":{"コード":2344620,"name":"愛知美浜町河和","所在":"愛知県","所管":"防災科学技術研究所"},"geometry":{"type":"Point","coordinates":[136.91,34.78]}},{"type":"Feature","properties":{"コード":2344731,"name":"武豊町長尾山","所在":"愛知県","所管":"地方公共団体"},"geometry":{"type":"Point","coordinates":[136.91,34.85]}},{"type":"Feature","properties":{"コード":2350132,"name":"幸田町菱池","所在":"愛知県","所管":"地方公共団体"},"geometry":{"type":"Point","coordinates":[137.16,34.87]}},{"type":"Feature","properties":{"コード":2420201,"name":"四日市市日永","所在":"三重県","所管":"気象庁"},"geometry":{"type":"Point","coordinates":[136.58,34.94]}},{"type":"Feature","properties":{"コード":2420220,"name":"四日市市新浜町","所在":"三重県","所管":"防災科学技術研究所"},"geometry":{"type":"Point","coordinates":[136.64,34.97]}},{"type":"Feature","properties":{"コード":2420230,"name":"四日市市諏訪町","所在":"三重県","所管":"地方公共団体"},"geometry":{"type":"Point","coordinates":[136.63,34.97]}},{"type":"Feature","properties":{"コード":2420232,"name":"四日市市楠町北五味塚","所在":"三重県","所管":"地方公共団体"},"geometry":{"type":"Point","coordinates":[136.63,34.91]}},{"type":"Feature","properties":{"コード":2420533,"name":"桑名市多度町多度","所在":"三重県","所管":"地方公共団体"},"geometry":{"type":"Point","coordinates":[136.63,35.13]}},{"type":"Feature","properties":{"コード":2420534,"name":"桑名市長島町松ケ島","所在":"三重県","所管":"地方公共団体"},"geometry":{"type":"Point","coordinates":[136.7,35.09]}},{"type":"Feature","properties":{"コード":2420535,"name":"桑名市中央町","所在":"三重県","所管":"地方公共団体"},"geometry":{"type":"Point","coordinates":[136.69,35.06]}},{"type":"Feature","properties":{"コード":2420700,"name":"鈴鹿市西条","所在":"三重県","所管":"気象庁"},"geometry":{"type":"Point","coordinates":[136.57,34.88]}},{"type":"Feature","properties":{"コード":2420731,"name":"鈴鹿市神戸","所在":"三重県","所管":"地方公共団体"},"geometry":{"type":"Point","coordinates":[136.58,34.88]}},{"type":"Feature","properties":{"コード":2421022,"name":"亀山市椿世町","所在":"三重県","所管":"防災科学技術研究所"},"geometry":{"type":"Point","coordinates":[136.45,34.87]}},{"type":"Feature","properties":{"コード":2421032,"name":"亀山市本丸町","所在":"三重県","所管":"地方公共団体"},"geometry":{"type":"Point","coordinates":[136.45,34.86]}},{"type":"Feature","properties":{"コード":2421033,"name":"亀山市関町木崎","所在":"三重県","所管":"地方公共団体"},"geometry":{"type":"Point","coordinates":[136.39,34.85]}},{"type":"Feature","properties":{"コード":2421435,"name":"いなべ市員弁町笠田新田","所在":"三重県","所管":"地方公共団体"},"geometry":{"type":"Point","coordinates":[136.56,35.11]}},{"type":"Feature","properties":{"コード":2421436,"name":"いなべ市大安町丹生川久下","所在":"三重県","所管":"地方公共団体"},"geometry":{"type":"Point","coordinates":[136.52,35.12]}},{"type":"Feature","properties":{"コード":2421437,"name":"いなべ市藤原町市場","所在":"三重県","所管":"地方公共団体"},"geometry":{"type":"Point","coordinates":[136.49,35.17]}},{"type":"Feature","properties":{"コード":2421438,"name":"いなべ市北勢町阿下喜","所在":"三重県","所管":"地方公共団体"},"geometry":{"type":"Point","coordinates":[136.52,35.16]}},{"type":"Feature","properties":{"コード":2430331,"name":"木曽岬町西対海地","所在":"三重県","所管":"地方公共団体"},"geometry":{"type":"Point","coordinates":[136.73,35.08]}},{"type":"Feature","properties":{"コード":2432430,"name":"東員町山田","所在":"三重県","所管":"地方公共団体"},"geometry":{"type":"Point","coordinates":[136.58,35.07]}},{"type":"Feature","properties":{"コード":2434131,"name":"菰野町潤田","所在":"三重県","所管":"地方公共団体"},"geometry":{"type":"Point","coordinates":[136.51,35.02]}},{"type":"Feature","properties":{"コード":2434330,"name":"三重朝日町小向","所在":"三重県","所管":"地方公共団体"},"geometry":{"type":"Point","coordinates":[136.66,35.03]}},{"type":"Feature","properties":{"コード":2434431,"name":"川越町豊田一色","所在":"三重県","所管":"地方公共団体"},"geometry":{"type":"Point","coordinates":[136.67,35.02]}},{"type":"Feature","properties":{"コード":2420100,"name":"津市島崎町","所在":"三重県","所管":"気象庁"},"geometry":{"type":"Point","coordinates":[136.52,34.73]}},{"type":"Feature","properties":{"コード":2420101,"name":"津市片田薬王寺町","所在":"三重県","所管":"気象庁"},"geometry":{"type":"Point","coordinates":[136.42,34.71]}},{"type":"Feature","properties":{"コード":2420130,"name":"津市西丸之内","所在":"三重県","所管":"地方公共団体"},"geometry":{"type":"Point","coordinates":[136.51,34.72]}},{"type":"Feature","properties":{"コード":2420132,"name":"津市河芸町浜田","所在":"三重県","所管":"地方公共団体"},"geometry":{"type":"Point","coordinates":[136.54,34.79]}},{"type":"Feature","properties":{"コード":2420133,"name":"津市芸濃町椋本","所在":"三重県","所管":"地方公共団体"},"geometry":{"type":"Point","coordinates":[136.44,34.8]}},{"type":"Feature","properties":{"コード":2420134,"name":"津市美里町三郷","所在":"三重県","所管":"地方公共団体"},"geometry":{"type":"Point","coordinates":[136.39,34.72]}},{"type":"Feature","properties":{"コード":2420136,"name":"津市香良洲町","所在":"三重県","所管":"地方公共団体"},"geometry":{"type":"Point","coordinates":[136.54,34.64]}},{"type":"Feature","properties":{"コード":2420140,"name":"津市安濃町東観音寺","所在":"三重県","所管":"地方公共団体"},"geometry":{"type":"Point","coordinates":[136.45,34.76]}},{"type":"Feature","properties":{"コード":2420142,"name":"津市白山町川口","所在":"三重県","所管":"地方公共団体"},"geometry":{"type":"Point","coordinates":[136.34,34.64]}},{"type":"Feature","properties":{"コード":2420143,"name":"津市一志町田尻","所在":"三重県","所管":"地方公共団体"},"geometry":{"type":"Point","coordinates":[136.43,34.66]}},{"type":"Feature","properties":{"コード":2420144,"name":"津市美杉町八知","所在":"三重県","所管":"地方公共団体"},"geometry":{"type":"Point","coordinates":[136.26,34.56]}},{"type":"Feature","properties":{"コード":2420145,"name":"津市久居明神町","所在":"三重県","所管":"地方公共団体"},"geometry":{"type":"Point","coordinates":[136.47,34.69]}},{"type":"Feature","properties":{"コード":2420401,"name":"松阪市上川町","所在":"三重県","所管":"気象庁"},"geometry":{"type":"Point","coordinates":[136.55,34.55]}},{"type":"Feature","properties":{"コード":2420422,"name":"松阪市魚町","所在":"三重県","所管":"防災科学技術研究所"},"geometry":{"type":"Point","coordinates":[136.53,34.58]}},{"type":"Feature","properties":{"コード":2420432,"name":"松阪市曽原町","所在":"三重県","所管":"地方公共団体"},"geometry":{"type":"Point","coordinates":[136.52,34.63]}},{"type":"Feature","properties":{"コード":2420434,"name":"松阪市飯高町宮前","所在":"三重県","所管":"地方公共団体"},"geometry":{"type":"Point","coordinates":[136.33,34.43]}},{"type":"Feature","properties":{"コード":2420435,"name":"松阪市殿町","所在":"三重県","所管":"地方公共団体"},"geometry":{"type":"Point","coordinates":[136.53,34.58]}},{"type":"Feature","properties":{"コード":2420436,"name":"松阪市飯南町粥見","所在":"三重県","所管":"地方公共団体"},"geometry":{"type":"Point","coordinates":[136.39,34.45]}},{"type":"Feature","properties":{"コード":2420437,"name":"松阪市嬉野町","所在":"三重県","所管":"地方公共団体"},"geometry":{"type":"Point","coordinates":[136.48,34.62]}},{"type":"Feature","properties":{"コード":2420830,"name":"名張市鴻之台","所在":"三重県","所管":"地方公共団体"},"geometry":{"type":"Point","coordinates":[136.11,34.63]}},{"type":"Feature","properties":{"コード":2421601,"name":"伊賀市緑ケ丘本町","所在":"三重県","所管":"気象庁"},"geometry":{"type":"Point","coordinates":[136.14,34.76]}},{"type":"Feature","properties":{"コード":2421620,"name":"伊賀市小田町","所在":"三重県","所管":"防災科学技術研究所"},"geometry":{"type":"Point","coordinates":[136.11,34.77]}},{"type":"Feature","properties":{"コード":2421631,"name":"伊賀市下柘植","所在":"三重県","所管":"地方公共団体"},"geometry":{"type":"Point","coordinates":[136.22,34.83]}},{"type":"Feature","properties":{"コード":2421632,"name":"伊賀市島ヶ原","所在":"三重県","所管":"地方公共団体"},"geometry":{"type":"Point","coordinates":[136.06,34.77]}},{"type":"Feature","properties":{"コード":2421637,"name":"伊賀市四十九町","所在":"三重県","所管":"地方公共団体"},"geometry":{"type":"Point","coordinates":[136.14,34.75]}},{"type":"Feature","properties":{"コード":2421638,"name":"伊賀市平田","所在":"三重県","所管":"地方公共団体"},"geometry":{"type":"Point","coordinates":[136.22,34.76]}},{"type":"Feature","properties":{"コード":2421639,"name":"伊賀市馬場","所在":"三重県","所管":"地方公共団体"},"geometry":{"type":"Point","coordinates":[136.18,34.83]}},{"type":"Feature","properties":{"コード":2421640,"name":"伊賀市阿保","所在":"三重県","所管":"地方公共団体"},"geometry":{"type":"Point","coordinates":[136.18,34.67]}},{"type":"Feature","properties":{"コード":2444133,"name":"多気町相可","所在":"三重県","所管":"地方公共団体"},"geometry":{"type":"Point","coordinates":[136.55,34.5]}},{"type":"Feature","properties":{"コード":2444134,"name":"多気町朝柄","所在":"三重県","所管":"地方公共団体"},"geometry":{"type":"Point","coordinates":[136.46,34.46]}},{"type":"Feature","properties":{"コード":2444230,"name":"三重明和町馬之上","所在":"三重県","所管":"地方公共団体"},"geometry":{"type":"Point","coordinates":[136.62,34.55]}},{"type":"Feature","properties":{"コード":2420301,"name":"伊勢市矢持町","所在":"三重県","所管":"気象庁"},"geometry":{"type":"Point","coordinates":[136.7,34.39]}},{"type":"Feature","properties":{"コード":2420321,"name":"伊勢市楠部町","所在":"三重県","所管":"防災科学技術研究所"},"geometry":{"type":"Point","coordinates":[136.73,34.49]}},{"type":"Feature","properties":{"コード":2420334,"name":"伊勢市岩淵","所在":"三重県","所管":"地方公共団体"},"geometry":{"type":"Point","coordinates":[136.71,34.49]}},{"type":"Feature","properties":{"コード":2420335,"name":"伊勢市二見町茶屋","所在":"三重県","所管":"地方公共団体"},"geometry":{"type":"Point","coordinates":[136.78,34.51]}},{"type":"Feature","properties":{"コード":2420336,"name":"伊勢市小俣町元町","所在":"三重県","所管":"地方公共団体"},"geometry":{"type":"Point","coordinates":[136.67,34.51]}},{"type":"Feature","properties":{"コード":2420337,"name":"伊勢市御薗町長屋","所在":"三重県","所管":"地方公共団体"},"geometry":{"type":"Point","coordinates":[136.71,34.51]}},{"type":"Feature","properties":{"コード":2420901,"name":"尾鷲市南陽町","所在":"三重県","所管":"気象庁"},"geometry":{"type":"Point","coordinates":[136.19,34.07]}},{"type":"Feature","properties":{"コード":2420920,"name":"尾鷲市南浦","所在":"三重県","所管":"防災科学技術研究所"},"geometry":{"type":"Point","coordinates":[136.17,34.06]}},{"type":"Feature","properties":{"コード":2420930,"name":"尾鷲市中央町","所在":"三重県","所管":"地方公共団体"},"geometry":{"type":"Point","coordinates":[136.19,34.07]}},{"type":"Feature","properties":{"コード":2421132,"name":"鳥羽市鳥羽","所在":"三重県","所管":"地方公共団体"},"geometry":{"type":"Point","coordinates":[136.84,34.48]}},{"type":"Feature","properties":{"コード":2421220,"name":"熊野市有馬町","所在":"三重県","所管":"防災科学技術研究所"},"geometry":{"type":"Point","coordinates":[136.08,33.88]}},{"type":"Feature","properties":{"コード":2421230,"name":"熊野市井戸町","所在":"三重県","所管":"地方公共団体"},"geometry":{"type":"Point","coordinates":[136.1,33.89]}},{"type":"Feature","properties":{"コード":2421232,"name":"熊野市紀和町板屋","所在":"三重県","所管":"地方公共団体"},"geometry":{"type":"Point","coordinates":[135.92,33.88]}},{"type":"Feature","properties":{"コード":2421521,"name":"志摩市志摩町布施田","所在":"三重県","所管":"防災科学技術研究所"},"geometry":{"type":"Point","coordinates":[136.82,34.25]}},{"type":"Feature","properties":{"コード":2421536,"name":"志摩市大王町波切","所在":"三重県","所管":"地方公共団体"},"geometry":{"type":"Point","coordinates":[136.88,34.28]}},{"type":"Feature","properties":{"コード":2421538,"name":"志摩市阿児町鵜方","所在":"三重県","所管":"地方公共団体"},"geometry":{"type":"Point","coordinates":[136.83,34.33]}},{"type":"Feature","properties":{"コード":2421539,"name":"志摩市磯部町迫間","所在":"三重県","所管":"地方公共団体"},"geometry":{"type":"Point","coordinates":[136.8,34.38]}},{"type":"Feature","properties":{"コード":2421540,"name":"志摩市浜島町浜島","所在":"三重県","所管":"地方公共団体"},"geometry":{"type":"Point","coordinates":[136.76,34.3]}},{"type":"Feature","properties":{"コード":2444333,"name":"大台町佐原","所在":"三重県","所管":"地方公共団体"},"geometry":{"type":"Point","coordinates":[136.41,34.39]}},{"type":"Feature","properties":{"コード":2444334,"name":"大台町江馬","所在":"三重県","所管":"地方公共団体"},"geometry":{"type":"Point","coordinates":[136.34,34.36]}},{"type":"Feature","properties":{"コード":2446131,"name":"玉城町田丸","所在":"三重県","所管":"地方公共団体"},"geometry":{"type":"Point","coordinates":[136.63,34.49]}},{"type":"Feature","properties":{"コード":2447032,"name":"度会町棚橋","所在":"三重県","所管":"地方公共団体"},"geometry":{"type":"Point","coordinates":[136.62,34.44]}},{"type":"Feature","properties":{"コード":2447130,"name":"三重大紀町滝原","所在":"三重県","所管":"地方公共団体"},"geometry":{"type":"Point","coordinates":[136.42,34.36]}},{"type":"Feature","properties":{"コード":2447131,"name":"三重大紀町錦","所在":"三重県","所管":"地方公共団体"},"geometry":{"type":"Point","coordinates":[136.4,34.22]}},{"type":"Feature","properties":{"コード":2447133,"name":"三重大紀町大内山","所在":"三重県","所管":"地方公共団体"},"geometry":{"type":"Point","coordinates":[136.36,34.28]}},{"type":"Feature","properties":{"コード":2447230,"name":"南伊勢町五ヶ所浦","所在":"三重県","所管":"地方公共団体"},"geometry":{"type":"Point","coordinates":[136.7,34.35]}},{"type":"Feature","properties":{"コード":2447231,"name":"南伊勢町神前浦","所在":"三重県","所管":"地方公共団体"},"geometry":{"type":"Point","coordinates":[136.5,34.28]}},{"type":"Feature","properties":{"コード":2454300,"name":"三重紀北町十須","所在":"三重県","所管":"気象庁"},"geometry":{"type":"Point","coordinates":[136.27,34.24]}},{"type":"Feature","properties":{"コード":2454331,"name":"三重紀北町相賀","所在":"三重県","所管":"地方公共団体"},"geometry":{"type":"Point","coordinates":[136.23,34.11]}},{"type":"Feature","properties":{"コード":2454333,"name":"三重紀北町東長島","所在":"三重県","所管":"地方公共団体"},"geometry":{"type":"Point","coordinates":[136.34,34.21]}},{"type":"Feature","properties":{"コード":2456100,"name":"三重御浜町寺谷総合公園","所在":"三重県","所管":"気象庁"},"geometry":{"type":"Point","coordinates":[136.03,33.82]}},{"type":"Feature","properties":{"コード":2456131,"name":"三重御浜町阿田和","所在":"三重県","所管":"地方公共団体"},"geometry":{"type":"Point","coordinates":[136.05,33.81]}},{"type":"Feature","properties":{"コード":2456231,"name":"紀宝町鵜殿","所在":"三重県","所管":"地方公共団体"},"geometry":{"type":"Point","coordinates":[136.01,33.73]}},{"type":"Feature","properties":{"コード":2456232,"name":"紀宝町神内","所在":"三重県","所管":"地方公共団体"},"geometry":{"type":"Point","coordinates":[136.01,33.75]}},{"type":"Feature","properties":{"コード":2520201,"name":"彦根市城町","所在":"滋賀県","所管":"気象庁"},"geometry":{"type":"Point","coordinates":[136.24,35.28]}},{"type":"Feature","properties":{"コード":2520220,"name":"彦根市西今町","所在":"滋賀県","所管":"防災科学技術研究所"},"geometry":{"type":"Point","coordinates":[136.24,35.25]}},{"type":"Feature","properties":{"コード":2520230,"name":"彦根市元町","所在":"滋賀県","所管":"地方公共団体"},"geometry":{"type":"Point","coordinates":[136.26,35.27]}},{"type":"Feature","properties":{"コード":2520320,"name":"長浜市公園町","所在":"滋賀県","所管":"防災科学技術研究所"},"geometry":{"type":"Point","coordinates":[136.26,35.38]}},{"type":"Feature","properties":{"コード":2520331,"name":"長浜市内保町","所在":"滋賀県","所管":"地方公共団体"},"geometry":{"type":"Point","coordinates":[136.3,35.43]}},{"type":"Feature","properties":{"コード":2520334,"name":"長浜市湖北町速水","所在":"滋賀県","所管":"地方公共団体"},"geometry":{"type":"Point","coordinates":[136.24,35.45]}},{"type":"Feature","properties":{"コード":2520335,"name":"長浜市高月町渡岸寺","所在":"滋賀県","所管":"地方公共団体"},"geometry":{"type":"Point","coordinates":[136.23,35.47]}},{"type":"Feature","properties":{"コード":2520336,"name":"長浜市木之本町木之本","所在":"滋賀県","所管":"地方公共団体"},"geometry":{"type":"Point","coordinates":[136.22,35.5]}},{"type":"Feature","properties":{"コード":2520337,"name":"長浜市余呉町中之郷","所在":"滋賀県","所管":"地方公共団体"},"geometry":{"type":"Point","coordinates":[136.2,35.54]}},{"type":"Feature","properties":{"コード":2520339,"name":"長浜市西浅井町大浦","所在":"滋賀県","所管":"地方公共団体"},"geometry":{"type":"Point","coordinates":[136.12,35.5]}},{"type":"Feature","properties":{"コード":2520340,"name":"長浜市八幡東町","所在":"滋賀県","所管":"地方公共団体"},"geometry":{"type":"Point","coordinates":[136.28,35.38]}},{"type":"Feature","properties":{"コード":2520341,"name":"長浜市宮部町","所在":"滋賀県","所管":"地方公共団体"},"geometry":{"type":"Point","coordinates":[136.27,35.42]}},{"type":"Feature","properties":{"コード":2520342,"name":"長浜市難波町","所在":"滋賀県","所管":"地方公共団体"},"geometry":{"type":"Point","coordinates":[136.23,35.41]}},{"type":"Feature","properties":{"コード":2521220,"name":"高島市今津町日置前","所在":"滋賀県","所管":"防災科学技術研究所"},"geometry":{"type":"Point","coordinates":[136.02,35.42]}},{"type":"Feature","properties":{"コード":2521221,"name":"高島市朽木柏","所在":"滋賀県","所管":"防災科学技術研究所"},"geometry":{"type":"Point","coordinates":[135.92,35.35]}},{"type":"Feature","properties":{"コード":2521230,"name":"高島市マキノ町","所在":"滋賀県","所管":"地方公共団体"},"geometry":{"type":"Point","coordinates":[136.04,35.46]}},{"type":"Feature","properties":{"コード":2521232,"name":"高島市朽木市場","所在":"滋賀県","所管":"地方公共団体"},"geometry":{"type":"Point","coordinates":[135.92,35.35]}},{"type":"Feature","properties":{"コード":2521235,"name":"高島市新旭町","所在":"滋賀県","所管":"地方公共団体"},"geometry":{"type":"Point","coordinates":[136.04,35.35]}},{"type":"Feature","properties":{"コード":2521236,"name":"高島市勝野","所在":"滋賀県","所管":"地方公共団体"},"geometry":{"type":"Point","coordinates":[136.01,35.3]}},{"type":"Feature","properties":{"コード":2521237,"name":"高島市安曇川町","所在":"滋賀県","所管":"地方公共団体"},"geometry":{"type":"Point","coordinates":[136.02,35.33]}},{"type":"Feature","properties":{"コード":2521238,"name":"高島市今津町弘川","所在":"滋賀県","所管":"地方公共団体"},"geometry":{"type":"Point","coordinates":[136.03,35.41]}},{"type":"Feature","properties":{"コード":2521431,"name":"米原市春照","所在":"滋賀県","所管":"地方公共団体"},"geometry":{"type":"Point","coordinates":[136.38,35.39]}},{"type":"Feature","properties":{"コード":2521433,"name":"米原市顔戸","所在":"滋賀県","所管":"地方公共団体"},"geometry":{"type":"Point","coordinates":[136.3,35.34]}},{"type":"Feature","properties":{"コード":2521434,"name":"米原市長岡","所在":"滋賀県","所管":"地方公共団体"},"geometry":{"type":"Point","coordinates":[136.37,35.36]}},{"type":"Feature","properties":{"コード":2521435,"name":"米原市米原","所在":"滋賀県","所管":"地方公共団体"},"geometry":{"type":"Point","coordinates":[136.29,35.32]}},{"type":"Feature","properties":{"コード":2542530,"name":"愛荘町安孫子","所在":"滋賀県","所管":"地方公共団体"},"geometry":{"type":"Point","coordinates":[136.24,35.17]}},{"type":"Feature","properties":{"コード":2542531,"name":"愛荘町愛知川","所在":"滋賀県","所管":"地方公共団体"},"geometry":{"type":"Point","coordinates":[136.21,35.17]}},{"type":"Feature","properties":{"コード":2544130,"name":"豊郷町石畑","所在":"滋賀県","所管":"地方公共団体"},"geometry":{"type":"Point","coordinates":[136.23,35.2]}},{"type":"Feature","properties":{"コード":2544230,"name":"甲良町在士","所在":"滋賀県","所管":"地方公共団体"},"geometry":{"type":"Point","coordinates":[136.26,35.2]}},{"type":"Feature","properties":{"コード":2544330,"name":"多賀町多賀","所在":"滋賀県","所管":"地方公共団体"},"geometry":{"type":"Point","coordinates":[136.29,35.22]}},{"type":"Feature","properties":{"コード":2520100,"name":"大津市御陵町","所在":"滋賀県","所管":"気象庁"},"geometry":{"type":"Point","coordinates":[135.85,35.02]}},{"type":"Feature","properties":{"コード":2520103,"name":"大津市南小松","所在":"滋賀県","所管":"気象庁"},"geometry":{"type":"Point","coordinates":[135.96,35.24]}},{"type":"Feature","properties":{"コード":2520120,"name":"大津市国分","所在":"滋賀県","所管":"防災科学技術研究所"},"geometry":{"type":"Point","coordinates":[135.9,34.97]}},{"type":"Feature","properties":{"コード":2520121,"name":"大津市木戸消防分団","所在":"滋賀県","所管":"防災科学技術研究所"},"geometry":{"type":"Point","coordinates":[135.92,35.2]}},{"type":"Feature","properties":{"コード":2520131,"name":"大津市南郷","所在":"滋賀県","所管":"地方公共団体"},"geometry":{"type":"Point","coordinates":[135.91,34.94]}},{"type":"Feature","properties":{"コード":2520132,"name":"大津市真野","所在":"滋賀県","所管":"地方公共団体"},"geometry":{"type":"Point","coordinates":[135.92,35.13]}},{"type":"Feature","properties":{"コード":2520401,"name":"近江八幡市桜宮町","所在":"滋賀県","所管":"気象庁"},"geometry":{"type":"Point","coordinates":[136.1,35.13]}},{"type":"Feature","properties":{"コード":2520420,"name":"近江八幡市出町","所在":"滋賀県","所管":"防災科学技術研究所"},"geometry":{"type":"Point","coordinates":[136.1,35.13]}},{"type":"Feature","properties":{"コード":2520431,"name":"近江八幡市安土町下豊浦","所在":"滋賀県","所管":"地方公共団体"},"geometry":{"type":"Point","coordinates":[136.13,35.15]}},{"type":"Feature","properties":{"コード":2520631,"name":"草津市草津","所在":"滋賀県","所管":"地方公共団体"},"geometry":{"type":"Point","coordinates":[135.96,35.01]}},{"type":"Feature","properties":{"コード":2520731,"name":"守山市石田町","所在":"滋賀県","所管":"地方公共団体"},"geometry":{"type":"Point","coordinates":[135.98,35.07]}},{"type":"Feature","properties":{"コード":2520830,"name":"栗東市安養寺","所在":"滋賀県","所管":"地方公共団体"},"geometry":{"type":"Point","coordinates":[136,35.02]}},{"type":"Feature","properties":{"コード":2520901,"name":"甲賀市水口町","所在":"滋賀県","所管":"気象庁"},"geometry":{"type":"Point","coordinates":[136.17,34.97]}},{"type":"Feature","properties":{"コード":2520920,"name":"甲賀市甲賀町大久保","所在":"滋賀県","所管":"防災科学技術研究所"},"geometry":{"type":"Point","coordinates":[136.23,34.9]}},{"type":"Feature","properties":{"コード":2520930,"name":"甲賀市土山町","所在":"滋賀県","所管":"地方公共団体"},"geometry":{"type":"Point","coordinates":[136.28,34.94]}},{"type":"Feature","properties":{"コード":2520932,"name":"甲賀市甲南町","所在":"滋賀県","所管":"地方公共団体"},"geometry":{"type":"Point","coordinates":[136.17,34.93]}},{"type":"Feature","properties":{"コード":2520933,"name":"甲賀市信楽町","所在":"滋賀県","所管":"地方公共団体"},"geometry":{"type":"Point","coordinates":[136.06,34.88]}},{"type":"Feature","properties":{"コード":2520934,"name":"甲賀市甲賀町相模","所在":"滋賀県","所管":"地方公共団体"},"geometry":{"type":"Point","coordinates":[136.22,34.9]}},{"type":"Feature","properties":{"コード":2521030,"name":"野洲市西河原","所在":"滋賀県","所管":"地方公共団体"},"geometry":{"type":"Point","coordinates":[136.01,35.1]}},{"type":"Feature","properties":{"コード":2521032,"name":"野洲市小篠原","所在":"滋賀県","所管":"地方公共団体"},"geometry":{"type":"Point","coordinates":[136.03,35.07]}},{"type":"Feature","properties":{"コード":2521120,"name":"湖南市中央森北公園","所在":"滋賀県","所管":"防災科学技術研究所"},"geometry":{"type":"Point","coordinates":[136.08,35.01]}},{"type":"Feature","properties":{"コード":2521130,"name":"湖南市石部中央西庁舎","所在":"滋賀県","所管":"地方公共団体"},"geometry":{"type":"Point","coordinates":[136.06,35.01]}},{"type":"Feature","properties":{"コード":2521131,"name":"湖南市中央東庁舎","所在":"滋賀県","所管":"地方公共団体"},"geometry":{"type":"Point","coordinates":[136.08,35]}},{"type":"Feature","properties":{"コード":2521300,"name":"東近江市君ヶ畑町","所在":"滋賀県","所管":"気象庁"},"geometry":{"type":"Point","coordinates":[136.39,35.14]}},{"type":"Feature","properties":{"コード":2521320,"name":"東近江市上二俣町","所在":"滋賀県","所管":"防災科学技術研究所"},"geometry":{"type":"Point","coordinates":[136.29,35.07]}},{"type":"Feature","properties":{"コード":2521330,"name":"東近江市八日市緑町","所在":"滋賀県","所管":"地方公共団体"},"geometry":{"type":"Point","coordinates":[136.21,35.11]}},{"type":"Feature","properties":{"コード":2521334,"name":"東近江市池庄町","所在":"滋賀県","所管":"地方公共団体"},"geometry":{"type":"Point","coordinates":[136.25,35.13]}},{"type":"Feature","properties":{"コード":2521335,"name":"東近江市市子川原町","所在":"滋賀県","所管":"地方公共団体"},"geometry":{"type":"Point","coordinates":[136.18,35.06]}},{"type":"Feature","properties":{"コード":2521337,"name":"東近江市山上町","所在":"滋賀県","所管":"地方公共団体"},"geometry":{"type":"Point","coordinates":[136.3,35.08]}},{"type":"Feature","properties":{"コード":2521338,"name":"東近江市妹町","所在":"滋賀県","所管":"地方公共団体"},"geometry":{"type":"Point","coordinates":[136.26,35.11]}},{"type":"Feature","properties":{"コード":2521340,"name":"東近江市五個荘小幡町","所在":"滋賀県","所管":"地方公共団体"},"geometry":{"type":"Point","coordinates":[136.19,35.15]}},{"type":"Feature","properties":{"コード":2521341,"name":"東近江市躰光寺町","所在":"滋賀県","所管":"地方公共団体"},"geometry":{"type":"Point","coordinates":[136.16,35.18]}},{"type":"Feature","properties":{"コード":2538331,"name":"滋賀日野町河原","所在":"滋賀県","所管":"地方公共団体"},"geometry":{"type":"Point","coordinates":[136.25,35.02]}},{"type":"Feature","properties":{"コード":2538431,"name":"竜王町小口","所在":"滋賀県","所管":"地方公共団体"},"geometry":{"type":"Point","coordinates":[136.12,35.06]}},{"type":"Feature","properties":{"コード":2620100,"name":"福知山市内記","所在":"京都府","所管":"気象庁"},"geometry":{"type":"Point","coordinates":[135.13,35.3]}},{"type":"Feature","properties":{"コード":2620120,"name":"福知山市長田野町","所在":"京都府","所管":"防災科学技術研究所"},"geometry":{"type":"Point","coordinates":[135.18,35.28]}},{"type":"Feature","properties":{"コード":2620130,"name":"福知山市三和町千束","所在":"京都府","所管":"地方公共団体"},"geometry":{"type":"Point","coordinates":[135.23,35.22]}},{"type":"Feature","properties":{"コード":2620131,"name":"福知山市夜久野町額田","所在":"京都府","所管":"地方公共団体"},"geometry":{"type":"Point","coordinates":[135,35.32]}},{"type":"Feature","properties":{"コード":2620132,"name":"福知山市大江町河守","所在":"京都府","所管":"地方公共団体"},"geometry":{"type":"Point","coordinates":[135.15,35.39]}},{"type":"Feature","properties":{"コード":2620200,"name":"舞鶴市下福井","所在":"京都府","所管":"気象庁"},"geometry":{"type":"Point","coordinates":[135.32,35.45]}},{"type":"Feature","properties":{"コード":2620220,"name":"舞鶴市浜","所在":"京都府","所管":"防災科学技術研究所"},"geometry":{"type":"Point","coordinates":[135.39,35.48]}},{"type":"Feature","properties":{"コード":2620231,"name":"舞鶴市北吸","所在":"京都府","所管":"地方公共団体"},"geometry":{"type":"Point","coordinates":[135.39,35.47]}},{"type":"Feature","properties":{"コード":2620331,"name":"綾部市若竹町","所在":"京都府","所管":"地方公共団体"},"geometry":{"type":"Point","coordinates":[135.26,35.3]}},{"type":"Feature","properties":{"コード":2620530,"name":"宮津市柳縄手","所在":"京都府","所管":"地方公共団体"},"geometry":{"type":"Point","coordinates":[135.2,35.54]}},{"type":"Feature","properties":{"コード":2621200,"name":"京丹後市弥栄町吉沢","所在":"京都府","所管":"気象庁"},"geometry":{"type":"Point","coordinates":[135.1,35.63]}},{"type":"Feature","properties":{"コード":2621221,"name":"京丹後市久美浜町広瀬","所在":"京都府","所管":"防災科学技術研究所"},"geometry":{"type":"Point","coordinates":[134.89,35.6]}},{"type":"Feature","properties":{"コード":2621230,"name":"京丹後市峰山町","所在":"京都府","所管":"地方公共団体"},"geometry":{"type":"Point","coordinates":[135.06,35.62]}},{"type":"Feature","properties":{"コード":2621231,"name":"京丹後市大宮町","所在":"京都府","所管":"地方公共団体"},"geometry":{"type":"Point","coordinates":[135.1,35.58]}},{"type":"Feature","properties":{"コード":2621233,"name":"京丹後市丹後町","所在":"京都府","所管":"地方公共団体"},"geometry":{"type":"Point","coordinates":[135.1,35.74]}},{"type":"Feature","properties":{"コード":2621235,"name":"京丹後市久美浜市民局","所在":"京都府","所管":"地方公共団体"},"geometry":{"type":"Point","coordinates":[134.89,35.6]}},{"type":"Feature","properties":{"コード":2621236,"name":"京丹後市網野町","所在":"京都府","所管":"地方公共団体"},"geometry":{"type":"Point","coordinates":[135.03,35.68]}},{"type":"Feature","properties":{"コード":2621237,"name":"京丹後市弥栄町溝谷","所在":"京都府","所管":"地方公共団体"},"geometry":{"type":"Point","coordinates":[135.09,35.66]}},{"type":"Feature","properties":{"コード":2646320,"name":"伊根町亀島","所在":"京都府","所管":"防災科学技術研究所"},"geometry":{"type":"Point","coordinates":[135.29,35.68]}},{"type":"Feature","properties":{"コード":2646331,"name":"伊根町日出","所在":"京都府","所管":"地方公共団体"},"geometry":{"type":"Point","coordinates":[135.27,35.68]}},{"type":"Feature","properties":{"コード":2646530,"name":"与謝野町加悦","所在":"京都府","所管":"地方公共団体"},"geometry":{"type":"Point","coordinates":[135.1,35.5]}},{"type":"Feature","properties":{"コード":2646531,"name":"与謝野町岩滝","所在":"京都府","所管":"地方公共団体"},"geometry":{"type":"Point","coordinates":[135.15,35.57]}},{"type":"Feature","properties":{"コード":2646532,"name":"与謝野町四辻","所在":"京都府","所管":"地方公共団体"},"geometry":{"type":"Point","coordinates":[135.1,35.53]}},{"type":"Feature","properties":{"コード":2610142,"name":"京都北区大宮西脇台町","所在":"京都府","所管":"地方公共団体"},"geometry":{"type":"Point","coordinates":[135.74,35.05]}},{"type":"Feature","properties":{"コード":2610230,"name":"京都上京区薮ノ内町","所在":"京都府","所管":"地方公共団体"},"geometry":{"type":"Point","coordinates":[135.75,35.02]}},{"type":"Feature","properties":{"コード":2610321,"name":"京都左京区広河原能見町","所在":"京都府","所管":"防災科学技術研究所"},"geometry":{"type":"Point","coordinates":[135.77,35.25]}},{"type":"Feature","properties":{"コード":2610340,"name":"京都左京区田中","所在":"京都府","所管":"地方公共団体"},"geometry":{"type":"Point","coordinates":[135.78,35.04]}},{"type":"Feature","properties":{"コード":2610400,"name":"京都中京区西ノ京","所在":"京都府","所管":"気象庁"},"geometry":{"type":"Point","coordinates":[135.73,35.02]}},{"type":"Feature","properties":{"コード":2610440,"name":"京都中京区河原町御池","所在":"京都府","所管":"地方公共団体"},"geometry":{"type":"Point","coordinates":[135.77,35.01]}},{"type":"Feature","properties":{"コード":2610540,"name":"京都東山区清水","所在":"京都府","所管":"地方公共団体"},"geometry":{"type":"Point","coordinates":[135.78,35]}},{"type":"Feature","properties":{"コード":2610640,"name":"京都下京区河原町塩小路","所在":"京都府","所管":"地方公共団体"},"geometry":{"type":"Point","coordinates":[135.76,34.99]}},{"type":"Feature","properties":{"コード":2610740,"name":"京都南区西九条","所在":"京都府","所管":"地方公共団体"},"geometry":{"type":"Point","coordinates":[135.75,34.97]}},{"type":"Feature","properties":{"コード":2610830,"name":"京都右京区京北周山町","所在":"京都府","所管":"地方公共団体"},"geometry":{"type":"Point","coordinates":[135.63,35.16]}},{"type":"Feature","properties":{"コード":2610841,"name":"京都右京区太秦","所在":"京都府","所管":"地方公共団体"},"geometry":{"type":"Point","coordinates":[135.71,35.01]}},{"type":"Feature","properties":{"コード":2610940,"name":"京都伏見区竹田","所在":"京都府","所管":"地方公共団体"},"geometry":{"type":"Point","coordinates":[135.76,34.96]}},{"type":"Feature","properties":{"コード":2610941,"name":"京都伏見区醍醐","所在":"京都府","所管":"地方公共団体"},"geometry":{"type":"Point","coordinates":[135.81,34.95]}},{"type":"Feature","properties":{"コード":2611020,"name":"京都山科区安朱川向町","所在":"京都府","所管":"防災科学技術研究所"},"geometry":{"type":"Point","coordinates":[135.82,35]}},{"type":"Feature","properties":{"コード":2611040,"name":"京都山科区西野","所在":"京都府","所管":"地方公共団体"},"geometry":{"type":"Point","coordinates":[135.81,34.99]}},{"type":"Feature","properties":{"コード":2611140,"name":"京都西京区樫原","所在":"京都府","所管":"地方公共団体"},"geometry":{"type":"Point","coordinates":[135.69,34.98]}},{"type":"Feature","properties":{"コード":2611141,"name":"京都西京区大枝","所在":"京都府","所管":"地方公共団体"},"geometry":{"type":"Point","coordinates":[135.68,34.97]}},{"type":"Feature","properties":{"コード":2620400,"name":"宇治市宇治琵琶","所在":"京都府","所管":"気象庁"},"geometry":{"type":"Point","coordinates":[135.8,34.88]}},{"type":"Feature","properties":{"コード":2620420,"name":"宇治市折居台","所在":"京都府","所管":"防災科学技術研究所"},"geometry":{"type":"Point","coordinates":[135.81,34.88]}},{"type":"Feature","properties":{"コード":2620600,"name":"亀岡市安町","所在":"京都府","所管":"気象庁"},"geometry":{"type":"Point","coordinates":[135.57,35.01]}},{"type":"Feature","properties":{"コード":2620620,"name":"亀岡市余部町","所在":"京都府","所管":"防災科学技術研究所"},"geometry":{"type":"Point","coordinates":[135.56,35.02]}},{"type":"Feature","properties":{"コード":2620731,"name":"城陽市寺田","所在":"京都府","所管":"地方公共団体"},"geometry":{"type":"Point","coordinates":[135.78,34.85]}},{"type":"Feature","properties":{"コード":2620830,"name":"向日市寺戸町","所在":"京都府","所管":"地方公共団体"},"geometry":{"type":"Point","coordinates":[135.7,34.95]}},{"type":"Feature","properties":{"コード":2620931,"name":"長岡京市開田","所在":"京都府","所管":"地方公共団体"},"geometry":{"type":"Point","coordinates":[135.69,34.93]}},{"type":"Feature","properties":{"コード":2621030,"name":"八幡市八幡","所在":"京都府","所管":"地方公共団体"},"geometry":{"type":"Point","coordinates":[135.71,34.87]}},{"type":"Feature","properties":{"コード":2621130,"name":"京田辺市田辺","所在":"京都府","所管":"地方公共団体"},"geometry":{"type":"Point","coordinates":[135.77,34.81]}},{"type":"Feature","properties":{"コード":2621330,"name":"南丹市美山町島","所在":"京都府","所管":"地方公共団体"},"geometry":{"type":"Point","coordinates":[135.55,35.27]}},{"type":"Feature","properties":{"コード":2621333,"name":"南丹市日吉町保野田","所在":"京都府","所管":"地方公共団体"},"geometry":{"type":"Point","coordinates":[135.5,35.16]}},{"type":"Feature","properties":{"コード":2621334,"name":"南丹市八木町八木","所在":"京都府","所管":"地方公共団体"},"geometry":{"type":"Point","coordinates":[135.53,35.07]}},{"type":"Feature","properties":{"コード":2621336,"name":"南丹市園部町小桜町","所在":"京都府","所管":"地方公共団体"},"geometry":{"type":"Point","coordinates":[135.47,35.11]}},{"type":"Feature","properties":{"コード":2621432,"name":"木津川市加茂町里","所在":"京都府","所管":"地方公共団体"},"geometry":{"type":"Point","coordinates":[135.87,34.75]}},{"type":"Feature","properties":{"コード":2621433,"name":"木津川市木津","所在":"京都府","所管":"地方公共団体"},"geometry":{"type":"Point","coordinates":[135.82,34.74]}},{"type":"Feature","properties":{"コード":2621434,"name":"木津川市山城町上狛","所在":"京都府","所管":"地方公共団体"},"geometry":{"type":"Point","coordinates":[135.82,34.75]}},{"type":"Feature","properties":{"コード":2630331,"name":"大山崎町円明寺","所在":"京都府","所管":"地方公共団体"},"geometry":{"type":"Point","coordinates":[135.69,34.9]}},{"type":"Feature","properties":{"コード":2632230,"name":"久御山町田井","所在":"京都府","所管":"地方公共団体"},"geometry":{"type":"Point","coordinates":[135.73,34.88]}},{"type":"Feature","properties":{"コード":2634331,"name":"井手町井手","所在":"京都府","所管":"地方公共団体"},"geometry":{"type":"Point","coordinates":[135.81,34.8]}},{"type":"Feature","properties":{"コード":2634431,"name":"宇治田原町立川","所在":"京都府","所管":"地方公共団体"},"geometry":{"type":"Point","coordinates":[135.87,34.84]}},{"type":"Feature","properties":{"コード":2636430,"name":"笠置町笠置","所在":"京都府","所管":"地方公共団体"},"geometry":{"type":"Point","coordinates":[135.94,34.76]}},{"type":"Feature","properties":{"コード":2636530,"name":"和束町釜塚","所在":"京都府","所管":"地方公共団体"},"geometry":{"type":"Point","coordinates":[135.9,34.8]}},{"type":"Feature","properties":{"コード":2636631,"name":"精華町南稲八妻","所在":"京都府","所管":"地方公共団体"},"geometry":{"type":"Point","coordinates":[135.79,34.76]}},{"type":"Feature","properties":{"コード":2636730,"name":"南山城村北大河原","所在":"京都府","所管":"地方公共団体"},"geometry":{"type":"Point","coordinates":[135.99,34.77]}},{"type":"Feature","properties":{"コード":2640700,"name":"京丹波町坂原","所在":"京都府","所管":"気象庁"},"geometry":{"type":"Point","coordinates":[135.4,35.29]}},{"type":"Feature","properties":{"コード":2640731,"name":"京丹波町橋爪","所在":"京都府","所管":"地方公共団体"},"geometry":{"type":"Point","coordinates":[135.37,35.18]}},{"type":"Feature","properties":{"コード":2640732,"name":"京丹波町本庄","所在":"京都府","所管":"地方公共団体"},"geometry":{"type":"Point","coordinates":[135.4,35.26]}},{"type":"Feature","properties":{"コード":2640733,"name":"京丹波町蒲生","所在":"京都府","所管":"地方公共団体"},"geometry":{"type":"Point","coordinates":[135.42,35.17]}},{"type":"Feature","properties":{"コード":2710231,"name":"大阪都島区都島本通","所在":"大阪府","所管":"地方公共団体"},"geometry":{"type":"Point","coordinates":[135.53,34.71]}},{"type":"Feature","properties":{"コード":2710330,"name":"大阪福島区福島","所在":"大阪府","所管":"地方公共団体"},"geometry":{"type":"Point","coordinates":[135.48,34.69]}},{"type":"Feature","properties":{"コード":2710431,"name":"大阪此花区春日出北","所在":"大阪府","所管":"地方公共団体"},"geometry":{"type":"Point","coordinates":[135.45,34.68]}},{"type":"Feature","properties":{"コード":2710630,"name":"大阪西区九条南","所在":"大阪府","所管":"地方公共団体"},"geometry":{"type":"Point","coordinates":[135.47,34.67]}},{"type":"Feature","properties":{"コード":2710730,"name":"大阪港区築港","所在":"大阪府","所管":"地方公共団体"},"geometry":{"type":"Point","coordinates":[135.43,34.66]}},{"type":"Feature","properties":{"コード":2710831,"name":"大阪大正区泉尾","所在":"大阪府","所管":"地方公共団体"},"geometry":{"type":"Point","coordinates":[135.48,34.66]}},{"type":"Feature","properties":{"コード":2710930,"name":"大阪天王寺区上本町","所在":"大阪府","所管":"地方公共団体"},"geometry":{"type":"Point","coordinates":[135.52,34.66]}},{"type":"Feature","properties":{"コード":2711131,"name":"大阪浪速区元町","所在":"大阪府","所管":"地方公共団体"},"geometry":{"type":"Point","coordinates":[135.5,34.66]}},{"type":"Feature","properties":{"コード":2711331,"name":"大阪西淀川区千舟","所在":"大阪府","所管":"地方公共団体"},"geometry":{"type":"Point","coordinates":[135.45,34.71]}},{"type":"Feature","properties":{"コード":2711420,"name":"大阪東淀川区柴島","所在":"大阪府","所管":"防災科学技術研究所"},"geometry":{"type":"Point","coordinates":[135.51,34.73]}},{"type":"Feature","properties":{"コード":2711430,"name":"大阪東淀川区北江口","所在":"大阪府","所管":"地方公共団体"},"geometry":{"type":"Point","coordinates":[135.54,34.76]}},{"type":"Feature","properties":{"コード":2711530,"name":"大阪東成区東中本","所在":"大阪府","所管":"地方公共団体"},"geometry":{"type":"Point","coordinates":[135.54,34.68]}},{"type":"Feature","properties":{"コード":2711630,"name":"大阪生野区舎利寺","所在":"大阪府","所管":"地方公共団体"},"geometry":{"type":"Point","coordinates":[135.54,34.65]}},{"type":"Feature","properties":{"コード":2711731,"name":"大阪旭区大宮","所在":"大阪府","所管":"地方公共団体"},"geometry":{"type":"Point","coordinates":[135.54,34.72]}},{"type":"Feature","properties":{"コード":2711831,"name":"大阪城東区放出西","所在":"大阪府","所管":"地方公共団体"},"geometry":{"type":"Point","coordinates":[135.55,34.7]}},{"type":"Feature","properties":{"コード":2711930,"name":"大阪阿倍野区松崎町","所在":"大阪府","所管":"地方公共団体"},"geometry":{"type":"Point","coordinates":[135.52,34.64]}},{"type":"Feature","properties":{"コード":2712030,"name":"大阪住吉区遠里小野","所在":"大阪府","所管":"地方公共団体"},"geometry":{"type":"Point","coordinates":[135.5,34.6]}},{"type":"Feature","properties":{"コード":2712130,"name":"大阪東住吉区杭全","所在":"大阪府","所管":"地方公共団体"},"geometry":{"type":"Point","coordinates":[135.54,34.63]}},{"type":"Feature","properties":{"コード":2712230,"name":"大阪西成区岸里","所在":"大阪府","所管":"地方公共団体"},"geometry":{"type":"Point","coordinates":[135.49,34.64]}},{"type":"Feature","properties":{"コード":2712330,"name":"大阪淀川区木川東","所在":"大阪府","所管":"地方公共団体"},"geometry":{"type":"Point","coordinates":[135.49,34.73]}},{"type":"Feature","properties":{"コード":2712430,"name":"大阪鶴見区横堤","所在":"大阪府","所管":"地方公共団体"},"geometry":{"type":"Point","coordinates":[135.57,34.7]}},{"type":"Feature","properties":{"コード":2712531,"name":"大阪住之江区御崎","所在":"大阪府","所管":"地方公共団体"},"geometry":{"type":"Point","coordinates":[135.48,34.61]}},{"type":"Feature","properties":{"コード":2712630,"name":"大阪平野区平野南","所在":"大阪府","所管":"地方公共団体"},"geometry":{"type":"Point","coordinates":[135.56,34.62]}},{"type":"Feature","properties":{"コード":2712730,"name":"大阪北区茶屋町","所在":"大阪府","所管":"地方公共団体"},"geometry":{"type":"Point","coordinates":[135.5,34.71]}},{"type":"Feature","properties":{"コード":2712800,"name":"大阪中央区大手前","所在":"大阪府","所管":"気象庁"},"geometry":{"type":"Point","coordinates":[135.52,34.68]}},{"type":"Feature","properties":{"コード":2712831,"name":"大阪中央区大阪府庁","所在":"大阪府","所管":"地方公共団体"},"geometry":{"type":"Point","coordinates":[135.52,34.69]}},{"type":"Feature","properties":{"コード":2720300,"name":"大阪国際空港","所在":"大阪府","所管":"気象庁"},"geometry":{"type":"Point","coordinates":[135.44,34.79]}},{"type":"Feature","properties":{"コード":2720320,"name":"豊中市曽根南町","所在":"大阪府","所管":"防災科学技術研究所"},"geometry":{"type":"Point","coordinates":[135.47,34.77]}},{"type":"Feature","properties":{"コード":2720330,"name":"豊中市中桜塚","所在":"大阪府","所管":"地方公共団体"},"geometry":{"type":"Point","coordinates":[135.47,34.78]}},{"type":"Feature","properties":{"コード":2720430,"name":"池田市城南","所在":"大阪府","所管":"地方公共団体"},"geometry":{"type":"Point","coordinates":[135.43,34.82]}},{"type":"Feature","properties":{"コード":2720530,"name":"吹田市内本町","所在":"大阪府","所管":"地方公共団体"},"geometry":{"type":"Point","coordinates":[135.52,34.76]}},{"type":"Feature","properties":{"コード":2720700,"name":"高槻市桃園町","所在":"大阪府","所管":"気象庁"},"geometry":{"type":"Point","coordinates":[135.62,34.85]}},{"type":"Feature","properties":{"コード":2720720,"name":"高槻市立第２中学校","所在":"大阪府","所管":"防災科学技術研究所"},"geometry":{"type":"Point","coordinates":[135.6,34.86]}},{"type":"Feature","properties":{"コード":2720732,"name":"高槻市消防本部","所在":"大阪府","所管":"地方公共団体"},"geometry":{"type":"Point","coordinates":[135.61,34.84]}},{"type":"Feature","properties":{"コード":2720931,"name":"守口市京阪本通","所在":"大阪府","所管":"地方公共団体"},"geometry":{"type":"Point","coordinates":[135.56,34.74]}},{"type":"Feature","properties":{"コード":2721031,"name":"枚方市大垣内","所在":"大阪府","所管":"地方公共団体"},"geometry":{"type":"Point","coordinates":[135.65,34.81]}},{"type":"Feature","properties":{"コード":2721130,"name":"茨木市東中条町","所在":"大阪府","所管":"地方公共団体"},"geometry":{"type":"Point","coordinates":[135.57,34.81]}},{"type":"Feature","properties":{"コード":2721230,"name":"八尾市本町","所在":"大阪府","所管":"地方公共団体"},"geometry":{"type":"Point","coordinates":[135.6,34.63]}},{"type":"Feature","properties":{"コード":2721530,"name":"寝屋川市本町","所在":"大阪府","所管":"地方公共団体"},"geometry":{"type":"Point","coordinates":[135.63,34.77]}},{"type":"Feature","properties":{"コード":2721831,"name":"大東市新町","所在":"大阪府","所管":"地方公共団体"},"geometry":{"type":"Point","coordinates":[135.62,34.7]}},{"type":"Feature","properties":{"コード":2722000,"name":"箕面市箕面","所在":"大阪府","所管":"気象庁"},"geometry":{"type":"Point","coordinates":[135.47,34.83]}},{"type":"Feature","properties":{"コード":2722030,"name":"箕面市粟生外院","所在":"大阪府","所管":"地方公共団体"},"geometry":{"type":"Point","coordinates":[135.5,34.84]}},{"type":"Feature","properties":{"コード":2722131,"name":"柏原市安堂町","所在":"大阪府","所管":"地方公共団体"},"geometry":{"type":"Point","coordinates":[135.63,34.58]}},{"type":"Feature","properties":{"コード":2722330,"name":"門真市中町","所在":"大阪府","所管":"地方公共団体"},"geometry":{"type":"Point","coordinates":[135.59,34.74]}},{"type":"Feature","properties":{"コード":2722430,"name":"摂津市三島","所在":"大阪府","所管":"地方公共団体"},"geometry":{"type":"Point","coordinates":[135.56,34.78]}},{"type":"Feature","properties":{"コード":2722731,"name":"東大阪市荒本北","所在":"大阪府","所管":"地方公共団体"},"geometry":{"type":"Point","coordinates":[135.6,34.68]}},{"type":"Feature","properties":{"コード":2722930,"name":"四條畷市西中野","所在":"大阪府","所管":"地方公共団体"},"geometry":{"type":"Point","coordinates":[135.64,34.74]}},{"type":"Feature","properties":{"コード":2723030,"name":"交野市私部","所在":"大阪府","所管":"地方公共団体"},"geometry":{"type":"Point","coordinates":[135.68,34.79]}},{"type":"Feature","properties":{"コード":2730130,"name":"島本町若山台","所在":"大阪府","所管":"地方公共団体"},"geometry":{"type":"Point","coordinates":[135.66,34.89]}},{"type":"Feature","properties":{"コード":2732130,"name":"豊能町余野","所在":"大阪府","所管":"地方公共団体"},"geometry":{"type":"Point","coordinates":[135.49,34.92]}},{"type":"Feature","properties":{"コード":2732221,"name":"能勢町森上","所在":"大阪府","所管":"防災科学技術研究所"},"geometry":{"type":"Point","coordinates":[135.4,34.97]}},{"type":"Feature","properties":{"コード":2732231,"name":"能勢町宿野","所在":"大阪府","所管":"地方公共団体"},"geometry":{"type":"Point","coordinates":[135.41,34.97]}},{"type":"Feature","properties":{"コード":2714120,"name":"大阪堺市堺区山本町","所在":"大阪府","所管":"防災科学技術研究所"},"geometry":{"type":"Point","coordinates":[135.47,34.59]}},{"type":"Feature","properties":{"コード":2714131,"name":"大阪堺市堺区市役所","所在":"大阪府","所管":"地方公共団体"},"geometry":{"type":"Point","coordinates":[135.48,34.57]}},{"type":"Feature","properties":{"コード":2714132,"name":"大阪堺市堺区大浜南町","所在":"大阪府","所管":"地方公共団体"},"geometry":{"type":"Point","coordinates":[135.46,34.57]}},{"type":"Feature","properties":{"コード":2714200,"name":"大阪堺市中区深井清水町","所在":"大阪府","所管":"気象庁"},"geometry":{"type":"Point","coordinates":[135.49,34.53]}},{"type":"Feature","properties":{"コード":2714330,"name":"大阪堺市東区日置荘原寺町","所在":"大阪府","所管":"地方公共団体"},"geometry":{"type":"Point","coordinates":[135.54,34.54]}},{"type":"Feature","properties":{"コード":2714431,"name":"大阪堺市西区鳳東町","所在":"大阪府","所管":"地方公共団体"},"geometry":{"type":"Point","coordinates":[135.46,34.54]}},{"type":"Feature","properties":{"コード":2714531,"name":"大阪堺市南区桃山台","所在":"大阪府","所管":"地方公共団体"},"geometry":{"type":"Point","coordinates":[135.49,34.49]}},{"type":"Feature","properties":{"コード":2714631,"name":"大阪堺市北区新金岡町","所在":"大阪府","所管":"地方公共団体"},"geometry":{"type":"Point","coordinates":[135.52,34.57]}},{"type":"Feature","properties":{"コード":2714730,"name":"大阪堺市美原区黒山","所在":"大阪府","所管":"地方公共団体"},"geometry":{"type":"Point","coordinates":[135.56,34.54]}},{"type":"Feature","properties":{"コード":2720200,"name":"岸和田市岸城町","所在":"大阪府","所管":"気象庁"},"geometry":{"type":"Point","coordinates":[135.37,34.46]}},{"type":"Feature","properties":{"コード":2720221,"name":"岸和田市畑町","所在":"大阪府","所管":"防災科学技術研究所"},"geometry":{"type":"Point","coordinates":[135.39,34.44]}},{"type":"Feature","properties":{"コード":2720230,"name":"岸和田市役所","所在":"大阪府","所管":"地方公共団体"},"geometry":{"type":"Point","coordinates":[135.38,34.46]}},{"type":"Feature","properties":{"コード":2720631,"name":"泉大津市東雲町","所在":"大阪府","所管":"地方公共団体"},"geometry":{"type":"Point","coordinates":[135.41,34.5]}},{"type":"Feature","properties":{"コード":2720831,"name":"貝塚市畠中","所在":"大阪府","所管":"地方公共団体"},"geometry":{"type":"Point","coordinates":[135.36,34.44]}},{"type":"Feature","properties":{"コード":2721332,"name":"泉佐野市りんくう往来","所在":"大阪府","所管":"地方公共団体"},"geometry":{"type":"Point","coordinates":[135.3,34.41]}},{"type":"Feature","properties":{"コード":2721333,"name":"泉佐野市市場","所在":"大阪府","所管":"地方公共団体"},"geometry":{"type":"Point","coordinates":[135.33,34.41]}},{"type":"Feature","properties":{"コード":2721400,"name":"富田林市本町","所在":"大阪府","所管":"気象庁"},"geometry":{"type":"Point","coordinates":[135.6,34.5]}},{"type":"Feature","properties":{"コード":2721430,"name":"富田林市高辺台","所在":"大阪府","所管":"地方公共団体"},"geometry":{"type":"Point","coordinates":[135.57,34.5]}},{"type":"Feature","properties":{"コード":2721620,"name":"河内長野市清見台","所在":"大阪府","所管":"防災科学技術研究所"},"geometry":{"type":"Point","coordinates":[135.58,34.44]}},{"type":"Feature","properties":{"コード":2721630,"name":"河内長野市原町","所在":"大阪府","所管":"地方公共団体"},"geometry":{"type":"Point","coordinates":[135.56,34.46]}},{"type":"Feature","properties":{"コード":2721730,"name":"松原市阿保","所在":"大阪府","所管":"地方公共団体"},"geometry":{"type":"Point","coordinates":[135.55,34.58]}},{"type":"Feature","properties":{"コード":2721932,"name":"大阪和泉市府中町","所在":"大阪府","所管":"地方公共団体"},"geometry":{"type":"Point","coordinates":[135.42,34.48]}},{"type":"Feature","properties":{"コード":2722231,"name":"羽曳野市誉田","所在":"大阪府","所管":"地方公共団体"},"geometry":{"type":"Point","coordinates":[135.61,34.56]}},{"type":"Feature","properties":{"コード":2722530,"name":"高石市加茂","所在":"大阪府","所管":"地方公共団体"},"geometry":{"type":"Point","coordinates":[135.44,34.52]}},{"type":"Feature","properties":{"コード":2722630,"name":"藤井寺市岡","所在":"大阪府","所管":"地方公共団体"},"geometry":{"type":"Point","coordinates":[135.6,34.57]}},{"type":"Feature","properties":{"コード":2722820,"name":"泉南市男里","所在":"大阪府","所管":"防災科学技術研究所"},"geometry":{"type":"Point","coordinates":[135.26,34.37]}},{"type":"Feature","properties":{"コード":2722830,"name":"泉南市信達市場","所在":"大阪府","所管":"地方公共団体"},"geometry":{"type":"Point","coordinates":[135.27,34.37]}},{"type":"Feature","properties":{"コード":2723130,"name":"大阪狭山市狭山","所在":"大阪府","所管":"地方公共団体"},"geometry":{"type":"Point","coordinates":[135.56,34.5]}},{"type":"Feature","properties":{"コード":2723230,"name":"阪南市尾崎町","所在":"大阪府","所管":"地方公共団体"},"geometry":{"type":"Point","coordinates":[135.24,34.36]}},{"type":"Feature","properties":{"コード":2734132,"name":"忠岡町忠岡東","所在":"大阪府","所管":"地方公共団体"},"geometry":{"type":"Point","coordinates":[135.4,34.49]}},{"type":"Feature","properties":{"コード":2736130,"name":"熊取町野田","所在":"大阪府","所管":"地方公共団体"},"geometry":{"type":"Point","coordinates":[135.35,34.4]}},{"type":"Feature","properties":{"コード":2736200,"name":"関西国際空港","所在":"大阪府","所管":"気象庁"},"geometry":{"type":"Point","coordinates":[135.24,34.43]}},{"type":"Feature","properties":{"コード":2736230,"name":"田尻町嘉祥寺","所在":"大阪府","所管":"地方公共団体"},"geometry":{"type":"Point","coordinates":[135.29,34.39]}},{"type":"Feature","properties":{"コード":2736630,"name":"大阪岬町深日","所在":"大阪府","所管":"地方公共団体"},"geometry":{"type":"Point","coordinates":[135.14,34.32]}},{"type":"Feature","properties":{"コード":2738130,"name":"大阪太子町山田","所在":"大阪府","所管":"地方公共団体"},"geometry":{"type":"Point","coordinates":[135.65,34.52]}},{"type":"Feature","properties":{"コード":2738230,"name":"河南町白木","所在":"大阪府","所管":"地方公共団体"},"geometry":{"type":"Point","coordinates":[135.63,34.49]}},{"type":"Feature","properties":{"コード":2738333,"name":"千早赤阪村水分","所在":"大阪府","所管":"地方公共団体"},"geometry":{"type":"Point","coordinates":[135.62,34.46]}},{"type":"Feature","properties":{"コード":2820901,"name":"豊岡市桜町","所在":"兵庫県","所管":"気象庁"},"geometry":{"type":"Point","coordinates":[134.82,35.54]}},{"type":"Feature","properties":{"コード":2820920,"name":"豊岡市出石町","所在":"兵庫県","所管":"防災科学技術研究所"},"geometry":{"type":"Point","coordinates":[134.88,35.46]}},{"type":"Feature","properties":{"コード":2820933,"name":"豊岡市日高町","所在":"兵庫県","所管":"地方公共団体"},"geometry":{"type":"Point","coordinates":[134.77,35.47]}},{"type":"Feature","properties":{"コード":2820934,"name":"豊岡市但東町","所在":"兵庫県","所管":"地方公共団体"},"geometry":{"type":"Point","coordinates":[134.95,35.47]}},{"type":"Feature","properties":{"コード":2820935,"name":"豊岡市城崎町","所在":"兵庫県","所管":"地方公共団体"},"geometry":{"type":"Point","coordinates":[134.81,35.63]}},{"type":"Feature","properties":{"コード":2820937,"name":"豊岡市竹野町","所在":"兵庫県","所管":"地方公共団体"},"geometry":{"type":"Point","coordinates":[134.76,35.65]}},{"type":"Feature","properties":{"コード":2820938,"name":"豊岡市中央町","所在":"兵庫県","所管":"地方公共団体"},"geometry":{"type":"Point","coordinates":[134.82,35.54]}},{"type":"Feature","properties":{"コード":2822220,"name":"養父市大屋町","所在":"兵庫県","所管":"防災科学技術研究所"},"geometry":{"type":"Point","coordinates":[134.66,35.33]}},{"type":"Feature","properties":{"コード":2822230,"name":"養父市八鹿町","所在":"兵庫県","所管":"地方公共団体"},"geometry":{"type":"Point","coordinates":[134.77,35.4]}},{"type":"Feature","properties":{"コード":2822231,"name":"養父市広谷","所在":"兵庫県","所管":"地方公共団体"},"geometry":{"type":"Point","coordinates":[134.78,35.38]}},{"type":"Feature","properties":{"コード":2822233,"name":"養父市関宮","所在":"兵庫県","所管":"地方公共団体"},"geometry":{"type":"Point","coordinates":[134.65,35.37]}},{"type":"Feature","properties":{"コード":2822500,"name":"朝来市和田山町枚田","所在":"兵庫県","所管":"気象庁"},"geometry":{"type":"Point","coordinates":[134.85,35.32]}},{"type":"Feature","properties":{"コード":2822520,"name":"朝来市生野町","所在":"兵庫県","所管":"防災科学技術研究所"},"geometry":{"type":"Point","coordinates":[134.79,35.15]}},{"type":"Feature","properties":{"コード":2822521,"name":"朝来市和田山町柳原","所在":"兵庫県","所管":"防災科学技術研究所"},"geometry":{"type":"Point","coordinates":[134.86,35.34]}},{"type":"Feature","properties":{"コード":2822530,"name":"朝来市山東町","所在":"兵庫県","所管":"地方公共団体"},"geometry":{"type":"Point","coordinates":[134.88,35.31]}},{"type":"Feature","properties":{"コード":2822531,"name":"朝来市新井","所在":"兵庫県","所管":"地方公共団体"},"geometry":{"type":"Point","coordinates":[134.8,35.24]}},{"type":"Feature","properties":{"コード":2858500,"name":"兵庫香美町香住区三川","所在":"兵庫県","所管":"気象庁"},"geometry":{"type":"Point","coordinates":[134.66,35.59]}},{"type":"Feature","properties":{"コード":2858520,"name":"兵庫香美町香住区香住","所在":"兵庫県","所管":"防災科学技術研究所"},"geometry":{"type":"Point","coordinates":[134.63,35.64]}},{"type":"Feature","properties":{"コード":2858521,"name":"兵庫香美町村岡区神坂","所在":"兵庫県","所管":"防災科学技術研究所"},"geometry":{"type":"Point","coordinates":[134.58,35.46]}},{"type":"Feature","properties":{"コード":2858532,"name":"兵庫香美町小代区","所在":"兵庫県","所管":"地方公共団体"},"geometry":{"type":"Point","coordinates":[134.53,35.46]}},{"type":"Feature","properties":{"コード":2858620,"name":"新温泉町浜坂","所在":"兵庫県","所管":"防災科学技術研究所"},"geometry":{"type":"Point","coordinates":[134.45,35.62]}},{"type":"Feature","properties":{"コード":2858631,"name":"新温泉町湯","所在":"兵庫県","所管":"地方公共団体"},"geometry":{"type":"Point","coordinates":[134.49,35.55]}},{"type":"Feature","properties":{"コード":2810130,"name":"神戸東灘区住吉東町","所在":"兵庫県","所管":"地方公共団体"},"geometry":{"type":"Point","coordinates":[135.27,34.72]}},{"type":"Feature","properties":{"コード":2810230,"name":"神戸灘区八幡町","所在":"兵庫県","所管":"地方公共団体"},"geometry":{"type":"Point","coordinates":[135.23,34.72]}},{"type":"Feature","properties":{"コード":2810520,"name":"神戸兵庫区烏原町","所在":"兵庫県","所管":"防災科学技術研究所"},"geometry":{"type":"Point","coordinates":[135.16,34.69]}},{"type":"Feature","properties":{"コード":2810530,"name":"神戸兵庫区上沢通","所在":"兵庫県","所管":"地方公共団体"},"geometry":{"type":"Point","coordinates":[135.17,34.68]}},{"type":"Feature","properties":{"コード":2810630,"name":"神戸長田区神楽町","所在":"兵庫県","所管":"地方公共団体"},"geometry":{"type":"Point","coordinates":[135.15,34.66]}},{"type":"Feature","properties":{"コード":2810730,"name":"神戸須磨区若草町","所在":"兵庫県","所管":"地方公共団体"},"geometry":{"type":"Point","coordinates":[135.11,34.69]}},{"type":"Feature","properties":{"コード":2810831,"name":"神戸垂水区王居殿","所在":"兵庫県","所管":"地方公共団体"},"geometry":{"type":"Point","coordinates":[135.07,34.63]}},{"type":"Feature","properties":{"コード":2810930,"name":"神戸北区南五葉","所在":"兵庫県","所管":"地方公共団体"},"geometry":{"type":"Point","coordinates":[135.13,34.72]}},{"type":"Feature","properties":{"コード":2810931,"name":"神戸北区藤原台南町","所在":"兵庫県","所管":"地方公共団体"},"geometry":{"type":"Point","coordinates":[135.21,34.81]}},{"type":"Feature","properties":{"コード":2811001,"name":"神戸中央区脇浜","所在":"兵庫県","所管":"気象庁"},"geometry":{"type":"Point","coordinates":[135.21,34.7]}},{"type":"Feature","properties":{"コード":2811130,"name":"神戸西区竹の台","所在":"兵庫県","所管":"地方公共団体"},"geometry":{"type":"Point","coordinates":[135.01,34.71]}},{"type":"Feature","properties":{"コード":2820230,"name":"尼崎市昭和通","所在":"兵庫県","所管":"地方公共団体"},"geometry":{"type":"Point","coordinates":[135.42,34.72]}},{"type":"Feature","properties":{"コード":2820300,"name":"明石市中崎","所在":"兵庫県","所管":"気象庁"},"geometry":{"type":"Point","coordinates":[135,34.64]}},{"type":"Feature","properties":{"コード":2820400,"name":"西宮市宮前町","所在":"兵庫県","所管":"気象庁"},"geometry":{"type":"Point","coordinates":[135.34,34.73]}},{"type":"Feature","properties":{"コード":2820420,"name":"西宮市平木","所在":"兵庫県","所管":"防災科学技術研究所"},"geometry":{"type":"Point","coordinates":[135.35,34.75]}},{"type":"Feature","properties":{"コード":2820440,"name":"西宮市名塩","所在":"兵庫県","所管":"地方公共団体"},"geometry":{"type":"Point","coordinates":[135.31,34.83]}},{"type":"Feature","properties":{"コード":2820631,"name":"芦屋市精道町","所在":"兵庫県","所管":"地方公共団体"},"geometry":{"type":"Point","coordinates":[135.31,34.73]}},{"type":"Feature","properties":{"コード":2820731,"name":"伊丹市千僧","所在":"兵庫県","所管":"地方公共団体"},"geometry":{"type":"Point","coordinates":[135.4,34.78]}},{"type":"Feature","properties":{"コード":2821000,"name":"加古川市加古川町","所在":"兵庫県","所管":"気象庁"},"geometry":{"type":"Point","coordinates":[134.84,34.76]}},{"type":"Feature","properties":{"コード":2821020,"name":"加古川市志方町","所在":"兵庫県","所管":"防災科学技術研究所"},"geometry":{"type":"Point","coordinates":[134.82,34.83]}},{"type":"Feature","properties":{"コード":2821320,"name":"西脇市上比延町","所在":"兵庫県","所管":"防災科学技術研究所"},"geometry":{"type":"Point","coordinates":[135,35]}},{"type":"Feature","properties":{"コード":2821331,"name":"西脇市黒田庄町前坂","所在":"兵庫県","所管":"地方公共団体"},"geometry":{"type":"Point","coordinates":[134.99,35.04]}},{"type":"Feature","properties":{"コード":2821431,"name":"宝塚市東洋町","所在":"兵庫県","所管":"地方公共団体"},"geometry":{"type":"Point","coordinates":[135.36,34.8]}},{"type":"Feature","properties":{"コード":2821500,"name":"三木市細川町","所在":"兵庫県","所管":"気象庁"},"geometry":{"type":"Point","coordinates":[135.05,34.81]}},{"type":"Feature","properties":{"コード":2821520,"name":"三木市福井","所在":"兵庫県","所管":"防災科学技術研究所"},"geometry":{"type":"Point","coordinates":[134.99,34.8]}},{"type":"Feature","properties":{"コード":2821531,"name":"三木市吉川町","所在":"兵庫県","所管":"地方公共団体"},"geometry":{"type":"Point","coordinates":[135.12,34.89]}},{"type":"Feature","properties":{"コード":2821633,"name":"高砂市荒井町","所在":"兵庫県","所管":"地方公共団体"},"geometry":{"type":"Point","coordinates":[134.79,34.77]}},{"type":"Feature","properties":{"コード":2821730,"name":"川西市中央町","所在":"兵庫県","所管":"地方公共団体"},"geometry":{"type":"Point","coordinates":[135.42,34.83]}},{"type":"Feature","properties":{"コード":2821832,"name":"小野市王子町","所在":"兵庫県","所管":"地方公共団体"},"geometry":{"type":"Point","coordinates":[134.93,34.85]}},{"type":"Feature","properties":{"コード":2821900,"name":"三田市下深田","所在":"兵庫県","所管":"気象庁"},"geometry":{"type":"Point","coordinates":[135.21,34.89]}},{"type":"Feature","properties":{"コード":2821920,"name":"三田市下里","所在":"兵庫県","所管":"防災科学技術研究所"},"geometry":{"type":"Point","coordinates":[135.27,34.95]}},{"type":"Feature","properties":{"コード":2822000,"name":"加西市下万願寺町","所在":"兵庫県","所管":"気象庁"},"geometry":{"type":"Point","coordinates":[134.84,34.99]}},{"type":"Feature","properties":{"コード":2822030,"name":"加西市北条町","所在":"兵庫県","所管":"地方公共団体"},"geometry":{"type":"Point","coordinates":[134.84,34.93]}},{"type":"Feature","properties":{"コード":2822100,"name":"丹波篠山市北新町","所在":"兵庫県","所管":"気象庁"},"geometry":{"type":"Point","coordinates":[135.22,35.08]}},{"type":"Feature","properties":{"コード":2822120,"name":"丹波篠山市杉","所在":"兵庫県","所管":"防災科学技術研究所"},"geometry":{"type":"Point","coordinates":[135.18,35.06]}},{"type":"Feature","properties":{"コード":2822130,"name":"丹波篠山市宮田","所在":"兵庫県","所管":"地方公共団体"},"geometry":{"type":"Point","coordinates":[135.17,35.09]}},{"type":"Feature","properties":{"コード":2822132,"name":"丹波篠山市今田町","所在":"兵庫県","所管":"地方公共団体"},"geometry":{"type":"Point","coordinates":[135.11,35]}},{"type":"Feature","properties":{"コード":2822320,"name":"丹波市春日町","所在":"兵庫県","所管":"防災科学技術研究所"},"geometry":{"type":"Point","coordinates":[135.1,35.17]}},{"type":"Feature","properties":{"コード":2822330,"name":"丹波市柏原町","所在":"兵庫県","所管":"地方公共団体"},"geometry":{"type":"Point","coordinates":[135.08,35.13]}},{"type":"Feature","properties":{"コード":2822332,"name":"丹波市青垣町","所在":"兵庫県","所管":"地方公共団体"},"geometry":{"type":"Point","coordinates":[135,35.25]}},{"type":"Feature","properties":{"コード":2822334,"name":"丹波市市島町","所在":"兵庫県","所管":"地方公共団体"},"geometry":{"type":"Point","coordinates":[135.14,35.21]}},{"type":"Feature","properties":{"コード":2822335,"name":"丹波市氷上町","所在":"兵庫県","所管":"地方公共団体"},"geometry":{"type":"Point","coordinates":[135.04,35.18]}},{"type":"Feature","properties":{"コード":2822336,"name":"丹波市山南町","所在":"兵庫県","所管":"地方公共団体"},"geometry":{"type":"Point","coordinates":[135.04,35.07]}},{"type":"Feature","properties":{"コード":2822801,"name":"加東市社","所在":"兵庫県","所管":"気象庁"},"geometry":{"type":"Point","coordinates":[134.97,34.92]}},{"type":"Feature","properties":{"コード":2822832,"name":"加東市河高","所在":"兵庫県","所管":"地方公共団体"},"geometry":{"type":"Point","coordinates":[134.94,34.93]}},{"type":"Feature","properties":{"コード":2822833,"name":"加東市天神","所在":"兵庫県","所管":"地方公共団体"},"geometry":{"type":"Point","coordinates":[135.07,34.91]}},{"type":"Feature","properties":{"コード":2830130,"name":"猪名川町紫合","所在":"兵庫県","所管":"地方公共団体"},"geometry":{"type":"Point","coordinates":[135.38,34.91]}},{"type":"Feature","properties":{"コード":2836533,"name":"多可町加美区","所在":"兵庫県","所管":"地方公共団体"},"geometry":{"type":"Point","coordinates":[134.9,35.1]}},{"type":"Feature","properties":{"コード":2836534,"name":"多可町八千代区","所在":"兵庫県","所管":"地方公共団体"},"geometry":{"type":"Point","coordinates":[134.91,35.01]}},{"type":"Feature","properties":{"コード":2836535,"name":"多可町中区","所在":"兵庫県","所管":"地方公共団体"},"geometry":{"type":"Point","coordinates":[134.92,35.05]}},{"type":"Feature","properties":{"コード":2838130,"name":"兵庫稲美町国岡","所在":"兵庫県","所管":"地方公共団体"},"geometry":{"type":"Point","coordinates":[134.91,34.75]}},{"type":"Feature","properties":{"コード":2838230,"name":"播磨町東本荘","所在":"兵庫県","所管":"地方公共団体"},"geometry":{"type":"Point","coordinates":[134.87,34.72]}},{"type":"Feature","properties":{"コード":2820100,"name":"姫路市神子岡前","所在":"兵庫県","所管":"気象庁"},"geometry":{"type":"Point","coordinates":[134.67,34.84]}},{"type":"Feature","properties":{"コード":2820120,"name":"姫路市安田","所在":"兵庫県","所管":"防災科学技術研究所"},"geometry":{"type":"Point","coordinates":[134.69,34.81]}},{"type":"Feature","properties":{"コード":2820131,"name":"姫路市夢前町前之庄","所在":"兵庫県","所管":"地方公共団体"},"geometry":{"type":"Point","coordinates":[134.69,34.97]}},{"type":"Feature","properties":{"コード":2820135,"name":"姫路市安富町安志","所在":"兵庫県","所管":"地方公共団体"},"geometry":{"type":"Point","coordinates":[134.6,34.99]}},{"type":"Feature","properties":{"コード":2820136,"name":"姫路市香寺町中屋","所在":"兵庫県","所管":"地方公共団体"},"geometry":{"type":"Point","coordinates":[134.74,34.91]}},{"type":"Feature","properties":{"コード":2820137,"name":"姫路市家島町真浦","所在":"兵庫県","所管":"地方公共団体"},"geometry":{"type":"Point","coordinates":[134.52,34.67]}},{"type":"Feature","properties":{"コード":2820141,"name":"姫路市豊富","所在":"兵庫県","所管":"地方公共団体"},"geometry":{"type":"Point","coordinates":[134.75,34.88]}},{"type":"Feature","properties":{"コード":2820142,"name":"姫路市本町","所在":"兵庫県","所管":"地方公共団体"},"geometry":{"type":"Point","coordinates":[134.7,34.84]}},{"type":"Feature","properties":{"コード":2820143,"name":"姫路市網干","所在":"兵庫県","所管":"地方公共団体"},"geometry":{"type":"Point","coordinates":[134.6,34.79]}},{"type":"Feature","properties":{"コード":2820145,"name":"姫路市白浜","所在":"兵庫県","所管":"地方公共団体"},"geometry":{"type":"Point","coordinates":[134.7,34.78]}},{"type":"Feature","properties":{"コード":2820146,"name":"姫路市林田","所在":"兵庫県","所管":"地方公共団体"},"geometry":{"type":"Point","coordinates":[134.58,34.92]}},{"type":"Feature","properties":{"コード":2820800,"name":"相生市旭","所在":"兵庫県","所管":"気象庁"},"geometry":{"type":"Point","coordinates":[134.47,34.8]}},{"type":"Feature","properties":{"コード":2821220,"name":"赤穂市加里屋","所在":"兵庫県","所管":"防災科学技術研究所"},"geometry":{"type":"Point","coordinates":[134.39,34.76]}},{"type":"Feature","properties":{"コード":2822701,"name":"宍粟市山崎町中広瀬","所在":"兵庫県","所管":"気象庁"},"geometry":{"type":"Point","coordinates":[134.55,35]}},{"type":"Feature","properties":{"コード":2822720,"name":"宍粟市山崎町船元","所在":"兵庫県","所管":"防災科学技術研究所"},"geometry":{"type":"Point","coordinates":[134.56,35]}},{"type":"Feature","properties":{"コード":2822721,"name":"宍粟市波賀町","所在":"兵庫県","所管":"防災科学技術研究所"},"geometry":{"type":"Point","coordinates":[134.55,35.16]}},{"type":"Feature","properties":{"コード":2822734,"name":"宍粟市一宮町","所在":"兵庫県","所管":"地方公共団体"},"geometry":{"type":"Point","coordinates":[134.58,35.1]}},{"type":"Feature","properties":{"コード":2822735,"name":"宍粟市千種町","所在":"兵庫県","所管":"地方公共団体"},"geometry":{"type":"Point","coordinates":[134.45,35.15]}},{"type":"Feature","properties":{"コード":2822920,"name":"たつの市龍野町","所在":"兵庫県","所管":"防災科学技術研究所"},"geometry":{"type":"Point","coordinates":[134.54,34.86]}},{"type":"Feature","properties":{"コード":2822930,"name":"たつの市新宮町","所在":"兵庫県","所管":"地方公共団体"},"geometry":{"type":"Point","coordinates":[134.55,34.93]}},{"type":"Feature","properties":{"コード":2822931,"name":"たつの市揖保川町","所在":"兵庫県","所管":"地方公共団体"},"geometry":{"type":"Point","coordinates":[134.53,34.83]}},{"type":"Feature","properties":{"コード":2822933,"name":"たつの市御津町","所在":"兵庫県","所管":"地方公共団体"},"geometry":{"type":"Point","coordinates":[134.56,34.79]}},{"type":"Feature","properties":{"コード":2844220,"name":"市川町西川辺","所在":"兵庫県","所管":"防災科学技術研究所"},"geometry":{"type":"Point","coordinates":[134.76,34.99]}},{"type":"Feature","properties":{"コード":2844330,"name":"福崎町南田原","所在":"兵庫県","所管":"地方公共団体"},"geometry":{"type":"Point","coordinates":[134.76,34.95]}},{"type":"Feature","properties":{"コード":2844631,"name":"兵庫神河町寺前","所在":"兵庫県","所管":"地方公共団体"},"geometry":{"type":"Point","coordinates":[134.74,35.06]}},{"type":"Feature","properties":{"コード":2844632,"name":"兵庫神河町新田","所在":"兵庫県","所管":"地方公共団体"},"geometry":{"type":"Point","coordinates":[134.88,35.17]}},{"type":"Feature","properties":{"コード":2846431,"name":"兵庫太子町鵤","所在":"兵庫県","所管":"地方公共団体"},"geometry":{"type":"Point","coordinates":[134.57,34.83]}},{"type":"Feature","properties":{"コード":2848131,"name":"上郡町大持","所在":"兵庫県","所管":"地方公共団体"},"geometry":{"type":"Point","coordinates":[134.36,34.87]}},{"type":"Feature","properties":{"コード":2850120,"name":"佐用町上月","所在":"兵庫県","所管":"防災科学技術研究所"},"geometry":{"type":"Point","coordinates":[134.32,34.99]}},{"type":"Feature","properties":{"コード":2850130,"name":"佐用町佐用","所在":"兵庫県","所管":"地方公共団体"},"geometry":{"type":"Point","coordinates":[134.36,35]}},{"type":"Feature","properties":{"コード":2850131,"name":"佐用町下徳久","所在":"兵庫県","所管":"地方公共団体"},"geometry":{"type":"Point","coordinates":[134.39,34.99]}},{"type":"Feature","properties":{"コード":2850133,"name":"佐用町三日月","所在":"兵庫県","所管":"地方公共団体"},"geometry":{"type":"Point","coordinates":[134.44,34.99]}},{"type":"Feature","properties":{"コード":2820501,"name":"洲本市物部","所在":"兵庫県","所管":"気象庁"},"geometry":{"type":"Point","coordinates":[134.88,34.34]}},{"type":"Feature","properties":{"コード":2820520,"name":"洲本市五色町都志","所在":"兵庫県","所管":"防災科学技術研究所"},"geometry":{"type":"Point","coordinates":[134.79,34.41]}},{"type":"Feature","properties":{"コード":2820521,"name":"洲本市山手","所在":"兵庫県","所管":"防災科学技術研究所"},"geometry":{"type":"Point","coordinates":[134.9,34.34]}},{"type":"Feature","properties":{"コード":2822401,"name":"南あわじ市福良","所在":"兵庫県","所管":"気象庁"},"geometry":{"type":"Point","coordinates":[134.71,34.26]}},{"type":"Feature","properties":{"コード":2822420,"name":"南あわじ市北阿万","所在":"兵庫県","所管":"防災科学技術研究所"},"geometry":{"type":"Point","coordinates":[134.73,34.25]}},{"type":"Feature","properties":{"コード":2822430,"name":"南あわじ市広田","所在":"兵庫県","所管":"地方公共団体"},"geometry":{"type":"Point","coordinates":[134.83,34.32]}},{"type":"Feature","properties":{"コード":2822433,"name":"南あわじ市市","所在":"兵庫県","所管":"地方公共団体"},"geometry":{"type":"Point","coordinates":[134.77,34.29]}},{"type":"Feature","properties":{"コード":2822434,"name":"南あわじ市湊","所在":"兵庫県","所管":"地方公共団体"},"geometry":{"type":"Point","coordinates":[134.73,34.32]}},{"type":"Feature","properties":{"コード":2822602,"name":"淡路市長澤","所在":"兵庫県","所管":"気象庁"},"geometry":{"type":"Point","coordinates":[134.9,34.49]}},{"type":"Feature","properties":{"コード":2822603,"name":"淡路市富島","所在":"兵庫県","所管":"気象庁"},"geometry":{"type":"Point","coordinates":[134.93,34.55]}},{"type":"Feature","properties":{"コード":2822620,"name":"淡路市久留麻","所在":"兵庫県","所管":"防災科学技術研究所"},"geometry":{"type":"Point","coordinates":[134.99,34.53]}},{"type":"Feature","properties":{"コード":2822632,"name":"淡路市郡家","所在":"兵庫県","所管":"地方公共団体"},"geometry":{"type":"Point","coordinates":[134.85,34.47]}},{"type":"Feature","properties":{"コード":2822633,"name":"淡路市志筑","所在":"兵庫県","所管":"地方公共団体"},"geometry":{"type":"Point","coordinates":[134.9,34.44]}},{"type":"Feature","properties":{"コード":2822634,"name":"淡路市岩屋","所在":"兵庫県","所管":"地方公共団体"},"geometry":{"type":"Point","coordinates":[135.02,34.59]}},{"type":"Feature","properties":{"コード":2920102,"name":"奈良市西紀寺町","所在":"奈良県","所管":"気象庁"},"geometry":{"type":"Point","coordinates":[135.83,34.67]}},{"type":"Feature","properties":{"コード":2920131,"name":"奈良市月ヶ瀬尾山","所在":"奈良県","所管":"地方公共団体"},"geometry":{"type":"Point","coordinates":[136.04,34.71]}},{"type":"Feature","properties":{"コード":2920133,"name":"奈良市二条大路南","所在":"奈良県","所管":"地方公共団体"},"geometry":{"type":"Point","coordinates":[135.81,34.69]}},{"type":"Feature","properties":{"コード":2920134,"name":"奈良市都祁白石町","所在":"奈良県","所管":"地方公共団体"},"geometry":{"type":"Point","coordinates":[135.96,34.61]}},{"type":"Feature","properties":{"コード":2920220,"name":"大和高田市野口","所在":"奈良県","所管":"防災科学技術研究所"},"geometry":{"type":"Point","coordinates":[135.72,34.52]}},{"type":"Feature","properties":{"コード":2920231,"name":"大和高田市大中","所在":"奈良県","所管":"地方公共団体"},"geometry":{"type":"Point","coordinates":[135.74,34.52]}},{"type":"Feature","properties":{"コード":2920330,"name":"大和郡山市北郡山町","所在":"奈良県","所管":"地方公共団体"},"geometry":{"type":"Point","coordinates":[135.78,34.65]}},{"type":"Feature","properties":{"コード":2920431,"name":"天理市川原城町","所在":"奈良県","所管":"地方公共団体"},"geometry":{"type":"Point","coordinates":[135.84,34.6]}},{"type":"Feature","properties":{"コード":2920531,"name":"橿原市八木町","所在":"奈良県","所管":"地方公共団体"},"geometry":{"type":"Point","coordinates":[135.79,34.51]}},{"type":"Feature","properties":{"コード":2920601,"name":"桜井市初瀬","所在":"奈良県","所管":"気象庁"},"geometry":{"type":"Point","coordinates":[135.9,34.53]}},{"type":"Feature","properties":{"コード":2920632,"name":"桜井市粟殿","所在":"奈良県","所管":"地方公共団体"},"geometry":{"type":"Point","coordinates":[135.84,34.52]}},{"type":"Feature","properties":{"コード":2920732,"name":"五條市大塔町辻堂","所在":"奈良県","所管":"地方公共団体"},"geometry":{"type":"Point","coordinates":[135.76,34.17]}},{"type":"Feature","properties":{"コード":2920734,"name":"五條市岡口","所在":"奈良県","所管":"地方公共団体"},"geometry":{"type":"Point","coordinates":[135.7,34.36]}},{"type":"Feature","properties":{"コード":2920830,"name":"御所市役所","所在":"奈良県","所管":"地方公共団体"},"geometry":{"type":"Point","coordinates":[135.74,34.46]}},{"type":"Feature","properties":{"コード":2920930,"name":"生駒市東新町","所在":"奈良県","所管":"地方公共団体"},"geometry":{"type":"Point","coordinates":[135.7,34.69]}},{"type":"Feature","properties":{"コード":2921031,"name":"香芝市本町","所在":"奈良県","所管":"地方公共団体"},"geometry":{"type":"Point","coordinates":[135.7,34.54]}},{"type":"Feature","properties":{"コード":2921130,"name":"葛城市柿本","所在":"奈良県","所管":"地方公共団体"},"geometry":{"type":"Point","coordinates":[135.73,34.49]}},{"type":"Feature","properties":{"コード":2921231,"name":"宇陀市菟田野松井","所在":"奈良県","所管":"地方公共団体"},"geometry":{"type":"Point","coordinates":[135.98,34.47]}},{"type":"Feature","properties":{"コード":2921232,"name":"宇陀市榛原下井足","所在":"奈良県","所管":"地方公共団体"},"geometry":{"type":"Point","coordinates":[135.95,34.53]}},{"type":"Feature","properties":{"コード":2921233,"name":"宇陀市室生大野","所在":"奈良県","所管":"地方公共団体"},"geometry":{"type":"Point","coordinates":[136.02,34.56]}},{"type":"Feature","properties":{"コード":2921234,"name":"宇陀市大宇陀迫間","所在":"奈良県","所管":"地方公共団体"},"geometry":{"type":"Point","coordinates":[135.93,34.48]}},{"type":"Feature","properties":{"コード":2932231,"name":"山添村大西","所在":"奈良県","所管":"地方公共団体"},"geometry":{"type":"Point","coordinates":[136.04,34.68]}},{"type":"Feature","properties":{"コード":2934200,"name":"平群町鳴川","所在":"奈良県","所管":"気象庁"},"geometry":{"type":"Point","coordinates":[135.68,34.66]}},{"type":"Feature","properties":{"コード":2934230,"name":"平群町吉新","所在":"奈良県","所管":"地方公共団体"},"geometry":{"type":"Point","coordinates":[135.7,34.63]}},{"type":"Feature","properties":{"コード":2934330,"name":"三郷町勢野西","所在":"奈良県","所管":"地方公共団体"},"geometry":{"type":"Point","coordinates":[135.7,34.6]}},{"type":"Feature","properties":{"コード":2934430,"name":"斑鳩町法隆寺西","所在":"奈良県","所管":"地方公共団体"},"geometry":{"type":"Point","coordinates":[135.73,34.61]}},{"type":"Feature","properties":{"コード":2934530,"name":"安堵町東安堵","所在":"奈良県","所管":"地方公共団体"},"geometry":{"type":"Point","coordinates":[135.76,34.61]}},{"type":"Feature","properties":{"コード":2936131,"name":"奈良川西町結崎","所在":"奈良県","所管":"地方公共団体"},"geometry":{"type":"Point","coordinates":[135.77,34.58]}},{"type":"Feature","properties":{"コード":2936231,"name":"三宅町伴堂","所在":"奈良県","所管":"地方公共団体"},"geometry":{"type":"Point","coordinates":[135.77,34.57]}},{"type":"Feature","properties":{"コード":2936331,"name":"田原本町役場","所在":"奈良県","所管":"地方公共団体"},"geometry":{"type":"Point","coordinates":[135.79,34.56]}},{"type":"Feature","properties":{"コード":2938530,"name":"曽爾村今井","所在":"奈良県","所管":"地方公共団体"},"geometry":{"type":"Point","coordinates":[136.13,34.51]}},{"type":"Feature","properties":{"コード":2938630,"name":"御杖村菅野","所在":"奈良県","所管":"地方公共団体"},"geometry":{"type":"Point","coordinates":[136.17,34.49]}},{"type":"Feature","properties":{"コード":2940131,"name":"高取町観覚寺","所在":"奈良県","所管":"地方公共団体"},"geometry":{"type":"Point","coordinates":[135.79,34.45]}},{"type":"Feature","properties":{"コード":2940231,"name":"明日香村橘","所在":"奈良県","所管":"地方公共団体"},"geometry":{"type":"Point","coordinates":[135.81,34.47]}},{"type":"Feature","properties":{"コード":2942430,"name":"上牧町上牧","所在":"奈良県","所管":"地方公共団体"},"geometry":{"type":"Point","coordinates":[135.72,34.56]}},{"type":"Feature","properties":{"コード":2942531,"name":"王寺町王寺","所在":"奈良県","所管":"地方公共団体"},"geometry":{"type":"Point","coordinates":[135.71,34.59]}},{"type":"Feature","properties":{"コード":2942631,"name":"広陵町南郷","所在":"奈良県","所管":"地方公共団体"},"geometry":{"type":"Point","coordinates":[135.75,34.54]}},{"type":"Feature","properties":{"コード":2942730,"name":"河合町池部","所在":"奈良県","所管":"地方公共団体"},"geometry":{"type":"Point","coordinates":[135.74,34.58]}},{"type":"Feature","properties":{"コード":2944131,"name":"吉野町上市","所在":"奈良県","所管":"地方公共団体"},"geometry":{"type":"Point","coordinates":[135.86,34.4]}},{"type":"Feature","properties":{"コード":2944201,"name":"大淀町桧垣本","所在":"奈良県","所管":"気象庁"},"geometry":{"type":"Point","coordinates":[135.79,34.39]}},{"type":"Feature","properties":{"コード":2944330,"name":"下市町下市","所在":"奈良県","所管":"地方公共団体"},"geometry":{"type":"Point","coordinates":[135.79,34.36]}},{"type":"Feature","properties":{"コード":2944432,"name":"黒滝村寺戸","所在":"奈良県","所管":"地方公共団体"},"geometry":{"type":"Point","coordinates":[135.85,34.31]}},{"type":"Feature","properties":{"コード":2944600,"name":"天川村洞川","所在":"奈良県","所管":"気象庁"},"geometry":{"type":"Point","coordinates":[135.88,34.27]}},{"type":"Feature","properties":{"コード":2944631,"name":"天川村沢谷","所在":"奈良県","所管":"地方公共団体"},"geometry":{"type":"Point","coordinates":[135.86,34.24]}},{"type":"Feature","properties":{"コード":2944730,"name":"野迫川村北股","所在":"奈良県","所管":"地方公共団体"},"geometry":{"type":"Point","coordinates":[135.63,34.17]}},{"type":"Feature","properties":{"コード":2944932,"name":"十津川村小原","所在":"奈良県","所管":"地方公共団体"},"geometry":{"type":"Point","coordinates":[135.79,33.99]}},{"type":"Feature","properties":{"コード":2945032,"name":"下北山村寺垣内","所在":"奈良県","所管":"地方公共団体"},"geometry":{"type":"Point","coordinates":[135.96,34.01]}},{"type":"Feature","properties":{"コード":2945131,"name":"上北山村河合","所在":"奈良県","所管":"地方公共団体"},"geometry":{"type":"Point","coordinates":[136,34.13]}},{"type":"Feature","properties":{"コード":2945230,"name":"奈良川上村迫","所在":"奈良県","所管":"地方公共団体"},"geometry":{"type":"Point","coordinates":[135.95,34.34]}},{"type":"Feature","properties":{"コード":2945332,"name":"東吉野村小川","所在":"奈良県","所管":"地方公共団体"},"geometry":{"type":"Point","coordinates":[135.97,34.4]}},{"type":"Feature","properties":{"コード":3020100,"name":"和歌山市男野芝丁","所在":"和歌山県","所管":"気象庁"},"geometry":{"type":"Point","coordinates":[135.16,34.23]}},{"type":"Feature","properties":{"コード":3020120,"name":"和歌山市一番丁","所在":"和歌山県","所管":"防災科学技術研究所"},"geometry":{"type":"Point","coordinates":[135.17,34.23]}},{"type":"Feature","properties":{"コード":3020233,"name":"海南市南赤坂","所在":"和歌山県","所管":"地方公共団体"},"geometry":{"type":"Point","coordinates":[135.24,34.16]}},{"type":"Feature","properties":{"コード":3020234,"name":"海南市下津","所在":"和歌山県","所管":"地方公共団体"},"geometry":{"type":"Point","coordinates":[135.15,34.11]}},{"type":"Feature","properties":{"コード":3020330,"name":"橋本市東家","所在":"和歌山県","所管":"地方公共団体"},"geometry":{"type":"Point","coordinates":[135.61,34.31]}},{"type":"Feature","properties":{"コード":3020332,"name":"橋本市高野口町名倉","所在":"和歌山県","所管":"地方公共団体"},"geometry":{"type":"Point","coordinates":[135.56,34.31]}},{"type":"Feature","properties":{"コード":3020401,"name":"有田市箕島","所在":"和歌山県","所管":"気象庁"},"geometry":{"type":"Point","coordinates":[135.13,34.08]}},{"type":"Feature","properties":{"コード":3020420,"name":"有田市初島町","所在":"和歌山県","所管":"防災科学技術研究所"},"geometry":{"type":"Point","coordinates":[135.12,34.1]}},{"type":"Feature","properties":{"コード":3020500,"name":"御坊市薗","所在":"和歌山県","所管":"気象庁"},"geometry":{"type":"Point","coordinates":[135.16,33.89]}},{"type":"Feature","properties":{"コード":3020520,"name":"御坊市湯川","所在":"和歌山県","所管":"防災科学技術研究所"},"geometry":{"type":"Point","coordinates":[135.16,33.91]}},{"type":"Feature","properties":{"コード":3020801,"name":"紀の川市粉河","所在":"和歌山県","所管":"気象庁"},"geometry":{"type":"Point","coordinates":[135.4,34.27]}},{"type":"Feature","properties":{"コード":3020821,"name":"紀の川市那賀総合センター","所在":"和歌山県","所管":"防災科学技術研究所"},"geometry":{"type":"Point","coordinates":[135.43,34.28]}},{"type":"Feature","properties":{"コード":3020833,"name":"紀の川市貴志川町神戸","所在":"和歌山県","所管":"地方公共団体"},"geometry":{"type":"Point","coordinates":[135.31,34.22]}},{"type":"Feature","properties":{"コード":3020835,"name":"紀の川市西大井","所在":"和歌山県","所管":"地方公共団体"},"geometry":{"type":"Point","coordinates":[135.36,34.27]}},{"type":"Feature","properties":{"コード":3020836,"name":"紀の川市桃山町元","所在":"和歌山県","所管":"地方公共団体"},"geometry":{"type":"Point","coordinates":[135.35,34.24]}},{"type":"Feature","properties":{"コード":3020930,"name":"岩出市西野","所在":"和歌山県","所管":"地方公共団体"},"geometry":{"type":"Point","coordinates":[135.31,34.26]}},{"type":"Feature","properties":{"コード":3030432,"name":"紀美野町神野市場","所在":"和歌山県","所管":"地方公共団体"},"geometry":{"type":"Point","coordinates":[135.36,34.15]}},{"type":"Feature","properties":{"コード":3030433,"name":"紀美野町下佐々","所在":"和歌山県","所管":"地方公共団体"},"geometry":{"type":"Point","coordinates":[135.31,34.16]}},{"type":"Feature","properties":{"コード":3034130,"name":"かつらぎ町丁ノ町","所在":"和歌山県","所管":"地方公共団体"},"geometry":{"type":"Point","coordinates":[135.5,34.3]}},{"type":"Feature","properties":{"コード":3034132,"name":"かつらぎ町花園梁瀬","所在":"和歌山県","所管":"地方公共団体"},"geometry":{"type":"Point","coordinates":[135.52,34.14]}},{"type":"Feature","properties":{"コード":3034330,"name":"九度山町九度山","所在":"和歌山県","所管":"地方公共団体"},"geometry":{"type":"Point","coordinates":[135.56,34.29]}},{"type":"Feature","properties":{"コード":3034401,"name":"高野町高野山中学校","所在":"和歌山県","所管":"気象庁"},"geometry":{"type":"Point","coordinates":[135.59,34.22]}},{"type":"Feature","properties":{"コード":3034420,"name":"高野町役場","所在":"和歌山県","所管":"防災科学技術研究所"},"geometry":{"type":"Point","coordinates":[135.59,34.22]}},{"type":"Feature","properties":{"コード":3036131,"name":"湯浅町青木","所在":"和歌山県","所管":"地方公共団体"},"geometry":{"type":"Point","coordinates":[135.19,34.03]}},{"type":"Feature","properties":{"コード":3036231,"name":"和歌山広川町広","所在":"和歌山県","所管":"地方公共団体"},"geometry":{"type":"Point","coordinates":[135.17,34.03]}},{"type":"Feature","properties":{"コード":3036620,"name":"有田川町清水","所在":"和歌山県","所管":"防災科学技術研究所"},"geometry":{"type":"Point","coordinates":[135.43,34.08]}},{"type":"Feature","properties":{"コード":3036632,"name":"有田川町下津野","所在":"和歌山県","所管":"地方公共団体"},"geometry":{"type":"Point","coordinates":[135.22,34.06]}},{"type":"Feature","properties":{"コード":3036633,"name":"有田川町中井原","所在":"和歌山県","所管":"地方公共団体"},"geometry":{"type":"Point","coordinates":[135.25,34.07]}},{"type":"Feature","properties":{"コード":3038130,"name":"和歌山美浜町和田","所在":"和歌山県","所管":"地方公共団体"},"geometry":{"type":"Point","coordinates":[135.13,33.89]}},{"type":"Feature","properties":{"コード":3038230,"name":"和歌山日高町高家","所在":"和歌山県","所管":"地方公共団体"},"geometry":{"type":"Point","coordinates":[135.14,33.93]}},{"type":"Feature","properties":{"コード":3038330,"name":"由良町里","所在":"和歌山県","所管":"地方公共団体"},"geometry":{"type":"Point","coordinates":[135.12,33.96]}},{"type":"Feature","properties":{"コード":3039032,"name":"和歌山印南町印南","所在":"和歌山県","所管":"地方公共団体"},"geometry":{"type":"Point","coordinates":[135.22,33.82]}},{"type":"Feature","properties":{"コード":3039100,"name":"みなべ町土井","所在":"和歌山県","所管":"気象庁"},"geometry":{"type":"Point","coordinates":[135.35,33.85]}},{"type":"Feature","properties":{"コード":3039131,"name":"みなべ町芝","所在":"和歌山県","所管":"地方公共団体"},"geometry":{"type":"Point","coordinates":[135.32,33.77]}},{"type":"Feature","properties":{"コード":3039233,"name":"日高川町土生","所在":"和歌山県","所管":"地方公共団体"},"geometry":{"type":"Point","coordinates":[135.19,33.91]}},{"type":"Feature","properties":{"コード":3039234,"name":"日高川町高津尾","所在":"和歌山県","所管":"地方公共団体"},"geometry":{"type":"Point","coordinates":[135.29,33.96]}},{"type":"Feature","properties":{"コード":3039235,"name":"日高川町川原河","所在":"和歌山県","所管":"地方公共団体"},"geometry":{"type":"Point","coordinates":[135.37,33.98]}},{"type":"Feature","properties":{"コード":3020600,"name":"田辺市中辺路町近露","所在":"和歌山県","所管":"気象庁"},"geometry":{"type":"Point","coordinates":[135.61,33.82]}},{"type":"Feature","properties":{"コード":3020630,"name":"田辺市中辺路町栗栖川","所在":"和歌山県","所管":"地方公共団体"},"geometry":{"type":"Point","coordinates":[135.52,33.79]}},{"type":"Feature","properties":{"コード":3020632,"name":"田辺市本宮町本宮","所在":"和歌山県","所管":"地方公共団体"},"geometry":{"type":"Point","coordinates":[135.77,33.84]}},{"type":"Feature","properties":{"コード":3020633,"name":"田辺市鮎川","所在":"和歌山県","所管":"地方公共団体"},"geometry":{"type":"Point","coordinates":[135.49,33.73]}},{"type":"Feature","properties":{"コード":3020635,"name":"田辺市龍神村西","所在":"和歌山県","所管":"地方公共団体"},"geometry":{"type":"Point","coordinates":[135.49,33.89]}},{"type":"Feature","properties":{"コード":3020636,"name":"田辺市東山","所在":"和歌山県","所管":"地方公共団体"},"geometry":{"type":"Point","coordinates":[135.39,33.73]}},{"type":"Feature","properties":{"コード":3020702,"name":"新宮市新宮","所在":"和歌山県","所管":"気象庁"},"geometry":{"type":"Point","coordinates":[135.99,33.73]}},{"type":"Feature","properties":{"コード":3020720,"name":"新宮市磐盾","所在":"和歌山県","所管":"防災科学技術研究所"},"geometry":{"type":"Point","coordinates":[135.98,33.72]}},{"type":"Feature","properties":{"コード":3020730,"name":"新宮市熊野川町日足","所在":"和歌山県","所管":"地方公共団体"},"geometry":{"type":"Point","coordinates":[135.87,33.81]}},{"type":"Feature","properties":{"コード":3040102,"name":"白浜町消防本部","所在":"和歌山県","所管":"気象庁"},"geometry":{"type":"Point","coordinates":[135.36,33.67]}},{"type":"Feature","properties":{"コード":3040130,"name":"白浜町日置","所在":"和歌山県","所管":"地方公共団体"},"geometry":{"type":"Point","coordinates":[135.44,33.57]}},{"type":"Feature","properties":{"コード":3040430,"name":"上富田町朝来","所在":"和歌山県","所管":"地方公共団体"},"geometry":{"type":"Point","coordinates":[135.43,33.7]}},{"type":"Feature","properties":{"コード":3040620,"name":"すさみ町周参見","所在":"和歌山県","所管":"防災科学技術研究所"},"geometry":{"type":"Point","coordinates":[135.5,33.55]}},{"type":"Feature","properties":{"コード":3042133,"name":"那智勝浦町天満","所在":"和歌山県","所管":"地方公共団体"},"geometry":{"type":"Point","coordinates":[135.94,33.63]}},{"type":"Feature","properties":{"コード":3042220,"name":"太地町太地暖海公園","所在":"和歌山県","所管":"防災科学技術研究所"},"geometry":{"type":"Point","coordinates":[135.95,33.59]}},{"type":"Feature","properties":{"コード":3042230,"name":"太地町役場","所在":"和歌山県","所管":"地方公共団体"},"geometry":{"type":"Point","coordinates":[135.94,33.59]}},{"type":"Feature","properties":{"コード":3042401,"name":"古座川町高池","所在":"和歌山県","所管":"気象庁"},"geometry":{"type":"Point","coordinates":[135.82,33.53]}},{"type":"Feature","properties":{"コード":3042730,"name":"北山村大沼","所在":"和歌山県","所管":"地方公共団体"},"geometry":{"type":"Point","coordinates":[135.97,33.93]}},{"type":"Feature","properties":{"コード":3042801,"name":"串本町潮岬","所在":"和歌山県","所管":"気象庁"},"geometry":{"type":"Point","coordinates":[135.76,33.45]}},{"type":"Feature","properties":{"コード":3042820,"name":"串本町串本","所在":"和歌山県","所管":"防災科学技術研究所"},"geometry":{"type":"Point","coordinates":[135.78,33.47]}},{"type":"Feature","properties":{"コード":3042830,"name":"串本町古座","所在":"和歌山県","所管":"地方公共団体"},"geometry":{"type":"Point","coordinates":[135.83,33.51]}},{"type":"Feature","properties":{"コード":3120100,"name":"鳥取市吉方","所在":"鳥取県","所管":"気象庁"},"geometry":{"type":"Point","coordinates":[134.24,35.49]}},{"type":"Feature","properties":{"コード":3120120,"name":"鳥取市吉成","所在":"鳥取県","所管":"防災科学技術研究所"},"geometry":{"type":"Point","coordinates":[134.22,35.49]}},{"type":"Feature","properties":{"コード":3120121,"name":"鳥取市鹿野町鹿野小学校","所在":"鳥取県","所管":"防災科学技術研究所"},"geometry":{"type":"Point","coordinates":[134.05,35.46]}},{"type":"Feature","properties":{"コード":3120131,"name":"鳥取市福部町細川","所在":"鳥取県","所管":"地方公共団体"},"geometry":{"type":"Point","coordinates":[134.28,35.54]}},{"type":"Feature","properties":{"コード":3120133,"name":"鳥取市用瀬町用瀬","所在":"鳥取県","所管":"地方公共団体"},"geometry":{"type":"Point","coordinates":[134.21,35.34]}},{"type":"Feature","properties":{"コード":3120134,"name":"鳥取市佐治町加瀬木","所在":"鳥取県","所管":"地方公共団体"},"geometry":{"type":"Point","coordinates":[134.11,35.33]}},{"type":"Feature","properties":{"コード":3120136,"name":"鳥取市鹿野町鹿野","所在":"鳥取県","所管":"地方公共団体"},"geometry":{"type":"Point","coordinates":[134.06,35.46]}},{"type":"Feature","properties":{"コード":3120138,"name":"鳥取市国府町宮下","所在":"鳥取県","所管":"地方公共団体"},"geometry":{"type":"Point","coordinates":[134.26,35.48]}},{"type":"Feature","properties":{"コード":3120139,"name":"鳥取市気高町浜村","所在":"鳥取県","所管":"地方公共団体"},"geometry":{"type":"Point","coordinates":[134.06,35.51]}},{"type":"Feature","properties":{"コード":3120140,"name":"鳥取市河原町渡一木","所在":"鳥取県","所管":"地方公共団体"},"geometry":{"type":"Point","coordinates":[134.2,35.4]}},{"type":"Feature","properties":{"コード":3120141,"name":"鳥取市青谷町青谷","所在":"鳥取県","所管":"地方公共団体"},"geometry":{"type":"Point","coordinates":[134,35.52]}},{"type":"Feature","properties":{"コード":3130201,"name":"岩美町浦富","所在":"鳥取県","所管":"気象庁"},"geometry":{"type":"Point","coordinates":[134.33,35.58]}},{"type":"Feature","properties":{"コード":3132530,"name":"鳥取若桜町若桜","所在":"鳥取県","所管":"地方公共団体"},"geometry":{"type":"Point","coordinates":[134.4,35.34]}},{"type":"Feature","properties":{"コード":3132800,"name":"智頭町智頭","所在":"鳥取県","所管":"気象庁"},"geometry":{"type":"Point","coordinates":[134.23,35.26]}},{"type":"Feature","properties":{"コード":3132930,"name":"八頭町郡家","所在":"鳥取県","所管":"地方公共団体"},"geometry":{"type":"Point","coordinates":[134.25,35.41]}},{"type":"Feature","properties":{"コード":3132931,"name":"八頭町船岡","所在":"鳥取県","所管":"地方公共団体"},"geometry":{"type":"Point","coordinates":[134.25,35.39]}},{"type":"Feature","properties":{"コード":3132932,"name":"八頭町北山","所在":"鳥取県","所管":"地方公共団体"},"geometry":{"type":"Point","coordinates":[134.36,35.36]}},{"type":"Feature","properties":{"コード":3120301,"name":"倉吉市岩倉長峯","所在":"鳥取県","所管":"気象庁"},"geometry":{"type":"Point","coordinates":[133.82,35.38]}},{"type":"Feature","properties":{"コード":3120320,"name":"倉吉市葵町","所在":"鳥取県","所管":"防災科学技術研究所"},"geometry":{"type":"Point","coordinates":[133.83,35.43]}},{"type":"Feature","properties":{"コード":3120330,"name":"倉吉市関金町大鳥居","所在":"鳥取県","所管":"地方公共団体"},"geometry":{"type":"Point","coordinates":[133.75,35.37]}},{"type":"Feature","properties":{"コード":3136431,"name":"三朝町大瀬","所在":"鳥取県","所管":"地方公共団体"},"geometry":{"type":"Point","coordinates":[133.86,35.41]}},{"type":"Feature","properties":{"コード":3137030,"name":"湯梨浜町久留","所在":"鳥取県","所管":"地方公共団体"},"geometry":{"type":"Point","coordinates":[133.86,35.49]}},{"type":"Feature","properties":{"コード":3137032,"name":"湯梨浜町龍島","所在":"鳥取県","所管":"地方公共団体"},"geometry":{"type":"Point","coordinates":[133.9,35.47]}},{"type":"Feature","properties":{"コード":3137033,"name":"湯梨浜町泊","所在":"鳥取県","所管":"地方公共団体"},"geometry":{"type":"Point","coordinates":[133.94,35.51]}},{"type":"Feature","properties":{"コード":3137120,"name":"琴浦町赤碕中学校","所在":"鳥取県","所管":"防災科学技術研究所"},"geometry":{"type":"Point","coordinates":[133.63,35.51]}},{"type":"Feature","properties":{"コード":3137131,"name":"琴浦町赤碕","所在":"鳥取県","所管":"地方公共団体"},"geometry":{"type":"Point","coordinates":[133.64,35.52]}},{"type":"Feature","properties":{"コード":3137132,"name":"琴浦町徳万","所在":"鳥取県","所管":"地方公共団体"},"geometry":{"type":"Point","coordinates":[133.69,35.5]}},{"type":"Feature","properties":{"コード":3137231,"name":"北栄町由良宿","所在":"鳥取県","所管":"地方公共団体"},"geometry":{"type":"Point","coordinates":[133.76,35.49]}},{"type":"Feature","properties":{"コード":3137232,"name":"北栄町土下","所在":"鳥取県","所管":"地方公共団体"},"geometry":{"type":"Point","coordinates":[133.82,35.48]}},{"type":"Feature","properties":{"コード":3120202,"name":"米子市博労町","所在":"鳥取県","所管":"気象庁"},"geometry":{"type":"Point","coordinates":[133.34,35.44]}},{"type":"Feature","properties":{"コード":3120220,"name":"米子市東町","所在":"鳥取県","所管":"防災科学技術研究所"},"geometry":{"type":"Point","coordinates":[133.33,35.43]}},{"type":"Feature","properties":{"コード":3120230,"name":"米子市淀江町","所在":"鳥取県","所管":"地方公共団体"},"geometry":{"type":"Point","coordinates":[133.42,35.45]}},{"type":"Feature","properties":{"コード":3120401,"name":"境港市東本町","所在":"鳥取県","所管":"気象庁"},"geometry":{"type":"Point","coordinates":[133.24,35.54]}},{"type":"Feature","properties":{"コード":3120432,"name":"境港市竹内町","所在":"鳥取県","所管":"地方公共団体"},"geometry":{"type":"Point","coordinates":[133.24,35.52]}},{"type":"Feature","properties":{"コード":3138431,"name":"日吉津村日吉津","所在":"鳥取県","所管":"地方公共団体"},"geometry":{"type":"Point","coordinates":[133.38,35.44]}},{"type":"Feature","properties":{"コード":3138631,"name":"大山町御来屋","所在":"鳥取県","所管":"地方公共団体"},"geometry":{"type":"Point","coordinates":[133.5,35.51]}},{"type":"Feature","properties":{"コード":3138633,"name":"大山町末長","所在":"鳥取県","所管":"地方公共団体"},"geometry":{"type":"Point","coordinates":[133.46,35.48]}},{"type":"Feature","properties":{"コード":3138634,"name":"大山町赤坂","所在":"鳥取県","所管":"地方公共団体"},"geometry":{"type":"Point","coordinates":[133.58,35.52]}},{"type":"Feature","properties":{"コード":3138930,"name":"鳥取南部町法勝寺","所在":"鳥取県","所管":"地方公共団体"},"geometry":{"type":"Point","coordinates":[133.33,35.34]}},{"type":"Feature","properties":{"コード":3138931,"name":"鳥取南部町天萬","所在":"鳥取県","所管":"地方公共団体"},"geometry":{"type":"Point","coordinates":[133.36,35.37]}},{"type":"Feature","properties":{"コード":3139030,"name":"伯耆町吉長","所在":"鳥取県","所管":"地方公共団体"},"geometry":{"type":"Point","coordinates":[133.41,35.39]}},{"type":"Feature","properties":{"コード":3139031,"name":"伯耆町溝口","所在":"鳥取県","所管":"地方公共団体"},"geometry":{"type":"Point","coordinates":[133.44,35.35]}},{"type":"Feature","properties":{"コード":3140120,"name":"日南町生山","所在":"鳥取県","所管":"防災科学技術研究所"},"geometry":{"type":"Point","coordinates":[133.31,35.17]}},{"type":"Feature","properties":{"コード":3140131,"name":"日南町霞","所在":"鳥取県","所管":"地方公共団体"},"geometry":{"type":"Point","coordinates":[133.31,35.16]}},{"type":"Feature","properties":{"コード":3140231,"name":"鳥取日野町根雨","所在":"鳥取県","所管":"地方公共団体"},"geometry":{"type":"Point","coordinates":[133.44,35.24]}},{"type":"Feature","properties":{"コード":3140320,"name":"江府町上之段広場","所在":"鳥取県","所管":"防災科学技術研究所"},"geometry":{"type":"Point","coordinates":[133.49,35.28]}},{"type":"Feature","properties":{"コード":3140332,"name":"江府町江尾","所在":"鳥取県","所管":"地方公共団体"},"geometry":{"type":"Point","coordinates":[133.48,35.28]}},{"type":"Feature","properties":{"コード":3220101,"name":"松江市西生馬町","所在":"島根県","所管":"気象庁"},"geometry":{"type":"Point","coordinates":[133.03,35.5]}},{"type":"Feature","properties":{"コード":3220102,"name":"松江市西津田","所在":"島根県","所管":"気象庁"},"geometry":{"type":"Point","coordinates":[133.07,35.46]}},{"type":"Feature","properties":{"コード":3220120,"name":"松江市学園南","所在":"島根県","所管":"防災科学技術研究所"},"geometry":{"type":"Point","coordinates":[133.07,35.47]}},{"type":"Feature","properties":{"コード":3220122,"name":"松江市美保関総合運動公園","所在":"島根県","所管":"防災科学技術研究所"},"geometry":{"type":"Point","coordinates":[133.17,35.53]}},{"type":"Feature","properties":{"コード":3220144,"name":"松江市鹿島町佐陀本郷","所在":"島根県","所管":"地方公共団体"},"geometry":{"type":"Point","coordinates":[133,35.52]}},{"type":"Feature","properties":{"コード":3220145,"name":"松江市玉湯町湯町","所在":"島根県","所管":"地方公共団体"},"geometry":{"type":"Point","coordinates":[133.01,35.43]}},{"type":"Feature","properties":{"コード":3220146,"name":"松江市島根町加賀","所在":"島根県","所管":"地方公共団体"},"geometry":{"type":"Point","coordinates":[133.07,35.56]}},{"type":"Feature","properties":{"コード":3220147,"name":"松江市八束町波入","所在":"島根県","所管":"地方公共団体"},"geometry":{"type":"Point","coordinates":[133.17,35.49]}},{"type":"Feature","properties":{"コード":3220148,"name":"松江市東出雲町揖屋","所在":"島根県","所管":"地方公共団体"},"geometry":{"type":"Point","coordinates":[133.15,35.43]}},{"type":"Feature","properties":{"コード":3220149,"name":"松江市八雲町西岩坂","所在":"島根県","所管":"地方公共団体"},"geometry":{"type":"Point","coordinates":[133.09,35.41]}},{"type":"Feature","properties":{"コード":3220150,"name":"松江市宍道町宍道","所在":"島根県","所管":"地方公共団体"},"geometry":{"type":"Point","coordinates":[132.91,35.41]}},{"type":"Feature","properties":{"コード":3220301,"name":"出雲市今市町","所在":"島根県","所管":"気象庁"},"geometry":{"type":"Point","coordinates":[132.75,35.37]}},{"type":"Feature","properties":{"コード":3220302,"name":"出雲市坂浦町","所在":"島根県","所管":"気象庁"},"geometry":{"type":"Point","coordinates":[132.85,35.5]}},{"type":"Feature","properties":{"コード":3220320,"name":"出雲市塩冶有原町","所在":"島根県","所管":"防災科学技術研究所"},"geometry":{"type":"Point","coordinates":[132.74,35.36]}},{"type":"Feature","properties":{"コード":3220340,"name":"出雲市多伎町小田","所在":"島根県","所管":"地方公共団体"},"geometry":{"type":"Point","coordinates":[132.62,35.28]}},{"type":"Feature","properties":{"コード":3220341,"name":"出雲市佐田町反辺","所在":"島根県","所管":"地方公共団体"},"geometry":{"type":"Point","coordinates":[132.72,35.25]}},{"type":"Feature","properties":{"コード":3220342,"name":"出雲市湖陵町二部","所在":"島根県","所管":"地方公共団体"},"geometry":{"type":"Point","coordinates":[132.67,35.32]}},{"type":"Feature","properties":{"コード":3220343,"name":"出雲市斐川町上庄原","所在":"島根県","所管":"地方公共団体"},"geometry":{"type":"Point","coordinates":[132.84,35.39]}},{"type":"Feature","properties":{"コード":3220344,"name":"出雲市平田町","所在":"島根県","所管":"地方公共団体"},"geometry":{"type":"Point","coordinates":[132.83,35.44]}},{"type":"Feature","properties":{"コード":3220345,"name":"出雲市大社町杵築南","所在":"島根県","所管":"地方公共団体"},"geometry":{"type":"Point","coordinates":[132.69,35.39]}},{"type":"Feature","properties":{"コード":3220620,"name":"安来市広瀬町広瀬祖父谷丁","所在":"島根県","所管":"防災科学技術研究所"},"geometry":{"type":"Point","coordinates":[133.17,35.37]}},{"type":"Feature","properties":{"コード":3220635,"name":"安来市伯太町東母里","所在":"島根県","所管":"地方公共団体"},"geometry":{"type":"Point","coordinates":[133.28,35.36]}},{"type":"Feature","properties":{"コード":3220636,"name":"安来市安来町","所在":"島根県","所管":"地方公共団体"},"geometry":{"type":"Point","coordinates":[133.25,35.43]}},{"type":"Feature","properties":{"コード":3220900,"name":"雲南市大東町大東","所在":"島根県","所管":"気象庁"},"geometry":{"type":"Point","coordinates":[132.97,35.32]}},{"type":"Feature","properties":{"コード":3220939,"name":"雲南市掛合町掛合","所在":"島根県","所管":"地方公共団体"},"geometry":{"type":"Point","coordinates":[132.81,35.2]}},{"type":"Feature","properties":{"コード":3220940,"name":"雲南市三刀屋町三刀屋","所在":"島根県","所管":"地方公共団体"},"geometry":{"type":"Point","coordinates":[132.87,35.29]}},{"type":"Feature","properties":{"コード":3220941,"name":"雲南市加茂町加茂中","所在":"島根県","所管":"地方公共団体"},"geometry":{"type":"Point","coordinates":[132.91,35.35]}},{"type":"Feature","properties":{"コード":3220942,"name":"雲南市吉田町吉田","所在":"島根県","所管":"地方公共団体"},"geometry":{"type":"Point","coordinates":[132.86,35.17]}},{"type":"Feature","properties":{"コード":3220943,"name":"雲南市木次町里方","所在":"島根県","所管":"地方公共団体"},"geometry":{"type":"Point","coordinates":[132.9,35.31]}},{"type":"Feature","properties":{"コード":3234320,"name":"奥出雲町横田","所在":"島根県","所管":"防災科学技術研究所"},"geometry":{"type":"Point","coordinates":[133.09,35.18]}},{"type":"Feature","properties":{"コード":3234334,"name":"奥出雲町三成","所在":"島根県","所管":"地方公共団体"},"geometry":{"type":"Point","coordinates":[133,35.2]}},{"type":"Feature","properties":{"コード":3238635,"name":"飯南町頓原","所在":"島根県","所管":"地方公共団体"},"geometry":{"type":"Point","coordinates":[132.78,35.08]}},{"type":"Feature","properties":{"コード":3238636,"name":"飯南町下赤名","所在":"島根県","所管":"地方公共団体"},"geometry":{"type":"Point","coordinates":[132.71,35]}},{"type":"Feature","properties":{"コード":3220201,"name":"浜田市大辻町","所在":"島根県","所管":"気象庁"},"geometry":{"type":"Point","coordinates":[132.07,34.9]}},{"type":"Feature","properties":{"コード":3220220,"name":"浜田市野原町","所在":"島根県","所管":"防災科学技術研究所"},"geometry":{"type":"Point","coordinates":[132.08,34.89]}},{"type":"Feature","properties":{"コード":3220237,"name":"浜田市金城町下来原","所在":"島根県","所管":"地方公共団体"},"geometry":{"type":"Point","coordinates":[132.16,34.86]}},{"type":"Feature","properties":{"コード":3220238,"name":"浜田市三隅町三隅","所在":"島根県","所管":"地方公共団体"},"geometry":{"type":"Point","coordinates":[131.96,34.78]}},{"type":"Feature","properties":{"コード":3220239,"name":"浜田市旭町今市","所在":"島根県","所管":"地方公共団体"},"geometry":{"type":"Point","coordinates":[132.26,34.86]}},{"type":"Feature","properties":{"コード":3220240,"name":"浜田市弥栄町長安本郷","所在":"島根県","所管":"地方公共団体"},"geometry":{"type":"Point","coordinates":[132.11,34.78]}},{"type":"Feature","properties":{"コード":3220241,"name":"浜田市殿町","所在":"島根県","所管":"地方公共団体"},"geometry":{"type":"Point","coordinates":[132.08,34.9]}},{"type":"Feature","properties":{"コード":3220400,"name":"益田市匹見町石谷","所在":"島根県","所管":"気象庁"},"geometry":{"type":"Point","coordinates":[131.93,34.53]}},{"type":"Feature","properties":{"コード":3220420,"name":"益田市水分町","所在":"島根県","所管":"防災科学技術研究所"},"geometry":{"type":"Point","coordinates":[131.85,34.67]}},{"type":"Feature","properties":{"コード":3220434,"name":"益田市常盤町","所在":"島根県","所管":"地方公共団体"},"geometry":{"type":"Point","coordinates":[131.84,34.67]}},{"type":"Feature","properties":{"コード":3220435,"name":"益田市匹見町匹見","所在":"島根県","所管":"地方公共団体"},"geometry":{"type":"Point","coordinates":[132.01,34.57]}},{"type":"Feature","properties":{"コード":3220436,"name":"益田市美都町都茂","所在":"島根県","所管":"地方公共団体"},"geometry":{"type":"Point","coordinates":[131.99,34.67]}},{"type":"Feature","properties":{"コード":3220534,"name":"大田市仁摩町仁万","所在":"島根県","所管":"地方公共団体"},"geometry":{"type":"Point","coordinates":[132.41,35.15]}},{"type":"Feature","properties":{"コード":3220535,"name":"大田市温泉津町小浜","所在":"島根県","所管":"地方公共団体"},"geometry":{"type":"Point","coordinates":[132.36,35.09]}},{"type":"Feature","properties":{"コード":3220536,"name":"大田市大田町","所在":"島根県","所管":"地方公共団体"},"geometry":{"type":"Point","coordinates":[132.5,35.2]}},{"type":"Feature","properties":{"コード":3220733,"name":"江津市江津町","所在":"島根県","所管":"地方公共団体"},"geometry":{"type":"Point","coordinates":[132.22,35.01]}},{"type":"Feature","properties":{"コード":3220734,"name":"江津市桜江町川戸","所在":"島根県","所管":"地方公共団体"},"geometry":{"type":"Point","coordinates":[132.34,34.96]}},{"type":"Feature","properties":{"コード":3244132,"name":"川本町川本","所在":"島根県","所管":"地方公共団体"},"geometry":{"type":"Point","coordinates":[132.5,35]}},{"type":"Feature","properties":{"コード":3244800,"name":"島根美郷町君谷","所在":"島根県","所管":"気象庁"},"geometry":{"type":"Point","coordinates":[132.51,35.06]}},{"type":"Feature","properties":{"コード":3244833,"name":"島根美郷町粕淵","所在":"島根県","所管":"地方公共団体"},"geometry":{"type":"Point","coordinates":[132.59,35.08]}},{"type":"Feature","properties":{"コード":3244834,"name":"島根美郷町都賀本郷","所在":"島根県","所管":"地方公共団体"},"geometry":{"type":"Point","coordinates":[132.64,34.96]}},{"type":"Feature","properties":{"コード":3244920,"name":"邑南町淀原","所在":"島根県","所管":"防災科学技術研究所"},"geometry":{"type":"Point","coordinates":[132.53,34.85]}},{"type":"Feature","properties":{"コード":3244934,"name":"邑南町下口羽","所在":"島根県","所管":"地方公共団体"},"geometry":{"type":"Point","coordinates":[132.67,34.88]}},{"type":"Feature","properties":{"コード":3244935,"name":"邑南町矢上","所在":"島根県","所管":"地方公共団体"},"geometry":{"type":"Point","coordinates":[132.44,34.89]}},{"type":"Feature","properties":{"コード":3244936,"name":"邑南町瑞穂支所","所在":"島根県","所管":"地方公共団体"},"geometry":{"type":"Point","coordinates":[132.54,34.86]}},{"type":"Feature","properties":{"コード":3250133,"name":"津和野町後田","所在":"島根県","所管":"地方公共団体"},"geometry":{"type":"Point","coordinates":[131.77,34.47]}},{"type":"Feature","properties":{"コード":3250134,"name":"津和野町枕瀬","所在":"島根県","所管":"地方公共団体"},"geometry":{"type":"Point","coordinates":[131.84,34.54]}},{"type":"Feature","properties":{"コード":3250520,"name":"吉賀町六日市","所在":"島根県","所管":"防災科学技術研究所"},"geometry":{"type":"Point","coordinates":[131.94,34.36]}},{"type":"Feature","properties":{"コード":3250533,"name":"吉賀町柿木村柿木","所在":"島根県","所管":"地方公共団体"},"geometry":{"type":"Point","coordinates":[131.87,34.44]}},{"type":"Feature","properties":{"コード":3252531,"name":"海士町海士","所在":"島根県","所管":"地方公共団体"},"geometry":{"type":"Point","coordinates":[133.1,36.1]}},{"type":"Feature","properties":{"コード":3252620,"name":"西ノ島町浦郷小学校","所在":"島根県","所管":"防災科学技術研究所"},"geometry":{"type":"Point","coordinates":[132.98,36.09]}},{"type":"Feature","properties":{"コード":3252731,"name":"知夫村役場","所在":"島根県","所管":"地方公共団体"},"geometry":{"type":"Point","coordinates":[133.04,36.01]}},{"type":"Feature","properties":{"コード":3252801,"name":"隠岐の島町西町","所在":"島根県","所管":"気象庁"},"geometry":{"type":"Point","coordinates":[133.33,36.2]}},{"type":"Feature","properties":{"コード":3252802,"name":"隠岐の島町山田","所在":"島根県","所管":"気象庁"},"geometry":{"type":"Point","coordinates":[133.25,36.29]}},{"type":"Feature","properties":{"コード":3252835,"name":"隠岐の島町下西","所在":"島根県","所管":"地方公共団体"},"geometry":{"type":"Point","coordinates":[133.31,36.21]}},{"type":"Feature","properties":{"コード":3252836,"name":"隠岐の島町布施","所在":"島根県","所管":"地方公共団体"},"geometry":{"type":"Point","coordinates":[133.36,36.29]}},{"type":"Feature","properties":{"コード":3252837,"name":"隠岐の島町都万","所在":"島根県","所管":"地方公共団体"},"geometry":{"type":"Point","coordinates":[133.24,36.2]}},{"type":"Feature","properties":{"コード":3252838,"name":"隠岐の島町北方","所在":"島根県","所管":"地方公共団体"},"geometry":{"type":"Point","coordinates":[133.23,36.29]}},{"type":"Feature","properties":{"コード":3320301,"name":"津山市林田","所在":"岡山県","所管":"気象庁"},"geometry":{"type":"Point","coordinates":[134.01,35.06]}},{"type":"Feature","properties":{"コード":3320320,"name":"津山市小中原","所在":"岡山県","所管":"防災科学技術研究所"},"geometry":{"type":"Point","coordinates":[134.05,35.18]}},{"type":"Feature","properties":{"コード":3320330,"name":"津山市山北","所在":"岡山県","所管":"地方公共団体"},"geometry":{"type":"Point","coordinates":[134,35.07]}},{"type":"Feature","properties":{"コード":3320333,"name":"津山市新野東","所在":"岡山県","所管":"地方公共団体"},"geometry":{"type":"Point","coordinates":[134.11,35.1]}},{"type":"Feature","properties":{"コード":3320334,"name":"津山市中北下","所在":"岡山県","所管":"地方公共団体"},"geometry":{"type":"Point","coordinates":[133.9,35.06]}},{"type":"Feature","properties":{"コード":3320336,"name":"津山市阿波","所在":"岡山県","所管":"地方公共団体"},"geometry":{"type":"Point","coordinates":[134.11,35.24]}},{"type":"Feature","properties":{"コード":3320337,"name":"津山市加茂町","所在":"岡山県","所管":"地方公共団体"},"geometry":{"type":"Point","coordinates":[134.06,35.18]}},{"type":"Feature","properties":{"コード":3321000,"name":"新見市新見","所在":"岡山県","所管":"気象庁"},"geometry":{"type":"Point","coordinates":[133.47,34.98]}},{"type":"Feature","properties":{"コード":3321020,"name":"新見市唐松","所在":"岡山県","所管":"防災科学技術研究所"},"geometry":{"type":"Point","coordinates":[133.5,34.96]}},{"type":"Feature","properties":{"コード":3321032,"name":"新見市神郷下神代","所在":"岡山県","所管":"地方公共団体"},"geometry":{"type":"Point","coordinates":[133.4,34.99]}},{"type":"Feature","properties":{"コード":3321033,"name":"新見市哲多町本郷","所在":"岡山県","所管":"地方公共団体"},"geometry":{"type":"Point","coordinates":[133.45,34.94]}},{"type":"Feature","properties":{"コード":3321034,"name":"新見市哲西町矢田","所在":"岡山県","所管":"地方公共団体"},"geometry":{"type":"Point","coordinates":[133.33,34.93]}},{"type":"Feature","properties":{"コード":3321035,"name":"新見市大佐小阪部","所在":"岡山県","所管":"地方公共団体"},"geometry":{"type":"Point","coordinates":[133.57,35.08]}},{"type":"Feature","properties":{"コード":3321036,"name":"新見市千屋実","所在":"岡山県","所管":"地方公共団体"},"geometry":{"type":"Point","coordinates":[133.44,35.11]}},{"type":"Feature","properties":{"コード":3321420,"name":"真庭市下方","所在":"岡山県","所管":"防災科学技術研究所"},"geometry":{"type":"Point","coordinates":[133.73,35.01]}},{"type":"Feature","properties":{"コード":3321422,"name":"真庭市禾津","所在":"岡山県","所管":"防災科学技術研究所"},"geometry":{"type":"Point","coordinates":[133.73,35.17]}},{"type":"Feature","properties":{"コード":3321430,"name":"真庭市下呰部","所在":"岡山県","所管":"地方公共団体"},"geometry":{"type":"Point","coordinates":[133.63,34.96]}},{"type":"Feature","properties":{"コード":3321431,"name":"真庭市勝山","所在":"岡山県","所管":"地方公共団体"},"geometry":{"type":"Point","coordinates":[133.69,35.09]}},{"type":"Feature","properties":{"コード":3321433,"name":"真庭市豊栄","所在":"岡山県","所管":"地方公共団体"},"geometry":{"type":"Point","coordinates":[133.73,35.19]}},{"type":"Feature","properties":{"コード":3321438,"name":"真庭市蒜山下和","所在":"岡山県","所管":"地方公共団体"},"geometry":{"type":"Point","coordinates":[133.78,35.27]}},{"type":"Feature","properties":{"コード":3321439,"name":"真庭市蒜山下福田","所在":"岡山県","所管":"地方公共団体"},"geometry":{"type":"Point","coordinates":[133.69,35.28]}},{"type":"Feature","properties":{"コード":3321440,"name":"真庭市美甘","所在":"岡山県","所管":"地方公共団体"},"geometry":{"type":"Point","coordinates":[133.62,35.16]}},{"type":"Feature","properties":{"コード":3321441,"name":"真庭市蒜山上福田","所在":"岡山県","所管":"地方公共団体"},"geometry":{"type":"Point","coordinates":[133.64,35.28]}},{"type":"Feature","properties":{"コード":3321442,"name":"真庭市久世","所在":"岡山県","所管":"地方公共団体"},"geometry":{"type":"Point","coordinates":[133.75,35.08]}},{"type":"Feature","properties":{"コード":3321443,"name":"真庭市落合垂水","所在":"岡山県","所管":"地方公共団体"},"geometry":{"type":"Point","coordinates":[133.75,35.01]}},{"type":"Feature","properties":{"コード":3321500,"name":"美作市尾谷","所在":"岡山県","所管":"気象庁"},"geometry":{"type":"Point","coordinates":[134.17,34.94]}},{"type":"Feature","properties":{"コード":3321530,"name":"美作市真加部","所在":"岡山県","所管":"地方公共団体"},"geometry":{"type":"Point","coordinates":[134.19,35.07]}},{"type":"Feature","properties":{"コード":3321531,"name":"美作市古町","所在":"岡山県","所管":"地方公共団体"},"geometry":{"type":"Point","coordinates":[134.33,35.12]}},{"type":"Feature","properties":{"コード":3321535,"name":"美作市福本","所在":"岡山県","所管":"地方公共団体"},"geometry":{"type":"Point","coordinates":[134.13,34.94]}},{"type":"Feature","properties":{"コード":3321536,"name":"美作市江見","所在":"岡山県","所管":"地方公共団体"},"geometry":{"type":"Point","coordinates":[134.23,35.02]}},{"type":"Feature","properties":{"コード":3321537,"name":"美作市太田","所在":"岡山県","所管":"地方公共団体"},"geometry":{"type":"Point","coordinates":[134.36,35.15]}},{"type":"Feature","properties":{"コード":3358630,"name":"新庄村役場","所在":"岡山県","所管":"地方公共団体"},"geometry":{"type":"Point","coordinates":[133.57,35.18]}},{"type":"Feature","properties":{"コード":3360632,"name":"鏡野町井坂","所在":"岡山県","所管":"地方公共団体"},"geometry":{"type":"Point","coordinates":[133.91,35.19]}},{"type":"Feature","properties":{"コード":3360634,"name":"鏡野町富西谷","所在":"岡山県","所管":"地方公共団体"},"geometry":{"type":"Point","coordinates":[133.84,35.16]}},{"type":"Feature","properties":{"コード":3360635,"name":"鏡野町竹田","所在":"岡山県","所管":"地方公共団体"},"geometry":{"type":"Point","coordinates":[133.93,35.09]}},{"type":"Feature","properties":{"コード":3360636,"name":"鏡野町上齋原","所在":"岡山県","所管":"地方公共団体"},"geometry":{"type":"Point","coordinates":[133.93,35.28]}},{"type":"Feature","properties":{"コード":3362230,"name":"勝央町勝間田","所在":"岡山県","所管":"地方公共団体"},"geometry":{"type":"Point","coordinates":[134.12,35.04]}},{"type":"Feature","properties":{"コード":3362330,"name":"奈義町豊沢","所在":"岡山県","所管":"地方公共団体"},"geometry":{"type":"Point","coordinates":[134.18,35.12]}},{"type":"Feature","properties":{"コード":3364331,"name":"西粟倉村影石","所在":"岡山県","所管":"地方公共団体"},"geometry":{"type":"Point","coordinates":[134.34,35.17]}},{"type":"Feature","properties":{"コード":3366332,"name":"久米南町下弓削","所在":"岡山県","所管":"地方公共団体"},"geometry":{"type":"Point","coordinates":[133.96,34.93]}},{"type":"Feature","properties":{"コード":3366633,"name":"岡山美咲町久木","所在":"岡山県","所管":"地方公共団体"},"geometry":{"type":"Point","coordinates":[134.06,34.95]}},{"type":"Feature","properties":{"コード":3366634,"name":"岡山美咲町原田","所在":"岡山県","所管":"地方公共団体"},"geometry":{"type":"Point","coordinates":[133.96,35]}},{"type":"Feature","properties":{"コード":3310100,"name":"岡山北区桑田町","所在":"岡山県","所管":"気象庁"},"geometry":{"type":"Point","coordinates":[133.92,34.66]}},{"type":"Feature","properties":{"コード":3310101,"name":"岡山北区足守","所在":"岡山県","所管":"気象庁"},"geometry":{"type":"Point","coordinates":[133.8,34.73]}},{"type":"Feature","properties":{"コード":3310120,"name":"岡山北区新屋敷","所在":"岡山県","所管":"防災科学技術研究所"},"geometry":{"type":"Point","coordinates":[133.91,34.66]}},{"type":"Feature","properties":{"コード":3310131,"name":"岡山北区御津金川","所在":"岡山県","所管":"地方公共団体"},"geometry":{"type":"Point","coordinates":[133.94,34.8]}},{"type":"Feature","properties":{"コード":3310132,"name":"岡山北区建部町","所在":"岡山県","所管":"地方公共団体"},"geometry":{"type":"Point","coordinates":[133.9,34.87]}},{"type":"Feature","properties":{"コード":3310231,"name":"岡山中区浜","所在":"岡山県","所管":"地方公共団体"},"geometry":{"type":"Point","coordinates":[133.94,34.67]}},{"type":"Feature","properties":{"コード":3310330,"name":"岡山東区瀬戸町","所在":"岡山県","所管":"地方公共団体"},"geometry":{"type":"Point","coordinates":[134.04,34.73]}},{"type":"Feature","properties":{"コード":3310332,"name":"岡山東区西大寺南","所在":"岡山県","所管":"地方公共団体"},"geometry":{"type":"Point","coordinates":[134.03,34.65]}},{"type":"Feature","properties":{"コード":3310430,"name":"岡山南区片岡","所在":"岡山県","所管":"地方公共団体"},"geometry":{"type":"Point","coordinates":[133.87,34.54]}},{"type":"Feature","properties":{"コード":3310431,"name":"岡山南区浦安南町","所在":"岡山県","所管":"地方公共団体"},"geometry":{"type":"Point","coordinates":[133.93,34.59]}},{"type":"Feature","properties":{"コード":3320200,"name":"倉敷市新田","所在":"岡山県","所管":"気象庁"},"geometry":{"type":"Point","coordinates":[133.77,34.58]}},{"type":"Feature","properties":{"コード":3320220,"name":"倉敷市沖","所在":"岡山県","所管":"防災科学技術研究所"},"geometry":{"type":"Point","coordinates":[133.75,34.59]}},{"type":"Feature","properties":{"コード":3320221,"name":"倉敷市下津井","所在":"岡山県","所管":"防災科学技術研究所"},"geometry":{"type":"Point","coordinates":[133.79,34.45]}},{"type":"Feature","properties":{"コード":3320230,"name":"倉敷市白楽町","所在":"岡山県","所管":"地方公共団体"},"geometry":{"type":"Point","coordinates":[133.76,34.59]}},{"type":"Feature","properties":{"コード":3320232,"name":"倉敷市真備町","所在":"岡山県","所管":"地方公共団体"},"geometry":{"type":"Point","coordinates":[133.69,34.63]}},{"type":"Feature","properties":{"コード":3320233,"name":"倉敷市児島小川町","所在":"岡山県","所管":"地方公共団体"},"geometry":{"type":"Point","coordinates":[133.81,34.47]}},{"type":"Feature","properties":{"コード":3320234,"name":"倉敷市水島北幸町","所在":"岡山県","所管":"地方公共団体"},"geometry":{"type":"Point","coordinates":[133.74,34.54]}},{"type":"Feature","properties":{"コード":3320235,"name":"倉敷市玉島阿賀崎","所在":"岡山県","所管":"地方公共団体"},"geometry":{"type":"Point","coordinates":[133.67,34.55]}},{"type":"Feature","properties":{"コード":3320236,"name":"倉敷市船穂町","所在":"岡山県","所管":"地方公共団体"},"geometry":{"type":"Point","coordinates":[133.71,34.58]}},{"type":"Feature","properties":{"コード":3320431,"name":"玉野市田井","所在":"岡山県","所管":"地方公共団体"},"geometry":{"type":"Point","coordinates":[133.93,34.52]}},{"type":"Feature","properties":{"コード":3320520,"name":"笠岡市殿川","所在":"岡山県","所管":"防災科学技術研究所"},"geometry":{"type":"Point","coordinates":[133.51,34.51]}},{"type":"Feature","properties":{"コード":3320530,"name":"笠岡市笠岡","所在":"岡山県","所管":"地方公共団体"},"geometry":{"type":"Point","coordinates":[133.51,34.51]}},{"type":"Feature","properties":{"コード":3320732,"name":"井原市井原町","所在":"岡山県","所管":"地方公共団体"},"geometry":{"type":"Point","coordinates":[133.46,34.6]}},{"type":"Feature","properties":{"コード":3320733,"name":"井原市美星町","所在":"岡山県","所管":"地方公共団体"},"geometry":{"type":"Point","coordinates":[133.54,34.68]}},{"type":"Feature","properties":{"コード":3320734,"name":"井原市芳井町","所在":"岡山県","所管":"地方公共団体"},"geometry":{"type":"Point","coordinates":[133.43,34.63]}},{"type":"Feature","properties":{"コード":3320834,"name":"総社市地頭片山","所在":"岡山県","所管":"地方公共団体"},"geometry":{"type":"Point","coordinates":[133.77,34.66]}},{"type":"Feature","properties":{"コード":3320835,"name":"総社市清音軽部","所在":"岡山県","所管":"地方公共団体"},"geometry":{"type":"Point","coordinates":[133.74,34.65]}},{"type":"Feature","properties":{"コード":3320836,"name":"総社市小寺","所在":"岡山県","所管":"地方公共団体"},"geometry":{"type":"Point","coordinates":[133.75,34.68]}},{"type":"Feature","properties":{"コード":3320920,"name":"高梁市原田南町","所在":"岡山県","所管":"防災科学技術研究所"},"geometry":{"type":"Point","coordinates":[133.61,34.78]}},{"type":"Feature","properties":{"コード":3320934,"name":"高梁市備中町","所在":"岡山県","所管":"地方公共団体"},"geometry":{"type":"Point","coordinates":[133.46,34.79]}},{"type":"Feature","properties":{"コード":3320935,"name":"高梁市有漢町","所在":"岡山県","所管":"地方公共団体"},"geometry":{"type":"Point","coordinates":[133.66,34.9]}},{"type":"Feature","properties":{"コード":3320936,"name":"高梁市松原通","所在":"岡山県","所管":"地方公共団体"},"geometry":{"type":"Point","coordinates":[133.62,34.79]}},{"type":"Feature","properties":{"コード":3320937,"name":"高梁市成羽町","所在":"岡山県","所管":"地方公共団体"},"geometry":{"type":"Point","coordinates":[133.54,34.78]}},{"type":"Feature","properties":{"コード":3320938,"name":"高梁市川上町","所在":"岡山県","所管":"地方公共団体"},"geometry":{"type":"Point","coordinates":[133.48,34.74]}},{"type":"Feature","properties":{"コード":3321100,"name":"備前市伊部","所在":"岡山県","所管":"気象庁"},"geometry":{"type":"Point","coordinates":[134.14,34.74]}},{"type":"Feature","properties":{"コード":3321121,"name":"備前市福田","所在":"岡山県","所管":"防災科学技術研究所"},"geometry":{"type":"Point","coordinates":[134.12,34.72]}},{"type":"Feature","properties":{"コード":3321131,"name":"備前市日生町","所在":"岡山県","所管":"地方公共団体"},"geometry":{"type":"Point","coordinates":[134.27,34.73]}},{"type":"Feature","properties":{"コード":3321133,"name":"備前市吉永町","所在":"岡山県","所管":"地方公共団体"},"geometry":{"type":"Point","coordinates":[134.21,34.82]}},{"type":"Feature","properties":{"コード":3321134,"name":"備前市東片上","所在":"岡山県","所管":"地方公共団体"},"geometry":{"type":"Point","coordinates":[134.19,34.75]}},{"type":"Feature","properties":{"コード":3321231,"name":"瀬戸内市牛窓町","所在":"岡山県","所管":"地方公共団体"},"geometry":{"type":"Point","coordinates":[134.15,34.62]}},{"type":"Feature","properties":{"コード":3321232,"name":"瀬戸内市邑久町","所在":"岡山県","所管":"地方公共団体"},"geometry":{"type":"Point","coordinates":[134.09,34.66]}},{"type":"Feature","properties":{"コード":3321234,"name":"瀬戸内市長船町","所在":"岡山県","所管":"地方公共団体"},"geometry":{"type":"Point","coordinates":[134.1,34.7]}},{"type":"Feature","properties":{"コード":3321300,"name":"赤磐市上市","所在":"岡山県","所管":"気象庁"},"geometry":{"type":"Point","coordinates":[134.02,34.75]}},{"type":"Feature","properties":{"コード":3321330,"name":"赤磐市町苅田","所在":"岡山県","所管":"地方公共団体"},"geometry":{"type":"Point","coordinates":[134.01,34.8]}},{"type":"Feature","properties":{"コード":3321332,"name":"赤磐市周匝","所在":"岡山県","所管":"地方公共団体"},"geometry":{"type":"Point","coordinates":[134.09,34.92]}},{"type":"Feature","properties":{"コード":3321333,"name":"赤磐市松木","所在":"岡山県","所管":"地方公共団体"},"geometry":{"type":"Point","coordinates":[134.1,34.79]}},{"type":"Feature","properties":{"コード":3321600,"name":"浅口市天草公園","所在":"岡山県","所管":"気象庁"},"geometry":{"type":"Point","coordinates":[133.58,34.53]}},{"type":"Feature","properties":{"コード":3321632,"name":"浅口市寄島町","所在":"岡山県","所管":"地方公共団体"},"geometry":{"type":"Point","coordinates":[133.59,34.48]}},{"type":"Feature","properties":{"コード":3321633,"name":"浅口市鴨方町","所在":"岡山県","所管":"地方公共団体"},"geometry":{"type":"Point","coordinates":[133.59,34.53]}},{"type":"Feature","properties":{"コード":3321634,"name":"浅口市金光町","所在":"岡山県","所管":"地方公共団体"},"geometry":{"type":"Point","coordinates":[133.62,34.54]}},{"type":"Feature","properties":{"コード":3334630,"name":"和気町尺所","所在":"岡山県","所管":"地方公共団体"},"geometry":{"type":"Point","coordinates":[134.16,34.8]}},{"type":"Feature","properties":{"コード":3334632,"name":"和気町矢田","所在":"岡山県","所管":"地方公共団体"},"geometry":{"type":"Point","coordinates":[134.1,34.85]}},{"type":"Feature","properties":{"コード":3342330,"name":"早島町前潟","所在":"岡山県","所管":"地方公共団体"},"geometry":{"type":"Point","coordinates":[133.83,34.6]}},{"type":"Feature","properties":{"コード":3344530,"name":"里庄町里見","所在":"岡山県","所管":"地方公共団体"},"geometry":{"type":"Point","coordinates":[133.56,34.51]}},{"type":"Feature","properties":{"コード":3346130,"name":"矢掛町矢掛","所在":"岡山県","所管":"地方公共団体"},"geometry":{"type":"Point","coordinates":[133.59,34.63]}},{"type":"Feature","properties":{"コード":3368130,"name":"吉備中央町下加茂","所在":"岡山県","所管":"地方公共団体"},"geometry":{"type":"Point","coordinates":[133.81,34.86]}},{"type":"Feature","properties":{"コード":3368131,"name":"吉備中央町豊野","所在":"岡山県","所管":"地方公共団体"},"geometry":{"type":"Point","coordinates":[133.69,34.86]}},{"type":"Feature","properties":{"コード":3420900,"name":"広島三次市十日市中","所在":"広島県","所管":"気象庁"},"geometry":{"type":"Point","coordinates":[132.86,34.81]}},{"type":"Feature","properties":{"コード":3420920,"name":"広島三次市三次町","所在":"広島県","所管":"防災科学技術研究所"},"geometry":{"type":"Point","coordinates":[132.84,34.81]}},{"type":"Feature","properties":{"コード":3420921,"name":"広島三次市甲奴図書館","所在":"広島県","所管":"防災科学技術研究所"},"geometry":{"type":"Point","coordinates":[133.09,34.7]}},{"type":"Feature","properties":{"コード":3420933,"name":"広島三次市布野町","所在":"広島県","所管":"地方公共団体"},"geometry":{"type":"Point","coordinates":[132.78,34.88]}},{"type":"Feature","properties":{"コード":3420934,"name":"広島三次市作木町","所在":"広島県","所管":"地方公共団体"},"geometry":{"type":"Point","coordinates":[132.72,34.87]}},{"type":"Feature","properties":{"コード":3420937,"name":"広島三次市三和町","所在":"広島県","所管":"地方公共団体"},"geometry":{"type":"Point","coordinates":[132.84,34.66]}},{"type":"Feature","properties":{"コード":3420938,"name":"広島三次市三良坂町","所在":"広島県","所管":"地方公共団体"},"geometry":{"type":"Point","coordinates":[132.96,34.76]}},{"type":"Feature","properties":{"コード":3420939,"name":"広島三次市君田町","所在":"広島県","所管":"地方公共団体"},"geometry":{"type":"Point","coordinates":[132.85,34.88]}},{"type":"Feature","properties":{"コード":3420941,"name":"広島三次市吉舎町","所在":"広島県","所管":"地方公共団体"},"geometry":{"type":"Point","coordinates":[132.99,34.72]}},{"type":"Feature","properties":{"コード":3421000,"name":"庄原市西城町熊野","所在":"広島県","所管":"気象庁"},"geometry":{"type":"Point","coordinates":[133.11,35]}},{"type":"Feature","properties":{"コード":3421020,"name":"庄原市西城町大佐","所在":"広島県","所管":"防災科学技術研究所"},"geometry":{"type":"Point","coordinates":[133.12,34.94]}},{"type":"Feature","properties":{"コード":3421021,"name":"庄原市東城町","所在":"広島県","所管":"防災科学技術研究所"},"geometry":{"type":"Point","coordinates":[133.28,34.9]}},{"type":"Feature","properties":{"コード":3421022,"name":"庄原市高野町","所在":"広島県","所管":"防災科学技術研究所"},"geometry":{"type":"Point","coordinates":[132.9,35.03]}},{"type":"Feature","properties":{"コード":3421031,"name":"庄原市総領町","所在":"広島県","所管":"地方公共団体"},"geometry":{"type":"Point","coordinates":[133.07,34.78]}},{"type":"Feature","properties":{"コード":3421034,"name":"庄原市口和町","所在":"広島県","所管":"地方公共団体"},"geometry":{"type":"Point","coordinates":[132.9,34.92]}},{"type":"Feature","properties":{"コード":3421036,"name":"庄原市比和町","所在":"広島県","所管":"地方公共団体"},"geometry":{"type":"Point","coordinates":[132.99,34.98]}},{"type":"Feature","properties":{"コード":3421037,"name":"庄原市中本町","所在":"広島県","所管":"地方公共団体"},"geometry":{"type":"Point","coordinates":[133.02,34.86]}},{"type":"Feature","properties":{"コード":3421421,"name":"安芸高田市向原町長田","所在":"広島県","所管":"防災科学技術研究所"},"geometry":{"type":"Point","coordinates":[132.72,34.6]}},{"type":"Feature","properties":{"コード":3421431,"name":"安芸高田市八千代町","所在":"広島県","所管":"地方公共団体"},"geometry":{"type":"Point","coordinates":[132.61,34.62]}},{"type":"Feature","properties":{"コード":3421433,"name":"安芸高田市高宮町","所在":"広島県","所管":"地方公共団体"},"geometry":{"type":"Point","coordinates":[132.72,34.77]}},{"type":"Feature","properties":{"コード":3421435,"name":"安芸高田市向原町","所在":"広島県","所管":"地方公共団体"},"geometry":{"type":"Point","coordinates":[132.72,34.61]}},{"type":"Feature","properties":{"コード":3421437,"name":"安芸高田市吉田町","所在":"広島県","所管":"地方公共団体"},"geometry":{"type":"Point","coordinates":[132.7,34.67]}},{"type":"Feature","properties":{"コード":3421438,"name":"安芸高田市美土里町","所在":"広島県","所管":"地方公共団体"},"geometry":{"type":"Point","coordinates":[132.63,34.73]}},{"type":"Feature","properties":{"コード":3421439,"name":"安芸高田市甲田町","所在":"広島県","所管":"地方公共団体"},"geometry":{"type":"Point","coordinates":[132.76,34.7]}},{"type":"Feature","properties":{"コード":3436830,"name":"安芸太田町加計","所在":"広島県","所管":"地方公共団体"},"geometry":{"type":"Point","coordinates":[132.32,34.61]}},{"type":"Feature","properties":{"コード":3436833,"name":"安芸太田町中筒賀","所在":"広島県","所管":"地方公共団体"},"geometry":{"type":"Point","coordinates":[132.25,34.56]}},{"type":"Feature","properties":{"コード":3436834,"name":"安芸太田町戸河内","所在":"広島県","所管":"地方公共団体"},"geometry":{"type":"Point","coordinates":[132.23,34.58]}},{"type":"Feature","properties":{"コード":3436901,"name":"北広島町都志見","所在":"広島県","所管":"気象庁"},"geometry":{"type":"Point","coordinates":[132.42,34.67]}},{"type":"Feature","properties":{"コード":3436902,"name":"北広島町有田","所在":"広島県","所管":"気象庁"},"geometry":{"type":"Point","coordinates":[132.54,34.67]}},{"type":"Feature","properties":{"コード":3436920,"name":"北広島町豊平郵便局","所在":"広島県","所管":"防災科学技術研究所"},"geometry":{"type":"Point","coordinates":[132.41,34.67]}},{"type":"Feature","properties":{"コード":3436921,"name":"北広島町川小田","所在":"広島県","所管":"防災科学技術研究所"},"geometry":{"type":"Point","coordinates":[132.28,34.73]}},{"type":"Feature","properties":{"コード":3436931,"name":"北広島町大朝","所在":"広島県","所管":"地方公共団体"},"geometry":{"type":"Point","coordinates":[132.46,34.77]}},{"type":"Feature","properties":{"コード":3420400,"name":"三原市円一町","所在":"広島県","所管":"気象庁"},"geometry":{"type":"Point","coordinates":[133.08,34.39]}},{"type":"Feature","properties":{"コード":3420401,"name":"広島空港","所在":"広島県","所管":"気象庁"},"geometry":{"type":"Point","coordinates":[132.92,34.44]}},{"type":"Feature","properties":{"コード":3420420,"name":"三原市館町","所在":"広島県","所管":"防災科学技術研究所"},"geometry":{"type":"Point","coordinates":[133.08,34.4]}},{"type":"Feature","properties":{"コード":3420433,"name":"三原市大和町","所在":"広島県","所管":"地方公共団体"},"geometry":{"type":"Point","coordinates":[132.95,34.54]}},{"type":"Feature","properties":{"コード":3420436,"name":"三原市久井町","所在":"広島県","所管":"地方公共団体"},"geometry":{"type":"Point","coordinates":[133.03,34.52]}},{"type":"Feature","properties":{"コード":3420437,"name":"三原市本郷南","所在":"広島県","所管":"地方公共団体"},"geometry":{"type":"Point","coordinates":[132.99,34.41]}},{"type":"Feature","properties":{"コード":3420520,"name":"尾道市長江","所在":"広島県","所管":"防災科学技術研究所"},"geometry":{"type":"Point","coordinates":[133.2,34.42]}},{"type":"Feature","properties":{"コード":3420522,"name":"尾道市因島土生町","所在":"広島県","所管":"防災科学技術研究所"},"geometry":{"type":"Point","coordinates":[133.18,34.29]}},{"type":"Feature","properties":{"コード":3420535,"name":"尾道市向島町","所在":"広島県","所管":"地方公共団体"},"geometry":{"type":"Point","coordinates":[133.2,34.4]}},{"type":"Feature","properties":{"コード":3420537,"name":"尾道市瀬戸田町","所在":"広島県","所管":"地方公共団体"},"geometry":{"type":"Point","coordinates":[133.1,34.31]}},{"type":"Feature","properties":{"コード":3420538,"name":"尾道市御調町","所在":"広島県","所管":"地方公共団体"},"geometry":{"type":"Point","coordinates":[133.15,34.51]}},{"type":"Feature","properties":{"コード":3420539,"name":"尾道市久保","所在":"広島県","所管":"地方公共団体"},"geometry":{"type":"Point","coordinates":[133.21,34.41]}},{"type":"Feature","properties":{"コード":3420700,"name":"福山市松永町","所在":"広島県","所管":"気象庁"},"geometry":{"type":"Point","coordinates":[133.25,34.45]}},{"type":"Feature","properties":{"コード":3420720,"name":"福山市東桜町","所在":"広島県","所管":"防災科学技術研究所"},"geometry":{"type":"Point","coordinates":[133.36,34.49]}},{"type":"Feature","properties":{"コード":3420731,"name":"福山市駅家町","所在":"広島県","所管":"地方公共団体"},"geometry":{"type":"Point","coordinates":[133.33,34.55]}},{"type":"Feature","properties":{"コード":3420739,"name":"福山市鞆町","所在":"広島県","所管":"地方公共団体"},"geometry":{"type":"Point","coordinates":[133.38,34.38]}},{"type":"Feature","properties":{"コード":3420740,"name":"福山市新市町","所在":"広島県","所管":"地方公共団体"},"geometry":{"type":"Point","coordinates":[133.27,34.56]}},{"type":"Feature","properties":{"コード":3420741,"name":"福山市沼隈町","所在":"広島県","所管":"地方公共団体"},"geometry":{"type":"Point","coordinates":[133.32,34.39]}},{"type":"Feature","properties":{"コード":3420743,"name":"福山市神辺町","所在":"広島県","所管":"地方公共団体"},"geometry":{"type":"Point","coordinates":[133.37,34.55]}},{"type":"Feature","properties":{"コード":3420744,"name":"福山市内海町","所在":"広島県","所管":"地方公共団体"},"geometry":{"type":"Point","coordinates":[133.29,34.36]}},{"type":"Feature","properties":{"コード":3420821,"name":"広島府中市府川町","所在":"広島県","所管":"防災科学技術研究所"},"geometry":{"type":"Point","coordinates":[133.24,34.57]}},{"type":"Feature","properties":{"コード":3420832,"name":"広島府中市上下町上下","所在":"広島県","所管":"地方公共団体"},"geometry":{"type":"Point","coordinates":[133.12,34.7]}},{"type":"Feature","properties":{"コード":3446220,"name":"世羅町東神崎","所在":"広島県","所管":"防災科学技術研究所"},"geometry":{"type":"Point","coordinates":[133.05,34.58]}},{"type":"Feature","properties":{"コード":3446231,"name":"世羅町西上原","所在":"広島県","所管":"地方公共団体"},"geometry":{"type":"Point","coordinates":[133.06,34.59]}},{"type":"Feature","properties":{"コード":3446232,"name":"世羅町小国","所在":"広島県","所管":"地方公共団体"},"geometry":{"type":"Point","coordinates":[132.93,34.62]}},{"type":"Feature","properties":{"コード":3454520,"name":"神石高原町油木","所在":"広島県","所管":"防災科学技術研究所"},"geometry":{"type":"Point","coordinates":[133.28,34.78]}},{"type":"Feature","properties":{"コード":3454534,"name":"神石高原町高光","所在":"広島県","所管":"地方公共団体"},"geometry":{"type":"Point","coordinates":[133.18,34.8]}},{"type":"Feature","properties":{"コード":3454535,"name":"神石高原町下豊松","所在":"広島県","所管":"地方公共団体"},"geometry":{"type":"Point","coordinates":[133.34,34.78]}},{"type":"Feature","properties":{"コード":3454536,"name":"神石高原町小畠","所在":"広島県","所管":"地方公共団体"},"geometry":{"type":"Point","coordinates":[133.25,34.7]}},{"type":"Feature","properties":{"コード":3410100,"name":"広島中区上八丁堀","所在":"広島県","所管":"気象庁"},"geometry":{"type":"Point","coordinates":[132.46,34.4]}},{"type":"Feature","properties":{"コード":3410120,"name":"広島中区羽衣町","所在":"広島県","所管":"防災科学技術研究所"},"geometry":{"type":"Point","coordinates":[132.45,34.38]}},{"type":"Feature","properties":{"コード":3410231,"name":"広島東区福田","所在":"広島県","所管":"地方公共団体"},"geometry":{"type":"Point","coordinates":[132.55,34.46]}},{"type":"Feature","properties":{"コード":3410330,"name":"広島南区宇品海岸","所在":"広島県","所管":"地方公共団体"},"geometry":{"type":"Point","coordinates":[132.46,34.35]}},{"type":"Feature","properties":{"コード":3410430,"name":"広島西区己斐","所在":"広島県","所管":"地方公共団体"},"geometry":{"type":"Point","coordinates":[132.42,34.41]}},{"type":"Feature","properties":{"コード":3410531,"name":"広島安佐南区祇園","所在":"広島県","所管":"地方公共団体"},"geometry":{"type":"Point","coordinates":[132.46,34.44]}},{"type":"Feature","properties":{"コード":3410630,"name":"広島安佐北区可部南","所在":"広島県","所管":"地方公共団体"},"geometry":{"type":"Point","coordinates":[132.51,34.5]}},{"type":"Feature","properties":{"コード":3410730,"name":"広島安芸区中野","所在":"広島県","所管":"地方公共団体"},"geometry":{"type":"Point","coordinates":[132.58,34.4]}},{"type":"Feature","properties":{"コード":3410830,"name":"広島佐伯区利松","所在":"広島県","所管":"地方公共団体"},"geometry":{"type":"Point","coordinates":[132.36,34.4]}},{"type":"Feature","properties":{"コード":3410832,"name":"広島佐伯区湯来町和田","所在":"広島県","所管":"地方公共団体"},"geometry":{"type":"Point","coordinates":[132.27,34.49]}},{"type":"Feature","properties":{"コード":3420200,"name":"呉市宝町","所在":"広島県","所管":"気象庁"},"geometry":{"type":"Point","coordinates":[132.55,34.24]}},{"type":"Feature","properties":{"コード":3420202,"name":"呉市音戸中学校","所在":"広島県","所管":"気象庁"},"geometry":{"type":"Point","coordinates":[132.53,34.18]}},{"type":"Feature","properties":{"コード":3420221,"name":"呉市二河町","所在":"広島県","所管":"防災科学技術研究所"},"geometry":{"type":"Point","coordinates":[132.56,34.25]}},{"type":"Feature","properties":{"コード":3420230,"name":"呉市広","所在":"広島県","所管":"地方公共団体"},"geometry":{"type":"Point","coordinates":[132.61,34.23]}},{"type":"Feature","properties":{"コード":3420232,"name":"呉市郷原町","所在":"広島県","所管":"地方公共団体"},"geometry":{"type":"Point","coordinates":[132.65,34.3]}},{"type":"Feature","properties":{"コード":3420234,"name":"呉市下蒲刈町","所在":"広島県","所管":"地方公共団体"},"geometry":{"type":"Point","coordinates":[132.68,34.19]}},{"type":"Feature","properties":{"コード":3420240,"name":"呉市豊浜町","所在":"広島県","所管":"地方公共団体"},"geometry":{"type":"Point","coordinates":[132.8,34.18]}},{"type":"Feature","properties":{"コード":3420242,"name":"呉市焼山","所在":"広島県","所管":"地方公共団体"},"geometry":{"type":"Point","coordinates":[132.56,34.3]}},{"type":"Feature","properties":{"コード":3420243,"name":"呉市川尻町","所在":"広島県","所管":"地方公共団体"},"geometry":{"type":"Point","coordinates":[132.7,34.24]}},{"type":"Feature","properties":{"コード":3420244,"name":"呉市音戸町","所在":"広島県","所管":"地方公共団体"},"geometry":{"type":"Point","coordinates":[132.54,34.19]}},{"type":"Feature","properties":{"コード":3420245,"name":"呉市蒲刈町","所在":"広島県","所管":"地方公共団体"},"geometry":{"type":"Point","coordinates":[132.73,34.2]}},{"type":"Feature","properties":{"コード":3420246,"name":"呉市安浦町","所在":"広島県","所管":"地方公共団体"},"geometry":{"type":"Point","coordinates":[132.74,34.28]}},{"type":"Feature","properties":{"コード":3420247,"name":"呉市豊町","所在":"広島県","所管":"地方公共団体"},"geometry":{"type":"Point","coordinates":[132.86,34.18]}},{"type":"Feature","properties":{"コード":3420320,"name":"竹原市中央","所在":"広島県","所管":"防災科学技術研究所"},"geometry":{"type":"Point","coordinates":[132.91,34.34]}},{"type":"Feature","properties":{"コード":3421130,"name":"大竹市小方","所在":"広島県","所管":"地方公共団体"},"geometry":{"type":"Point","coordinates":[132.22,34.24]}},{"type":"Feature","properties":{"コード":3421200,"name":"東広島市黒瀬町","所在":"広島県","所管":"気象庁"},"geometry":{"type":"Point","coordinates":[132.68,34.32]}},{"type":"Feature","properties":{"コード":3421220,"name":"東広島市西条栄町","所在":"広島県","所管":"防災科学技術研究所"},"geometry":{"type":"Point","coordinates":[132.74,34.43]}},{"type":"Feature","properties":{"コード":3421235,"name":"東広島市福富町","所在":"広島県","所管":"地方公共団体"},"geometry":{"type":"Point","coordinates":[132.78,34.54]}},{"type":"Feature","properties":{"コード":3421236,"name":"東広島市豊栄町","所在":"広島県","所管":"地方公共団体"},"geometry":{"type":"Point","coordinates":[132.83,34.56]}},{"type":"Feature","properties":{"コード":3421237,"name":"東広島市河内町","所在":"広島県","所管":"地方公共団体"},"geometry":{"type":"Point","coordinates":[132.89,34.47]}},{"type":"Feature","properties":{"コード":3421238,"name":"東広島市安芸津町","所在":"広島県","所管":"地方公共団体"},"geometry":{"type":"Point","coordinates":[132.81,34.32]}},{"type":"Feature","properties":{"コード":3421320,"name":"廿日市市大野","所在":"広島県","所管":"防災科学技術研究所"},"geometry":{"type":"Point","coordinates":[132.28,34.29]}},{"type":"Feature","properties":{"コード":3421330,"name":"廿日市市下平良","所在":"広島県","所管":"地方公共団体"},"geometry":{"type":"Point","coordinates":[132.33,34.35]}},{"type":"Feature","properties":{"コード":3421335,"name":"廿日市市宮島町","所在":"広島県","所管":"地方公共団体"},"geometry":{"type":"Point","coordinates":[132.32,34.3]}},{"type":"Feature","properties":{"コード":3421336,"name":"廿日市市津田","所在":"広島県","所管":"地方公共団体"},"geometry":{"type":"Point","coordinates":[132.18,34.37]}},{"type":"Feature","properties":{"コード":3421337,"name":"廿日市市吉和","所在":"広島県","所管":"地方公共団体"},"geometry":{"type":"Point","coordinates":[132.14,34.48]}},{"type":"Feature","properties":{"コード":3421530,"name":"江田島市江田島町","所在":"広島県","所管":"地方公共団体"},"geometry":{"type":"Point","coordinates":[132.48,34.25]}},{"type":"Feature","properties":{"コード":3421534,"name":"江田島市大柿町","所在":"広島県","所管":"地方公共団体"},"geometry":{"type":"Point","coordinates":[132.46,34.17]}},{"type":"Feature","properties":{"コード":3421535,"name":"江田島市能美町","所在":"広島県","所管":"地方公共団体"},"geometry":{"type":"Point","coordinates":[132.44,34.22]}},{"type":"Feature","properties":{"コード":3421536,"name":"江田島市沖美町","所在":"広島県","所管":"地方公共団体"},"geometry":{"type":"Point","coordinates":[132.41,34.26]}},{"type":"Feature","properties":{"コード":3430231,"name":"府中町大通り","所在":"広島県","所管":"地方公共団体"},"geometry":{"type":"Point","coordinates":[132.5,34.39]}},{"type":"Feature","properties":{"コード":3430431,"name":"海田町役場","所在":"広島県","所管":"地方公共団体"},"geometry":{"type":"Point","coordinates":[132.54,34.37]}},{"type":"Feature","properties":{"コード":3430731,"name":"熊野町役場","所在":"広島県","所管":"地方公共団体"},"geometry":{"type":"Point","coordinates":[132.58,34.34]}},{"type":"Feature","properties":{"コード":3430930,"name":"坂町役場","所在":"広島県","所管":"地方公共団体"},"geometry":{"type":"Point","coordinates":[132.51,34.34]}},{"type":"Feature","properties":{"コード":3443134,"name":"大崎上島町中野","所在":"広島県","所管":"地方公共団体"},"geometry":{"type":"Point","coordinates":[132.89,34.24]}},{"type":"Feature","properties":{"コード":3443135,"name":"大崎上島町木江","所在":"広島県","所管":"地方公共団体"},"geometry":{"type":"Point","coordinates":[132.91,34.24]}},{"type":"Feature","properties":{"コード":3443136,"name":"大崎上島町東野","所在":"広島県","所管":"地方公共団体"},"geometry":{"type":"Point","coordinates":[132.92,34.27]}},{"type":"Feature","properties":{"コード":3620101,"name":"徳島市大和町","所在":"徳島県","所管":"気象庁"},"geometry":{"type":"Point","coordinates":[134.57,34.07]}},{"type":"Feature","properties":{"コード":3620120,"name":"徳島市津田町","所在":"徳島県","所管":"防災科学技術研究所"},"geometry":{"type":"Point","coordinates":[134.58,34.04]}},{"type":"Feature","properties":{"コード":3620131,"name":"徳島市新蔵町","所在":"徳島県","所管":"地方公共団体"},"geometry":{"type":"Point","coordinates":[134.56,34.07]}},{"type":"Feature","properties":{"コード":3620202,"name":"鳴門市撫養町","所在":"徳島県","所管":"気象庁"},"geometry":{"type":"Point","coordinates":[134.61,34.17]}},{"type":"Feature","properties":{"コード":3620220,"name":"鳴門市鳴門町","所在":"徳島県","所管":"防災科学技術研究所"},"geometry":{"type":"Point","coordinates":[134.61,34.2]}},{"type":"Feature","properties":{"コード":3620332,"name":"小松島市横須町","所在":"徳島県","所管":"地方公共団体"},"geometry":{"type":"Point","coordinates":[134.59,34.01]}},{"type":"Feature","properties":{"コード":3620500,"name":"吉野川市鴨島町","所在":"徳島県","所管":"気象庁"},"geometry":{"type":"Point","coordinates":[134.36,34.07]}},{"type":"Feature","properties":{"コード":3620533,"name":"吉野川市川島町","所在":"徳島県","所管":"地方公共団体"},"geometry":{"type":"Point","coordinates":[134.3,34.06]}},{"type":"Feature","properties":{"コード":3620534,"name":"吉野川市山川町","所在":"徳島県","所管":"地方公共団体"},"geometry":{"type":"Point","coordinates":[134.23,34.05]}},{"type":"Feature","properties":{"コード":3620535,"name":"吉野川市美郷","所在":"徳島県","所管":"地方公共団体"},"geometry":{"type":"Point","coordinates":[134.26,34.03]}},{"type":"Feature","properties":{"コード":3620621,"name":"阿波市市場町","所在":"徳島県","所管":"防災科学技術研究所"},"geometry":{"type":"Point","coordinates":[134.29,34.09]}},{"type":"Feature","properties":{"コード":3620634,"name":"阿波市土成町","所在":"徳島県","所管":"地方公共団体"},"geometry":{"type":"Point","coordinates":[134.34,34.12]}},{"type":"Feature","properties":{"コード":3620635,"name":"阿波市阿波町","所在":"徳島県","所管":"地方公共団体"},"geometry":{"type":"Point","coordinates":[134.24,34.08]}},{"type":"Feature","properties":{"コード":3620636,"name":"阿波市吉野町","所在":"徳島県","所管":"地方公共団体"},"geometry":{"type":"Point","coordinates":[134.37,34.1]}},{"type":"Feature","properties":{"コード":3620701,"name":"美馬市穴吹ふれスポ公園","所在":"徳島県","所管":"気象庁"},"geometry":{"type":"Point","coordinates":[134.15,34.04]}},{"type":"Feature","properties":{"コード":3620702,"name":"美馬市脇町","所在":"徳島県","所管":"気象庁"},"geometry":{"type":"Point","coordinates":[134.15,34.07]}},{"type":"Feature","properties":{"コード":3620720,"name":"美馬市木屋平","所在":"徳島県","所管":"防災科学技術研究所"},"geometry":{"type":"Point","coordinates":[134.21,33.93]}},{"type":"Feature","properties":{"コード":3620732,"name":"美馬市美馬町","所在":"徳島県","所管":"地方公共団体"},"geometry":{"type":"Point","coordinates":[134.05,34.05]}},{"type":"Feature","properties":{"コード":3620733,"name":"美馬市穴吹町","所在":"徳島県","所管":"地方公共団体"},"geometry":{"type":"Point","coordinates":[134.17,34.05]}},{"type":"Feature","properties":{"コード":3620802,"name":"徳島三好市池田町サラダ","所在":"徳島県","所管":"気象庁"},"geometry":{"type":"Point","coordinates":[133.81,34.03]}},{"type":"Feature","properties":{"コード":3620820,"name":"徳島三好市池田中学校","所在":"徳島県","所管":"防災科学技術研究所"},"geometry":{"type":"Point","coordinates":[133.81,34.03]}},{"type":"Feature","properties":{"コード":3620822,"name":"徳島三好市東祖谷","所在":"徳島県","所管":"防災科学技術研究所"},"geometry":{"type":"Point","coordinates":[133.92,33.87]}},{"type":"Feature","properties":{"コード":3620834,"name":"徳島三好市三野町","所在":"徳島県","所管":"地方公共団体"},"geometry":{"type":"Point","coordinates":[133.97,34.04]}},{"type":"Feature","properties":{"コード":3620836,"name":"徳島三好市井川町","所在":"徳島県","所管":"地方公共団体"},"geometry":{"type":"Point","coordinates":[133.88,34.03]}},{"type":"Feature","properties":{"コード":3620838,"name":"徳島三好市西祖谷山村","所在":"徳島県","所管":"地方公共団体"},"geometry":{"type":"Point","coordinates":[133.82,33.89]}},{"type":"Feature","properties":{"コード":3620839,"name":"徳島三好市山城町","所在":"徳島県","所管":"地方公共団体"},"geometry":{"type":"Point","coordinates":[133.75,33.96]}},{"type":"Feature","properties":{"コード":3632130,"name":"佐那河内村下","所在":"徳島県","所管":"地方公共団体"},"geometry":{"type":"Point","coordinates":[134.45,33.99]}},{"type":"Feature","properties":{"コード":3634132,"name":"石井町高川原","所在":"徳島県","所管":"地方公共団体"},"geometry":{"type":"Point","coordinates":[134.44,34.07]}},{"type":"Feature","properties":{"コード":3634231,"name":"神山町神領","所在":"徳島県","所管":"地方公共団体"},"geometry":{"type":"Point","coordinates":[134.35,33.97]}},{"type":"Feature","properties":{"コード":3640131,"name":"松茂町広島","所在":"徳島県","所管":"地方公共団体"},"geometry":{"type":"Point","coordinates":[134.58,34.13]}},{"type":"Feature","properties":{"コード":3640231,"name":"北島町中村","所在":"徳島県","所管":"地方公共団体"},"geometry":{"type":"Point","coordinates":[134.55,34.13]}},{"type":"Feature","properties":{"コード":3640331,"name":"藍住町奥野","所在":"徳島県","所管":"地方公共団体"},"geometry":{"type":"Point","coordinates":[134.5,34.13]}},{"type":"Feature","properties":{"コード":3640431,"name":"板野町大寺","所在":"徳島県","所管":"地方公共団体"},"geometry":{"type":"Point","coordinates":[134.46,34.14]}},{"type":"Feature","properties":{"コード":3640531,"name":"上板町七條","所在":"徳島県","所管":"地方公共団体"},"geometry":{"type":"Point","coordinates":[134.41,34.12]}},{"type":"Feature","properties":{"コード":3646821,"name":"つるぎ町貞光","所在":"徳島県","所管":"防災科学技術研究所"},"geometry":{"type":"Point","coordinates":[134.06,34.04]}},{"type":"Feature","properties":{"コード":3646832,"name":"つるぎ町半田","所在":"徳島県","所管":"地方公共団体"},"geometry":{"type":"Point","coordinates":[134.03,34.03]}},{"type":"Feature","properties":{"コード":3646833,"name":"つるぎ町一宇","所在":"徳島県","所管":"地方公共団体"},"geometry":{"type":"Point","coordinates":[134.06,33.95]}},{"type":"Feature","properties":{"コード":3648932,"name":"東みよし町昼間","所在":"徳島県","所管":"地方公共団体"},"geometry":{"type":"Point","coordinates":[133.87,34.04]}},{"type":"Feature","properties":{"コード":3648933,"name":"東みよし町加茂","所在":"徳島県","所管":"地方公共団体"},"geometry":{"type":"Point","coordinates":[133.94,34.04]}},{"type":"Feature","properties":{"コード":3620400,"name":"阿南市富岡町","所在":"徳島県","所管":"気象庁"},"geometry":{"type":"Point","coordinates":[134.65,33.92]}},{"type":"Feature","properties":{"コード":3620420,"name":"阿南市山口町","所在":"徳島県","所管":"防災科学技術研究所"},"geometry":{"type":"Point","coordinates":[134.6,33.87]}},{"type":"Feature","properties":{"コード":3620432,"name":"阿南市那賀川町","所在":"徳島県","所管":"地方公共団体"},"geometry":{"type":"Point","coordinates":[134.66,33.95]}},{"type":"Feature","properties":{"コード":3620434,"name":"阿南市羽ノ浦町","所在":"徳島県","所管":"地方公共団体"},"geometry":{"type":"Point","coordinates":[134.62,33.95]}},{"type":"Feature","properties":{"コード":3630131,"name":"勝浦町久国","所在":"徳島県","所管":"地方公共団体"},"geometry":{"type":"Point","coordinates":[134.51,33.93]}},{"type":"Feature","properties":{"コード":3630220,"name":"上勝町旭","所在":"徳島県","所管":"防災科学技術研究所"},"geometry":{"type":"Point","coordinates":[134.39,33.88]}},{"type":"Feature","properties":{"コード":3636800,"name":"那賀町横石","所在":"徳島県","所管":"気象庁"},"geometry":{"type":"Point","coordinates":[134.45,33.8]}},{"type":"Feature","properties":{"コード":3636820,"name":"那賀町木頭和無田","所在":"徳島県","所管":"防災科学技術研究所"},"geometry":{"type":"Point","coordinates":[134.2,33.77]}},{"type":"Feature","properties":{"コード":3636830,"name":"那賀町和食","所在":"徳島県","所管":"地方公共団体"},"geometry":{"type":"Point","coordinates":[134.5,33.86]}},{"type":"Feature","properties":{"コード":3636836,"name":"那賀町木沢","所在":"徳島県","所管":"地方公共団体"},"geometry":{"type":"Point","coordinates":[134.3,33.82]}},{"type":"Feature","properties":{"コード":3636837,"name":"那賀町延野","所在":"徳島県","所管":"地方公共団体"},"geometry":{"type":"Point","coordinates":[134.48,33.82]}},{"type":"Feature","properties":{"コード":3636838,"name":"那賀町上那賀","所在":"徳島県","所管":"地方公共団体"},"geometry":{"type":"Point","coordinates":[134.37,33.81]}},{"type":"Feature","properties":{"コード":3638320,"name":"牟岐町中村","所在":"徳島県","所管":"防災科学技術研究所"},"geometry":{"type":"Point","coordinates":[134.42,33.67]}},{"type":"Feature","properties":{"コード":3638720,"name":"美波町西の地","所在":"徳島県","所管":"防災科学技術研究所"},"geometry":{"type":"Point","coordinates":[134.59,33.77]}},{"type":"Feature","properties":{"コード":3638731,"name":"美波町奥河内","所在":"徳島県","所管":"地方公共団体"},"geometry":{"type":"Point","coordinates":[134.54,33.73]}},{"type":"Feature","properties":{"コード":3638833,"name":"海陽町大里","所在":"徳島県","所管":"地方公共団体"},"geometry":{"type":"Point","coordinates":[134.35,33.6]}},{"type":"Feature","properties":{"コード":3638834,"name":"海陽町奥浦","所在":"徳島県","所管":"地方公共団体"},"geometry":{"type":"Point","coordinates":[134.35,33.6]}},{"type":"Feature","properties":{"コード":3638836,"name":"海陽町宍喰浦","所在":"徳島県","所管":"地方公共団体"},"geometry":{"type":"Point","coordinates":[134.3,33.57]}},{"type":"Feature","properties":{"コード":3720101,"name":"高松空港","所在":"香川県","所管":"気象庁"},"geometry":{"type":"Point","coordinates":[134.02,34.22]}},{"type":"Feature","properties":{"コード":3720102,"name":"高松市伏石町","所在":"香川県","所管":"気象庁"},"geometry":{"type":"Point","coordinates":[134.05,34.32]}},{"type":"Feature","properties":{"コード":3720120,"name":"高松市扇町","所在":"香川県","所管":"防災科学技術研究所"},"geometry":{"type":"Point","coordinates":[134.04,34.35]}},{"type":"Feature","properties":{"コード":3720131,"name":"高松市塩江町","所在":"香川県","所管":"地方公共団体"},"geometry":{"type":"Point","coordinates":[134.04,34.2]}},{"type":"Feature","properties":{"コード":3720134,"name":"高松市香川町","所在":"香川県","所管":"地方公共団体"},"geometry":{"type":"Point","coordinates":[134.03,34.24]}},{"type":"Feature","properties":{"コード":3720137,"name":"高松市庵治町","所在":"香川県","所管":"地方公共団体"},"geometry":{"type":"Point","coordinates":[134.13,34.38]}},{"type":"Feature","properties":{"コード":3720138,"name":"高松市香南町","所在":"香川県","所管":"地方公共団体"},"geometry":{"type":"Point","coordinates":[134.01,34.24]}},{"type":"Feature","properties":{"コード":3720139,"name":"高松市国分寺町","所在":"香川県","所管":"地方公共団体"},"geometry":{"type":"Point","coordinates":[133.96,34.3]}},{"type":"Feature","properties":{"コード":3720140,"name":"高松市牟礼町","所在":"香川県","所管":"地方公共団体"},"geometry":{"type":"Point","coordinates":[134.14,34.34]}},{"type":"Feature","properties":{"コード":3720141,"name":"高松市番町","所在":"香川県","所管":"地方公共団体"},"geometry":{"type":"Point","coordinates":[134.05,34.34]}},{"type":"Feature","properties":{"コード":3720620,"name":"さぬき市長尾総合公園","所在":"香川県","所管":"防災科学技術研究所"},"geometry":{"type":"Point","coordinates":[134.19,34.25]}},{"type":"Feature","properties":{"コード":3720632,"name":"さぬき市志度","所在":"香川県","所管":"地方公共団体"},"geometry":{"type":"Point","coordinates":[134.17,34.33]}},{"type":"Feature","properties":{"コード":3720638,"name":"さぬき市寒川町","所在":"香川県","所管":"地方公共団体"},"geometry":{"type":"Point","coordinates":[134.21,34.27]}},{"type":"Feature","properties":{"コード":3720639,"name":"さぬき市長尾東","所在":"香川県","所管":"地方公共団体"},"geometry":{"type":"Point","coordinates":[134.18,34.26]}},{"type":"Feature","properties":{"コード":3720640,"name":"さぬき市津田町","所在":"香川県","所管":"地方公共団体"},"geometry":{"type":"Point","coordinates":[134.25,34.28]}},{"type":"Feature","properties":{"コード":3720701,"name":"東かがわ市西村","所在":"香川県","所管":"気象庁"},"geometry":{"type":"Point","coordinates":[134.32,34.25]}},{"type":"Feature","properties":{"コード":3720721,"name":"東かがわ市南野","所在":"香川県","所管":"防災科学技術研究所"},"geometry":{"type":"Point","coordinates":[134.41,34.21]}},{"type":"Feature","properties":{"コード":3720733,"name":"東かがわ市引田","所在":"香川県","所管":"地方公共団体"},"geometry":{"type":"Point","coordinates":[134.4,34.22]}},{"type":"Feature","properties":{"コード":3720734,"name":"東かがわ市湊","所在":"香川県","所管":"地方公共団体"},"geometry":{"type":"Point","coordinates":[134.36,34.24]}},{"type":"Feature","properties":{"コード":3732201,"name":"土庄町淵崎","所在":"香川県","所管":"気象庁"},"geometry":{"type":"Point","coordinates":[134.19,34.49]}},{"type":"Feature","properties":{"コード":3732221,"name":"土庄町大部","所在":"香川県","所管":"防災科学技術研究所"},"geometry":{"type":"Point","coordinates":[134.28,34.55]}},{"type":"Feature","properties":{"コード":3732420,"name":"小豆島町馬木","所在":"香川県","所管":"防災科学技術研究所"},"geometry":{"type":"Point","coordinates":[134.31,34.47]}},{"type":"Feature","properties":{"コード":3732433,"name":"小豆島町池田","所在":"香川県","所管":"地方公共団体"},"geometry":{"type":"Point","coordinates":[134.23,34.48]}},{"type":"Feature","properties":{"コード":3732434,"name":"小豆島町片城","所在":"香川県","所管":"地方公共団体"},"geometry":{"type":"Point","coordinates":[134.31,34.48]}},{"type":"Feature","properties":{"コード":3734130,"name":"三木町氷上","所在":"香川県","所管":"地方公共団体"},"geometry":{"type":"Point","coordinates":[134.13,34.27]}},{"type":"Feature","properties":{"コード":3736432,"name":"直島町役場","所在":"香川県","所管":"地方公共団体"},"geometry":{"type":"Point","coordinates":[134,34.46]}},{"type":"Feature","properties":{"コード":3720221,"name":"丸亀市新田町","所在":"香川県","所管":"防災科学技術研究所"},"geometry":{"type":"Point","coordinates":[133.79,34.26]}},{"type":"Feature","properties":{"コード":3720233,"name":"丸亀市綾歌町","所在":"香川県","所管":"地方公共団体"},"geometry":{"type":"Point","coordinates":[133.88,34.23]}},{"type":"Feature","properties":{"コード":3720234,"name":"丸亀市飯山町","所在":"香川県","所管":"地方公共団体"},"geometry":{"type":"Point","coordinates":[133.86,34.26]}},{"type":"Feature","properties":{"コード":3720235,"name":"丸亀市大手町","所在":"香川県","所管":"地方公共団体"},"geometry":{"type":"Point","coordinates":[133.8,34.29]}},{"type":"Feature","properties":{"コード":3720300,"name":"坂出市王越町","所在":"香川県","所管":"気象庁"},"geometry":{"type":"Point","coordinates":[133.93,34.38]}},{"type":"Feature","properties":{"コード":3720332,"name":"坂出市久米町","所在":"香川県","所管":"地方公共団体"},"geometry":{"type":"Point","coordinates":[133.86,34.32]}},{"type":"Feature","properties":{"コード":3720432,"name":"善通寺市文京町","所在":"香川県","所管":"地方公共団体"},"geometry":{"type":"Point","coordinates":[133.79,34.23]}},{"type":"Feature","properties":{"コード":3720501,"name":"観音寺市坂本町","所在":"香川県","所管":"気象庁"},"geometry":{"type":"Point","coordinates":[133.66,34.13]}},{"type":"Feature","properties":{"コード":3720520,"name":"観音寺市瀬戸町","所在":"香川県","所管":"防災科学技術研究所"},"geometry":{"type":"Point","coordinates":[133.64,34.11]}},{"type":"Feature","properties":{"コード":3720532,"name":"観音寺市大野原町","所在":"香川県","所管":"地方公共団体"},"geometry":{"type":"Point","coordinates":[133.66,34.08]}},{"type":"Feature","properties":{"コード":3720533,"name":"観音寺市豊浜町","所在":"香川県","所管":"地方公共団体"},"geometry":{"type":"Point","coordinates":[133.64,34.07]}},{"type":"Feature","properties":{"コード":3720833,"name":"三豊市豊中町","所在":"香川県","所管":"地方公共団体"},"geometry":{"type":"Point","coordinates":[133.69,34.15]}},{"type":"Feature","properties":{"コード":3720835,"name":"三豊市仁尾町","所在":"香川県","所管":"地方公共団体"},"geometry":{"type":"Point","coordinates":[133.64,34.2]}},{"type":"Feature","properties":{"コード":3720836,"name":"三豊市財田町","所在":"香川県","所管":"地方公共団体"},"geometry":{"type":"Point","coordinates":[133.78,34.12]}},{"type":"Feature","properties":{"コード":3720837,"name":"三豊市山本町","所在":"香川県","所管":"地方公共団体"},"geometry":{"type":"Point","coordinates":[133.73,34.12]}},{"type":"Feature","properties":{"コード":3720838,"name":"三豊市高瀬町","所在":"香川県","所管":"地方公共団体"},"geometry":{"type":"Point","coordinates":[133.72,34.18]}},{"type":"Feature","properties":{"コード":3720841,"name":"三豊市三野町","所在":"香川県","所管":"地方公共団体"},"geometry":{"type":"Point","coordinates":[133.71,34.21]}},{"type":"Feature","properties":{"コード":3720842,"name":"三豊市詫間町","所在":"香川県","所管":"地方公共団体"},"geometry":{"type":"Point","coordinates":[133.67,34.22]}},{"type":"Feature","properties":{"コード":3738631,"name":"宇多津町役場","所在":"香川県","所管":"地方公共団体"},"geometry":{"type":"Point","coordinates":[133.83,34.31]}},{"type":"Feature","properties":{"コード":3738732,"name":"綾川町山田下","所在":"香川県","所管":"地方公共団体"},"geometry":{"type":"Point","coordinates":[133.95,34.23]}},{"type":"Feature","properties":{"コード":3738733,"name":"綾川町滝宮","所在":"香川県","所管":"地方公共団体"},"geometry":{"type":"Point","coordinates":[133.92,34.25]}},{"type":"Feature","properties":{"コード":3740330,"name":"琴平町榎井","所在":"香川県","所管":"地方公共団体"},"geometry":{"type":"Point","coordinates":[133.82,34.19]}},{"type":"Feature","properties":{"コード":3740400,"name":"多度津町家中","所在":"香川県","所管":"気象庁"},"geometry":{"type":"Point","coordinates":[133.75,34.28]}},{"type":"Feature","properties":{"コード":3740432,"name":"多度津町栄町","所在":"香川県","所管":"地方公共団体"},"geometry":{"type":"Point","coordinates":[133.76,34.27]}},{"type":"Feature","properties":{"コード":3740630,"name":"まんのう町造田","所在":"香川県","所管":"地方公共団体"},"geometry":{"type":"Point","coordinates":[133.92,34.16]}},{"type":"Feature","properties":{"コード":3740633,"name":"まんのう町吉野下","所在":"香川県","所管":"地方公共団体"},"geometry":{"type":"Point","coordinates":[133.84,34.19]}},{"type":"Feature","properties":{"コード":3740634,"name":"まんのう町生間","所在":"香川県","所管":"地方公共団体"},"geometry":{"type":"Point","coordinates":[133.84,34.15]}},{"type":"Feature","properties":{"コード":3820200,"name":"今治市南宝来町二丁目","所在":"愛媛県","所管":"気象庁"},"geometry":{"type":"Point","coordinates":[133,34.06]}},{"type":"Feature","properties":{"コード":3820230,"name":"今治市朝倉北","所在":"愛媛県","所管":"地方公共団体"},"geometry":{"type":"Point","coordinates":[133.02,34]}},{"type":"Feature","properties":{"コード":3820231,"name":"今治市玉川町","所在":"愛媛県","所管":"地方公共団体"},"geometry":{"type":"Point","coordinates":[132.94,34.02]}},{"type":"Feature","properties":{"コード":3820233,"name":"今治市大西町","所在":"愛媛県","所管":"地方公共団体"},"geometry":{"type":"Point","coordinates":[132.93,34.06]}},{"type":"Feature","properties":{"コード":3820234,"name":"今治市菊間町","所在":"愛媛県","所管":"地方公共団体"},"geometry":{"type":"Point","coordinates":[132.84,34.03]}},{"type":"Feature","properties":{"コード":3820235,"name":"今治市吉海町","所在":"愛媛県","所管":"地方公共団体"},"geometry":{"type":"Point","coordinates":[133.04,34.15]}},{"type":"Feature","properties":{"コード":3820236,"name":"今治市宮窪町","所在":"愛媛県","所管":"地方公共団体"},"geometry":{"type":"Point","coordinates":[133.08,34.17]}},{"type":"Feature","properties":{"コード":3820238,"name":"今治市上浦町","所在":"愛媛県","所管":"地方公共団体"},"geometry":{"type":"Point","coordinates":[133.04,34.26]}},{"type":"Feature","properties":{"コード":3820239,"name":"今治市大三島町","所在":"愛媛県","所管":"地方公共団体"},"geometry":{"type":"Point","coordinates":[133,34.25]}},{"type":"Feature","properties":{"コード":3820242,"name":"今治市関前岡村","所在":"愛媛県","所管":"地方公共団体"},"geometry":{"type":"Point","coordinates":[132.88,34.18]}},{"type":"Feature","properties":{"コード":3820243,"name":"今治市波方町","所在":"愛媛県","所管":"地方公共団体"},"geometry":{"type":"Point","coordinates":[132.95,34.1]}},{"type":"Feature","properties":{"コード":3820244,"name":"今治市伯方町","所在":"愛媛県","所管":"地方公共団体"},"geometry":{"type":"Point","coordinates":[133.11,34.21]}},{"type":"Feature","properties":{"コード":3820500,"name":"新居浜市一宮町","所在":"愛媛県","所管":"気象庁"},"geometry":{"type":"Point","coordinates":[133.28,33.96]}},{"type":"Feature","properties":{"コード":3820520,"name":"新居浜市中筋町","所在":"愛媛県","所管":"防災科学技術研究所"},"geometry":{"type":"Point","coordinates":[133.31,33.92]}},{"type":"Feature","properties":{"コード":3820532,"name":"新居浜市別子山","所在":"愛媛県","所管":"地方公共団体"},"geometry":{"type":"Point","coordinates":[133.41,33.86]}},{"type":"Feature","properties":{"コード":3820600,"name":"西条市丹原町鞍瀬","所在":"愛媛県","所管":"気象庁"},"geometry":{"type":"Point","coordinates":[133.05,33.78]}},{"type":"Feature","properties":{"コード":3820620,"name":"西条市周布","所在":"愛媛県","所管":"防災科学技術研究所"},"geometry":{"type":"Point","coordinates":[133.08,33.93]}},{"type":"Feature","properties":{"コード":3820630,"name":"西条市新田","所在":"愛媛県","所管":"地方公共団体"},"geometry":{"type":"Point","coordinates":[133.19,33.93]}},{"type":"Feature","properties":{"コード":3820632,"name":"西条市丹原町池田","所在":"愛媛県","所管":"地方公共団体"},"geometry":{"type":"Point","coordinates":[133.06,33.91]}},{"type":"Feature","properties":{"コード":3820633,"name":"西条市小松町","所在":"愛媛県","所管":"地方公共団体"},"geometry":{"type":"Point","coordinates":[133.11,33.9]}},{"type":"Feature","properties":{"コード":3821321,"name":"四国中央市中曽根町","所在":"愛媛県","所管":"防災科学技術研究所"},"geometry":{"type":"Point","coordinates":[133.55,33.98]}},{"type":"Feature","properties":{"コード":3821332,"name":"四国中央市土居町","所在":"愛媛県","所管":"地方公共団体"},"geometry":{"type":"Point","coordinates":[133.42,33.95]}},{"type":"Feature","properties":{"コード":3821333,"name":"四国中央市金生町","所在":"愛媛県","所管":"地方公共団体"},"geometry":{"type":"Point","coordinates":[133.58,34]}},{"type":"Feature","properties":{"コード":3821334,"name":"四国中央市新宮町","所在":"愛媛県","所管":"地方公共団体"},"geometry":{"type":"Point","coordinates":[133.64,33.95]}},{"type":"Feature","properties":{"コード":3835630,"name":"上島町魚島","所在":"愛媛県","所管":"地方公共団体"},"geometry":{"type":"Point","coordinates":[133.32,34.18]}},{"type":"Feature","properties":{"コード":3835632,"name":"上島町生名","所在":"愛媛県","所管":"地方公共団体"},"geometry":{"type":"Point","coordinates":[133.19,34.27]}},{"type":"Feature","properties":{"コード":3835635,"name":"上島町弓削","所在":"愛媛県","所管":"地方公共団体"},"geometry":{"type":"Point","coordinates":[133.2,34.26]}},{"type":"Feature","properties":{"コード":3835636,"name":"上島町岩城","所在":"愛媛県","所管":"地方公共団体"},"geometry":{"type":"Point","coordinates":[133.15,34.25]}},{"type":"Feature","properties":{"コード":3820101,"name":"松山市北持田町","所在":"愛媛県","所管":"気象庁"},"geometry":{"type":"Point","coordinates":[132.78,33.84]}},{"type":"Feature","properties":{"コード":3820120,"name":"松山市富久町","所在":"愛媛県","所管":"防災科学技術研究所"},"geometry":{"type":"Point","coordinates":[132.73,33.82]}},{"type":"Feature","properties":{"コード":3820121,"name":"松山市北条辻","所在":"愛媛県","所管":"防災科学技術研究所"},"geometry":{"type":"Point","coordinates":[132.77,33.96]}},{"type":"Feature","properties":{"コード":3820130,"name":"松山市中島大浦","所在":"愛媛県","所管":"地方公共団体"},"geometry":{"type":"Point","coordinates":[132.63,33.98]}},{"type":"Feature","properties":{"コード":3821020,"name":"伊予市下吾川","所在":"愛媛県","所管":"防災科学技術研究所"},"geometry":{"type":"Point","coordinates":[132.71,33.77]}},{"type":"Feature","properties":{"コード":3821031,"name":"伊予市双海町","所在":"愛媛県","所管":"地方公共団体"},"geometry":{"type":"Point","coordinates":[132.64,33.69]}},{"type":"Feature","properties":{"コード":3821032,"name":"伊予市中山町","所在":"愛媛県","所管":"地方公共団体"},"geometry":{"type":"Point","coordinates":[132.71,33.64]}},{"type":"Feature","properties":{"コード":3821520,"name":"東温市南方","所在":"愛媛県","所管":"防災科学技術研究所"},"geometry":{"type":"Point","coordinates":[132.91,33.8]}},{"type":"Feature","properties":{"コード":3821530,"name":"東温市見奈良","所在":"愛媛県","所管":"地方公共団体"},"geometry":{"type":"Point","coordinates":[132.87,33.79]}},{"type":"Feature","properties":{"コード":3838620,"name":"久万高原町東川","所在":"愛媛県","所管":"防災科学技術研究所"},"geometry":{"type":"Point","coordinates":[133.01,33.64]}},{"type":"Feature","properties":{"コード":3838630,"name":"久万高原町久万","所在":"愛媛県","所管":"地方公共団体"},"geometry":{"type":"Point","coordinates":[132.9,33.66]}},{"type":"Feature","properties":{"コード":3838632,"name":"久万高原町柳井川","所在":"愛媛県","所管":"地方公共団体"},"geometry":{"type":"Point","coordinates":[133,33.55]}},{"type":"Feature","properties":{"コード":3838633,"name":"久万高原町渋草","所在":"愛媛県","所管":"地方公共団体"},"geometry":{"type":"Point","coordinates":[133.04,33.69]}},{"type":"Feature","properties":{"コード":3840130,"name":"愛媛松前町筒井","所在":"愛媛県","所管":"地方公共団体"},"geometry":{"type":"Point","coordinates":[132.71,33.79]}},{"type":"Feature","properties":{"コード":3840220,"name":"砥部町総津","所在":"愛媛県","所管":"防災科学技術研究所"},"geometry":{"type":"Point","coordinates":[132.8,33.63]}},{"type":"Feature","properties":{"コード":3840230,"name":"砥部町宮内","所在":"愛媛県","所管":"地方公共団体"},"geometry":{"type":"Point","coordinates":[132.79,33.75]}},{"type":"Feature","properties":{"コード":3820300,"name":"宇和島市住吉町","所在":"愛媛県","所管":"気象庁"},"geometry":{"type":"Point","coordinates":[132.55,33.23]}},{"type":"Feature","properties":{"コード":3820320,"name":"宇和島市丸穂","所在":"愛媛県","所管":"防災科学技術研究所"},"geometry":{"type":"Point","coordinates":[132.57,33.22]}},{"type":"Feature","properties":{"コード":3820332,"name":"宇和島市津島町","所在":"愛媛県","所管":"地方公共団体"},"geometry":{"type":"Point","coordinates":[132.52,33.13]}},{"type":"Feature","properties":{"コード":3820333,"name":"宇和島市吉田町","所在":"愛媛県","所管":"地方公共団体"},"geometry":{"type":"Point","coordinates":[132.54,33.28]}},{"type":"Feature","properties":{"コード":3820334,"name":"宇和島市三間町","所在":"愛媛県","所管":"地方公共団体"},"geometry":{"type":"Point","coordinates":[132.61,33.29]}},{"type":"Feature","properties":{"コード":3820400,"name":"八幡浜市広瀬","所在":"愛媛県","所管":"気象庁"},"geometry":{"type":"Point","coordinates":[132.43,33.45]}},{"type":"Feature","properties":{"コード":3820420,"name":"八幡浜市五反田","所在":"愛媛県","所管":"防災科学技術研究所"},"geometry":{"type":"Point","coordinates":[132.44,33.45]}},{"type":"Feature","properties":{"コード":3820430,"name":"八幡浜市保内町","所在":"愛媛県","所管":"地方公共団体"},"geometry":{"type":"Point","coordinates":[132.4,33.48]}},{"type":"Feature","properties":{"コード":3820700,"name":"大洲市豊茂","所在":"愛媛県","所管":"気象庁"},"geometry":{"type":"Point","coordinates":[132.48,33.56]}},{"type":"Feature","properties":{"コード":3820721,"name":"大洲市肱川町","所在":"愛媛県","所管":"防災科学技術研究所"},"geometry":{"type":"Point","coordinates":[132.69,33.45]}},{"type":"Feature","properties":{"コード":3820722,"name":"大洲市長浜","所在":"愛媛県","所管":"防災科学技術研究所"},"geometry":{"type":"Point","coordinates":[132.48,33.61]}},{"type":"Feature","properties":{"コード":3820730,"name":"大洲市大洲","所在":"愛媛県","所管":"地方公共団体"},"geometry":{"type":"Point","coordinates":[132.54,33.51]}},{"type":"Feature","properties":{"コード":3820731,"name":"大洲市河辺町","所在":"愛媛県","所管":"地方公共団体"},"geometry":{"type":"Point","coordinates":[132.74,33.49]}},{"type":"Feature","properties":{"コード":3821400,"name":"西予市野村町","所在":"愛媛県","所管":"気象庁"},"geometry":{"type":"Point","coordinates":[132.65,33.38]}},{"type":"Feature","properties":{"コード":3821433,"name":"西予市城川町","所在":"愛媛県","所管":"地方公共団体"},"geometry":{"type":"Point","coordinates":[132.75,33.38]}},{"type":"Feature","properties":{"コード":3821434,"name":"西予市宇和町","所在":"愛媛県","所管":"地方公共団体"},"geometry":{"type":"Point","coordinates":[132.51,33.36]}},{"type":"Feature","properties":{"コード":3821435,"name":"西予市三瓶町","所在":"愛媛県","所管":"地方公共団体"},"geometry":{"type":"Point","coordinates":[132.42,33.38]}},{"type":"Feature","properties":{"コード":3821436,"name":"西予市明浜町","所在":"愛媛県","所管":"地方公共団体"},"geometry":{"type":"Point","coordinates":[132.43,33.32]}},{"type":"Feature","properties":{"コード":3842230,"name":"内子町内子","所在":"愛媛県","所管":"地方公共団体"},"geometry":{"type":"Point","coordinates":[132.65,33.55]}},{"type":"Feature","properties":{"コード":3842232,"name":"内子町平岡","所在":"愛媛県","所管":"地方公共団体"},"geometry":{"type":"Point","coordinates":[132.66,33.53]}},{"type":"Feature","properties":{"コード":3842233,"name":"内子町小田","所在":"愛媛県","所管":"地方公共団体"},"geometry":{"type":"Point","coordinates":[132.8,33.57]}},{"type":"Feature","properties":{"コード":3844220,"name":"伊方町三崎","所在":"愛媛県","所管":"防災科学技術研究所"},"geometry":{"type":"Point","coordinates":[132.11,33.39]}},{"type":"Feature","properties":{"コード":3844231,"name":"伊方町湊浦","所在":"愛媛県","所管":"地方公共団体"},"geometry":{"type":"Point","coordinates":[132.35,33.49]}},{"type":"Feature","properties":{"コード":3844232,"name":"伊方町三机","所在":"愛媛県","所管":"地方公共団体"},"geometry":{"type":"Point","coordinates":[132.25,33.46]}},{"type":"Feature","properties":{"コード":3848431,"name":"松野町松丸","所在":"愛媛県","所管":"地方公共団体"},"geometry":{"type":"Point","coordinates":[132.71,33.23]}},{"type":"Feature","properties":{"コード":3848800,"name":"愛媛鬼北町成川","所在":"愛媛県","所管":"気象庁"},"geometry":{"type":"Point","coordinates":[132.62,33.22]}},{"type":"Feature","properties":{"コード":3848831,"name":"愛媛鬼北町下鍵山","所在":"愛媛県","所管":"地方公共団体"},"geometry":{"type":"Point","coordinates":[132.8,33.33]}},{"type":"Feature","properties":{"コード":3848832,"name":"愛媛鬼北町近永","所在":"愛媛県","所管":"地方公共団体"},"geometry":{"type":"Point","coordinates":[132.68,33.25]}},{"type":"Feature","properties":{"コード":3850620,"name":"愛南町船越","所在":"愛媛県","所管":"防災科学技術研究所"},"geometry":{"type":"Point","coordinates":[132.5,32.95]}},{"type":"Feature","properties":{"コード":3850630,"name":"愛南町柏","所在":"愛媛県","所管":"地方公共団体"},"geometry":{"type":"Point","coordinates":[132.5,33.02]}},{"type":"Feature","properties":{"コード":3850631,"name":"愛南町御荘","所在":"愛媛県","所管":"地方公共団体"},"geometry":{"type":"Point","coordinates":[132.57,32.96]}},{"type":"Feature","properties":{"コード":3850633,"name":"愛南町一本松","所在":"愛媛県","所管":"地方公共団体"},"geometry":{"type":"Point","coordinates":[132.65,32.96]}},{"type":"Feature","properties":{"コード":3850634,"name":"愛南町城辺","所在":"愛媛県","所管":"地方公共団体"},"geometry":{"type":"Point","coordinates":[132.58,32.96]}},{"type":"Feature","properties":{"コード":3920201,"name":"室戸市吉良川町","所在":"高知県","所管":"気象庁"},"geometry":{"type":"Point","coordinates":[134.14,33.39]}},{"type":"Feature","properties":{"コード":3920202,"name":"室戸市室戸岬町","所在":"高知県","所管":"気象庁"},"geometry":{"type":"Point","coordinates":[134.18,33.25]}},{"type":"Feature","properties":{"コード":3920230,"name":"室戸市浮津","所在":"高知県","所管":"地方公共団体"},"geometry":{"type":"Point","coordinates":[134.15,33.29]}},{"type":"Feature","properties":{"コード":3920300,"name":"安芸市西浜","所在":"高知県","所管":"気象庁"},"geometry":{"type":"Point","coordinates":[133.9,33.51]}},{"type":"Feature","properties":{"コード":3920320,"name":"安芸市矢ノ丸","所在":"高知県","所管":"防災科学技術研究所"},"geometry":{"type":"Point","coordinates":[133.91,33.5]}},{"type":"Feature","properties":{"コード":3930120,"name":"東洋町生見","所在":"高知県","所管":"防災科学技術研究所"},"geometry":{"type":"Point","coordinates":[134.28,33.53]}},{"type":"Feature","properties":{"コード":3930230,"name":"奈半利町役場","所在":"高知県","所管":"地方公共団体"},"geometry":{"type":"Point","coordinates":[134.02,33.42]}},{"type":"Feature","properties":{"コード":3930330,"name":"田野町役場","所在":"高知県","所管":"地方公共団体"},"geometry":{"type":"Point","coordinates":[134.01,33.43]}},{"type":"Feature","properties":{"コード":3930433,"name":"安田町安田","所在":"高知県","所管":"地方公共団体"},"geometry":{"type":"Point","coordinates":[133.98,33.44]}},{"type":"Feature","properties":{"コード":3930531,"name":"北川村野友","所在":"高知県","所管":"地方公共団体"},"geometry":{"type":"Point","coordinates":[134.04,33.45]}},{"type":"Feature","properties":{"コード":3930630,"name":"馬路村馬路","所在":"高知県","所管":"地方公共団体"},"geometry":{"type":"Point","coordinates":[134.05,33.56]}},{"type":"Feature","properties":{"コード":3930731,"name":"芸西村和食","所在":"高知県","所管":"地方公共団体"},"geometry":{"type":"Point","coordinates":[133.81,33.53]}},{"type":"Feature","properties":{"コード":3920100,"name":"高知市本町","所在":"高知県","所管":"気象庁"},"geometry":{"type":"Point","coordinates":[133.53,33.56]}},{"type":"Feature","properties":{"コード":3920101,"name":"高知市春野町芳原","所在":"高知県","所管":"気象庁"},"geometry":{"type":"Point","coordinates":[133.5,33.51]}},{"type":"Feature","properties":{"コード":3920120,"name":"高知市丸ノ内","所在":"高知県","所管":"防災科学技術研究所"},"geometry":{"type":"Point","coordinates":[133.53,33.56]}},{"type":"Feature","properties":{"コード":3920132,"name":"高知市土佐山","所在":"高知県","所管":"地方公共団体"},"geometry":{"type":"Point","coordinates":[133.53,33.63]}},{"type":"Feature","properties":{"コード":3920136,"name":"高知市鏡小浜","所在":"高知県","所管":"地方公共団体"},"geometry":{"type":"Point","coordinates":[133.47,33.6]}},{"type":"Feature","properties":{"コード":3920430,"name":"南国市オオソネ","所在":"高知県","所管":"地方公共団体"},"geometry":{"type":"Point","coordinates":[133.64,33.58]}},{"type":"Feature","properties":{"コード":3920520,"name":"土佐市蓮池","所在":"高知県","所管":"防災科学技術研究所"},"geometry":{"type":"Point","coordinates":[133.42,33.49]}},{"type":"Feature","properties":{"コード":3920600,"name":"須崎市山手町","所在":"高知県","所管":"気象庁"},"geometry":{"type":"Point","coordinates":[133.28,33.4]}},{"type":"Feature","properties":{"コード":3920620,"name":"須崎市西糺町","所在":"高知県","所管":"防災科学技術研究所"},"geometry":{"type":"Point","coordinates":[133.29,33.39]}},{"type":"Feature","properties":{"コード":3921134,"name":"高知香南市吉川町吉原","所在":"高知県","所管":"地方公共団体"},"geometry":{"type":"Point","coordinates":[133.7,33.54]}},{"type":"Feature","properties":{"コード":3921135,"name":"高知香南市香我美町下分","所在":"高知県","所管":"地方公共団体"},"geometry":{"type":"Point","coordinates":[133.74,33.57]}},{"type":"Feature","properties":{"コード":3921136,"name":"高知香南市夜須町坪井","所在":"高知県","所管":"地方公共団体"},"geometry":{"type":"Point","coordinates":[133.76,33.54]}},{"type":"Feature","properties":{"コード":3921137,"name":"高知香南市赤岡支所","所在":"高知県","所管":"地方公共団体"},"geometry":{"type":"Point","coordinates":[133.72,33.54]}},{"type":"Feature","properties":{"コード":3921138,"name":"高知香南市野市町西野","所在":"高知県","所管":"地方公共団体"},"geometry":{"type":"Point","coordinates":[133.7,33.56]}},{"type":"Feature","properties":{"コード":3921200,"name":"香美市土佐山田町宝町","所在":"高知県","所管":"気象庁"},"geometry":{"type":"Point","coordinates":[133.69,33.6]}},{"type":"Feature","properties":{"コード":3921201,"name":"香美市物部町神池","所在":"高知県","所管":"気象庁"},"geometry":{"type":"Point","coordinates":[133.88,33.73]}},{"type":"Feature","properties":{"コード":3921220,"name":"香美市土佐山田町岩積","所在":"高知県","所管":"防災科学技術研究所"},"geometry":{"type":"Point","coordinates":[133.69,33.59]}},{"type":"Feature","properties":{"コード":3921233,"name":"香美市香北町美良布","所在":"高知県","所管":"地方公共団体"},"geometry":{"type":"Point","coordinates":[133.78,33.65]}},{"type":"Feature","properties":{"コード":3921234,"name":"香美市物部町大栃","所在":"高知県","所管":"地方公共団体"},"geometry":{"type":"Point","coordinates":[133.88,33.7]}},{"type":"Feature","properties":{"コード":3934131,"name":"本山町本山","所在":"高知県","所管":"地方公共団体"},"geometry":{"type":"Point","coordinates":[133.58,33.75]}},{"type":"Feature","properties":{"コード":3934421,"name":"大豊町黒石","所在":"高知県","所管":"防災科学技術研究所"},"geometry":{"type":"Point","coordinates":[133.73,33.78]}},{"type":"Feature","properties":{"コード":3934430,"name":"大豊町高須","所在":"高知県","所管":"地方公共団体"},"geometry":{"type":"Point","coordinates":[133.66,33.76]}},{"type":"Feature","properties":{"コード":3936331,"name":"土佐町土居","所在":"高知県","所管":"地方公共団体"},"geometry":{"type":"Point","coordinates":[133.53,33.74]}},{"type":"Feature","properties":{"コード":3936431,"name":"大川村小松","所在":"高知県","所管":"地方公共団体"},"geometry":{"type":"Point","coordinates":[133.47,33.78]}},{"type":"Feature","properties":{"コード":3938620,"name":"いの町脇ノ山","所在":"高知県","所管":"防災科学技術研究所"},"geometry":{"type":"Point","coordinates":[133.35,33.78]}},{"type":"Feature","properties":{"コード":3938633,"name":"いの町上八川","所在":"高知県","所管":"地方公共団体"},"geometry":{"type":"Point","coordinates":[133.34,33.65]}},{"type":"Feature","properties":{"コード":3938635,"name":"いの町役場","所在":"高知県","所管":"地方公共団体"},"geometry":{"type":"Point","coordinates":[133.43,33.55]}},{"type":"Feature","properties":{"コード":3938636,"name":"いの町長沢","所在":"高知県","所管":"地方公共団体"},"geometry":{"type":"Point","coordinates":[133.31,33.73]}},{"type":"Feature","properties":{"コード":3938730,"name":"仁淀川町土居","所在":"高知県","所管":"地方公共団体"},"geometry":{"type":"Point","coordinates":[133.17,33.61]}},{"type":"Feature","properties":{"コード":3938732,"name":"仁淀川町森","所在":"高知県","所管":"地方公共団体"},"geometry":{"type":"Point","coordinates":[133.13,33.54]}},{"type":"Feature","properties":{"コード":3938733,"name":"仁淀川町大崎","所在":"高知県","所管":"地方公共団体"},"geometry":{"type":"Point","coordinates":[133.17,33.58]}},{"type":"Feature","properties":{"コード":3940230,"name":"佐川町役場","所在":"高知県","所管":"地方公共団体"},"geometry":{"type":"Point","coordinates":[133.29,33.5]}},{"type":"Feature","properties":{"コード":3940330,"name":"越知町越知","所在":"高知県","所管":"地方公共団体"},"geometry":{"type":"Point","coordinates":[133.25,33.53]}},{"type":"Feature","properties":{"コード":3941032,"name":"日高村本郷","所在":"高知県","所管":"地方公共団体"},"geometry":{"type":"Point","coordinates":[133.37,33.53]}},{"type":"Feature","properties":{"コード":3920800,"name":"宿毛市片島","所在":"高知県","所管":"気象庁"},"geometry":{"type":"Point","coordinates":[132.7,32.92]}},{"type":"Feature","properties":{"コード":3920820,"name":"宿毛市桜町","所在":"高知県","所管":"防災科学技術研究所"},"geometry":{"type":"Point","coordinates":[132.73,32.94]}},{"type":"Feature","properties":{"コード":3920901,"name":"土佐清水市有永","所在":"高知県","所管":"気象庁"},"geometry":{"type":"Point","coordinates":[132.8,32.86]}},{"type":"Feature","properties":{"コード":3920902,"name":"土佐清水市足摺岬","所在":"高知県","所管":"気象庁"},"geometry":{"type":"Point","coordinates":[133.01,32.72]}},{"type":"Feature","properties":{"コード":3920921,"name":"土佐清水市松尾","所在":"高知県","所管":"防災科学技術研究所"},"geometry":{"type":"Point","coordinates":[132.98,32.74]}},{"type":"Feature","properties":{"コード":3920930,"name":"土佐清水市天神町","所在":"高知県","所管":"地方公共団体"},"geometry":{"type":"Point","coordinates":[132.96,32.78]}},{"type":"Feature","properties":{"コード":3921032,"name":"四万十市古津賀","所在":"高知県","所管":"地方公共団体"},"geometry":{"type":"Point","coordinates":[132.95,32.98]}},{"type":"Feature","properties":{"コード":3921033,"name":"四万十市西土佐江川崎","所在":"高知県","所管":"地方公共団体"},"geometry":{"type":"Point","coordinates":[132.79,33.17]}},{"type":"Feature","properties":{"コード":3940131,"name":"中土佐町大野見吉野","所在":"高知県","所管":"地方公共団体"},"geometry":{"type":"Point","coordinates":[133.14,33.34]}},{"type":"Feature","properties":{"コード":3940132,"name":"中土佐町久礼","所在":"高知県","所管":"地方公共団体"},"geometry":{"type":"Point","coordinates":[133.22,33.33]}},{"type":"Feature","properties":{"コード":3940521,"name":"梼原町広野","所在":"高知県","所管":"防災科学技術研究所"},"geometry":{"type":"Point","coordinates":[132.9,33.4]}},{"type":"Feature","properties":{"コード":3940532,"name":"梼原町梼原","所在":"高知県","所管":"地方公共団体"},"geometry":{"type":"Point","coordinates":[132.93,33.39]}},{"type":"Feature","properties":{"コード":3941131,"name":"高知津野町力石","所在":"高知県","所管":"地方公共団体"},"geometry":{"type":"Point","coordinates":[133.03,33.39]}},{"type":"Feature","properties":{"コード":3941132,"name":"高知津野町永野","所在":"高知県","所管":"地方公共団体"},"geometry":{"type":"Point","coordinates":[133.2,33.45]}},{"type":"Feature","properties":{"コード":3941200,"name":"四万十町窪川中津川","所在":"高知県","所管":"気象庁"},"geometry":{"type":"Point","coordinates":[133.06,33.31]}},{"type":"Feature","properties":{"コード":3941220,"name":"四万十町大正","所在":"高知県","所管":"防災科学技術研究所"},"geometry":{"type":"Point","coordinates":[132.98,33.2]}},{"type":"Feature","properties":{"コード":3941233,"name":"四万十町十川","所在":"高知県","所管":"地方公共団体"},"geometry":{"type":"Point","coordinates":[132.85,33.23]}},{"type":"Feature","properties":{"コード":3941234,"name":"四万十町琴平町","所在":"高知県","所管":"地方公共団体"},"geometry":{"type":"Point","coordinates":[133.14,33.21]}},{"type":"Feature","properties":{"コード":3942430,"name":"大月町弘見","所在":"高知県","所管":"地方公共団体"},"geometry":{"type":"Point","coordinates":[132.71,32.84]}},{"type":"Feature","properties":{"コード":3942730,"name":"三原村来栖野","所在":"高知県","所管":"地方公共団体"},"geometry":{"type":"Point","coordinates":[132.85,32.91]}},{"type":"Feature","properties":{"コード":3942801,"name":"黒潮町入野","所在":"高知県","所管":"気象庁"},"geometry":{"type":"Point","coordinates":[133,33.02]}},{"type":"Feature","properties":{"コード":3942820,"name":"黒潮町佐賀","所在":"高知県","所管":"防災科学技術研究所"},"geometry":{"type":"Point","coordinates":[133.1,33.08]}},{"type":"Feature","properties":{"コード":3520401,"name":"萩市土原","所在":"山口県","所管":"気象庁"},"geometry":{"type":"Point","coordinates":[131.41,34.41]}},{"type":"Feature","properties":{"コード":3520402,"name":"萩市見島宇津","所在":"山口県","所管":"気象庁"},"geometry":{"type":"Point","coordinates":[131.14,34.78]}},{"type":"Feature","properties":{"コード":3520432,"name":"萩市川上","所在":"山口県","所管":"地方公共団体"},"geometry":{"type":"Point","coordinates":[131.46,34.36]}},{"type":"Feature","properties":{"コード":3520433,"name":"萩市下田万","所在":"山口県","所管":"地方公共団体"},"geometry":{"type":"Point","coordinates":[131.66,34.64]}},{"type":"Feature","properties":{"コード":3520438,"name":"萩市江向","所在":"山口県","所管":"地方公共団体"},"geometry":{"type":"Point","coordinates":[131.4,34.41]}},{"type":"Feature","properties":{"コード":3520439,"name":"萩市吉部","所在":"山口県","所管":"地方公共団体"},"geometry":{"type":"Point","coordinates":[131.58,34.44]}},{"type":"Feature","properties":{"コード":3520440,"name":"萩市須佐","所在":"山口県","所管":"地方公共団体"},"geometry":{"type":"Point","coordinates":[131.6,34.62]}},{"type":"Feature","properties":{"コード":3520441,"name":"萩市明木","所在":"山口県","所管":"地方公共団体"},"geometry":{"type":"Point","coordinates":[131.41,34.34]}},{"type":"Feature","properties":{"コード":3520442,"name":"萩市福井","所在":"山口県","所管":"地方公共団体"},"geometry":{"type":"Point","coordinates":[131.48,34.43]}},{"type":"Feature","properties":{"コード":3520443,"name":"萩市見島本村","所在":"山口県","所管":"地方公共団体"},"geometry":{"type":"Point","coordinates":[131.15,34.76]}},{"type":"Feature","properties":{"コード":3521121,"name":"長門市深川中学校","所在":"山口県","所管":"防災科学技術研究所"},"geometry":{"type":"Point","coordinates":[131.19,34.36]}},{"type":"Feature","properties":{"コード":3521132,"name":"長門市日置","所在":"山口県","所管":"地方公共団体"},"geometry":{"type":"Point","coordinates":[131.1,34.38]}},{"type":"Feature","properties":{"コード":3521134,"name":"長門市東深川","所在":"山口県","所管":"地方公共団体"},"geometry":{"type":"Point","coordinates":[131.18,34.37]}},{"type":"Feature","properties":{"コード":3521136,"name":"長門市三隅","所在":"山口県","所管":"地方公共団体"},"geometry":{"type":"Point","coordinates":[131.25,34.36]}},{"type":"Feature","properties":{"コード":3521335,"name":"美祢市大嶺町","所在":"山口県","所管":"地方公共団体"},"geometry":{"type":"Point","coordinates":[131.21,34.17]}},{"type":"Feature","properties":{"コード":3521336,"name":"美祢市美東町大田","所在":"山口県","所管":"地方公共団体"},"geometry":{"type":"Point","coordinates":[131.34,34.22]}},{"type":"Feature","properties":{"コード":3521337,"name":"美祢市秋芳町秋吉","所在":"山口県","所管":"地方公共団体"},"geometry":{"type":"Point","coordinates":[131.29,34.21]}},{"type":"Feature","properties":{"コード":3550231,"name":"阿武町奈古","所在":"山口県","所管":"地方公共団体"},"geometry":{"type":"Point","coordinates":[131.47,34.5]}},{"type":"Feature","properties":{"コード":3520100,"name":"下関市竹崎","所在":"山口県","所管":"気象庁"},"geometry":{"type":"Point","coordinates":[130.93,33.95]}},{"type":"Feature","properties":{"コード":3520102,"name":"下関市豊浦町川棚","所在":"山口県","所管":"気象庁"},"geometry":{"type":"Point","coordinates":[130.92,34.15]}},{"type":"Feature","properties":{"コード":3520120,"name":"下関市清末陣屋","所在":"山口県","所管":"防災科学技術研究所"},"geometry":{"type":"Point","coordinates":[131.02,34.06]}},{"type":"Feature","properties":{"コード":3520121,"name":"下関市豊浦町浄水場","所在":"山口県","所管":"防災科学技術研究所"},"geometry":{"type":"Point","coordinates":[130.93,34.15]}},{"type":"Feature","properties":{"コード":3520138,"name":"下関市豊北町角島","所在":"山口県","所管":"地方公共団体"},"geometry":{"type":"Point","coordinates":[130.87,34.36]}},{"type":"Feature","properties":{"コード":3520140,"name":"下関市豊北町滝部","所在":"山口県","所管":"地方公共団体"},"geometry":{"type":"Point","coordinates":[130.95,34.29]}},{"type":"Feature","properties":{"コード":3520143,"name":"下関市豊田町殿敷","所在":"山口県","所管":"地方公共団体"},"geometry":{"type":"Point","coordinates":[131.08,34.2]}},{"type":"Feature","properties":{"コード":3520144,"name":"下関市役所","所在":"山口県","所管":"地方公共団体"},"geometry":{"type":"Point","coordinates":[130.94,33.96]}},{"type":"Feature","properties":{"コード":3520145,"name":"下関市菊川町下岡枝","所在":"山口県","所管":"地方公共団体"},"geometry":{"type":"Point","coordinates":[131.03,34.12]}},{"type":"Feature","properties":{"コード":3520201,"name":"宇部市野中","所在":"山口県","所管":"気象庁"},"geometry":{"type":"Point","coordinates":[131.29,33.95]}},{"type":"Feature","properties":{"コード":3520220,"name":"宇部市東須恵","所在":"山口県","所管":"防災科学技術研究所"},"geometry":{"type":"Point","coordinates":[131.22,33.99]}},{"type":"Feature","properties":{"コード":3520233,"name":"宇部市常盤町","所在":"山口県","所管":"地方公共団体"},"geometry":{"type":"Point","coordinates":[131.25,33.95]}},{"type":"Feature","properties":{"コード":3520234,"name":"宇部市船木","所在":"山口県","所管":"地方公共団体"},"geometry":{"type":"Point","coordinates":[131.23,34.05]}},{"type":"Feature","properties":{"コード":3521632,"name":"山陽小野田市日の出","所在":"山口県","所管":"地方公共団体"},"geometry":{"type":"Point","coordinates":[131.18,34]}},{"type":"Feature","properties":{"コード":3521633,"name":"山陽小野田市鴨庄","所在":"山口県","所管":"地方公共団体"},"geometry":{"type":"Point","coordinates":[131.16,34.06]}},{"type":"Feature","properties":{"コード":3520803,"name":"岩国市今津","所在":"山口県","所管":"気象庁"},"geometry":{"type":"Point","coordinates":[132.22,34.17]}},{"type":"Feature","properties":{"コード":3520823,"name":"岩国市横山","所在":"山口県","所管":"防災科学技術研究所"},"geometry":{"type":"Point","coordinates":[132.18,34.17]}},{"type":"Feature","properties":{"コード":3520824,"name":"岩国市玖珂町阿山","所在":"山口県","所管":"防災科学技術研究所"},"geometry":{"type":"Point","coordinates":[132.08,34.1]}},{"type":"Feature","properties":{"コード":3520825,"name":"岩国市美川町高ケ原","所在":"山口県","所管":"防災科学技術研究所"},"geometry":{"type":"Point","coordinates":[131.98,34.23]}},{"type":"Feature","properties":{"コード":3520840,"name":"岩国市由宇町","所在":"山口県","所管":"地方公共団体"},"geometry":{"type":"Point","coordinates":[132.21,34.05]}},{"type":"Feature","properties":{"コード":3520843,"name":"岩国市美和町生見","所在":"山口県","所管":"地方公共団体"},"geometry":{"type":"Point","coordinates":[132.08,34.22]}},{"type":"Feature","properties":{"コード":3520847,"name":"岩国市本郷町本郷","所在":"山口県","所管":"地方公共団体"},"geometry":{"type":"Point","coordinates":[132.04,34.29]}},{"type":"Feature","properties":{"コード":3520848,"name":"岩国市錦町広瀬","所在":"山口県","所管":"地方公共団体"},"geometry":{"type":"Point","coordinates":[131.96,34.26]}},{"type":"Feature","properties":{"コード":3520849,"name":"岩国市美川町四馬神","所在":"山口県","所管":"地方公共団体"},"geometry":{"type":"Point","coordinates":[131.99,34.24]}},{"type":"Feature","properties":{"コード":3520850,"name":"岩国市周東町下久原","所在":"山口県","所管":"地方公共団体"},"geometry":{"type":"Point","coordinates":[132.05,34.09]}},{"type":"Feature","properties":{"コード":3520851,"name":"岩国市玖珂支所","所在":"山口県","所管":"地方公共団体"},"geometry":{"type":"Point","coordinates":[132.08,34.09]}},{"type":"Feature","properties":{"コード":3521034,"name":"光市中央","所在":"山口県","所管":"地方公共団体"},"geometry":{"type":"Point","coordinates":[131.94,33.96]}},{"type":"Feature","properties":{"コード":3521036,"name":"光市岩田","所在":"山口県","所管":"地方公共団体"},"geometry":{"type":"Point","coordinates":[132,33.98]}},{"type":"Feature","properties":{"コード":3521233,"name":"柳井市南町","所在":"山口県","所管":"地方公共団体"},"geometry":{"type":"Point","coordinates":[132.1,33.96]}},{"type":"Feature","properties":{"コード":3521234,"name":"柳井市大畠","所在":"山口県","所管":"地方公共団体"},"geometry":{"type":"Point","coordinates":[132.17,33.96]}},{"type":"Feature","properties":{"コード":3530521,"name":"周防大島町平野","所在":"山口県","所管":"防災科学技術研究所"},"geometry":{"type":"Point","coordinates":[132.36,33.91]}},{"type":"Feature","properties":{"コード":3530536,"name":"周防大島町小松","所在":"山口県","所管":"地方公共団体"},"geometry":{"type":"Point","coordinates":[132.2,33.93]}},{"type":"Feature","properties":{"コード":3530537,"name":"周防大島町西安下庄","所在":"山口県","所管":"地方公共団体"},"geometry":{"type":"Point","coordinates":[132.28,33.9]}},{"type":"Feature","properties":{"コード":3530539,"name":"周防大島町久賀","所在":"山口県","所管":"地方公共団体"},"geometry":{"type":"Point","coordinates":[132.26,33.95]}},{"type":"Feature","properties":{"コード":3530540,"name":"周防大島町東和総合支所","所在":"山口県","所管":"地方公共団体"},"geometry":{"type":"Point","coordinates":[132.37,33.91]}},{"type":"Feature","properties":{"コード":3532132,"name":"和木町和木","所在":"山口県","所管":"地方公共団体"},"geometry":{"type":"Point","coordinates":[132.22,34.2]}},{"type":"Feature","properties":{"コード":3534122,"name":"上関町室津","所在":"山口県","所管":"防災科学技術研究所"},"geometry":{"type":"Point","coordinates":[132.12,33.85]}},{"type":"Feature","properties":{"コード":3534133,"name":"上関町長島","所在":"山口県","所管":"地方公共団体"},"geometry":{"type":"Point","coordinates":[132.11,33.83]}},{"type":"Feature","properties":{"コード":3534302,"name":"田布施町下田布施","所在":"山口県","所管":"気象庁"},"geometry":{"type":"Point","coordinates":[132.04,33.96]}},{"type":"Feature","properties":{"コード":3534433,"name":"平生町平生","所在":"山口県","所管":"地方公共団体"},"geometry":{"type":"Point","coordinates":[132.07,33.94]}},{"type":"Feature","properties":{"コード":3520302,"name":"山口市前町","所在":"山口県","所管":"気象庁"},"geometry":{"type":"Point","coordinates":[131.46,34.16]}},{"type":"Feature","properties":{"コード":3520322,"name":"山口市秋穂二島","所在":"山口県","所管":"防災科学技術研究所"},"geometry":{"type":"Point","coordinates":[131.41,34.01]}},{"type":"Feature","properties":{"コード":3520323,"name":"山口市阿東生雲","所在":"山口県","所管":"防災科学技術研究所"},"geometry":{"type":"Point","coordinates":[131.6,34.38]}},{"type":"Feature","properties":{"コード":3520340,"name":"山口市秋穂東","所在":"山口県","所管":"地方公共団体"},"geometry":{"type":"Point","coordinates":[131.44,34.01]}},{"type":"Feature","properties":{"コード":3520341,"name":"山口市小郡下郷","所在":"山口県","所管":"地方公共団体"},"geometry":{"type":"Point","coordinates":[131.39,34.1]}},{"type":"Feature","properties":{"コード":3520346,"name":"山口市阿東徳佐","所在":"山口県","所管":"地方公共団体"},"geometry":{"type":"Point","coordinates":[131.72,34.4]}},{"type":"Feature","properties":{"コード":3520348,"name":"山口市阿知須","所在":"山口県","所管":"地方公共団体"},"geometry":{"type":"Point","coordinates":[131.36,34.01]}},{"type":"Feature","properties":{"コード":3520349,"name":"山口市徳地堀","所在":"山口県","所管":"地方公共団体"},"geometry":{"type":"Point","coordinates":[131.66,34.19]}},{"type":"Feature","properties":{"コード":3520350,"name":"山口市大殿大路","所在":"山口県","所管":"地方公共団体"},"geometry":{"type":"Point","coordinates":[131.48,34.18]}},{"type":"Feature","properties":{"コード":3520601,"name":"防府市寿","所在":"山口県","所管":"気象庁"},"geometry":{"type":"Point","coordinates":[131.56,34.05]}},{"type":"Feature","properties":{"コード":3520621,"name":"防府市西浦","所在":"山口県","所管":"防災科学技術研究所"},"geometry":{"type":"Point","coordinates":[131.53,34.03]}},{"type":"Feature","properties":{"コード":3520701,"name":"下松市瀬戸","所在":"山口県","所管":"気象庁"},"geometry":{"type":"Point","coordinates":[131.87,34.06]}},{"type":"Feature","properties":{"コード":3520732,"name":"下松市大手町","所在":"山口県","所管":"地方公共団体"},"geometry":{"type":"Point","coordinates":[131.87,34.02]}},{"type":"Feature","properties":{"コード":3521522,"name":"周南市桜馬場通り","所在":"山口県","所管":"防災科学技術研究所"},"geometry":{"type":"Point","coordinates":[131.81,34.05]}},{"type":"Feature","properties":{"コード":3521536,"name":"周南市熊毛中央町","所在":"山口県","所管":"地方公共団体"},"geometry":{"type":"Point","coordinates":[131.97,34.05]}},{"type":"Feature","properties":{"コード":3521540,"name":"周南市岐山通り","所在":"山口県","所管":"地方公共団体"},"geometry":{"type":"Point","coordinates":[131.81,34.06]}},{"type":"Feature","properties":{"コード":3521542,"name":"周南市富田","所在":"山口県","所管":"地方公共団体"},"geometry":{"type":"Point","coordinates":[131.75,34.07]}},{"type":"Feature","properties":{"コード":3521543,"name":"周南市鹿野上","所在":"山口県","所管":"地方公共団体"},"geometry":{"type":"Point","coordinates":[131.82,34.23]}},{"type":"Feature","properties":{"コード":4013131,"name":"福岡東区千早","所在":"福岡県","所管":"地方公共団体"},"geometry":{"type":"Point","coordinates":[130.44,33.65]}},{"type":"Feature","properties":{"コード":4013201,"name":"福岡空港","所在":"福岡県","所管":"気象庁"},"geometry":{"type":"Point","coordinates":[130.45,33.59]}},{"type":"Feature","properties":{"コード":4013231,"name":"福岡博多区博多駅前","所在":"福岡県","所管":"地方公共団体"},"geometry":{"type":"Point","coordinates":[130.42,33.58]}},{"type":"Feature","properties":{"コード":4013300,"name":"福岡中央区大濠","所在":"福岡県","所管":"気象庁"},"geometry":{"type":"Point","coordinates":[130.38,33.58]}},{"type":"Feature","properties":{"コード":4013330,"name":"福岡中央区舞鶴","所在":"福岡県","所管":"地方公共団体"},"geometry":{"type":"Point","coordinates":[130.39,33.59]}},{"type":"Feature","properties":{"コード":4013430,"name":"福岡南区塩原","所在":"福岡県","所管":"地方公共団体"},"geometry":{"type":"Point","coordinates":[130.43,33.57]}},{"type":"Feature","properties":{"コード":4013530,"name":"福岡西区今宿","所在":"福岡県","所管":"地方公共団体"},"geometry":{"type":"Point","coordinates":[130.28,33.57]}},{"type":"Feature","properties":{"コード":4013630,"name":"福岡城南区神松寺","所在":"福岡県","所管":"地方公共団体"},"geometry":{"type":"Point","coordinates":[130.38,33.55]}},{"type":"Feature","properties":{"コード":4013700,"name":"福岡早良区板屋","所在":"福岡県","所管":"気象庁"},"geometry":{"type":"Point","coordinates":[130.39,33.43]}},{"type":"Feature","properties":{"コード":4013730,"name":"福岡早良区百道浜","所在":"福岡県","所管":"地方公共団体"},"geometry":{"type":"Point","coordinates":[130.36,33.59]}},{"type":"Feature","properties":{"コード":4021731,"name":"筑紫野市石崎","所在":"福岡県","所管":"地方公共団体"},"geometry":{"type":"Point","coordinates":[130.53,33.49]}},{"type":"Feature","properties":{"コード":4021831,"name":"春日市原町","所在":"福岡県","所管":"地方公共団体"},"geometry":{"type":"Point","coordinates":[130.47,33.53]}},{"type":"Feature","properties":{"コード":4021930,"name":"大野城市曙町","所在":"福岡県","所管":"地方公共団体"},"geometry":{"type":"Point","coordinates":[130.48,33.54]}},{"type":"Feature","properties":{"コード":4022020,"name":"宗像市江口神原","所在":"福岡県","所管":"防災科学技術研究所"},"geometry":{"type":"Point","coordinates":[130.51,33.84]}},{"type":"Feature","properties":{"コード":4022030,"name":"宗像市東郷","所在":"福岡県","所管":"地方公共団体"},"geometry":{"type":"Point","coordinates":[130.54,33.81]}},{"type":"Feature","properties":{"コード":4022033,"name":"宗像市大島","所在":"福岡県","所管":"地方公共団体"},"geometry":{"type":"Point","coordinates":[130.43,33.9]}},{"type":"Feature","properties":{"コード":4022034,"name":"宗像市神湊","所在":"福岡県","所管":"地方公共団体"},"geometry":{"type":"Point","coordinates":[130.5,33.85]}},{"type":"Feature","properties":{"コード":4022131,"name":"太宰府市観世音寺","所在":"福岡県","所管":"地方公共団体"},"geometry":{"type":"Point","coordinates":[130.52,33.51]}},{"type":"Feature","properties":{"コード":4022330,"name":"福岡古賀市駅東","所在":"福岡県","所管":"地方公共団体"},"geometry":{"type":"Point","coordinates":[130.47,33.73]}},{"type":"Feature","properties":{"コード":4022400,"name":"福津市手光","所在":"福岡県","所管":"気象庁"},"geometry":{"type":"Point","coordinates":[130.49,33.77]}},{"type":"Feature","properties":{"コード":4022430,"name":"福津市中央","所在":"福岡県","所管":"地方公共団体"},"geometry":{"type":"Point","coordinates":[130.5,33.77]}},{"type":"Feature","properties":{"コード":4022431,"name":"福津市津屋崎","所在":"福岡県","所管":"地方公共団体"},"geometry":{"type":"Point","coordinates":[130.47,33.79]}},{"type":"Feature","properties":{"コード":4023000,"name":"糸島市志摩初","所在":"福岡県","所管":"気象庁"},"geometry":{"type":"Point","coordinates":[130.18,33.58]}},{"type":"Feature","properties":{"コード":4023020,"name":"糸島市前原東","所在":"福岡県","所管":"防災科学技術研究所"},"geometry":{"type":"Point","coordinates":[130.2,33.56]}},{"type":"Feature","properties":{"コード":4023031,"name":"糸島市二丈深江","所在":"福岡県","所管":"地方公共団体"},"geometry":{"type":"Point","coordinates":[130.15,33.52]}},{"type":"Feature","properties":{"コード":4023131,"name":"那珂川市西隈","所在":"福岡県","所管":"地方公共団体"},"geometry":{"type":"Point","coordinates":[130.42,33.5]}},{"type":"Feature","properties":{"コード":4034130,"name":"宇美町宇美","所在":"福岡県","所管":"地方公共団体"},"geometry":{"type":"Point","coordinates":[130.51,33.57]}},{"type":"Feature","properties":{"コード":4034230,"name":"篠栗町中央","所在":"福岡県","所管":"地方公共団体"},"geometry":{"type":"Point","coordinates":[130.53,33.62]}},{"type":"Feature","properties":{"コード":4034330,"name":"志免町志免","所在":"福岡県","所管":"地方公共団体"},"geometry":{"type":"Point","coordinates":[130.48,33.59]}},{"type":"Feature","properties":{"コード":4034430,"name":"須恵町須恵","所在":"福岡県","所管":"地方公共団体"},"geometry":{"type":"Point","coordinates":[130.51,33.59]}},{"type":"Feature","properties":{"コード":4034530,"name":"新宮町緑ヶ浜","所在":"福岡県","所管":"地方公共団体"},"geometry":{"type":"Point","coordinates":[130.45,33.72]}},{"type":"Feature","properties":{"コード":4034830,"name":"久山町久原","所在":"福岡県","所管":"地方公共団体"},"geometry":{"type":"Point","coordinates":[130.5,33.65]}},{"type":"Feature","properties":{"コード":4034930,"name":"粕屋町仲原","所在":"福岡県","所管":"地方公共団体"},"geometry":{"type":"Point","coordinates":[130.48,33.61]}},{"type":"Feature","properties":{"コード":4010132,"name":"北九州門司区大里東","所在":"福岡県","所管":"地方公共団体"},"geometry":{"type":"Point","coordinates":[130.94,33.91]}},{"type":"Feature","properties":{"コード":4010330,"name":"北九州若松区桜町","所在":"福岡県","所管":"地方公共団体"},"geometry":{"type":"Point","coordinates":[130.81,33.91]}},{"type":"Feature","properties":{"コード":4010531,"name":"北九州戸畑区新池","所在":"福岡県","所管":"地方公共団体"},"geometry":{"type":"Point","coordinates":[130.83,33.9]}},{"type":"Feature","properties":{"コード":4010630,"name":"北九州小倉北区大手町","所在":"福岡県","所管":"地方公共団体"},"geometry":{"type":"Point","coordinates":[130.87,33.88]}},{"type":"Feature","properties":{"コード":4010720,"name":"北九州小倉南区横代東町","所在":"福岡県","所管":"防災科学技術研究所"},"geometry":{"type":"Point","coordinates":[130.9,33.83]}},{"type":"Feature","properties":{"コード":4010731,"name":"北九州小倉南区若園","所在":"福岡県","所管":"地方公共団体"},"geometry":{"type":"Point","coordinates":[130.89,33.85]}},{"type":"Feature","properties":{"コード":4010800,"name":"北九州八幡東区桃園","所在":"福岡県","所管":"気象庁"},"geometry":{"type":"Point","coordinates":[130.79,33.86]}},{"type":"Feature","properties":{"コード":4010831,"name":"北九州八幡東区大谷","所在":"福岡県","所管":"地方公共団体"},"geometry":{"type":"Point","coordinates":[130.81,33.86]}},{"type":"Feature","properties":{"コード":4010931,"name":"北九州八幡西区相生町","所在":"福岡県","所管":"地方公共団体"},"geometry":{"type":"Point","coordinates":[130.75,33.85]}},{"type":"Feature","properties":{"コード":4021320,"name":"行橋市今井","所在":"福岡県","所管":"防災科学技術研究所"},"geometry":{"type":"Point","coordinates":[131.01,33.74]}},{"type":"Feature","properties":{"コード":4021330,"name":"行橋市中央","所在":"福岡県","所管":"地方公共団体"},"geometry":{"type":"Point","coordinates":[130.98,33.73]}},{"type":"Feature","properties":{"コード":4021430,"name":"豊前市吉木","所在":"福岡県","所管":"地方公共団体"},"geometry":{"type":"Point","coordinates":[131.13,33.61]}},{"type":"Feature","properties":{"コード":4021520,"name":"中間市長津","所在":"福岡県","所管":"防災科学技術研究所"},"geometry":{"type":"Point","coordinates":[130.71,33.83]}},{"type":"Feature","properties":{"コード":4021530,"name":"中間市中間","所在":"福岡県","所管":"地方公共団体"},"geometry":{"type":"Point","coordinates":[130.71,33.82]}},{"type":"Feature","properties":{"コード":4038132,"name":"芦屋町幸町","所在":"福岡県","所管":"地方公共団体"},"geometry":{"type":"Point","coordinates":[130.66,33.89]}},{"type":"Feature","properties":{"コード":4038231,"name":"水巻町頃末","所在":"福岡県","所管":"地方公共団体"},"geometry":{"type":"Point","coordinates":[130.69,33.85]}},{"type":"Feature","properties":{"コード":4038330,"name":"岡垣町野間","所在":"福岡県","所管":"地方公共団体"},"geometry":{"type":"Point","coordinates":[130.61,33.85]}},{"type":"Feature","properties":{"コード":4038430,"name":"遠賀町今古賀","所在":"福岡県","所管":"地方公共団体"},"geometry":{"type":"Point","coordinates":[130.67,33.85]}},{"type":"Feature","properties":{"コード":4062100,"name":"苅田町若久","所在":"福岡県","所管":"気象庁"},"geometry":{"type":"Point","coordinates":[130.98,33.8]}},{"type":"Feature","properties":{"コード":4062130,"name":"苅田町京町","所在":"福岡県","所管":"地方公共団体"},"geometry":{"type":"Point","coordinates":[130.98,33.78]}},{"type":"Feature","properties":{"コード":4062531,"name":"みやこ町勝山上田","所在":"福岡県","所管":"地方公共団体"},"geometry":{"type":"Point","coordinates":[130.92,33.7]}},{"type":"Feature","properties":{"コード":4062533,"name":"みやこ町犀川本庄","所在":"福岡県","所管":"地方公共団体"},"geometry":{"type":"Point","coordinates":[130.94,33.65]}},{"type":"Feature","properties":{"コード":4062534,"name":"みやこ町豊津","所在":"福岡県","所管":"地方公共団体"},"geometry":{"type":"Point","coordinates":[130.97,33.67]}},{"type":"Feature","properties":{"コード":4064230,"name":"吉富町広津","所在":"福岡県","所管":"地方公共団体"},"geometry":{"type":"Point","coordinates":[131.18,33.6]}},{"type":"Feature","properties":{"コード":4064631,"name":"上毛町東下","所在":"福岡県","所管":"地方公共団体"},"geometry":{"type":"Point","coordinates":[131.15,33.55]}},{"type":"Feature","properties":{"コード":4064632,"name":"上毛町垂水","所在":"福岡県","所管":"地方公共団体"},"geometry":{"type":"Point","coordinates":[131.16,33.58]}},{"type":"Feature","properties":{"コード":4064733,"name":"築上町椎田","所在":"福岡県","所管":"地方公共団体"},"geometry":{"type":"Point","coordinates":[131.06,33.66]}},{"type":"Feature","properties":{"コード":4020431,"name":"直方市新町","所在":"福岡県","所管":"地方公共団体"},"geometry":{"type":"Point","coordinates":[130.73,33.74]}},{"type":"Feature","properties":{"コード":4020501,"name":"飯塚市川島","所在":"福岡県","所管":"気象庁"},"geometry":{"type":"Point","coordinates":[130.69,33.65]}},{"type":"Feature","properties":{"コード":4020520,"name":"飯塚市立岩","所在":"福岡県","所管":"防災科学技術研究所"},"geometry":{"type":"Point","coordinates":[130.7,33.65]}},{"type":"Feature","properties":{"コード":4020531,"name":"飯塚市長尾","所在":"福岡県","所管":"地方公共団体"},"geometry":{"type":"Point","coordinates":[130.65,33.57]}},{"type":"Feature","properties":{"コード":4020532,"name":"飯塚市忠隈","所在":"福岡県","所管":"地方公共団体"},"geometry":{"type":"Point","coordinates":[130.68,33.62]}},{"type":"Feature","properties":{"コード":4020535,"name":"飯塚市綱分","所在":"福岡県","所管":"地方公共団体"},"geometry":{"type":"Point","coordinates":[130.73,33.64]}},{"type":"Feature","properties":{"コード":4020536,"name":"飯塚市新立岩","所在":"福岡県","所管":"地方公共団体"},"geometry":{"type":"Point","coordinates":[130.69,33.65]}},{"type":"Feature","properties":{"コード":4020537,"name":"飯塚市鹿毛馬","所在":"福岡県","所管":"地方公共団体"},"geometry":{"type":"Point","coordinates":[130.72,33.68]}},{"type":"Feature","properties":{"コード":4020630,"name":"田川市中央町","所在":"福岡県","所管":"地方公共団体"},"geometry":{"type":"Point","coordinates":[130.81,33.64]}},{"type":"Feature","properties":{"コード":4022633,"name":"宮若市福丸","所在":"福岡県","所管":"地方公共団体"},"geometry":{"type":"Point","coordinates":[130.63,33.73]}},{"type":"Feature","properties":{"コード":4022634,"name":"宮若市宮田","所在":"福岡県","所管":"地方公共団体"},"geometry":{"type":"Point","coordinates":[130.67,33.72]}},{"type":"Feature","properties":{"コード":4022735,"name":"嘉麻市上臼井","所在":"福岡県","所管":"地方公共団体"},"geometry":{"type":"Point","coordinates":[130.71,33.56]}},{"type":"Feature","properties":{"コード":4022736,"name":"嘉麻市岩崎","所在":"福岡県","所管":"地方公共団体"},"geometry":{"type":"Point","coordinates":[130.72,33.6]}},{"type":"Feature","properties":{"コード":4022737,"name":"嘉麻市上山田","所在":"福岡県","所管":"地方公共団体"},"geometry":{"type":"Point","coordinates":[130.76,33.56]}},{"type":"Feature","properties":{"コード":4022738,"name":"嘉麻市大隈町","所在":"福岡県","所管":"地方公共団体"},"geometry":{"type":"Point","coordinates":[130.74,33.55]}},{"type":"Feature","properties":{"コード":4040131,"name":"小竹町勝野","所在":"福岡県","所管":"地方公共団体"},"geometry":{"type":"Point","coordinates":[130.71,33.7]}},{"type":"Feature","properties":{"コード":4042130,"name":"桂川町土居","所在":"福岡県","所管":"地方公共団体"},"geometry":{"type":"Point","coordinates":[130.68,33.58]}},{"type":"Feature","properties":{"コード":4060130,"name":"香春町高野","所在":"福岡県","所管":"地方公共団体"},"geometry":{"type":"Point","coordinates":[130.85,33.67]}},{"type":"Feature","properties":{"コード":4060230,"name":"添田町添田","所在":"福岡県","所管":"地方公共団体"},"geometry":{"type":"Point","coordinates":[130.85,33.57]}},{"type":"Feature","properties":{"コード":4060430,"name":"糸田町役場","所在":"福岡県","所管":"地方公共団体"},"geometry":{"type":"Point","coordinates":[130.78,33.65]}},{"type":"Feature","properties":{"コード":4060530,"name":"福岡川崎町田原","所在":"福岡県","所管":"地方公共団体"},"geometry":{"type":"Point","coordinates":[130.81,33.6]}},{"type":"Feature","properties":{"コード":4060830,"name":"大任町大行事","所在":"福岡県","所管":"地方公共団体"},"geometry":{"type":"Point","coordinates":[130.85,33.61]}},{"type":"Feature","properties":{"コード":4060930,"name":"赤村内田","所在":"福岡県","所管":"地方公共団体"},"geometry":{"type":"Point","coordinates":[130.87,33.62]}},{"type":"Feature","properties":{"コード":4061000,"name":"福智町上野","所在":"福岡県","所管":"気象庁"},"geometry":{"type":"Point","coordinates":[130.79,33.72]}},{"type":"Feature","properties":{"コード":4061030,"name":"福智町金田","所在":"福岡県","所管":"地方公共団体"},"geometry":{"type":"Point","coordinates":[130.78,33.68]}},{"type":"Feature","properties":{"コード":4061031,"name":"福智町赤池","所在":"福岡県","所管":"地方公共団体"},"geometry":{"type":"Point","coordinates":[130.76,33.7]}},{"type":"Feature","properties":{"コード":4061033,"name":"福智町弁城","所在":"福岡県","所管":"地方公共団体"},"geometry":{"type":"Point","coordinates":[130.79,33.69]}},{"type":"Feature","properties":{"コード":4020200,"name":"大牟田市笹林","所在":"福岡県","所管":"気象庁"},"geometry":{"type":"Point","coordinates":[130.45,33.03]}},{"type":"Feature","properties":{"コード":4020220,"name":"大牟田市昭和町","所在":"福岡県","所管":"防災科学技術研究所"},"geometry":{"type":"Point","coordinates":[130.45,33.02]}},{"type":"Feature","properties":{"コード":4020231,"name":"大牟田市有明町","所在":"福岡県","所管":"地方公共団体"},"geometry":{"type":"Point","coordinates":[130.45,33.03]}},{"type":"Feature","properties":{"コード":4020300,"name":"久留米市津福本町","所在":"福岡県","所管":"気象庁"},"geometry":{"type":"Point","coordinates":[130.49,33.3]}},{"type":"Feature","properties":{"コード":4020320,"name":"久留米市小森野町","所在":"福岡県","所管":"防災科学技術研究所"},"geometry":{"type":"Point","coordinates":[130.51,33.32]}},{"type":"Feature","properties":{"コード":4020330,"name":"久留米市城南町","所在":"福岡県","所管":"地方公共団体"},"geometry":{"type":"Point","coordinates":[130.51,33.32]}},{"type":"Feature","properties":{"コード":4020333,"name":"久留米市城島町","所在":"福岡県","所管":"地方公共団体"},"geometry":{"type":"Point","coordinates":[130.43,33.25]}},{"type":"Feature","properties":{"コード":4020334,"name":"久留米市三潴町","所在":"福岡県","所管":"地方公共団体"},"geometry":{"type":"Point","coordinates":[130.47,33.26]}},{"type":"Feature","properties":{"コード":4020336,"name":"久留米市北野町","所在":"福岡県","所管":"地方公共団体"},"geometry":{"type":"Point","coordinates":[130.59,33.35]}},{"type":"Feature","properties":{"コード":4020337,"name":"久留米市田主丸町","所在":"福岡県","所管":"地方公共団体"},"geometry":{"type":"Point","coordinates":[130.69,33.34]}},{"type":"Feature","properties":{"コード":4020731,"name":"柳川市大和町","所在":"福岡県","所管":"地方公共団体"},"geometry":{"type":"Point","coordinates":[130.43,33.13]}},{"type":"Feature","properties":{"コード":4020732,"name":"柳川市三橋町","所在":"福岡県","所管":"地方公共団体"},"geometry":{"type":"Point","coordinates":[130.43,33.17]}},{"type":"Feature","properties":{"コード":4020733,"name":"柳川市本町","所在":"福岡県","所管":"地方公共団体"},"geometry":{"type":"Point","coordinates":[130.41,33.16]}},{"type":"Feature","properties":{"コード":4021000,"name":"八女市黒木町北木屋","所在":"福岡県","所管":"気象庁"},"geometry":{"type":"Point","coordinates":[130.69,33.22]}},{"type":"Feature","properties":{"コード":4021020,"name":"八女市吉田","所在":"福岡県","所管":"防災科学技術研究所"},"geometry":{"type":"Point","coordinates":[130.56,33.23]}},{"type":"Feature","properties":{"コード":4021032,"name":"八女市黒木町今","所在":"福岡県","所管":"地方公共団体"},"geometry":{"type":"Point","coordinates":[130.67,33.22]}},{"type":"Feature","properties":{"コード":4021033,"name":"八女市立花町","所在":"福岡県","所管":"地方公共団体"},"geometry":{"type":"Point","coordinates":[130.59,33.2]}},{"type":"Feature","properties":{"コード":4021034,"name":"八女市矢部村","所在":"福岡県","所管":"地方公共団体"},"geometry":{"type":"Point","coordinates":[130.82,33.15]}},{"type":"Feature","properties":{"コード":4021035,"name":"八女市星野村","所在":"福岡県","所管":"地方公共団体"},"geometry":{"type":"Point","coordinates":[130.76,33.25]}},{"type":"Feature","properties":{"コード":4021037,"name":"八女市上陽町","所在":"福岡県","所管":"地方公共団体"},"geometry":{"type":"Point","coordinates":[130.64,33.24]}},{"type":"Feature","properties":{"コード":4021130,"name":"筑後市山ノ井","所在":"福岡県","所管":"地方公共団体"},"geometry":{"type":"Point","coordinates":[130.5,33.21]}},{"type":"Feature","properties":{"コード":4021230,"name":"大川市酒見","所在":"福岡県","所管":"地方公共団体"},"geometry":{"type":"Point","coordinates":[130.38,33.21]}},{"type":"Feature","properties":{"コード":4021630,"name":"小郡市小郡","所在":"福岡県","所管":"地方公共団体"},"geometry":{"type":"Point","coordinates":[130.56,33.4]}},{"type":"Feature","properties":{"コード":4022530,"name":"うきは市吉井町","所在":"福岡県","所管":"地方公共団体"},"geometry":{"type":"Point","coordinates":[130.76,33.35]}},{"type":"Feature","properties":{"コード":4022532,"name":"うきは市浮羽町","所在":"福岡県","所管":"地方公共団体"},"geometry":{"type":"Point","coordinates":[130.79,33.33]}},{"type":"Feature","properties":{"コード":4022820,"name":"朝倉市堤","所在":"福岡県","所管":"防災科学技術研究所"},"geometry":{"type":"Point","coordinates":[130.67,33.42]}},{"type":"Feature","properties":{"コード":4022830,"name":"朝倉市菩提寺","所在":"福岡県","所管":"地方公共団体"},"geometry":{"type":"Point","coordinates":[130.67,33.42]}},{"type":"Feature","properties":{"コード":4022831,"name":"朝倉市杷木池田","所在":"福岡県","所管":"地方公共団体"},"geometry":{"type":"Point","coordinates":[130.81,33.36]}},{"type":"Feature","properties":{"コード":4022832,"name":"朝倉市宮野","所在":"福岡県","所管":"地方公共団体"},"geometry":{"type":"Point","coordinates":[130.72,33.39]}},{"type":"Feature","properties":{"コード":4022930,"name":"みやま市瀬高町","所在":"福岡県","所管":"地方公共団体"},"geometry":{"type":"Point","coordinates":[130.48,33.15]}},{"type":"Feature","properties":{"コード":4022933,"name":"みやま市山川町","所在":"福岡県","所管":"地方公共団体"},"geometry":{"type":"Point","coordinates":[130.52,33.12]}},{"type":"Feature","properties":{"コード":4022934,"name":"みやま市高田町","所在":"福岡県","所管":"地方公共団体"},"geometry":{"type":"Point","coordinates":[130.45,33.1]}},{"type":"Feature","properties":{"コード":4044700,"name":"筑前町下高場","所在":"福岡県","所管":"気象庁"},"geometry":{"type":"Point","coordinates":[130.61,33.44]}},{"type":"Feature","properties":{"コード":4044730,"name":"筑前町新町","所在":"福岡県","所管":"地方公共団体"},"geometry":{"type":"Point","coordinates":[130.64,33.43]}},{"type":"Feature","properties":{"コード":4044731,"name":"筑前町篠隈","所在":"福岡県","所管":"地方公共団体"},"geometry":{"type":"Point","coordinates":[130.59,33.46]}},{"type":"Feature","properties":{"コード":4044830,"name":"東峰村小石原","所在":"福岡県","所管":"地方公共団体"},"geometry":{"type":"Point","coordinates":[130.83,33.46]}},{"type":"Feature","properties":{"コード":4044831,"name":"東峰村宝珠山","所在":"福岡県","所管":"地方公共団体"},"geometry":{"type":"Point","coordinates":[130.87,33.4]}},{"type":"Feature","properties":{"コード":4050330,"name":"大刀洗町冨多","所在":"福岡県","所管":"地方公共団体"},"geometry":{"type":"Point","coordinates":[130.62,33.37]}},{"type":"Feature","properties":{"コード":4052230,"name":"大木町八町牟田","所在":"福岡県","所管":"地方公共団体"},"geometry":{"type":"Point","coordinates":[130.44,33.21]}},{"type":"Feature","properties":{"コード":4054431,"name":"福岡広川町新代","所在":"福岡県","所管":"地方公共団体"},"geometry":{"type":"Point","coordinates":[130.55,33.24]}},{"type":"Feature","properties":{"コード":4120200,"name":"唐津市西城内","所在":"佐賀県","所管":"気象庁"},"geometry":{"type":"Point","coordinates":[129.97,33.45]}},{"type":"Feature","properties":{"コード":4120220,"name":"唐津市鎮西町","所在":"佐賀県","所管":"防災科学技術研究所"},"geometry":{"type":"Point","coordinates":[129.88,33.53]}},{"type":"Feature","properties":{"コード":4120221,"name":"唐津市竹木場","所在":"佐賀県","所管":"防災科学技術研究所"},"geometry":{"type":"Point","coordinates":[129.92,33.42]}},{"type":"Feature","properties":{"コード":4120222,"name":"唐津市厳木町","所在":"佐賀県","所管":"防災科学技術研究所"},"geometry":{"type":"Point","coordinates":[130.06,33.32]}},{"type":"Feature","properties":{"コード":4120237,"name":"唐津市七山","所在":"佐賀県","所管":"地方公共団体"},"geometry":{"type":"Point","coordinates":[130.12,33.44]}},{"type":"Feature","properties":{"コード":4120239,"name":"唐津市北波多","所在":"佐賀県","所管":"地方公共団体"},"geometry":{"type":"Point","coordinates":[129.95,33.38]}},{"type":"Feature","properties":{"コード":4120240,"name":"唐津市肥前","所在":"佐賀県","所管":"地方公共団体"},"geometry":{"type":"Point","coordinates":[129.81,33.44]}},{"type":"Feature","properties":{"コード":4120241,"name":"唐津市呼子","所在":"佐賀県","所管":"地方公共団体"},"geometry":{"type":"Point","coordinates":[129.89,33.54]}},{"type":"Feature","properties":{"コード":4120242,"name":"唐津市浜玉","所在":"佐賀県","所管":"地方公共団体"},"geometry":{"type":"Point","coordinates":[130.04,33.45]}},{"type":"Feature","properties":{"コード":4120243,"name":"唐津市相知","所在":"佐賀県","所管":"地方公共団体"},"geometry":{"type":"Point","coordinates":[130.01,33.35]}},{"type":"Feature","properties":{"コード":4120520,"name":"伊万里市立花町","所在":"佐賀県","所管":"防災科学技術研究所"},"geometry":{"type":"Point","coordinates":[129.88,33.26]}},{"type":"Feature","properties":{"コード":4138731,"name":"玄海町諸浦","所在":"佐賀県","所管":"地方公共団体"},"geometry":{"type":"Point","coordinates":[129.87,33.47]}},{"type":"Feature","properties":{"コード":4140132,"name":"有田町本町","所在":"佐賀県","所管":"地方公共団体"},"geometry":{"type":"Point","coordinates":[129.88,33.18]}},{"type":"Feature","properties":{"コード":4140133,"name":"有田町立部","所在":"佐賀県","所管":"地方公共団体"},"geometry":{"type":"Point","coordinates":[129.85,33.21]}},{"type":"Feature","properties":{"コード":4120100,"name":"佐賀市駅前中央","所在":"佐賀県","所管":"気象庁"},"geometry":{"type":"Point","coordinates":[130.31,33.27]}},{"type":"Feature","properties":{"コード":4120120,"name":"佐賀市富士町","所在":"佐賀県","所管":"防災科学技術研究所"},"geometry":{"type":"Point","coordinates":[130.21,33.37]}},{"type":"Feature","properties":{"コード":4120121,"name":"佐賀市栄町","所在":"佐賀県","所管":"防災科学技術研究所"},"geometry":{"type":"Point","coordinates":[130.3,33.26]}},{"type":"Feature","properties":{"コード":4120137,"name":"佐賀市大和","所在":"佐賀県","所管":"地方公共団体"},"geometry":{"type":"Point","coordinates":[130.28,33.31]}},{"type":"Feature","properties":{"コード":4120138,"name":"佐賀市三瀬","所在":"佐賀県","所管":"地方公共団体"},"geometry":{"type":"Point","coordinates":[130.28,33.43]}},{"type":"Feature","properties":{"コード":4120140,"name":"佐賀市東与賀","所在":"佐賀県","所管":"地方公共団体"},"geometry":{"type":"Point","coordinates":[130.29,33.21]}},{"type":"Feature","properties":{"コード":4120142,"name":"佐賀市久保田","所在":"佐賀県","所管":"地方公共団体"},"geometry":{"type":"Point","coordinates":[130.24,33.23]}},{"type":"Feature","properties":{"コード":4120143,"name":"佐賀市諸富","所在":"佐賀県","所管":"地方公共団体"},"geometry":{"type":"Point","coordinates":[130.35,33.22]}},{"type":"Feature","properties":{"コード":4120144,"name":"佐賀市川副","所在":"佐賀県","所管":"地方公共団体"},"geometry":{"type":"Point","coordinates":[130.32,33.19]}},{"type":"Feature","properties":{"コード":4120332,"name":"鳥栖市宿町","所在":"佐賀県","所管":"地方公共団体"},"geometry":{"type":"Point","coordinates":[130.5,33.38]}},{"type":"Feature","properties":{"コード":4120431,"name":"多久市北多久町","所在":"佐賀県","所管":"地方公共団体"},"geometry":{"type":"Point","coordinates":[130.11,33.29]}},{"type":"Feature","properties":{"コード":4120621,"name":"武雄市武雄町武雄","所在":"佐賀県","所管":"防災科学技術研究所"},"geometry":{"type":"Point","coordinates":[130.03,33.19]}},{"type":"Feature","properties":{"コード":4120635,"name":"武雄市山内","所在":"佐賀県","所管":"地方公共団体"},"geometry":{"type":"Point","coordinates":[129.95,33.2]}},{"type":"Feature","properties":{"コード":4120637,"name":"武雄市武雄町昭和","所在":"佐賀県","所管":"地方公共団体"},"geometry":{"type":"Point","coordinates":[130.02,33.2]}},{"type":"Feature","properties":{"コード":4120638,"name":"武雄市北方","所在":"佐賀県","所管":"地方公共団体"},"geometry":{"type":"Point","coordinates":[130.06,33.22]}},{"type":"Feature","properties":{"コード":4120720,"name":"佐賀鹿島市納富分","所在":"佐賀県","所管":"防災科学技術研究所"},"geometry":{"type":"Point","coordinates":[130.1,33.1]}},{"type":"Feature","properties":{"コード":4120838,"name":"小城市三日月","所在":"佐賀県","所管":"地方公共団体"},"geometry":{"type":"Point","coordinates":[130.22,33.27]}},{"type":"Feature","properties":{"コード":4120839,"name":"小城市小城","所在":"佐賀県","所管":"地方公共団体"},"geometry":{"type":"Point","coordinates":[130.2,33.29]}},{"type":"Feature","properties":{"コード":4120840,"name":"小城市芦刈","所在":"佐賀県","所管":"地方公共団体"},"geometry":{"type":"Point","coordinates":[130.21,33.22]}},{"type":"Feature","properties":{"コード":4120841,"name":"小城市牛津","所在":"佐賀県","所管":"地方公共団体"},"geometry":{"type":"Point","coordinates":[130.2,33.25]}},{"type":"Feature","properties":{"コード":4120900,"name":"嬉野市不動山","所在":"佐賀県","所管":"気象庁"},"geometry":{"type":"Point","coordinates":[129.95,33.1]}},{"type":"Feature","properties":{"コード":4120932,"name":"嬉野市塩田","所在":"佐賀県","所管":"地方公共団体"},"geometry":{"type":"Point","coordinates":[130.06,33.13]}},{"type":"Feature","properties":{"コード":4120933,"name":"嬉野市下宿乙","所在":"佐賀県","所管":"地方公共団体"},"geometry":{"type":"Point","coordinates":[129.99,33.1]}},{"type":"Feature","properties":{"コード":4121034,"name":"神埼市千代田","所在":"佐賀県","所管":"地方公共団体"},"geometry":{"type":"Point","coordinates":[130.37,33.27]}},{"type":"Feature","properties":{"コード":4121036,"name":"神埼市脊振","所在":"佐賀県","所管":"地方公共団体"},"geometry":{"type":"Point","coordinates":[130.33,33.38]}},{"type":"Feature","properties":{"コード":4121037,"name":"神埼市神埼","所在":"佐賀県","所管":"地方公共団体"},"geometry":{"type":"Point","coordinates":[130.37,33.31]}},{"type":"Feature","properties":{"コード":4132732,"name":"吉野ヶ里町三田川","所在":"佐賀県","所管":"地方公共団体"},"geometry":{"type":"Point","coordinates":[130.4,33.32]}},{"type":"Feature","properties":{"コード":4132733,"name":"吉野ヶ里町東脊振","所在":"佐賀県","所管":"地方公共団体"},"geometry":{"type":"Point","coordinates":[130.4,33.35]}},{"type":"Feature","properties":{"コード":4134131,"name":"基山町宮浦","所在":"佐賀県","所管":"地方公共団体"},"geometry":{"type":"Point","coordinates":[130.52,33.43]}},{"type":"Feature","properties":{"コード":4134531,"name":"上峰町坊所","所在":"佐賀県","所管":"地方公共団体"},"geometry":{"type":"Point","coordinates":[130.43,33.32]}},{"type":"Feature","properties":{"コード":4134633,"name":"みやき町中原","所在":"佐賀県","所管":"地方公共団体"},"geometry":{"type":"Point","coordinates":[130.44,33.35]}},{"type":"Feature","properties":{"コード":4134635,"name":"みやき町三根","所在":"佐賀県","所管":"地方公共団体"},"geometry":{"type":"Point","coordinates":[130.43,33.3]}},{"type":"Feature","properties":{"コード":4134636,"name":"みやき町北茂安","所在":"佐賀県","所管":"地方公共団体"},"geometry":{"type":"Point","coordinates":[130.45,33.32]}},{"type":"Feature","properties":{"コード":4142331,"name":"大町町大町","所在":"佐賀県","所管":"地方公共団体"},"geometry":{"type":"Point","coordinates":[130.12,33.21]}},{"type":"Feature","properties":{"コード":4142431,"name":"江北町山口","所在":"佐賀県","所管":"地方公共団体"},"geometry":{"type":"Point","coordinates":[130.16,33.22]}},{"type":"Feature","properties":{"コード":4142533,"name":"白石町福田","所在":"佐賀県","所管":"地方公共団体"},"geometry":{"type":"Point","coordinates":[130.14,33.18]}},{"type":"Feature","properties":{"コード":4142534,"name":"白石町福富","所在":"佐賀県","所管":"地方公共団体"},"geometry":{"type":"Point","coordinates":[130.19,33.18]}},{"type":"Feature","properties":{"コード":4142535,"name":"白石町有明","所在":"佐賀県","所管":"地方公共団体"},"geometry":{"type":"Point","coordinates":[130.12,33.15]}},{"type":"Feature","properties":{"コード":4144100,"name":"太良町多良","所在":"佐賀県","所管":"気象庁"},"geometry":{"type":"Point","coordinates":[130.18,33.02]}},{"type":"Feature","properties":{"コード":4220201,"name":"佐世保市干尽町","所在":"長崎県","所管":"気象庁"},"geometry":{"type":"Point","coordinates":[129.73,33.16]}},{"type":"Feature","properties":{"コード":4220220,"name":"佐世保市八幡町","所在":"長崎県","所管":"防災科学技術研究所"},"geometry":{"type":"Point","coordinates":[129.72,33.18]}},{"type":"Feature","properties":{"コード":4220232,"name":"佐世保市小佐々町","所在":"長崎県","所管":"地方公共団体"},"geometry":{"type":"Point","coordinates":[129.6,33.22]}},{"type":"Feature","properties":{"コード":4220236,"name":"佐世保市世知原町","所在":"長崎県","所管":"地方公共団体"},"geometry":{"type":"Point","coordinates":[129.75,33.26]}},{"type":"Feature","properties":{"コード":4220237,"name":"佐世保市江迎町","所在":"長崎県","所管":"地方公共団体"},"geometry":{"type":"Point","coordinates":[129.63,33.31]}},{"type":"Feature","properties":{"コード":4220239,"name":"佐世保市吉井町","所在":"長崎県","所管":"地方公共団体"},"geometry":{"type":"Point","coordinates":[129.69,33.27]}},{"type":"Feature","properties":{"コード":4220240,"name":"佐世保市鹿町町","所在":"長崎県","所管":"地方公共団体"},"geometry":{"type":"Point","coordinates":[129.59,33.28]}},{"type":"Feature","properties":{"コード":4220701,"name":"平戸市岩の上町","所在":"長崎県","所管":"気象庁"},"geometry":{"type":"Point","coordinates":[129.55,33.36]}},{"type":"Feature","properties":{"コード":4220720,"name":"平戸市鏡川町","所在":"長崎県","所管":"防災科学技術研究所"},"geometry":{"type":"Point","coordinates":[129.54,33.36]}},{"type":"Feature","properties":{"コード":4220721,"name":"平戸市志々伎町","所在":"長崎県","所管":"防災科学技術研究所"},"geometry":{"type":"Point","coordinates":[129.41,33.2]}},{"type":"Feature","properties":{"コード":4220731,"name":"平戸市生月町","所在":"長崎県","所管":"地方公共団体"},"geometry":{"type":"Point","coordinates":[129.43,33.39]}},{"type":"Feature","properties":{"コード":4220732,"name":"平戸市田平町","所在":"長崎県","所管":"地方公共団体"},"geometry":{"type":"Point","coordinates":[129.59,33.36]}},{"type":"Feature","properties":{"コード":4220734,"name":"平戸市大島村","所在":"長崎県","所管":"地方公共団体"},"geometry":{"type":"Point","coordinates":[129.55,33.48]}},{"type":"Feature","properties":{"コード":4220820,"name":"松浦市志佐町","所在":"長崎県","所管":"防災科学技術研究所"},"geometry":{"type":"Point","coordinates":[129.71,33.34]}},{"type":"Feature","properties":{"コード":4220831,"name":"松浦市鷹島町","所在":"長崎県","所管":"地方公共団体"},"geometry":{"type":"Point","coordinates":[129.76,33.43]}},{"type":"Feature","properties":{"コード":4220832,"name":"松浦市福島町","所在":"長崎県","所管":"地方公共団体"},"geometry":{"type":"Point","coordinates":[129.82,33.37]}},{"type":"Feature","properties":{"コード":4232120,"name":"東彼杵町蔵本","所在":"長崎県","所管":"防災科学技術研究所"},"geometry":{"type":"Point","coordinates":[129.92,33.04]}},{"type":"Feature","properties":{"コード":4232232,"name":"川棚町中組","所在":"長崎県","所管":"地方公共団体"},"geometry":{"type":"Point","coordinates":[129.86,33.07]}},{"type":"Feature","properties":{"コード":4232332,"name":"波佐見町宿","所在":"長崎県","所管":"地方公共団体"},"geometry":{"type":"Point","coordinates":[129.89,33.14]}},{"type":"Feature","properties":{"コード":4239131,"name":"佐々町本田原","所在":"長崎県","所管":"地方公共団体"},"geometry":{"type":"Point","coordinates":[129.65,33.24]}},{"type":"Feature","properties":{"コード":4220100,"name":"長崎市南山手","所在":"長崎県","所管":"気象庁"},"geometry":{"type":"Point","coordinates":[129.87,32.73]}},{"type":"Feature","properties":{"コード":4220102,"name":"長崎市黒浜町","所在":"長崎県","所管":"気象庁"},"geometry":{"type":"Point","coordinates":[129.8,32.63]}},{"type":"Feature","properties":{"コード":4220104,"name":"長崎市長浦町","所在":"長崎県","所管":"気象庁"},"geometry":{"type":"Point","coordinates":[129.78,32.91]}},{"type":"Feature","properties":{"コード":4220121,"name":"長崎市元町","所在":"長崎県","所管":"防災科学技術研究所"},"geometry":{"type":"Point","coordinates":[129.88,32.74]}},{"type":"Feature","properties":{"コード":4220122,"name":"長崎市野母町","所在":"長崎県","所管":"防災科学技術研究所"},"geometry":{"type":"Point","coordinates":[129.76,32.58]}},{"type":"Feature","properties":{"コード":4220130,"name":"長崎市香焼町","所在":"長崎県","所管":"地方公共団体"},"geometry":{"type":"Point","coordinates":[129.81,32.69]}},{"type":"Feature","properties":{"コード":4220135,"name":"長崎市伊王島町","所在":"長崎県","所管":"地方公共団体"},"geometry":{"type":"Point","coordinates":[129.78,32.7]}},{"type":"Feature","properties":{"コード":4220136,"name":"長崎市高島町","所在":"長崎県","所管":"地方公共団体"},"geometry":{"type":"Point","coordinates":[129.76,32.66]}},{"type":"Feature","properties":{"コード":4220137,"name":"長崎市神浦江川町","所在":"長崎県","所管":"地方公共団体"},"geometry":{"type":"Point","coordinates":[129.68,32.88]}},{"type":"Feature","properties":{"コード":4220138,"name":"長崎市布巻町","所在":"長崎県","所管":"地方公共団体"},"geometry":{"type":"Point","coordinates":[129.83,32.65]}},{"type":"Feature","properties":{"コード":4220401,"name":"諫早市東小路町","所在":"長崎県","所管":"気象庁"},"geometry":{"type":"Point","coordinates":[130.05,32.84]}},{"type":"Feature","properties":{"コード":4220420,"name":"諫早市小長井町","所在":"長崎県","所管":"防災科学技術研究所"},"geometry":{"type":"Point","coordinates":[130.18,32.92]}},{"type":"Feature","properties":{"コード":4220421,"name":"諫早市堂崎町","所在":"長崎県","所管":"防災科学技術研究所"},"geometry":{"type":"Point","coordinates":[130.02,32.85]}},{"type":"Feature","properties":{"コード":4220430,"name":"諫早市多良見町","所在":"長崎県","所管":"地方公共団体"},"geometry":{"type":"Point","coordinates":[129.98,32.83]}},{"type":"Feature","properties":{"コード":4220434,"name":"諫早市飯盛町","所在":"長崎県","所管":"地方公共団体"},"geometry":{"type":"Point","coordinates":[130.02,32.78]}},{"type":"Feature","properties":{"コード":4220435,"name":"諫早市森山町","所在":"長崎県","所管":"地方公共団体"},"geometry":{"type":"Point","coordinates":[130.13,32.83]}},{"type":"Feature","properties":{"コード":4220436,"name":"諫早市高来町","所在":"長崎県","所管":"地方公共団体"},"geometry":{"type":"Point","coordinates":[130.14,32.91]}},{"type":"Feature","properties":{"コード":4220520,"name":"大村市玖島","所在":"長崎県","所管":"防災科学技術研究所"},"geometry":{"type":"Point","coordinates":[129.96,32.9]}},{"type":"Feature","properties":{"コード":4221220,"name":"西海市大瀬戸町","所在":"長崎県","所管":"防災科学技術研究所"},"geometry":{"type":"Point","coordinates":[129.64,32.93]}},{"type":"Feature","properties":{"コード":4221234,"name":"西海市西彼町","所在":"長崎県","所管":"地方公共団体"},"geometry":{"type":"Point","coordinates":[129.75,33]}},{"type":"Feature","properties":{"コード":4221235,"name":"西海市西海町","所在":"長崎県","所管":"地方公共団体"},"geometry":{"type":"Point","coordinates":[129.69,33.07]}},{"type":"Feature","properties":{"コード":4221236,"name":"西海市崎戸町","所在":"長崎県","所管":"地方公共団体"},"geometry":{"type":"Point","coordinates":[129.57,33.02]}},{"type":"Feature","properties":{"コード":4221238,"name":"西海市大島町","所在":"長崎県","所管":"地方公共団体"},"geometry":{"type":"Point","coordinates":[129.62,33.04]}},{"type":"Feature","properties":{"コード":4230731,"name":"長与町嬉里","所在":"長崎県","所管":"地方公共団体"},"geometry":{"type":"Point","coordinates":[129.88,32.83]}},{"type":"Feature","properties":{"コード":4230830,"name":"時津町浦","所在":"長崎県","所管":"地方公共団体"},"geometry":{"type":"Point","coordinates":[129.85,32.83]}},{"type":"Feature","properties":{"コード":4220320,"name":"島原市下折橋町","所在":"長崎県","所管":"防災科学技術研究所"},"geometry":{"type":"Point","coordinates":[130.35,32.79]}},{"type":"Feature","properties":{"コード":4220331,"name":"島原市有明町","所在":"長崎県","所管":"地方公共団体"},"geometry":{"type":"Point","coordinates":[130.34,32.85]}},{"type":"Feature","properties":{"コード":4221300,"name":"雲仙市国見町","所在":"長崎県","所管":"気象庁"},"geometry":{"type":"Point","coordinates":[130.3,32.86]}},{"type":"Feature","properties":{"コード":4221301,"name":"雲仙市小浜町雲仙","所在":"長崎県","所管":"気象庁"},"geometry":{"type":"Point","coordinates":[130.26,32.74]}},{"type":"Feature","properties":{"コード":4221320,"name":"雲仙市千々石町","所在":"長崎県","所管":"防災科学技術研究所"},"geometry":{"type":"Point","coordinates":[130.2,32.78]}},{"type":"Feature","properties":{"コード":4221335,"name":"雲仙市雲仙出張所","所在":"長崎県","所管":"地方公共団体"},"geometry":{"type":"Point","coordinates":[130.26,32.74]}},{"type":"Feature","properties":{"コード":4221337,"name":"雲仙市吾妻町","所在":"長崎県","所管":"地方公共団体"},"geometry":{"type":"Point","coordinates":[130.19,32.84]}},{"type":"Feature","properties":{"コード":4221338,"name":"雲仙市小浜町北本町","所在":"長崎県","所管":"地方公共団体"},"geometry":{"type":"Point","coordinates":[130.21,32.73]}},{"type":"Feature","properties":{"コード":4221339,"name":"雲仙市南串山町","所在":"長崎県","所管":"地方公共団体"},"geometry":{"type":"Point","coordinates":[130.15,32.68]}},{"type":"Feature","properties":{"コード":4221340,"name":"雲仙市瑞穂町","所在":"長崎県","所管":"地方公共団体"},"geometry":{"type":"Point","coordinates":[130.24,32.87]}},{"type":"Feature","properties":{"コード":4221341,"name":"雲仙市愛野町","所在":"長崎県","所管":"地方公共団体"},"geometry":{"type":"Point","coordinates":[130.15,32.82]}},{"type":"Feature","properties":{"コード":4221420,"name":"南島原市口之津町","所在":"長崎県","所管":"防災科学技術研究所"},"geometry":{"type":"Point","coordinates":[130.19,32.61]}},{"type":"Feature","properties":{"コード":4221431,"name":"南島原市南有馬町","所在":"長崎県","所管":"地方公共団体"},"geometry":{"type":"Point","coordinates":[130.25,32.63]}},{"type":"Feature","properties":{"コード":4221432,"name":"南島原市北有馬町","所在":"長崎県","所管":"地方公共団体"},"geometry":{"type":"Point","coordinates":[130.25,32.66]}},{"type":"Feature","properties":{"コード":4221433,"name":"南島原市西有家町","所在":"長崎県","所管":"地方公共団体"},"geometry":{"type":"Point","coordinates":[130.3,32.66]}},{"type":"Feature","properties":{"コード":4221435,"name":"南島原市布津町","所在":"長崎県","所管":"地方公共団体"},"geometry":{"type":"Point","coordinates":[130.36,32.69]}},{"type":"Feature","properties":{"コード":4221437,"name":"南島原市深江町","所在":"長崎県","所管":"地方公共団体"},"geometry":{"type":"Point","coordinates":[130.35,32.72]}},{"type":"Feature","properties":{"コード":4221438,"name":"南島原市加津佐町","所在":"長崎県","所管":"地方公共団体"},"geometry":{"type":"Point","coordinates":[130.17,32.63]}},{"type":"Feature","properties":{"コード":4221439,"name":"南島原市有家町","所在":"長崎県","所管":"地方公共団体"},"geometry":{"type":"Point","coordinates":[130.3,32.67]}},{"type":"Feature","properties":{"コード":4220900,"name":"長崎対馬市厳原町東里","所在":"長崎県","所管":"気象庁"},"geometry":{"type":"Point","coordinates":[129.29,34.2]}},{"type":"Feature","properties":{"コード":4220901,"name":"長崎対馬市上県町飼所","所在":"長崎県","所管":"気象庁"},"geometry":{"type":"Point","coordinates":[129.4,34.53]}},{"type":"Feature","properties":{"コード":4220902,"name":"長崎対馬市美津島町鴨居瀬","所在":"長崎県","所管":"気象庁"},"geometry":{"type":"Point","coordinates":[129.38,34.34]}},{"type":"Feature","properties":{"コード":4220920,"name":"長崎対馬市上対馬町","所在":"長崎県","所管":"防災科学技術研究所"},"geometry":{"type":"Point","coordinates":[129.46,34.66]}},{"type":"Feature","properties":{"コード":4220921,"name":"長崎対馬市豊玉町","所在":"長崎県","所管":"防災科学技術研究所"},"geometry":{"type":"Point","coordinates":[129.32,34.4]}},{"type":"Feature","properties":{"コード":4220922,"name":"長崎対馬市厳原町国分","所在":"長崎県","所管":"防災科学技術研究所"},"geometry":{"type":"Point","coordinates":[129.29,34.2]}},{"type":"Feature","properties":{"コード":4220934,"name":"長崎対馬市美津島町鷄知","所在":"長崎県","所管":"地方公共団体"},"geometry":{"type":"Point","coordinates":[129.31,34.27]}},{"type":"Feature","properties":{"コード":4220935,"name":"長崎対馬市峰町","所在":"長崎県","所管":"地方公共団体"},"geometry":{"type":"Point","coordinates":[129.32,34.47]}},{"type":"Feature","properties":{"コード":4220936,"name":"長崎対馬市上県町佐須奈","所在":"長崎県","所管":"地方公共団体"},"geometry":{"type":"Point","coordinates":[129.4,34.64]}},{"type":"Feature","properties":{"コード":4221000,"name":"壱岐市芦辺町中野","所在":"長崎県","所管":"気象庁"},"geometry":{"type":"Point","coordinates":[129.73,33.8]}},{"type":"Feature","properties":{"コード":4221020,"name":"壱岐市郷ノ浦町","所在":"長崎県","所管":"防災科学技術研究所"},"geometry":{"type":"Point","coordinates":[129.69,33.75]}},{"type":"Feature","properties":{"コード":4221033,"name":"壱岐市芦辺町芦辺","所在":"長崎県","所管":"地方公共団体"},"geometry":{"type":"Point","coordinates":[129.76,33.8]}},{"type":"Feature","properties":{"コード":4221034,"name":"壱岐市石田町","所在":"長崎県","所管":"地方公共団体"},"geometry":{"type":"Point","coordinates":[129.75,33.75]}},{"type":"Feature","properties":{"コード":4221035,"name":"壱岐市勝本町","所在":"長崎県","所管":"地方公共団体"},"geometry":{"type":"Point","coordinates":[129.69,33.85]}},{"type":"Feature","properties":{"コード":4220221,"name":"佐世保市宇久町","所在":"長崎県","所管":"防災科学技術研究所"},"geometry":{"type":"Point","coordinates":[129.13,33.26]}},{"type":"Feature","properties":{"コード":4221101,"name":"五島市富江町繁敷","所在":"長崎県","所管":"気象庁"},"geometry":{"type":"Point","coordinates":[128.75,32.66]}},{"type":"Feature","properties":{"コード":4221102,"name":"五島市木場町","所在":"長崎県","所管":"気象庁"},"geometry":{"type":"Point","coordinates":[128.83,32.69]}},{"type":"Feature","properties":{"コード":4221120,"name":"五島市上大津町","所在":"長崎県","所管":"防災科学技術研究所"},"geometry":{"type":"Point","coordinates":[128.84,32.67]}},{"type":"Feature","properties":{"コード":4221121,"name":"五島市玉之浦町","所在":"長崎県","所管":"防災科学技術研究所"},"geometry":{"type":"Point","coordinates":[128.62,32.63]}},{"type":"Feature","properties":{"コード":4221136,"name":"五島市奈留町","所在":"長崎県","所管":"地方公共団体"},"geometry":{"type":"Point","coordinates":[128.93,32.83]}},{"type":"Feature","properties":{"コード":4221137,"name":"五島市三井楽町","所在":"長崎県","所管":"地方公共団体"},"geometry":{"type":"Point","coordinates":[128.69,32.74]}},{"type":"Feature","properties":{"コード":4221138,"name":"五島市富江町富江","所在":"長崎県","所管":"地方公共団体"},"geometry":{"type":"Point","coordinates":[128.77,32.61]}},{"type":"Feature","properties":{"コード":4221139,"name":"五島市岐宿町","所在":"長崎県","所管":"地方公共団体"},"geometry":{"type":"Point","coordinates":[128.76,32.75]}},{"type":"Feature","properties":{"コード":4238331,"name":"小値賀町笛吹","所在":"長崎県","所管":"地方公共団体"},"geometry":{"type":"Point","coordinates":[129.06,33.19]}},{"type":"Feature","properties":{"コード":4241120,"name":"新上五島町若松","所在":"長崎県","所管":"防災科学技術研究所"},"geometry":{"type":"Point","coordinates":[129.02,32.89]}},{"type":"Feature","properties":{"コード":4241135,"name":"新上五島町立串","所在":"長崎県","所管":"地方公共団体"},"geometry":{"type":"Point","coordinates":[129.1,33.06]}},{"type":"Feature","properties":{"コード":4241136,"name":"新上五島町青方","所在":"長崎県","所管":"地方公共団体"},"geometry":{"type":"Point","coordinates":[129.07,32.98]}},{"type":"Feature","properties":{"コード":4241137,"name":"新上五島町有川","所在":"長崎県","所管":"地方公共団体"},"geometry":{"type":"Point","coordinates":[129.12,32.98]}},{"type":"Feature","properties":{"コード":4241139,"name":"新上五島町奈良尾","所在":"長崎県","所管":"地方公共団体"},"geometry":{"type":"Point","coordinates":[129.06,32.84]}},{"type":"Feature","properties":{"コード":4321420,"name":"阿蘇市一の宮町","所在":"熊本県","所管":"防災科学技術研究所"},"geometry":{"type":"Point","coordinates":[131.12,32.93]}},{"type":"Feature","properties":{"コード":4321433,"name":"阿蘇市内牧","所在":"熊本県","所管":"地方公共団体"},"geometry":{"type":"Point","coordinates":[131.04,32.97]}},{"type":"Feature","properties":{"コード":4321434,"name":"阿蘇市波野","所在":"熊本県","所管":"地方公共団体"},"geometry":{"type":"Point","coordinates":[131.23,32.93]}},{"type":"Feature","properties":{"コード":4342331,"name":"南小国町赤馬場","所在":"熊本県","所管":"地方公共団体"},"geometry":{"type":"Point","coordinates":[131.07,33.1]}},{"type":"Feature","properties":{"コード":4342420,"name":"熊本小国町宮原","所在":"熊本県","所管":"防災科学技術研究所"},"geometry":{"type":"Point","coordinates":[131.07,33.12]}},{"type":"Feature","properties":{"コード":4342531,"name":"産山村山鹿","所在":"熊本県","所管":"地方公共団体"},"geometry":{"type":"Point","coordinates":[131.22,33]}},{"type":"Feature","properties":{"コード":4342820,"name":"熊本高森町高森","所在":"熊本県","所管":"防災科学技術研究所"},"geometry":{"type":"Point","coordinates":[131.12,32.83]}},{"type":"Feature","properties":{"コード":4343300,"name":"南阿蘇村中松","所在":"熊本県","所管":"気象庁"},"geometry":{"type":"Point","coordinates":[131.07,32.88]}},{"type":"Feature","properties":{"コード":4343330,"name":"南阿蘇村吉田","所在":"熊本県","所管":"地方公共団体"},"geometry":{"type":"Point","coordinates":[131.08,32.83]}},{"type":"Feature","properties":{"コード":4343331,"name":"南阿蘇村河陰","所在":"熊本県","所管":"地方公共団体"},"geometry":{"type":"Point","coordinates":[131.03,32.82]}},{"type":"Feature","properties":{"コード":4343333,"name":"南阿蘇村河陽","所在":"熊本県","所管":"地方公共団体"},"geometry":{"type":"Point","coordinates":[131.02,32.85]}},{"type":"Feature","properties":{"コード":4310130,"name":"熊本中央区大江","所在":"熊本県","所管":"地方公共団体"},"geometry":{"type":"Point","coordinates":[130.72,32.8]}},{"type":"Feature","properties":{"コード":4310221,"name":"熊本東区佐土原","所在":"熊本県","所管":"防災科学技術研究所"},"geometry":{"type":"Point","coordinates":[130.78,32.79]}},{"type":"Feature","properties":{"コード":4310300,"name":"熊本西区春日","所在":"熊本県","所管":"気象庁"},"geometry":{"type":"Point","coordinates":[130.69,32.79]}},{"type":"Feature","properties":{"コード":4310431,"name":"熊本南区富合町","所在":"熊本県","所管":"地方公共団体"},"geometry":{"type":"Point","coordinates":[130.68,32.72]}},{"type":"Feature","properties":{"コード":4310432,"name":"熊本南区城南町","所在":"熊本県","所管":"地方公共団体"},"geometry":{"type":"Point","coordinates":[130.74,32.71]}},{"type":"Feature","properties":{"コード":4310530,"name":"熊本北区植木町","所在":"熊本県","所管":"地方公共団体"},"geometry":{"type":"Point","coordinates":[130.69,32.9]}},{"type":"Feature","properties":{"コード":4320200,"name":"八代市平山新町","所在":"熊本県","所管":"気象庁"},"geometry":{"type":"Point","coordinates":[130.61,32.48]}},{"type":"Feature","properties":{"コード":4320202,"name":"八代市泉町","所在":"熊本県","所管":"気象庁"},"geometry":{"type":"Point","coordinates":[130.81,32.55]}},{"type":"Feature","properties":{"コード":4320221,"name":"八代市新地町","所在":"熊本県","所管":"防災科学技術研究所"},"geometry":{"type":"Point","coordinates":[130.59,32.51]}},{"type":"Feature","properties":{"コード":4320230,"name":"八代市千丁町","所在":"熊本県","所管":"地方公共団体"},"geometry":{"type":"Point","coordinates":[130.63,32.53]}},{"type":"Feature","properties":{"コード":4320231,"name":"八代市鏡町","所在":"熊本県","所管":"地方公共団体"},"geometry":{"type":"Point","coordinates":[130.65,32.56]}},{"type":"Feature","properties":{"コード":4320233,"name":"八代市東陽町","所在":"熊本県","所管":"地方公共団体"},"geometry":{"type":"Point","coordinates":[130.72,32.55]}},{"type":"Feature","properties":{"コード":4320234,"name":"八代市泉支所","所在":"熊本県","所管":"地方公共団体"},"geometry":{"type":"Point","coordinates":[130.81,32.55]}},{"type":"Feature","properties":{"コード":4320236,"name":"八代市坂本町","所在":"熊本県","所管":"地方公共団体"},"geometry":{"type":"Point","coordinates":[130.67,32.44]}},{"type":"Feature","properties":{"コード":4320431,"name":"荒尾市宮内出目","所在":"熊本県","所管":"地方公共団体"},"geometry":{"type":"Point","coordinates":[130.43,32.99]}},{"type":"Feature","properties":{"コード":4320600,"name":"玉名市築地","所在":"熊本県","所管":"気象庁"},"geometry":{"type":"Point","coordinates":[130.53,32.97]}},{"type":"Feature","properties":{"コード":4320620,"name":"玉名市中尾","所在":"熊本県","所管":"防災科学技術研究所"},"geometry":{"type":"Point","coordinates":[130.55,32.93]}},{"type":"Feature","properties":{"コード":4320630,"name":"玉名市岱明町","所在":"熊本県","所管":"地方公共団体"},"geometry":{"type":"Point","coordinates":[130.52,32.92]}},{"type":"Feature","properties":{"コード":4320631,"name":"玉名市横島町","所在":"熊本県","所管":"地方公共団体"},"geometry":{"type":"Point","coordinates":[130.56,32.88]}},{"type":"Feature","properties":{"コード":4320634,"name":"玉名市天水町","所在":"熊本県","所管":"地方公共団体"},"geometry":{"type":"Point","coordinates":[130.59,32.87]}},{"type":"Feature","properties":{"コード":4320820,"name":"山鹿市老人福祉センター","所在":"熊本県","所管":"防災科学技術研究所"},"geometry":{"type":"Point","coordinates":[130.68,33.02]}},{"type":"Feature","properties":{"コード":4320831,"name":"山鹿市菊鹿町","所在":"熊本県","所管":"地方公共団体"},"geometry":{"type":"Point","coordinates":[130.77,33.03]}},{"type":"Feature","properties":{"コード":4320832,"name":"山鹿市鹿本町","所在":"熊本県","所管":"地方公共団体"},"geometry":{"type":"Point","coordinates":[130.74,33]}},{"type":"Feature","properties":{"コード":4320833,"name":"山鹿市鹿央町","所在":"熊本県","所管":"地方公共団体"},"geometry":{"type":"Point","coordinates":[130.68,32.97]}},{"type":"Feature","properties":{"コード":4320835,"name":"山鹿市鹿北町","所在":"熊本県","所管":"地方公共団体"},"geometry":{"type":"Point","coordinates":[130.69,33.11]}},{"type":"Feature","properties":{"コード":4320836,"name":"山鹿市山鹿","所在":"熊本県","所管":"地方公共団体"},"geometry":{"type":"Point","coordinates":[130.69,33.02]}},{"type":"Feature","properties":{"コード":4321034,"name":"菊池市隈府","所在":"熊本県","所管":"地方公共団体"},"geometry":{"type":"Point","coordinates":[130.81,32.98]}},{"type":"Feature","properties":{"コード":4321035,"name":"菊池市泗水町","所在":"熊本県","所管":"地方公共団体"},"geometry":{"type":"Point","coordinates":[130.78,32.92]}},{"type":"Feature","properties":{"コード":4321037,"name":"菊池市旭志","所在":"熊本県","所管":"地方公共団体"},"geometry":{"type":"Point","coordinates":[130.86,32.95]}},{"type":"Feature","properties":{"コード":4321038,"name":"菊池市七城町","所在":"熊本県","所管":"地方公共団体"},"geometry":{"type":"Point","coordinates":[130.76,32.97]}},{"type":"Feature","properties":{"コード":4321121,"name":"宇土市浦田町","所在":"熊本県","所管":"防災科学技術研究所"},"geometry":{"type":"Point","coordinates":[130.66,32.69]}},{"type":"Feature","properties":{"コード":4321300,"name":"宇城市松橋町","所在":"熊本県","所管":"気象庁"},"geometry":{"type":"Point","coordinates":[130.68,32.65]}},{"type":"Feature","properties":{"コード":4321320,"name":"宇城市三角町","所在":"熊本県","所管":"防災科学技術研究所"},"geometry":{"type":"Point","coordinates":[130.49,32.61]}},{"type":"Feature","properties":{"コード":4321330,"name":"宇城市不知火町","所在":"熊本県","所管":"地方公共団体"},"geometry":{"type":"Point","coordinates":[130.67,32.65]}},{"type":"Feature","properties":{"コード":4321335,"name":"宇城市豊野町","所在":"熊本県","所管":"地方公共団体"},"geometry":{"type":"Point","coordinates":[130.75,32.64]}},{"type":"Feature","properties":{"コード":4321336,"name":"宇城市小川町","所在":"熊本県","所管":"地方公共団体"},"geometry":{"type":"Point","coordinates":[130.7,32.59]}},{"type":"Feature","properties":{"コード":4321630,"name":"合志市竹迫","所在":"熊本県","所管":"地方公共団体"},"geometry":{"type":"Point","coordinates":[130.79,32.89]}},{"type":"Feature","properties":{"コード":4321631,"name":"合志市御代志","所在":"熊本県","所管":"地方公共団体"},"geometry":{"type":"Point","coordinates":[130.74,32.89]}},{"type":"Feature","properties":{"コード":4334820,"name":"熊本美里町永富","所在":"熊本県","所管":"防災科学技術研究所"},"geometry":{"type":"Point","coordinates":[130.86,32.62]}},{"type":"Feature","properties":{"コード":4334831,"name":"熊本美里町馬場","所在":"熊本県","所管":"地方公共団体"},"geometry":{"type":"Point","coordinates":[130.79,32.64]}},{"type":"Feature","properties":{"コード":4336431,"name":"玉東町木葉","所在":"熊本県","所管":"地方公共団体"},"geometry":{"type":"Point","coordinates":[130.63,32.92]}},{"type":"Feature","properties":{"コード":4336731,"name":"南関町関町","所在":"熊本県","所管":"地方公共団体"},"geometry":{"type":"Point","coordinates":[130.54,33.06]}},{"type":"Feature","properties":{"コード":4336830,"name":"長洲町長洲","所在":"熊本県","所管":"地方公共団体"},"geometry":{"type":"Point","coordinates":[130.45,32.93]}},{"type":"Feature","properties":{"コード":4336932,"name":"和水町江田","所在":"熊本県","所管":"地方公共団体"},"geometry":{"type":"Point","coordinates":[130.61,32.98]}},{"type":"Feature","properties":{"コード":4336933,"name":"和水町板楠","所在":"熊本県","所管":"地方公共団体"},"geometry":{"type":"Point","coordinates":[130.62,33.07]}},{"type":"Feature","properties":{"コード":4340320,"name":"大津町引水","所在":"熊本県","所管":"防災科学技術研究所"},"geometry":{"type":"Point","coordinates":[130.88,32.88]}},{"type":"Feature","properties":{"コード":4340331,"name":"大津町大津","所在":"熊本県","所管":"地方公共団体"},"geometry":{"type":"Point","coordinates":[130.87,32.88]}},{"type":"Feature","properties":{"コード":4340430,"name":"菊陽町久保田","所在":"熊本県","所管":"地方公共団体"},"geometry":{"type":"Point","coordinates":[130.83,32.86]}},{"type":"Feature","properties":{"コード":4343231,"name":"西原村小森","所在":"熊本県","所管":"地方公共団体"},"geometry":{"type":"Point","coordinates":[130.9,32.83]}},{"type":"Feature","properties":{"コード":4344131,"name":"御船町御船","所在":"熊本県","所管":"地方公共団体"},"geometry":{"type":"Point","coordinates":[130.8,32.71]}},{"type":"Feature","properties":{"コード":4344230,"name":"嘉島町上島","所在":"熊本県","所管":"地方公共団体"},"geometry":{"type":"Point","coordinates":[130.76,32.74]}},{"type":"Feature","properties":{"コード":4344333,"name":"益城町宮園","所在":"熊本県","所管":"地方公共団体"},"geometry":{"type":"Point","coordinates":[130.82,32.79]}},{"type":"Feature","properties":{"コード":4344431,"name":"甲佐町豊内","所在":"熊本県","所管":"地方公共団体"},"geometry":{"type":"Point","coordinates":[130.81,32.65]}},{"type":"Feature","properties":{"コード":4344722,"name":"山都町浜町","所在":"熊本県","所管":"防災科学技術研究所"},"geometry":{"type":"Point","coordinates":[130.99,32.69]}},{"type":"Feature","properties":{"コード":4344730,"name":"山都町大平","所在":"熊本県","所管":"地方公共団体"},"geometry":{"type":"Point","coordinates":[131.09,32.69]}},{"type":"Feature","properties":{"コード":4344732,"name":"山都町今","所在":"熊本県","所管":"地方公共団体"},"geometry":{"type":"Point","coordinates":[131.16,32.72]}},{"type":"Feature","properties":{"コード":4346830,"name":"氷川町島地","所在":"熊本県","所管":"地方公共団体"},"geometry":{"type":"Point","coordinates":[130.67,32.58]}},{"type":"Feature","properties":{"コード":4346832,"name":"氷川町宮原","所在":"熊本県","所管":"地方公共団体"},"geometry":{"type":"Point","coordinates":[130.68,32.56]}},{"type":"Feature","properties":{"コード":4320301,"name":"人吉市西間下町","所在":"熊本県","所管":"気象庁"},"geometry":{"type":"Point","coordinates":[130.76,32.21]}},{"type":"Feature","properties":{"コード":4320320,"name":"人吉市蟹作町","所在":"熊本県","所管":"防災科学技術研究所"},"geometry":{"type":"Point","coordinates":[130.78,32.2]}},{"type":"Feature","properties":{"コード":4350130,"name":"錦町一武","所在":"熊本県","所管":"地方公共団体"},"geometry":{"type":"Point","coordinates":[130.84,32.2]}},{"type":"Feature","properties":{"コード":4350500,"name":"多良木町多良木","所在":"熊本県","所管":"気象庁"},"geometry":{"type":"Point","coordinates":[130.94,32.26]}},{"type":"Feature","properties":{"コード":4350520,"name":"多良木町上球磨消防署","所在":"熊本県","所管":"防災科学技術研究所"},"geometry":{"type":"Point","coordinates":[130.92,32.26]}},{"type":"Feature","properties":{"コード":4350630,"name":"湯前町役場","所在":"熊本県","所管":"地方公共団体"},"geometry":{"type":"Point","coordinates":[130.98,32.28]}},{"type":"Feature","properties":{"コード":4350730,"name":"水上村岩野","所在":"熊本県","所管":"地方公共団体"},"geometry":{"type":"Point","coordinates":[131.01,32.31]}},{"type":"Feature","properties":{"コード":4351030,"name":"相良村深水","所在":"熊本県","所管":"地方公共団体"},"geometry":{"type":"Point","coordinates":[130.8,32.24]}},{"type":"Feature","properties":{"コード":4351120,"name":"五木村甲","所在":"熊本県","所管":"防災科学技術研究所"},"geometry":{"type":"Point","coordinates":[130.83,32.4]}},{"type":"Feature","properties":{"コード":4351230,"name":"山江村山田","所在":"熊本県","所管":"地方公共団体"},"geometry":{"type":"Point","coordinates":[130.77,32.25]}},{"type":"Feature","properties":{"コード":4351331,"name":"球磨村渡","所在":"熊本県","所管":"地方公共団体"},"geometry":{"type":"Point","coordinates":[130.65,32.25]}},{"type":"Feature","properties":{"コード":4351430,"name":"あさぎり町免田東","所在":"熊本県","所管":"地方公共団体"},"geometry":{"type":"Point","coordinates":[130.9,32.24]}},{"type":"Feature","properties":{"コード":4351431,"name":"あさぎり町上","所在":"熊本県","所管":"地方公共団体"},"geometry":{"type":"Point","coordinates":[130.9,32.22]}},{"type":"Feature","properties":{"コード":4351432,"name":"あさぎり町岡原","所在":"熊本県","所管":"地方公共団体"},"geometry":{"type":"Point","coordinates":[130.93,32.24]}},{"type":"Feature","properties":{"コード":4351433,"name":"あさぎり町須惠","所在":"熊本県","所管":"地方公共団体"},"geometry":{"type":"Point","coordinates":[130.9,32.27]}},{"type":"Feature","properties":{"コード":4351434,"name":"あさぎり町深田","所在":"熊本県","所管":"地方公共団体"},"geometry":{"type":"Point","coordinates":[130.87,32.24]}},{"type":"Feature","properties":{"コード":4320520,"name":"水俣市牧ノ内","所在":"熊本県","所管":"防災科学技術研究所"},"geometry":{"type":"Point","coordinates":[130.41,32.22]}},{"type":"Feature","properties":{"コード":4320530,"name":"水俣市陣内","所在":"熊本県","所管":"地方公共団体"},"geometry":{"type":"Point","coordinates":[130.41,32.21]}},{"type":"Feature","properties":{"コード":4321200,"name":"上天草市大矢野町","所在":"熊本県","所管":"気象庁"},"geometry":{"type":"Point","coordinates":[130.43,32.59]}},{"type":"Feature","properties":{"コード":4321220,"name":"上天草市龍ヶ岳町","所在":"熊本県","所管":"防災科学技術研究所"},"geometry":{"type":"Point","coordinates":[130.39,32.39]}},{"type":"Feature","properties":{"コード":4321234,"name":"上天草市松島町","所在":"熊本県","所管":"地方公共団体"},"geometry":{"type":"Point","coordinates":[130.43,32.52]}},{"type":"Feature","properties":{"コード":4321235,"name":"上天草市姫戸町","所在":"熊本県","所管":"地方公共団体"},"geometry":{"type":"Point","coordinates":[130.42,32.45]}},{"type":"Feature","properties":{"コード":4321500,"name":"天草市本町","所在":"熊本県","所管":"気象庁"},"geometry":{"type":"Point","coordinates":[130.13,32.47]}},{"type":"Feature","properties":{"コード":4321501,"name":"天草市牛深町","所在":"熊本県","所管":"気象庁"},"geometry":{"type":"Point","coordinates":[130.03,32.2]}},{"type":"Feature","properties":{"コード":4321521,"name":"天草市新和町","所在":"熊本県","所管":"防災科学技術研究所"},"geometry":{"type":"Point","coordinates":[130.18,32.36]}},{"type":"Feature","properties":{"コード":4321522,"name":"天草市天草町","所在":"熊本県","所管":"防災科学技術研究所"},"geometry":{"type":"Point","coordinates":[130,32.38]}},{"type":"Feature","properties":{"コード":4321524,"name":"天草市本渡町本渡","所在":"熊本県","所管":"防災科学技術研究所"},"geometry":{"type":"Point","coordinates":[130.18,32.45]}},{"type":"Feature","properties":{"コード":4321532,"name":"天草市倉岳町","所在":"熊本県","所管":"地方公共団体"},"geometry":{"type":"Point","coordinates":[130.34,32.41]}},{"type":"Feature","properties":{"コード":4321535,"name":"天草市河浦町","所在":"熊本県","所管":"地方公共団体"},"geometry":{"type":"Point","coordinates":[130.08,32.33]}},{"type":"Feature","properties":{"コード":4321536,"name":"天草市有明町","所在":"熊本県","所管":"地方公共団体"},"geometry":{"type":"Point","coordinates":[130.31,32.51]}},{"type":"Feature","properties":{"コード":4321537,"name":"天草市御所浦町","所在":"熊本県","所管":"地方公共団体"},"geometry":{"type":"Point","coordinates":[130.34,32.34]}},{"type":"Feature","properties":{"コード":4321538,"name":"天草市栖本町","所在":"熊本県","所管":"地方公共団体"},"geometry":{"type":"Point","coordinates":[130.27,32.42]}},{"type":"Feature","properties":{"コード":4321539,"name":"天草市五和町","所在":"熊本県","所管":"地方公共団体"},"geometry":{"type":"Point","coordinates":[130.19,32.51]}},{"type":"Feature","properties":{"コード":4348201,"name":"芦北町芦北","所在":"熊本県","所管":"気象庁"},"geometry":{"type":"Point","coordinates":[130.49,32.3]}},{"type":"Feature","properties":{"コード":4348220,"name":"芦北町田浦町","所在":"熊本県","所管":"防災科学技術研究所"},"geometry":{"type":"Point","coordinates":[130.51,32.36]}},{"type":"Feature","properties":{"コード":4348431,"name":"津奈木町小津奈木","所在":"熊本県","所管":"地方公共団体"},"geometry":{"type":"Point","coordinates":[130.44,32.23]}},{"type":"Feature","properties":{"コード":4353131,"name":"苓北町志岐","所在":"熊本県","所管":"地方公共団体"},"geometry":{"type":"Point","coordinates":[130.05,32.51]}},{"type":"Feature","properties":{"コード":4420300,"name":"中津市上宮永","所在":"大分県","所管":"気象庁"},"geometry":{"type":"Point","coordinates":[131.19,33.59]}},{"type":"Feature","properties":{"コード":4420320,"name":"中津市植野","所在":"大分県","所管":"防災科学技術研究所"},"geometry":{"type":"Point","coordinates":[131.27,33.57]}},{"type":"Feature","properties":{"コード":4420322,"name":"中津市耶馬溪町","所在":"大分県","所管":"防災科学技術研究所"},"geometry":{"type":"Point","coordinates":[131.11,33.45]}},{"type":"Feature","properties":{"コード":4420334,"name":"中津市豊田町","所在":"大分県","所管":"地方公共団体"},"geometry":{"type":"Point","coordinates":[131.19,33.6]}},{"type":"Feature","properties":{"コード":4420335,"name":"中津市三光","所在":"大分県","所管":"地方公共団体"},"geometry":{"type":"Point","coordinates":[131.2,33.56]}},{"type":"Feature","properties":{"コード":4420336,"name":"中津市本耶馬渓町","所在":"大分県","所管":"地方公共団体"},"geometry":{"type":"Point","coordinates":[131.17,33.5]}},{"type":"Feature","properties":{"コード":4420337,"name":"中津市山国町","所在":"大分県","所管":"地方公共団体"},"geometry":{"type":"Point","coordinates":[131.04,33.4]}},{"type":"Feature","properties":{"コード":4420921,"name":"豊後高田市御玉","所在":"大分県","所管":"防災科学技術研究所"},"geometry":{"type":"Point","coordinates":[131.45,33.56]}},{"type":"Feature","properties":{"コード":4420930,"name":"豊後高田市真玉","所在":"大分県","所管":"地方公共団体"},"geometry":{"type":"Point","coordinates":[131.48,33.61]}},{"type":"Feature","properties":{"コード":4420932,"name":"豊後高田市香々地","所在":"大分県","所管":"地方公共団体"},"geometry":{"type":"Point","coordinates":[131.53,33.66]}},{"type":"Feature","properties":{"コード":4421120,"name":"宇佐市院内町","所在":"大分県","所管":"防災科学技術研究所"},"geometry":{"type":"Point","coordinates":[131.32,33.42]}},{"type":"Feature","properties":{"コード":4421134,"name":"宇佐市上田","所在":"大分県","所管":"地方公共団体"},"geometry":{"type":"Point","coordinates":[131.35,33.53]}},{"type":"Feature","properties":{"コード":4421135,"name":"宇佐市安心院町","所在":"大分県","所管":"地方公共団体"},"geometry":{"type":"Point","coordinates":[131.35,33.44]}},{"type":"Feature","properties":{"コード":4421400,"name":"国東市国見町西方寺","所在":"大分県","所管":"気象庁"},"geometry":{"type":"Point","coordinates":[131.57,33.64]}},{"type":"Feature","properties":{"コード":4421401,"name":"国東市鶴川","所在":"大分県","所管":"気象庁"},"geometry":{"type":"Point","coordinates":[131.73,33.56]}},{"type":"Feature","properties":{"コード":4421420,"name":"国東市田深","所在":"大分県","所管":"防災科学技術研究所"},"geometry":{"type":"Point","coordinates":[131.73,33.57]}},{"type":"Feature","properties":{"コード":4421421,"name":"国東市国見町伊美","所在":"大分県","所管":"防災科学技術研究所"},"geometry":{"type":"Point","coordinates":[131.59,33.68]}},{"type":"Feature","properties":{"コード":4421434,"name":"国東市安岐町","所在":"大分県","所管":"地方公共団体"},"geometry":{"type":"Point","coordinates":[131.69,33.47]}},{"type":"Feature","properties":{"コード":4421435,"name":"国東市武蔵町","所在":"大分県","所管":"地方公共団体"},"geometry":{"type":"Point","coordinates":[131.72,33.5]}},{"type":"Feature","properties":{"コード":4432231,"name":"姫島村役場","所在":"大分県","所管":"地方公共団体"},"geometry":{"type":"Point","coordinates":[131.65,33.72]}},{"type":"Feature","properties":{"コード":4420102,"name":"大分市明野北","所在":"大分県","所管":"気象庁"},"geometry":{"type":"Point","coordinates":[131.66,33.23]}},{"type":"Feature","properties":{"コード":4420122,"name":"大分市新春日町","所在":"大分県","所管":"防災科学技術研究所"},"geometry":{"type":"Point","coordinates":[131.59,33.23]}},{"type":"Feature","properties":{"コード":4420133,"name":"大分市佐賀関","所在":"大分県","所管":"地方公共団体"},"geometry":{"type":"Point","coordinates":[131.87,33.25]}},{"type":"Feature","properties":{"コード":4420134,"name":"大分市舞鶴町","所在":"大分県","所管":"地方公共団体"},"geometry":{"type":"Point","coordinates":[131.62,33.24]}},{"type":"Feature","properties":{"コード":4420135,"name":"大分市野津原","所在":"大分県","所管":"地方公共団体"},"geometry":{"type":"Point","coordinates":[131.53,33.16]}},{"type":"Feature","properties":{"コード":4420200,"name":"別府市鶴見","所在":"大分県","所管":"気象庁"},"geometry":{"type":"Point","coordinates":[131.47,33.31]}},{"type":"Feature","properties":{"コード":4420201,"name":"別府市天間","所在":"大分県","所管":"気象庁"},"geometry":{"type":"Point","coordinates":[131.41,33.34]}},{"type":"Feature","properties":{"コード":4420231,"name":"別府市上野口町","所在":"大分県","所管":"地方公共団体"},"geometry":{"type":"Point","coordinates":[131.49,33.28]}},{"type":"Feature","properties":{"コード":4420600,"name":"臼杵市乙見","所在":"大分県","所管":"気象庁"},"geometry":{"type":"Point","coordinates":[131.75,33.07]}},{"type":"Feature","properties":{"コード":4420632,"name":"臼杵市臼杵","所在":"大分県","所管":"地方公共団体"},"geometry":{"type":"Point","coordinates":[131.8,33.13]}},{"type":"Feature","properties":{"コード":4420633,"name":"臼杵市野津町","所在":"大分県","所管":"地方公共団体"},"geometry":{"type":"Point","coordinates":[131.69,33.04]}},{"type":"Feature","properties":{"コード":4420721,"name":"津久見市立花町","所在":"大分県","所管":"防災科学技術研究所"},"geometry":{"type":"Point","coordinates":[131.86,33.07]}},{"type":"Feature","properties":{"コード":4420732,"name":"津久見市宮本町","所在":"大分県","所管":"地方公共団体"},"geometry":{"type":"Point","coordinates":[131.87,33.07]}},{"type":"Feature","properties":{"コード":4421021,"name":"杵築市南杵築","所在":"大分県","所管":"防災科学技術研究所"},"geometry":{"type":"Point","coordinates":[131.61,33.42]}},{"type":"Feature","properties":{"コード":4421032,"name":"杵築市杵築","所在":"大分県","所管":"地方公共団体"},"geometry":{"type":"Point","coordinates":[131.62,33.42]}},{"type":"Feature","properties":{"コード":4421033,"name":"杵築市大田","所在":"大分県","所管":"地方公共団体"},"geometry":{"type":"Point","coordinates":[131.56,33.5]}},{"type":"Feature","properties":{"コード":4421034,"name":"杵築市山香町","所在":"大分県","所管":"地方公共団体"},"geometry":{"type":"Point","coordinates":[131.5,33.45]}},{"type":"Feature","properties":{"コード":4421330,"name":"由布市挾間町","所在":"大分県","所管":"地方公共団体"},"geometry":{"type":"Point","coordinates":[131.51,33.2]}},{"type":"Feature","properties":{"コード":4421335,"name":"由布市庄内町","所在":"大分県","所管":"地方公共団体"},"geometry":{"type":"Point","coordinates":[131.43,33.18]}},{"type":"Feature","properties":{"コード":4421336,"name":"由布市湯布院町川上","所在":"大分県","所管":"地方公共団体"},"geometry":{"type":"Point","coordinates":[131.36,33.27]}},{"type":"Feature","properties":{"コード":4434130,"name":"日出町役場","所在":"大分県","所管":"地方公共団体"},"geometry":{"type":"Point","coordinates":[131.53,33.37]}},{"type":"Feature","properties":{"コード":4420501,"name":"佐伯市蒲江蒲江浦","所在":"大分県","所管":"気象庁"},"geometry":{"type":"Point","coordinates":[131.92,32.8]}},{"type":"Feature","properties":{"コード":4420502,"name":"佐伯市堅田","所在":"大分県","所管":"気象庁"},"geometry":{"type":"Point","coordinates":[131.87,32.93]}},{"type":"Feature","properties":{"コード":4420503,"name":"佐伯市蒲江猪串浦","所在":"大分県","所管":"気象庁"},"geometry":{"type":"Point","coordinates":[131.9,32.8]}},{"type":"Feature","properties":{"コード":4420520,"name":"佐伯市春日町","所在":"大分県","所管":"防災科学技術研究所"},"geometry":{"type":"Point","coordinates":[131.9,32.97]}},{"type":"Feature","properties":{"コード":4420534,"name":"佐伯市直川","所在":"大分県","所管":"地方公共団体"},"geometry":{"type":"Point","coordinates":[131.78,32.9]}},{"type":"Feature","properties":{"コード":4420537,"name":"佐伯市宇目","所在":"大分県","所管":"地方公共団体"},"geometry":{"type":"Point","coordinates":[131.66,32.86]}},{"type":"Feature","properties":{"コード":4420538,"name":"佐伯市上浦","所在":"大分県","所管":"地方公共団体"},"geometry":{"type":"Point","coordinates":[131.93,33.05]}},{"type":"Feature","properties":{"コード":4420539,"name":"佐伯市弥生","所在":"大分県","所管":"地方公共団体"},"geometry":{"type":"Point","coordinates":[131.84,32.97]}},{"type":"Feature","properties":{"コード":4420541,"name":"佐伯市米水津","所在":"大分県","所管":"地方公共団体"},"geometry":{"type":"Point","coordinates":[131.98,32.92]}},{"type":"Feature","properties":{"コード":4420543,"name":"佐伯市役所","所在":"大分県","所管":"地方公共団体"},"geometry":{"type":"Point","coordinates":[131.9,32.96]}},{"type":"Feature","properties":{"コード":4420544,"name":"佐伯市鶴見","所在":"大分県","所管":"地方公共団体"},"geometry":{"type":"Point","coordinates":[131.96,32.94]}},{"type":"Feature","properties":{"コード":4420545,"name":"佐伯市本匠","所在":"大分県","所管":"地方公共団体"},"geometry":{"type":"Point","coordinates":[131.8,32.95]}},{"type":"Feature","properties":{"コード":4421200,"name":"豊後大野市三重町","所在":"大分県","所管":"気象庁"},"geometry":{"type":"Point","coordinates":[131.58,32.98]}},{"type":"Feature","properties":{"コード":4421220,"name":"豊後大野市犬飼町黒松","所在":"大分県","所管":"防災科学技術研究所"},"geometry":{"type":"Point","coordinates":[131.59,33.07]}},{"type":"Feature","properties":{"コード":4421240,"name":"豊後大野市千歳町","所在":"大分県","所管":"地方公共団体"},"geometry":{"type":"Point","coordinates":[131.6,33.04]}},{"type":"Feature","properties":{"コード":4421242,"name":"豊後大野市大野町","所在":"大分県","所管":"地方公共団体"},"geometry":{"type":"Point","coordinates":[131.5,33.04]}},{"type":"Feature","properties":{"コード":4421243,"name":"豊後大野市清川町","所在":"大分県","所管":"地方公共団体"},"geometry":{"type":"Point","coordinates":[131.52,32.97]}},{"type":"Feature","properties":{"コード":4421244,"name":"豊後大野市朝地町","所在":"大分県","所管":"地方公共団体"},"geometry":{"type":"Point","coordinates":[131.43,33.01]}},{"type":"Feature","properties":{"コード":4421245,"name":"豊後大野市犬飼町犬飼","所在":"大分県","所管":"地方公共団体"},"geometry":{"type":"Point","coordinates":[131.64,33.07]}},{"type":"Feature","properties":{"コード":4421246,"name":"豊後大野市緒方町","所在":"大分県","所管":"地方公共団体"},"geometry":{"type":"Point","coordinates":[131.47,32.97]}},{"type":"Feature","properties":{"コード":4420401,"name":"日田市中津江村合瀬","所在":"大分県","所管":"気象庁"},"geometry":{"type":"Point","coordinates":[130.88,33.13]}},{"type":"Feature","properties":{"コード":4420402,"name":"日田市三本松","所在":"大分県","所管":"気象庁"},"geometry":{"type":"Point","coordinates":[130.93,33.32]}},{"type":"Feature","properties":{"コード":4420420,"name":"日田市天瀬町","所在":"大分県","所管":"防災科学技術研究所"},"geometry":{"type":"Point","coordinates":[131.02,33.25]}},{"type":"Feature","properties":{"コード":4420433,"name":"日田市上津江町","所在":"大分県","所管":"地方公共団体"},"geometry":{"type":"Point","coordinates":[130.98,33.1]}},{"type":"Feature","properties":{"コード":4420435,"name":"日田市田島","所在":"大分県","所管":"地方公共団体"},"geometry":{"type":"Point","coordinates":[130.94,33.32]}},{"type":"Feature","properties":{"コード":4420438,"name":"日田市中津江村栃野","所在":"大分県","所管":"地方公共団体"},"geometry":{"type":"Point","coordinates":[130.95,33.13]}},{"type":"Feature","properties":{"コード":4420439,"name":"日田市大山町","所在":"大分県","所管":"地方公共団体"},"geometry":{"type":"Point","coordinates":[130.96,33.26]}},{"type":"Feature","properties":{"コード":4420440,"name":"日田市前津江町","所在":"大分県","所管":"地方公共団体"},"geometry":{"type":"Point","coordinates":[130.92,33.21]}},{"type":"Feature","properties":{"コード":4420820,"name":"竹田市竹田小学校","所在":"大分県","所管":"防災科学技術研究所"},"geometry":{"type":"Point","coordinates":[131.4,32.97]}},{"type":"Feature","properties":{"コード":4420821,"name":"竹田市直入小学校","所在":"大分県","所管":"防災科学技術研究所"},"geometry":{"type":"Point","coordinates":[131.37,33.07]}},{"type":"Feature","properties":{"コード":4420832,"name":"竹田市久住町","所在":"大分県","所管":"地方公共団体"},"geometry":{"type":"Point","coordinates":[131.29,33.02]}},{"type":"Feature","properties":{"コード":4420833,"name":"竹田市直入町","所在":"大分県","所管":"地方公共団体"},"geometry":{"type":"Point","coordinates":[131.38,33.08]}},{"type":"Feature","properties":{"コード":4420834,"name":"竹田市会々","所在":"大分県","所管":"地方公共団体"},"geometry":{"type":"Point","coordinates":[131.41,32.97]}},{"type":"Feature","properties":{"コード":4420836,"name":"竹田市荻町","所在":"大分県","所管":"地方公共団体"},"geometry":{"type":"Point","coordinates":[131.3,32.92]}},{"type":"Feature","properties":{"コード":4446131,"name":"九重町後野上","所在":"大分県","所管":"地方公共団体"},"geometry":{"type":"Point","coordinates":[131.19,33.23]}},{"type":"Feature","properties":{"コード":4446200,"name":"玖珠町帆足","所在":"大分県","所管":"気象庁"},"geometry":{"type":"Point","coordinates":[131.15,33.28]}},{"type":"Feature","properties":{"コード":4520303,"name":"延岡市天神小路","所在":"宮崎県","所管":"気象庁"},"geometry":{"type":"Point","coordinates":[131.66,32.58]}},{"type":"Feature","properties":{"コード":4520304,"name":"延岡市北方総合運動公園","所在":"宮崎県","所管":"気象庁"},"geometry":{"type":"Point","coordinates":[131.53,32.56]}},{"type":"Feature","properties":{"コード":4520321,"name":"延岡市北川町川内名白石","所在":"宮崎県","所管":"防災科学技術研究所"},"geometry":{"type":"Point","coordinates":[131.68,32.7]}},{"type":"Feature","properties":{"コード":4520333,"name":"延岡市北川町総合支所","所在":"宮崎県","所管":"地方公共団体"},"geometry":{"type":"Point","coordinates":[131.69,32.69]}},{"type":"Feature","properties":{"コード":4520334,"name":"延岡市北浦町古江","所在":"宮崎県","所管":"地方公共団体"},"geometry":{"type":"Point","coordinates":[131.82,32.71]}},{"type":"Feature","properties":{"コード":4520336,"name":"延岡市東本小路","所在":"宮崎県","所管":"地方公共団体"},"geometry":{"type":"Point","coordinates":[131.66,32.58]}},{"type":"Feature","properties":{"コード":4520337,"name":"延岡市北方町総合支所","所在":"宮崎県","所管":"地方公共団体"},"geometry":{"type":"Point","coordinates":[131.53,32.56]}},{"type":"Feature","properties":{"コード":4520601,"name":"日向市亀崎","所在":"宮崎県","所管":"気象庁"},"geometry":{"type":"Point","coordinates":[131.63,32.43]}},{"type":"Feature","properties":{"コード":4520602,"name":"日向市大王谷運動公園","所在":"宮崎県","所管":"気象庁"},"geometry":{"type":"Point","coordinates":[131.64,32.44]}},{"type":"Feature","properties":{"コード":4520621,"name":"日向市富高","所在":"宮崎県","所管":"防災科学技術研究所"},"geometry":{"type":"Point","coordinates":[131.6,32.43]}},{"type":"Feature","properties":{"コード":4520631,"name":"日向市東郷町山陰","所在":"宮崎県","所管":"地方公共団体"},"geometry":{"type":"Point","coordinates":[131.53,32.39]}},{"type":"Feature","properties":{"コード":4520820,"name":"西都市上の宮","所在":"宮崎県","所管":"防災科学技術研究所"},"geometry":{"type":"Point","coordinates":[131.39,32.11]}},{"type":"Feature","properties":{"コード":4520832,"name":"西都市聖陵町","所在":"宮崎県","所管":"地方公共団体"},"geometry":{"type":"Point","coordinates":[131.4,32.11]}},{"type":"Feature","properties":{"コード":4540132,"name":"高鍋町上江","所在":"宮崎県","所管":"地方公共団体"},"geometry":{"type":"Point","coordinates":[131.5,32.13]}},{"type":"Feature","properties":{"コード":4540200,"name":"新富町上富田","所在":"宮崎県","所管":"気象庁"},"geometry":{"type":"Point","coordinates":[131.49,32.07]}},{"type":"Feature","properties":{"コード":4540431,"name":"木城町高城","所在":"宮崎県","所管":"地方公共団体"},"geometry":{"type":"Point","coordinates":[131.47,32.16]}},{"type":"Feature","properties":{"コード":4540531,"name":"川南町川南","所在":"宮崎県","所管":"地方公共団体"},"geometry":{"type":"Point","coordinates":[131.53,32.19]}},{"type":"Feature","properties":{"コード":4540600,"name":"宮崎都農町川北","所在":"宮崎県","所管":"気象庁"},"geometry":{"type":"Point","coordinates":[131.5,32.25]}},{"type":"Feature","properties":{"コード":4540620,"name":"宮崎都農町役場","所在":"宮崎県","所管":"防災科学技術研究所"},"geometry":{"type":"Point","coordinates":[131.56,32.26]}},{"type":"Feature","properties":{"コード":4542132,"name":"門川町平城東","所在":"宮崎県","所管":"地方公共団体"},"geometry":{"type":"Point","coordinates":[131.65,32.47]}},{"type":"Feature","properties":{"コード":4540320,"name":"西米良村板谷","所在":"宮崎県","所管":"防災科学技術研究所"},"geometry":{"type":"Point","coordinates":[131.12,32.24]}},{"type":"Feature","properties":{"コード":4540332,"name":"西米良村村所","所在":"宮崎県","所管":"地方公共団体"},"geometry":{"type":"Point","coordinates":[131.15,32.23]}},{"type":"Feature","properties":{"コード":4542930,"name":"諸塚村家代","所在":"宮崎県","所管":"地方公共団体"},"geometry":{"type":"Point","coordinates":[131.33,32.51]}},{"type":"Feature","properties":{"コード":4543020,"name":"椎葉村総合運動公園","所在":"宮崎県","所管":"防災科学技術研究所"},"geometry":{"type":"Point","coordinates":[131.15,32.46]}},{"type":"Feature","properties":{"コード":4543032,"name":"椎葉村下福良","所在":"宮崎県","所管":"地方公共団体"},"geometry":{"type":"Point","coordinates":[131.16,32.47]}},{"type":"Feature","properties":{"コード":4543120,"name":"宮崎美郷町宇納間","所在":"宮崎県","所管":"防災科学技術研究所"},"geometry":{"type":"Point","coordinates":[131.44,32.5]}},{"type":"Feature","properties":{"コード":4543130,"name":"宮崎美郷町神門","所在":"宮崎県","所管":"地方公共団体"},"geometry":{"type":"Point","coordinates":[131.33,32.39]}},{"type":"Feature","properties":{"コード":4543133,"name":"宮崎美郷町田代","所在":"宮崎県","所管":"地方公共団体"},"geometry":{"type":"Point","coordinates":[131.42,32.44]}},{"type":"Feature","properties":{"コード":4544100,"name":"高千穂町三田井","所在":"宮崎県","所管":"気象庁"},"geometry":{"type":"Point","coordinates":[131.31,32.71]}},{"type":"Feature","properties":{"コード":4544120,"name":"高千穂町寺迫","所在":"宮崎県","所管":"防災科学技術研究所"},"geometry":{"type":"Point","coordinates":[131.31,32.7]}},{"type":"Feature","properties":{"コード":4544232,"name":"日之影町七折","所在":"宮崎県","所管":"地方公共団体"},"geometry":{"type":"Point","coordinates":[131.38,32.66]}},{"type":"Feature","properties":{"コード":4544332,"name":"五ヶ瀬町三ヶ所","所在":"宮崎県","所管":"地方公共団体"},"geometry":{"type":"Point","coordinates":[131.2,32.68]}},{"type":"Feature","properties":{"コード":4520101,"name":"宮崎市霧島","所在":"宮崎県","所管":"気象庁"},"geometry":{"type":"Point","coordinates":[131.41,31.94]}},{"type":"Feature","properties":{"コード":4520120,"name":"宮崎市松橋","所在":"宮崎県","所管":"防災科学技術研究所"},"geometry":{"type":"Point","coordinates":[131.42,31.91]}},{"type":"Feature","properties":{"コード":4520121,"name":"宮崎市田野町体育館","所在":"宮崎県","所管":"防災科学技術研究所"},"geometry":{"type":"Point","coordinates":[131.31,31.85]}},{"type":"Feature","properties":{"コード":4520135,"name":"宮崎市高岡町内山","所在":"宮崎県","所管":"地方公共団体"},"geometry":{"type":"Point","coordinates":[131.3,31.96]}},{"type":"Feature","properties":{"コード":4520136,"name":"宮崎市田野支所","所在":"宮崎県","所管":"地方公共団体"},"geometry":{"type":"Point","coordinates":[131.3,31.84]}},{"type":"Feature","properties":{"コード":4520138,"name":"宮崎市佐土原町下田島","所在":"宮崎県","所管":"地方公共団体"},"geometry":{"type":"Point","coordinates":[131.47,32.02]}},{"type":"Feature","properties":{"コード":4520400,"name":"日南市油津","所在":"宮崎県","所管":"気象庁"},"geometry":{"type":"Point","coordinates":[131.41,31.58]}},{"type":"Feature","properties":{"コード":4520401,"name":"日南市北郷町大藤","所在":"宮崎県","所管":"気象庁"},"geometry":{"type":"Point","coordinates":[131.38,31.66]}},{"type":"Feature","properties":{"コード":4520420,"name":"日南市吾田東","所在":"宮崎県","所管":"防災科学技術研究所"},"geometry":{"type":"Point","coordinates":[131.37,31.61]}},{"type":"Feature","properties":{"コード":4520435,"name":"日南市南郷町南町","所在":"宮崎県","所管":"地方公共団体"},"geometry":{"type":"Point","coordinates":[131.37,31.53]}},{"type":"Feature","properties":{"コード":4520436,"name":"日南市中央通","所在":"宮崎県","所管":"地方公共団体"},"geometry":{"type":"Point","coordinates":[131.38,31.6]}},{"type":"Feature","properties":{"コード":4520437,"name":"日南市北郷町郷之原","所在":"宮崎県","所管":"地方公共団体"},"geometry":{"type":"Point","coordinates":[131.38,31.68]}},{"type":"Feature","properties":{"コード":4520701,"name":"串間市奈留","所在":"宮崎県","所管":"気象庁"},"geometry":{"type":"Point","coordinates":[131.27,31.53]}},{"type":"Feature","properties":{"コード":4520720,"name":"串間市都井","所在":"宮崎県","所管":"防災科学技術研究所"},"geometry":{"type":"Point","coordinates":[131.31,31.4]}},{"type":"Feature","properties":{"コード":4520730,"name":"串間市役所","所在":"宮崎県","所管":"地方公共団体"},"geometry":{"type":"Point","coordinates":[131.23,31.46]}},{"type":"Feature","properties":{"コード":4538230,"name":"国富町本庄","所在":"宮崎県","所管":"地方公共団体"},"geometry":{"type":"Point","coordinates":[131.32,31.99]}},{"type":"Feature","properties":{"コード":4538321,"name":"綾町南俣健康センター","所在":"宮崎県","所管":"防災科学技術研究所"},"geometry":{"type":"Point","coordinates":[131.26,32]}},{"type":"Feature","properties":{"コード":4538331,"name":"綾町役場","所在":"宮崎県","所管":"地方公共団体"},"geometry":{"type":"Point","coordinates":[131.25,32]}},{"type":"Feature","properties":{"コード":4520200,"name":"都城市菖蒲原","所在":"宮崎県","所管":"気象庁"},"geometry":{"type":"Point","coordinates":[131.08,31.73]}},{"type":"Feature","properties":{"コード":4520201,"name":"都城市高崎町江平","所在":"宮崎県","所管":"気象庁"},"geometry":{"type":"Point","coordinates":[131.09,31.9]}},{"type":"Feature","properties":{"コード":4520220,"name":"都城市姫城町","所在":"宮崎県","所管":"防災科学技術研究所"},"geometry":{"type":"Point","coordinates":[131.06,31.72]}},{"type":"Feature","properties":{"コード":4520221,"name":"都城市高崎町大牟田","所在":"宮崎県","所管":"防災科学技術研究所"},"geometry":{"type":"Point","coordinates":[131.07,31.87]}},{"type":"Feature","properties":{"コード":4520236,"name":"都城市高城町穂満坊","所在":"宮崎県","所管":"地方公共団体"},"geometry":{"type":"Point","coordinates":[131.13,31.8]}},{"type":"Feature","properties":{"コード":4520238,"name":"都城市山之口町花木","所在":"宮崎県","所管":"地方公共団体"},"geometry":{"type":"Point","coordinates":[131.15,31.78]}},{"type":"Feature","properties":{"コード":4520239,"name":"都城市山田町山田","所在":"宮崎県","所管":"地方公共団体"},"geometry":{"type":"Point","coordinates":[131.04,31.81]}},{"type":"Feature","properties":{"コード":4520501,"name":"小林市真方","所在":"宮崎県","所管":"気象庁"},"geometry":{"type":"Point","coordinates":[130.99,31.99]}},{"type":"Feature","properties":{"コード":4520521,"name":"小林市役所","所在":"宮崎県","所管":"防災科学技術研究所"},"geometry":{"type":"Point","coordinates":[130.97,32]}},{"type":"Feature","properties":{"コード":4520533,"name":"小林市中原","所在":"宮崎県","所管":"地方公共団体"},"geometry":{"type":"Point","coordinates":[131.07,32.08]}},{"type":"Feature","properties":{"コード":4520534,"name":"小林市野尻町東麓","所在":"宮崎県","所管":"地方公共団体"},"geometry":{"type":"Point","coordinates":[131.1,31.96]}},{"type":"Feature","properties":{"コード":4520930,"name":"えびの市加久藤","所在":"宮崎県","所管":"地方公共団体"},"geometry":{"type":"Point","coordinates":[130.81,32.05]}},{"type":"Feature","properties":{"コード":4534131,"name":"三股町五本松","所在":"宮崎県","所管":"地方公共団体"},"geometry":{"type":"Point","coordinates":[131.13,31.73]}},{"type":"Feature","properties":{"コード":4536130,"name":"高原町西麓","所在":"宮崎県","所管":"地方公共団体"},"geometry":{"type":"Point","coordinates":[131.01,31.93]}},{"type":"Feature","properties":{"コード":4620100,"name":"鹿児島市東郡元","所在":"鹿児島県","所管":"気象庁"},"geometry":{"type":"Point","coordinates":[130.55,31.56]}},{"type":"Feature","properties":{"コード":4620101,"name":"鹿児島市下福元","所在":"鹿児島県","所管":"気象庁"},"geometry":{"type":"Point","coordinates":[130.45,31.51]}},{"type":"Feature","properties":{"コード":4620120,"name":"鹿児島市祇園之洲町","所在":"鹿児島県","所管":"防災科学技術研究所"},"geometry":{"type":"Point","coordinates":[130.57,31.61]}},{"type":"Feature","properties":{"コード":4620121,"name":"鹿児島市喜入町","所在":"鹿児島県","所管":"防災科学技術研究所"},"geometry":{"type":"Point","coordinates":[130.54,31.38]}},{"type":"Feature","properties":{"コード":4620132,"name":"鹿児島市桜島赤水新島","所在":"鹿児島県","所管":"地方公共団体"},"geometry":{"type":"Point","coordinates":[130.72,31.62]}},{"type":"Feature","properties":{"コード":4620135,"name":"鹿児島市本城","所在":"鹿児島県","所管":"地方公共団体"},"geometry":{"type":"Point","coordinates":[130.56,31.71]}},{"type":"Feature","properties":{"コード":4620136,"name":"鹿児島市郡山","所在":"鹿児島県","所管":"地方公共団体"},"geometry":{"type":"Point","coordinates":[130.48,31.68]}},{"type":"Feature","properties":{"コード":4620137,"name":"鹿児島市桜島藤野","所在":"鹿児島県","所管":"地方公共団体"},"geometry":{"type":"Point","coordinates":[130.63,31.62]}},{"type":"Feature","properties":{"コード":4620138,"name":"鹿児島市上谷口","所在":"鹿児島県","所管":"地方公共団体"},"geometry":{"type":"Point","coordinates":[130.43,31.6]}},{"type":"Feature","properties":{"コード":4620401,"name":"枕崎市高見町","所在":"鹿児島県","所管":"気象庁"},"geometry":{"type":"Point","coordinates":[130.29,31.27]}},{"type":"Feature","properties":{"コード":4620420,"name":"枕崎市若葉町","所在":"鹿児島県","所管":"防災科学技術研究所"},"geometry":{"type":"Point","coordinates":[130.3,31.28]}},{"type":"Feature","properties":{"コード":4620601,"name":"阿久根市赤瀬川","所在":"鹿児島県","所管":"気象庁"},"geometry":{"type":"Point","coordinates":[130.2,32.03]}},{"type":"Feature","properties":{"コード":4620620,"name":"阿久根市鶴見町","所在":"鹿児島県","所管":"防災科学技術研究所"},"geometry":{"type":"Point","coordinates":[130.19,32.01]}},{"type":"Feature","properties":{"コード":4620821,"name":"鹿児島出水市緑町","所在":"鹿児島県","所管":"防災科学技術研究所"},"geometry":{"type":"Point","coordinates":[130.35,32.09]}},{"type":"Feature","properties":{"コード":4620830,"name":"鹿児島出水市桂島","所在":"鹿児島県","所管":"地方公共団体"},"geometry":{"type":"Point","coordinates":[130.26,32.15]}},{"type":"Feature","properties":{"コード":4620835,"name":"鹿児島出水市高尾野町","所在":"鹿児島県","所管":"地方公共団体"},"geometry":{"type":"Point","coordinates":[130.31,32.06]}},{"type":"Feature","properties":{"コード":4620836,"name":"鹿児島出水市野田町","所在":"鹿児島県","所管":"地方公共団体"},"geometry":{"type":"Point","coordinates":[130.27,32.06]}},{"type":"Feature","properties":{"コード":4621000,"name":"指宿市山川新生町","所在":"鹿児島県","所管":"気象庁"},"geometry":{"type":"Point","coordinates":[130.64,31.2]}},{"type":"Feature","properties":{"コード":4621020,"name":"指宿市十町","所在":"鹿児島県","所管":"防災科学技術研究所"},"geometry":{"type":"Point","coordinates":[130.63,31.25]}},{"type":"Feature","properties":{"コード":4621032,"name":"指宿市開聞十町","所在":"鹿児島県","所管":"地方公共団体"},"geometry":{"type":"Point","coordinates":[130.54,31.2]}},{"type":"Feature","properties":{"コード":4621500,"name":"薩摩川内市中郷","所在":"鹿児島県","所管":"気象庁"},"geometry":{"type":"Point","coordinates":[130.31,31.83]}},{"type":"Feature","properties":{"コード":4621520,"name":"薩摩川内市神田町","所在":"鹿児島県","所管":"防災科学技術研究所"},"geometry":{"type":"Point","coordinates":[130.3,31.81]}},{"type":"Feature","properties":{"コード":4621533,"name":"薩摩川内市祁答院町","所在":"鹿児島県","所管":"地方公共団体"},"geometry":{"type":"Point","coordinates":[130.5,31.87]}},{"type":"Feature","properties":{"コード":4621536,"name":"薩摩川内市入来町","所在":"鹿児島県","所管":"地方公共団体"},"geometry":{"type":"Point","coordinates":[130.43,31.81]}},{"type":"Feature","properties":{"コード":4621537,"name":"薩摩川内市東郷町","所在":"鹿児島県","所管":"地方公共団体"},"geometry":{"type":"Point","coordinates":[130.34,31.86]}},{"type":"Feature","properties":{"コード":4621538,"name":"薩摩川内市樋脇町","所在":"鹿児島県","所管":"地方公共団体"},"geometry":{"type":"Point","coordinates":[130.38,31.82]}},{"type":"Feature","properties":{"コード":4621620,"name":"日置市日吉町日置","所在":"鹿児島県","所管":"防災科学技術研究所"},"geometry":{"type":"Point","coordinates":[130.35,31.59]}},{"type":"Feature","properties":{"コード":4621633,"name":"日置市東市来町長里","所在":"鹿児島県","所管":"地方公共団体"},"geometry":{"type":"Point","coordinates":[130.35,31.66]}},{"type":"Feature","properties":{"コード":4621634,"name":"日置市伊集院町郡","所在":"鹿児島県","所管":"地方公共団体"},"geometry":{"type":"Point","coordinates":[130.4,31.63]}},{"type":"Feature","properties":{"コード":4621635,"name":"日置市吹上町中原","所在":"鹿児島県","所管":"地方公共団体"},"geometry":{"type":"Point","coordinates":[130.35,31.51]}},{"type":"Feature","properties":{"コード":4621800,"name":"霧島市隼人町内山田","所在":"鹿児島県","所管":"気象庁"},"geometry":{"type":"Point","coordinates":[130.74,31.74]}},{"type":"Feature","properties":{"コード":4621802,"name":"鹿児島空港","所在":"鹿児島県","所管":"気象庁"},"geometry":{"type":"Point","coordinates":[130.72,31.8]}},{"type":"Feature","properties":{"コード":4621820,"name":"霧島市横川町中ノ","所在":"鹿児島県","所管":"防災科学技術研究所"},"geometry":{"type":"Point","coordinates":[130.7,31.91]}},{"type":"Feature","properties":{"コード":4621821,"name":"霧島市国分中央","所在":"鹿児島県","所管":"防災科学技術研究所"},"geometry":{"type":"Point","coordinates":[130.76,31.74]}},{"type":"Feature","properties":{"コード":4621834,"name":"霧島市溝辺町有川","所在":"鹿児島県","所管":"地方公共団体"},"geometry":{"type":"Point","coordinates":[130.68,31.83]}},{"type":"Feature","properties":{"コード":4621836,"name":"霧島市霧島田口","所在":"鹿児島県","所管":"地方公共団体"},"geometry":{"type":"Point","coordinates":[130.83,31.82]}},{"type":"Feature","properties":{"コード":4621837,"name":"霧島市福山町牧之原","所在":"鹿児島県","所管":"地方公共団体"},"geometry":{"type":"Point","coordinates":[130.85,31.67]}},{"type":"Feature","properties":{"コード":4621838,"name":"霧島市牧園町宿窪田","所在":"鹿児島県","所管":"地方公共団体"},"geometry":{"type":"Point","coordinates":[130.75,31.86]}},{"type":"Feature","properties":{"コード":4621920,"name":"いちき串木野市緑町","所在":"鹿児島県","所管":"防災科学技術研究所"},"geometry":{"type":"Point","coordinates":[130.27,31.71]}},{"type":"Feature","properties":{"コード":4621931,"name":"いちき串木野市湊町","所在":"鹿児島県","所管":"地方公共団体"},"geometry":{"type":"Point","coordinates":[130.29,31.69]}},{"type":"Feature","properties":{"コード":4622020,"name":"南さつま市加世田川畑","所在":"鹿児島県","所管":"防災科学技術研究所"},"geometry":{"type":"Point","coordinates":[130.32,31.42]}},{"type":"Feature","properties":{"コード":4622035,"name":"南さつま市大浦町","所在":"鹿児島県","所管":"地方公共団体"},"geometry":{"type":"Point","coordinates":[130.23,31.38]}},{"type":"Feature","properties":{"コード":4622038,"name":"南さつま市笠沙町片浦","所在":"鹿児島県","所管":"地方公共団体"},"geometry":{"type":"Point","coordinates":[130.19,31.41]}},{"type":"Feature","properties":{"コード":4622039,"name":"南さつま市金峰町尾下","所在":"鹿児島県","所管":"地方公共団体"},"geometry":{"type":"Point","coordinates":[130.34,31.46]}},{"type":"Feature","properties":{"コード":4622040,"name":"南さつま市坊津町久志","所在":"鹿児島県","所管":"地方公共団体"},"geometry":{"type":"Point","coordinates":[130.23,31.31]}},{"type":"Feature","properties":{"コード":4622320,"name":"南九州市頴娃町牧之内","所在":"鹿児島県","所管":"防災科学技術研究所"},"geometry":{"type":"Point","coordinates":[130.49,31.24]}},{"type":"Feature","properties":{"コード":4622331,"name":"南九州市川辺町平山","所在":"鹿児島県","所管":"地方公共団体"},"geometry":{"type":"Point","coordinates":[130.39,31.39]}},{"type":"Feature","properties":{"コード":4622332,"name":"南九州市知覧町郡","所在":"鹿児島県","所管":"地方公共団体"},"geometry":{"type":"Point","coordinates":[130.44,31.38]}},{"type":"Feature","properties":{"コード":4622400,"name":"伊佐市大口山野","所在":"鹿児島県","所管":"気象庁"},"geometry":{"type":"Point","coordinates":[130.6,32.14]}},{"type":"Feature","properties":{"コード":4622420,"name":"伊佐市大口鳥巣","所在":"鹿児島県","所管":"防災科学技術研究所"},"geometry":{"type":"Point","coordinates":[130.59,32.06]}},{"type":"Feature","properties":{"コード":4622431,"name":"伊佐市菱刈前目","所在":"鹿児島県","所管":"地方公共団体"},"geometry":{"type":"Point","coordinates":[130.64,32.01]}},{"type":"Feature","properties":{"コード":4622521,"name":"姶良市蒲生町北","所在":"鹿児島県","所管":"防災科学技術研究所"},"geometry":{"type":"Point","coordinates":[130.57,31.76]}},{"type":"Feature","properties":{"コード":4622535,"name":"姶良市宮島町","所在":"鹿児島県","所管":"地方公共団体"},"geometry":{"type":"Point","coordinates":[130.63,31.73]}},{"type":"Feature","properties":{"コード":4622536,"name":"姶良市加治木町本町","所在":"鹿児島県","所管":"地方公共団体"},"geometry":{"type":"Point","coordinates":[130.66,31.74]}},{"type":"Feature","properties":{"コード":4639201,"name":"さつま町宮之城屋地","所在":"鹿児島県","所管":"気象庁"},"geometry":{"type":"Point","coordinates":[130.46,31.91]}},{"type":"Feature","properties":{"コード":4639220,"name":"さつま町宮之城保健センタ","所在":"鹿児島県","所管":"防災科学技術研究所"},"geometry":{"type":"Point","coordinates":[130.45,31.9]}},{"type":"Feature","properties":{"コード":4639230,"name":"さつま町神子","所在":"鹿児島県","所管":"地方公共団体"},"geometry":{"type":"Point","coordinates":[130.48,31.95]}},{"type":"Feature","properties":{"コード":4639231,"name":"さつま町求名","所在":"鹿児島県","所管":"地方公共団体"},"geometry":{"type":"Point","coordinates":[130.54,31.92]}},{"type":"Feature","properties":{"コード":4640420,"name":"長島町鷹巣","所在":"鹿児島県","所管":"防災科学技術研究所"},"geometry":{"type":"Point","coordinates":[130.18,32.19]}},{"type":"Feature","properties":{"コード":4640431,"name":"長島町獅子島","所在":"鹿児島県","所管":"地方公共団体"},"geometry":{"type":"Point","coordinates":[130.22,32.28]}},{"type":"Feature","properties":{"コード":4640433,"name":"長島町指江","所在":"鹿児島県","所管":"地方公共団体"},"geometry":{"type":"Point","coordinates":[130.12,32.16]}},{"type":"Feature","properties":{"コード":4640434,"name":"長島町伊唐島","所在":"鹿児島県","所管":"地方公共団体"},"geometry":{"type":"Point","coordinates":[130.21,32.22]}},{"type":"Feature","properties":{"コード":4645232,"name":"湧水町栗野","所在":"鹿児島県","所管":"地方公共団体"},"geometry":{"type":"Point","coordinates":[130.72,31.95]}},{"type":"Feature","properties":{"コード":4645233,"name":"湧水町吉松","所在":"鹿児島県","所管":"地方公共団体"},"geometry":{"type":"Point","coordinates":[130.74,32.01]}},{"type":"Feature","properties":{"コード":4620300,"name":"鹿屋市新栄町","所在":"鹿児島県","所管":"気象庁"},"geometry":{"type":"Point","coordinates":[130.85,31.38]}},{"type":"Feature","properties":{"コード":4620320,"name":"鹿屋市札元","所在":"鹿児島県","所管":"防災科学技術研究所"},"geometry":{"type":"Point","coordinates":[130.87,31.4]}},{"type":"Feature","properties":{"コード":4620334,"name":"鹿屋市輝北町上百引","所在":"鹿児島県","所管":"地方公共団体"},"geometry":{"type":"Point","coordinates":[130.86,31.55]}},{"type":"Feature","properties":{"コード":4620335,"name":"鹿屋市吾平町麓","所在":"鹿児島県","所管":"地方公共団体"},"geometry":{"type":"Point","coordinates":[130.9,31.33]}},{"type":"Feature","properties":{"コード":4620336,"name":"鹿屋市串良町岡崎","所在":"鹿児島県","所管":"地方公共団体"},"geometry":{"type":"Point","coordinates":[130.96,31.39]}},{"type":"Feature","properties":{"コード":4621420,"name":"垂水市田神","所在":"鹿児島県","所管":"防災科学技術研究所"},"geometry":{"type":"Point","coordinates":[130.7,31.5]}},{"type":"Feature","properties":{"コード":4621720,"name":"曽於市大隅町中之内","所在":"鹿児島県","所管":"防災科学技術研究所"},"geometry":{"type":"Point","coordinates":[130.99,31.6]}},{"type":"Feature","properties":{"コード":4621731,"name":"曽於市末吉町二之方","所在":"鹿児島県","所管":"地方公共団体"},"geometry":{"type":"Point","coordinates":[131.02,31.65]}},{"type":"Feature","properties":{"コード":4621733,"name":"曽於市財部町南俣","所在":"鹿児島県","所管":"地方公共団体"},"geometry":{"type":"Point","coordinates":[130.99,31.73]}},{"type":"Feature","properties":{"コード":4622100,"name":"志布志市志布志町志布志","所在":"鹿児島県","所管":"気象庁"},"geometry":{"type":"Point","coordinates":[131.1,31.48]}},{"type":"Feature","properties":{"コード":4622130,"name":"志布志市松山町新橋","所在":"鹿児島県","所管":"地方公共団体"},"geometry":{"type":"Point","coordinates":[131.04,31.58]}},{"type":"Feature","properties":{"コード":4622131,"name":"志布志市有明町野井倉","所在":"鹿児島県","所管":"地方公共団体"},"geometry":{"type":"Point","coordinates":[131.05,31.5]}},{"type":"Feature","properties":{"コード":4646820,"name":"大崎町仮宿","所在":"鹿児島県","所管":"防災科学技術研究所"},"geometry":{"type":"Point","coordinates":[131.01,31.43]}},{"type":"Feature","properties":{"コード":4648231,"name":"東串良町川西","所在":"鹿児島県","所管":"地方公共団体"},"geometry":{"type":"Point","coordinates":[130.97,31.39]}},{"type":"Feature","properties":{"コード":4649000,"name":"錦江町田代麓","所在":"鹿児島県","所管":"気象庁"},"geometry":{"type":"Point","coordinates":[130.92,31.17]}},{"type":"Feature","properties":{"コード":4649020,"name":"錦江町田代支所","所在":"鹿児島県","所管":"防災科学技術研究所"},"geometry":{"type":"Point","coordinates":[130.85,31.2]}},{"type":"Feature","properties":{"コード":4649031,"name":"錦江町城元","所在":"鹿児島県","所管":"地方公共団体"},"geometry":{"type":"Point","coordinates":[130.79,31.24]}},{"type":"Feature","properties":{"コード":4649120,"name":"南大隅町佐多伊座敷","所在":"鹿児島県","所管":"防災科学技術研究所"},"geometry":{"type":"Point","coordinates":[130.7,31.09]}},{"type":"Feature","properties":{"コード":4649132,"name":"南大隅町根占","所在":"鹿児島県","所管":"地方公共団体"},"geometry":{"type":"Point","coordinates":[130.77,31.22]}},{"type":"Feature","properties":{"コード":4649220,"name":"肝付町北方","所在":"鹿児島県","所管":"防災科学技術研究所"},"geometry":{"type":"Point","coordinates":[131.05,31.28]}},{"type":"Feature","properties":{"コード":4649231,"name":"肝付町新富","所在":"鹿児島県","所管":"地方公共団体"},"geometry":{"type":"Point","coordinates":[130.95,31.34]}},{"type":"Feature","properties":{"コード":4630401,"name":"鹿児島十島村中之島徳之尾","所在":"鹿児島県","所管":"気象庁"},"geometry":{"type":"Point","coordinates":[129.87,29.84]}},{"type":"Feature","properties":{"コード":4630439,"name":"鹿児島十島村平島","所在":"鹿児島県","所管":"地方公共団体"},"geometry":{"type":"Point","coordinates":[129.53,29.69]}},{"type":"Feature","properties":{"コード":4630443,"name":"鹿児島十島村宝島","所在":"鹿児島県","所管":"地方公共団体"},"geometry":{"type":"Point","coordinates":[129.2,29.15]}},{"type":"Feature","properties":{"コード":4630444,"name":"鹿児島十島村口之島出張所","所在":"鹿児島県","所管":"地方公共団体"},"geometry":{"type":"Point","coordinates":[129.92,29.99]}},{"type":"Feature","properties":{"コード":4630445,"name":"鹿児島十島村中之島出張所","所在":"鹿児島県","所管":"地方公共団体"},"geometry":{"type":"Point","coordinates":[129.85,29.84]}},{"type":"Feature","properties":{"コード":4630446,"name":"鹿児島十島村諏訪之瀬島","所在":"鹿児島県","所管":"地方公共団体"},"geometry":{"type":"Point","coordinates":[129.7,29.61]}},{"type":"Feature","properties":{"コード":4630447,"name":"鹿児島十島村悪石島","所在":"鹿児島県","所管":"地方公共団体"},"geometry":{"type":"Point","coordinates":[129.6,29.45]}},{"type":"Feature","properties":{"コード":4630448,"name":"鹿児島十島村小宝島","所在":"鹿児島県","所管":"地方公共団体"},"geometry":{"type":"Point","coordinates":[129.33,29.22]}},{"type":"Feature","properties":{"コード":4621501,"name":"薩摩川内市下甑町青瀬","所在":"鹿児島県","所管":"気象庁"},"geometry":{"type":"Point","coordinates":[129.71,31.68]}},{"type":"Feature","properties":{"コード":4621521,"name":"薩摩川内市下甑町手打","所在":"鹿児島県","所管":"防災科学技術研究所"},"geometry":{"type":"Point","coordinates":[129.71,31.64]}},{"type":"Feature","properties":{"コード":4621522,"name":"薩摩川内市上甑町","所在":"鹿児島県","所管":"防災科学技術研究所"},"geometry":{"type":"Point","coordinates":[129.87,31.84]}},{"type":"Feature","properties":{"コード":4621534,"name":"薩摩川内市里町","所在":"鹿児島県","所管":"地方公共団体"},"geometry":{"type":"Point","coordinates":[129.92,31.84]}},{"type":"Feature","properties":{"コード":4621535,"name":"薩摩川内市鹿島町","所在":"鹿児島県","所管":"地方公共団体"},"geometry":{"type":"Point","coordinates":[129.79,31.78]}},{"type":"Feature","properties":{"コード":4621301,"name":"西之表市住吉","所在":"鹿児島県","所管":"気象庁"},"geometry":{"type":"Point","coordinates":[130.98,30.66]}},{"type":"Feature","properties":{"コード":4621302,"name":"西之表市西之表","所在":"鹿児島県","所管":"気象庁"},"geometry":{"type":"Point","coordinates":[130.98,30.72]}},{"type":"Feature","properties":{"コード":4621320,"name":"西之表市役所","所在":"鹿児島県","所管":"防災科学技術研究所"},"geometry":{"type":"Point","coordinates":[131,30.73]}},{"type":"Feature","properties":{"コード":4630333,"name":"三島村硫黄島","所在":"鹿児島県","所管":"地方公共団体"},"geometry":{"type":"Point","coordinates":[130.28,30.78]}},{"type":"Feature","properties":{"コード":4630334,"name":"三島村竹島","所在":"鹿児島県","所管":"地方公共団体"},"geometry":{"type":"Point","coordinates":[130.42,30.81]}},{"type":"Feature","properties":{"コード":4630335,"name":"三島村黒島","所在":"鹿児島県","所管":"地方公共団体"},"geometry":{"type":"Point","coordinates":[129.91,30.83]}},{"type":"Feature","properties":{"コード":4650120,"name":"中種子町野間","所在":"鹿児島県","所管":"防災科学技術研究所"},"geometry":{"type":"Point","coordinates":[130.96,30.52]}},{"type":"Feature","properties":{"コード":4650200,"name":"南種子町中之下","所在":"鹿児島県","所管":"気象庁"},"geometry":{"type":"Point","coordinates":[130.9,30.4]}},{"type":"Feature","properties":{"コード":4650220,"name":"南種子町西之","所在":"鹿児島県","所管":"防災科学技術研究所"},"geometry":{"type":"Point","coordinates":[130.88,30.35]}},{"type":"Feature","properties":{"コード":4650231,"name":"南種子町中之上","所在":"鹿児島県","所管":"地方公共団体"},"geometry":{"type":"Point","coordinates":[130.9,30.41]}},{"type":"Feature","properties":{"コード":4650500,"name":"屋久島町小瀬田","所在":"鹿児島県","所管":"気象庁"},"geometry":{"type":"Point","coordinates":[130.66,30.38]}},{"type":"Feature","properties":{"コード":4650501,"name":"屋久島町口永良部島池田","所在":"鹿児島県","所管":"気象庁"},"geometry":{"type":"Point","coordinates":[130.19,30.47]}},{"type":"Feature","properties":{"コード":4650502,"name":"屋久島町平内","所在":"鹿児島県","所管":"気象庁"},"geometry":{"type":"Point","coordinates":[130.51,30.24]}},{"type":"Feature","properties":{"コード":4650521,"name":"屋久島町尾之間","所在":"鹿児島県","所管":"防災科学技術研究所"},"geometry":{"type":"Point","coordinates":[130.56,30.24]}},{"type":"Feature","properties":{"コード":4650522,"name":"屋久島町宮之浦","所在":"鹿児島県","所管":"防災科学技術研究所"},"geometry":{"type":"Point","coordinates":[130.58,30.42]}},{"type":"Feature","properties":{"コード":4650531,"name":"屋久島町口永良部島公民館","所在":"鹿児島県","所管":"地方公共団体"},"geometry":{"type":"Point","coordinates":[130.19,30.47]}},{"type":"Feature","properties":{"コード":4622221,"name":"奄美市笠利町里","所在":"鹿児島県","所管":"防災科学技術研究所"},"geometry":{"type":"Point","coordinates":[129.68,28.45]}},{"type":"Feature","properties":{"コード":4622235,"name":"奄美市住用町西仲間","所在":"鹿児島県","所管":"地方公共団体"},"geometry":{"type":"Point","coordinates":[129.41,28.27]}},{"type":"Feature","properties":{"コード":4622236,"name":"奄美市名瀬幸町","所在":"鹿児島県","所管":"地方公共団体"},"geometry":{"type":"Point","coordinates":[129.49,28.38]}},{"type":"Feature","properties":{"コード":4652320,"name":"大和村思勝","所在":"鹿児島県","所管":"防災科学技術研究所"},"geometry":{"type":"Point","coordinates":[129.39,28.36]}},{"type":"Feature","properties":{"コード":4652431,"name":"宇検村湯湾","所在":"鹿児島県","所管":"地方公共団体"},"geometry":{"type":"Point","coordinates":[129.3,28.28]}},{"type":"Feature","properties":{"コード":4652500,"name":"瀬戸内町西古見","所在":"鹿児島県","所管":"気象庁"},"geometry":{"type":"Point","coordinates":[129.18,28.24]}},{"type":"Feature","properties":{"コード":4652520,"name":"瀬戸内町古仁屋","所在":"鹿児島県","所管":"防災科学技術研究所"},"geometry":{"type":"Point","coordinates":[129.32,28.14]}},{"type":"Feature","properties":{"コード":4652531,"name":"瀬戸内町請島","所在":"鹿児島県","所管":"地方公共団体"},"geometry":{"type":"Point","coordinates":[129.23,28.03]}},{"type":"Feature","properties":{"コード":4652533,"name":"瀬戸内町加計呂麻島","所在":"鹿児島県","所管":"地方公共団体"},"geometry":{"type":"Point","coordinates":[129.25,28.12]}},{"type":"Feature","properties":{"コード":4652534,"name":"瀬戸内町与路島","所在":"鹿児島県","所管":"地方公共団体"},"geometry":{"type":"Point","coordinates":[129.16,28.04]}},{"type":"Feature","properties":{"コード":4652700,"name":"龍郷町屋入","所在":"鹿児島県","所管":"気象庁"},"geometry":{"type":"Point","coordinates":[129.6,28.42]}},{"type":"Feature","properties":{"コード":4652731,"name":"龍郷町浦","所在":"鹿児島県","所管":"地方公共団体"},"geometry":{"type":"Point","coordinates":[129.59,28.41]}},{"type":"Feature","properties":{"コード":4652900,"name":"喜界町滝川","所在":"鹿児島県","所管":"気象庁"},"geometry":{"type":"Point","coordinates":[129.97,28.32]}},{"type":"Feature","properties":{"コード":4652931,"name":"喜界町湾","所在":"鹿児島県","所管":"地方公共団体"},"geometry":{"type":"Point","coordinates":[129.94,28.32]}},{"type":"Feature","properties":{"コード":4653033,"name":"徳之島町亀津","所在":"鹿児島県","所管":"地方公共団体"},"geometry":{"type":"Point","coordinates":[129.02,27.73]}},{"type":"Feature","properties":{"コード":4653100,"name":"天城町当部","所在":"鹿児島県","所管":"気象庁"},"geometry":{"type":"Point","coordinates":[128.95,27.79]}},{"type":"Feature","properties":{"コード":4653131,"name":"天城町平土野","所在":"鹿児島県","所管":"地方公共団体"},"geometry":{"type":"Point","coordinates":[128.9,27.81]}},{"type":"Feature","properties":{"コード":4653220,"name":"伊仙町伊仙","所在":"鹿児島県","所管":"防災科学技術研究所"},"geometry":{"type":"Point","coordinates":[128.94,27.69]}},{"type":"Feature","properties":{"コード":4653300,"name":"和泊町国頭","所在":"鹿児島県","所管":"気象庁"},"geometry":{"type":"Point","coordinates":[128.7,27.43]}},{"type":"Feature","properties":{"コード":4653332,"name":"和泊町和泊","所在":"鹿児島県","所管":"地方公共団体"},"geometry":{"type":"Point","coordinates":[128.66,27.39]}},{"type":"Feature","properties":{"コード":4653400,"name":"知名町瀬利覚","所在":"鹿児島県","所管":"気象庁"},"geometry":{"type":"Point","coordinates":[128.57,27.36]}},{"type":"Feature","properties":{"コード":4653420,"name":"知名町知名","所在":"鹿児島県","所管":"防災科学技術研究所"},"geometry":{"type":"Point","coordinates":[128.57,27.33]}},{"type":"Feature","properties":{"コード":4653500,"name":"与論町麦屋","所在":"鹿児島県","所管":"気象庁"},"geometry":{"type":"Point","coordinates":[128.45,27.02]}},{"type":"Feature","properties":{"コード":4653520,"name":"与論町茶花","所在":"鹿児島県","所管":"防災科学技術研究所"},"geometry":{"type":"Point","coordinates":[128.42,27.05]}},{"type":"Feature","properties":{"コード":4720900,"name":"名護市宮里","所在":"沖縄県","所管":"気象庁"},"geometry":{"type":"Point","coordinates":[127.97,26.59]}},{"type":"Feature","properties":{"コード":4720901,"name":"名護市豊原","所在":"沖縄県","所管":"気象庁"},"geometry":{"type":"Point","coordinates":[128.02,26.52]}},{"type":"Feature","properties":{"コード":4720920,"name":"名護市港","所在":"沖縄県","所管":"防災科学技術研究所"},"geometry":{"type":"Point","coordinates":[127.98,26.59]}},{"type":"Feature","properties":{"コード":4730100,"name":"国頭村奥","所在":"沖縄県","所管":"気象庁"},"geometry":{"type":"Point","coordinates":[128.27,26.84]}},{"type":"Feature","properties":{"コード":4730120,"name":"国頭村辺土名","所在":"沖縄県","所管":"防災科学技術研究所"},"geometry":{"type":"Point","coordinates":[128.17,26.74]}},{"type":"Feature","properties":{"コード":4730233,"name":"大宜味村大兼久","所在":"沖縄県","所管":"地方公共団体"},"geometry":{"type":"Point","coordinates":[128.12,26.7]}},{"type":"Feature","properties":{"コード":4730330,"name":"東村平良","所在":"沖縄県","所管":"地方公共団体"},"geometry":{"type":"Point","coordinates":[128.16,26.63]}},{"type":"Feature","properties":{"コード":4730631,"name":"今帰仁村仲宗根","所在":"沖縄県","所管":"地方公共団体"},"geometry":{"type":"Point","coordinates":[127.97,26.68]}},{"type":"Feature","properties":{"コード":4730832,"name":"本部町役場","所在":"沖縄県","所管":"地方公共団体"},"geometry":{"type":"Point","coordinates":[127.9,26.66]}},{"type":"Feature","properties":{"コード":4731131,"name":"恩納村恩納","所在":"沖縄県","所管":"地方公共団体"},"geometry":{"type":"Point","coordinates":[127.85,26.5]}},{"type":"Feature","properties":{"コード":4731330,"name":"宜野座村宜野座","所在":"沖縄県","所管":"地方公共団体"},"geometry":{"type":"Point","coordinates":[127.98,26.48]}},{"type":"Feature","properties":{"コード":4731430,"name":"金武町金武","所在":"沖縄県","所管":"地方公共団体"},"geometry":{"type":"Point","coordinates":[127.93,26.46]}},{"type":"Feature","properties":{"コード":4731530,"name":"伊江村東江前","所在":"沖縄県","所管":"地方公共団体"},"geometry":{"type":"Point","coordinates":[127.81,26.71]}},{"type":"Feature","properties":{"コード":4735501,"name":"粟国村浜","所在":"沖縄県","所管":"気象庁"},"geometry":{"type":"Point","coordinates":[127.24,26.59]}},{"type":"Feature","properties":{"コード":4735532,"name":"粟国村役場","所在":"沖縄県","所管":"地方公共団体"},"geometry":{"type":"Point","coordinates":[127.23,26.58]}},{"type":"Feature","properties":{"コード":4735900,"name":"伊平屋村我喜屋","所在":"沖縄県","所管":"気象庁"},"geometry":{"type":"Point","coordinates":[127.97,27.04]}},{"type":"Feature","properties":{"コード":4735930,"name":"伊平屋村役場","所在":"沖縄県","所管":"地方公共団体"},"geometry":{"type":"Point","coordinates":[127.97,27.04]}},{"type":"Feature","properties":{"コード":4736032,"name":"伊是名村仲田","所在":"沖縄県","所管":"地方公共団体"},"geometry":{"type":"Point","coordinates":[127.94,26.92]}},{"type":"Feature","properties":{"コード":4720100,"name":"那覇市樋川","所在":"沖縄県","所管":"気象庁"},"geometry":{"type":"Point","coordinates":[127.69,26.21]}},{"type":"Feature","properties":{"コード":4720101,"name":"那覇空港","所在":"沖縄県","所管":"気象庁"},"geometry":{"type":"Point","coordinates":[127.65,26.2]}},{"type":"Feature","properties":{"コード":4720120,"name":"那覇市港町","所在":"沖縄県","所管":"防災科学技術研究所"},"geometry":{"type":"Point","coordinates":[127.68,26.24]}},{"type":"Feature","properties":{"コード":4720531,"name":"宜野湾市野嵩","所在":"沖縄県","所管":"地方公共団体"},"geometry":{"type":"Point","coordinates":[127.78,26.28]}},{"type":"Feature","properties":{"コード":4720830,"name":"浦添市安波茶","所在":"沖縄県","所管":"地方公共団体"},"geometry":{"type":"Point","coordinates":[127.72,26.25]}},{"type":"Feature","properties":{"コード":4721031,"name":"糸満市潮崎町","所在":"沖縄県","所管":"地方公共団体"},"geometry":{"type":"Point","coordinates":[127.67,26.12]}},{"type":"Feature","properties":{"コード":4721131,"name":"沖縄市美里","所在":"沖縄県","所管":"地方公共団体"},"geometry":{"type":"Point","coordinates":[127.81,26.35]}},{"type":"Feature","properties":{"コード":4721233,"name":"豊見城市宜保","所在":"沖縄県","所管":"地方公共団体"},"geometry":{"type":"Point","coordinates":[127.68,26.18]}},{"type":"Feature","properties":{"コード":4721320,"name":"うるま市みどり町","所在":"沖縄県","所管":"防災科学技術研究所"},"geometry":{"type":"Point","coordinates":[127.86,26.38]}},{"type":"Feature","properties":{"コード":4721333,"name":"うるま市石川石崎","所在":"沖縄県","所管":"地方公共団体"},"geometry":{"type":"Point","coordinates":[127.83,26.43]}},{"type":"Feature","properties":{"コード":4721334,"name":"うるま市与那城平安座","所在":"沖縄県","所管":"地方公共団体"},"geometry":{"type":"Point","coordinates":[127.96,26.34]}},{"type":"Feature","properties":{"コード":4721336,"name":"うるま市勝連平安名","所在":"沖縄県","所管":"地方公共団体"},"geometry":{"type":"Point","coordinates":[127.89,26.32]}},{"type":"Feature","properties":{"コード":4721502,"name":"南城市玉城字玉城","所在":"沖縄県","所管":"気象庁"},"geometry":{"type":"Point","coordinates":[127.78,26.14]}},{"type":"Feature","properties":{"コード":4721520,"name":"南城市知念久手堅","所在":"沖縄県","所管":"防災科学技術研究所"},"geometry":{"type":"Point","coordinates":[127.83,26.17]}},{"type":"Feature","properties":{"コード":4721533,"name":"南城市佐敷字佐敷","所在":"沖縄県","所管":"地方公共団体"},"geometry":{"type":"Point","coordinates":[127.79,26.17]}},{"type":"Feature","properties":{"コード":4721534,"name":"南城市大里仲間","所在":"沖縄県","所管":"地方公共団体"},"geometry":{"type":"Point","coordinates":[127.75,26.18]}},{"type":"Feature","properties":{"コード":4721535,"name":"南城市佐敷字新里","所在":"沖縄県","所管":"地方公共団体"},"geometry":{"type":"Point","coordinates":[127.77,26.16]}},{"type":"Feature","properties":{"コード":4732401,"name":"読谷村座喜味","所在":"沖縄県","所管":"気象庁"},"geometry":{"type":"Point","coordinates":[127.74,26.4]}},{"type":"Feature","properties":{"コード":4732530,"name":"嘉手納町嘉手納","所在":"沖縄県","所管":"地方公共団体"},"geometry":{"type":"Point","coordinates":[127.76,26.36]}},{"type":"Feature","properties":{"コード":4732630,"name":"北谷町桑江","所在":"沖縄県","所管":"地方公共団体"},"geometry":{"type":"Point","coordinates":[127.76,26.32]}},{"type":"Feature","properties":{"コード":4732731,"name":"北中城村喜舎場","所在":"沖縄県","所管":"地方公共団体"},"geometry":{"type":"Point","coordinates":[127.79,26.3]}},{"type":"Feature","properties":{"コード":4732831,"name":"中城村当間","所在":"沖縄県","所管":"地方公共団体"},"geometry":{"type":"Point","coordinates":[127.79,26.26]}},{"type":"Feature","properties":{"コード":4732931,"name":"西原町与那城","所在":"沖縄県","所管":"地方公共団体"},"geometry":{"type":"Point","coordinates":[127.76,26.22]}},{"type":"Feature","properties":{"コード":4734833,"name":"与那原町上与那原","所在":"沖縄県","所管":"地方公共団体"},"geometry":{"type":"Point","coordinates":[127.75,26.2]}},{"type":"Feature","properties":{"コード":4735030,"name":"南風原町兼城","所在":"沖縄県","所管":"地方公共団体"},"geometry":{"type":"Point","coordinates":[127.73,26.19]}},{"type":"Feature","properties":{"コード":4735332,"name":"渡嘉敷村渡嘉敷","所在":"沖縄県","所管":"地方公共団体"},"geometry":{"type":"Point","coordinates":[127.36,26.2]}},{"type":"Feature","properties":{"コード":4735433,"name":"座間味村座間味","所在":"沖縄県","所管":"地方公共団体"},"geometry":{"type":"Point","coordinates":[127.3,26.23]}},{"type":"Feature","properties":{"コード":4735630,"name":"渡名喜村渡名喜","所在":"沖縄県","所管":"地方公共団体"},"geometry":{"type":"Point","coordinates":[127.14,26.37]}},{"type":"Feature","properties":{"コード":4736232,"name":"八重瀬町具志頭","所在":"沖縄県","所管":"地方公共団体"},"geometry":{"type":"Point","coordinates":[127.74,26.12]}},{"type":"Feature","properties":{"コード":4736233,"name":"八重瀬町東風平","所在":"沖縄県","所管":"地方公共団体"},"geometry":{"type":"Point","coordinates":[127.72,26.16]}},{"type":"Feature","properties":{"コード":4736101,"name":"久米島町山城","所在":"沖縄県","所管":"気象庁"},"geometry":{"type":"Point","coordinates":[126.78,26.33]}},{"type":"Feature","properties":{"コード":4736102,"name":"久米島町謝名堂","所在":"沖縄県","所管":"気象庁"},"geometry":{"type":"Point","coordinates":[126.81,26.34]}},{"type":"Feature","properties":{"コード":4736120,"name":"久米島町仲泊","所在":"沖縄県","所管":"防災科学技術研究所"},"geometry":{"type":"Point","coordinates":[126.75,26.35]}},{"type":"Feature","properties":{"コード":4736130,"name":"久米島町比嘉","所在":"沖縄県","所管":"地方公共団体"},"geometry":{"type":"Point","coordinates":[126.81,26.34]}},{"type":"Feature","properties":{"コード":4735700,"name":"南大東村在所","所在":"沖縄県","所管":"気象庁"},"geometry":{"type":"Point","coordinates":[131.23,25.83]}},{"type":"Feature","properties":{"コード":4735701,"name":"南大東村池之沢","所在":"沖縄県","所管":"気象庁"},"geometry":{"type":"Point","coordinates":[131.22,25.82]}},{"type":"Feature","properties":{"コード":4735730,"name":"南大東村役場","所在":"沖縄県","所管":"地方公共団体"},"geometry":{"type":"Point","coordinates":[131.23,25.83]}},{"type":"Feature","properties":{"コード":4735800,"name":"北大東村黄金山","所在":"沖縄県","所管":"気象庁"},"geometry":{"type":"Point","coordinates":[131.3,25.95]}},{"type":"Feature","properties":{"コード":4735831,"name":"北大東村中野","所在":"沖縄県","所管":"地方公共団体"},"geometry":{"type":"Point","coordinates":[131.31,25.95]}},{"type":"Feature","properties":{"コード":4721400,"name":"宮古島市平良下里","所在":"沖縄県","所管":"気象庁"},"geometry":{"type":"Point","coordinates":[125.28,24.79]}},{"type":"Feature","properties":{"コード":4721402,"name":"宮古島市城辺福北","所在":"沖縄県","所管":"気象庁"},"geometry":{"type":"Point","coordinates":[125.4,24.76]}},{"type":"Feature","properties":{"コード":4721403,"name":"宮古島市平良池間","所在":"沖縄県","所管":"気象庁"},"geometry":{"type":"Point","coordinates":[125.25,24.92]}},{"type":"Feature","properties":{"コード":4721405,"name":"宮古島市上野新里","所在":"沖縄県","所管":"気象庁"},"geometry":{"type":"Point","coordinates":[125.33,24.74]}},{"type":"Feature","properties":{"コード":4721406,"name":"宮古島市伊良部前里添","所在":"沖縄県","所管":"気象庁"},"geometry":{"type":"Point","coordinates":[125.19,24.83]}},{"type":"Feature","properties":{"コード":4721420,"name":"宮古島市平良狩俣","所在":"沖縄県","所管":"防災科学技術研究所"},"geometry":{"type":"Point","coordinates":[125.3,24.85]}},{"type":"Feature","properties":{"コード":4721421,"name":"宮古島市城辺福西","所在":"沖縄県","所管":"防災科学技術研究所"},"geometry":{"type":"Point","coordinates":[125.39,24.76]}},{"type":"Feature","properties":{"コード":4721435,"name":"宮古島市下地","所在":"沖縄県","所管":"地方公共団体"},"geometry":{"type":"Point","coordinates":[125.27,24.75]}},{"type":"Feature","properties":{"コード":4721436,"name":"宮古島市上野支所","所在":"沖縄県","所管":"地方公共団体"},"geometry":{"type":"Point","coordinates":[125.32,24.74]}},{"type":"Feature","properties":{"コード":4721438,"name":"宮古島市平良西里","所在":"沖縄県","所管":"地方公共団体"},"geometry":{"type":"Point","coordinates":[125.29,24.79]}},{"type":"Feature","properties":{"コード":4721439,"name":"宮古島市下地島空港","所在":"沖縄県","所管":"地方公共団体"},"geometry":{"type":"Point","coordinates":[125.15,24.83]}},{"type":"Feature","properties":{"コード":4737500,"name":"多良間村塩川","所在":"沖縄県","所管":"気象庁"},"geometry":{"type":"Point","coordinates":[124.71,24.64]}},{"type":"Feature","properties":{"コード":4737530,"name":"多良間村仲筋","所在":"沖縄県","所管":"地方公共団体"},"geometry":{"type":"Point","coordinates":[124.7,24.67]}},{"type":"Feature","properties":{"コード":4720700,"name":"石垣市登野城","所在":"沖縄県","所管":"気象庁"},"geometry":{"type":"Point","coordinates":[124.16,24.34]}},{"type":"Feature","properties":{"コード":4720701,"name":"石垣市新川","所在":"沖縄県","所管":"気象庁"},"geometry":{"type":"Point","coordinates":[124.14,24.37]}},{"type":"Feature","properties":{"コード":4720702,"name":"石垣市平久保","所在":"沖縄県","所管":"気象庁"},"geometry":{"type":"Point","coordinates":[124.31,24.59]}},{"type":"Feature","properties":{"コード":4720720,"name":"石垣市新栄町","所在":"沖縄県","所管":"防災科学技術研究所"},"geometry":{"type":"Point","coordinates":[124.15,24.34]}},{"type":"Feature","properties":{"コード":4720721,"name":"石垣市伊原間","所在":"沖縄県","所管":"防災科学技術研究所"},"geometry":{"type":"Point","coordinates":[124.28,24.51]}},{"type":"Feature","properties":{"コード":4720731,"name":"石垣市真栄里","所在":"沖縄県","所管":"地方公共団体"},"geometry":{"type":"Point","coordinates":[124.18,24.34]}},{"type":"Feature","properties":{"コード":4738200,"name":"与那国町祖納","所在":"沖縄県","所管":"気象庁"},"geometry":{"type":"Point","coordinates":[123.01,24.47]}},{"type":"Feature","properties":{"コード":4738202,"name":"与那国町久部良","所在":"沖縄県","所管":"気象庁"},"geometry":{"type":"Point","coordinates":[122.95,24.45]}},{"type":"Feature","properties":{"コード":4738230,"name":"与那国町役場","所在":"沖縄県","所管":"地方公共団体"},"geometry":{"type":"Point","coordinates":[123,24.47]}},{"type":"Feature","properties":{"コード":4738104,"name":"竹富町大原","所在":"沖縄県","所管":"気象庁"},"geometry":{"type":"Point","coordinates":[123.88,24.27]}},{"type":"Feature","properties":{"コード":4738105,"name":"竹富町黒島","所在":"沖縄県","所管":"気象庁"},"geometry":{"type":"Point","coordinates":[124.01,24.24]}},{"type":"Feature","properties":{"コード":4738111,"name":"竹富町波照間","所在":"沖縄県","所管":"気象庁"},"geometry":{"type":"Point","coordinates":[123.78,24.06]}},{"type":"Feature","properties":{"コード":4738112,"name":"竹富町上原小学校","所在":"沖縄県","所管":"気象庁"},"geometry":{"type":"Point","coordinates":[123.79,24.42]}},{"type":"Feature","properties":{"コード":4738120,"name":"竹富町上原青年会館","所在":"沖縄県","所管":"防災科学技術研究所"},"geometry":{"type":"Point","coordinates":[123.78,24.43]}}]}